image_name,raw_brightness,enhanced_brightness,raw_contrast,enhanced_contrast,raw_sharpness,enhanced_sharpness
vid_000002_frame0000013.jpg,91.4908487654321,112.93703206380208,22.633059772155587,29.373131005701,2554.71123171719,12544.130901593482
vid_000002_frame0000014.jpg,88.59265174897119,109.00357564290364,22.300260914321793,29.016172830993273,2514.444798842057,12253.62040218315
vid_000002_frame0000015.jpg,85.84908436213992,108.09368896484375,22.14377768376727,29.466372553414892,2645.198693272509,13033.066526118433
vid_000002_frame0000016.jpg,83.4899794238683,105.97561645507812,22.043826118857506,29.44116906025972,2728.2455630738814,13149.887881109258
vid_000002_frame0000017.jpg,82.73939814814815,105.28291320800781,21.95337484127953,28.929928938105,2652.106082807261,13059.891355901724
vid_000002_frame0000018.jpg,83.16365997942387,104.16998291015625,22.341165428769862,29.871070437058286,2697.6269481523755,13669.677637787303
vid_000002_frame0000019.jpg,83.88179783950618,106.66808573404948,22.48279078860799,28.921589334339153,2681.8762267982684,12514.735120273195
vid_000002_frame0000020.jpg,83.94730967078189,105.09356180826823,23.105666681199764,29.960387965759082,2773.2300113623587,13597.707259595394
vid_000002_frame0000021.jpg,84.38189814814815,106.16851806640625,23.439436723775973,29.595007427216906,2752.2296057050544,13187.132064900361
vid_000002_frame0000022.jpg,84.70256687242798,104.3175048828125,24.257281915364178,31.016503653984266,2794.11282748146,14374.965027599595
vid_000002_frame0000023.jpg,86.91531378600823,107.73974609375,25.126174891234697,31.01427248705064,2736.099089002248,13975.415337662911
vid_000003_frame0000001.jpg,84.5808024691358,104.19054158528645,22.355617769547344,30.92928558573136,2721.643350300009,15214.00915299356
vid_000003_frame0000002.jpg,84.77397890946501,106.85240681966145,22.12625115296121,29.064460859194853,2607.462310030328,12930.798160008155
vid_000003_frame0000003.jpg,84.46815072016462,105.9135030110677,22.44361783465731,30.009838019746567,2753.3943867052944,13904.020197435282
vid_000003_frame0000004.jpg,84.76090534979424,106.55448404947917,22.257123620433052,29.44204263197732,2637.4182376828394,13557.082681185566
vid_000003_frame0000005.jpg,85.55156635802469,106.84909057617188,22.528659282320113,29.553189060912167,2754.7818153747044,13654.684054239653
vid_000003_frame0000006.jpg,86.2623353909465,108.87209574381511,22.44924126176822,29.83845143024065,2636.8593539930557,13650.626933171414
vid_000003_frame0000007.jpg,87.9189017489712,109.51953125,22.96079891373137,29.909228435339664,2667.1416541914336,13291.9435973668
vid_000003_frame0000008.jpg,88.31012088477367,110.24191792805989,22.81308533689092,29.679204626538343,2570.997103151196,12840.195660426281
vid_000003_frame0000010.jpg,86.67522890946502,109.2654520670573,22.115099202366746,28.374974909845115,2575.2079042694877,12316.017363219522
vid_000003_frame0000011.jpg,85.69088477366255,108.02786254882812,21.972090139582743,27.80621558295124,2655.351320826664,12081.605338363908
vid_000003_frame0000012.jpg,85.26149434156379,107.40692647298177,21.686156899255444,27.895214087576843,2678.6145947139707,12068.635600984097
vid_000003_frame0000013.jpg,84.50127572016461,107.71180725097656,21.71201056313131,27.55262314902539,2622.892195095486,11871.941610404989
vid_000003_frame0000014.jpg,84.20125,106.62143961588542,22.233214584086276,27.808961153799828,2630.8874388850786,11901.701029080665
vid_000003_frame0000015.jpg,85.14036522633745,107.57863871256511,22.227288410248583,28.019481254789884,2666.933507277854,11817.142942631384
vid_000003_frame0000016.jpg,85.77237654320987,108.80377705891927,22.357309046681635,27.659776886693276,2615.2831498599085,11586.525395697914
vid_000003_frame0000017.jpg,87.31283950617284,110.13267008463542,22.73847437350017,27.94887211102087,2650.0695858309873,11688.654313197127
vid_000003_frame0000018.jpg,88.17645318930042,110.40611267089844,22.88684779582342,28.2682341687227,2561.0758367567355,11692.575020648306
vid_000003_frame0000019.jpg,87.93162294238684,110.17161560058594,22.83838747320717,28.083932556764342,2543.603651746828,11466.021200439893
vid_000003_frame0000020.jpg,87.39066615226338,109.29176839192708,23.064540659238656,28.395986271406652,2471.985401576968,11723.897122338181
vid_000003_frame0000021.jpg,86.94855709876543,109.59340413411458,23.19588374834198,28.091187603882226,2581.5038038692173,11558.610353883123
vid_000003_frame0000022.jpg,86.1743492798354,107.5778096516927,23.366789197725165,28.860166114752776,2679.3882675920568,12143.050338884583
vid_000003_frame0000023.jpg,85.29172067901234,107.57171122233073,22.713389444415096,28.55949598131893,2661.3266698444763,12450.556474525249
vid_000004_frame0000010.jpg,84.80773148148148,106.86576843261719,22.248471022925127,29.38522048472876,2663.713905904147,12964.573276459938
vid_000004_frame0000011.jpg,85.14139660493827,107.24927266438802,22.303422117983406,28.801879990640096,2735.745706399498,12705.01714140526
vid_000004_frame0000012.jpg,84.73274691358024,106.44086201985677,22.360780551173924,29.777874400401306,2731.441071901196,13609.520637392765
vid_000004_frame0000013.jpg,84.46302983539094,104.95604451497395,22.275622216698796,29.839104246197913,2682.4306188185274,13409.879286668962
vid_000004_frame0000014.jpg,83.85506172839506,104.61366271972656,22.502207849981335,30.252052088652693,2711.327132473077,13826.307615365833
vid_000004_frame0000015.jpg,84.3262037037037,106.44617716471355,22.093652273296048,29.500525556872685,2725.3854981138547,13743.943945146166
vid_000004_frame0000016.jpg,84.36262602880659,105.76088460286458,22.137543915580626,30.006624864201495,2679.1007865073916,14354.756644949317
vid_000004_frame0000017.jpg,85.15723508230452,106.74350992838542,22.43249124474955,29.677562046077202,2734.497016574979,13881.465665125987
vid_000004_frame0000018.jpg,85.44681841563786,105.51773579915364,22.560292125160586,30.49721428122142,2721.033042569492,14648.763255748665
vid_000005_frame0000007.jpg,81.66405349794239,104.77526346842448,21.743185632037378,27.7267475038471,2762.1301635650048,11691.796745465836
vid_000005_frame0000008.jpg,83.08322273662552,104.65009053548177,22.1952189037636,29.181071037801033,2798.6872494164745,13008.409462336218
vid_000005_frame0000009.jpg,84.96991255144033,108.09172058105469,22.19859125708064,28.41401407931761,2672.197255014896,12047.997240841156
vid_000005_frame0000010.jpg,86.45033179012346,107.86172993977864,22.51169865378453,29.064843316743335,2589.816678274975,12437.991745425155
vid_000005_frame0000011.jpg,87.76219393004115,109.77670288085938,22.76982876702579,29.189820446964223,2714.8965744455277,12465.997753508156
vid_000005_frame0000012.jpg,86.81904835390947,108.18581644694011,22.759204901233808,29.252428834738573,2743.182498170951,12665.234315006994
vid_000020_frame0000002.jpg,71.95605195473252,96.67722066243489,24.068430502662572,27.678790681589934,3088.7329619850616,11928.137119233608
vid_000020_frame0000003.jpg,72.98850823045268,97.7386474609375,24.421622588031223,27.967959342468415,3023.4812813994986,12027.96564668417
vid_000020_frame0000004.jpg,73.70303497942386,97.88509114583333,24.693730378519298,28.153407779597885,2970.9535306048524,11634.664483156055
vid_000021_frame0000001.jpg,79.92782150205761,102.43955993652344,30.644813799324986,32.23000169391063,2921.8796232472187,11624.882510827621
vid_000021_frame0000007.jpg,80.27722222222222,104.03145853678386,30.43178137396154,31.941895696218168,2881.822517990719,11050.993587374454
vid_000021_frame0000010.jpg,80.3330066872428,103.37725830078125,30.672991901077005,31.826250762798765,2964.9280337276496,11204.986962422729
vid_000021_frame0000013.jpg,81.24178755144032,104.80992126464844,30.466546083218457,32.05990394300111,2898.7790421495743,11021.247648682212
vid_000021_frame0000015.jpg,81.62056069958848,105.86258951822917,30.500936403597766,32.01322248336858,2870.4193917561515,11077.323256041855
vid_000021_frame0000016.jpg,81.50824074074075,105.90638224283855,30.470257186914164,32.27810830886387,2788.9100775024767,11275.911820590263
vid_000021_frame0000017.jpg,82.43457304526748,106.49464925130208,30.532914830357655,32.29076026515402,2854.479946552009,11153.6126304192
vid_000021_frame0000018.jpg,82.54819958847736,105.88600667317708,30.561721631201426,32.35651365237429,2799.7683993436,11207.051280944608
vid_000021_frame0000019.jpg,83.2430529835391,106.8865254720052,30.486074147286654,32.016108939163935,2755.1624830574965,10792.425680126995
vid_000021_frame0000020.jpg,82.81101594650205,106.13894144694011,30.48396170684506,32.2537392934131,2827.1776236877354,11129.765035804361
vid_000021_frame0000021.jpg,82.89084619341564,106.95150756835938,30.453441434756936,32.06584400275585,2862.433887831266,11107.247593369335
vid_000021_frame0000022.jpg,82.42452932098766,105.13257344563802,30.534676513997482,32.39331522242738,2823.0483832866557,11355.169517934322
vid_000021_frame0000023.jpg,83.02213220164609,105.94655863444011,30.520273930001974,32.57605904748214,2825.3368406111877,11430.328769601649
vid_000021_frame0000024.jpg,83.0845396090535,106.76243082682292,30.499757819131855,32.8107610231049,2813.086652719669,11506.885704392334
vid_000021_frame0000025.jpg,83.68541666666667,107.58849589029948,30.44001722137325,32.47274202636919,2826.9659078682275,11187.288796461886
vid_000021_frame0000026.jpg,83.38239711934156,107.78117370605469,30.555736982874034,32.54803832443514,2808.5948360324624,11433.445410456508
vid_000021_frame0000027.jpg,83.54352109053498,106.86464436848958,30.499287145907292,32.43241858524531,2848.7564122920953,10995.42302688118
vid_000021_frame0000028.jpg,83.17211934156379,106.50238037109375,30.63385715430505,32.920705211990786,2861.8454907163905,11564.657003260218
vid_000021_frame0000029.jpg,83.65317901234567,107.30546569824219,30.504697711770117,32.682266635004574,2785.9864252314815,11036.106897854945
vid_000021_frame0000030.jpg,83.4884927983539,106.77292378743489,30.562390587245556,33.145826109559536,2859.8070493055557,11725.66058551427
vid_000021_frame0000031.jpg,84.04103652263375,107.529541015625,30.56802760032417,32.92765634380685,2786.7173216542355,11295.798749096459
vid_000021_frame0000032.jpg,83.80154320987654,107.91926574707031,30.649245213975572,33.09469884621425,2882.6481360367484,11770.769034064375
vid_000021_frame0000033.jpg,83.95630401234568,107.91308085123698,30.469443923146443,32.36891175110117,2831.4816161370222,11386.01085538324
vid_000021_frame0000034.jpg,83.32138117283951,106.87869771321614,30.473039484732084,32.18402069441109,2874.1022846864403,11076.19451656565
vid_000021_frame0000035.jpg,83.21945987654321,107.06705729166667,30.322106369572847,31.81079448066109,2775.8429353373626,10565.834205347812
vid_000022_frame0000013.jpg,94.50921553497942,114.52574157714844,33.6107723039527,35.311241228967305,2727.8072249413553,11484.56361787743
vid_000022_frame0000014.jpg,94.18514403292181,114.38075764973958,33.80528776606306,35.625526003685174,2775.6649400791016,11661.110818845918
vid_000022_frame0000015.jpg,94.9547170781893,115.2388916015625,33.8794719289022,35.57071671688065,2716.30169883777,11215.541274785064
vid_000022_frame0000016.jpg,94.67656893004116,115.09918212890625,33.82131128557105,35.630919700490914,2716.415596448474,11425.135517334333
vid_000022_frame0000017.jpg,94.58687242798354,114.87712097167969,33.69519058885283,35.44565734560501,2736.121119427238,11120.82669352647
vid_000022_frame0000029.jpg,90.6975848765432,111.65644836425781,32.52069677062615,34.36765633891309,2731.3954434365355,11172.075567586115
vid_000022_frame0000030.jpg,90.44530606995885,110.92112731933594,32.33181192064495,34.41553318140613,2893.312129486502,11358.77120064199
vid_000022_frame0000033.jpg,89.39460133744856,109.80427551269531,32.27311708830096,33.91916571625816,2808.2031680678797,11667.596012856811
vid_000022_frame0000040.jpg,87.46962705761317,108.12448120117188,31.669181321773486,33.24034658832644,2880.3871819120563,11762.371703252196
vid_000022_frame0000041.jpg,87.25733281893004,108.31387837727864,31.508019040774357,33.22426818022253,2839.85622085048,11568.650873776525
vid_000022_frame0000042.jpg,87.33809156378601,108.2003682454427,31.510473872060725,33.21110601792805,2863.964059212046,11845.382485957583
vid_000022_frame0000043.jpg,87.2553086419753,107.92767333984375,31.423931972700434,33.691407798527486,2840.433401808449,12076.844317492098
vid_000022_frame0000044.jpg,87.14376543209876,107.91843159993489,31.344611022351337,33.37661787915102,2784.843116740909,11971.287410928868
vid_000023_frame0000010.jpg,94.97656121399177,115.06894938151042,34.05721815628988,35.69163015021399,2669.7935320216047,11282.972475469112
vid_000023_frame0000011.jpg,95.5313683127572,115.76201883951823,34.252926695720035,36.298407711102996,2631.1056460985724,11181.932823083363
vid_000023_frame0000012.jpg,95.60467849794239,114.69998677571614,34.449438619789625,36.284647112077614,2659.82581431089,11598.638837331673
vid_000023_frame0000013.jpg,95.76236625514403,115.26282755533855,34.40599371708505,36.23475530915278,2704.241099054784,11545.352843760513
vid_000023_frame0000014.jpg,95.49123971193416,114.92029825846355,34.39864039934132,36.23635341316547,2641.6561662465706,11645.281182601815
vid_000023_frame0000015.jpg,94.77120113168725,114.26690673828125,34.34059193538924,35.707109793842434,2633.1293803578324,11163.316447011195
vid_000023_frame0000016.jpg,93.60868827160493,113.17115783691406,34.39503853090941,35.491867306406675,2748.0870787750887,11093.926657452248
vid_000023_frame0000017.jpg,92.3582304526749,112.29572041829427,34.24021080789536,35.29593758547922,2664.533396433232,10799.438044663519
vid_000023_frame0000018.jpg,90.59731995884773,110.87273661295573,34.48965863107609,35.34341085968725,2762.8191135535744,11210.470312114572
vid_000023_frame0000019.jpg,89.53724022633745,111.67906697591145,34.19994731117802,35.74150598223533,2803.6391976022496,10858.052302255994
vid_000024_frame0000015.jpg,92.10768261316872,112.63145955403645,31.29852925898929,33.509165429284614,2791.3323226008206,11371.549350208603
vid_000024_frame0000024.jpg,97.43862911522633,117.17429606119792,32.624951225438465,34.652900791081926,2627.606627474613,11319.672682303702
vid_000024_frame0000030.jpg,97.29602880658436,116.35228474934895,32.49421451624853,34.8577253286023,2630.7684297405476,12239.007049318403
vid_000024_frame0000031.jpg,96.90904320987654,116.76620992024739,32.24793990469621,34.592270924555024,2593.6178432993615,11260.144472520566
vid_000024_frame0000032.jpg,95.89026748971193,115.37362162272136,32.29602516871073,34.54809710788626,2660.1954488806373,11653.356860384345
vid_000024_frame0000033.jpg,95.13292695473251,114.78114318847656,32.22384127753626,34.156976369102814,2636.662652872085,11408.840442700079
vid_000025_frame0000007.jpg,87.93531378600824,109.80998229980469,31.18716840466808,32.91186932428968,2707.0510353214063,10420.569987712195
vid_000025_frame0000008.jpg,88.49115740740741,110.13967895507812,31.414533427884674,32.906096060168224,2813.767163869599,10856.295200647553
vid_000025_frame0000009.jpg,88.84790380658436,110.63183085123698,31.393520011999822,33.29275166483503,2736.2481303116906,10616.981671035057
vid_000025_frame0000010.jpg,88.41586676954732,109.58073425292969,31.32226541118031,33.103305262486515,2845.209312722908,10927.182126939297
vid_000025_frame0000011.jpg,88.65850051440329,110.21239217122395,31.464781344155142,32.913318339041524,2806.1343163365314,10955.605188131332
vid_000025_frame0000012.jpg,88.27235082304527,109.73543294270833,31.279233354203512,32.845188352455274,2809.8591203441138,10918.453946924768
vid_000025_frame0000013.jpg,87.98626543209876,110.07818603515625,30.984423964951063,32.71943182412825,2714.100334670246,10684.919001588365
vid_000025_frame0000014.jpg,87.02425411522634,109.3226826985677,30.915542527385576,32.63868805182792,2785.7188879881473,10954.597711875802
vid_000025_frame0000015.jpg,87.12302726337448,109.43914794921875,30.738838276565986,32.41677654801976,2821.1718535779014,10936.529669985175
vid_000025_frame0000016.jpg,86.58926183127572,107.61683146158855,30.75185974871259,32.273571173764154,2812.8991503338266,11409.481942362152
vid_000025_frame0000017.jpg,86.47182613168724,108.69255065917969,30.595692972301944,32.42434373520941,2880.404207761536,11064.767904873937
vid_000025_frame0000018.jpg,86.04362397119341,107.68440246582031,30.560134046446716,32.46601824274948,2879.698585619332,10947.064767866395
vid_000025_frame0000019.jpg,86.31925154320987,108.99218241373698,30.854868518129972,32.92199990771264,2801.1289212560487,10656.883291695034
vid_000026_frame0000003.jpg,83.97566872427984,106.42321268717448,31.59605227081594,32.27698696663206,2960.4215342647367,11042.61789523065
vid_000026_frame0000004.jpg,85.17135802469136,107.1849873860677,31.853175956663087,32.299488510693365,2932.132679277585,11407.440445150947
vid_000026_frame0000005.jpg,86.66260802469135,108.10121154785156,31.81983003288459,32.49468708071456,2986.5249528148697,11666.32556119468
vid_000026_frame0000006.jpg,86.77734567901234,108.02848815917969,31.739261301661642,32.40403071930101,2983.4708645184974,12069.790645834059
vid_000026_frame0000007.jpg,87.23642232510288,108.82797749837239,31.678843533695183,32.385952349772076,2874.056192028654,11646.677427105373
vid_000026_frame0000008.jpg,89.59633744855967,111.10942077636719,32.4058325378394,33.03574162271485,2916.3353460209955,11830.912900116295
vid_000026_frame0000009.jpg,97.36107767489712,118.4706319173177,33.80568201947092,34.18909635592699,2659.8876524319253,11089.928802490234
vid_000026_frame0000010.jpg,100.83211419753087,120.31154886881511,34.046855023497756,35.014960711652996,2638.0881415142508,10968.204594552517
vid_000026_frame0000011.jpg,104.48399691358024,124.5741475423177,34.02810810228166,35.70107345300216,2474.799647718943,10608.814976162976
vid_000026_frame0000012.jpg,104.38124742798354,124.43945821126302,33.833892574096886,36.25447474928804,2523.274166358025,11455.293786143651
vid_000026_frame0000013.jpg,105.22406635802469,125.14091491699219,34.1862099711128,36.24217058555917,2495.7059725534878,11225.296108230948
vid_000026_frame0000014.jpg,105.95345164609053,125.52882385253906,34.65407184431096,37.233279213217024,2523.954858003198,11485.176737066358
vid_000026_frame0000015.jpg,101.4187757201646,121.54302978515625,33.93493172069115,36.13981181982669,2570.8019087770062,10993.03290054854
vid_000026_frame0000016.jpg,94.86302469135802,115.85418192545573,33.43121828587136,35.139643541822714,2576.3808951750875,10630.097430876456
vid_000026_frame0000017.jpg,92.6574408436214,114.11873372395833,33.663237684962176,35.47528536006886,2695.720076174495,10440.145199326565
vid_000026_frame0000018.jpg,95.9431712962963,116.40571594238281,34.75776053061206,35.945041686052505,2660.535379628677,10797.320782161318
vid_000026_frame0000019.jpg,100.13345936213992,120.2352294921875,35.16980267770606,36.45003535868184,2499.572689214618,10726.508087976836
vid_000026_frame0000020.jpg,103.57921810699588,122.59718831380208,35.92750230704033,37.20324933792947,2467.23746508196,10977.251953876577
vid_000026_frame0000021.jpg,104.01877829218107,122.92653910319011,35.5509418990075,36.94259575730949,2474.9011410598614,11348.373697664589
vid_000027_frame0000047.jpg,108.053125,127.23406982421875,27.96864351041295,33.774159323754816,2426.585338634485,11883.502664936474
vid_000027_frame0000048.jpg,108.91881430041153,128.88748677571616,28.078352874364377,33.99528456469681,2463.3779362067876,12034.56137280818
vid_000027_frame0000049.jpg,108.28649691358025,128.51122029622397,28.156918701325914,33.250195590944614,2427.135678703704,11515.572218984133
vid_000027_frame0000056.jpg,103.61153034979424,123.19679768880208,28.041706139307877,32.70386977819539,2588.227729552469,12170.701400756836
vid_000027_frame0000068.jpg,104.23992026748971,124.74978129069011,27.538342377847812,32.81020139290353,2547.29777004738,11930.024956403067
vid_000027_frame0000069.jpg,104.4269341563786,126.06535339355469,27.289198236570485,33.04951425094382,2544.270340894526,11839.35839446541
vid_000027_frame0000070.jpg,103.5373225308642,123.41878255208333,27.122609432346962,31.98183586214013,2551.1574514859944,11641.452193304664
vid_000027_frame0000071.jpg,101.57501028806584,121.46470642089844,27.301932071849077,31.978684406926114,2582.456036674811,11744.96380932792
vid_000027_frame0000072.jpg,100.71566615226338,120.91224161783855,27.59079139864915,32.30177758401934,2588.2573416092723,12006.355654012179
vid_000028_frame0000001.jpg,90.69263117283951,113.06331888834636,25.75675951514403,30.475956908673158,2559.8729521202467,10450.787841185927
vid_000028_frame0000002.jpg,90.99095164609054,113.65064493815105,25.71937470079161,30.3130619543444,2540.5010768032103,10327.020813278621
vid_000028_frame0000003.jpg,91.22259516460905,114.02965799967448,25.64641599820892,30.504324189725473,2517.9237513473913,10066.382476662984
vid_000028_frame0000004.jpg,91.13754372427984,113.84129842122395,25.572602083089684,30.675937207230803,2567.0086897361657,10386.693006820045
vid_000028_frame0000005.jpg,90.39652263374485,114.15833536783855,25.22826300736595,30.543483652257457,2522.5877125340553,10224.682353301905
vid_000028_frame0000006.jpg,90.19106224279835,112.69326273600261,24.98876671192804,30.406533415568973,2504.9839730450294,10298.158661987633
vid_000028_frame0000007.jpg,91.10712962962963,114.00937398274739,24.959219508405965,30.41793035162269,2562.9325317571993,10366.34504076629
vid_000028_frame0000008.jpg,90.77217078189301,113.5315450032552,24.74181302884598,30.401399616839512,2607.9631156433375,10515.97093789815
vid_000028_frame0000009.jpg,90.13459362139918,113.57318623860677,24.449501934500518,29.92793969041338,2514.4915462191357,10325.105553095927
vid_000028_frame0000010.jpg,90.2172633744856,113.24096171061198,24.34376020305076,29.730290864710824,2474.683998475306,10461.898713967763
vid_000028_frame0000011.jpg,90.79033950617284,113.53652954101562,24.267952039284893,29.840041017345335,2530.1150735701494,10621.194255854934
vid_000028_frame0000012.jpg,90.21736368312757,112.59661356608073,24.138742134925295,29.772332094549565,2535.165913351385,10902.832765968284
vid_000028_frame0000013.jpg,89.51012088477366,112.27452087402344,23.847683140906806,29.34054924192875,2484.788391956019,10530.211973514408
vid_000028_frame0000014.jpg,89.04217335390946,113.25469970703125,23.621558771492015,29.638324785813527,2590.409730450532,10965.223316058517
vid_000028_frame0000015.jpg,89.43845679012345,112.82410685221355,23.229454249677172,28.90766442055815,2530.4983020573754,10748.115311621688
vid_000028_frame0000016.jpg,88.80114969135802,112.51484680175781,23.009466275584558,28.830517404944374,2539.2712315538192,10984.114576961845
vid_000028_frame0000017.jpg,88.45962705761318,112.00799560546875,22.718162855377752,28.43188165572245,2577.649468926231,10912.003758467501
vid_000028_frame0000018.jpg,87.68974794238683,110.32504272460938,22.581661339368544,28.214635612359878,2621.800229040686,11384.831563143991
vid_000028_frame0000019.jpg,88.26561471193416,111.59928894042969,22.536903703865672,28.136541485030822,2569.2491089243613,10990.15956011042
vid_000028_frame0000020.jpg,88.29076903292182,111.21621195475261,22.457512082722463,28.39286558112574,2587.12287422786,11227.099412882468
vid_000028_frame0000021.jpg,87.82983281893004,110.97069803873698,22.358950008816198,27.97135915431466,2590.3805408492776,11319.82339569088
vid_000028_frame0000022.jpg,86.54593878600824,109.7861836751302,22.24365710946041,28.045430483537842,2631.4943955073063,11216.963983306428
vid_000028_frame0000023.jpg,87.17319187242798,110.56918334960938,22.096404283281522,27.898994915183202,2603.4854192348726,11228.079198941588
vid_000028_frame0000024.jpg,87.24049897119342,110.29703267415364,22.280060720700607,28.216993699964878,2692.8894377855418,11666.047523363493
vid_000028_frame0000025.jpg,87.70734053497942,110.93463134765625,22.266374277883713,28.237963596985093,2688.549203530748,11611.709329484962
vid_000028_frame0000026.jpg,88.34048868312757,110.94012451171875,22.41853951898921,28.08946043275158,2638.028998126655,11446.753760900116
vid_000028_frame0000027.jpg,89.95023148148148,112.4782002766927,22.83126021155317,28.63839071458595,2649.786379776747,11725.79397895094
vid_000028_frame0000028.jpg,91.46558127572017,114.01397705078125,23.265328446816525,29.054605711883976,2597.647889564698,11579.409831728786
vid_000028_frame0000029.jpg,93.20686985596708,115.09373982747395,23.50180166954321,29.209902359796306,2498.161079672437,11048.70090857055
vid_000028_frame0000030.jpg,93.94624485596708,116.06200663248698,24.013985471898916,29.491647611395912,2562.289293766194,11277.862986943685
vid_000028_frame0000031.jpg,93.82646090534979,115.42165629069011,24.131400565158376,29.461526493618337,2487.870123788057,11250.996798718115
vid_000028_frame0000032.jpg,93.62672067901235,115.48875427246094,24.43271733633842,29.90366299544808,2546.650440986452,11508.620897434419
vid_000028_frame0000033.jpg,93.8347505144033,115.64044698079427,24.5873955571225,30.28092228017128,2539.8964338262435,11364.316746707773
vid_000028_frame0000034.jpg,93.72532407407408,114.78943888346355,24.909403141466715,30.58491337609499,2530.491629271453,11539.042894737562
vid_000028_frame0000035.jpg,93.67736368312757,115.02293395996094,24.81493400215513,30.701391622273782,2515.489552469136,11477.85923873051
vid_000028_frame0000036.jpg,94.37611368312757,116.57806905110677,24.94092262359783,30.736187215392636,2494.350647366481,11362.69572894182
vid_000028_frame0000037.jpg,94.52442901234568,115.66217549641927,25.18522382077174,30.98229401268892,2515.9257408833923,11483.279761193087
vid_000028_frame0000038.jpg,94.03925925925925,114.93982950846355,25.50404716262745,30.975625263567796,2532.6242574916528,11948.195963010192
vid_000028_frame0000039.jpg,93.06406121399176,114.50621541341145,25.843615408352868,30.654833769553356,2514.5595157578277,11034.30197963654
vid_000028_frame0000040.jpg,93.30761316872427,114.67743428548177,26.068434562071964,30.513239771210845,2586.4376180984223,10739.13980817399
vid_000028_frame0000041.jpg,93.34150205761317,114.48709106445312,26.200999961421147,30.63246574380817,2552.181904706254,11101.658368825912
vid_000028_frame0000042.jpg,92.744375,115.33856709798177,26.09921198523667,30.663874259732964,2480.454345626083,10453.19881080091
vid_000028_frame0000043.jpg,91.28065072016462,115.15266418457031,24.828010306304833,30.3184214497022,2566.202462229403,10569.348437484354
vid_000029_frame0000012.jpg,80.19480709876544,104.17325337727864,28.448217528415814,31.45734593367286,2592.9221571344283,10065.135257229209
vid_000029_frame0000013.jpg,81.51305041152263,105.84559122721355,28.264182307249907,31.4869177124794,2581.1903152949244,10351.106966062449
vid_000029_frame0000014.jpg,83.32601594650205,106.95136006673177,28.496894678159226,31.537362670705736,2584.9924468364197,10515.803643024527
vid_000029_frame0000015.jpg,85.36022633744857,108.84950764973958,28.315817304459944,30.533669589466925,2407.4107516927083,9999.259644936537
vid_000029_frame0000016.jpg,85.33701646090535,109.32277425130208,28.525034311224225,30.579523588653217,2513.3540755729287,10548.710640057921
vid_000029_frame0000017.jpg,85.50481224279835,108.96830240885417,28.925741584703324,30.840944560636803,2535.598947016223,10639.461712822318
vid_000029_frame0000018.jpg,85.66381172839506,108.83370971679688,28.81008923709414,30.823314349472117,2513.5328477280523,10957.677190866321
vid_000030_frame0000001.jpg,94.1528420781893,117.79350280761719,29.541060754007706,31.21561107684341,2516.1922646599583,10151.725804521702
vid_000030_frame0000002.jpg,94.42479423868313,117.950439453125,29.482657200037895,31.072816959958157,2495.7019315555463,10027.704810350202
vid_000030_frame0000003.jpg,91.75636574074075,115.67247009277344,29.497000124061913,30.84359941834721,2507.1889555469825,10048.465342541924
vid_000030_frame0000004.jpg,87.19297067901235,111.1790262858073,29.67502496128426,30.709976128837702,2621.626998159341,10438.596078037284
vid_000030_frame0000005.jpg,83.42794238683128,107.46988423665364,30.647246318019164,29.935960335600164,2612.8532937240416,9966.111710220343
vid_000030_frame0000006.jpg,84.81656378600823,108.2886250813802,30.804084029961732,30.051230508647773,2606.799807224449,9906.953835949302
vid_000030_frame0000007.jpg,86.17531121399178,110.06991577148438,30.51324231906321,29.75740578315087,2520.2765735781863,10030.326186800143
vid_000030_frame0000008.jpg,87.62597479423869,111.27031962076823,29.89967302870793,29.887853462609733,2514.962553150184,9858.452395959757
vid_000030_frame0000009.jpg,89.99175925925925,113.42844136555989,29.39951112019812,29.63384399101984,2518.830787491367,9945.424374780618
vid_000030_frame0000010.jpg,91.20025462962963,114.61737060546875,28.630356677743897,29.762622158577578,2536.9088929683335,10125.281768664718
vid_000030_frame0000011.jpg,90.76481481481481,113.74732462565105,28.590248716538394,29.84816888171526,2568.507945487481,10187.553008999676
vid_000030_frame0000012.jpg,89.60936728395062,112.94779459635417,28.742413719281995,29.839334363607172,2562.5130618846215,10230.121036225697
vid_000030_frame0000013.jpg,89.10624228395062,112.54369608561198,28.795247648971145,29.772083333879607,2555.896027663406,10421.07760715112
vid_000030_frame0000014.jpg,87.04134002057613,110.62227884928386,28.92762771861127,29.794436847714895,2558.8204861939275,10103.893950961297
vid_000030_frame0000016.jpg,85.90931841563786,109.31312561035156,29.034030154187867,29.465174408612302,2600.8843974788883,10143.82546832785
vid_000030_frame0000017.jpg,86.32716820987655,109.52170817057292,29.244534777587212,29.36303669475659,2714.6781781550076,10476.42162945657
vid_000030_frame0000018.jpg,86.13171553497942,108.95866394042969,29.154985655446403,29.533773200690554,2726.2589206961,10582.7680000877
vid_000030_frame0000019.jpg,86.7403755144033,109.94199625651042,29.14033312917965,29.490296445762805,2650.2693385450007,10338.499317828333
vid_000030_frame0000020.jpg,86.72741255144032,110.1300760904948,29.02711715697974,29.44789404895304,2613.9162101551187,10310.100936088478
vid_000030_frame0000021.jpg,87.57925925925926,110.51197814941406,28.903410058876272,28.924638523267166,2583.6834271161383,10054.906974256039
vid_000031_frame0000011.jpg,78.87092849794239,102.55222574869792,24.783344842791887,26.334169116636673,2828.863646944064,10783.354525506496
vid_000031_frame0000012.jpg,78.35921553497943,102.36043802897136,24.873141713615556,26.821089885116773,2842.5587339891376,11105.68071053829
vid_000031_frame0000013.jpg,78.89371399176954,102.67483011881511,24.75087446167888,26.37427996473213,2802.5953056660564,10972.636065777391
vid_000031_frame0000014.jpg,78.31131172839507,102.15509541829427,24.96984649902194,26.612925069190958,2765.405753762229,11061.115637745475
vid_000031_frame0000015.jpg,78.68433127572017,102.70794677734375,24.972189024106168,26.79555374232532,2751.4855310784733,11043.14652871713
vid_000031_frame0000016.jpg,78.43976594650206,101.92775472005208,25.048237073709885,27.131692961553654,2781.4306200271963,11456.850234872662
vid_000031_frame0000017.jpg,79.33817386831275,103.25272115071614,25.164078653592167,27.024644699295695,2829.6854399833655,11399.723114512628
vid_000031_frame0000018.jpg,80.22291923868313,103.85239664713542,25.452152033259114,27.145834009485426,2714.101408489559,11199.063602209091
vid_000031_frame0000019.jpg,81.78530092592592,105.59469095865886,25.752143873496326,26.943539503485134,2699.1148153286817,10971.506862535141
vid_000031_frame0000020.jpg,83.77621399176955,107.65670267740886,26.4479788150771,27.782124768287336,2646.104704271452,11143.043125940254
vid_000031_frame0000021.jpg,86.19158950617285,109.57689921061198,27.03198820016236,28.268322192076184,2578.3668499228397,10845.715810015565
vid_000031_frame0000022.jpg,86.08766718106996,109.08367411295573,27.580785514354375,28.394677192331102,2506.4763761993213,10749.036082241451
vid_000031_frame0000023.jpg,86.13061985596708,109.26881408691406,27.75587902868279,28.79918586734298,2452.564658650489,10235.119194412371
vid_000031_frame0000024.jpg,85.23289866255143,108.04959106445312,28.32451750073063,28.521958886235307,2464.0602244698193,10211.284403442405
vid_000031_frame0000025.jpg,87.18966049382716,109.96130879720052,29.044369192284755,29.675939247461336,2410.5150097350224,10197.32675475534
vid_000031_frame0000026.jpg,89.29897890946502,111.41189575195312,29.86491073132977,30.13750326889658,2410.060226305953,10309.663707848638
vid_000031_frame0000027.jpg,91.05559927983539,113.74417114257812,31.016778659484284,31.99435647791974,2349.570373828244,9820.550075435778
vid_000031_frame0000028.jpg,84.33085390946502,108.21193949381511,30.589353877942823,31.17225058622286,2498.808812970584,9481.095194842666
vid_000031_frame0000029.jpg,82.91373971193416,107.77374267578125,30.26237235515219,31.536934582241685,2627.738877874705,9621.4043507108
vid_000031_frame0000030.jpg,82.35637860082305,106.04484049479167,31.95093904112597,32.70895871244884,2595.2622417004245,9585.969811856747
vid_000031_frame0000031.jpg,81.41635288065844,105.87040201822917,31.330146427616434,32.038711326377,2574.7227423122904,9265.628266449785
vid_000031_frame0000032.jpg,80.30799125514403,104.6520487467448,31.459261083988302,32.04581689339205,2627.540497460789,9558.111999233952
vid_000031_frame0000033.jpg,79.86941615226337,104.57679748535156,31.249028920198754,32.24690791127579,2626.4453626013924,9397.719528991496
vid_000031_frame0000034.jpg,89.79211934156379,114.73314412434895,33.85224021123404,35.83661728633952,2664.7487339115005,11302.592414996587
vid_000031_frame0000035.jpg,82.84809670781893,108.13309733072917,32.96767834269681,36.48235860474039,3012.172915133935,11892.806582357734
vid_000031_frame0000036.jpg,81.6350257201646,107.37364705403645,32.99559795039752,36.561159298399474,3052.747207540235,11913.59131520614
vid_000031_frame0000037.jpg,84.90104166666667,109.95765686035156,33.73698665355659,36.59426416456135,2906.2791919560186,11756.646533356747
vid_000031_frame0000038.jpg,87.32872427983538,112.0482889811198,34.24066416299712,36.8948014912304,2843.7498063266244,11949.75736784935
vid_000031_frame0000039.jpg,88.30502572016461,112.05911254882812,35.53924863974954,38.18219986226311,2865.2780434039687,11880.325628861785
vid_000031_frame0000040.jpg,86.52858024691358,109.54019165039062,35.67627915120685,38.01266538836053,2877.220831482851,12171.51520765922
vid_000031_frame0000041.jpg,84.45747685185185,106.80504862467448,36.0575385006849,37.82446387037595,2868.97686779621,11583.61262667831
vid_000031_frame0000042.jpg,82.19277520576132,104.77596537272136,36.88513048072524,38.43351407832273,2898.9623662536555,11663.008826478384
vid_000031_frame0000043.jpg,81.83295781893004,103.49934387207031,39.75971408850239,44.661646845487084,3170.692897839506,15572.942346334457
vid_000031_frame0000044.jpg,75.41440843621399,98.930908203125,39.708018429306584,44.931755676100124,3665.596882286844,17420.658088138094
vid_000031_frame0000045.jpg,74.04668981481481,97.4175313313802,40.44444290038,45.391965882475915,3696.3553395061726,17322.551342058694
vid_000031_frame0000046.jpg,73.89597222222223,96.55844624837239,41.19508180160835,46.09907435230035,3107.5427372470253,15071.850732862018
vid_000031_frame0000047.jpg,70.27955504115226,93.25956217447917,39.39297763487712,41.75759471552627,3440.62794940534,13888.615719570778
vid_000031_frame0000048.jpg,71.93178240740741,94.59102376302083,39.2784723360715,40.46041863938998,3159.361601641744,11916.083936980926
vid_000031_frame0000049.jpg,74.82092592592592,97.38275655110677,39.8746869431403,40.44422000169253,2929.651647529912,11816.463850732893
vid_000031_frame0000050.jpg,77.2894598765432,98.55293273925781,42.192186063674434,45.81575793074906,3484.3341048332472,16650.840458020568
vid_000032_frame0000006.jpg,101.73358281893005,116.36933898925781,45.38071571515578,46.98865309562818,3047.3181657976584,16967.492851549527
vid_000032_frame0000007.jpg,99.59052211934156,114.43558247884114,45.00827267562989,48.19339585981472,2947.608820395554,18556.34178251028
vid_000032_frame0000008.jpg,99.57200617283951,113.86500040690105,44.98844856639851,49.411118615000454,2991.8603624180173,20404.07664072863
vid_000032_frame0000009.jpg,100.62609567901235,115.64703369140625,45.20415600639066,48.66574926078014,2793.4805576745516,17176.88945801533
vid_000032_frame0000010.jpg,99.84282407407407,114.77015686035156,43.1571411799132,48.43550370856667,2950.837817824074,20127.348769959062
vid_000034_frame0000005.jpg,95.18854681069959,114.56558227539062,38.948943286369996,44.361422006533076,2878.0025892698686,17170.77852838859
vid_000034_frame0000006.jpg,94.62694444444445,113.74095153808594,39.02032038051119,43.94976362890513,2802.5506418371815,16542.991691707633
vid_000034_frame0000007.jpg,94.65736625514403,113.16975402832031,40.16400994310054,44.071817998577636,2870.623698395288,16147.653354129754
vid_000034_frame0000008.jpg,94.25947273662551,112.56191507975261,41.24494945424603,44.407572698341056,2801.103353748476,15982.450522973202
vid_000034_frame0000009.jpg,94.480591563786,111.48658752441406,42.01811415986309,43.056447711947214,2696.7644148641116,14174.102997537702
vid_000034_frame0000010.jpg,93.18971193415638,109.97043863932292,41.469002282771896,42.65371146944652,2931.5662829855755,15239.407937075943
vid_000034_frame0000011.jpg,93.58738940329218,110.76444498697917,41.402405100085865,42.29570703966988,2942.302641350821,15540.057002034038
vid_000034_frame0000012.jpg,93.35670010288065,111.27881876627605,41.264707817092564,42.38097716557493,2912.3630515374343,15843.35297324881
vid_000034_frame0000013.jpg,93.00571759259259,111.73109944661458,40.746678595794414,41.56638133442076,2961.751089883402,14776.187639858574
vid_000034_frame0000014.jpg,92.90403806584362,110.58120727539062,40.075324450147114,40.91309042895788,2969.6847462057394,16033.62818799913
vid_000034_frame0000015.jpg,93.20119855967079,111.05104064941406,39.352182429160656,40.26444244686446,2940.527014356615,15283.087196308887
vid_000034_frame0000016.jpg,92.41511059670782,111.34247334798177,37.80203926232065,39.334824651823624,2910.734400805363,15099.484738405794
vid_000034_frame0000017.jpg,91.95496141975309,111.29573567708333,37.130542371115496,38.95446275567317,2929.194892851164,14084.575059918454
vid_000035_frame0000001.jpg,98.6576646090535,117.71690877278645,40.6626874305265,54.46909100714676,3734.9909274117417,29558.366572059458
vid_000035_frame0000008.jpg,107.27908693415638,122.77035522460938,41.54656485591563,59.436980034603934,3359.886275925926,32295.46559714689
vid_000035_frame0000021.jpg,98.71552211934156,118.499267578125,41.58691232291143,60.42068199664847,3912.9132442200485,36115.46019708738
vid_000035_frame0000031.jpg,104.33276234567901,121.46506754557292,42.248360570173475,61.226940815924756,3339.0247092973036,32707.83224776294
vid_000035_frame0000032.jpg,108.03626028806585,122.86360677083333,39.48964073418453,62.673582377710446,3255.0253893146405,37184.46054172423
vid_000035_frame0000033.jpg,109.75092592592593,124.20174153645833,36.58188752685453,60.524679824828816,3201.7903822396906,35425.056205301546
vid_000035_frame0000034.jpg,109.25771862139918,125.25305684407552,32.76891528556968,58.43837335815966,3211.857995415857,35923.246168360114
vid_000035_frame0000035.jpg,109.36075102880659,126.58752950032552,31.384692978352057,54.678527989140576,2955.0075066514614,29762.290955027333
vid_000035_frame0000036.jpg,109.68710390946502,126.99041748046875,29.5193011132987,49.320729851033235,2644.4753984195795,24652.757098913193
vid_000035_frame0000037.jpg,108.27711934156379,126.26071675618489,28.586102161077072,48.575817763678344,3042.91297354818,26991.824347020825
vid_000035_frame0000048.jpg,113.77658693415638,128.92956034342447,29.007251854694562,50.2667990409327,3170.8849724041684,31038.506534602493
vid_000035_frame0000049.jpg,113.84132201646091,129.8834431966146,28.734485280631134,48.83767307606128,3052.12129612459,27632.21330990549
vid_000035_frame0000052.jpg,116.54485853909465,131.30203755696616,30.02634832407278,50.547551248845,2711.9420767982683,25718.46575397253
vid_000035_frame0000053.jpg,114.6238091563786,128.5867462158203,31.252979454617428,55.82221632217841,3513.9806127823863,38203.507494380465
vid_000035_frame0000054.jpg,112.1416383744856,127.17498779296875,30.898381964357252,55.26326566998411,3465.8282715361133,36382.948779758066
vid_000035_frame0000068.jpg,109.30352880658437,125.5866190592448,31.786322421807146,56.398424553000154,3324.5448257694616,34036.448114073835
vid_000035_frame0000069.jpg,106.54558127572017,124.86918640136719,31.55734509338814,56.60427545029269,3268.914167418982,35294.37925571203
vid_000035_frame0000070.jpg,104.83884516460905,123.04469299316406,31.8608069959282,55.778919800380095,3129.0511834490144,31368.081218003295
vid_000035_frame0000071.jpg,103.27138631687242,122.51370747884114,33.10425807128976,58.12440518019077,3565.4813339420443,37950.02921276912
vid_000035_frame0000072.jpg,104.2078420781893,123.09305318196614,33.49731084845381,57.20251835043361,3290.9206110339505,33321.807248811936
vid_000035_frame0000073.jpg,106.13464506172839,125.26491800944011,32.236180139833,54.858281548096166,3282.993190396853,31189.37500630226
vid_000035_frame0000074.jpg,106.04426697530864,125.33375549316406,33.13522391025968,55.684458813389924,3257.4856253391245,32062.8766025519
vid_000035_frame0000075.jpg,107.83227880658436,126.34767150878906,33.783809954984804,59.41370208951751,3684.024111646412,41438.4596147798
vid_000035_frame0000080.jpg,110.66572788065844,128.478271484375,31.96304584518927,59.03521906563461,3553.818447973763,38548.317834600806
vid_000035_frame0000083.jpg,104.97134002057614,123.99966939290364,30.981106002206936,56.82339195098709,3559.8732653886955,36402.05496167764
vid_000035_frame0000084.jpg,103.30404063786008,124.11963907877605,31.650050060915085,54.1948972962623,3104.3015064985693,29541.45424146182
vid_000035_frame0000087.jpg,108.43797067901235,125.81425476074219,33.89516980497655,53.758050727624905,3269.9150056203325,29863.746133599197
vid_000035_frame0000099.jpg,111.22575874485597,130.45329793294272,30.84695415804658,41.96764818244835,2606.8839299458928,19102.592708854936
vid_000035_frame0000104.jpg,111.41656121399177,127.11610921223958,30.567505288014193,39.817530656400066,2530.8601005706073,16466.74341881927
vid_000035_frame0000107.jpg,109.58792695473251,126.51304626464844,27.697796433775114,36.45871064743821,2547.4028851994144,15056.014678976499
vid_000035_frame0000110.jpg,113.46808384773662,129.6814727783203,29.17475258077347,38.02538477186058,2594.932850328587,15608.937649174593
vid_000035_frame0000111.jpg,114.7381378600823,131.01952616373697,29.398619971066957,38.41194804854608,2546.4932842477688,15610.578683361411
vid_000035_frame0000112.jpg,115.52768261316872,131.7572479248047,29.481380137727466,39.01934212038675,2558.9102134164,15826.549315985292
vid_000035_frame0000113.jpg,114.72224537037037,130.94440714518228,29.393291958189742,40.136850375525306,2640.3126523014184,17013.309948021313
vid_000035_frame0000114.jpg,114.09975308641975,130.83321126302084,29.206606568086343,40.360490089653055,2637.4608954831933,16981.86727394699
vid_000035_frame0000115.jpg,110.5717309670782,130.18123372395834,26.965739460811417,38.07055834525496,2513.0650991483176,15626.064643725753
vid_000035_frame0000116.jpg,108.55884002057613,128.93456522623697,27.62951850821891,37.48573317895603,2523.6979818943732,14655.81780674681
vid_000035_frame0000117.jpg,105.67803755144033,126.52420552571614,28.521165795059808,38.359778007651464,2514.3884240992584,15473.438684021821
vid_000035_frame0000118.jpg,105.70028034979424,126.39725240071614,29.414855781766885,38.4695271959956,2539.021387044658,15087.8642642349
vid_000035_frame0000119.jpg,107.86431327160494,128.04437255859375,30.376583044264063,38.410295680704785,2491.274099672723,14908.795816130703
vid_000035_frame0000120.jpg,108.82733024691358,128.80662536621094,31.07972325330533,39.686461080882225,2515.132949359616,15757.83880082122
vid_000035_frame0000121.jpg,107.08802983539094,127.28299967447917,31.89995948833062,41.18917831825737,2552.498383286656,16773.559637784725
vid_000035_frame0000122.jpg,106.51557355967078,127.59740702311198,32.30072691303293,41.65354700013147,2574.646900062812,17141.665524846874
vid_000036_frame0000001.jpg,103.03125,118.552001953125,42.47059265557392,50.424524608031355,3322.4812196711036,25820.88468210562
vid_000036_frame0000002.jpg,103.39403034979424,119.12718709309895,42.309809310003665,49.82289340241363,3251.7926814471884,24255.651802817127
vid_000036_frame0000003.jpg,104.25046296296296,118.76971944173177,42.48970378537846,50.05439144881069,3202.732573300326,24182.35877409368
vid_000036_frame0000004.jpg,103.8566640946502,118.63563028971355,42.56734198280166,50.385935327776245,3242.5435890479725,25045.857888928615
vid_000036_frame0000005.jpg,103.7075128600823,118.41519673665364,42.59651542889988,49.66037302828301,3280.3852224660277,24098.047825305723
vid_000036_frame0000006.jpg,104.36826903292182,118.34647623697917,42.748640784563214,49.892411409566876,3252.9750179467214,24280.841071283212
vid_000036_frame0000007.jpg,104.8177700617284,118.87478637695312,43.279539313822134,49.580842531583734,3222.7173488768262,23934.48164629168
vid_000036_frame0000008.jpg,104.51388631687243,119.01502482096355,43.443492015815536,49.90498375562591,3307.619495240281,24644.401791926473
vid_000036_frame0000009.jpg,105.48219907407407,120.45279439290364,43.267072048637814,49.225050847350865,3170.1550183598515,23363.278687398648
vid_000036_frame0000010.jpg,105.86008230452676,119.87107340494792,43.74202427233776,51.07359628408272,3318.83782387379,25468.764801958343
vid_000036_frame0000011.jpg,106.26643518518519,120.01571655273438,43.911430743559436,51.45280874243323,3233.6376228537356,24583.08233283623
vid_000036_frame0000012.jpg,105.68236882716049,118.92863464355469,44.295991860472675,51.57339056355128,3254.1339974750776,24492.05395168066
vid_000036_frame0000013.jpg,105.03534979423868,117.52385965983073,44.5899045622371,51.13073519593591,3181.937166237462,23396.2937886843
vid_000036_frame0000016.jpg,104.46878086419753,116.63559977213542,45.49879529286666,51.63684847108715,3146.315864753848,23503.46201699972
vid_000036_frame0000037.jpg,105.08078703703704,119.42828877766927,46.17396648841831,50.118647524335294,3089.7524246779617,23150.151527682086
vid_000036_frame0000041.jpg,105.12080504115227,119.39720662434895,46.36039663109277,51.462313126916804,2979.974236105158,22860.276146798395
vid_000036_frame0000043.jpg,104.24255658436213,117.51938883463542,46.72853905031307,51.34687217538023,2971.786260282112,23400.351174174808
vid_000036_frame0000044.jpg,104.72556069958847,118.03004964192708,46.53259827924629,51.363543837952214,3050.646540266287,23222.221854012227
vid_000036_frame0000045.jpg,106.38609567901234,118.98956298828125,46.20901464039363,52.014816060419314,2980.2719925390093,23840.81090819463
vid_000036_frame0000046.jpg,107.38702160493827,121.34396870930989,45.756773130571375,52.215319228306264,3006.6563483500986,23976.91271147784
vid_000036_frame0000047.jpg,108.88678240740741,122.44175211588542,45.50576166643705,53.398943612022514,3047.6763090192044,25862.617430082522
vid_000036_frame0000048.jpg,108.96658693415638,122.89027404785156,45.265128741297175,53.78685571576635,2998.44380622422,26356.07758706226
vid_000036_frame0000049.jpg,108.58841820987654,121.97179158528645,44.57041593320446,52.510536205006446,2896.1944296944066,24164.525520887226
vid_000036_frame0000050.jpg,108.28158950617284,121.03103129069011,44.867640248918725,53.37432740254351,3083.575124096877,26742.845963999396
vid_000036_frame0000051.jpg,108.08362139917695,121.00640869140625,45.148105819709535,53.248768008075956,2944.7542993538996,25697.707960701548
vid_000036_frame0000052.jpg,108.31082304526748,121.49643961588542,45.20180634047646,53.4399744487048,3063.120564242303,26096.14587692148
vid_000036_frame0000053.jpg,108.80365740740741,120.82535807291667,45.141643323344056,53.56472558826137,3087.0788593363595,26013.844986758195
vid_000036_frame0000054.jpg,109.14360082304526,120.57352701822917,45.12350975842689,53.876990808860924,3079.5250429803004,26376.515360314166
vid_000036_frame0000076.jpg,108.80849279835391,122.46522013346355,42.632759384402306,49.88986966846741,2977.412126590304,22787.9799595566
vid_000036_frame0000077.jpg,107.90122942386832,121.24425760904948,42.79984552886963,50.14796927404529,3082.1469103888026,24483.488180549582
vid_000036_frame0000078.jpg,108.25045010288066,121.36340840657552,42.63228249644954,49.57615592573383,3061.0143249156354,24110.870694320416
vid_000037_frame0000001.jpg,120.76651491769547,130.6541290283203,31.555677957578915,43.03065707449529,2665.393359579273,20221.84995042323
vid_000037_frame0000002.jpg,120.7257047325103,131.9390106201172,31.23647466592209,41.72589887813617,2523.8046539089296,18018.363062321907
vid_000037_frame0000003.jpg,120.00479938271604,131.0480499267578,29.830575733144407,41.96789238274798,2707.6865234838797,20191.55188455223
vid_000037_frame0000004.jpg,117.15054783950617,129.3101348876953,27.463755248023322,40.351654296469505,2612.425406717726,19520.38631724543
vid_000037_frame0000005.jpg,116.32220936213992,128.7151133219401,27.16204299734283,41.24108409431484,2794.754217911177,21248.75394795835
vid_000037_frame0000006.jpg,116.11545010288066,129.06322224934897,26.624799637532774,40.19849748903027,2687.4141849506077,18981.918288199
vid_000037_frame0000007.jpg,115.91932613168724,128.6677042643229,26.11435882006178,41.11139479137735,2455.480549011143,18246.372801242163
vid_000037_frame0000008.jpg,115.15571502057612,129.02205403645834,26.501078609019302,43.6908234444218,2637.782622073379,21879.712713179877
vid_000037_frame0000009.jpg,112.24835648148148,128.2092539469401,28.692035835673195,45.635377142173496,2375.8723513707896,20504.59656009241
vid_000037_frame0000010.jpg,108.50825617283951,124.88352966308594,34.89919542483223,52.77777284238091,3267.770420676869,28594.94997159182
vid_000037_frame0000011.jpg,107.5596579218107,122.95309956868489,34.19026083241151,51.4842464972119,3197.5671338276725,27739.61240177974
vid_000037_frame0000012.jpg,106.71938014403293,122.4253438313802,34.5503958117337,51.96727369393593,3429.086043978564,28400.077982719988
vid_000037_frame0000015.jpg,106.40941872427983,121.39548238118489,35.07082296185519,53.12488789948014,3460.871183510457,28515.978265646612
vid_000037_frame0000016.jpg,107.12631944444445,122.5951436360677,35.214982280840786,53.44318680540751,3345.0321511574075,27648.001667313045
vid_000037_frame0000019.jpg,108.4094804526749,122.32598876953125,36.29417544783033,55.09381835045986,3530.476255357832,29767.989291994832
vid_000038_frame0000001.jpg,107.81974022633744,126.24530029296875,30.269217592752106,32.877977178484564,2475.450429522939,11936.533668601653
vid_000038_frame0000003.jpg,104.97292438271604,125.63422139485677,29.68684880052424,32.882837096311796,2398.8847487709095,11077.335323438048
vid_000038_frame0000004.jpg,104.16244598765432,122.56039937337239,30.08605067383939,32.43759492442065,2487.004028692213,11997.310461232206
vid_000038_frame0000005.jpg,105.34060442386831,123.55745442708333,30.3124924071078,32.52044074012786,2550.581377433354,12009.709610447288
vid_000038_frame0000007.jpg,104.95003086419753,122.75240580240886,30.317595004740653,32.52762062816046,2524.163645057918,12317.169868409634
vid_000038_frame0000008.jpg,104.3985982510288,122.09180704752605,30.27944721170818,32.92538052618602,2550.7042516953875,12594.779037769884
vid_000038_frame0000009.jpg,104.09496399176955,123.78720601399739,30.29013737455618,33.732947769625916,2585.632762076808,11798.297396566486
vid_000038_frame0000010.jpg,104.61426440329218,122.4124043782552,30.453074426074778,33.34583938688462,2598.1636184365357,12857.28059837874
vid_000038_frame0000011.jpg,104.85730967078189,122.30623372395833,30.556280707974192,33.067963735711984,2584.7129495418,12888.73071738705
vid_000038_frame0000012.jpg,105.06020318930041,122.16582743326823,30.554591980764158,33.42060017341854,2644.364919349185,13652.116417101584
vid_000038_frame0000013.jpg,106.32268261316872,123.85452779134114,30.45720466073624,33.05531932823401,2515.916404082302,12491.77545758686
vid_000038_frame0000014.jpg,107.28311213991769,124.23305765787761,30.4929009444831,33.172470075653045,2490.702450925926,12531.434630393982
vid_000038_frame0000015.jpg,108.578091563786,125.33276875813802,30.44735349476597,33.54120402993161,2461.0744505572106,12456.806219866266
vid_000038_frame0000016.jpg,109.54125,126.50522867838542,30.337235301895966,33.59408525639085,2424.585257189977,12611.315362092108
vid_000038_frame0000017.jpg,110.84149948559671,127.34348042805989,30.338001752316504,33.44578480399062,2424.817172496571,12639.346528258175
vid_000038_frame0000018.jpg,110.64136574074074,127.96338907877605,30.09045485774974,33.23621256362843,2430.776791683575,11944.129241075367
vid_000038_frame0000019.jpg,110.89044495884774,129.77731323242188,29.90447447935465,33.42705449860193,2361.2779521556713,11378.121098100906
vid_000038_frame0000020.jpg,109.78554269547325,127.43492635091145,29.91809065593314,33.75157040916627,2447.5814121618273,12225.447343054926
vid_000038_frame0000021.jpg,109.11052469135802,126.45904541015625,29.720630735037993,33.743455057907276,2423.6474814805288,12069.218543575844
vid_000038_frame0000022.jpg,108.622170781893,125.68531290690105,29.8612643789288,33.83061512840669,2410.0266209204365,12677.918403729796
vid_000038_frame0000023.jpg,108.74042438271604,126.43755594889323,29.650265348068064,33.833787489053215,2414.240843489881,12301.759136460489
vid_000038_frame0000024.jpg,109.18391975308641,126.20337931315105,29.96578279546524,34.54429353326544,2455.696524142661,13122.686662188731
vid_000038_frame0000025.jpg,110.20672067901235,128.0295613606771,30.081262036644127,35.4395307288931,2444.722723752036,12779.247307240963
vid_000038_frame0000026.jpg,110.0601903292181,127.39730834960938,30.229858079572587,35.825036369465245,2426.3901317895875,13952.084163572406
vid_000038_frame0000027.jpg,109.29125771604939,127.04884847005208,30.138872618402196,35.79157170507173,2496.66900322925,13379.48409210681
vid_000038_frame0000028.jpg,108.26626028806584,125.19446309407552,30.054979122735265,35.729528587949304,2496.9889173524784,13886.028584118932
vid_000038_frame0000029.jpg,108.23354938271605,126.61584981282552,30.508852809431584,35.9370827144601,2369.0633330894684,12896.072132345289
vid_000038_frame0000030.jpg,108.54116512345679,124.30523173014323,31.123661950522283,36.10533638175494,2462.7784792521625,13996.126232809387
vid_000038_frame0000031.jpg,108.36122685185185,125.39928690592448,31.393697537878086,36.30646544187132,2368.518592871168,13500.088210075162
vid_000038_frame0000032.jpg,107.05403034979423,124.03227233886719,31.437066189745195,36.095096745596116,2411.220834257116,13421.516019401839
vid_000039_frame0000001.jpg,106.32255401234568,120.77149454752605,32.20936109167351,42.61417339655741,2606.1344493240717,20444.63353066682
vid_000039_frame0000002.jpg,106.29754372427983,121.1973164876302,31.80388389809878,41.009976998536665,2494.65348951165,18108.686548497528
vid_000039_frame0000003.jpg,104.57840020576131,121.01026407877605,28.381713696282997,38.56926882053262,2480.276770923294,16364.600617274642
vid_000039_frame0000004.jpg,103.29114711934156,121.60693868001302,25.92040903909651,37.85110788436443,2566.3914415051418,16748.176630374044
vid_000039_frame0000008.jpg,103.65348765432098,121.66459147135417,29.81476577825825,41.114280768975654,2725.634715267716,19418.772222926607
vid_000039_frame0000009.jpg,102.58434670781892,121.26106770833333,31.611010541973062,39.392346950569745,2556.2948538936876,15276.464940934442
vid_000039_frame0000010.jpg,99.436841563786,119.74350484212239,32.47052909921747,40.97984142213106,2767.847385609508,17626.228652387625
vid_000039_frame0000011.jpg,99.91629115226337,119.07278442382812,33.04958643630361,39.30440141169044,2647.1065334466925,15722.625891426345
vid_000039_frame0000012.jpg,99.59843621399177,118.29262797037761,32.96933427745556,39.751595917978264,2647.0209529299555,16385.305517539382
vid_000039_frame0000013.jpg,101.02600823045267,119.76259867350261,32.85932718791927,38.92555671955843,2656.955156119256,15420.104095291113
vid_000039_frame0000014.jpg,99.45803755144033,117.98110961914062,32.70210990500966,38.530224308029645,2755.081503270688,15973.494338035583
vid_000039_frame0000015.jpg,96.14348765432099,115.55885823567708,31.906443383743873,37.10675435459401,2694.9600831117946,13976.673527445644
vid_000039_frame0000016.jpg,95.7206378600823,114.18917338053386,31.855343967772015,36.85651634115901,2734.286284239969,14012.257639436983
vid_000039_frame0000017.jpg,96.42427983539095,113.97914123535156,32.16084275295236,36.81416842628356,2802.551329043722,13457.879945627414
vid_000039_frame0000018.jpg,96.37060185185184,115.07479858398438,31.937362579700274,37.06853001702395,2792.255619501362,14747.654319200432
vid_000039_frame0000019.jpg,97.13517489711934,116.31646219889323,31.68398656255491,36.25530244748356,2703.278531159444,13604.057716255775
vid_000039_frame0000020.jpg,96.97021347736626,116.20822652180989,31.983260878875328,37.00475441667729,2789.297010152261,14675.851898951223
vid_000040_frame0000001.jpg,83.70791666666666,105.4895528157552,32.244502850491585,35.81120560106549,2747.897532435926,13832.743138314923
vid_000040_frame0000002.jpg,83.99506687242798,106.0265604654948,32.140541609697,35.21340733438987,2702.69199279115,13003.75036676135
vid_000040_frame0000003.jpg,82.31395061728395,104.63440450032552,29.569659156356124,33.75401635362235,2625.737264737654,12667.7819550836
vid_000040_frame0000004.jpg,82.7225720164609,105.39457702636719,29.392645891096322,34.846398215562274,2707.113666407322,13899.670338824159
vid_000040_frame0000005.jpg,83.63070473251028,105.58704630533855,23.752177929536405,31.998623046617627,2656.1199921103394,13498.802726498805
vid_000040_frame0000006.jpg,84.9252031893004,106.29965209960938,24.02343055482073,33.042692854353085,2642.868283873457,15305.64884474664
vid_000040_frame0000007.jpg,84.8611574074074,106.42275492350261,24.14007354417176,32.72693416816056,2676.24197229456,14880.235888167284
vid_000040_frame0000008.jpg,83.93905349794238,105.90074157714844,24.345051920536108,33.17892822158571,2734.429853875172,15275.28481830447
vid_000040_frame0000009.jpg,83.65209104938272,105.18662007649739,24.110736598899344,31.185262349107475,2618.9562696101375,13076.57934115827
vid_000040_frame0000011.jpg,83.16424125514403,104.0211181640625,24.230469896703344,32.20122159590517,2774.751674637774,13920.734578730306
vid_000040_frame0000012.jpg,83.0056841563786,104.0715840657552,24.335024750850835,32.37538777325958,2686.176623941127,14533.44438413321
vid_000040_frame0000013.jpg,82.3672762345679,103.73945617675781,24.305333070703014,31.569291748332994,2742.213198405112,13469.505964878714
vid_000040_frame0000014.jpg,82.19623971193415,103.15324401855469,24.034659114305992,32.18157607480517,2789.698230509593,14498.849866761826
vid_000040_frame0000015.jpg,83.25516718106996,104.58765157063802,23.273044915695422,31.808292532908236,2679.917640945966,13998.022479250794
vid_000040_frame0000016.jpg,83.82557613168724,104.68477376302083,22.612552465147758,31.787007511416487,2633.104380423859,14064.806312110275
vid_000040_frame0000017.jpg,84.74698559670782,105.15687561035156,21.53005223750251,32.55954085036061,2785.521566285627,14548.782099239295
vid_000040_frame0000018.jpg,85.60225565843622,106.16163635253906,20.279327478948233,33.145811775373026,2696.413689228907,15244.819148114882
vid_000040_frame0000019.jpg,86.86604681069959,107.21434020996094,19.396086334159552,31.190346586409046,2580.5942436404507,13067.377884788206
vid_000040_frame0000020.jpg,87.09670524691359,107.4508565266927,19.393505166486655,33.423425044025464,2654.461609489252,15237.399091627449
vid_000040_frame0000021.jpg,87.61329475308642,107.78895060221355,18.963056152979746,32.400626250779624,2662.920317356765,13990.694827299332
vid_000040_frame0000022.jpg,87.0797762345679,107.41482543945312,18.9353409334715,32.26314760991531,2731.844719596622,13935.217737055384
vid_000040_frame0000023.jpg,86.0419675925926,106.52995300292969,18.60672199591068,31.490341369416864,2683.7589769080546,13580.542330420576
vid_000040_frame0000024.jpg,85.77201646090535,106.35949198404948,18.606709508460632,31.38317687263669,2773.461788922945,13925.18257294572
vid_000040_frame0000039.jpg,87.23897633744856,106.71398417154948,18.534503454198035,29.822200364869982,2815.607358821957,12810.909070051275
vid_000040_frame0000040.jpg,88.9861908436214,108.26618957519531,24.002939466479518,32.27683783305,2686.0110218790487,12063.397115647793
vid_000040_frame0000041.jpg,91.48240483539095,110.16348266601562,30.176500495911213,36.930232579142434,2734.4693298967745,13392.843551632017
vid_000040_frame0000042.jpg,90.75122685185185,108.76125081380208,29.690988041346444,36.88028499774496,2842.91515829904,13570.076784970006
vid_000040_frame0000043.jpg,90.62497942386831,108.72304280598958,30.056304544983757,37.246522412680854,2859.668652333331,13789.224589505931
vid_000040_frame0000044.jpg,89.85048353909465,107.90774536132812,29.560352067849994,37.37672083098967,2842.5163444782024,13949.699834365165
vid_000040_frame0000045.jpg,90.25172067901235,108.6848653157552,29.6701143851129,37.55425389082842,2817.599507744389,13993.66866248846
vid_000040_frame0000046.jpg,90.64352880658436,108.87003072102864,29.849770564844576,37.64361482828615,2846.320035941013,13883.563948631287
vid_000040_frame0000047.jpg,90.67970936213992,109.35715230305989,29.743813788086857,37.61937610742517,2863.6622519861094,13951.370490593603
vid_000040_frame0000048.jpg,91.04120113168725,110.05260721842448,29.876315810300117,37.56276992699443,2746.4779606460042,13946.680326564005
vid_000040_frame0000049.jpg,91.15398919753086,110.2542012532552,29.697932421379466,36.95756582351096,2707.462675307689,13370.076360400766
vid_000040_frame0000050.jpg,90.75392232510288,109.64714050292969,29.94090061480539,37.38934638538328,2779.0973388193493,14123.988322240999
vid_000040_frame0000051.jpg,90.08078703703704,108.49445088704427,29.9120256931525,37.00244737012093,2828.7023912606214,13813.564125343924
vid_000040_frame0000052.jpg,89.50871399176955,108.34307861328125,30.02842808067696,36.83238336328586,2924.441883468364,13686.091187831014
vid_000040_frame0000053.jpg,88.8173353909465,108.23761494954427,29.61473551403972,36.74803217542794,2928.1829268017805,13594.644484505057
vid_000041_frame0000002.jpg,88.4063683127572,111.84877014160156,19.654921125895388,28.2176752274961,2713.9269735937264,11744.550451285206
vid_000041_frame0000004.jpg,87.59622685185185,110.41053263346355,19.643886148792646,28.44947362939328,2733.740817541093,11943.16925349622
vid_000041_frame0000005.jpg,88.48964763374485,111.25525410970052,19.72949372548378,28.330270974735065,2700.3327182865014,11731.736526425928
vid_000041_frame0000006.jpg,88.61529835390947,110.86778767903645,19.83157499502783,28.589636514736657,2767.461566414228,12420.590127586387
vid_000041_frame0000007.jpg,90.26310956790124,112.83500671386719,19.900446781420133,28.759096583615076,2718.990962109851,12256.62187810149
vid_000041_frame0000008.jpg,91.84375257201646,113.50902811686198,20.09037061820014,29.31079478127304,2675.9201739192176,12418.162885427475
vid_000041_frame0000009.jpg,93.04956275720164,116.07702128092448,20.03781359266152,28.75737640549234,2552.7695967715836,11607.684180106968
vid_000041_frame0000010.jpg,92.41887088477367,114.26009114583333,20.261101904170694,29.537333510981625,2611.1120237937716,12152.952661599964
vid_000041_frame0000011.jpg,91.73363168724279,114.43461100260417,20.257943358479768,29.14574730162026,2672.2750667123323,11826.219857413089
vid_000041_frame0000012.jpg,90.92343106995885,113.58456929524739,20.235659235336623,29.433923188746792,2669.648279172144,11952.36322413385
vid_000041_frame0000013.jpg,91.50985853909465,115.0152079264323,20.290900511065242,29.097177253517554,2643.6115747551225,11709.286408401094
vid_000041_frame0000014.jpg,90.91084104938271,113.78477478027344,20.382927798537004,29.455362783926518,2727.7746801263506,12063.992551836884
vid_000041_frame0000015.jpg,90.21513631687243,113.63428751627605,20.291874978192496,28.934958342376817,2638.1761600336627,11524.59419782809
vid_000041_frame0000016.jpg,88.95944444444444,112.27097574869792,20.311383652134523,29.130221966676846,2606.9675522690304,11798.230587421916
vid_000041_frame0000017.jpg,89.11454218106996,112.66089884440105,20.246062906558592,28.68689577005321,2635.9342877914355,11531.13574203453
vid_000041_frame0000018.jpg,88.91316872427984,111.63285319010417,20.041614279347595,29.097557914021362,2617.745193514708,11840.959120215615
vid_000041_frame0000019.jpg,89.9728677983539,113.75159200032552,19.70774134407051,28.650597822440126,2552.2879009259264,11406.232787754154
vid_000041_frame0000020.jpg,90.17326903292181,112.28591410319011,19.836347705431812,29.560335767309088,2615.9051758792484,11929.1336791059
vid_000041_frame0000021.jpg,89.71332561728396,112.22933959960938,19.74957457477791,29.268868477861474,2624.2713171695796,11857.340465556597
vid_000041_frame0000022.jpg,88.70651491769547,111.39888000488281,20.02489450515729,29.691294271082732,2746.67750250718,12380.376793630188
vid_000041_frame0000023.jpg,89.81715020576132,112.16150919596355,20.20284664236217,29.237056068897278,2689.0390253771693,11780.772060221992
vid_000041_frame0000024.jpg,90.1202829218107,112.13323974609375,20.45733521042574,30.546064072017618,2725.4361051025353,12939.419304009527
vid_000041_frame0000025.jpg,90.97487911522634,113.08462524414062,20.667836961856672,30.740598322070987,2719.4494689976755,12534.724275461398
vid_000041_frame0000026.jpg,90.62123971193415,111.54661051432292,20.851698757072693,31.149903563425934,2703.993282990338,12916.446605726844
vid_000041_frame0000027.jpg,90.09413323045267,111.20697530110677,21.22248435325669,31.662697785261642,2731.271453082073,13086.103338054381
vid_000041_frame0000028.jpg,88.7566255144033,109.71140034993489,21.752403545632006,32.67400253608341,2759.20933795814,13694.070438123308
vid_000041_frame0000029.jpg,87.60287294238682,109.1026611328125,21.792597316890912,31.763369322146303,2719.569748761086,12563.957668304443
vid_000041_frame0000030.jpg,87.37335648148148,108.02709452311198,22.250931697778796,33.846525279500504,2913.330519232908,14501.849197249627
vid_000041_frame0000031.jpg,87.98174897119341,109.30671691894531,22.276688835184153,33.450274484466114,2815.3643901076794,14260.080683819018
vid_000041_frame0000045.jpg,88.61807098765432,111.60401916503906,20.400334222810375,28.19679031178908,2623.8129661627418,11325.599698938197
vid_000042_frame0000001.jpg,84.02738940329218,106.92327372233073,24.261657677430065,29.33545425007866,2653.859627161863,10736.02747124061
vid_000042_frame0000002.jpg,84.3792103909465,107.83670552571614,24.222620056917567,28.61031051761485,2663.96493837395,10424.576235241955
vid_000042_frame0000003.jpg,83.8270396090535,107.36328633626302,24.294938312422165,28.922097049150878,2676.500665037485,10561.24333354435
vid_000042_frame0000004.jpg,83.26669238683128,106.60324096679688,24.31666828848656,28.986201229709405,2723.6941230280613,10607.793262689374
vid_000042_frame0000005.jpg,83.44577417695473,106.08929951985677,24.274345504741664,28.53399728926463,2655.296344127169,10335.05961293634
vid_000042_frame0000006.jpg,82.9570859053498,105.57877604166667,24.32827028431267,29.143599211199803,2724.121506624133,10570.430708512664
vid_000042_frame0000007.jpg,82.94973765432098,105.78729756673177,24.214788815084848,28.6130159434642,2736.448801225994,10226.833338562166
vid_000042_frame0000008.jpg,82.93158179012346,106.75299580891927,24.313209959124247,28.660119046939283,2697.75042866941,10633.509610264562
vid_000042_frame0000009.jpg,83.28360596707819,106.81665547688802,24.25482302725421,28.380846940193322,2659.0193738852213,10202.082546802005
vid_000042_frame0000010.jpg,83.45387860082305,107.37916564941406,24.402736353548917,28.801705067841503,2717.5813096555407,10460.976729810238
vid_000042_frame0000011.jpg,84.27443158436213,108.27809651692708,24.315542679599954,28.342188102519557,2685.6107972602667,10286.05462035141
vid_000042_frame0000012.jpg,83.94716306584363,107.99835205078125,24.388349228973166,28.61568466744658,2658.1980794609594,10541.069940488553
vid_000042_frame0000013.jpg,83.97305555555556,107.6856689453125,24.272340782943317,28.323596104613973,2658.9969511602058,10129.709888375364
vid_000042_frame0000014.jpg,82.70095936213991,106.61195373535156,24.380713451005406,28.54314826357961,2744.6333570596494,10452.487026347779
vid_000042_frame0000015.jpg,81.92252057613169,105.29250590006511,24.308977537407568,28.001269654887647,2719.9627993055556,10249.40370471566
vid_000042_frame0000016.jpg,81.6552572016461,104.92623901367188,24.49637182625004,28.475873255384805,2817.138941500676,10550.350867330795
vid_000042_frame0000017.jpg,82.6074614197531,106.12306722005208,24.361464594463477,28.220630988602924,2739.368436611166,10319.409097512951
vid_000042_frame0000018.jpg,82.62346193415638,106.3884785970052,24.325985148542507,28.688759573237444,2735.893649329133,10691.15735581424
vid_000042_frame0000019.jpg,83.23636059670783,106.84289042154948,24.192501844571588,28.024706525373084,2607.2326592056756,9937.445869274205
vid_000042_frame0000020.jpg,84.1282896090535,106.98234049479167,24.4085920813449,28.88627747210189,2699.55779053492,10655.675031125546
vid_000042_frame0000021.jpg,86.22637345679013,109.59937540690105,24.403202581020473,28.778206378617483,2704.615407338583,10312.83969759103
vid_000043_frame0000008.jpg,86.73167438271605,107.15093485514323,30.83729628895004,33.79945694588147,2810.4483879436725,12133.166833481751
vid_000043_frame0000009.jpg,86.3821116255144,107.64157613118489,30.785476648831835,33.928122087821336,2799.535408876255,11665.814391996711
vid_000043_frame0000010.jpg,85.55075617283951,105.90045674641927,30.633185660793004,33.6041007884141,2851.723491769309,11802.296609640121
vid_000043_frame0000011.jpg,84.57439814814815,105.55869547526042,30.508547761578072,33.8312859869476,2840.025092135107,12087.126041739248
vid_000043_frame0000012.jpg,83.60830504115226,103.57733154296875,30.516888555294265,34.69753501933168,2981.420124539835,13571.62004345283
vid_000043_frame0000013.jpg,83.75193930041152,104.16909281412761,30.779782222541755,34.73291587379033,2919.9677922019673,13151.086364507675
vid_000043_frame0000014.jpg,84.65318930041153,105.73518371582031,30.701778998219684,33.66545681987171,2862.783941376541,11667.247030367842
vid_000043_frame0000015.jpg,87.02014917695473,108.0262959798177,30.89980523162293,33.95905651483217,2807.970324142602,10951.573268262437
vid_000043_frame0000016.jpg,87.91858281893005,109.10225931803386,30.995733301022916,34.10920210493535,2719.7477194670687,11279.861654563807
vid_000043_frame0000017.jpg,86.78439557613169,107.86770629882812,31.210452240120134,34.54592986072868,2754.2767764045475,11059.815700531006
vid_000043_frame0000018.jpg,85.62996656378601,106.96320088704427,31.29521571083623,33.85365655352995,2836.7388949567044,11362.03193766973
vid_000043_frame0000019.jpg,83.6631121399177,106.72115071614583,30.551698567777105,33.169196541319565,2876.842047890708,10959.42681967374
vid_000044_frame0000011.jpg,57.31974022633745,81.7070821126302,26.328926538488865,30.602385296145346,3439.3354058299033,10718.528219336411
vid_000044_frame0000012.jpg,57.117201646090535,81.79824320475261,26.36181610087388,30.510197662810405,3493.2147938170992,10718.49962809286
vid_000044_frame0000013.jpg,57.17160751028806,81.664306640625,26.327126025286194,30.726295513677893,3393.679325442899,10737.767145540565
vid_000044_frame0000014.jpg,56.88064814814815,80.81680297851562,26.312112366609277,30.421281600804296,3437.9578574567045,10607.7829695791
vid_000044_frame0000015.jpg,56.70690586419753,80.9220682779948,26.202935736247735,30.465303117843256,3448.5182944663547,10721.73931428953
vid_000044_frame0000016.jpg,56.315727880658436,80.97568766276042,26.1923844396376,30.457041669589685,3418.2804174201724,10669.018364948919
vid_000044_frame0000017.jpg,56.205156893004116,81.03009541829427,26.018415282207354,30.049156007464084,3382.1885580917897,10228.01089182403
vid_000044_frame0000018.jpg,55.720918209876544,79.98544311523438,26.127845734322634,30.281250364337748,3461.7488037965227,10457.482991933823
vid_000044_frame0000019.jpg,55.930329218107,81.05814615885417,25.961104510834662,30.147530960459115,3431.44036933299,10481.884666839382
vid_000044_frame0000020.jpg,55.44795267489712,80.7964579264323,26.050143201699218,30.457688852039002,3366.3391161021923,10215.126512821764
vid_000044_frame0000021.jpg,55.64817901234568,80.52743530273438,26.215916394514394,30.225687309465016,3398.8350995322144,10156.4376861786
vid_000044_frame0000022.jpg,55.312283950617285,80.19387817382812,26.110623307689917,30.249241822193085,3388.9908883672815,10146.370099454187
vid_000044_frame0000023.jpg,55.7854475308642,80.8042704264323,26.38908764360481,30.60388335264262,3402.028295369835,10372.603793855757
vid_000044_frame0000024.jpg,55.60601851851852,80.53619384765625,26.459492874205864,30.628074227590744,3430.556790407748,10436.013870300492
vid_000044_frame0000025.jpg,55.74539351851852,80.57341003417969,26.350411385198854,30.30243104832079,3470.6398241417082,10393.251122336602
vid_000045_frame0000002.jpg,75.32127829218108,99.12799580891927,24.324785470395906,29.246521309638723,2679.514428154947,9845.704329583561
vid_000045_frame0000003.jpg,74.75988940329218,99.03953552246094,22.949244827586213,28.24088481845971,2790.7256579855757,10146.289979291847
vid_000045_frame0000004.jpg,74.77515946502058,99.19004313151042,23.023936980891982,28.069746001823095,2790.4368472064443,10012.692437963327
vid_000045_frame0000005.jpg,75.2423482510288,99.54542032877605,22.99628558171245,27.9865180115659,2813.08897422262,10024.718069074443
vid_000045_frame0000006.jpg,75.25558641975309,99.30431620279948,23.102670392959805,28.156594256704224,2780.463960643326,10075.506117871962
vid_000045_frame0000007.jpg,75.82503600823046,99.83970133463542,23.074418761516636,28.256565830058953,2791.51654085928,10165.139582827454
vid_000045_frame0000008.jpg,75.77871913580248,100.4854227701823,23.11479651004851,28.211942641176027,2686.6868664475096,10066.894619574538
vid_000045_frame0000009.jpg,75.97134259259259,100.13867696126302,23.008013270114706,28.173932040775576,2699.429119596622,10025.568601488834
vid_000045_frame0000010.jpg,75.37257716049383,99.87545776367188,23.1083611710689,28.273409477562616,2821.606407981289,10225.980742737418
vid_000045_frame0000011.jpg,75.61316615226337,99.89836120605469,23.031623947356266,28.101451545048405,2743.699709533369,10103.973178894958
vid_000045_frame0000012.jpg,75.56697016460906,99.90012613932292,23.131599727289814,28.325060564342525,2736.019666528004,10139.542379462859
vid_000045_frame0000013.jpg,76.13333076131687,100.77049763997395,23.041709768598988,28.106365933034894,2702.5233209718763,9957.98997548013
vid_000045_frame0000014.jpg,75.76526748971193,100.62544759114583,23.007365040826922,28.374122188001447,2772.9128414494144,10113.294293757295
vid_000045_frame0000016.jpg,75.69987911522634,100.3844502766927,23.03408777385951,28.382188953772886,2798.057920963839,10128.439681162825
vid_000045_frame0000017.jpg,76.05377572016461,100.21268717447917,22.967912716451217,28.06980679870443,2710.5971370370366,9881.129382902524
vid_000045_frame0000018.jpg,75.29512345679012,99.7774149576823,23.024577155163104,28.150918796591622,2759.2310460385593,9954.381214586785
vid_000045_frame0000019.jpg,75.43319958847736,100.16417948404948,22.88541567610218,28.03893311223883,2773.913483448538,9836.034099160694
vid_000045_frame0000020.jpg,75.13901491769548,99.53034973144531,22.965936451524385,28.049822024034288,2665.6793138416756,9800.841707002139
vid_000045_frame0000033.jpg,72.62587191358024,96.55471293131511,22.8621310668933,27.898401898973194,2839.3500692943503,10241.589843408903
vid_000045_frame0000034.jpg,72.90551183127572,96.73085530598958,23.20501055563659,28.21885850127191,2809.2651387517144,10129.146733149653
vid_000045_frame0000035.jpg,73.3776054526749,96.78533935546875,23.864786161748412,28.586467052471953,2860.7508970562317,10086.25306832022
vid_000045_frame0000036.jpg,72.36691872427984,95.6326395670573,23.45952626775285,28.273757444545836,2869.902233270224,10065.508078135317
vid_000045_frame0000037.jpg,72.59819958847737,95.51048787434895,23.787180813168124,28.347602545874896,2914.685360165895,10314.514654835453
vid_000045_frame0000038.jpg,72.96985853909464,96.13459777832031,23.76708383680049,28.384569983817993,2768.3179142360514,10075.434212795459
vid_000045_frame0000039.jpg,73.2373816872428,96.48311869303386,23.986042167573267,28.965170802946613,2819.343238914073,10146.543734266423
vid_000045_frame0000040.jpg,75.27275205761318,96.87200927734375,29.37712236161371,32.31553620813346,2845.5744701624653,10575.132212605327
vid_000045_frame0000041.jpg,73.39583333333333,95.50404357910156,23.873909453580005,29.246881196803923,2868.669877874705,10519.83952999115
vid_000045_frame0000042.jpg,73.93192386831275,96.76685587565105,24.369937807198323,29.78823226428876,2802.807802837732,10365.747708800947
vid_000045_frame0000043.jpg,74.99707047325103,97.44841003417969,24.320195784619727,30.194761570796075,2842.6718794236303,10771.705114110373
vid_000045_frame0000044.jpg,76.42878600823045,99.35137430826823,24.034639366396284,29.08693135842488,2876.9367163685038,10418.121938159456
vid_000045_frame0000045.jpg,76.24919238683128,99.17579650878906,24.656486301470295,29.494244973870895,2800.079409449779,10435.263808738207
vid_000045_frame0000046.jpg,75.75615226337449,98.98241170247395,24.82178978554701,29.904798827243162,2828.02723236591,10385.09043417871
vid_000045_frame0000047.jpg,73.82196502057613,97.45239766438802,22.61587335068921,27.4603898499339,2856.6147127893523,9850.608105014777
vid_000045_frame0000048.jpg,71.66030092592592,95.42892964680989,22.680435703386564,27.684842334138285,2856.729630503877,9867.405106689781
vid_000045_frame0000049.jpg,71.05493055555556,95.00704956054688,22.845331839397154,27.79965580691122,2936.8793852344816,10069.215352918953
vid_000045_frame0000050.jpg,72.53138374485597,96.20697021484375,23.048522747955623,27.92446629227536,2883.1216435822826,10147.214675000869
vid_000045_frame0000051.jpg,72.9826903292181,96.69143168131511,23.062640896215846,28.05356316475436,2870.0580763459625,10291.095252737403
vid_000045_frame0000052.jpg,73.00585905349794,96.80584208170573,23.084143289990404,28.20405712926325,2839.5146416323732,10332.73683836218
vid_000045_frame0000053.jpg,73.32671810699588,96.82902526855469,23.084509800451052,28.086933665219657,2876.8575855043055,10313.715970610967
vid_000045_frame0000054.jpg,72.91878086419753,96.36592102050781,23.061306916630034,28.048453554261982,2803.891890432099,10027.380214530742
vid_000045_frame0000055.jpg,72.22130144032921,96.16612752278645,23.074932886795605,28.02720373647979,2939.5923884506933,10317.081223457819
vid_000045_frame0000056.jpg,72.49115226337449,95.82447814941406,23.322384201558993,28.21170048639746,2969.6575423296154,10233.697995301336
vid_000045_frame0000059.jpg,72.50412037037037,96.14677429199219,22.96898536239909,27.74158499429488,2926.335286959877,10244.92517505004
vid_000045_frame0000060.jpg,72.82311985596708,96.50872802734375,23.051120879592673,27.96496706685088,2947.152028458827,10481.563987849047
vid_000045_frame0000061.jpg,72.6300591563786,95.96964518229167,22.990191105882044,28.058913318045644,2917.375328565042,10311.1262701815
vid_000045_frame0000062.jpg,72.5955658436214,96.00772094726562,23.05713298684,28.207853066974824,2937.113668444156,10519.502274486935
vid_000045_frame0000063.jpg,72.85264660493827,96.32389322916667,23.07648475401915,28.310837718154936,2903.888907981289,10376.174695339054
vid_000045_frame0000064.jpg,73.063783436214,96.60749816894531,23.13391143135103,28.432782420674798,2949.7444283548148,10343.249457395636
vid_000045_frame0000065.jpg,73.31622170781893,97.06217447916667,23.156060637846043,28.39451020055554,2957.4092591639996,10392.60214978084
vid_000045_frame0000066.jpg,73.4473611111111,96.90248616536458,23.192155503186893,28.21540956062484,2990.8582298522992,10333.051322495332
vid_000045_frame0000067.jpg,73.70997942386832,97.74917093912761,23.114865106430223,28.39618440928032,2880.9077610480017,10458.239387204638
vid_000046_frame0000001.jpg,86.84219650205762,110.34152730305989,23.577577173686443,27.77857727455575,2636.9124580246917,10409.685164408525
vid_000046_frame0000002.jpg,87.13261316872428,110.19826761881511,23.519372567517678,27.36832789846989,2624.7744840189666,10216.825411736965
vid_000046_frame0000003.jpg,87.0225128600823,109.27630106608073,23.57038993634551,27.610459264950098,2647.606966010743,10351.752960278653
vid_000046_frame0000004.jpg,86.31247427983539,109.3396708170573,23.524393012670163,27.532091510544998,2669.980921919058,10319.519959850004
vid_000046_frame0000005.jpg,85.99146604938272,108.7316385904948,23.585704505209883,27.327268536921956,2721.221148834019,10479.850904330378
vid_000046_frame0000006.jpg,84.89895833333334,108.27183024088542,23.666843786185435,27.524355032543628,2697.7050384942754,10430.221781908534
vid_000046_frame0000007.jpg,84.27240226337449,107.1895039876302,23.816674327438207,27.507847581566672,2734.08103287174,10378.569225773215
vid_000046_frame0000008.jpg,82.99774434156379,106.18443298339844,23.941522713263257,27.70749350826898,2777.0959742795976,10417.470183992526
vid_000046_frame0000012.jpg,86.63545781893004,110.15013122558594,24.04937746656002,28.040356170726234,2741.6264706159022,10710.859932391904
vid_000046_frame0000013.jpg,89.41406378600823,112.68775431315105,23.92523079230516,27.92925163897998,2703.879573213818,10670.695072587347
vid_000046_frame0000014.jpg,90.70549639917695,113.70023600260417,23.87287035371739,28.169611167932473,2632.0229531997793,10461.47813202045
vid_000046_frame0000015.jpg,90.87941358024692,114.30682373046875,23.659352701040735,28.21520321908944,2611.4129104137496,10448.194361235714
vid_000046_frame0000016.jpg,90.344375,113.71931966145833,23.5467619635136,27.983593533361557,2624.0597282655085,10296.84262752533
vid_000046_frame0000017.jpg,90.51510288065843,114.06707255045573,23.550165641421437,27.874457202800826,2581.271499390337,10070.086362154922
vid_000047_frame0000001.jpg,82.4242232510288,103.97422281901042,32.32491933706393,34.21015542047507,3060.6016560204234,13211.948818530887
vid_000047_frame0000002.jpg,82.66141203703704,104.27197774251302,32.24891886824673,33.837635752720885,3022.49485994513,12792.643910581013
vid_000047_frame0000003.jpg,82.64586676954733,103.47797139485677,32.27280574067358,34.07554137664799,3037.298973591821,12997.173077805899
vid_000047_frame0000004.jpg,81.94639917695473,103.08610026041667,32.25811709820206,34.23481242936687,2985.492777769204,13212.931828368222
vid_000047_frame0000005.jpg,81.9734284979424,102.9319559733073,32.30092290634076,34.33576579247948,3005.4700798038953,13112.459177773213
vid_000047_frame0000006.jpg,81.58156893004116,102.16753641764323,32.34789696523466,34.032634296114566,2997.0542569041972,12911.712585023604
vid_000047_frame0000007.jpg,81.67377829218107,102.64280700683594,32.21130013924807,33.50323671164018,2914.9442992624504,12439.117924935184
vid_000047_frame0000008.jpg,81.18627057613169,102.24720255533855,32.336624415376285,33.886320727535,3031.398870903289,12910.178433125606
vid_000047_frame0000009.jpg,81.40240226337448,103.34449259440105,32.17991062015729,33.85771997953242,2962.09606065291,12539.23443254456
vid_000047_frame0000010.jpg,81.2618029835391,102.40137736002605,32.33802420536004,33.54120085325509,3035.7862460369515,12635.21411634027
vid_000047_frame0000011.jpg,81.3697633744856,102.85477701822917,32.25560329262451,33.79725812767919,3023.301972830933,12757.396795689128
vid_000047_frame0000012.jpg,81.0258024691358,102.87455240885417,32.27082179261722,33.71531707083639,2960.1940409092913,12374.478306706995
vid_000047_frame0000013.jpg,80.78944187242799,102.22226969401042,32.315841315764864,33.81692709544389,3017.3404158033745,12635.295512404293
vid_000047_frame0000014.jpg,80.10071502057613,101.14488220214844,32.46467533413008,33.82483460097392,3039.5375694156282,12802.601729883812
vid_000047_frame0000015.jpg,79.76735339506173,101.09515889485677,32.56656697454965,33.965263773896524,3075.5652736604084,12809.582004800206
vid_000047_frame0000016.jpg,78.89013888888888,100.00293986002605,32.62050054874494,34.26359227516519,2985.275366297951,12907.515890589915
vid_000047_frame0000017.jpg,78.38969907407407,99.64326477050781,32.732288575548495,34.03130490067404,3041.6779498111473,12636.651709555648
vid_000047_frame0000018.jpg,78.54508230452674,99.94362894694011,33.055615849515746,34.33736029946538,3057.4414818958026,12820.576576939784
vid_000047_frame0000019.jpg,78.34037551440329,100.00376892089844,33.24196905493284,34.37296130667566,3040.30307865012,12538.920121324947
vid_000047_frame0000020.jpg,78.48212191358024,99.88696797688802,33.41204186345302,34.546667929949585,3105.829537265422,12732.198996102205
vid_000047_frame0000021.jpg,80.37072788065844,101.61133829752605,33.41078658335266,34.4699206454604,3000.7091598070037,12637.409305803245
vid_000047_frame0000022.jpg,82.11940586419753,103.41934712727864,32.544055830742614,33.83333511884191,2958.1941878084044,12544.231025800109
vid_000047_frame0000023.jpg,84.38588991769548,106.14335123697917,32.22494965277191,33.68085921785063,2877.265964768137,12373.133826993173
vid_000047_frame0000024.jpg,85.0659336419753,105.78719584147136,32.0730037400166,33.73453176579594,2942.4765438513928,12761.448713358492
vid_000047_frame0000025.jpg,83.17050411522634,105.08926900227864,31.940467986852024,33.494285607762016,2935.8715249885095,12600.674507852644
vid_000048_frame0000001.jpg,79.73981481481482,102.9521993001302,29.100369964391724,31.311676990732998,2993.402873421008,11731.80753668747
vid_000048_frame0000002.jpg,80.15565329218107,103.33636474609375,29.010938149958182,30.949797765463348,2965.432277434783,11626.744103900157
vid_000048_frame0000003.jpg,81.06917952674897,104.06551615397136,29.064056820476058,31.019275135367167,2985.5072358538496,11493.422075418523
vid_000048_frame0000004.jpg,82.42367026748971,105.5214131673177,28.893894810340637,30.754952864616477,2926.149896964485,11237.806365184253
vid_000048_frame0000005.jpg,83.75875514403292,106.44056701660156,28.765647834942182,30.87888768032505,2951.787776485816,11409.761018100893
vid_000048_frame0000006.jpg,83.85131430041152,107.2065938313802,28.747814088863187,31.163656316207426,2887.9197141584145,11338.77452461957
vid_000048_frame0000007.jpg,83.53810442386832,106.18555196126302,28.816289451711434,31.2201320382373,2970.8001063266247,11522.1230832187
vid_000048_frame0000008.jpg,82.42121913580247,105.46508280436198,28.913840761966547,31.33667231091825,3008.5176336800196,11676.274849977344
vid_000048_frame0000009.jpg,82.13492026748972,104.952392578125,28.927833057989076,31.058398002462166,2957.4667094963975,11405.016645661555
vid_000048_frame0000010.jpg,81.55441100823045,104.92083231608073,29.14090700806828,31.076350767117667,3051.173539706159,11502.888592866948
vid_000048_frame0000011.jpg,81.96852109053498,104.8958231608073,29.080397890772854,31.11673409267719,3074.785413168486,11744.391936596483
vid_000048_frame0000012.jpg,81.75160493827161,104.99061075846355,29.070471748340903,31.24544877888981,3108.128280166657,11903.921302404255
vid_000048_frame0000013.jpg,82.76704475308642,105.77989705403645,28.93617717756251,30.961072970345832,2947.907293689987,11562.711389756761
vid_000048_frame0000014.jpg,83.7682896090535,107.12256368001302,28.842130983283244,31.134515910292148,3012.0337517823123,11565.520373430103
vid_000048_frame0000015.jpg,84.72524176954732,108.28807067871094,28.68529875930671,30.7553014586915,2936.47044941695,11290.141893684631
vid_000048_frame0000016.jpg,83.33654320987654,106.55295817057292,28.77286548209271,30.719059011393085,2858.9795776248266,11235.52614173945
vid_000048_frame0000017.jpg,82.04104681069958,105.02244567871094,28.848798568440575,31.033571170715245,3044.501607947531,11922.977623244515
vid_000048_frame0000018.jpg,80.58200874485597,103.54673258463542,29.031015464979987,31.193412520680145,3072.916890881666,11984.943072857102
vid_000048_frame0000019.jpg,81.05002572016461,103.92257690429688,29.071508217151624,31.036200887210036,3097.8711379386123,11772.508108652197
vid_000048_frame0000020.jpg,81.82838734567902,104.94916280110677,29.249837346495884,31.41376870269193,3067.1977922837123,11574.983860529028
vid_000048_frame0000021.jpg,83.28668209876543,106.56948852539062,29.072416228973957,31.33848659109274,3000.4854884142565,11844.302781566978
vid_000048_frame0000022.jpg,83.10459362139918,106.732666015625,29.060582234428686,31.53681795727377,3007.964108092326,12248.124286859296
vid_000048_frame0000023.jpg,82.93702674897119,105.95582071940105,29.03453422002444,31.240369468093913,2947.6199009815937,11726.13305077306
vid_000048_frame0000024.jpg,81.97874742798354,105.13087463378906,29.058098438315202,31.064525225768882,3002.0535173846883,11671.302928486606
vid_000048_frame0000025.jpg,82.43095421810699,105.01047261555989,29.186736413553355,31.427602530745297,3058.4915312068947,11823.34831328853
vid_000048_frame0000026.jpg,84.7321322016461,107.4282938639323,29.18799349792989,31.643219502591144,2968.6522723229596,11769.313807830215
vid_000048_frame0000027.jpg,89.1618158436214,111.58279927571614,28.50485850932904,31.38776599893084,2901.419538180096,11569.579697141191
vid_000048_frame0000028.jpg,88.35897633744855,111.5889892578125,27.667169491590478,31.06581259091945,2866.6032447887496,11770.63112421683
vid_000048_frame0000029.jpg,87.24123456790123,110.611083984375,27.427381116242124,30.978761343986303,2867.459875956409,11652.674000895582
vid_000049_frame0000007.jpg,76.8307638888889,100.63612874348958,31.7591807079713,31.967794476296575,3119.2892271366786,10842.75393335428
vid_000049_frame0000008.jpg,78.27215277777778,101.67115783691406,33.00979705933482,32.88931302185484,3074.325973073607,10734.159540608292
vid_000049_frame0000009.jpg,84.78608281893004,106.01512145996094,39.42225403767314,39.77839692646865,2989.390007712239,13097.222186596831
vid_000049_frame0000010.jpg,75.51912808641976,99.58058675130208,33.151736269091614,33.61141607800844,3142.236670513022,11199.16558932676
vid_000049_frame0000011.jpg,72.46935442386831,96.87251281738281,31.38599768960866,31.78061763938406,3370.7123578987103,11366.761445238953
vid_000049_frame0000012.jpg,74.24014917695473,98.62764994303386,34.34425389935953,34.29366504896701,3269.9094,11064.617175950669
vid_000049_frame0000013.jpg,78.04226851851851,100.24658711751302,38.106276261697836,37.65085408599824,2898.6391632129607,11729.219826975605
vid_000049_frame0000015.jpg,71.27137602880659,96.22632853190105,31.185885498584526,31.915902164262857,3444.789451838456,11548.271729904925
vid_000049_frame0000016.jpg,71.2642103909465,95.91296895345052,31.167946513778812,32.0036045120026,3363.8080477222775,11337.153766140342
vid_000049_frame0000017.jpg,70.54780349794238,95.76673889160156,31.487472585873903,32.37216173393275,3380.7049687880444,11554.671077728271
vid_000049_frame0000018.jpg,70.33171553497942,94.31646728515625,31.565768321419785,32.413544314826524,3440.9274722150185,11578.208820796572
vid_000050_frame0000004.jpg,82.3857175925926,104.16188557942708,36.695767145035035,37.123068163462314,3245.392101586018,12726.122489548288
vid_000050_frame0000005.jpg,84.92183641975309,106.47948710123698,36.74736023275852,36.95655356437341,3139.3463421579695,12390.271443045698
vid_000050_frame0000007.jpg,91.3,113.83339945475261,37.677444036115965,37.87228924368682,2935.602709159177,11506.711689123651
vid_000050_frame0000008.jpg,84.7420987654321,107.75005594889323,35.99934161947289,36.43197581232015,2991.6594006486607,10951.701494481415
vid_000050_frame0000009.jpg,83.46292438271605,106.58964029947917,35.346333851711236,37.29166699714501,3021.0397139559877,12627.629553950392
vid_000050_frame0000010.jpg,84.64893004115227,107.39607238769531,35.62417901569706,38.43274977840208,3079.6527466992457,13598.714479661547
vid_000050_frame0000011.jpg,86.65746913580247,110.04317220052083,35.737888719072146,39.331806792536234,2980.881758859108,13014.956470026635
vid_000050_frame0000012.jpg,85.27713734567901,109.12039184570312,35.44090881202815,40.761830760520574,3057.8386763822205,14805.480720281601
vid_000050_frame0000013.jpg,85.6085853909465,109.88254801432292,35.62672570876078,42.836064537760045,3054.82639070353,17246.862120622536
vid_000050_frame0000014.jpg,82.84570987654321,108.22300211588542,35.06766557439544,42.96535004868061,3073.8258000683486,16854.62948748097
vid_000050_frame0000015.jpg,84.503158436214,111.12059020996094,35.3078174131021,43.496244183731314,3157.883835750493,17074.59417578741
vid_000050_frame0000016.jpg,85.70808899176954,112.14676920572917,35.02018335447975,43.21721103507095,3079.2991985587178,17118.54215017613
vid_000050_frame0000017.jpg,86.46319701646091,112.93063863118489,34.835086249610015,43.4330925474334,3144.714657454502,17787.14893135219
vid_000050_frame0000018.jpg,83.50849794238682,110.04310607910156,33.98621421993162,41.427699932237545,3047.5144254624265,15957.128732548794
vid_000050_frame0000019.jpg,79.0812962962963,105.55064392089844,33.143345466792255,39.18987148888947,3078.3138088133837,14074.272078979528
vid_000050_frame0000020.jpg,77.4046116255144,102.83306376139323,32.86846448561866,38.80767769281101,3194.5834392918377,15503.054663717514
vid_000050_frame0000021.jpg,78.32806069958848,103.47569274902344,33.4552431139761,38.54265816193141,3281.620039390909,14705.000281141838
vid_000050_frame0000022.jpg,77.37768261316873,102.73215230305989,33.41242456957251,38.621699606613596,3279.2819733796296,15323.592028572224
vid_000050_frame0000023.jpg,76.82210648148148,102.15648905436198,33.52441224765007,37.28256967993503,3310.6940609043972,13646.212594017386
vid_000050_frame0000024.jpg,76.38441615226337,101.33749898274739,33.47268148514907,37.02366460520823,3341.7451126647998,13968.76989404019
vid_000051_frame0000016.jpg,80.8092361111111,105.06302388509114,33.504762123640596,33.62263596335582,2902.1355534807362,10837.921823795885
vid_000052_frame0000021.jpg,96.96936985596707,116.31107584635417,34.55992098428998,34.995212816187255,2629.9829548348557,13959.527424431406
vid_000052_frame0000022.jpg,97.14307870370371,116.93152872721355,34.341450319823544,35.696166598292564,2620.704426153061,14871.759951185202
vid_000052_frame0000023.jpg,97.08892489711934,116.52230834960938,34.19226576048922,34.41774775685642,2596.6462252798265,13534.734694614075
vid_000052_frame0000025.jpg,110.9936316872428,127.22537231445312,36.753886032050254,37.77635702646527,2630.059873299552,15328.326779452851
vid_000052_frame0000027.jpg,104.95820730452675,122.75053405761719,35.862821197086916,38.08709008965929,2616.437290368989,15448.856997128343
vid_000052_frame0000029.jpg,101.98045267489712,120.56862894694011,35.516511456068955,36.1207330589792,2631.4566448473342,13500.959022088908
vid_000052_frame0000031.jpg,99.85129115226337,118.96798706054688,34.75434314096709,36.13595217993229,2633.4565692081405,13939.831123976968
vid_000052_frame0000033.jpg,100.90987654320988,119.80016581217448,34.887452792235166,37.24927055546508,2769.3711664522725,15907.256330247968
vid_000052_frame0000035.jpg,104.04733024691357,121.71828715006511,34.89647413374407,36.95488124091339,2687.9467708140437,14283.627045649802
vid_000052_frame0000037.jpg,104.44698816872427,123.36366271972656,34.29467143928428,38.10020722788942,2656.8335728508778,16403.29255617573
vid_000052_frame0000039.jpg,103.1598096707819,122.748291015625,34.228158996307876,37.44198334802524,2779.1581370069707,15736.308703011833
vid_000052_frame0000041.jpg,107.08025205761317,125.8721415201823,34.64385222301422,39.49103710959032,2787.9383954389573,17713.987805482
vid_000052_frame0000043.jpg,107.12702674897119,125.1040547688802,34.825125605865445,39.688845585960536,2708.5265658757717,17524.505350730382
vid_000052_frame0000045.jpg,98.69716306584363,118.66304524739583,34.23222700042454,38.50674151044021,2944.4959210771385,16359.170033436036
vid_000052_frame0000047.jpg,99.24063271604938,119.15160115559895,34.67257349977952,39.3698319773104,2868.4882958890007,17393.925754861673
vid_000052_frame0000049.jpg,101.14980709876544,120.83914693196614,34.69592743196273,38.9258842811583,2741.5593138145264,16558.554898790782
vid_000052_frame0000051.jpg,103.09076388888889,123.62498474121094,34.1122226577674,41.14230417044951,2817.587326525825,17664.71129607386
vid_000052_frame0000052.jpg,103.18248456790124,126.02748107910156,33.91894017920401,42.91811579377656,2919.7379797738886,18769.061839582166
vid_000052_frame0000054.jpg,102.23859310699588,126.17020670572917,33.688117475289154,45.210961024051905,2981.06962279658,20400.537238940597
vid_000052_frame0000056.jpg,105.69916923868313,129.3121541341146,35.52322412147767,47.46595204971673,3204.0482650433787,21357.590193588054
vid_000052_frame0000058.jpg,109.91191100823045,133.42093404134116,35.73656039792281,48.37840948555643,3112.8738487823407,23105.942913483595
vid_000052_frame0000060.jpg,106.7419933127572,133.0208282470703,44.928634356291695,56.63353267864336,3524.499019964325,25663.743290629238
vid_000052_frame0000062.jpg,110.15280349794239,135.74415588378906,40.89778240716148,55.127278865618955,3552.093565995799,27424.189016512595
vid_000052_frame0000064.jpg,113.61830761316872,138.1879119873047,40.43400601986945,55.550099009063274,3434.6929444181883,28647.41025148332
vid_000052_frame0000066.jpg,113.16311728395061,137.78780110677084,38.891555632833715,52.24988031752291,3099.123234618806,23464.954579770565
vid_000052_frame0000068.jpg,113.66408436213992,137.94002278645834,38.74865091485481,53.73633976716079,3468.7703645832735,27565.461294352077
vid_000052_frame0000070.jpg,109.77395061728394,135.92364501953125,48.13182443119885,61.159978977755834,3778.651580284958,27140.436615768587
vid_000052_frame0000072.jpg,113.76003600823046,138.6893564860026,47.83384231671753,60.5568296776039,3719.1810123141836,26738.60090288124
vid_000052_frame0000074.jpg,118.39082047325103,141.38411966959634,45.5564048994409,59.68645840513234,3744.737290380599,29510.897673940053
vid_000052_frame0000076.jpg,122.1681507201646,143.24932861328125,45.743248445195135,58.54119161478349,3275.345343310614,24699.053380122175
vid_000052_frame0000078.jpg,121.10729938271605,142.09557088216147,46.936935890982895,63.01373142271893,3844.4088737039297,32300.76360809221
vid_000052_frame0000080.jpg,119.52610853909465,140.49791463216147,47.75704295365784,63.533341798985234,3803.790287679505,32833.26332452521
vid_000052_frame0000082.jpg,113.68862654320988,137.8270517985026,53.55267364178539,66.81763643308972,4063.020356462192,28734.904143631225
vid_000052_frame0000084.jpg,121.29765174897119,141.03202311197916,52.45955459153754,65.9129936927548,4099.450378395061,31921.93150994717
vid_000052_frame0000086.jpg,118.7782896090535,138.63177998860678,53.082752999487546,64.97933747795268,4051.4026222184116,27822.371052019065
vid_000052_frame0000087.jpg,117.31683899176954,137.62311299641928,53.67126965717287,68.41654454853919,4390.053886271088,34904.95987122855
vid_000052_frame0000089.jpg,115.83119598765433,136.48117065429688,53.780543007033145,69.3449570238903,4554.225105691777,36550.526422068244
vid_000052_frame0000091.jpg,116.19832304526749,136.1209259033203,53.87613904409756,69.03900098315265,4619.885284327846,37996.15625719633
vid_000053_frame0000001.jpg,110.41064043209876,136.606689453125,36.41605189823959,61.69932934174624,3911.728797528721,38985.43127645529
vid_000053_frame0000002.jpg,110.46108796296296,136.71332804361978,36.39008456120832,61.71768675719162,3899.226124911349,39017.92579506338
vid_000053_frame0000003.jpg,110.56215020576131,137.25277709960938,36.3333681688879,61.84377415843196,3939.906679259486,38867.08577814675
vid_000053_frame0000004.jpg,110.44202417695473,136.72423807779947,36.50494622212838,62.14292357557811,4046.943440746218,40194.58606049325
vid_000053_frame0000005.jpg,110.5903420781893,136.66282653808594,36.420279037099434,62.12468894646417,3984.4432311611704,40055.416075095534
vid_000053_frame0000012.jpg,110.50931327160494,136.51063028971353,36.506917092073095,62.223117882674536,3927.5486365909824,40308.16341436817
vid_000053_frame0000013.jpg,110.77521604938272,137.06998697916666,36.36632077885196,61.62805411607562,3857.824791642316,38448.8317345751
vid_000053_frame0000014.jpg,110.43043724279835,136.735595703125,36.414917062728044,62.055787745213514,3987.3846867640573,40145.63957875967
vid_000053_frame0000015.jpg,110.61158179012345,136.94439697265625,36.35736559547745,62.032607831244825,3853.1401842177625,39900.99077701196
vid_000053_frame0000016.jpg,110.3376183127572,136.89352416992188,36.29584699012902,61.59623665130312,3834.211295601852,38218.03103885776
vid_000053_frame0000017.jpg,110.48129372427984,136.89752705891928,36.383800886488984,61.9749667781237,3896.3878729592957,39407.37160315737
vid_000053_frame0000018.jpg,110.37454989711934,136.88199361165366,36.47592937533355,62.23801508497233,3982.2171148399993,40120.541406121105
vid_000053_frame0000035.jpg,110.64404835390947,137.2078653971354,36.346897118088194,62.1076891050078,3876.028192634507,39964.51179359015
vid_000053_frame0000040.jpg,110.47732510288066,137.3009999593099,36.31574965620067,61.85740491076515,3889.8741880138678,39197.80514997244
vid_000054_frame0000001.jpg,109.85856481481481,134.5598398844401,33.628937210371234,55.032021834972326,3656.4901370598404,33041.87501883507
vid_000054_frame0000002.jpg,110.03584362139918,134.72278340657553,33.60650796774704,54.937104571496924,3636.402354147376,32735.102446652018
vid_000054_frame0000003.jpg,110.36019032921811,134.9604288736979,33.63262527801461,54.85628502104575,3603.1089953358387,32615.46181103494
vid_000054_frame0000004.jpg,110.09137860082305,134.8931630452474,33.63905830389297,55.08529619066781,3562.0348626521777,33412.55947396811
vid_000054_frame0000005.jpg,110.4632175925926,135.1426798502604,33.61418680351962,54.75174498054017,3545.1251628858026,32371.141505498206
vid_000054_frame0000006.jpg,109.8798816872428,134.3039754231771,33.41856611679913,54.103844398177074,3515.2555512087883,31411.582664257847
vid_000054_frame0000008.jpg,113.94546039094651,136.69318135579428,31.077866351702045,45.890983480436155,2881.4957149462134,21293.839061226696
vid_000054_frame0000015.jpg,108.1180787037037,132.86097208658853,32.45340225958137,48.01586619047076,3248.850343852345,23041.280883596977
vid_000054_frame0000018.jpg,105.24293467078189,130.85428873697916,33.73544637786246,49.85030945930794,3383.717787654083,24624.82874315139
vid_000054_frame0000020.jpg,104.76266718106996,130.23072814941406,33.58167976484398,49.261481867471325,3221.8379875637647,23499.069620167604
vid_000054_frame0000024.jpg,104.30524691358025,130.93102010091147,33.245774712824876,49.859196503611656,3248.4284502112387,24699.990600824123
vid_000054_frame0000035.jpg,108.19540895061728,133.21853637695312,32.19383027587321,46.575617426523124,3090.6110622636966,21304.004633461824
vid_000054_frame0000036.jpg,108.34451131687243,133.2649943033854,31.664149838544763,45.9285436389247,3047.1913401148836,20766.601638585096
vid_000054_frame0000041.jpg,106.30255401234568,131.27063496907553,35.9672923357127,55.4269253804372,3638.847782554525,30759.975482519716
vid_000055_frame0000001.jpg,72.96021862139918,104.61358642578125,46.61223632656694,66.4515696071269,3655.4505047910357,27690.383792238077
vid_000055_frame0000005.jpg,79.5047170781893,107.94417317708333,51.472309901508304,67.80811669949247,3091.3161009287246,23412.549372341484
vid_000055_frame0000015.jpg,74.79628086419753,105.42568969726562,51.77297640625143,69.91837173800984,3738.6562522475974,27142.34265863523
vid_000055_frame0000020.jpg,72.27939300411522,102.99113464355469,50.265132697165484,68.16055505047801,3369.2305026648355,25026.067010881146
vid_000055_frame0000025.jpg,72.2761111111111,104.25621541341145,44.88331387616308,64.12087848368387,4448.886243247922,29308.183501824737
vid_000055_frame0000030.jpg,74.74829732510288,105.74387613932292,46.03884201359489,65.01555962304168,4409.2337253085825,29761.665923594497
vid_000055_frame0000045.jpg,77.51459362139917,108.11871337890625,45.94265338653111,64.82091548676648,4169.391195729918,28530.41361491359
vid_000055_frame0000049.jpg,77.7353883744856,108.43448384602864,46.318917274232454,64.63462985440638,4138.671041420836,27616.176280736923
vid_000055_frame0000055.jpg,76.96075360082304,107.92490132649739,46.30735871922979,64.60685833124107,4297.3624078837065,27773.61560587748
vid_000055_frame0000060.jpg,76.33025205761317,107.829345703125,45.82324830054075,64.59421781469862,4333.133848700595,28688.76802816149
vid_000055_frame0000070.jpg,77.48515946502057,108.0670674641927,46.24565307038782,64.55332251397498,4228.604081372827,27821.101650455734
vid_000055_frame0000075.jpg,75.58958847736625,105.93436686197917,46.28298082923898,64.4275498133928,4451.648463611624,28493.31863861694
vid_000055_frame0000080.jpg,75.21054269547325,105.64234415690105,45.62559837212587,64.65085981569445,4460.798752621969,29695.364280878566
vid_000055_frame0000095.jpg,76.54162294238684,107.28729248046875,46.544910400572626,64.986138947217,4344.340775291257,29267.726912464714
vid_000055_frame0000175.jpg,77.81371399176955,109.01490275065105,52.70736066728054,69.90923791526446,4476.438409110417,28518.904690142488
vid_000055_frame0000245.jpg,73.6603755144033,107.50067647298177,44.60459594349956,64.47321742969747,4242.782750910685,28587.06567505654
vid_000063_frame0000001.jpg,106.55490483539094,124.12120564778645,40.958651862747914,58.39802038196793,3609.779886916474,32310.524907975458
vid_000063_frame0000002.jpg,106.61460133744856,124.06426493326823,40.90027052330014,58.291980422266725,3520.207378572007,31832.85941170156
vid_000063_frame0000003.jpg,109.42144290123457,123.31429036458333,40.625554083924264,56.90872305413879,3070.3444506087108,26742.81461816933
vid_000063_frame0000005.jpg,106.21916152263374,121.5732421875,41.87513280019039,59.19236170114395,3475.459044895738,31742.56713465578
vid_000063_frame0000010.jpg,106.92736111111111,125.58968098958333,35.52732112947849,59.33901770625205,3434.053085298008,33320.95524995681
vid_000063_frame0000015.jpg,106.87068930041153,125.16355895996094,33.8753752949944,57.14939057764859,3112.8497603261103,30155.193336974597
vid_000063_frame0000021.jpg,102.4743287037037,120.12880961100261,38.74853693556826,58.329354558345344,3344.2254362902,29312.685763517162
vid_000063_frame0000026.jpg,101.5286908436214,118.13711547851562,38.525235968973924,59.49447373832496,3064.6547246570644,28319.355157004436
vid_000063_frame0000030.jpg,101.74190586419753,119.56563822428386,38.75798052786206,59.18196781818891,3471.7233321172816,31262.733057223028
vid_000063_frame0000040.jpg,104.68406121399177,123.15215555826823,37.610309979272884,57.916570061244734,3153.9855803011524,30595.59366318211
vid_000063_frame0000044.jpg,105.98658436213992,124.43235778808594,35.084496623922,58.55020805889721,3230.4596765803017,32715.886414298555
vid_000067_frame0000013.jpg,106.00225051440329,125.77099609375,34.521818152831415,37.031386205366395,2739.425846581838,13552.459310021251
vid_000067_frame0000015.jpg,118.39079218106995,135.64300537109375,33.59446385397189,37.00030361160849,2555.452054371892,13471.439422919415
vid_000068_frame0000001.jpg,96.13962705761317,116.56909688313802,34.11804817965572,33.90568410797407,2770.410365189127,13805.861864215694
vid_000068_frame0000002.jpg,96.49170781893004,116.33776346842448,33.98848363368245,33.515501555394415,2741.118918800488,13399.432078301907
vid_000068_frame0000015.jpg,91.35518518518519,111.74564107259114,33.529597834343086,33.61884137177029,2972.789427504799,13635.389212870738
vid_000068_frame0000016.jpg,91.59991255144033,112.21927388509114,33.62208830529141,33.77016736582922,2923.129067291036,13749.03150782152
vid_000069_frame0000001.jpg,99.90774948559671,122.72083536783855,30.27415737150295,39.939796267597714,2643.0882829646184,18625.60520429071
vid_000069_frame0000002.jpg,100.23451131687243,122.81472778320312,30.215872142623617,39.23248349001405,2570.126340519738,17190.108433156973
vid_000069_frame0000003.jpg,100.13404835390946,123.02781677246094,30.340605714337485,40.04427093092849,2673.6253680883606,18808.115844479762
vid_000069_frame0000004.jpg,100.30616255144032,123.35176086425781,30.786346899861268,40.321258812230866,2753.357136342533,19228.435872785514
vid_000069_frame0000005.jpg,101.02737911522634,123.39678955078125,30.84253222594295,39.988917891662695,2657.0515116512343,18338.88953378424
vid_000069_frame0000006.jpg,101.03424639917695,123.04593912760417,30.78973673804528,38.69592943216821,2624.67684156325,16605.05994361639
vid_000069_frame0000007.jpg,100.8923945473251,123.76397705078125,30.425316422346175,39.19089365376839,2572.1764180383493,17595.658457621932
vid_000069_frame0000008.jpg,99.91580504115227,122.92555745442708,30.212483064401106,39.66119845820841,2653.733888305362,18223.377524255775
vid_000069_frame0000009.jpg,99.42054012345679,122.36720784505208,29.99498522758291,39.41097280630304,2628.426374927603,17876.509450068465
vid_000069_frame0000010.jpg,98.34074845679012,121.66426086425781,30.087240077634156,40.47811142398392,2751.441100282386,19188.511612519622
vid_000069_frame0000020.jpg,96.96997685185185,122.08333333333333,31.265217962921856,42.980484706030495,2811.259504726735,21947.716832876205
vid_000069_frame0000030.jpg,95.87769290123457,122.3892822265625,32.0346494078117,44.438482726428894,2917.343763703073,23599.049755954882
vid_000069_frame0000050.jpg,95.94065329218107,121.74993896484375,31.890956775531308,43.62138449357435,2845.0530519204394,21673.705122104846
vid_000069_frame0000060.jpg,95.87414094650205,121.96374003092448,32.286933871135304,44.494291275271095,2861.8970138867458,22637.630234367214
vid_000069_frame0000070.jpg,95.6163683127572,121.67948913574219,32.4344259738195,44.443140973395884,2933.942934163464,22990.443732972955
vid_000070_frame0000004.jpg,149.87474794238682,160.67033894856772,40.19150845695544,38.82243676821133,1211.1663285169943,9311.203105849912
vid_000070_frame0000005.jpg,149.77498971193415,160.92100524902344,39.71168356703464,38.217229772336594,1153.8641082675447,8306.01445884048
vid_000070_frame0000006.jpg,148.5086985596708,159.11702473958334,39.61468773076271,39.28636486917762,1218.4929220012193,9674.582531453809
vid_000070_frame0000007.jpg,148.40890946502057,158.74993896484375,38.89321939967993,38.77516613904908,1182.4046189528442,8912.598964213394
vid_000070_frame0000008.jpg,147.18075102880658,158.185791015625,38.4521976747795,39.10009463207122,1213.005102934004,10074.989014468156
vid_000070_frame0000009.jpg,146.8511779835391,158.49649556477866,37.596060123117674,38.677406326948436,1135.4725949068718,8488.794224020094
vid_000070_frame0000010.jpg,146.05680555555554,157.97118631998697,37.16195540478809,39.527412255718154,1202.2470275319479,10322.66321703419
vid_000070_frame0000011.jpg,146.03696502057613,158.4536590576172,36.3373536235224,38.92687691762631,1120.8751085724355,9298.763199776178
vid_000072_frame0000001.jpg,115.74572016460905,128.65983072916666,23.802925482351952,38.76831786508843,2291.3951986015854,16260.275618553162
vid_000072_frame0000004.jpg,114.3957304526749,128.3401133219401,23.623792504717464,39.44991413568195,2379.7057191185963,16661.279561672127
vid_000072_frame0000008.jpg,116.39173868312757,129.35977172851562,24.305043966290587,39.998769226629435,2433.583172145062,17277.279777511954
vid_000072_frame0000012.jpg,115.75053755144033,131.10711669921875,22.90505145529881,35.91569099645701,2322.2707744079007,13298.213397087296
vid_000072_frame0000020.jpg,123.5485133744856,136.67787170410156,22.06813377111302,34.81505276472227,2252.2841324864735,13252.846344686113
vid_000072_frame0000024.jpg,120.92668724279835,135.05761210123697,20.9722000424931,33.632637710943754,2234.3279896776407,12670.44188128761
vid_000072_frame0000028.jpg,122.00928240740741,136.82059733072916,20.324000811885483,33.33539433343863,2241.994258839163,12626.949929952621
vid_000072_frame0000032.jpg,117.91310699588477,132.35856119791666,20.66871632152075,33.7260568998301,2292.262937037037,12575.295116396388
vid_000072_frame0000036.jpg,117.94691100823046,133.46638997395834,21.020800201868006,33.754263292964716,2285.7587977135245,12596.856448951876
vid_000072_frame0000040.jpg,119.85509002057613,132.9963175455729,27.877864070086307,39.308187863175085,2230.1875205751794,16348.473109138897
vid_000072_frame0000044.jpg,112.52872942386831,127.40588887532552,31.02285112468154,44.48606515288768,2839.0640713591083,23052.288769707084
vid_000073_frame0000001.jpg,90.42252572016461,112.86678568522136,27.789860535076624,35.46104048347456,2742.3437958146988,13422.253284212202
vid_000073_frame0000007.jpg,83.73998456790123,108.22043355305989,19.598740852510836,27.955823620333536,2681.214786791207,11688.803455114365
vid_000073_frame0000008.jpg,87.79632458847736,112.08358764648438,19.30984818701984,28.334419288374196,2578.0546148047533,11634.844127025455
vid_000073_frame0000010.jpg,90.91500257201646,113.51559448242188,19.65367090563149,27.61877299301314,2408.4287856433257,11355.140897153877
vid_000073_frame0000011.jpg,85.97546810699589,109.61943054199219,19.80779284638965,27.952309243755337,2692.8827831768685,11546.697965886211
vid_000073_frame0000012.jpg,83.47836676954732,107.49033101399739,19.636277004461228,27.370643175587695,2725.8641880420287,11445.844423027476
vid_000073_frame0000014.jpg,80.72999485596708,105.0502421061198,19.86456894271328,26.668662095925097,2714.076448186669,11243.525123668602
vid_000073_frame0000021.jpg,81.43149691358025,105.6681416829427,20.882840404900232,26.908731894196613,2690.5628220698068,11046.561097312486
vid_000073_frame0000030.jpg,92.46962191358024,115.54568481445312,20.491138128003506,27.494401365002727,2447.6570660434286,11329.074684306746
vid_000073_frame0000035.jpg,91.47736882716049,114.09416198730469,20.252685189311098,26.79961301031965,2530.302816098679,11323.00408655568
vid_000073_frame0000042.jpg,95.27761059670782,116.40720113118489,22.30659648303629,29.93110994250178,2524.0821508415615,13201.53031067457
vid_000073_frame0000049.jpg,94.36516975308642,117.4866434733073,22.41663476573045,30.447852653180377,2419.8492683813447,12728.660412907368
vid_000073_frame0000051.jpg,92.90945473251028,115.72168986002605,22.132198815166138,30.833583254164743,2508.7801767946366,14132.748009333154
vid_000073_frame0000052.jpg,92.16329732510287,114.67181396484375,22.350552847400383,31.07837491882335,2493.215721379113,14259.982101067668
vid_000073_frame0000053.jpg,92.71503343621399,115.6934102376302,22.463033311634064,30.753487025454067,2488.386599790428,13844.058124804636
vid_000073_frame0000055.jpg,98.38038323045268,119.00134785970052,23.017059504815034,31.62063127322403,2417.597806712963,14532.594579160213
vid_000073_frame0000056.jpg,98.7334799382716,119.59234110514323,23.020931910947173,30.990463721784874,2289.258322140239,13114.822267859243
vid_000073_frame0000063.jpg,96.80946244855967,117.78409322102864,28.07444101201241,33.19190527142083,2381.073666330816,11682.948334655724
vid_000074_frame0000001.jpg,69.44806841563786,90.83118693033855,38.79413905374425,44.77933755801319,4259.049393071749,19809.788133088266
vid_000074_frame0000006.jpg,74.48757716049383,95.82056172688802,37.52743139344779,43.895547319621734,3985.0133977859227,19309.04435138381
vid_000074_frame0000012.jpg,74.94660236625515,97.10304768880208,37.022984686433475,43.83713086215001,4068.4896925510943,19494.099456250668
vid_000074_frame0000016.jpg,76.37056584362139,99.037353515625,37.557361353813064,44.591540399934146,4133.725104236623,20108.712385630002
vid_000074_frame0000020.jpg,78.15524176954733,100.55447387695312,37.860037888557756,45.020076686002284,4119.301638300123,20275.45281241741
vid_000074_frame0000021.jpg,77.47102366255145,99.52835083007812,37.68459455194798,44.96569036046332,4068.3232580758936,20267.70378145203
vid_000074_frame0000022.jpg,77.03018004115226,99.09818522135417,37.515011119946706,44.50428143496439,4038.402934356186,19976.54570474848
vid_000074_frame0000023.jpg,77.51567901234569,99.35617574055989,37.740203414357076,44.949922238462825,4074.739396780634,19867.999353144085
vid_000074_frame0000024.jpg,77.56894804526749,100.06233723958333,37.73067262401879,45.14564488507607,4118.341682021605,19967.41778018698
vid_000074_frame0000025.jpg,78.02350308641975,100.2239990234375,37.41618428944731,44.621356040027635,4034.375944329895,19753.07027857541
vid_000074_frame0000026.jpg,78.25924382716049,100.26244608561198,37.51076106839556,44.75579290957296,3991.97779731647,19750.39319558791
vid_000074_frame0000027.jpg,78.4803420781893,100.94844055175781,37.47464780039488,44.93674269033206,4109.678367423923,20098.634750693105
vid_000074_frame0000028.jpg,76.20398919753086,99.22550455729167,36.84088173354749,44.59877498922692,4007.7927655473036,19949.090161292814
vid_000074_frame0000029.jpg,77.5391512345679,100.52151489257812,36.898727075245084,44.785377370347675,3992.1753745484084,19574.045805435395
vid_000074_frame0000030.jpg,80.83458076131687,103.86245218912761,37.25416691906421,45.469510957003486,4042.0329565585826,20306.156540811062
vid_000074_frame0000031.jpg,80.16721450617284,103.49093627929688,36.998850008659,45.32172229294654,3893.076204513354,20200.578452697955
vid_000074_frame0000032.jpg,79.34251543209876,102.45366923014323,36.92979392121689,45.23145657352302,3931.550774238338,19917.435810535913
vid_000074_frame0000033.jpg,79.11301183127571,102.58207194010417,37.07463649487647,45.39234443947152,3897.8415560684703,19744.17415948375
vid_000074_frame0000034.jpg,77.85270833333334,101.31130981445312,37.160045500581134,45.53573613367729,3982.4963914751347,19816.638705670834
vid_000074_frame0000035.jpg,77.0873225308642,100.48818461100261,37.14791243022617,45.24998519379326,3906.8238920309764,19492.01282181195
vid_000074_frame0000036.jpg,76.07122427983539,99.69563802083333,36.83905727748379,45.23865036394358,3879.3603379743345,19182.132757118903
vid_000074_frame0000037.jpg,77.59397633744857,100.22168477376302,36.84334936902229,45.00943441712591,3881.108548393859,19551.394246985903
vid_000074_frame0000038.jpg,77.83019547325102,100.67193603515625,37.09040609154696,45.124347932101365,3992.1409784141138,19977.5520738326
vid_000074_frame0000039.jpg,76.83152520576132,99.33735656738281,36.77064058095015,44.422461526215216,3954.1210827445675,19269.927692866884
vid_000074_frame0000040.jpg,75.66208333333333,99.15892028808594,36.820999968276766,44.55998373598609,4079.1659753643094,19729.427790387534
vid_000074_frame0000041.jpg,74.50707047325103,97.78436787923177,36.88213976925723,44.327933569713736,4126.015987482794,19601.83537858515
vid_000074_frame0000042.jpg,72.92662808641975,95.99069213867188,36.65517320984555,43.91427219529539,4055.132408732472,19338.809608088573
vid_000074_frame0000043.jpg,71.9136908436214,94.72982279459636,36.84010330791372,43.58854225732377,4085.1368679006987,19045.5627461595
vid_000074_frame0000044.jpg,71.40311471193415,94.72071838378906,37.01618113352716,44.023555110533586,4139.030540220563,19622.033767025685
vid_000074_frame0000045.jpg,71.63952160493827,94.26785786946614,37.044039992259115,43.93838781096109,4122.335547048611,19130.29674962815
vid_000074_frame0000046.jpg,70.71391975308642,93.94237772623698,37.268861047412464,45.308523543488135,3649.018758500991,18698.097561718663
vid_000074_frame0000047.jpg,70.43137088477366,93.83444213867188,40.803235845661085,51.997783862677345,4153.474957040122,23330.531719750725
vid_000074_frame0000048.jpg,71.6638091563786,95.04557291666667,41.271477734377484,52.45223452116757,4150.694693072703,24200.08036871231
vid_000074_frame0000049.jpg,74.18070473251029,95.98058573404948,39.822924800004444,50.05077260682775,4030.102825394316,24344.923397401115
vid_000074_frame0000050.jpg,71.0454218106996,94.02809143066406,39.84050021567556,51.396225842946805,4517.399003463649,24405.49438158213
vid_000074_frame0000051.jpg,67.98640946502057,90.84260559082031,38.8002658908234,52.518351247571594,4602.776090790038,26645.230173282092
vid_000074_frame0000052.jpg,66.75796810699589,90.02846781412761,39.59096801989147,53.42334756710113,4514.4539987709095,25893.147303644335
vid_000074_frame0000053.jpg,69.83607510288066,93.66908264160156,39.76573796203387,54.27094953910485,4189.04740663098,25439.015817979118
vid_000075_frame0000001.jpg,79.82530092592593,102.54093424479167,31.138371114190292,33.55963282105777,2834.9168518458982,11769.65080827102
vid_000075_frame0000002.jpg,80.18578189300412,102.88438924153645,31.058119825654174,32.92185091171681,2796.8506782919426,10860.848070516251
vid_000075_frame0000003.jpg,81.71606995884774,104.19070943196614,31.786916436975094,32.85457018641758,2737.011650265239,10645.733933418058
vid_000075_frame0000037.jpg,81.93264403292181,105.88248697916667,20.318664011362085,26.172040672979854,2857.0402941609873,11088.050079345703
vid_000075_frame0000038.jpg,82.40681069958848,105.98595682779948,20.344001044816395,26.287352925739295,2928.153380963268,11474.397612869507
vid_000075_frame0000040.jpg,84.14496399176954,107.53652445475261,20.28400700486964,26.176711862387236,2870.798317244835,11220.598913563183
vid_000075_frame0000041.jpg,84.64537294238683,107.275634765625,20.342761511794038,25.874844787503772,2790.0987629624274,11157.266776069999
vid_000075_frame0000042.jpg,84.84546810699588,107.54086303710938,20.342398013289426,25.919908232738372,2725.668230285434,11145.459034002386
vid_000075_frame0000043.jpg,84.90729166666667,107.67575581868489,20.20410839939029,26.884766950039825,2725.691677974966,11324.191077566706
vid_000075_frame0000044.jpg,84.50454989711935,107.7208760579427,20.049144863337965,27.581676382184114,2824.994022350287,12166.456844553351
vid_000075_frame0000045.jpg,84.10526234567901,107.6892801920573,20.011050832859578,28.089461608026888,2785.4146965234313,12361.280190571211
vid_000075_frame0000046.jpg,83.98231995884774,107.55591328938802,19.88472737779917,27.86897551162136,2736.700976222184,12174.319182019448
vid_000075_frame0000047.jpg,83.60930041152264,107.09356689453125,20.048458858400956,28.206938723078828,2822.7128742826335,12685.370939915767
vid_000075_frame0000048.jpg,86.13216820987654,107.08384195963542,26.54370073180465,33.12397075079076,2545.057526194321,10987.669853672152
vid_000075_frame0000049.jpg,85.70914351851852,107.63551330566406,26.251751925410062,33.44159731995473,2498.550259487645,11569.055796926608
vid_000075_frame0000050.jpg,85.0737371399177,107.3695068359375,25.62482826550582,33.80729984611377,2529.63279877091,11960.986664781114
vid_000075_frame0000051.jpg,85.10955504115226,107.2031758626302,25.776010600696083,33.8220261547327,2549.518786246142,11995.539126397809
vid_000075_frame0000052.jpg,85.81829732510288,108.8641866048177,25.042222649115914,34.1375004164904,2514.8034920515165,12337.603376121959
vid_000075_frame0000053.jpg,86.75196244855967,109.64449564615886,24.97257008587749,34.3443860054817,2466.9059232279283,12454.846373522421
vid_000075_frame0000054.jpg,87.57242283950617,111.34694925944011,24.93428486074305,34.73564913151907,2575.191096247654,12756.699689347064
vid_000075_frame0000055.jpg,86.71031635802468,110.90763346354167,24.720976363795618,34.68693404542654,2597.6330153978056,12689.65791362524
vid_000075_frame0000056.jpg,86.43542438271605,110.79453023274739,24.232700264073294,34.133805263590624,2594.9780870969907,12262.792632102966
vid_000075_frame0000057.jpg,86.85292438271605,111.49412536621094,24.10896201246242,34.91358752441901,2663.4619006939083,13446.490642841905
vid_000075_frame0000058.jpg,87.20722222222223,111.35062662760417,24.16152342672977,35.188065841058695,2560.8291859815577,13618.966461959993
vid_000075_frame0000059.jpg,87.83621399176955,112.43721516927083,23.897322591122343,34.58573050901736,2500.659340246282,12596.12535011745
vid_000075_frame0000060.jpg,86.89400462962963,111.7085469563802,24.14089115128453,34.80369456748151,2596.2890067467206,12982.122373460792
vid_000075_frame0000061.jpg,87.48271862139917,111.7999267578125,23.814434679214607,34.34648008410487,2591.3324440843026,12715.415093160234
vid_000075_frame0000062.jpg,85.79457047325103,110.93312581380208,20.080813525793413,31.925060160294183,2747.041869395802,14965.241625345312
vid_000075_frame0000063.jpg,86.0276311728395,111.26870218912761,20.17222082978298,32.43423174825293,2807.2646445467894,15203.359822245082
vid_000075_frame0000070.jpg,86.56091049382717,111.48050944010417,20.190816546973835,31.77184653910035,2784.863062070795,15174.259772792226
vid_000075_frame0000075.jpg,86.58452417695473,108.99591573079427,31.625752007274865,39.89481700612102,2701.247716135057,12462.569699673913
vid_000075_frame0000080.jpg,78.71906893004115,103.56160481770833,22.4790818985434,27.968587224783835,2795.7870560908564,12067.081096112728
vid_000075_frame0000085.jpg,78.75947788065844,103.31741841634114,22.75171343963627,28.18345432557583,2825.314144996892,12434.349122210406
vid_000075_frame0000090.jpg,83.96485853909465,109.75104268391927,22.450983695248404,31.54758337360773,2707.0845586061937,13396.618756136857
vid_000075_frame0000095.jpg,83.70488425925926,107.7499287923177,23.795665926482332,31.008059940693155,2782.9843329665828,13979.81570020481
vid_000075_frame0000100.jpg,81.43893518518519,105.24048360188802,23.287738642650375,28.335073801608967,2788.288152365719,12248.658691953635
vid_000075_frame0000105.jpg,81.3751980452675,104.68093363444011,23.090010523919833,27.800965177382185,2698.9605392646295,12090.993695746874
vid_000075_frame0000110.jpg,83.50779320987654,103.86318969726562,38.68798118053655,43.75211351366263,3088.100183536951,15129.403190489858
vid_000075_frame0000115.jpg,72.02354938271606,95.58157348632812,35.56061206745124,37.801588616766146,3182.7512344130446,11362.779925945913
vid_000075_frame0000147.jpg,81.51105967078189,105.34112040201823,22.533738675871984,25.19872040481961,2663.7000486796387,10696.817748274654
vid_000075_frame0000150.jpg,79.50131430041152,103.77699788411458,22.547232165251827,25.48864280706516,2797.7034997425603,10715.41676116339
vid_000075_frame0000157.jpg,90.39559413580247,112.10589599609375,37.44751367561644,41.94739939769888,3308.7635590875534,16205.444215064636
vid_000075_frame0000160.jpg,82.40347222222222,105.91983032226562,37.867067794253884,42.505408350010676,3525.6620771519206,16715.594068284845
vid_000075_frame0000165.jpg,82.17272633744857,105.63854471842448,38.14496958587072,42.76295392005115,3525.7974227442464,16758.544374331832
vid_000075_frame0000170.jpg,82.87657407407407,105.46474711100261,36.699443159000744,40.40267425235959,3298.1258358624227,15150.518396155676
vid_000075_frame0000175.jpg,85.6084799382716,107.76892598470052,35.91624504355819,40.70760263806641,3358.3604908449906,15605.383453971706
vid_000075_frame0000180.jpg,89.22155606995885,109.98543294270833,35.73031617085386,39.860793707088234,3173.477246981214,14680.104617984733
vid_000075_frame0000184.jpg,87.14498713991769,107.84871419270833,36.083518515546245,40.31642070493581,3337.480142860987,15737.615155841922
vid_000075_frame0000185.jpg,85.33544238683128,105.55780537923177,36.3570288715121,39.43210164918585,3202.6316782163904,14311.141214426607
vid_000075_frame0000190.jpg,80.35805812757202,102.37400309244792,35.83114910992632,36.12447094061827,3071.6981514488425,11904.222229178995
vid_000075_frame0000195.jpg,78.06342592592593,99.448974609375,36.13443918561511,36.27230437206384,3149.5049057210695,11729.54073538538
vid_000075_frame0000200.jpg,78.89499742798354,100.70828755696614,35.317562076446556,35.760679444569185,3003.5583326388887,11490.041559829377
vid_000076_frame0000001.jpg,83.87292438271605,107.92704264322917,31.85180312933572,35.42062914651432,3075.1540854694763,12907.777547968319
vid_000076_frame0000002.jpg,84.17432870370371,108.09195454915364,31.77886819770228,35.21496836512733,3080.899311211848,12735.049480702728
vid_000076_frame0000003.jpg,83.81863940329218,107.21121215820312,31.856299191035617,35.37982793270658,3084.9640867969824,12809.30777255795
vid_000076_frame0000004.jpg,84.54404063786008,108.14354451497395,31.740114217590236,35.433864607468344,3005.0242272113983,12841.041914473986
vid_000076_frame0000005.jpg,87.26585133744857,111.10962422688802,30.476085874112744,33.771726064103774,2814.259557609358,11815.053765563061
vid_000076_frame0000006.jpg,90.55181327160494,114.57296752929688,23.985119605793653,27.07113330809629,2493.354349372654,10679.156645525014
vid_000076_frame0000007.jpg,92.82166923868313,117.5947977701823,22.616087951957546,26.096138390955044,2435.0046428097253,10848.953781343764
vid_000076_frame0000008.jpg,91.5931841563786,115.49567159016927,22.781550384168668,25.969254367943986,2417.6171572096832,10747.905667409068
vid_000076_frame0000009.jpg,92.77981224279836,116.34803263346355,22.571667579755875,25.997808072448176,2427.1413490220984,10609.648412722861
vid_000076_frame0000010.jpg,92.07603137860082,115.73936971028645,22.71015614138515,26.141851052635957,2471.1454702501046,10750.822606736561
vid_000076_frame0000012.jpg,92.49444444444444,116.86294047037761,22.660672773220558,26.39909216127652,2465.863223336227,10709.658976398176
vid_000076_frame0000013.jpg,93.16497942386832,117.20412699381511,22.650546621271086,26.248801820698105,2398.4495803609866,10731.756593195489
vid_000076_frame0000014.jpg,92.1796193415638,116.11711120605469,22.78995406839297,26.36280099647616,2449.7660703551287,11112.280932596885
vid_000076_frame0000015.jpg,91.61856738683127,115.70195007324219,22.75498838280365,26.27122986418359,2488.9257333066607,10930.036537199281
vid_000076_frame0000016.jpg,90.21345421810699,114.36458333333333,22.74967633181013,26.53057255783054,2479.8108705739883,11060.624794348143
vid_000076_frame0000017.jpg,91.09476851851852,115.29889424641927,22.76779908788943,26.541887536961365,2485.7319524174573,11150.313263323158
vid_000076_frame0000018.jpg,91.3588554526749,115.34549458821614,22.969961060884955,26.76845197815698,2531.4898052352446,11427.708579910686
vid_000076_frame0000019.jpg,92.43264660493827,116.48758951822917,22.70356293854636,26.444158074878974,2456.6240452589163,11055.368044851115
vid_000076_frame0000020.jpg,91.14896347736625,115.97014872233073,22.74783462551767,26.312996182905493,2506.779237645748,10811.528308358043
vid_000076_frame0000021.jpg,92.27371141975308,117.1293233235677,22.76350517745557,26.53846413912075,2450.2410212733744,11098.768096371554
vid_000076_frame0000022.jpg,92.9029218106996,117.555419921875,22.702208647425756,26.148821483824783,2390.7195091047,10678.12161469087
vid_000076_frame0000023.jpg,92.63908693415638,117.455078125,22.698488952120154,26.525070255532853,2403.7198397318793,10592.195417857729
vid_000076_frame0000024.jpg,91.22300154320988,115.61537170410156,22.78799974435587,26.384738663180272,2485.3596128852664,10941.909138916992
vid_000076_frame0000025.jpg,89.9515329218107,114.23020935058594,22.715653236725075,26.496808081234427,2454.4402611620153,10833.66195193585
vid_000076_frame0000026.jpg,87.94089248971193,112.01852925618489,22.683042074711516,26.4753763729038,2540.691775376276,10989.920182239031
vid_000076_frame0000027.jpg,87.9288220164609,112.00229390462239,22.749120987658404,26.408343070462777,2512.2691707475997,11046.214632703923
vid_000076_frame0000028.jpg,87.1415329218107,111.18885803222656,22.98811061720637,26.360462540585747,2591.9942881944444,11186.15843490418
vid_000076_frame0000029.jpg,86.32270833333334,110.32869974772136,22.88367249463873,26.23517306439986,2580.982668788044,10937.160036150133
vid_000076_frame0000030.jpg,85.69902006172839,109.83892313639323,22.90113300849202,26.08638847326936,2657.2162744079,11037.12866026326
vid_000076_frame0000031.jpg,89.19908179012346,113.46116638183594,22.861308753938363,26.234945915968115,2541.9186335388563,10950.871679767966
vid_000076_frame0000032.jpg,88.40436985596708,112.5602315266927,22.944854963125053,26.492170291669233,2577.1549300733027,11501.731483336538
vid_000076_frame0000033.jpg,89.83595164609054,114.5859883626302,22.838669662761447,26.383578458655762,2531.8700740719305,11020.047580346465
vid_000076_frame0000034.jpg,91.73396090534979,116.73633829752605,23.170841837786615,26.64662691897405,2476.077627561954,11140.535486277193
vid_000076_frame0000035.jpg,95.09418981481481,118.78036499023438,23.224185726554573,26.901105042725977,2452.885149176002,11518.131277587032
vid_000076_frame0000036.jpg,94.71257716049382,118.95713806152344,23.091676329001032,27.059030669251687,2531.9153569556374,11571.461674371501
vid_000076_frame0000037.jpg,95.03315329218107,119.51283772786458,22.682141631851383,26.492362940612118,2491.0938837439035,11547.48948740121
vid_000076_frame0000038.jpg,97.88168724279835,120.79306538899739,31.781871806869294,32.8681082510881,2416.251567662549,10613.488512750715
vid_000076_frame0000039.jpg,88.80652520576132,112.45301310221355,35.06377879593836,39.289407239551764,2758.366745004513,13109.962027393049
vid_000076_frame0000040.jpg,85.74198559670782,110.14718627929688,36.303392672231006,41.94887584220938,3305.9488362080383,15619.969174868427
vid_000076_frame0000041.jpg,85.01783693415638,109.40872192382812,36.40785501286801,41.9326568049804,3380.2612354595335,15689.461641854607
vid_000076_frame0000042.jpg,83.51245113168724,108.14939371744792,34.767493736096135,40.11257567970131,3491.0090266331717,14580.969489434501
vid_000077_frame0000001.jpg,86.34236625514403,112.1644999186198,21.64347898251758,31.24468132991011,2822.467689964313,12192.444936260581
vid_000077_frame0000002.jpg,86.69829475308642,113.17303975423177,21.570584565359137,31.025549912746307,2786.454478623626,11837.187093465589
vid_000077_frame0000003.jpg,86.6739531893004,112.71317036946614,21.758411824944837,31.407931959703724,2786.9370067291575,11939.607809289359
vid_000077_frame0000004.jpg,86.09181327160493,112.52293904622395,21.801307060858537,31.807418570891734,2793.795614806241,12104.684219766175
vid_000077_frame0000005.jpg,86.1537757201646,112.0942891438802,21.815782577959315,31.777796960429114,2879.818157195692,12132.501805396518
vid_000077_frame0000006.jpg,89.1525462962963,114.16934204101562,20.117356079657107,29.64314548508149,2615.870144318641,11837.33989047911
vid_000077_frame0000007.jpg,85.64492026748971,109.86883544921875,20.338568724118723,32.55631291755485,2706.5896954646782,13187.671996257268
vid_000077_frame0000008.jpg,85.00987397119341,110.42348225911458,21.782547610078836,36.59618151724853,2798.5197897033604,15689.917259156471
vid_000077_frame0000009.jpg,87.87972993827161,111.68492635091145,21.855782743483672,36.598676711636934,2676.498825284827,15440.703267082572
vid_000077_frame0000010.jpg,88.25667952674897,113.12307230631511,21.98768858857803,37.964231623847255,2806.6793307741177,17544.713394111954
vid_000077_frame0000011.jpg,88.83880401234568,113.58294677734375,21.735083005141604,37.19993605139613,2740.355596563441,16031.726668468677
vid_000077_frame0000012.jpg,89.23967592592592,114.2042236328125,21.64546205727089,36.970327216101474,2788.536557058518,16240.541487477487
vid_000077_frame0000013.jpg,84.47341820987654,109.23654174804688,21.687007384450432,35.65595553148744,2832.3571035055634,14865.328238820424
vid_000077_frame0000014.jpg,89.31456532921811,113.15956115722656,21.707576330758613,35.50208755637444,2748.630658778197,14474.94533060491
vid_000077_frame0000015.jpg,91.03591306584362,114.09081522623698,21.20016593965683,35.34482753338231,2685.214704861111,14350.226435275516
vid_000077_frame0000016.jpg,92.3975,116.29803975423177,20.554190218044287,35.789247591230094,2674.0394872875704,15487.033657409018
vid_000077_frame0000017.jpg,95.63955246913581,119.42563883463542,20.3530340051638,35.53118006017416,2592.215700357939,15060.802555667004
vid_000077_frame0000018.jpg,95.84695730452675,120.06225077311198,19.977855313655727,33.60933134845932,2571.9780082375373,13516.00049714651
vid_000077_frame0000019.jpg,85.41606738683127,109.32169596354167,21.02924031235557,33.884570535121426,2748.506932612633,13236.652384988032
vid_000077_frame0000020.jpg,88.47484310699589,111.50572713216145,21.271733979942734,34.72502615057749,2681.3260206894906,14744.019188323757
vid_000077_frame0000021.jpg,91.1138554526749,114.65234883626302,21.158739217383193,35.21347171129677,2698.481399476964,15120.372960623354
vid_000077_frame0000022.jpg,90.88952932098765,114.33790588378906,21.1417473960284,34.54015812217587,2705.255063365912,14603.271814867621
vid_000077_frame0000023.jpg,89.45621656378601,112.45849609375,21.20660230114342,34.55097353148377,2710.6648255134505,14516.18128060922
vid_000077_frame0000024.jpg,91.11793981481482,114.18966166178386,21.046725456537885,34.51644672816467,2677.6613251705153,14693.527078284882
vid_000077_frame0000025.jpg,93.37292438271605,115.88207499186198,20.703691419961956,33.98178846334299,2599.0438007077805,13990.12948080874
vid_000077_frame0000026.jpg,94.47618827160494,117.77667744954427,20.581094467070894,34.10995994658545,2610.0796167809185,13857.657338722609
vid_000077_frame0000027.jpg,85.55799382716049,108.34735107421875,21.621009607996978,34.442684363544984,2773.2792954860515,14821.140500194393
vid_000077_frame0000028.jpg,87.88600308641975,110.27421569824219,21.80936339887499,35.18098935748874,2759.1804354745373,15454.599840206793
vid_000077_frame0000029.jpg,91.73015946502058,113.08388264973958,21.87240754480052,34.38256535234441,2527.9284184527296,14094.755430675112
vid_000077_frame0000030.jpg,93.5457175925926,115.06644694010417,21.970424574692732,34.44115777500702,2562.108484138993,14627.71135275974
vid_000077_frame0000031.jpg,95.11210905349795,115.55677795410156,22.036235788649645,33.10195786967282,2597.6736344087576,14130.760307847522
vid_000077_frame0000032.jpg,95.19173868312757,115.189697265625,21.28292089620455,31.27371016628187,2505.148473818778,12329.614349297248
vid_000077_frame0000033.jpg,105.57521090534979,125.06805419921875,22.33229525196528,34.74832957507641,2290.9067771262003,11392.581397278002
vid_000077_frame0000034.jpg,100.46591563786008,120.23710632324219,24.03269979099127,36.22888465304698,2399.1796669217247,11872.510826710379
vid_000077_frame0000036.jpg,95.53385288065843,117.51343790690105,26.577859378183643,37.46468311030364,2551.195248270081,11721.272301223129
vid_000077_frame0000037.jpg,93.49115226337449,114.57916768391927,22.686245150810205,33.20356845253806,2609.0619264902807,12408.995373211568
vid_000077_frame0000038.jpg,92.37392489711934,114.97845458984375,19.298424878861464,27.55158557735927,2538.4407233643883,11057.717728263699
vid_000077_frame0000039.jpg,97.00797582304527,120.10638936360677,18.44863101380062,26.835750209127934,2482.494390174361,11106.765112876892
vid_000077_frame0000040.jpg,98.69072016460905,121.46883646647136,18.894806515743184,27.320081931329717,2438.6992710304617,11513.88837819919
vid_000077_frame0000042.jpg,104.53593878600823,124.75325520833333,25.202085687750404,40.404410369946895,2446.2557809632676,13126.208895947784
vid_000077_frame0000050.jpg,106.59784465020576,128.94286092122397,19.497236785453662,29.765220368838097,2263.1119079322893,11527.459276638692
vid_000077_frame0000051.jpg,97.54563014403293,120.01216634114583,22.997241429423802,30.617864856434096,2421.4433424210656,11194.558452164521
vid_000077_frame0000053.jpg,92.41149176954733,117.30325826009114,25.209744030253855,31.112671057585484,2544.0567906357164,10341.612602110952
vid_000078_frame0000003.jpg,91.32628086419753,113.85284932454427,22.31470147478495,29.426017430669756,2604.6850082587925,11666.585643397411
vid_000078_frame0000004.jpg,92.93884773662552,115.4764404296875,22.494717489389217,29.7247526065654,2607.417977618634,11524.357112660073
vid_000078_frame0000005.jpg,101.13793724279836,123.77241516113281,22.387055711739002,29.679023230965296,2432.1869521888334,11061.330419095
vid_000078_frame0000006.jpg,97.90475823045267,121.51039632161458,21.319528905446983,28.608171627633467,2393.9272950617287,10619.79496688
vid_000078_frame0000009.jpg,96.32602109053498,120.17901611328125,17.87719507548779,28.04345631048278,2415.5324939793386,11270.299585954985
vid_000078_frame0000011.jpg,97.73846193415638,120.89966837565105,17.937799569503234,29.281450527996196,2476.504495240281,12004.01434906479
vid_000078_frame0000014.jpg,99.37074845679012,123.12359619140625,18.269785255931094,31.247454373249234,2493.9698220807013,13858.731519616209
vid_000078_frame0000032.jpg,94.87619855967078,117.98819478352864,25.47829539769285,35.82533586074213,3034.1985548124694,14711.920079272008
vid_000078_frame0000033.jpg,94.4350925925926,117.41642761230469,25.26510763032039,34.79930695337641,2930.1940582513503,14369.126399304718
vid_000079_frame0000008.jpg,76.53068672839507,98.60957845052083,29.33305247991966,32.26535474893931,3137.965590263429,11878.12279337272
vid_000079_frame0000010.jpg,79.44187242798354,100.04736328125,29.397367428399964,32.910076498506626,2969.0023685185183,12733.03491099528
vid_000079_frame0000011.jpg,78.69435442386832,99.3661600748698,29.198319139215076,33.967883341099885,2979.5911593790493,14467.742374919122
vid_000079_frame0000012.jpg,76.21636574074074,96.97699483235677,29.159869916395905,34.2004167012806,3159.338343942842,14967.345768954605
vid_000079_frame0000013.jpg,74.90095936213991,96.1318359375,29.01175666518298,33.32348824229753,3064.6053619583886,13570.635974165052
vid_000079_frame0000014.jpg,75.8710853909465,96.9213358561198,29.398629386931578,34.509971274580764,3174.392603071178,15488.049696935108
vid_000079_frame0000015.jpg,79.89082561728395,101.80219014485677,29.870663884360358,33.42356236799127,3018.042373110044,12628.79068083223
vid_000079_frame0000016.jpg,83.68497170781893,104.11918640136719,29.76843212027475,33.705372037892296,2841.43221332251,13257.200409647077
vid_000079_frame0000017.jpg,84.52129886831275,104.94778442382812,29.3187127575101,33.08032868532957,2810.3231987873414,12540.031344114803
vid_000079_frame0000018.jpg,85.2491049382716,106.74328104654948,28.791116228525446,32.9931651752937,2902.0778796481454,12449.438391625881
vid_000079_frame0000019.jpg,85.05257973251028,106.40675354003906,28.9686659385016,33.81288798375749,2758.318406142773,12681.075557350181
vid_000079_frame0000026.jpg,91.25269032921811,111.98375956217448,27.673412376065787,33.75073852818222,2716.3067954317535,13543.670103261014
vid_000079_frame0000027.jpg,92.63967335390946,114.00687662760417,28.03984245706026,34.12737087656134,2743.1163082061016,12498.205932408338
vid_000079_frame0000039.jpg,94.8350128600823,115.91307067871094,27.852918350188414,34.74936280549367,2616.807901234568,12239.506670883857
vid_000079_frame0000050.jpg,97.5922968106996,119.25968933105469,28.169763414074097,33.87290777649396,2551.753845192949,11018.631396397948
vid_000079_frame0000055.jpg,95.43131687242798,117.6118672688802,28.100223512181735,34.38607920941911,2585.936294772139,11147.130949265324
vid_000079_frame0000058.jpg,92.26771090534979,115.30552673339844,27.606067756232356,34.020405971030584,2678.433438592571,11149.198138496839
vid_000079_frame0000061.jpg,92.18389403292181,115.52239990234375,27.369796419226855,34.28405563670414,2697.27355838263,11183.393735345453
vid_000079_frame0000070.jpg,96.76416152263374,117.93207295735677,28.091956813650434,35.20947041084067,2670.725485967983,12032.623245268129
vid_000079_frame0000073.jpg,94.13363425925925,115.40059916178386,27.877558370702282,35.079669153430125,2721.761395221527,12154.97505730018
vid_000079_frame0000079.jpg,90.52486111111111,112.55902099609375,27.258343084780915,34.22572042426252,2701.8983751985575,12000.4694305202
vid_000079_frame0000090.jpg,90.99728652263374,112.69528706868489,27.399885016414956,33.381362285985674,2709.2672339791357,11818.148125853157
vid_000079_frame0000097.jpg,90.20171296296296,112.84510294596355,27.12858045906925,32.9932593013752,2688.98906592882,10948.097966072848
vid_000079_frame0000101.jpg,89.74730452674898,111.10173034667969,27.1533942420853,31.79637722046955,2730.0480520109363,11388.642434332287
vid_000079_frame0000110.jpg,88.80096193415638,110.78136698404948,26.915016921896193,31.73662576289889,2699.048639852859,11425.874415304279
vid_000079_frame0000111.jpg,87.0059670781893,108.30146789550781,27.038351922446083,32.03537040764752,2857.177415875771,12078.275964728557
vid_000079_frame0000115.jpg,86.06888117283951,107.7180887858073,27.696991890959865,32.57215101140882,2875.1668925325193,12424.662246227032
vid_000079_frame0000118.jpg,91.51126286008231,113.65580749511719,27.625059665128187,33.36895271589813,2710.2661043093185,12120.301154351793
vid_000079_frame0000120.jpg,89.0188091563786,111.08792622884114,27.260130703064256,32.448043453853494,2770.9849963300535,12009.312494722893
vid_000079_frame0000121.jpg,87.43492541152263,109.2467549641927,27.411657650979038,32.34828534539544,2796.846740883393,12339.522759846412
vid_000079_frame0000126.jpg,91.78440072016461,113.92388407389323,27.178299050449002,31.729154050207033,2649.338120691337,11352.93793720007
vid_000079_frame0000127.jpg,88.90512602880658,111.63441467285156,27.34994900085452,31.942043736077988,2735.1302573773414,11163.651099471143
vid_000080_frame0000009.jpg,82.18641718106996,103.97425842285156,29.38263251989534,32.491438513394705,2871.3866014988544,11345.528502269648
vid_000080_frame0000020.jpg,83.81197273662552,104.23870849609375,29.67122594954666,33.317893936139335,2891.540800906636,12686.176674803486
vid_000080_frame0000023.jpg,84.28524948559671,105.41813659667969,30.012643572199238,33.28255422856842,2955.0919641617493,12288.67240223079
vid_000080_frame0000029.jpg,84.70346965020576,105.56571960449219,30.01436631835481,33.31101793396393,2851.0508171751158,11450.386528058909
vid_000080_frame0000030.jpg,84.32474279835391,105.13946024576823,29.91760134610089,33.85552239419243,2892.780228158758,12812.589388724416
vid_000080_frame0000031.jpg,84.62617026748971,105.55581665039062,29.94538704958074,33.704941760833066,2805.7677123194235,12260.808276885888
vid_000080_frame0000034.jpg,89.96333333333334,109.08444722493489,30.42566699580993,34.51266047593932,2772.99805753452,13338.932247771882
vid_000080_frame0000037.jpg,89.10098508230453,108.55220031738281,28.71270617589351,33.99413819500364,2784.493416833312,13593.450184652349
vid_000080_frame0000045.jpg,88.70739711934156,109.49928792317708,29.416900128733147,33.62507668338691,2730.5024801095014,11467.563866341254
vid_000080_frame0000046.jpg,89.62868569958847,109.97748311360677,29.374334834794237,33.844621299378666,2770.15516813218,12032.96726283338
vid_000080_frame0000051.jpg,84.91128086419754,106.20381164550781,29.013797702200982,33.26611183001086,2746.2129456980642,11359.180234389147
vid_000080_frame0000052.jpg,85.14966049382716,106.60194905598958,29.18979627669332,33.26510716962324,2889.500621581123,11661.373240932822
vid_000080_frame0000053.jpg,85.64289351851852,106.17431131998698,29.306026907952027,33.00940417580897,2790.0350859032064,11545.040889963508
vid_000080_frame0000054.jpg,86.13019032921811,106.4374287923177,29.461311469848816,33.59993283166705,2797.375401774632,11912.23604521132
vid_000080_frame0000055.jpg,87.56908179012346,107.55198160807292,29.573736946937984,33.820877118501315,2805.588820264572,12399.334973141318
vid_000080_frame0000056.jpg,88.97257458847737,109.58312479654948,29.67818607687945,33.92906579609203,2614.4781915749786,11802.965528812027
vid_000080_frame0000057.jpg,89.83189814814814,109.41633605957031,29.599736332345238,34.31464663689725,2753.8810296624347,12355.382555252872
vid_000080_frame0000058.jpg,89.68122170781893,109.49085489908855,29.550486690254136,34.37132641629978,2712.5333345183667,12267.867662353208
vid_000080_frame0000059.jpg,89.03237139917695,109.62425231933594,29.444791689670193,34.4459804159152,2637.181194855015,11848.156067571603
vid_000080_frame0000060.jpg,88.54802726337448,109.05290222167969,29.68781078186522,34.528928175087785,2740.096953588439,12298.599187359214
vid_000080_frame0000061.jpg,89.24906378600824,108.72128295898438,30.002969145731516,34.66351672290997,2724.6224493767627,12306.444785892032
vid_000080_frame0000063.jpg,91.83740483539094,111.44322713216145,30.607809705579058,35.05419158333107,2698.8687825788747,11892.299447396537
vid_000080_frame0000064.jpg,90.39848765432099,110.65835571289062,30.460064234090336,35.137806776369544,2641.012448765432,11784.848118927097
vid_000080_frame0000069.jpg,84.71165637860082,108.02158101399739,29.308290831332027,34.18138964747947,2867.5675143932303,11390.771843995899
vid_000080_frame0000071.jpg,85.35938014403293,108.75376383463542,29.142301281787866,33.8652998932379,2805.8464061413447,11113.878115614643
vid_000080_frame0000072.jpg,91.38218878600823,113.12464904785156,29.326604414506225,34.56666869816402,2807.701715970734,11247.782882690197
vid_000080_frame0000074.jpg,94.68808384773662,116.82685852050781,29.572285451974317,35.22909012954889,2638.9488422019676,11354.46420513629
vid_000080_frame0000075.jpg,93.71910751028807,114.10816446940105,29.675793108718185,34.7370721768951,2646.403063728614,11609.855216137134
vid_000080_frame0000077.jpg,92.55961676954732,113.13134256998698,29.861868041349624,35.29090281873142,2636.73123531325,11257.747633784078
vid_000080_frame0000079.jpg,93.76577932098765,116.14251708984375,29.558773481787046,35.39865638145289,2644.7749808527064,11000.589632777264
vid_000080_frame0000080.jpg,93.875295781893,115.4815673828125,29.37848572769238,34.6927379385776,2626.346338637165,10644.501129233977
vid_000080_frame0000081.jpg,91.48330761316872,112.71110534667969,29.540918980352117,34.4989765455935,2644.7802116897556,11119.434173282236
vid_000080_frame0000082.jpg,91.42676440329218,112.32034810384114,29.586769001056204,34.22695173446572,2721.3836962962964,11098.085933148861
vid_000080_frame0000083.jpg,90.85151748971194,111.56763203938802,29.343757359074754,34.114422711789814,2755.491687424745,11464.78422270692
vid_000080_frame0000084.jpg,90.98259002057613,111.89127604166667,29.188027237765386,33.901057163785296,2768.71359308074,10989.19511590316
vid_000080_frame0000085.jpg,90.83634259259259,111.52986145019531,29.071672486290158,33.66321115544008,2735.3836994110557,11180.651658772491
vid_000080_frame0000087.jpg,90.26479423868312,112.71275838216145,29.200292825404155,34.239655452675855,2798.041482920858,11303.562099884963
vid_000080_frame0000088.jpg,90.84494855967078,113.13480122884114,29.404840192497648,34.80276240664792,2881.9848320086853,11374.171538099647
vid_000080_frame0000089.jpg,90.85379372427984,112.72719828287761,29.396028586653113,34.64247348026527,2750.528456575789,11200.574027027935
vid_000080_frame0000090.jpg,90.78163065843621,112.54608662923177,29.49837374354377,35.15069924416848,2886.429437368482,11662.42642354872
vid_000080_frame0000091.jpg,89.69084362139918,111.37173461914062,29.51066868721365,34.40341461471854,2791.1365843377894,11412.873569052434
vid_000080_frame0000105.jpg,87.14308641975309,107.14127604166667,29.67526941333218,34.73867927530191,2930.008599376941,12853.67280793842
vid_000080_frame0000122.jpg,85.83845936213991,105.66531372070312,29.47118261497493,34.517647839283896,2904.98241293629,13232.198190642288
vid_000080_frame0000124.jpg,84.87627314814814,104.9745585123698,29.643804528316608,34.56400577636846,2882.107362394976,13616.91248397436
vid_000080_frame0000125.jpg,85.11756172839506,104.70597839355469,29.53674885882808,34.644251826766514,2917.804772404169,13825.052075940883
vid_000080_frame0000126.jpg,84.97244855967078,105.89829508463542,29.376597621775666,34.271366652166,2983.329819482489,13011.837056732737
vid_000080_frame0000132.jpg,83.50802983539094,105.48728434244792,28.466067669543172,32.548945281884244,2943.9077339163237,12093.900399609469
vid_000081_frame0000010.jpg,82.9311779835391,106.37142435709636,23.813290397134974,29.30205715767905,2799.320839591668,13022.621137406677
vid_000081_frame0000014.jpg,84.82961676954733,109.03825378417969,23.94435260159508,27.61571035039267,2540.9213413635025,11056.25496282801
vid_000081_frame0000016.jpg,84.90241255144034,108.84677124023438,23.776042757367588,27.47292810973088,2587.25761412037,10644.878553719958
vid_000081_frame0000017.jpg,85.15052211934156,109.47749328613281,23.79247447300047,27.31557424907181,2537.050707723135,10759.968872070312
vid_000081_frame0000018.jpg,85.08534722222223,109.03206380208333,23.86503378931694,27.60564552376361,2535.562770516058,10776.565710248193
vid_000081_frame0000020.jpg,84.97417438271604,108.89803568522136,23.776985085706027,27.837039381412794,2590.9804808927156,11061.117277726531
vid_000081_frame0000021.jpg,84.64670010288066,108.6563212076823,23.91524013179245,27.452118185063522,2553.309953439298,10834.128888960928
vid_000081_frame0000022.jpg,84.6402700617284,108.37919616699219,23.9399414694525,27.812859239926166,2636.97412879938,10864.751379891299
vid_000081_frame0000023.jpg,84.91760030864198,108.63079325358073,23.843462793959134,27.782425241882347,2646.3616496865357,11280.327152109705
vid_000081_frame0000024.jpg,84.94715277777777,107.53230285644531,24.016973119212242,28.548894943395045,2684.0437990395426,11703.839265374234
vid_000081_frame0000025.jpg,86.17980709876544,109.53993225097656,24.037453996066116,28.294037783895458,2603.26955670814,11309.682542647934
vid_000081_frame0000026.jpg,87.33393004115226,110.19645690917969,24.30295717300943,28.494843031072357,2552.448699839725,11562.877174016088
vid_000081_frame0000029.jpg,86.43763888888888,110.26469421386719,24.24466733146965,28.03009995234953,2497.348260011574,11065.641398830106
vid_000081_frame0000030.jpg,84.48585648148148,107.77117411295573,24.06149327030843,28.86461919395076,2665.410019489931,12048.777287738165
vid_000081_frame0000031.jpg,83.40458847736626,106.48984781901042,23.927143499048622,29.45839915133752,2734.1266271147097,12986.385237868875
vid_000081_frame0000032.jpg,82.94359053497942,104.93981424967448,23.82562320399355,29.564589386413633,2673.765932985575,13104.939113702392
vid_000081_frame0000033.jpg,83.84893775720164,106.42189025878906,24.010982604872208,29.256493391066282,2737.692483338811,12807.415203034878
vid_000081_frame0000035.jpg,85.91425925925925,108.75252787272136,24.411852101202275,29.20776937613275,2649.120531549116,12221.088908366626
vid_000081_frame0000036.jpg,87.0555401234568,110.12705993652344,24.475159084432253,29.1038228739512,2462.116806622407,11661.64264435973
vid_000081_frame0000037.jpg,88.3047299382716,110.70998128255208,24.71551973759178,29.547483441640587,2481.4040444643897,12030.059767812258
vid_000081_frame0000039.jpg,86.32565843621398,109.52335611979167,24.736275366572595,29.664366907886382,2544.7648294731653,12348.30538725853
vid_000081_frame0000040.jpg,85.34290895061729,108.06683349609375,24.699517734394508,29.902178144941125,2635.757813831495,12508.265762176365
vid_000081_frame0000041.jpg,84.36021604938271,105.51925150553386,24.821847280620723,30.95208229147698,2682.6815932436343,13522.89452336519
vid_000081_frame0000042.jpg,84.32712448559671,106.24464925130208,24.780160279554046,31.02826824088548,2772.042592483937,13727.24497026205
vid_000081_frame0000043.jpg,84.07721193415638,105.01389567057292,24.872419221010674,31.472230976159278,2738.3295523604797,13517.212161144009
vid_000081_frame0000044.jpg,83.73340534979424,104.92885335286458,24.74018983629881,30.8330710020738,2707.6664753076893,13384.07339631021
vid_000081_frame0000045.jpg,83.04576903292181,104.32459513346355,24.67644693390937,30.84513359640481,2784.593204496682,13843.41359114647
vid_000081_frame0000046.jpg,83.60676697530864,106.17723083496094,24.858631574886548,30.056927510229027,2646.654617581102,12346.699395019328
vid_000081_frame0000047.jpg,84.82965277777778,106.18887329101562,25.27560830805858,31.05291140584131,2746.4483289892446,13594.866129904054
vid_000081_frame0000048.jpg,85.2941049382716,106.77706400553386,25.508798393792695,30.558734268521807,2687.934282806546,13179.383197119227
vid_000081_frame0000049.jpg,85.70948302469135,108.74960835774739,25.27039850755581,29.7142043811648,2635.451842489653,12545.751716788625
vid_000082_frame0000001.jpg,88.31610082304526,109.38219197591145,31.749677876952493,39.39204813242944,3042.14413979743,15976.977223912021
vid_000082_frame0000002.jpg,88.46027263374485,110.63769022623698,31.51283943582975,39.280198231724896,2924.2086413293873,15597.557589258999
vid_000082_frame0000003.jpg,83.70661522633745,107.56285603841145,27.70757184443452,36.1071866635592,3026.3194168547457,14631.010299689136
vid_000082_frame0000004.jpg,78.87192901234567,102.92905171712239,28.272112000307366,36.5970266987872,3206.644940069873,14694.170420166105
vid_000082_frame0000005.jpg,79.08264146090535,103.3468526204427,28.721073730853742,36.73440786584811,3291.9757822144466,14688.50062914542
vid_000082_frame0000006.jpg,81.91161779835392,105.86541748046875,28.0744935130523,34.62934085864038,2924.4989279813954,13071.41281221225
vid_000082_frame0000007.jpg,86.1641049382716,108.04742431640625,27.102242565505957,32.30311833462202,2667.0979299763158,11208.15967385075
vid_000082_frame0000008.jpg,85.55839506172839,106.23129272460938,32.39413289763449,36.411642642192845,2748.4601676168245,11860.041833845666
vid_000082_frame0000009.jpg,75.34755658436214,95.96337381998698,43.68387874300811,45.67549953315608,2930.7426322011097,10512.714504382573
vid_000082_frame0000010.jpg,68.50483024691358,89.9703877766927,42.778484690190695,45.56700256999452,3174.8583309134947,10461.58808684349
vid_000082_frame0000011.jpg,68.8610853909465,89.64881896972656,42.48337774742207,44.645187282918634,3294.2146241995792,11012.041333875619
vid_000082_frame0000012.jpg,66.4357561728395,88.27195231119792,42.24405050148274,44.1710040909863,3413.546268586154,10908.558335777372
vid_000082_frame0000013.jpg,59.057795781893006,81.93267822265625,41.878423460297824,44.23574990049807,3241.558981738624,9184.57660342916
vid_000082_frame0000014.jpg,65.43978909465021,88.87544250488281,42.446935719944875,44.46951225159692,3152.2658430460297,9803.99569364544
vid_000082_frame0000015.jpg,80.02343621399177,100.9832763671875,42.50993034703925,45.06469207738016,2745.663221377684,10077.151587601751
vid_000082_frame0000016.jpg,84.60380658436215,105.25030008951823,42.25298338403431,44.672830117459576,2617.660126452654,10264.68913093931
vid_000082_frame0000017.jpg,78.71589248971193,99.76668802897136,33.909926537802185,38.22486152742448,2879.264256982489,11241.274519383907
vid_000082_frame0000018.jpg,74.68308384773663,97.10682169596355,28.405172340537643,33.66779029890362,3121.1111524643134,11648.38923978596
vid_000082_frame0000019.jpg,74.6310982510288,100.30525207519531,29.579427050005584,37.34509314404224,3344.0034756296077,13420.861032819143
vid_000082_frame0000020.jpg,76.35604166666667,100.9944356282552,32.28296129205423,40.01651244514936,3624.8581330587467,15413.990768692456
vid_000082_frame0000023.jpg,78.90279063786008,103.18335469563802,32.36837420370293,39.975509855114495,3608.6957107681756,15281.735077230027
vid_000082_frame0000024.jpg,79.51783693415638,103.97950236002605,32.37316824746628,40.2276806851581,3606.463140106072,15458.695298727602
vid_000082_frame0000025.jpg,80.13010288065844,104.23152669270833,32.43698341707028,40.15671389015376,3656.680230814663,15551.454173859209
vid_000082_frame0000026.jpg,79.68216563786008,103.74083964029948,30.959192739202667,37.891099116596685,3332.0612106433255,13694.785132111749
vid_000083_frame0000001.jpg,84.11683127572016,102.94826761881511,23.332804505478414,36.01886515146575,3088.8175288622515,21809.078796610236
vid_000083_frame0000002.jpg,84.6532433127572,104.2018534342448,22.960218414810857,32.76871887315047,2827.2428223191496,16904.25665723323
vid_000083_frame0000004.jpg,87.42842335390947,107.22811381022136,23.057032421100615,31.51743042882788,2738.619651746828,14822.245869904524
vid_000083_frame0000008.jpg,88.4464994855967,107.8430684407552,23.947978768106395,32.79069185018376,2713.60027181064,15770.217275824398
vid_000083_frame0000042.jpg,86.06531635802469,107.5272216796875,23.226090647306822,30.422028673998934,2651.586914864112,13028.15831165365
vid_000084_frame0000008.jpg,81.85113425925925,104.52047729492188,21.788054949371464,27.803348392522647,2732.0555315500683,11661.111153004458
vid_000084_frame0000012.jpg,83.51766203703704,106.86595662434895,21.85486431966688,27.67689221821103,2638.5125598336167,11507.886068647495
vid_000084_frame0000041.jpg,83.09461676954733,103.15584309895833,23.592901601970322,32.365830778631455,2756.196125251248,14793.25494892057
vid_000084_frame0000047.jpg,85.15923868312757,107.99708557128906,23.169852077757646,29.57093372053184,2649.5421882358232,12189.591719656251
vid_000084_frame0000056.jpg,86.76353395061729,109.75955708821614,23.324547386009915,29.821852014515116,2564.0165187742314,11669.30379137746
vid_000084_frame0000064.jpg,87.33430041152263,108.69240824381511,24.889060689393,32.28985808962189,2573.123541974773,12802.489696964622
vid_000084_frame0000065.jpg,85.3151774691358,106.07175191243489,25.379999296584632,31.956102843280416,2595.73194772323,12837.016538984142
vid_000084_frame0000071.jpg,84.66348251028806,106.3201395670573,30.48639423325384,34.50822828092734,2677.4103301082505,12482.691554341232
vid_000084_frame0000073.jpg,88.67891975308642,108.53634134928386,24.937378238318637,31.73050716817226,2601.5785383439434,13306.95406831964
vid_000084_frame0000074.jpg,88.64625,110.61070760091145,23.792733588999152,30.767623882483605,2527.793380743932,12762.16829342302
vid_000084_frame0000075.jpg,88.57512088477367,109.23229471842448,23.960275441645116,31.164926670176474,2562.9982776625134,13078.861887907377
vid_000084_frame0000081.jpg,90.26629629629629,112.00457255045573,23.690388082873334,29.863203745648036,2485.755884409234,11349.566763295792
vid_000084_frame0000082.jpg,89.35755144032922,110.73832702636719,23.726242862770253,29.536222533032568,2577.660049189279,11404.530675377697
vid_000084_frame0000092.jpg,86.56650205761316,109.97628275553386,23.77563098882262,29.632813221457234,2632.551110253772,11802.795557907782
vid_000084_frame0000096.jpg,85.5716512345679,108.84783426920573,23.64999706039204,29.845996235703623,2728.4686388531068,12062.240689422935
vid_000084_frame0000097.jpg,84.7826646090535,107.51875305175781,23.70845864269999,30.08899803959623,2717.2450041571406,12314.189363928279
vid_000084_frame0000098.jpg,85.12083076131687,107.29600524902344,23.559889892747698,29.691100588820014,2692.9399297681734,12034.960288763046
vid_000084_frame0000124.jpg,84.0938811728395,104.97271219889323,24.71138402894095,32.135286980457174,2795.7612573873434,14322.100552940508
vid_000084_frame0000127.jpg,83.69763374485596,104.99787902832031,24.140473023875785,30.357639965891284,2729.2582122551225,13237.72874322161
vid_000084_frame0000128.jpg,83.29691100823045,105.28867085774739,23.591293856164906,30.362468168685105,2824.41457802206,13492.075001461199
vid_000085_frame0000008.jpg,96.86673096707818,115.99893188476562,27.864041594021163,32.695857423999605,2442.987461584017,12083.731709437212
vid_000085_frame0000009.jpg,92.810920781893,110.64815775553386,25.54200043235293,31.280185804598897,2332.24182029321,12076.997740762075
vid_000085_frame0000010.jpg,93.17738683127573,110.8738505045573,25.556229458959777,30.92298816911787,2456.5635185754363,11805.928766352823
vid_000085_frame0000011.jpg,91.00195473251028,107.56501770019531,25.42935265852624,33.59822817768492,2582.7258064412345,13786.066967830062
vid_000085_frame0000012.jpg,92.51489969135802,108.59593709309895,25.195304289611407,32.29426808509976,2532.4450650146227,13091.653121527284
vid_000085_frame0000013.jpg,91.1572633744856,107.06687927246094,23.848603644722303,30.582791019612785,2542.718084207581,12217.454185835784
vid_000085_frame0000015.jpg,96.00699074074075,117.17525227864583,24.04971643480572,28.98593372973178,2525.6012742269068,11194.552628934383
vid_000085_frame0000019.jpg,95.15087962962963,115.97694905598958,23.94246012547576,30.665947023858994,2421.305911521681,12247.683108270168
vid_000085_frame0000021.jpg,96.66538580246913,116.82689412434895,24.12299381635525,30.47814980160578,2516.7963009221153,12030.672154209577
vid_000085_frame0000022.jpg,95.95713220164609,116.61205037434895,24.03943746872563,30.140261974605547,2476.1032015410665,12269.451987527078
vid_000085_frame0000024.jpg,94.45797067901235,114.96959940592448,23.968929819766704,30.629660015591778,2582.5361930212025,12067.561609587632
vid_000085_frame0000027.jpg,94.90573816872428,115.27588907877605,24.179046977753945,30.67352106846712,2595.4285719554946,12063.951644211076
vid_000085_frame0000031.jpg,93.84856481481482,114.54066975911458,23.90882898414137,30.495003613457012,2610.467343962191,11857.219855143689
vid_000085_frame0000033.jpg,76.23566615226338,98.71232604980469,22.312055209193367,29.385846537586858,2981.9817760164224,11372.509595379
vid_000085_frame0000034.jpg,75.5557767489712,98.35805765787761,22.524296005851383,29.864436651184405,3068.196451920201,11682.434043254703
vid_000085_frame0000035.jpg,75.36002829218107,97.58546447753906,22.52241833538523,30.04405435911564,3030.27864304216,11585.207316860557
vid_000085_frame0000036.jpg,76.2635725308642,98.94448852539062,22.466293160850693,30.542454269358384,2983.355123898796,11664.131054121768
vid_000085_frame0000037.jpg,77.49432355967078,99.51747131347656,23.65349591524672,32.42489929936821,2975.561943414685,11819.758178990101
vid_000085_frame0000038.jpg,82.57559413580248,103.1531270345052,29.061741791196116,37.73000939565308,2785.6104674380335,11640.92723506689
vid_000085_frame0000039.jpg,79.47017489711934,102.225830078125,24.34366653105428,32.65120194552419,2797.2161049189813,11594.754249832593
vid_000085_frame0000040.jpg,78.8610982510288,100.12436930338542,24.66151940013151,32.05684642631686,2774.109577672754,11130.700977505883
vid_000085_frame0000041.jpg,77.84421810699588,98.82521057128906,24.98454607755363,32.584321044204614,2766.7823715405784,11215.821564724436
vid_000085_frame0000042.jpg,75.94072273662552,97.40334574381511,24.093891318348057,31.170597796448572,3085.6344919309536,11523.597551299026
vid_000085_frame0000043.jpg,75.77808384773662,98.34751892089844,22.234262123398246,29.370309768109063,3028.1404172646603,11665.3318377994
vid_000085_frame0000044.jpg,75.41412808641975,97.40744527180989,22.268637001749628,28.81742456298365,3001.3316921103396,11560.392032874515
vid_000085_frame0000045.jpg,77.3729938271605,97.52000935872395,23.20052317967553,30.158029625812276,2919.201958776232,11579.8382833004
vid_000085_frame0000046.jpg,78.9176183127572,99.04090372721355,23.327398457889867,30.363112735209434,2826.3102135716736,11667.17901666998
vid_000085_frame0000047.jpg,77.82758744855967,98.68395487467448,23.127639016197616,29.54707131922784,2827.4201883115547,11287.977823270252
vid_000086_frame0000009.jpg,84.18779320987655,108.74981180826823,24.30259487081946,28.970622868787302,2775.9042806326565,10424.36771235778
vid_000086_frame0000011.jpg,81.02952932098765,104.74967956542969,24.32750130801826,28.968124715822665,2824.1480137517146,10651.653777334606
vid_000086_frame0000012.jpg,77.36136059670783,100.78663635253906,24.224820033574343,28.841501474042303,2868.487588614005,10651.238749190234
vid_000086_frame0000013.jpg,77.7438554526749,101.73438517252605,24.496133472332573,29.2063304869248,3008.9605722007295,11073.248788442463
vid_000086_frame0000014.jpg,79.23825874485597,102.82963053385417,24.73237639477128,29.83344210281536,2948.2253089811,11093.923108562827
vid_000086_frame0000015.jpg,80.60577160493827,103.54522196451823,24.97687161887035,30.169682916980822,2938.983023704466,11187.52131371852
vid_000086_frame0000016.jpg,79.05511316872428,102.78603108723958,25.09317446887628,30.097775875460037,2920.670726294522,10966.218352701515
vid_000086_frame0000019.jpg,76.64403034979424,99.94615681966145,25.53207266718091,30.192406172127328,2859.136546478242,10803.378994093975
vid_000086_frame0000021.jpg,79.79500514403293,102.7366434733073,25.857649025332087,30.52515911470191,2928.9949836862115,11303.42203964456
vid_000086_frame0000023.jpg,78.3338091563786,101.25728352864583,25.984827381768124,30.027070913432677,2902.8929503600225,10966.29858663585
vid_000086_frame0000024.jpg,75.6841512345679,98.96268208821614,25.55805388049329,29.578504788932722,2865.299571754437,10884.364747866988
vid_000086_frame0000025.jpg,75.5212037037037,98.4621073404948,25.31536741096049,29.332178702866624,2852.6294650184327,10853.622708044015
vid_000086_frame0000026.jpg,76.31359053497943,99.33444722493489,25.52208858276644,29.689610449821195,2871.877054731558,11166.496578034014
vid_000086_frame0000027.jpg,78.08239454732511,100.63014729817708,25.26775490601456,29.63462634912074,2923.276152945435,10990.097376730293
vid_000086_frame0000028.jpg,79.15151234567901,102.22800699869792,25.24071013917981,29.614990852922798,2948.3080702672514,10897.602429205319
vid_000086_frame0000029.jpg,80.75932355967078,103.80667622884114,25.010014028443134,29.392195189979365,2905.2774722836057,10802.643460524967
vid_000086_frame0000031.jpg,81.49787808641975,104.65034484863281,24.869727776857825,29.631582305799498,2902.170659601659,10857.987451805733
vid_000086_frame0000034.jpg,80.40512088477367,104.07465108235677,24.789128669980887,29.264337082814073,2917.8389269868826,10807.844243736705
vid_000086_frame0000036.jpg,80.65739969135802,104.12548828125,24.641725253831325,29.046907915681874,2729.0717813890797,10613.182081039995
vid_000086_frame0000038.jpg,80.2595859053498,103.61802164713542,24.696005021583073,29.062080444868993,2886.0483039860896,10978.751161850756
vid_000086_frame0000040.jpg,79.69658179012346,102.67055765787761,24.537195827082236,28.83742481140277,2826.3569583523854,10867.23781522736
vid_000086_frame0000042.jpg,79.58009516460905,102.8799336751302,24.422576274503637,28.813035737554102,2911.8226527729557,10904.852599654114
vid_000086_frame0000043.jpg,79.8673482510288,102.95842997233073,22.35076327664168,28.33562725712755,2889.1551297972865,11175.997861540876
vid_000086_frame0000044.jpg,81.31488425925926,103.93600463867188,23.393056210558488,30.280529983226558,2860.9683558122215,11452.632312736474
vid_000086_frame0000045.jpg,81.07222736625515,104.14970397949219,24.990808274806557,31.98508191170592,2800.7386387517145,10926.354837900959
vid_000086_frame0000046.jpg,83.26502572016462,105.6895751953125,25.25724100731922,33.91319219514899,2781.15418724256,11116.924838119885
vid_000086_frame0000047.jpg,80.56548096707819,103.16236368815105,24.80411949516034,33.09552425817417,2887.643019689977,11030.604832089506
vid_000086_frame0000048.jpg,79.65650205761317,102.14992268880208,24.859164891894977,34.006310186214,2878.385889802431,11362.56961272657
vid_000086_frame0000049.jpg,79.70738425925926,103.22169494628906,25.046469897381783,34.63518556928523,2877.771033093278,11358.530417825794
vid_000086_frame0000050.jpg,79.8633950617284,102.20257059733073,24.994296604493417,35.54903032763063,2843.735526336913,12064.753571963869
vid_000086_frame0000051.jpg,79.97016203703704,102.52076721191406,24.805456889283246,34.205038158942024,3002.808852623219,11836.455386712216
vid_000086_frame0000055.jpg,78.13887602880658,101.2410176595052,22.250118739500557,30.93826407157561,3068.3506219063765,11691.840933766216
vid_000086_frame0000056.jpg,79.25264917695473,102.08340962727864,21.858098895453494,30.689217320102358,3028.178928085884,11580.092930305516
vid_000086_frame0000057.jpg,79.96561471193415,103.011962890625,21.528835655195696,29.69737447685038,2980.529801678241,11481.867899871431
vid_000086_frame0000058.jpg,79.52112139917695,101.92359415690105,21.082530638544796,28.845069707395126,3032.80711683093,11635.514403193258
vid_000086_frame0000059.jpg,79.81811728395061,102.76571146647136,20.713405803838125,28.748682226727475,2927.7402271412034,11341.734643097734
vid_000086_frame0000060.jpg,80.91399691358025,103.6192626953125,20.70748720411611,28.676425502485678,2922.3525267146774,11440.645708665252
vid_000086_frame0000061.jpg,82.76593878600823,105.22344462076823,21.06093920761732,28.270160591161883,2917.4368787674684,11543.872938565677
vid_000086_frame0000062.jpg,82.52101337448559,105.73536682128906,22.815025908456136,27.96908501170047,2793.6948443870506,10842.254772271961
vid_000086_frame0000063.jpg,82.85450102880658,106.11803690592448,25.97660653840351,29.418218127684845,2878.230103999961,10541.525658473372
vid_000086_frame0000067.jpg,81.81190072016462,105.06111145019531,25.871520796256473,29.39917838974232,2890.230593072702,10930.963280141354
vid_000086_frame0000069.jpg,82.77825360082305,106.37502034505208,25.89154240167519,29.393767466537266,2859.8518035536104,10627.006798907183
vid_000086_frame0000074.jpg,83.7291975308642,106.44571431477864,26.467445244909023,30.79615380922321,2841.6600482119134,10992.783589049242
vid_000086_frame0000077.jpg,78.40377057613169,101.49050903320312,27.118926358775976,31.46796288028446,2815.974188205816,11086.26760705933
vid_000086_frame0000079.jpg,77.38072016460906,99.86862182617188,27.909952770990024,31.7436519095202,2990.7880990225744,11186.89620041009
vid_000086_frame0000082.jpg,79.82991769547326,102.79955037434895,28.12497219008073,31.676834531055388,2865.7734330632125,11107.098555888748
vid_000087_frame0000001.jpg,92.30942901234567,113.68098958333333,28.34976773885128,30.846259711891054,2564.9567441584272,11130.458905160427
vid_000087_frame0000003.jpg,90.98425154320988,113.37941996256511,28.327452120739263,31.06411064851137,2550.1493746355713,10894.410279974341
vid_000088_frame0000001.jpg,90.41141203703704,109.01835632324219,46.28420753554492,46.82215036943784,3483.3023301037856,15060.884273899486
vid_000088_frame0000006.jpg,90.76937242798354,109.85081481933594,44.42598071589547,45.21660320154071,3436.366604749597,14873.192172317766
vid_000088_frame0000030.jpg,97.83509516460906,115.07644653320312,37.55575183923335,38.73298327223382,2693.155539761231,12004.12517558015
vid_000089_frame0000001.jpg,81.26117283950617,104.08471171061198,34.66462405934742,47.46767367568816,3417.0653971402394,22407.01173102483
vid_000089_frame0000010.jpg,81.39393775720164,104.0692138671875,34.663482103524935,48.36303931796261,3466.8405100946284,23547.31327341497
vid_000089_frame0000014.jpg,81.30988425925926,103.89296468098958,34.73301918113687,48.5896768178329,3471.5436495768076,24257.091049990617
vid_000089_frame0000015.jpg,81.48706532921811,104.13043212890625,34.86240387714921,48.5554841002177,3460.7850854078547,23713.66430724319
vid_000089_frame0000016.jpg,81.26176440329218,103.62802632649739,34.84881689624414,47.89558399469952,3367.8810442043896,22794.962801254354
vid_000089_frame0000024.jpg,81.28952932098765,103.90404256184895,35.379992884930324,48.876782509742796,3532.6290571058503,24555.16299097147
vid_000089_frame0000028.jpg,83.52174639917695,104.60031127929688,31.237284826119485,45.022405834029954,3079.6285916051647,20703.319017550908
vid_000089_frame0000029.jpg,85.74872685185186,106.80471293131511,30.546783962760646,45.253702476758846,2839.4649444251545,20729.58547566831
vid_000089_frame0000030.jpg,89.38062757201646,110.05933634440105,38.41411742990994,53.48675381598514,2962.8173715132507,26955.532280690037
vid_000089_frame0000038.jpg,81.61911779835391,111.59356180826823,33.90566870924237,63.22774088531726,4286.053471277007,50604.392583200475
vid_000089_frame0000039.jpg,82.92783950617284,112.54528299967448,33.86976332905223,63.49746333967198,4260.399951187891,52268.27079763054
vid_000089_frame0000044.jpg,83.30727109053498,113.02199808756511,34.1031304093276,65.18341478287013,4460.052934677867,57653.39431765303
vid_000089_frame0000047.jpg,83.63562757201646,113.27278645833333,34.23215366981229,65.50150496975897,4504.958025965697,58717.709964736365
vid_000090_frame0000018.jpg,100.48664609053498,122.46098327636719,29.336755669223816,73.53397754224613,3731.4713185270325,66535.50267660245
vid_000090_frame0000030.jpg,99.93215534979424,122.00071207682292,29.23500575872172,74.18492745983384,4026.8522265925076,70474.39785712375
vid_000090_frame0000048.jpg,108.85851851851852,131.3046620686849,25.544924891706142,58.493233228905254,2717.406123314793,37266.709696898004
vid_000090_frame0000049.jpg,108.16601080246913,130.5024210611979,26.69519008057734,62.52557260230317,3270.460184036113,51613.965247716755
vid_000090_frame0000050.jpg,107.75128086419753,129.4371541341146,26.825862791560876,62.12979729580836,3469.0713270745214,51836.0621474979
vid_000090_frame0000051.jpg,107.62210390946503,129.61009724934897,27.034397063480274,63.44178842505659,3707.0576395973844,56618.667310634395
vid_000090_frame0000054.jpg,107.15759516460905,128.34046936035156,27.05262307628045,58.80042060137147,2860.18627446839,37653.92224191036
vid_000090_frame0000065.jpg,101.1922170781893,118.9499003092448,28.037522112630633,55.973246883208326,2802.5275611824964,34298.26253400906
vid_000090_frame0000066.jpg,98.53098508230453,115.93453470865886,28.713101331497136,48.454189643828485,2566.8105264896258,22163.073672301136
vid_000090_frame0000068.jpg,93.50172582304526,111.69945780436198,27.653652340374055,37.91644485546487,2477.1119348922016,15231.334329720587
vid_000090_frame0000073.jpg,103.5963220164609,118.72273254394531,24.76218891469255,43.357791374935545,2659.985730481015,22434.09338496416
vid_000090_frame0000074.jpg,105.01425154320988,119.10066223144531,26.448948419753858,48.691801302140455,2639.316935011574,25922.958639442688
vid_000090_frame0000075.jpg,99.46393261316872,116.6828104654948,29.588653591635925,52.54885390417472,2713.4343207733195,27095.134969115024
vid_000090_frame0000077.jpg,90.63861368312757,110.60963439941406,29.322535790359108,57.43667701928111,3029.7472175663365,34267.78688403871
vid_000090_frame0000079.jpg,93.75834104938272,113.15077718098958,29.17691431307027,60.36079909939998,3246.3479397174115,43394.29059949424
vid_000090_frame0000084.jpg,93.54695987654321,113.77871195475261,28.725718615838534,55.111481635183644,2854.316684699122,33242.42236834392
vid_000090_frame0000085.jpg,92.99665895061729,113.68103535970052,28.929767136888444,57.24856936108182,3363.784371924952,38981.936611041194
vid_000090_frame0000086.jpg,96.96658693415638,117.5654296875,28.143810167567946,54.24782436303469,2655.770045061728,28531.69447923242
vid_000090_frame0000087.jpg,102.86777263374485,123.10105895996094,28.60018508526243,60.001668739828816,2802.6321828631662,37608.7739066591
vid_000091_frame0000007.jpg,80.3557896090535,100.36421203613281,44.71907230302277,51.13862921245669,3810.1679059175435,18636.14115283056
vid_000091_frame0000009.jpg,75.39950874485596,95.25715637207031,44.96277105714537,51.42790540851094,4175.100723859739,18503.74588976777
vid_000091_frame0000011.jpg,74.26957818930042,94.36565653483073,44.972384672767895,52.20766599769104,4329.284451345069,19700.278338751756
vid_000091_frame0000012.jpg,74.17290380658436,94.07736714680989,45.0566431212532,52.944947166488795,4334.840204571521,19904.79602998495
vid_000091_frame0000017.jpg,77.37629886831276,98.94043477376302,44.23826506745227,54.69501768602194,4233.623812442606,22421.662815209478
vid_000091_frame0000019.jpg,75.74800154320988,96.81716410319011,44.00812988827601,53.058943623134844,4103.928880840383,20293.881911993027
vid_000091_frame0000021.jpg,75.25632716049383,95.96939086914062,44.310024691443594,51.89618853962044,4259.418624065501,20455.038335523568
vid_000091_frame0000022.jpg,75.66452160493827,96.18422953287761,44.58184266029375,51.865902072567444,4213.937209202044,20879.718144788407
vid_000091_frame0000030.jpg,79.82994598765433,100.92446390787761,44.04639924987965,51.16085765291209,4091.68508805727,20909.07251651003
vid_000091_frame0000035.jpg,79.44036008230452,100.2240702311198,44.76444892461719,53.280737412480725,4224.425412758571,21074.317069633864
vid_000091_frame0000040.jpg,77.71947273662552,97.94891357421875,45.24766847584272,52.73672240569867,4190.091481698436,20314.20192634687
vid_000091_frame0000041.jpg,77.0317103909465,96.30014546712239,45.25818032037977,52.45694942084117,3910.7054559184357,19541.374288977822
vid_000091_frame0000042.jpg,76.85477880658436,96.73399353027344,45.310841441789705,51.83782912310671,4240.261788094183,19056.343193132197
vid_000091_frame0000054.jpg,78.7246450617284,99.18377176920573,45.037982285869,52.31896544479699,4242.557221421086,20000.34058187902
vid_000092_frame0000002.jpg,82.24236111111111,105.42804463704427,33.80735624379259,42.367515483478606,3061.032961581159,17032.79702576413
vid_000092_frame0000024.jpg,79.97398148148149,102.15294392903645,35.82434917508743,45.19443169878116,3350.2073450759576,18948.2948023153
vid_000092_frame0000049.jpg,86.470033436214,108.53175862630208,35.07336647887444,42.74672632597991,3058.772502352859,16584.74294596142
vid_000092_frame0000051.jpg,85.5677829218107,107.91371663411458,35.17200348777168,44.0446838455428,3220.1633193870503,18933.54322527256
vid_000092_frame0000056.jpg,85.52168981481482,110.06753031412761,32.88767097226432,44.7247274004915,3081.5999361673144,19367.272713646293
vid_000092_frame0000060.jpg,87.9439737654321,113.34176635742188,32.45496914294128,49.623257538761365,3315.9268022261635,27394.484101073584
vid_000092_frame0000063.jpg,85.0372170781893,109.21442159016927,33.35006977479569,50.03131687451121,3557.048465004799,28371.263610839844
vid_000092_frame0000093.jpg,78.90427726337448,103.20718892415364,37.89949775742007,55.40102513321601,5200.518065385421,33214.50916813314
vid_000092_frame0000112.jpg,80.60842849794238,104.67339579264323,38.04657142464087,53.87042791706274,5086.770008248968,29658.452410161495
vid_000092_frame0000113.jpg,83.74545524691358,107.45491536458333,37.57022544780812,54.94418139810449,4887.151006095678,30752.474341392517
vid_000094_frame0000004.jpg,73.68815329218107,109.47698465983073,33.498944375376475,58.264068426383055,4216.567943965704,33272.52895864006
vid_000094_frame0000007.jpg,73.97402777777778,109.05615234375,33.43810647050101,57.30821571228011,4171.7957532435385,32455.55171286664
vid_000094_frame0000010.jpg,73.90046296296296,109.22129821777344,33.5413871208605,57.524200677750486,4165.095793481307,33276.23209557659
vid_000094_frame0000024.jpg,73.7668029835391,109.34891255696614,33.58378862411215,58.90256001285199,4171.6437833781065,34255.17645263672
vid_000094_frame0000027.jpg,73.51906893004116,108.61071268717448,33.36070822770548,58.157762494121485,4133.606180040199,32682.841977654956
vid_000094_frame0000036.jpg,73.92595164609054,109.12046813964844,33.38422858907143,55.799802683278,4038.4503883020884,28957.52713817358
vid_000094_frame0000039.jpg,74.45264660493827,108.53601582845052,33.489767730388934,55.21415507267496,4103.299352532901,28892.896606907016
vid_000094_frame0000041.jpg,73.85013888888889,108.04331970214844,33.292910219226606,55.0058046940425,4118.914142433449,29614.357668902725
vid_000094_frame0000065.jpg,79.81212962962962,110.53624979654948,29.8704507012249,49.64289660841321,3622.5668959018612,23602.917665063404
vid_000094_frame0000066.jpg,79.76372942386831,110.15880330403645,29.795181296280592,49.67490063593801,3574.3967131558047,23391.72341090045
vid_000094_frame0000068.jpg,79.13753086419753,110.09346516927083,29.28941919927639,49.22348473031147,3707.4536077951143,24074.24159046798
vid_000095_frame0000001.jpg,88.95627057613169,122.82346089680989,44.17048039999446,72.12380381047477,4223.369896164599,55273.8210764525
vid_000095_frame0000008.jpg,84.68649434156379,118.23745727539062,44.2560771989285,72.60260872929791,3852.0904901003555,52728.986544056796
vid_000095_frame0000012.jpg,88.31454732510288,122.24749247233073,45.155855789010175,76.34533422482964,4201.280961059611,63976.52132295072
vid_000095_frame0000019.jpg,88.50063528806584,121.5074971516927,45.007841390511565,75.3212930385801,4016.3122045724144,61279.88309520483
vid_000095_frame0000021.jpg,88.45504886831276,122.08282470703125,45.03213936849524,74.9446400530758,3924.28794729456,58618.02106020949
vid_000098_frame0000009.jpg,78.2377109053498,103.21743265787761,24.6851499132885,27.08003954811799,2631.2523591820986,10997.9250688022
vid_000098_frame0000010.jpg,76.40967592592592,101.46231079101562,24.682618403087314,27.41422101334119,2760.557693078358,11651.40066807135
vid_000098_frame0000011.jpg,74.75161522633745,99.77903238932292,24.335194150566714,27.273072560182403,2820.7158040632503,11296.293290201342
vid_000098_frame0000012.jpg,72.9694804526749,98.15881856282552,24.42287125981898,27.618102800645193,2885.159247222222,11452.42836978659
vid_000098_frame0000013.jpg,72.96665637860082,98.62694295247395,24.348463593318886,27.5452746537494,2912.729471386257,11384.767085995525
vid_000098_frame0000015.jpg,74.012170781893,99.50870768229167,24.75292872516081,27.346429471808705,2887.7333873451435,11200.397370681167
vid_000098_frame0000016.jpg,74.99267489711934,100.60741678873698,25.164331464001,27.60694255630865,2767.0312165851606,11410.967451099074
vid_000098_frame0000017.jpg,76.39321759259259,101.65657552083333,25.235579995776394,27.159932928509704,2807.943974363426,11077.315712294541
vid_000098_frame0000018.jpg,76.25514146090535,101.17850240071614,25.198612768327067,27.19417632890758,2845.47197387379,11128.083082851022
vid_000098_frame0000019.jpg,75.71301440329218,99.97757975260417,25.125148902529478,27.441188478853935,2808.064497209838,11082.605500016129
vid_000098_frame0000020.jpg,74.9389146090535,99.73614501953125,25.13583914496421,27.89690294830637,2833.7556371455735,11432.410261157667
vid_000098_frame0000021.jpg,75.26868312757202,100.12677001953125,24.480936055609703,27.417923799801205,2848.5145755637004,11333.616329818731
vid_000099_frame0000007.jpg,139.06726851851852,147.95374552408853,27.118518960766067,48.19419115035951,1320.8775439526655,19967.88485663291
vid_000099_frame0000009.jpg,138.49512088477366,147.7755126953125,27.0452772867896,48.62486736620496,1347.7168898888795,21129.21341312467
vid_000099_frame0000012.jpg,138.87832818930042,147.11890665690103,27.408712596862234,48.258278155393725,1370.388330918436,19638.330936297774
vid_000099_frame0000017.jpg,136.83441872427983,146.28726704915366,27.118956164616936,48.433760799701396,1274.3982176268266,16869.46256860718
vid_000099_frame0000019.jpg,135.66816100823044,145.97619120279947,26.68989234827585,49.16566951888084,1233.1345539930555,15463.453726522392
vid_000099_frame0000021.jpg,133.32907407407407,143.53710428873697,26.421432708017694,53.66220295308671,1430.7885309922624,23825.190306052333
vid_000099_frame0000022.jpg,134.55631944444445,144.51032511393228,26.108231163730306,51.56505966658105,1285.3940378655598,20213.90857760771
vid_000099_frame0000025.jpg,134.85201388888888,145.33348083496094,26.254788918601133,50.50556196694421,1287.35920675583,18930.140260755783
vid_000100_frame0000007.jpg,113.1951517489712,135.91725158691406,29.642017774598372,31.009562239200726,1532.223132384485,7757.564989158651
vid_000100_frame0000008.jpg,108.20133230452674,131.56246948242188,29.141640502688375,31.647331043286655,1590.5771582170566,8914.004978585755
vid_000100_frame0000012.jpg,119.62284722222222,139.90222676595053,29.67035984295098,32.273222495186396,1509.3329423715895,8428.31580088078
vid_000100_frame0000013.jpg,114.46908436213992,134.4551747639974,30.352636918163917,32.62106786386793,1545.986572399346,8904.04002737999
vid_000100_frame0000014.jpg,115.57320730452675,136.11002604166666,30.84681605034222,34.10764177125982,1608.94549175377,9626.061544648372
vid_000100_frame0000015.jpg,118.45752057613169,137.975830078125,32.82807716317022,37.45195687835285,1708.4234179505315,10396.82570002973
vid_000100_frame0000016.jpg,121.97736625514403,140.55840555826822,35.58250435697882,41.82925387016105,1740.5663538751714,12003.559774804628
vid_000100_frame0000017.jpg,139.27606224279836,151.15950520833334,39.56097127964275,50.176526554971076,1732.7189676380792,14985.569610262057
vid_000100_frame0000018.jpg,131.1868621399177,144.83781941731772,46.41460825310968,55.83802662010084,1983.444315422037,19424.34891758859
vid_000101_frame0000001.jpg,156.59048353909466,163.53357950846353,45.482726076733,48.09461806401265,1470.6227929695838,13934.355071172118
vid_000101_frame0000002.jpg,156.8737448559671,164.11478169759116,45.33319593035554,47.734865288406624,1431.158232316851,13221.590114355087
vid_000101_frame0000003.jpg,162.2280529835391,167.21013895670572,44.931118011995785,48.50042258319103,1396.3534161806033,13790.602792238584
vid_000101_frame0000005.jpg,173.46793209876543,174.80647786458334,42.954898534037575,48.126303908338585,1207.5820480380635,12785.866356313229
vid_000101_frame0000006.jpg,178.88468621399176,178.8081817626953,42.44169984647562,48.71758346463116,1243.8415589275169,13838.156288928352
vid_000101_frame0000007.jpg,185.02627057613168,182.69937642415366,41.713263132650056,48.85552453349758,1157.5718048267581,13148.558013738832
vid_000101_frame0000008.jpg,188.9726260288066,185.90900166829428,41.581413327443265,49.384433483144136,1232.2822375771605,14241.975267268484
vid_000101_frame0000009.jpg,194.24575360082304,189.6558634440104,39.89386464017994,48.18518265185149,1049.434010921008,12636.492670723936
vid_000101_frame0000010.jpg,197.95588477366255,192.57640075683594,39.14506546877428,48.85517388216438,1086.5186115338267,13949.34374120459
vid_000101_frame0000011.jpg,202.45066872427984,196.2837168375651,38.014373832348795,47.71978821209351,1003.8016109610172,12714.4181500813
vid_000101_frame0000012.jpg,205.80749742798355,198.98119608561197,37.603399940714546,48.1098713391061,1004.1938558593752,12895.829857012024
vid_000101_frame0000013.jpg,210.29658179012347,203.4309844970703,36.933761190570564,47.618550209975304,917.3596951624656,11872.72835908737
vid_000102_frame0000001.jpg,86.07038580246913,107.37316385904948,44.46576993648679,66.53108215882902,5113.194044900739,49572.19062708481
vid_000102_frame0000002.jpg,86.12284722222222,107.55933125813802,44.43193583953867,66.5329542571301,5050.56939857533,49058.03353821859
vid_000102_frame0000003.jpg,85.64702932098766,107.30862935384114,44.856184371964716,66.80024554725023,4910.192411521682,48366.18164116796
vid_000102_frame0000004.jpg,86.23804526748971,107.37154642740886,43.89000673782712,68.34803238878183,4663.430231674322,51363.72719787061
vid_000102_frame0000005.jpg,86.703125,107.83439636230469,44.05695190103948,71.37034468331686,5269.894031292629,59376.75013254583
vid_000102_frame0000006.jpg,79.21565329218107,102.93167114257812,42.788732433751775,65.69041181649739,3689.6953165578325,41502.14272529422
vid_000102_frame0000007.jpg,80.17052726337448,102.47931416829427,44.2520291690212,67.76586802825157,4486.492839906205,45861.57511898782
vid_000102_frame0000008.jpg,83.90576131687243,105.09443664550781,45.02179659290951,69.08713692857187,4865.99088039909,53084.270133979386
vid_000102_frame0000009.jpg,86.66282664609054,106.62598673502605,44.51468009158509,68.56661433631582,3692.0503447635647,47417.35461622267
vid_000102_frame0000010.jpg,86.17932098765432,106.6541748046875,44.359591967678675,69.11584944274432,4113.120089634237,49849.16641610861
vid_000102_frame0000011.jpg,85.72644547325103,105.65448506673177,43.28340562964424,65.67043201314571,3312.516313390144,34657.912549734116
vid_000102_frame0000012.jpg,86.23136316872429,105.285400390625,44.62532469125807,65.78610586530462,2914.6885450081445,27362.85249831318
vid_000102_frame0000014.jpg,80.97567386831275,100.20973205566406,43.71750350799811,58.04212950520515,3049.604542858308,15409.346798302373
vid_000102_frame0000020.jpg,83.67291409465021,102.20688883463542,45.678172301329504,68.53121306123376,4333.735065757649,42395.3627651846
vid_000102_frame0000023.jpg,83.50564814814815,102.14370218912761,45.58827256730001,68.23237074699503,4262.678524822578,41235.172977369046
vid_000102_frame0000027.jpg,83.14684670781892,101.45534769694011,45.27166619551877,66.98459694900895,3976.3701086790675,38826.689298197394
vid_000102_frame0000030.jpg,87.34816358024692,105.42918395996094,44.163078601307426,67.6285732649747,4330.873102223306,48599.82110687136
vid_000102_frame0000033.jpg,90.27394290123456,109.60755411783855,45.89444964557699,66.14064959518316,4397.976469161463,44390.58875920996
vid_000102_frame0000035.jpg,95.22670267489713,114.15950520833333,42.40903336603214,72.93530207074187,6270.340238263031,70584.24913296266
vid_000103_frame0000001.jpg,103.92142489711934,127.6168212890625,33.4689417299249,57.27586386200811,4148.993272456323,35615.459448488196
vid_000103_frame0000004.jpg,103.64197016460905,126.80146789550781,34.632732958993955,58.41413371210638,4290.10517414403,35399.37357497215
vid_000103_frame0000005.jpg,103.42630658436214,125.74983723958333,34.74325254000076,56.81737499329856,3831.049396051895,30604.278025079286
vid_000103_frame0000006.jpg,101.78478395061728,125.5886739095052,35.076966138069366,56.35438908807243,3678.560255486016,29326.00596952974
vid_000103_frame0000007.jpg,99.76852366255144,123.01861063639323,36.38179544915806,57.72476490022688,4325.651165694956,32613.231069236062
vid_000103_frame0000008.jpg,94.19846193415638,119.73957824707031,36.606607738830995,58.86169694286216,4575.239231215647,34515.45280837803
vid_000103_frame0000009.jpg,89.84162037037036,115.61922709147136,36.391475710257815,56.395861195499435,4535.596258839163,30807.372173042735
vid_000103_frame0000010.jpg,92.33346450617285,117.10881042480469,37.87184798552562,57.40960732133452,4759.959644941165,31568.89606681443
vid_000103_frame0000018.jpg,86.46110596707818,107.80570475260417,39.9865703357146,52.55601917746405,4914.754516117017,29229.70611791103
vid_000103_frame0000020.jpg,85.01922067901235,105.18693033854167,42.24186042335735,54.23225508438188,4724.434345564462,27739.490930899978
vid_000103_frame0000021.jpg,85.59238168724279,106.18543497721355,42.03271444882688,53.960965843992184,4313.377411682432,26327.560204420006
vid_000103_frame0000022.jpg,85.01509773662552,104.234619140625,41.264726121138715,52.362216963974035,4141.53591460691,25701.40623944602
vid_000103_frame0000023.jpg,83.68950874485597,103.30526224772136,39.56515004081869,48.55888321551656,3818.5239118998625,22655.489991673967
vid_000104_frame0000001.jpg,108.05229681069959,128.18831380208334,45.07179907816367,47.66386379741096,2773.1475335599926,16338.503368284553
vid_000104_frame0000002.jpg,108.2589017489712,128.4450887044271,44.99611476400572,47.41740315063394,2750.2778888867456,15924.01972123608
vid_000104_frame0000003.jpg,109.04741255144033,128.6432902018229,45.0989818462967,47.777853904422415,2750.2254911550613,16333.567218255019
vid_000104_frame0000004.jpg,108.91929526748972,128.72315979003906,45.143169473583,48.026854148508626,2777.0252714313274,16940.992746978067
vid_000104_frame0000005.jpg,108.4887242798354,127.83301289876302,45.13314050483667,47.61771381255223,2592.6926441755736,15165.112156745046
vid_000104_frame0000006.jpg,107.54025205761317,127.2750956217448,45.16099652507806,47.317538165257936,2579.302804715125,14492.970431699418
vid_000104_frame0000007.jpg,108.17028549382717,128.0359649658203,45.04598059275129,47.64544696392986,2669.3619401041665,15362.652618150925
vid_000104_frame0000008.jpg,108.85540380658436,128.26355489095053,44.58936407655473,47.10030566593319,2597.599171036951,15377.642673968337
vid_000104_frame0000009.jpg,109.97717592592592,129.66157023111978,44.65449574654847,47.49964479333881,2598.631372144526,15583.959078252316
vid_000104_frame0000010.jpg,109.32402263374486,129.19432067871094,44.8786529064663,47.90161630527455,2669.744513370675,15860.874713188969
vid_000104_frame0000011.jpg,107.48279835390946,127.2907206217448,44.928702233096885,47.1514896372286,2613.238509239969,14366.056115826359
vid_000104_frame0000012.jpg,105.7814274691358,125.80142720540364,44.97643994839373,47.53358158581013,2623.7511345733783,15127.55963302753
vid_000104_frame0000013.jpg,107.94679783950617,127.114501953125,44.939737327138175,46.519457739582066,2619.475753576472,14049.117497848114
vid_000104_frame0000014.jpg,108.52830504115227,128.2261505126953,44.52413574506777,46.62729853440478,2533.9158900248035,14273.320716798306
vid_000104_frame0000015.jpg,108.8828755144033,128.67464192708334,44.25142363573211,46.69987030418579,2587.852241855043,14391.419107973343
vid_000104_frame0000016.jpg,108.78110596707819,128.05498758951822,43.970958920706586,45.925283069415585,2474.7746278286827,13424.92244707048
vid_000104_frame0000017.jpg,109.01900720164609,128.4369354248047,44.700943970040555,46.72460356819305,2594.852791034141,14039.372294141911
vid_000104_frame0000018.jpg,109.55672582304527,128.83694966634116,44.63321459337431,46.78717880555697,2602.1886233467053,14199.725171550177
vid_000104_frame0000019.jpg,109.04822273662552,127.19071960449219,45.0151607083724,45.41734914958133,2313.507853375772,11319.589304423891
vid_000104_frame0000020.jpg,105.32278034979424,123.72590637207031,44.89859519402837,46.27489940061426,2508.489749902597,12291.257320027566
vid_000104_frame0000021.jpg,111.56263374485597,128.55157979329428,43.40992621852698,46.55006895729124,2657.043614987652,14684.947907432914
vid_000104_frame0000022.jpg,112.70862911522634,130.00195821126303,43.107479951880094,46.116869215631624,2597.1764611062886,14215.213500723243
vid_000104_frame0000023.jpg,112.82105967078189,130.9647216796875,42.24400810883503,46.201730056096864,2498.4835865281107,14232.484785135603
vid_000104_frame0000024.jpg,116.25786522633744,135.12905883789062,40.41059057509462,46.89444330159345,2574.772494122407,16142.612081325613
vid_000104_frame0000025.jpg,125.60735853909465,142.19886271158853,38.79002070964092,48.529467822760544,2980.3477593315974,19951.52438088879
vid_000104_frame0000026.jpg,121.80944701646091,141.99829610188803,40.320439076959694,53.49229620155987,2812.5200233386677,21196.414613529807
vid_000104_frame0000027.jpg,119.41548611111111,139.73101298014322,42.694615742147896,58.171310849526364,3703.5604939171217,28837.058233864373
vid_000104_frame0000028.jpg,118.11719907407408,138.89220174153647,43.690745310612286,58.95103980606672,3882.0610996075293,29766.908842756413
vid_000104_frame0000029.jpg,108.11109567901235,131.57199096679688,42.432308211763456,55.84112323100637,3855.2938277343746,26466.936199631542
vid_000104_frame0000030.jpg,100.46223508230453,125.6875508626302,40.4899189651296,54.809829896239016,3981.2510483453357,26825.61487599369
vid_000104_frame0000031.jpg,101.67191358024691,125.96828715006511,41.05724966735687,53.957748992169655,4053.203215141973,25038.512267813087
vid_000104_frame0000032.jpg,103.55167438271604,125.127685546875,41.476955641723464,52.04110641314089,3891.4547918161647,24309.209089270793
vid_000104_frame0000033.jpg,105.65603137860083,126.11722819010417,38.77392943457458,47.56663588770852,3548.2666403175485,21329.009896205505
vid_000105_frame0000001.jpg,52.005769675925926,77.29532877604167,41.49364771178807,71.72952095321503,2453.9546514912336,52791.19322830066
vid_000105_frame0000002.jpg,52.03302854938271,77.38179524739583,41.50452308957065,71.76806310188556,2449.878152788997,52531.79430735018
vid_000105_frame0000003.jpg,54.399349922839505,79.01047261555989,43.29030935697343,74.09426393386212,2601.8118923554516,57814.83363109245
vid_000105_frame0000004.jpg,54.66865354938272,79.14381917317708,43.49437806503538,74.74266750708543,2670.1017475946287,59986.714734924724
vid_000105_frame0000005.jpg,54.90604166666667,79.45182800292969,43.628682179436886,74.49727793806532,2655.2224941981945,58531.47185822553
vid_000105_frame0000006.jpg,53.83833526234568,78.35599772135417,42.73835391063856,68.90762038506922,1648.7700862988884,35726.964582767105
vid_000105_frame0000007.jpg,53.108967978395064,77.89381408691406,43.20580860484873,73.36101021805995,2482.0690211161213,54264.22978483047
vid_000105_frame0000008.jpg,56.30802469135803,79.45147705078125,44.008664634582395,73.0445108481012,2041.212817171291,49098.89352550148
vid_000105_frame0000009.jpg,61.345538194444444,81.23236083984375,45.649212241604125,71.21142550556868,1642.8702893497084,38027.26480668946
vid_000105_frame0000010.jpg,60.032229938271605,80.82289632161458,44.064757242379585,75.51444223304719,1621.5481354890046,44455.92295226618
vid_000105_frame0000011.jpg,57.53276813271605,80.69658915201823,42.6540475083206,75.9475286491512,1530.6341664930558,46147.25378128514
vid_000105_frame0000012.jpg,56.45259837962963,80.83236185709636,42.620639444238385,77.51906955902184,1684.6271006435063,49228.815604925156
vid_000105_frame0000013.jpg,57.115389660493825,81.22592671712239,43.14458742011768,76.48783846195654,1522.799892069616,40071.1936119264
vid_000105_frame0000014.jpg,58.59030285493827,83.13348388671875,44.39141177671862,72.21254909184657,1328.1631934536824,23582.131809975952
vid_000105_frame0000017.jpg,59.1800887345679,85.59716288248698,45.90711673214506,79.7032947447176,1621.918828992754,41744.59192780568
vid_000105_frame0000018.jpg,58.95647183641975,85.72088114420573,45.841343298120485,80.61033640684644,1657.3310011919352,44601.32010600623
vid_000105_frame0000020.jpg,57.70828317901235,84.84419759114583,45.12439115112043,80.36141333904182,1685.293201564074,45880.42118721618
vid_000105_frame0000023.jpg,64.97117669753086,88.47441101074219,49.4854823322508,82.15696657798856,1512.833717825648,42547.14393467363
vid_000105_frame0000027.jpg,64.8793537808642,89.56480916341145,50.086715225674695,83.35632689171115,1600.8610164587622,43485.02571889921
vid_000105_frame0000030.jpg,64.63599922839506,89.45125325520833,50.07015178615787,83.90646849303289,1649.091816915295,46328.89500996377
vid_000105_frame0000033.jpg,65.32972993827161,89.42312113444011,50.390418224567455,82.07267363011259,1500.5629966712481,38524.27548635658
vid_000105_frame0000037.jpg,63.224074074074075,87.38607279459636,48.154933162420946,81.14024958593151,1429.6797682822146,40841.22918931744
vid_000105_frame0000039.jpg,61.90693287037037,82.97526550292969,44.990569954221286,75.9285907463141,1546.582262288579,49902.28043382405
vid_000105_frame0000040.jpg,58.22007137345679,80.4401143391927,43.89500406055782,71.90408000188805,1798.949809509897,45246.27493118867
vid_000105_frame0000042.jpg,59.08620177469136,80.9493916829427,46.987758676842375,75.42518450543196,2572.849541945168,57529.4722392445
vid_000105_frame0000044.jpg,59.83230324074074,81.07514953613281,47.51242741609582,75.78189750399933,2622.271460990548,59335.9099509567
vid_000106_frame0000001.jpg,66.94181520061728,83.59716288248698,46.98350552707252,56.09592341685938,1182.2467961435493,10227.430929835886
vid_000106_frame0000002.jpg,67.2052488425926,84.08717346191406,47.10919091503045,56.09613935064496,1166.2898966046369,9922.472812457941
vid_000106_frame0000003.jpg,67.86337770061728,84.39670308430989,47.59503688539387,56.36944927817677,1152.547063725693,10040.275439969264
vid_000106_frame0000004.jpg,67.80461419753087,84.05738830566406,47.55534486427155,56.19294268224775,1165.6622909995165,10086.590081568807
vid_000106_frame0000005.jpg,68.07239583333333,84.60441080729167,47.72920190891353,56.36169577294095,1178.2675377890505,9910.387554284185
vid_000106_frame0000006.jpg,67.68732831790123,84.29329427083333,47.38213288674971,55.98892345234777,1110.8589828734514,9401.849032267695
vid_000106_frame0000007.jpg,67.28804205246914,84.38790384928386,47.27151206751764,56.459843389552425,1185.7763526041665,9931.080313600367
vid_000106_frame0000008.jpg,65.87508101851851,82.99025980631511,46.05568205686866,55.66075841562339,1209.0123830755958,10357.877049652627
vid_000106_frame0000009.jpg,65.08197337962963,83.02332560221355,45.25026578815844,55.19538166006169,1216.5382387149766,10042.378315193346
vid_000106_frame0000010.jpg,65.26984182098765,82.80667622884114,45.45514528885759,55.13801823307701,1197.7022618848262,9913.63391316589
vid_000106_frame0000011.jpg,66.82535300925926,83.8947041829427,46.624556335090816,55.974368276934115,1194.9485566759568,9782.71038399986
vid_000106_frame0000012.jpg,68.71247299382716,86.11798095703125,48.07346769877246,57.42212449074736,1170.8649136765637,10040.98320024833
vid_000106_frame0000013.jpg,69.95155864197531,86.54825337727864,49.00850540986642,57.90027482183148,1159.289408079849,10010.575921952724
vid_000106_frame0000014.jpg,69.12720100308643,85.737060546875,48.39987922212764,57.43844153570299,1169.3508777006175,10196.82170731551
vid_000106_frame0000015.jpg,68.48771604938271,84.94632466634114,47.93399899443384,56.99060135320128,1173.617516335486,10215.00663322187
vid_000106_frame0000016.jpg,67.07711612654322,83.79689534505208,46.916726163714024,56.01994475480872,1173.1921619104455,10046.060263493797
vid_000106_frame0000017.jpg,65.72666473765432,83.09881083170573,46.0255333769609,55.67489246811825,1234.4961130947454,10287.247895941138
vid_000106_frame0000018.jpg,65.11750385802469,82.01526896158855,45.61431822299099,55.13822759452568,1215.0999362412858,10387.870901375078
vid_000106_frame0000019.jpg,65.46353973765432,83.23570760091145,45.86979797061808,55.66610243147888,1194.1169268636067,10099.373028639471
vid_000106_frame0000020.jpg,66.73364390432099,83.2607930501302,46.79779479050662,55.7420496312472,1181.102983409958,10396.654308643192
vid_000106_frame0000021.jpg,67.78068479938271,83.99561055501302,47.55458884817221,56.27249555656908,1163.544646607316,10239.024381754687
vid_000106_frame0000022.jpg,68.46018518518518,84.84377034505208,48.0667012247811,56.869071869481196,1169.8098249399864,10134.384866452776
vid_000106_frame0000023.jpg,69.71187885802469,85.9447021484375,49.013152241913886,57.66550017197293,1154.5185197396904,9828.314081548713
vid_000106_frame0000024.jpg,69.77803433641975,85.77077229817708,49.16669487752229,57.7090300479746,1171.2904113617487,10134.842397358268
vid_000106_frame0000025.jpg,69.66793209876543,86.31488037109375,49.2306214715686,57.93168801974222,1134.6641351246024,9615.689208984375
vid_000106_frame0000026.jpg,69.53458912037037,85.60938008626302,49.31339843300708,57.56939356803797,1109.5145285678354,9530.053858038038
vid_000106_frame0000027.jpg,69.37104938271605,86.04272969563802,49.32052515143782,57.848359604069756,1134.2810806904527,9510.846267252928
vid_000106_frame0000028.jpg,68.65737461419754,85.11353047688802,48.85030001098157,57.45730017690445,1163.5144696212371,10034.629825553857
vid_000106_frame0000029.jpg,67.73911265432099,84.37657674153645,48.11936259573712,56.81191927946853,1158.0094238023712,9765.84919463098
vid_000106_frame0000030.jpg,65.37584104938271,82.00596618652344,46.08718992622269,55.07829639460917,1169.2104850260416,9821.258958739927
vid_000106_frame0000031.jpg,64.28593171296296,82.23171488444011,45.17454848288671,55.125662052853286,1235.574131696754,10057.630503139459
vid_000106_frame0000032.jpg,64.55842013888889,82.19645182291667,45.0603229244588,54.846193867157496,1213.2989926203222,9880.212244346505
vid_000106_frame0000033.jpg,64.07604552469135,82.58104451497395,44.64317846821439,55.06603649093012,1237.0479882731788,9958.246645534178
vid_000106_frame0000034.jpg,62.11528935185185,81.46187845865886,43.107856621515666,54.43819197399171,1284.9330593323677,10604.224915651372
vid_000106_frame0000035.jpg,62.142301311728396,81.30699666341145,43.01183478158121,54.06049802370295,1278.0399476830419,10376.240957805654
vid_000106_frame0000036.jpg,62.38968171296296,81.56516011555989,43.098136986019114,54.12404181163099,1253.0034836028592,10216.401704719057
vid_000106_frame0000037.jpg,63.46578896604938,82.1576436360677,43.761399204264855,54.60150791238529,1240.54710031102,10187.698896645568
vid_000106_frame0000038.jpg,64.3825250771605,82.46216328938802,44.40325156783932,54.77759768178619,1235.9451666473767,10188.858843467198
vid_000106_frame0000039.jpg,65.20181520061729,82.89571634928386,44.97295000809215,54.895868334794244,1193.524218617079,9989.093188933097
vid_000106_frame0000040.jpg,65.90384452160494,83.78336588541667,45.43893753856084,55.38855334115664,1173.9744427640603,9856.697482837131
vid_000106_frame0000041.jpg,65.58837577160494,83.15758768717448,45.29466005032872,55.24135371017355,1231.5591939661765,10282.556692390703
vid_000106_frame0000042.jpg,65.56857060185185,83.0648701985677,45.25285434778611,55.18096507937962,1243.5073945339293,10437.095185278915
vid_000106_frame0000043.jpg,65.51982445987655,83.25869242350261,45.2105308875351,55.25501412101486,1235.666341507222,10249.14601341053
vid_000107_frame0000001.jpg,47.614184027777775,73.67452494303386,37.58444830572975,58.15762708574671,1638.946598378424,19764.739184371196
vid_000107_frame0000003.jpg,48.394623842592594,74.63235473632812,37.999170759730774,58.615947525623405,1594.5890152919442,18472.731098351767
vid_000107_frame0000005.jpg,48.63240162037037,75.18412780761719,38.28956786932395,59.46591849102632,1637.4772570164812,19236.717192158103
vid_000107_frame0000007.jpg,48.52839699074074,75.51938374837239,38.091183595223065,59.77755004806415,1638.3435391200692,19545.001713225385
vid_000107_frame0000010.jpg,49.40341049382716,77.0198465983073,38.398230230300314,60.47999694199248,1612.9382160267435,20309.998017655453
vid_000107_frame0000012.jpg,50.465003858024694,78.32764180501302,38.91631733872462,61.18236482212412,1584.8839830020522,20280.65731332614
vid_000107_frame0000014.jpg,51.85042824074074,79.03456115722656,39.82031348373783,61.90661044454353,1583.187937315103,20471.491644761525
vid_000107_frame0000017.jpg,53.557492283950616,79.36459859212239,40.77363229429798,61.5410709468475,1518.13608641761,18590.306035680464
vid_000108_frame0000001.jpg,70.85386381172839,86.23511759440105,55.875798357886076,61.321164407861204,1087.2263788210184,10696.105956759304
vid_000108_frame0000002.jpg,71.01490933641975,86.46883138020833,55.89439042956414,61.099389866768384,1066.9312044731653,10055.633507355116
vid_000108_frame0000003.jpg,69.78340277777778,84.48329162597656,55.1802797277117,60.15028012149919,1081.5685396733204,10592.015143347671
vid_000108_frame0000004.jpg,67.48,83.2804463704427,53.88930101932898,59.88683518013956,1116.6599230901438,10596.122668251395
vid_000108_frame0000005.jpg,67.73596450617283,83.39197794596355,53.90129098907432,59.851858566759205,1147.2326385496708,10860.37214297033
vid_000108_frame0000006.jpg,70.45146026234568,85.59932963053386,55.83131447764127,61.573416050482365,1099.9394137297454,11351.165765962563
vid_000108_frame0000007.jpg,77.79468364197531,92.15175374348958,60.30825338385822,65.70624498215908,1109.9302904984086,12142.839544251328
vid_000108_frame0000008.jpg,75.75636959876543,90.68721008300781,59.10287497393324,65.49540447230585,1173.813565354804,12896.713092749706
vid_000108_frame0000009.jpg,75.00498456790123,90.09718831380208,58.58394201648708,64.89299589452384,1105.4627516953874,11922.83335178718
vid_000108_frame0000010.jpg,74.91179783950618,90.21539306640625,58.47084521083141,65.20781974683857,1154.7288052077974,12750.601408689981
vid_000108_frame0000011.jpg,75.44238425925926,90.17291259765625,58.674192868939244,65.02210676063176,1156.6813413761092,12422.83146033599
vid_000108_frame0000012.jpg,75.02195216049383,90.54294331868489,58.42938553922623,65.58248550905844,1164.8899358040433,13186.148318721913
vid_000108_frame0000013.jpg,75.6630574845679,90.69769795735677,58.74740266969884,65.41747373868577,1079.5989900936845,12184.763022776693
vid_000108_frame0000014.jpg,82.2089486882716,96.06071472167969,62.79544177325405,69.43935019388176,1210.0464139896262,13928.523130230373
vid_000108_frame0000015.jpg,78.83701003086419,93.68171691894531,60.74762779759711,67.96403606287306,1268.942152729519,14163.77181478939
vid_000108_frame0000016.jpg,77.47393518518518,92.64467366536458,59.96321689201647,67.26597936317287,1281.9363566285351,14185.991652201628
vid_000108_frame0000017.jpg,76.15451581790123,91.38870747884114,59.08803751137239,66.39700697041269,1304.2570243291325,14455.877457103692
vid_000108_frame0000018.jpg,76.3501813271605,91.68067423502605,59.30068484719843,66.97964548268011,1278.3175240448377,14393.570278613828
vid_000108_frame0000019.jpg,84.54710455246914,96.9301045735677,63.27838012093102,69.78626417808451,1060.3123916730633,12915.101952872239
vid_000108_frame0000020.jpg,82.7574575617284,95.3187255859375,62.48148661249677,70.51825931739357,1359.3746934794024,16831.568491867743
vid_000108_frame0000021.jpg,80.45537615740741,94.05991617838542,61.203145717762816,69.4877020180372,1252.325001499807,14848.84730646736
vid_000108_frame0000022.jpg,80.99991319444445,94.76837158203125,61.33086456189192,70.33878341368391,1317.072274253278,16309.624782779953
vid_000108_frame0000023.jpg,82.25304976851852,96.28039042154948,61.8337397922387,71.27813264947626,1325.2326011440114,16383.534023258602
vid_000108_frame0000024.jpg,81.86232445987655,95.94147237141927,61.55288788717558,70.94773099585623,1310.0425860674068,16068.394199670991
vid_000108_frame0000025.jpg,80.39322916666667,94.09014892578125,60.727889943290954,69.74099232838512,1322.4381107855568,16091.946775183082
vid_000108_frame0000026.jpg,79.03116319444445,92.83454895019531,59.88333422818342,68.81023251648391,1333.9754669490526,15651.038665134227
vid_000108_frame0000027.jpg,79.22135223765432,92.64306131998698,59.8946273638992,68.65268488810501,1335.059343512055,15983.883586919867
vid_000108_frame0000028.jpg,79.12390625,93.15261332194011,59.73806443837181,69.15669524859827,1335.5511986291956,16586.45706207212
vid_000108_frame0000029.jpg,78.37788966049382,91.42379252115886,59.022547777639616,67.45249432148785,1250.389794798599,15425.56724385079
vid_000108_frame0000030.jpg,79.84257137345679,92.48401896158855,60.44001284389454,69.09026435791453,1247.6930132667824,15787.449385067215
vid_000108_frame0000031.jpg,80.87958333333333,93.13106791178386,61.82577548633646,69.69511565872205,1346.3005557403856,16348.375331878662
vid_000108_frame0000032.jpg,78.79043209876544,92.24141438802083,60.707309953231615,69.33891431063911,1399.6777403055075,16876.66628420516
vid_000108_frame0000033.jpg,80.21484375,93.42008972167969,61.36748619455592,69.82305999656286,1316.1937443092797,16310.511073336005
vid_000108_frame0000034.jpg,84.60276620370371,95.48012797037761,65.53926514921216,73.07638080696097,1265.2849288499535,16972.539918518625
vid_000108_frame0000035.jpg,84.13335648148148,95.51693725585938,65.25562346870642,72.89714704316184,1348.5406025450907,17663.070288620656
vid_000108_frame0000036.jpg,84.21081597222222,96.17646789550781,65.16011407266163,73.12774720672995,1359.70770947989,17370.52671985235
vid_000108_frame0000037.jpg,84.3652662037037,96.44199117024739,65.20368888594417,73.2531816196235,1252.0434094220195,16993.92560334108
vid_000108_frame0000038.jpg,90.09194830246913,99.93579610188802,71.28049836206422,79.10206463813725,1247.9975964698738,18618.719278900884
vid_000108_frame0000039.jpg,84.18142554012346,96.92485046386719,68.67557694215758,78.18910009239447,1582.1022798091349,21531.13287889585
vid_000109_frame0000001.jpg,47.07454089506173,66.08123779296875,47.748709172139726,58.572538976326044,1966.943888287546,16266.487545680022
vid_000109_frame0000002.jpg,47.1578337191358,65.99841817220052,47.74736570215679,58.330017599045156,1961.3624367754148,15914.62992695882
vid_000109_frame0000003.jpg,47.42389467592593,66.27636210123698,47.79201611598181,58.587303936450766,1929.2789777986418,16034.30639668717
vid_000109_frame0000004.jpg,47.361043595679014,65.92753092447917,47.82937298652749,59.000198513089806,1985.962195478576,17043.00132098701
vid_000109_frame0000005.jpg,46.99289158950617,66.32839457194011,47.64487937727223,59.16839268438092,1975.4720015616629,17028.369902165374
vid_000109_frame0000006.jpg,46.738570601851855,65.54786173502605,47.58008333546619,59.20563579664015,2021.775077200648,17196.238122567534
vid_000109_frame0000007.jpg,46.82316358024691,65.42218017578125,47.67304936246948,59.29389537405175,2003.6774980709877,17136.674918396166
vid_000109_frame0000008.jpg,46.87724922839506,65.75755310058594,47.70045905576577,59.694734402007015,2060.492185176612,17810.834394440055
vid_000109_frame0000009.jpg,47.017420910493826,66.20241292317708,47.66032174311184,59.453382797196795,2006.7063842158564,17184.583139321767
vid_000109_frame0000010.jpg,47.2923900462963,66.27224222819011,47.81301716372311,59.96028252029008,2081.6776060755515,18165.778903554892
vid_000109_frame0000011.jpg,46.936278935185186,65.76334126790364,47.063714982391694,58.56583595095721,1888.2622646978684,16441.21255855169
vid_000109_frame0000012.jpg,42.60913580246913,62.41582234700521,38.35827553917906,51.832824223372626,1810.1669873541184,14649.51710486412
vid_000109_frame0000013.jpg,45.6899537037037,65.08238728841145,35.87874574153214,48.88963373223488,1601.7039000289014,11629.871406569844
vid_000109_frame0000014.jpg,45.4226350308642,63.937906901041664,35.95628216115938,47.760998907045014,1594.8626227794923,10492.100511655211
vid_000109_frame0000015.jpg,46.09467399691358,64.49897766113281,36.328575294100425,48.27832253054861,1602.1741553328818,10936.149630946806
vid_000109_frame0000016.jpg,46.85521412037037,65.20822652180989,36.32260273622511,48.60737707165706,1577.0526388888889,11226.197785845958
vid_000109_frame0000017.jpg,47.205497685185186,66.07490539550781,36.5360080063612,48.59006581589746,1562.233310165895,10640.118330955505
vid_000109_frame0000018.jpg,46.20440586419753,65.75528462727864,35.9897181909626,48.68575698072711,1603.2962455138406,11267.048676908016
vid_000109_frame0000019.jpg,46.01328125,64.85301208496094,35.73184890478933,48.68414601680757,1629.6880844730247,11850.808398089372
vid_000109_frame0000020.jpg,46.24621141975309,64.57652791341145,35.59665464712116,48.43958195295762,1544.008090122921,11529.410827860003
vid_000109_frame0000021.jpg,46.25885802469136,65.08966573079427,35.494691594827835,48.30555345677534,1578.8783505931378,11402.67563438951
vid_000109_frame0000022.jpg,45.799434799382716,64.53348286946614,35.27259426141701,48.412502978596976,1581.8005543209879,11618.562642991543
vid_000109_frame0000023.jpg,46.27986882716049,64.19126892089844,35.88370467778581,48.09386434102544,1556.9525240692515,11494.631233796477
vid_000109_frame0000024.jpg,47.74426118827161,65.99729919433594,41.04760303060733,53.62951183842941,1721.8664906367549,13640.97122084722
vid_000109_frame0000025.jpg,51.7781037808642,69.59580993652344,49.35738961726277,59.90125691144257,1651.0591660231266,15386.659982528538
vid_000109_frame0000026.jpg,49.07851080246913,67.67531840006511,48.91565390715948,60.35334278616062,1958.3687389467257,17338.928829926765
vid_000109_frame0000027.jpg,47.64813271604938,66.09449259440105,48.19203697542169,59.531642354545795,1964.9242923332474,16669.086718483828
vid_000109_frame0000028.jpg,47.10239004629629,65.51256815592448,48.0505632490082,59.700345141739,2001.5965258053627,17501.08928707894
vid_000109_frame0000029.jpg,46.96231095679013,65.2306416829427,47.985824039008534,58.963083186383905,1938.1312793303312,16306.941304590553
vid_000109_frame0000030.jpg,46.768796296296294,64.79715474446614,48.05205500354218,59.33162140944842,2007.9534357491198,17034.663366332417
vid_000109_frame0000031.jpg,47.184199459876545,65.08280944824219,48.26657402558219,59.39732853437718,1998.241629677822,16836.724516949616
vid_000109_frame0000032.jpg,47.113375771604936,65.14369201660156,48.32667208352941,59.900980964692266,2063.2465926284603,17740.021563179558
vid_000109_frame0000033.jpg,47.229944058641976,65.26514689127605,48.40860257034103,59.56136416280809,2012.4786663652253,17125.024219807237
vid_000109_frame0000034.jpg,46.83588348765432,64.94399007161458,48.21824614975156,59.08439794754721,2024.6335456444174,16596.062368353596
vid_000109_frame0000035.jpg,46.609355709876546,64.96856689453125,47.84099614033018,59.09744017139357,2000.6403457751612,16553.9606512913
vid_000109_frame0000036.jpg,46.59864776234568,64.90693664550781,47.82952110187843,58.89249165058258,1909.3603967661913,16069.488458748907
vid_000109_frame0000037.jpg,46.55098958333333,64.54228210449219,47.790085991174706,58.62866349189093,1970.6619110215927,15967.372631031787
vid_000109_frame0000038.jpg,46.407978395061726,64.85453287760417,47.608429365866705,58.77515268549305,1999.4805267059699,16418.270932509564
vid_000109_frame0000039.jpg,46.25597800925926,64.86536661783855,47.46696648166743,58.484051576563076,1973.9235918075915,16046.535478248261
vid_000109_frame0000040.jpg,46.271892361111114,64.5689697265625,47.55349813914091,58.8685373816397,2035.1445879608195,16696.223082782468
vid_000109_frame0000041.jpg,46.312905092592594,64.46278889973958,47.59368769227641,58.631016003612956,1997.2464572396905,16357.779922902584
vid_000109_frame0000042.jpg,46.14929976851852,64.48828633626302,47.517648963846504,58.43880211336497,2011.7430161618747,16329.755276471144
vid_000110_frame0000001.jpg,111.35327417695473,129.4215087890625,37.545724720450934,47.85797218570237,2243.2551506513396,15665.392344138585
vid_000110_frame0000002.jpg,111.8540329218107,129.63846842447916,37.79962195511396,47.60412184532651,2149.2939234438704,14827.130147389136
vid_000110_frame0000003.jpg,112.13182355967078,128.3231201171875,41.244275654908606,48.987408678467006,2263.231581089011,17377.87882377184
vid_000110_frame0000004.jpg,111.8626311728395,127.43869527180989,43.39456986888724,50.338896509771125,2368.4903985329984,17860.348199069267
vid_000110_frame0000005.jpg,113.0691975308642,129.20262145996094,45.12538049466333,51.267038439839155,2280.8404277584877,17133.961052411934
vid_000110_frame0000006.jpg,113.33928755144034,129.19915771484375,45.9935025124281,52.779042318396286,2382.0232381151404,17507.22459530458
vid_000110_frame0000007.jpg,114.09642232510288,129.13919067382812,46.30112179176171,53.42358402406658,2499.486765517773,18331.702003654093
vid_000110_frame0000008.jpg,112.09111625514403,126.67769368489583,44.43931122310996,52.5164348778415,2710.315004308068,19456.730023778044
vid_000110_frame0000009.jpg,111.99414866255144,127.23736063639323,44.27094897408883,51.93718545088987,2494.5384380700707,17806.00336707174
vid_000110_frame0000010.jpg,101.49743827160493,121.11793009440105,43.74764336535066,47.995779470373705,2243.8139630353007,12212.657057072967
vid_000110_frame0000011.jpg,80.89674639917695,104.15386962890625,35.1821540075007,34.007986973333864,2270.612244930032,8649.348810162395
vid_000110_frame0000012.jpg,95.43446502057613,116.78321329752605,35.37744371907774,31.67097728506329,1945.8095418093178,6490.668990439735
vid_000110_frame0000013.jpg,107.7083950617284,127.15399678548177,33.854873449356,32.28440960640704,1921.9955939542733,8208.274477838539
vid_000110_frame0000014.jpg,109.68740997942386,127.87429809570312,34.74575041265184,32.30180904358589,1872.5800597135894,8051.877099044388
vid_000110_frame0000015.jpg,109.0571244855967,128.11268107096353,33.49700270915069,31.768477035195627,1887.4187021661496,8164.792728872737
vid_000110_frame0000016.jpg,108.91839248971193,128.4048055013021,33.60637346757677,31.783018257095332,1850.4812618596156,7888.857383485651
vid_000110_frame0000017.jpg,109.51558641975309,128.36814880371094,33.572777786446075,31.90557950464168,1890.9831719649612,8153.351416900521
vid_000110_frame0000018.jpg,109.29125771604939,128.23975626627603,33.68845824373625,32.33244398820618,1908.942516459953,8401.649841940962
vid_000111_frame0000006.jpg,112.0181970164609,131.03582763671875,33.25320462666217,32.92711440481207,1565.922892460896,7159.6071844303515
vid_000111_frame0000007.jpg,105.43529835390946,125.94375610351562,26.81395705823483,31.094437680101024,1711.9971060661487,8105.20313549391
vid_000111_frame0000008.jpg,105.3053163580247,124.32675679524739,28.78330285385377,34.891760234577845,1750.0183892661182,9784.767239842331
vid_000111_frame0000009.jpg,104.73466049382716,124.40004475911458,28.363019874244586,33.36863296712951,1768.2503061742086,8490.316968556494
vid_000111_frame0000010.jpg,102.99356738683127,122.22726440429688,28.39472764266851,34.46637781971923,1844.1263567767278,10494.876826640218
vid_000111_frame0000011.jpg,102.59003343621399,122.49676005045573,27.80838926155068,34.71353584998878,1803.919128072071,9982.23087793379
vid_000111_frame0000012.jpg,100.26972222222223,121.10139465332031,26.170131521898334,32.672656621871496,1820.6625002550581,10031.772085457807
vid_000111_frame0000013.jpg,99.31549125514404,119.52565002441406,25.03185449472097,30.11664780162904,1805.9543782290714,8698.779087420553
vid_000112_frame0000001.jpg,147.73313271604937,146.7528839111328,55.5606578995918,71.70709104015015,878.1814531244642,41081.1295064406
vid_000112_frame0000002.jpg,148.34448109567901,146.85635884602866,55.385860657608085,70.96215465113487,755.0238604278858,38328.37738524168
vid_000112_frame0000003.jpg,124.48061728395062,133.3307342529297,52.27535988258262,69.10729897332676,729.6604555297015,37391.96706820442
vid_000112_frame0000004.jpg,126.25279513888889,134.11986796061197,52.01965849267866,70.59365619373065,742.5553845700111,40077.30302834418
vid_000112_frame0000005.jpg,133.47900655864197,137.15320332845053,55.27471752291804,70.05947160213361,668.1947637800805,35478.104121507844
vid_000112_frame0000006.jpg,129.1886535493827,136.2225341796875,55.87252932609275,67.12435917267968,601.8730639080452,31601.97149094846
vid_000112_frame0000007.jpg,121.99912229938272,133.56038920084634,53.92219776356006,64.57745753309503,574.0947832431788,29168.531050618738
vid_000112_frame0000008.jpg,117.35664737654321,131.0743611653646,52.28698147251215,63.3746241908526,628.4441073815533,29039.174691285938
vid_000112_frame0000009.jpg,120.1331500771605,133.9554646809896,48.302610851957,59.09330613185932,477.74405308397496,21807.502313239267
vid_000112_frame0000010.jpg,139.41659336419752,144.30377705891928,49.615178764746936,62.57480215747372,607.579297608795,27340.066385116428
vid_000112_frame0000011.jpg,141.54710648148148,144.21969095865884,46.54764305729431,64.11287652985544,654.468489619201,30915.155704960227
vid_000112_frame0000012.jpg,142.49990740740742,144.51187133789062,46.128447042303904,65.74176183776623,724.7511311773607,34569.1561106646
vid_000112_frame0000013.jpg,142.56969521604938,144.18319193522134,46.01757757441824,65.24247318185537,715.2595922516666,33800.79212837084
vid_000112_frame0000014.jpg,141.32636574074073,145.7192179361979,38.07765520198228,58.30500083779837,504.39803990078315,23272.211525913328
vid_000112_frame0000015.jpg,129.03653935185184,140.90682983398438,32.078541124531135,50.83019412705398,366.7699704860776,15689.136323656887
vid_000112_frame0000016.jpg,128.74899884259258,142.62625630696616,32.044391439447494,52.613181045833166,409.67536052758487,16138.728622959694
vid_000112_frame0000017.jpg,129.79154320987655,142.80457560221353,32.22130306775217,53.79104657571136,379.7504754789041,17096.80373145989
vid_000112_frame0000018.jpg,130.13602044753085,143.44902547200522,32.504524192171445,55.36150665337316,437.845395783467,20302.426431558095
vid_000112_frame0000019.jpg,130.5733236882716,142.86178080240884,32.41066832813301,54.38631034026579,400.6680468613027,18847.93659812119
vid_000112_frame0000020.jpg,130.39126157407406,142.7191416422526,32.57458969115835,55.24309340274994,431.568771947338,19992.17657681927
vid_000112_frame0000021.jpg,138.8612075617284,147.24390665690103,33.61290731782375,51.4406577963062,378.80979550376026,16327.798849999905
vid_000112_frame0000022.jpg,148.2016300154321,148.27317810058594,44.34247024560019,60.49647452336073,591.9578404058428,25164.507172732614
vid_000112_frame0000023.jpg,148.3993827160494,149.0863037109375,49.56307541744167,67.65708325297275,768.4080311080032,34771.38992139301
vid_000112_frame0000024.jpg,143.70786458333333,147.1663818359375,50.90248740132604,65.07645983284844,634.2551993472168,28591.366711004637
vid_000112_frame0000025.jpg,127.56582175925926,138.55135091145834,53.4259108621147,62.7791449986301,590.787915884211,25519.745474692434
vid_000112_frame0000026.jpg,129.13003858024692,138.61175537109375,56.98510049065993,63.43061905091021,572.7792137800805,23057.46404516301
vid_000112_frame0000027.jpg,130.97340277777778,140.71634928385416,59.91292046570376,64.03122233179008,612.6664348314996,22402.27701718267
vid_000112_frame0000028.jpg,134.33912037037038,142.72598775227866,61.15722560349165,64.4857245973888,621.9218063365042,23049.291985854506
vid_000112_frame0000029.jpg,135.888125,143.80073038736978,61.52696970402234,63.6418418358768,592.9874485977152,20919.418476737104
vid_000112_frame0000030.jpg,129.59171682098764,137.8707021077474,61.81335255488194,65.5221194172306,610.8286409464687,25308.238134129904
vid_000112_frame0000031.jpg,121.31415895061728,128.9906972249349,60.72732141077705,67.69963500762566,750.5145342230568,33077.95306301117
vid_000112_frame0000032.jpg,115.18155864197531,125.16741434733073,59.95924937047357,68.05963573590215,818.4047430361314,35882.74281264446
vid_000112_frame0000033.jpg,120.81396412037037,128.37642923990884,60.90709314994079,68.01273802017991,779.7943306278936,34238.21331801615
vid_000112_frame0000034.jpg,129.21216820987655,134.47899373372397,61.87587357599643,68.56659482461482,790.979506210884,34046.039340405725
vid_000112_frame0000035.jpg,132.53460262345678,140.59825642903647,50.76734152451841,58.13259892199432,458.6365636847016,19236.3131304048
vid_000112_frame0000036.jpg,143.11416666666668,146.4379425048828,42.69801359421742,57.14396631253248,447.256320253424,17999.221263194224
vid_000112_frame0000038.jpg,127.80785686728395,138.96746826171875,42.55229471929406,61.28542020688691,361.1003068013425,18749.251459538937
vid_000112_frame0000039.jpg,140.25157600308643,146.3895721435547,40.15284203875689,56.505133224090756,325.23154191954814,16087.214220778784
vid_000112_frame0000040.jpg,146.06401041666666,149.65385945638022,40.03627022983732,58.519961861195554,383.7850623994971,18647.20713632158
vid_000112_frame0000041.jpg,145.59328896604939,149.5665028889974,40.49100600418001,58.92903293644602,414.3302385202332,19771.118727173656
vid_000112_frame0000042.jpg,145.87633294753087,149.95188903808594,40.73481891794825,58.71961377237767,400.02177165634515,18480.420783697627
vid_000112_frame0000043.jpg,147.34896412037037,150.54279581705728,40.8827938435375,58.38865737833956,391.26170707461927,18083.687368154526
vid_000112_frame0000044.jpg,148.19031442901235,151.31206258138022,40.64292161127456,55.250421891818604,382.92372679826815,14554.59346753708
vid_000112_frame0000045.jpg,148.24956211419754,151.66795857747397,40.5142308102882,54.23118139147275,367.5394096513578,12772.39745635516
vid_000112_frame0000046.jpg,148.44218942901236,151.20718892415366,40.67618365119246,55.393392508031695,370.4739699025848,13885.042309105163
vid_000112_frame0000047.jpg,148.19073302469135,151.0053253173828,40.82905516802087,55.96659160732696,399.764519588819,15195.060248620575
vid_000112_frame0000048.jpg,148.24875578703703,151.1490275065104,40.75174143957284,55.59883227935947,380.5487495947734,14539.597026329255
vid_000112_frame0000049.jpg,148.23203896604937,151.55266825358072,40.73053342086845,54.69537855359281,360.7319283130452,12861.686223745346
vid_000112_frame0000050.jpg,148.27440972222223,151.41036478678384,40.7557544439065,54.54226643171072,358.1503164059486,13185.170234188205
vid_000112_frame0000051.jpg,156.27887924382716,154.99762980143228,42.34148154369298,57.903847406820624,433.8412399207765,15431.439382724231
vid_000112_frame0000052.jpg,132.82785108024692,141.98180643717447,45.767141873217895,58.60572073558994,421.75928574245546,20382.695873147808
vid_000112_frame0000053.jpg,120.95869598765432,129.41167195638022,57.15608812470728,65.4465153304008,616.3562705675583,29959.606427337974
vid_000112_frame0000054.jpg,121.50080054012345,129.56072489420572,57.37381803140794,67.3212565682246,704.2377722556785,35215.812214045785
vid_000112_frame0000055.jpg,127.33527391975309,133.09313456217447,58.578772960459446,67.22720981664342,641.4325327498071,32033.191419400042
vid_000112_frame0000056.jpg,128.82383294753086,132.5737508138021,57.622521815166834,65.79014758419984,614.9719733494888,30097.158043235308
vid_000112_frame0000057.jpg,123.6730362654321,129.5445302327474,56.02934523610505,66.3574193221046,663.9326918322068,33146.27379540331
vid_000112_frame0000058.jpg,121.9656462191358,129.02072143554688,55.456172551498426,65.02187771831369,616.6359637439115,31749.553458772367
vid_000113_frame0000001.jpg,111.94201195987654,130.2134755452474,63.539005497120655,57.90620297328303,422.8298600260417,10761.513826604933
vid_000113_frame0000002.jpg,111.94536265432099,129.98116048177084,63.49138238726294,57.910165262191214,413.5462071114916,10567.956257942831
vid_000113_frame0000003.jpg,111.18667438271605,129.14768981933594,63.14290106689725,57.8013503875289,416.96589734224966,10706.644262075424
vid_000113_frame0000004.jpg,127.57433063271606,141.47220357259116,68.1752295261607,60.65520509145194,468.2763518324278,11079.231428116327
vid_000113_frame0000005.jpg,130.9801890432099,145.3074188232422,67.74428166128686,60.57072003152054,452.4053709056713,10413.19196075201
vid_000113_frame0000006.jpg,143.21235146604937,156.07848612467447,46.585813736586466,46.87895034790004,408.00168540367264,10375.600664624711
vid_000113_frame0000007.jpg,146.2033101851852,162.2330322265625,26.104135220626407,48.37400468013666,377.117667136562,16587.59567980445
vid_000113_frame0000008.jpg,152.43326581790123,165.76597595214844,23.564784590220796,45.900871905716436,350.54299309624565,9760.488154461375
vid_000113_frame0000009.jpg,158.25639274691358,168.63800557454428,26.432424753430205,48.17428617450375,335.98116935492624,10440.695552087389
vid_000113_frame0000010.jpg,153.24121527777777,164.6578572591146,27.446905359272794,55.51246987511792,446.59954108139897,18156.067386328243
vid_000113_frame0000011.jpg,151.6184837962963,163.87701416015625,26.920831666934028,54.658075333753104,402.9558940538194,16924.856324722758
vid_000113_frame0000012.jpg,151.1093827160494,163.84870402018228,27.030721461059454,55.07884010459349,432.9397013695987,17978.43106818199
vid_000113_frame0000013.jpg,151.42232060185185,163.77990214029947,26.944571159793533,54.64562946538504,410.6090974255387,16861.04767984152
vid_000113_frame0000014.jpg,133.34266589506174,151.47359212239584,26.686742280990682,56.042273818284805,319.57745718768086,14813.52591442666
vid_000113_frame0000015.jpg,140.66058063271606,154.6436513264974,27.99086044844544,57.174972873357646,353.0922136581777,15359.940564013086
vid_000113_frame0000016.jpg,141.14344328703703,155.10221354166666,27.78359843230315,56.36372933474866,332.9693873911917,14328.157891883515
vid_000113_frame0000017.jpg,141.2680362654321,155.11519877115884,27.333677531458267,54.60933159082644,333.61815494778267,12663.954617749667
vid_000113_frame0000018.jpg,140.7677449845679,156.70134989420572,25.930366349957183,47.69487021413876,317.9297387890893,8531.628754395759
vid_000113_frame0000019.jpg,141.39756558641974,157.2616933186849,25.7441987699792,46.70983056453639,302.8354971761068,7778.456102564
vid_000113_frame0000020.jpg,141.04715277777777,157.33851623535156,25.826031502318695,47.030892090750605,319.3371788494513,7807.411520845257
vid_000113_frame0000021.jpg,141.00595486111112,156.12377421061197,26.958833164742945,51.96303471800525,314.40096377194254,10099.887413974851
vid_000113_frame0000022.jpg,140.56969714506172,154.6204630533854,27.903173832031417,56.93936059063033,363.4064862054184,15569.9340755546
vid_000113_frame0000023.jpg,140.91380401234568,154.6130167643229,27.96234558954231,58.25194194945656,372.7755106758777,16988.421632390236
vid_000113_frame0000024.jpg,140.53241898148147,154.4158172607422,28.110921482074687,59.20633908482231,406.9632610548148,19172.47041617334
vid_000114_frame0000009.jpg,107.041545781893,123.4967041015625,68.7868672550723,69.46996779542748,2681.897334975613,25110.8051396003
vid_000114_frame0000018.jpg,106.95133744855967,123.57703653971355,68.51088622352685,70.0522649182236,2794.2963437699455,26743.743500201963
vid_000114_frame0000021.jpg,107.37646347736626,123.61257934570312,68.26369476286932,69.6896778232826,2774.6706035605753,25896.23816078063
vid_000114_frame0000025.jpg,108.89572530864197,125.32977803548177,67.27368110932103,69.62197225370139,2750.1400691358026,26549.069511100417
vid_000114_frame0000030.jpg,110.33335133744856,128.16631571451822,66.57125375857586,70.96405196117358,2853.9027865188227,30976.946185346693
vid_000114_frame0000031.jpg,110.96781121399177,128.8348592122396,66.25468770117325,70.9577570586081,2824.7568802077976,30390.075776690384
vid_000114_frame0000034.jpg,112.2880992798354,130.34317525227866,65.49480644394683,71.18093814579089,2848.8296006572336,32731.85891342163
vid_000114_frame0000036.jpg,106.03683127572016,128.42314656575522,52.649240274497984,67.53183531527664,1987.2090955289186,29221.493252321845
vid_000114_frame0000037.jpg,116.20307355967078,133.94032287597656,54.56445907129046,72.20936481218135,3357.795651036844,42175.008409693604
vid_000114_frame0000038.jpg,118.464045781893,133.98182169596353,55.7617589740367,74.44829043274169,3520.8651136825915,46195.59780342295
vid_000114_frame0000039.jpg,118.87679783950617,134.05716451009116,56.23612790751261,75.16355060154031,3983.850285684347,48684.6265107356
vid_000114_frame0000042.jpg,112.33540637860082,130.64844767252603,56.02567209441715,75.50477714351355,5086.1498971550045,54775.51035077032
vid_000114_frame0000046.jpg,112.46623199588477,131.23927307128906,55.711123545272635,74.52597845329586,4819.278720987417,50864.91209719982
vid_000114_frame0000049.jpg,113.1995524691358,131.7513631184896,55.60392203694134,75.23972550806275,5065.95224318362,54231.03494861629
vid_000114_frame0000052.jpg,104.23415637860083,125.03069559733073,54.742255695673,63.660676727743606,1868.9174550953908,20376.741393681616
vid_000114_frame0000053.jpg,106.59188014403293,126.4705301920573,64.19162965938159,66.09997197445138,1732.9229416285627,17920.701930407202
vid_000114_frame0000054.jpg,107.94229681069959,128.3312225341797,64.38633907545508,67.2416311379793,1843.1068226830419,24943.45007895585
vid_000114_frame0000056.jpg,91.28839763374485,116.32468668619792,29.11837188845695,40.69340465577108,1801.0968214877087,19139.929939514957
vid_000114_frame0000057.jpg,94.09571759259259,118.91471862792969,28.653251368134708,31.508400021063945,1641.7085116464123,9793.817219271325
vid_000114_frame0000058.jpg,94.73370884773662,120.23534647623698,28.686539901711992,32.90755725729148,1736.34857108476,12931.339380260557
vid_000114_frame0000059.jpg,95.08301697530864,119.93273417154948,28.677745556052614,32.647543369457395,1671.285534361187,12152.511695495807
vid_000114_frame0000060.jpg,92.26492026748971,117.61970520019531,26.71627763379065,27.537760823451194,1595.8672942301098,7899.951250142418
vid_000114_frame0000061.jpg,92.39031121399177,117.7971700032552,26.572637274150214,27.67963913079505,1606.7335450424382,8352.469614616595
vid_000114_frame0000062.jpg,93.46533179012346,118.85725402832031,26.789788430754857,27.884737360219866,1573.645589557375,8743.676221951842
vid_000115_frame0000007.jpg,86.38382201646091,112.18198140462239,35.60356185655688,53.38940072884659,3164.717191184414,19254.574382778257
vid_000115_frame0000010.jpg,78.00597222222223,105.3648681640625,30.560285582231412,43.343334461240374,3051.3958851013567,13926.887536125025
vid_000115_frame0000013.jpg,79.97900205761317,106.27437845865886,32.50839669043541,44.440998046891416,2935.949125990702,13609.64878938999
vid_000115_frame0000018.jpg,83.05223765432099,104.50431315104167,42.870885117697256,52.70732786045072,3205.960894594419,18159.948739859974
vid_000115_frame0000033.jpg,88.18653806584362,110.62629699707031,47.77615471888493,55.91651305915662,3541.0374524453214,20631.643622025615
vid_000115_frame0000038.jpg,84.34558127572016,107.4299825032552,44.245192974600634,43.82392854770309,3066.4886568643674,8458.614495381713
vid_000115_frame0000040.jpg,84.56269032921811,109.27252197265625,50.119058404920914,53.77183215998388,3511.0245789885303,14552.818790889345
vid_000115_frame0000041.jpg,96.9660133744856,119.23618570963542,53.513204855254926,58.10551818451973,3611.5599756358,16400.735071486793
vid_000115_frame0000048.jpg,106.40872170781893,119.81268310546875,57.777069275941976,61.74668924796007,3665.8368947830336,23034.59210310853
vid_000115_frame0000050.jpg,107.15823816872428,129.95431518554688,56.21285828442638,69.65084852732782,3972.745223628258,29662.437897274038
vid_000116_frame0000001.jpg,74.88180041152263,100.41513061523438,20.696657849547456,30.151783613600866,2688.520978006342,9606.38234783616
vid_000116_frame0000002.jpg,75.16895833333334,100.33577473958333,20.64093018406608,29.8767584327996,2668.0922005706066,9276.334982802859
vid_000116_frame0000003.jpg,75.00795010288066,99.6335957845052,20.506087775827407,30.565467069331078,2778.0685316271692,9900.355144666275
vid_000116_frame0000006.jpg,73.73077417695474,98.36129252115886,20.11194223951297,30.999279982570357,2761.197209809326,10296.224951967597
vid_000116_frame0000010.jpg,73.77585905349794,98.94259134928386,20.048137351076377,30.96789241881071,2754.8468984562546,10408.975019163452
vid_000116_frame0000013.jpg,72.64815072016461,97.34850565592448,20.844086506983622,31.455099064317135,2721.0047365468654,10365.325670055114
vid_000116_frame0000015.jpg,71.97235082304526,96.83712259928386,21.222345644598672,31.93352400102258,2758.034678444358,10623.375883128494
vid_000116_frame0000020.jpg,70.98265689300412,95.92641703287761,21.653860297425624,32.61800557819005,2861.7186035834384,10970.777169178938
vid_000116_frame0000021.jpg,71.2644675925926,96.17661031087239,21.76569458342767,32.622428826648104,2854.971138112461,10858.934509858489
vid_000116_frame0000022.jpg,70.87356995884774,96.24831644694011,21.923056924382486,32.42025237081841,2812.9710000570963,10707.41176189389
vid_000116_frame0000027.jpg,70.11790380658437,95.29771423339844,22.797310176080188,33.325809104563966,2841.7263102020934,10916.92780887708
vid_000116_frame0000028.jpg,69.56965534979423,95.39608256022136,22.998599974936347,33.84864665004212,2871.522893446121,11101.881959181046
vid_000116_frame0000029.jpg,69.79536265432098,95.23135375976562,23.028962543734014,34.253886771671446,2861.0243910605764,11093.023690275615
vid_000116_frame0000030.jpg,69.3286188271605,94.72341918945312,23.12982106114867,34.55797435256822,2885.6794240966983,11510.324343699729
vid_000116_frame0000032.jpg,84.20227880658436,107.51396179199219,36.63566055684912,41.804945049080565,2973.835292885457,11539.943652323447
vid_000116_frame0000033.jpg,80.74048096707818,104.10620625813802,36.197835010390506,40.99154050484349,3018.7558730275846,11191.125024106354
vid_000116_frame0000034.jpg,74.77249742798354,99.52252705891927,34.204922188800055,39.17861597511616,3096.835098591821,10756.691505528055
vid_000116_frame0000036.jpg,75.6328883744856,100.1815897623698,34.06781499690676,39.25284864984455,3091.0693378457336,10856.339268921874
vid_000116_frame0000041.jpg,76.76963991769547,101.38598124186198,34.55448439857569,39.44539850868032,3116.9927688004877,10796.77237521112
vid_000116_frame0000042.jpg,76.90738425925926,101.55894470214844,34.68707910432338,39.71142657169757,3121.300384761993,10734.838533505797
vid_000116_frame0000046.jpg,76.76975823045268,101.47360229492188,34.987802813601206,39.62974909747733,3105.8779082346796,10458.789719486376
vid_000116_frame0000048.jpg,76.46426183127572,101.01519266764323,35.06595811120163,39.477593202846414,3109.6245423630166,10526.40069430694
vid_000116_frame0000054.jpg,73.80391460905349,98.79691569010417,35.418248506503375,41.182134561479046,3135.4544807917996,11394.353936696192
vid_000116_frame0000064.jpg,74.43975308641976,99.81471252441406,35.416748902457044,42.80211362537033,3246.0268634066356,13178.418133771978
vid_000116_frame0000066.jpg,74.67749485596708,99.92931111653645,35.352953769470396,42.633860665743136,3244.639460276397,13196.401108130813
vid_000117_frame0000001.jpg,87.37799639917695,111.9067891438802,30.276164447299212,30.226539768040464,2561.868833441691,8580.152506800136
vid_000117_frame0000002.jpg,87.79549897119341,112.35286966959636,30.256649956199965,30.022375787019175,2545.7320070585174,8481.096686424455
vid_000117_frame0000003.jpg,88.28186985596707,111.96006266276042,30.473908280805247,30.738648542532477,2638.377832052088,9258.932042016648
vid_000117_frame0000004.jpg,88.0302700617284,111.48761494954427,30.725156444821465,31.64946136276625,2725.901861225185,10503.150629676646
vid_000117_frame0000006.jpg,88.74917438271605,112.11663309733073,30.675006172628297,31.050616092390598,2622.509054629094,9767.238591250032
vid_000117_frame0000007.jpg,91.57675411522634,115.12430826822917,30.755817873788224,31.024789386676794,2509.7498481822036,9760.37513573072
vid_000117_frame0000008.jpg,93.16599794238684,115.60589599609375,31.303686497032942,32.46130894772822,2533.4163716268486,11036.929880525917
vid_000117_frame0000009.jpg,91.54727366255145,114.34605407714844,30.819751893300744,32.03574016727172,2489.6090792028654,10683.380647434853
vid_000117_frame0000011.jpg,90.52381687242799,113.4956563313802,30.736755464106672,32.37589503563499,2591.393733652454,11493.463605715893
vid_000117_frame0000013.jpg,90.63707304526748,113.96481831868489,30.770150095607057,32.31494474907382,2580.896369084303,11273.489015094703
vid_000117_frame0000014.jpg,89.5456970164609,114.07126871744792,30.336792898170245,30.337615053920885,2446.8907593447543,8927.215385443531
vid_000117_frame0000015.jpg,89.5860725308642,114.19561258951823,30.47038515271544,31.8567595455115,2559.064198900463,10777.106422841549
vid_000117_frame0000016.jpg,89.88596965020577,114.95404052734375,30.460627181548933,31.21314792494383,2481.0358562983442,10241.693444307894
vid_000117_frame0000018.jpg,90.19680041152263,113.20566813151042,30.75609167218453,32.51227088335615,2642.316820450329,11720.01910806424
vid_000117_frame0000021.jpg,90.53680298353909,113.5585428873698,30.598330387377924,32.3835241750688,2630.562727907748,11398.236675202847
vid_000117_frame0000022.jpg,90.34082818930041,113.63879903157552,30.740350433710958,32.457512441618874,2656.961078760622,11617.874721729895
vid_000117_frame0000023.jpg,90.79145833333334,113.87232971191406,30.570968260652787,32.22782039433446,2621.74985582395,11361.987548258156
vid_000117_frame0000024.jpg,89.58447788065844,113.09118143717448,30.64508958627881,31.93573430249146,2678.724397516516,10902.129278423032
vid_000117_frame0000025.jpg,87.9934670781893,111.79036966959636,30.12255656665045,31.09072750551466,2745.256834169179,10066.469139850698
vid_000118_frame0000001.jpg,68.98861368312757,95.12406412760417,29.44400692340799,34.50957395445535,2856.731875647231,9228.504668093985
vid_000118_frame0000005.jpg,67.70153549382717,93.75393168131511,28.53652351981564,33.869953785525695,2796.2121577774324,8960.862373012817
vid_000118_frame0000008.jpg,71.9753420781893,97.07855224609375,29.89646987555243,34.25658959172807,2841.3310755791804,9140.128215551376
vid_000118_frame0000010.jpg,72.94341049382716,98.50623067220052,30.099663368060934,34.4032838457149,2825.590881767023,9008.578312176978
vid_000118_frame0000012.jpg,70.9505529835391,96.47821044921875,29.551114884178446,34.331242765232375,2825.6323020490395,9196.442778285593
vid_000118_frame0000014.jpg,67.41392489711934,93.4296366373698,28.54535329937482,33.67065541473385,2823.0370654235257,9140.006208002334
vid_000118_frame0000018.jpg,74.3411111111111,99.34602355957031,30.35238923213073,34.49470093587611,2768.8736316514614,9192.68205506145
vid_000118_frame0000019.jpg,74.4257433127572,100.23148600260417,30.328641194177173,34.86021225470146,2723.3548738377704,9004.864031224512
vid_000118_frame0000021.jpg,72.33656121399177,97.30414326985677,29.77424273699638,34.51265643952958,2765.3720726163597,9028.931368812919
vid_000118_frame0000024.jpg,65.96743827160493,92.27648417154948,28.768232086594494,33.98355404876172,2802.3538641317423,8998.073951722821
vid_000118_frame0000026.jpg,62.42042695473251,88.84840901692708,29.47634540960936,33.213078929402585,2758.25172401543,8684.002942451974
vid_000118_frame0000028.jpg,62.97586934156379,89.5761006673177,29.612940218946715,33.33028098170331,2820.620628057782,8820.883579417132
vid_000118_frame0000029.jpg,62.817150205761315,88.94879150390625,29.202904333444344,33.109312663459185,2776.15767646599,8700.667058106512
vid_000118_frame0000031.jpg,61.85239197530864,88.47831726074219,29.275638001409384,33.135480233206984,2827.4327567727396,8739.942631706595
vid_000118_frame0000036.jpg,59.07067386831276,85.2660420735677,28.033986943148445,32.69180760809584,2798.2153280747507,8512.15672181896
vid_000118_frame0000037.jpg,59.224521604938275,85.55518086751302,28.283011986060618,32.90395499367069,2773.888728905655,8571.408767535351
vid_000118_frame0000038.jpg,59.51650462962963,85.61800130208333,28.096259530650368,32.57071355183041,2787.2926236253397,8612.764479208505
vid_000118_frame0000039.jpg,59.16810185185185,85.87551371256511,28.02041029324824,32.71849988883604,2723.4744054349926,8582.447699546814
vid_000119_frame0000001.jpg,106.06188014403293,127.15818786621094,31.776125969825895,31.694980413987626,2541.9594991826107,9439.02096444345
vid_000119_frame0000002.jpg,106.60755658436214,128.6217803955078,31.65275141787679,31.61205180167989,2498.7054270304043,9111.445772289298
vid_000119_frame0000003.jpg,105.46574588477367,129.10278828938803,31.00177463241893,31.136402069133304,2485.201304694406,8802.793708424782
vid_000119_frame0000004.jpg,107.86463477366254,127.45190938313802,31.965540929474898,32.86260677716174,2620.3119259173523,10830.247434651246
vid_000119_frame0000005.jpg,108.76620370370371,129.15740458170572,31.92340208387431,32.39454779887437,2489.8598924875687,10118.384190067649
vid_000119_frame0000006.jpg,110.39739197530864,129.6964314778646,31.958940453110298,32.686843958173576,2430.74365823593,9915.807032093173
vid_000119_frame0000007.jpg,110.72953446502058,129.94120279947916,31.818212331082155,33.248965927860425,2402.196157702653,10562.182157542324
vid_000119_frame0000009.jpg,110.25437242798354,129.46961466471353,32.00968461052706,33.14884951782033,2369.1806308861073,10464.404455667129
vid_000119_frame0000011.jpg,110.0626774691358,129.20591735839844,31.922433866850167,33.18250557948753,2368.4986381944445,10552.067685827613
vid_000119_frame0000012.jpg,109.66564300411522,128.59483337402344,31.907175854925846,33.37302379166458,2426.016917077237,10807.01492857933
vid_000119_frame0000013.jpg,101.02914094650205,123.3328145345052,30.57741246186227,30.961861283109716,2455.7601023031452,9503.75613246276
vid_000119_frame0000014.jpg,102.29499228395062,124.02140299479167,30.79011215984417,31.709680297115536,2532.300030003941,9926.510893020546
vid_000119_frame0000015.jpg,102.71180812757201,124.50982666015625,30.950292825758886,31.822684566926863,2459.7198072401666,10058.32261691778
vid_000119_frame0000017.jpg,102.14889917695473,123.80546061197917,31.31996266832689,31.464068815582593,2459.3577508353696,9606.269577426603
vid_000119_frame0000018.jpg,100.80394804526749,122.43414306640625,31.309418611259435,31.730201398162343,2500.400794322928,10028.009210204473
vid_000120_frame0000001.jpg,93.79414351851852,114.9736836751302,41.983773591979705,47.5154793042804,3080.961924093126,15147.864354795776
vid_000120_frame0000002.jpg,94.1012037037037,114.89845784505208,42.00593885103461,47.14769339786355,3038.7875547646604,14614.866140033817
vid_000120_frame0000003.jpg,92.5362242798354,113.55163065592448,42.46695658736708,47.689084375793385,3103.7261268546504,14769.79797785636
vid_000120_frame0000004.jpg,90.2795396090535,111.64987691243489,43.231620337552265,49.183433488163026,3189.5194301049173,15308.816619991325
vid_000120_frame0000005.jpg,87.61571502057613,109.04268900553386,42.73742366637174,49.06594546060181,3166.9470767773105,15427.432092770934
vid_000120_frame0000007.jpg,85.1814017489712,107.73192342122395,41.930577021943364,48.76245056039476,3321.6773332180687,16122.112886870047
vid_000120_frame0000008.jpg,85.29756172839507,108.46634419759114,42.33434225517491,49.65072696762119,3170.741799038828,16567.905768954894
vid_000120_frame0000012.jpg,86.19788580246913,108.68114217122395,41.129845051572744,48.97524205892812,3222.1736054735725,17159.274079843424
vid_000120_frame0000013.jpg,86.22416152263375,108.50705464680989,41.123673363052454,49.24265768841367,3283.1002844247732,17802.138597724726
vid_000120_frame0000015.jpg,84.83023148148148,107.41515604654948,41.64474899647419,49.71798512849537,3445.1663759752223,18342.073560907505
vid_000120_frame0000017.jpg,90.02448302469136,112.64902750651042,39.714057887532206,47.98600965139622,3208.3741808868217,17743.02513617184
vid_000120_frame0000018.jpg,93.86280606995885,114.50931803385417,37.88707273189386,44.90010165997331,2947.212488504456,16005.136288106441
vid_000120_frame0000019.jpg,97.06225051440329,116.48183186848958,38.11228120000846,44.930154077632885,2633.36662036656,14231.593480434269
vid_000121_frame0000001.jpg,87.3986702674897,115.90974426269531,50.055792378086146,63.86307562785874,3931.8919726316017,24786.743976533413
vid_000121_frame0000002.jpg,87.80868055555555,116.23752848307292,50.00802568569658,63.62144952626114,3876.1683949545018,23764.25832685246
vid_000121_frame0000003.jpg,90.40224022633745,118.90929667154948,48.62202899216279,62.25504305990727,3713.6671321956924,23276.939498295775
vid_000121_frame0000004.jpg,88.99631172839506,118.21712748209636,46.72495804710421,61.29783471241281,3556.2922604764426,23418.468786636135
vid_000121_frame0000007.jpg,84.96725051440329,112.60670471191406,43.43796911108857,56.16477002188263,3234.2139096171977,18448.644607361173
vid_000121_frame0000008.jpg,90.36274434156378,117.2605692545573,45.47519440250867,58.902941814031436,3344.953217499655,21238.14566272497
vid_000121_frame0000009.jpg,90.50397119341564,117.33884684244792,42.69127213775564,55.226395342720274,3020.5397165251466,17638.18339522346
vid_000121_frame0000011.jpg,89.05713477366255,115.03074645996094,37.769061453885115,49.08811010207876,2879.792634180611,15269.734499051934
vid_000121_frame0000017.jpg,99.18427469135803,122.84549458821614,35.829964723067086,43.516507672001644,2356.676691529254,11402.95719603356
vid_000121_frame0000020.jpg,101.05111111111111,124.10493977864583,37.03220120003893,43.076484074692765,2302.656333898641,10828.591527366778
vid_000121_frame0000023.jpg,102.30754886831275,123.89430236816406,37.72983081520252,44.06995313285508,2368.046358839104,11610.916109217098
vid_000121_frame0000029.jpg,105.77014146090535,126.77201334635417,40.84328295171958,47.99263000737938,2453.9837374254594,13408.818854174577
vid_000121_frame0000031.jpg,99.42532407407407,122.93960062662761,39.32993053454031,48.665981292642066,2624.687981755592,14402.972971435636
vid_000121_frame0000032.jpg,98.90327160493827,122.5986836751302,39.11445542304605,48.3196831033083,2582.85065200135,14169.601802799618
vid_000122_frame0000004.jpg,112.75720164609054,128.37247212727866,72.86478891459436,65.69513003518294,3682.152044653005,9514.852853520773
vid_000122_frame0000005.jpg,113.11628086419753,128.44478861490884,72.96653005725305,65.57053453021376,3796.375647110769,10149.666333398782
vid_000122_frame0000007.jpg,111.11137860082304,126.54074096679688,72.28119338979225,65.0378351542437,3761.9130485438936,10373.90528397169
vid_000122_frame0000010.jpg,98.74811728395062,116.3187764485677,65.49084641026995,58.84407331601791,3467.0257887507614,9302.400988489157
vid_000122_frame0000014.jpg,108.96896604938271,125.68812561035156,68.8265254148422,61.84369974073282,3506.4405209702695,9986.311441279016
vid_000122_frame0000017.jpg,109.63976594650205,125.89096577962239,68.73255508150152,62.09387891534846,3571.0086236362954,10020.240719370311
vid_000122_frame0000018.jpg,109.15492541152264,125.45778910319011,68.80862881838175,62.067659343689236,3582.293040002893,10141.650366540998
vid_000122_frame0000019.jpg,109.13610339506172,125.88586934407552,68.77603051572254,61.7213798235791,3531.246070814043,9705.605041444302
vid_000122_frame0000020.jpg,108.87461934156379,125.5499776204427,68.82965467749946,61.80798323011708,3584.5336725046072,9947.984539017081
vid_000122_frame0000021.jpg,109.33722736625515,125.77413431803386,68.66705225775526,61.77301243109749,3562.846251026663,9869.554143709829
vid_000122_frame0000022.jpg,109.41621141975308,126.03050231933594,68.78358914633941,61.91406611780315,3594.7865961133375,10173.044421743369
vid_000122_frame0000023.jpg,109.52100823045268,126.22292073567708,68.847008782699,61.775238432270214,3559.840104480072,9813.502463115146
vid_000122_frame0000033.jpg,109.5161779835391,126.14528910319011,68.71523842924563,61.73872249100731,3497.7632432055307,9663.478400554508
vid_000122_frame0000037.jpg,121.1434927983539,135.99224853515625,72.94611691929069,66.03690278190007,3602.112428935185,9925.826999462908
vid_000122_frame0000038.jpg,114.75860082304527,129.66136678059897,72.8142238971618,65.53050723073237,3744.4478664217895,10596.49000686407
vid_000122_frame0000039.jpg,112.59691358024692,127.91743469238281,72.42143192593204,65.49226526760555,3703.7178817155827,10596.277091521537
vid_000122_frame0000041.jpg,112.6401183127572,128.09638468424478,72.66799180880876,65.44743895974179,3763.5186376543206,10441.211298434995
vid_000122_frame0000043.jpg,112.67806069958847,128.3243662516276,72.57932036038736,65.33991576236272,3638.7276572096835,10258.433779663406
vid_000122_frame0000045.jpg,112.65238940329218,127.99695841471355,72.55723083611699,65.36405866613016,3718.913027908998,10255.248842788627
vid_000122_frame0000046.jpg,112.75532664609054,128.1944325764974,72.5015423680928,65.26466138364889,3643.545193697607,9974.635432015872
vid_000122_frame0000049.jpg,112.66023405349794,128.5093536376953,72.63347100357743,65.30313386036977,3667.272877794686,10062.128224327927
vid_000122_frame0000050.jpg,112.74289351851851,128.25744120279947,72.58398934277105,65.45454536407033,3716.6035061575976,10371.116473262897
vid_000122_frame0000051.jpg,112.67502057613169,128.26629130045572,72.59482411417704,65.48310666499388,3723.9168532063886,10423.957787673688
vid_000122_frame0000053.jpg,112.7005658436214,128.19478352864584,72.57659470135846,65.52037871150749,3698.5070146342387,10443.627749163425
vid_000122_frame0000054.jpg,112.61415380658437,127.66262817382812,72.55402729218999,65.5876976591057,3734.941176200036,10583.793351804605
vid_000122_frame0000056.jpg,112.85467849794239,127.99524434407552,72.57979719153771,65.46573628181287,3699.348224486966,10368.047535033664
vid_000122_frame0000057.jpg,112.74995113168724,127.96798197428386,72.67884612896334,65.62421329848894,3823.9576750728143,10726.23736642208
vid_000122_frame0000058.jpg,112.83058641975309,127.87062072753906,72.62857831835207,65.52844878366277,3839.0636408083747,10666.546008198522
vid_000122_frame0000060.jpg,112.68181327160494,128.10787963867188,72.60149525793085,65.37746531763494,3838.875243183204,10555.480015695095
vid_000122_frame0000061.jpg,112.657466563786,127.92547607421875,72.5260279202317,65.39026136753917,3792.3525331356095,10383.5657405518
vid_000122_frame0000062.jpg,112.6625,127.94837443033855,72.54363163551534,65.15546624730285,3784.241479976316,10432.465121015906
vid_000122_frame0000064.jpg,112.69919495884774,127.80450948079427,72.56834027067158,65.36753863211585,3794.865172824265,10608.268484576605
vid_000122_frame0000065.jpg,112.65248456790124,127.83006795247395,72.61673374685404,65.34405460374767,3837.459560179232,10713.56518901675
vid_000122_frame0000066.jpg,113.183454218107,128.02034505208334,72.56964523737922,65.16759324268736,3750.068437928431,10324.373266544193
vid_000122_frame0000067.jpg,113.69874742798353,128.57100931803384,72.80468636328126,65.09492590560781,3821.6716622940007,10488.53966680821
vid_000122_frame0000068.jpg,113.74794238683127,128.52385965983072,72.91487882030249,65.42729139247295,3772.9271849017277,10329.376376410713
vid_000122_frame0000069.jpg,113.78413580246914,128.4263661702474,73.00031862897706,65.33822937881463,3690.895629834438,10068.684429749614
vid_000122_frame0000072.jpg,113.385,127.86937967936198,73.12227276965618,65.6705363676877,3764.8021643384554,10480.723870457849
vid_000122_frame0000075.jpg,112.11466563786009,127.16234334309895,72.6114263640563,65.31943066878462,3809.7985999608836,10435.64039530023
vid_000122_frame0000076.jpg,114.15012345679013,129.30855305989584,73.18940058512196,65.5432323220989,3677.6878145789865,9642.901864280691
vid_000122_frame0000077.jpg,114.75221965020576,129.38177998860678,73.62060579200775,65.92700876331433,3809.144423688212,10325.356695504626
vid_000122_frame0000078.jpg,113.66322016460906,128.36508178710938,73.11533573801883,65.47675853306312,3816.790563393002,10232.251920729643
vid_000122_frame0000079.jpg,111.34641203703704,126.57240295410156,72.2687226459521,64.37885333013669,3736.0254082475394,10257.792805509409
vid_000122_frame0000080.jpg,118.97568672839506,134.7752888997396,74.14924214734307,67.30131795436644,3224.930292051517,10246.538361754268
vid_000122_frame0000081.jpg,118.17591049382716,133.58074442545572,75.52941420008251,71.66105195218493,3233.062043668017,14964.322089343332
vid_000122_frame0000082.jpg,107.33380401234568,126.17418416341145,73.07873380577283,72.05690314253349,3340.6360357652575,15156.03866659454
vid_000122_frame0000083.jpg,97.82672839506174,118.55746968587239,73.50329740928186,73.61045370394636,3532.864150102821,16185.707502517616
vid_000122_frame0000084.jpg,92.76657664609054,115.87968444824219,72.13986352297862,73.89548551996144,3590.659676946159,16772.52152244351
vid_000122_frame0000085.jpg,96.05602109053498,118.65999348958333,71.31429275282022,71.93976847270818,3627.8125851385075,16703.2091111911
vid_000122_frame0000087.jpg,97.99890174897119,119.86769104003906,72.62131712489342,72.9413052186053,3969.212554886295,19856.921676633647
vid_000123_frame0000003.jpg,101.16892232510288,121.66498311360677,64.42550728884513,54.09046368380711,3222.3173811270553,8328.588240883313
vid_000123_frame0000004.jpg,94.17203703703704,113.49148559570312,69.9496553744387,60.74568358721116,3338.440332561193,9301.144052922726
vid_000123_frame0000005.jpg,91.91777006172839,111.6323750813802,68.96931729735759,60.14430350152484,3311.928051516001,9362.285729393363
vid_000123_frame0000006.jpg,90.65833076131688,110.75760904947917,68.5457962341238,59.800576594744925,3255.69448117284,8918.239776935428
vid_000123_frame0000007.jpg,89.88180812757201,110.46157328287761,68.07759567012118,59.80774275438248,3333.064060146545,9300.371092899702
vid_000123_frame0000008.jpg,90.45597479423868,110.79219563802083,68.5195584709722,60.39092331383959,3361.9349296982164,9420.707792337984
vid_000123_frame0000009.jpg,92.61347479423868,112.94038391113281,69.4547994428905,60.82875706735897,3280.004543604014,8950.62148391828
vid_000123_frame0000010.jpg,93.23649176954733,112.73749287923177,70.14265804054428,61.33955070156885,3368.971436534958,9556.59819600638
vid_000123_frame0000011.jpg,92.7395524691358,112.2076924641927,69.60766190654599,60.75672141091872,3368.252592513944,9222.684007152915
vid_000123_frame0000012.jpg,90.15633230452674,110.26737976074219,68.267249131906,60.34807749820939,3315.61985350217,9446.191893739393
vid_000123_frame0000013.jpg,108.47716306584363,127.22326151529948,73.9498304315924,63.4480938939329,3253.695897819442,8931.3044705668
vid_000123_frame0000014.jpg,111.31173353909465,131.01903788248697,66.85944540985486,58.46021779746629,3061.9131614354114,8996.48344523809
vid_000123_frame0000015.jpg,103.6807098765432,125.97384643554688,59.717880878472386,54.29462064032443,3068.8583127486286,9005.317722803913
vid_000123_frame0000016.jpg,102.17633744855966,124.71117655436198,56.62169167255105,51.862539299458604,3032.2996447615997,8835.421780749923
vid_000123_frame0000017.jpg,102.26643261316872,125.38827514648438,55.039917414845476,51.746830293789415,3068.6825159459663,9275.754296529805
vid_000123_frame0000018.jpg,98.65212705761317,121.25454711914062,55.98506414901983,51.97925402889315,3224.224538027204,9648.592555999756
vid_000123_frame0000019.jpg,98.56987654320987,121.04799906412761,56.034641319120944,51.75353736436074,3211.709290826236,9173.989036496729
vid_000123_frame0000020.jpg,97.4828883744856,119.94979858398438,55.86237617948783,51.83361511376416,3243.990698901654,9903.147893137299
vid_000123_frame0000021.jpg,98.17172839506173,120.83595784505208,55.81543609502367,51.716751957428826,3269.6016827155136,9580.811142118415
vid_000123_frame0000022.jpg,98.03344135802469,120.53738911946614,55.93299505839395,52.211394247743755,3209.9602215896966,9822.446964025497
vid_000123_frame0000023.jpg,85.65834619341564,110.15118408203125,54.890017968420864,53.11121787201458,3215.6121621396796,8936.25610602065
vid_000123_frame0000024.jpg,89.75010030864198,113.44518534342448,57.2276899243216,54.69875262126345,3264.5527075116574,9521.134550895542
vid_000123_frame0000025.jpg,94.3680529835391,117.20375569661458,59.04119614339178,55.181170853418095,3215.4619335318903,9189.382245799294
vid_000123_frame0000026.jpg,95.12977880658437,117.46378580729167,59.22215116259759,54.87477236457704,3215.0522297191146,9033.90210462152
vid_000123_frame0000027.jpg,94.08833076131687,117.18117268880208,58.873139522574355,55.17292395020674,3284.660480806982,9112.001915678382
vid_000123_frame0000028.jpg,94.05668209876544,117.9954833984375,58.98098264600761,55.23063879640924,3302.970130279719,9326.416568007087
vid_000123_frame0000029.jpg,97.22259773662552,120.82107543945312,59.30846855228346,54.77388674531398,3160.6370771519205,8627.670645084232
vid_000123_frame0000030.jpg,100.04824074074074,122.80158996582031,59.62875574174174,55.232465546642096,3228.5851635716735,9690.546639749547
vid_000123_frame0000031.jpg,102.08659465020577,124.46624755859375,59.201807998545085,54.31689950458862,3183.182880105394,9186.004216856323
vid_000123_frame0000032.jpg,99.15796810699588,122.28369140625,57.55839457272159,53.74893498881129,3160.1552880915046,9673.451691519236
vid_000123_frame0000033.jpg,94.75235853909464,119.12224833170573,55.98418315674006,52.801662548041584,3161.9765471378587,9157.868743798696
vid_000123_frame0000034.jpg,89.27051697530864,113.66707865397136,54.866438720126936,51.640374414010786,3168.4725983662333,9256.551201838767
vid_000123_frame0000035.jpg,91.5742361111111,116.22957865397136,56.88620796551024,52.89391109604059,3010.4252740731213,8888.324051912874
vid_000123_frame0000036.jpg,94.0246244855967,117.74700419108073,58.306476274318904,53.09837935659408,2989.644908639833,8512.19580015447
vid_000123_frame0000037.jpg,96.55321502057613,119.67771911621094,59.300684139013114,53.62341004221063,3029.7877731861927,9011.672184919706
vid_000123_frame0000038.jpg,101.92753600823045,123.87362162272136,61.1768557211355,54.53487831155353,3031.5691971349993,9071.952719262801
vid_000123_frame0000039.jpg,104.69450874485597,126.00519307454427,61.346708365270295,54.60146504849901,2939.616651051431,8517.55143514066
vid_000123_frame0000040.jpg,101.2533359053498,124.16012573242188,58.81116342015894,54.214401773591824,2941.8138760973343,8822.623315844452
vid_000123_frame0000041.jpg,100.03513374485597,122.36111958821614,57.975041770531476,53.440778040369125,2938.9116925925928,8582.899844119092
vid_000123_frame0000042.jpg,96.9639994855967,121.06256103515625,58.00779967202793,53.76166896273354,3075.14995369513,8649.303315129131
vid_000123_frame0000043.jpg,89.15712705761317,113.20537821451823,56.746553301519285,53.40807233477482,3117.6947821715794,8388.152005850337
vid_000123_frame0000044.jpg,92.4161445473251,115.66680908203125,59.179755030803015,54.663217885282805,3151.963779882485,8532.580130701652
vid_000123_frame0000045.jpg,96.8252237654321,119.1443379720052,60.39095895014448,54.9224294465586,3235.0308789122632,8612.540803066455
vid_000123_frame0000046.jpg,99.03987397119342,120.2124735514323,60.49176428558927,54.34818310453469,3156.7871112510834,8387.350227862364
vid_000124_frame0000001.jpg,47.42309413580247,73.41944376627605,31.79576407740235,37.1290309888512,3281.818004610339,7787.516363963485
vid_000124_frame0000002.jpg,47.765360082304525,73.59419759114583,31.747136964235,37.17439037820131,3251.2445307260705,7567.330718455603
vid_000124_frame0000003.jpg,48.07762345679012,74.30035909016927,31.960769794776162,37.44033284076377,3278.2847135335696,7737.559059283696
vid_000124_frame0000004.jpg,48.31151748971193,74.49010213216145,32.19285641534014,37.299155262968625,3226.869611303476,7292.1356964074075
vid_000124_frame0000005.jpg,48.72862654320988,74.96634419759114,32.24209729419647,37.4957125302076,3295.0670520688063,7395.27072891756
vid_000124_frame0000006.jpg,48.71295267489712,75.28699747721355,32.343830244143284,37.935862967625546,3246.2597264400906,7287.588902763091
vid_000124_frame0000007.jpg,48.93930041152263,75.25633748372395,32.36566481590633,37.68042500052367,3222.689584168703,7370.470891808858
vid_000124_frame0000008.jpg,48.85168209876543,74.92293294270833,32.47291880173196,37.67194320134236,3259.0684733867147,7459.498705592006
vid_000124_frame0000009.jpg,48.79920010288066,75.31794738769531,32.332825118159434,37.79387278142263,3298.952907864417,7434.884658362716
vid_000124_frame0000010.jpg,48.648163580246916,75.30247497558594,32.366585568136415,38.47082914636922,3299.966294367284,7770.600310191512
vid_000124_frame0000011.jpg,49.13559156378601,75.2747294108073,32.41831122982309,38.0350267880083,3315.363919945452,7392.119272337994
vid_000125_frame0000002.jpg,66.96945216049383,93.17337036132812,35.58906017549748,39.264576304883995,2929.1599111073006,9146.903413178166
vid_000125_frame0000003.jpg,67.48662037037037,93.34851582845052,35.92709876853101,39.58026687342673,2909.7855376883763,9068.698821064085
vid_000125_frame0000004.jpg,69.93048353909465,95.47703552246094,37.85536609999359,40.893133580100695,2828.749282743139,9138.610178122064
vid_000125_frame0000005.jpg,73.86014146090535,99.14182535807292,40.814691257045816,42.824211050195814,2899.6629983593875,9235.262639589375
vid_000125_frame0000006.jpg,76.92071502057613,101.9406229654948,42.87912633448716,43.89642911000062,2948.0303388773978,9363.664038999937
vid_000125_frame0000007.jpg,75.02980967078189,99.97857157389323,42.2827090649254,43.43392841668472,2918.8763247165425,9020.71990280971
vid_000125_frame0000008.jpg,72.63407407407408,98.22525024414062,40.722392532444964,42.86809663306849,3094.134285122254,9284.169229471823
vid_000125_frame0000009.jpg,69.9390920781893,95.58392842610677,38.94593635329541,41.52938177071232,3107.042882548809,9152.1364110203
vid_000125_frame0000010.jpg,68.82137345679013,94.4148457845052,38.63823648790805,41.593881476710564,3110.2426695528034,9294.493263452314
vid_000125_frame0000011.jpg,70.83156121399178,95.98603820800781,40.05224790217577,42.38520554609327,2983.040705589313,9121.888592915377
vid_000125_frame0000012.jpg,74.26264660493827,98.89649963378906,43.12413619092665,44.39053166737565,3069.342626375969,9501.532914876938
vid_000125_frame0000013.jpg,78.97733796296296,103.51322937011719,46.26490509810437,46.44981928512893,2945.6795738549167,9178.452888429165
vid_000125_frame0000014.jpg,78.16282921810699,102.0040283203125,47.198278723100785,47.35232013465936,2941.445777176152,9372.479101568228
vid_000125_frame0000015.jpg,77.58343621399177,101.95060729980469,47.539527124501774,48.042928644010914,2968.1201517594495,8943.090208049864
vid_000125_frame0000016.jpg,77.53643261316873,102.20626322428386,47.96958585938245,48.06616876377621,3012.4121381124614,8784.855241537094
vid_000125_frame0000017.jpg,77.70819187242799,102.14488220214844,48.745006072926124,48.67572874399009,3165.1788909176867,9033.114622499794
vid_000125_frame0000018.jpg,77.04657407407407,101.60709126790364,48.670828944192884,48.737727738472046,3247.581342720657,9015.239070316544
vid_000125_frame0000019.jpg,73.38620113168724,99.14365641276042,45.77160245140904,47.132847494597705,3050.9867718949454,8711.346990427934
vid_000125_frame0000020.jpg,69.66847736625515,95.14894612630208,42.33720758672278,44.43432550116539,3036.8658729609033,9048.073358005844
vid_000125_frame0000021.jpg,70.60976594650205,96.12239074707031,41.28475769455228,43.45397290920473,3053.29819884164,9137.847261190414
vid_000125_frame0000022.jpg,69.80061471193416,95.45330301920573,39.59514399670838,42.417183240482835,3115.9848036977496,9319.62897780165
vid_000125_frame0000023.jpg,69.20706275720164,94.63357035319011,37.881573985888245,41.113346156727935,3087.5732488496774,9465.214422192425
vid_000125_frame0000024.jpg,68.32032150205761,94.05307006835938,36.363778367491065,39.87404678572829,3018.2680684096836,9476.176395770162
vid_000125_frame0000025.jpg,68.0373225308642,93.63181050618489,35.66488974649316,39.57307647899762,2957.541024319606,9298.483510321938
vid_000125_frame0000026.jpg,67.53715277777778,93.49734497070312,35.142393447259224,38.889222751165285,2748.2765466558426,9247.778889067238
vid_000126_frame0000001.jpg,78.83545524691358,104.20608011881511,44.79746035597576,46.97239617109143,3123.0965590848746,9198.594314779853
vid_000126_frame0000002.jpg,79.16323816872428,104.35523986816406,44.668685023357355,46.25610860988515,3096.594611211074,8934.314383741235
vid_000126_frame0000003.jpg,79.13456275720165,104.05543009440105,42.86864621199927,45.304422879408534,3065.507355259238,9168.240488001844
vid_000126_frame0000004.jpg,78.93659979423869,103.49227396647136,41.84927882080307,45.01689646032625,3137.800861139629,9421.055172561668
vid_000126_frame0000005.jpg,79.40492283950617,104.16356404622395,41.78480256942291,44.62647451363006,3122.664161018709,9509.778028331464
vid_000126_frame0000006.jpg,79.11566615226337,103.87493896484375,41.0941348638651,43.808428072166116,3113.42728324754,9432.8423080293
vid_000126_frame0000007.jpg,76.95067644032922,101.72242736816406,39.20527106952611,42.769183996365655,3083.187124652242,9427.212666451931
vid_000126_frame0000008.jpg,76.72573302469135,101.82970174153645,38.603459691549915,42.81576031591167,2948.9632644589597,9582.417815070366
vid_000126_frame0000009.jpg,77.91837448559671,103.12771097819011,39.22581925106694,42.75867695665359,2887.594662958141,9485.520901825279
vid_000126_frame0000010.jpg,79.7767361111111,104.2225341796875,41.07780941559648,44.26574494068132,3085.6151850279466,9865.815913140774
vid_000126_frame0000011.jpg,82.95747685185185,107.12696329752605,43.110120441461824,45.43579908499084,2934.8001986877357,9694.62199049606
vid_000126_frame0000012.jpg,90.60984053497943,113.28576151529948,48.920557639383404,48.84472718069012,3019.345911865331,9188.470240881434
vid_000126_frame0000013.jpg,87.23414094650205,110.31525166829427,48.915378167065704,48.7306936986681,3038.303648050745,9220.151672944427
vid_000126_frame0000014.jpg,84.63461676954732,108.02540079752605,48.680801111360886,48.59946486506388,3089.1157732472184,9352.797340906225
vid_000126_frame0000015.jpg,85.66261574074075,109.2985331217448,50.06278030392163,49.44437156646675,3074.7969091389937,9148.112251754617
vid_000126_frame0000016.jpg,87.28162808641976,110.92547607421875,51.90615501974401,50.79548518803489,3174.9301801545116,9247.646088986658
vid_000126_frame0000017.jpg,88.78010030864198,112.12289428710938,53.52390768640552,52.05182611268715,3236.89676971397,9371.54272519052
vid_000126_frame0000018.jpg,87.55107510288066,111.13475545247395,52.28021936456576,50.81482252550684,3289.065427981396,9703.985842641443
vid_000126_frame0000019.jpg,91.67480452674897,116.07609558105469,51.4199107462781,50.34791342994591,3150.354925007621,9186.55364258564
vid_000126_frame0000020.jpg,94.66938271604938,119.03933715820312,50.54226501971063,50.418721463271744,2911.10127442076,10901.165299184388
vid_000126_frame0000021.jpg,89.11030349794238,113.8997294108073,47.052692737376155,47.29161181201529,2952.918257772967,9756.391693003243
vid_000126_frame0000022.jpg,88.72200874485597,113.40243530273438,46.9303598987287,47.41626393915442,2951.8119394003747,10168.777439813828
vid_000126_frame0000023.jpg,86.59293981481481,111.28572591145833,43.67132148229261,44.95046311013381,2682.6228615692517,9545.24505354627
vid_000126_frame0000024.jpg,84.72868055555556,109.49765014648438,42.87139646949541,45.20216288128431,2751.588870112633,10144.977639687946
vid_000126_frame0000025.jpg,84.49983024691358,108.45699564615886,42.601509794870644,45.2636862385466,2825.6006809154,10237.68577760458
vid_000126_frame0000026.jpg,84.35913323045267,108.81815592447917,42.9663449998225,46.04428460701481,2591.5003320982296,9995.061065757414
vid_000127_frame0000002.jpg,74.96104681069959,100.69894917805989,27.88546317005895,33.212101276156474,2334.5989852859225,9057.767659649253
vid_000127_frame0000003.jpg,74.47052726337449,99.11355590820312,27.915134390964603,33.09859501455043,2463.0420840877323,9138.256178941578
vid_000127_frame0000004.jpg,74.56047325102881,99.88690694173177,27.88964475112465,33.228848520253926,2324.7417956603767,9112.850380409276
vid_000127_frame0000005.jpg,74.88194444444444,99.92866516113281,27.77181654784728,33.127454100394914,2460.0498185513243,9228.082839763723
vid_000127_frame0000006.jpg,74.983125,99.85892232259114,27.799823117013815,33.14143518002406,2468.7704201129304,9323.251482439926
vid_000127_frame0000007.jpg,75.74219907407408,100.30400085449219,27.920088459897787,33.60124016947525,2324.584255579787,9380.530616923235
vid_000127_frame0000008.jpg,75.69763374485596,99.80619812011719,28.138460739633544,33.70847752640403,2356.8398583333333,9409.076883421978
vid_000127_frame0000009.jpg,76.33663065843622,101.32051595052083,27.984788136460836,33.390217400862994,2241.141065111073,8889.638581162086
vid_000127_frame0000010.jpg,76.93873199588478,101.554931640625,28.22822959972078,33.56596755265634,2389.3415302968656,9200.358215043088
vid_000127_frame0000035.jpg,82.5214866255144,106.99851989746094,32.38241146479893,36.901035411425426,2494.0421380770363,9187.42662486597
vid_000127_frame0000036.jpg,87.10183127572016,110.65620422363281,35.96809772923219,38.94085452351771,2549.897473935947,9134.416207320755
vid_000127_frame0000037.jpg,86.81529320987654,110.70692443847656,37.36863456765667,40.734490729738305,2620.0147100287213,9234.078755993163
vid_000127_frame0000038.jpg,79.8717438271605,105.04515075683594,34.006189462409715,38.5351891945244,2600.0672210883913,9159.422837194055
vid_000127_frame0000039.jpg,73.47582047325103,99.4801534016927,29.14058996059827,35.38920737929576,2510.808476229746,8774.160217276774
vid_000127_frame0000040.jpg,73.60279835390946,99.6946309407552,27.767751586641758,34.033173496700776,2596.672954875162,9134.700154773658
vid_000127_frame0000041.jpg,76.40657407407407,101.65444946289062,27.942884427254164,33.52375778393378,2423.6750761231137,9050.288828171557
vid_000127_frame0000042.jpg,76.05868569958848,101.17645263671875,28.289016083785306,33.60390278577393,2261.5193989577974,8999.2240254879
vid_000127_frame0000043.jpg,75.54077932098765,100.3477274576823,28.335503613497302,33.51902096363521,2347.45606834324,9364.884150441736
vid_000127_frame0000044.jpg,75.72543981481482,100.86068216959636,28.25729766510486,33.902521227237514,2305.383447839506,9270.575635655783
vid_000127_frame0000045.jpg,76.61980452674896,101.31504821777344,28.513217889362025,34.185429472926145,2354.679938271605,9461.70343941357
vid_000128_frame0000005.jpg,104.80427469135803,126.59809875488281,38.997233918983945,41.10415309452336,2076.4778137324242,8532.061242837226
vid_000128_frame0000006.jpg,110.93646090534979,130.72931925455728,44.94278565388194,44.061085976688254,1859.4086326110255,8305.632226094604
vid_000128_frame0000007.jpg,116.05329218106996,136.00713094075522,48.09078107868754,46.43367234389057,1816.221134256342,8106.576128419489
vid_000128_frame0000008.jpg,116.16856224279836,136.48622131347656,44.42799516016194,43.45130789052438,1842.7659594473378,8239.319411045872
vid_000128_frame0000009.jpg,117.04905349794238,137.0751495361328,42.005003022729625,42.13924339461331,1861.977946467764,8205.180127700558
vid_000128_frame0000010.jpg,114.95700360082304,134.70932006835938,39.800579676240915,40.81594235241289,1881.0384389458063,8559.258819695562
vid_000128_frame0000011.jpg,108.43929012345679,130.05713907877603,36.87183274408255,39.3679654153728,2150.790757887517,8785.394802897936
vid_000128_frame0000012.jpg,107.65547839506173,128.68507385253906,37.374346455432864,39.372346380859,2239.571396081961,8922.600602056598
vid_000128_frame0000013.jpg,105.89634002057613,128.32223002115884,35.53709826167148,38.7654471348951,2123.1291175659203,8614.535468389979
vid_000128_frame0000014.jpg,106.0126517489712,128.83064778645834,36.49973338189895,39.2000748749555,2069.757169744453,8665.526298876852
vid_000128_frame0000015.jpg,106.18058641975308,128.78804524739584,36.90260024721708,38.96469535931105,1994.4083635158868,8544.55823408044
vid_000128_frame0000016.jpg,99.36318672839506,123.44871520996094,35.48971430179966,38.64740919683326,2183.4970745989563,8637.926992412657
vid_000128_frame0000017.jpg,91.41897890946503,114.93332926432292,38.218977096126565,40.0116157247321,2250.8089157778327,9300.033678658074
vid_000128_frame0000018.jpg,90.21635030864198,113.46435038248698,39.58780125080412,41.58498350031304,2213.1098156549474,9539.74661469087
vid_000128_frame0000019.jpg,90.48065586419753,113.79762268066406,40.30396187575856,42.64472062886616,2179.323459867969,9192.902502787998
vid_000130_frame0000001.jpg,88.39110596707819,113.03594462076823,26.710466808936953,33.435817059004,2347.466133020881,9255.647132243961
vid_000130_frame0000002.jpg,88.80758744855967,113.7211201985677,26.666618037042216,33.31296957579804,2359.6886332932645,8965.402966810158
vid_000130_frame0000003.jpg,90.4724074074074,115.85670979817708,27.185716167611872,34.24656487223602,2439.7454792509116,9043.323589890962
vid_000130_frame0000004.jpg,91.10738425925926,116.41612752278645,28.04209099342299,34.443811405222036,2518.778257738674,9106.280738814734
vid_000130_frame0000005.jpg,87.14022890946502,112.86507670084636,27.189822914322363,33.4189896171787,2660.2028804441006,8753.738171256147
vid_000130_frame0000006.jpg,76.89387602880659,104.25487263997395,24.523654398323615,31.510539745477626,2684.7289531604843,8798.226269690087
vid_000130_frame0000007.jpg,76.88683641975308,103.99547322591145,23.39192813833005,31.364162724123045,2611.0466461090514,8860.52985563851
vid_000130_frame0000008.jpg,76.07480452674898,102.69474792480469,23.167132532904915,30.917669367818,2541.223636496377,9038.79871906992
vid_000130_frame0000009.jpg,77.54299125514403,104.08798726399739,23.268469886235135,31.422325716726956,2453.576131500534,9013.53734371718
vid_000130_frame0000010.jpg,80.02386059670782,106.28324890136719,24.04500386819929,32.072882556627015,2287.4929923923087,9017.581572532654
vid_000130_frame0000011.jpg,82.33829732510289,108.26049296061198,24.310661778595083,32.4122414350138,2238.402017913559,8696.968142149737
vid_000130_frame0000012.jpg,82.2877829218107,108.01876322428386,23.10364306695424,31.455396592715555,2264.049970993132,8985.871006844332
vid_000130_frame0000013.jpg,82.5434670781893,108.42548116048177,24.204994904122312,31.97745102706985,2292.9726831189982,8785.928424343467
vid_000130_frame0000014.jpg,83.63151748971194,109.21400451660156,24.78462458261856,32.584386947518055,2320.4637041492815,9114.271688753506
vid_000130_frame0000015.jpg,85.84286008230453,110.51550801595052,26.19956144688742,33.65660368212313,2167.4133500270896,8906.36761536426
vid_000130_frame0000016.jpg,88.0508487654321,112.59480794270833,26.593984220262687,33.7978669571289,2139.6769973631476,8815.114553656429
vid_000130_frame0000017.jpg,93.17091820987655,117.48020935058594,25.601591836409806,33.71066961336377,2136.8214405977915,8755.580090198433
vid_000130_frame0000018.jpg,90.29930812757202,115.55747985839844,24.45542399746523,33.17151347671765,2176.026788406636,8971.041186900577
vid_000130_frame0000019.jpg,88.95073816872429,113.92506408691406,25.431945796502852,33.091820561887204,2158.705159411437,8842.544221188873
vid_000130_frame0000020.jpg,86.23230452674898,111.84072367350261,24.575954126592244,32.30212521184763,2347.0253581932416,8671.3697411865
vid_000130_frame0000021.jpg,86.08418724279835,111.7926534016927,26.657080664341077,33.44419451066128,2318.9162042175712,8355.662584941601
vid_000130_frame0000022.jpg,84.47944958847737,109.43735249837239,26.719669923263616,32.81345658100949,2360.208759026825,8747.851954396814
vid_000130_frame0000023.jpg,84.58881944444444,108.75194803873698,27.4139450785333,33.43165789309137,2382.225524001676,8965.798143169843
vid_000130_frame0000024.jpg,83.40005658436213,107.68439229329427,27.47426107471749,33.25004736157947,2415.4233600477733,9259.532160050236
vid_000130_frame0000025.jpg,82.63759516460905,107.07961018880208,27.281459125477888,33.61662450547821,2468.983336233044,9288.42333547934
vid_000130_frame0000026.jpg,82.59930555555556,105.93097432454427,27.576075553518937,33.81780826947712,2314.9172978049746,9458.111505023902
vid_000130_frame0000027.jpg,84.53736882716049,108.25892639160156,29.12836281423011,34.96349675180732,2336.9859148088613,9350.436668813229
vid_000131_frame0000001.jpg,74.75456275720164,100.90437316894531,24.33979994541641,32.02732438469659,2288.6741993131764,9240.75066090282
vid_000131_frame0000002.jpg,75.44298353909466,102.26480611165364,24.23685200284805,31.599982127205426,2258.796691790921,8862.600914831972
vid_000131_frame0000003.jpg,76.11450360082304,102.17605590820312,24.554009368437494,31.888887778362776,2216.8832212770067,8921.874075684464
vid_000131_frame0000004.jpg,75.77996141975309,102.0801289876302,24.622499271375396,31.99503094302631,2241.834994870196,9079.011010851711
vid_000131_frame0000005.jpg,77.09404320987655,102.67023213704427,24.842448064422392,32.56293005490143,2234.20510405944,9264.204594744137
vid_000131_frame0000006.jpg,77.44797067901234,104.01091003417969,24.841498859438865,32.93233400529917,2306.7739752438056,9432.708719692193
vid_000131_frame0000007.jpg,78.83759259259259,103.9956563313802,25.02652209138133,33.39599042954953,2335.6564163084895,9607.072614457458
vid_000131_frame0000008.jpg,78.51244598765432,103.7036844889323,24.975918328100757,33.33449160160241,2324.014920522548,9713.79880907759
vid_000131_frame0000009.jpg,79.40551697530864,104.76889038085938,25.033704603352692,33.33483381132575,2290.624599902597,9607.320916055702
vid_000131_frame0000010.jpg,78.34747170781893,103.72378031412761,24.735658469806282,33.687014005479675,2344.4403062376164,10345.467983588576
vid_000131_frame0000011.jpg,80.24670010288065,105.5931396484375,25.100323409323916,33.79973356505032,2320.677733577139,9971.697233237093
vid_000131_frame0000012.jpg,83.44670010288065,108.41178385416667,27.13994564957174,35.51481498230519,2371.0902532144846,10216.919200535864
vid_000131_frame0000013.jpg,87.82955504115226,110.99688720703125,30.984585216634215,38.31749533683006,2362.9664167023298,10639.031664784998
vid_000131_frame0000014.jpg,88.26771090534979,111.06262715657552,32.0644070776543,40.34349053257482,2283.163024477023,12131.131591049721
vid_000131_frame0000015.jpg,82.47886316872427,107.74693806966145,27.238835647506935,37.002446078762915,2327.86340370156,11217.112395352684
vid_000131_frame0000016.jpg,78.70207561728395,104.80844116210938,25.278821281115835,34.839271210468794,2418.9956666618436,10357.67240424361
vid_000131_frame0000017.jpg,79.09172067901234,105.07076009114583,24.418488752899467,33.454588335848484,2383.727057035656,9987.458099076292
vid_000131_frame0000018.jpg,78.96639660493827,105.06905110677083,24.14897681482151,32.42410011834357,2282.1149650120033,9372.027484606719
vid_000131_frame0000019.jpg,80.25031893004115,106.80383809407552,24.456951133492094,32.59881793289787,2284.085970793086,9011.413533854997
vid_000131_frame0000020.jpg,81.15914094650206,107.3736063639323,25.247319832549508,33.0126556726488,2344.884769888117,9275.51932567358
vid_000131_frame0000021.jpg,81.48763374485597,108.43939208984375,24.84710440022607,33.144671110192675,2287.349140734787,9000.649804458022
vid_000131_frame0000022.jpg,79.9548096707819,107.07459513346355,24.0942072511316,32.10466703653849,2287.9008279749655,8850.149811697891
vid_000131_frame0000023.jpg,79.13667181069958,105.50681050618489,23.511982953828,31.29254419097029,2278.642676165922,8957.79812842235
vid_000131_frame0000024.jpg,79.09681069958847,104.7315165201823,23.226534579068023,31.586013009071213,2293.480140234375,9372.79007210955
vid_000131_frame0000025.jpg,80.4749742798354,106.24196879069011,23.502791320288267,31.38919097576618,2239.8479176306364,9026.073013510555
vid_000131_frame0000026.jpg,82.51288580246914,108.83789571126302,24.016779405440534,31.757205221602987,2273.779765316834,8957.497124135494
vid_000131_frame0000027.jpg,84.73439557613169,109.57530212402344,24.577077297086735,32.16735621571156,2321.5643296033736,8767.319605070865
vid_000131_frame0000028.jpg,84.50369341563785,110.53428649902344,25.36730699416985,32.78639748555056,2343.313224614197,8697.733902532374
vid_000132_frame0000001.jpg,107.75533950617285,127.90761820475261,46.61225605895205,43.80496820461827,2852.561592981014,9765.107342681848
vid_000132_frame0000002.jpg,108.12345164609053,128.6116485595703,46.535240931792394,44.434120773114714,2796.1032724727556,9028.377977847122
vid_000132_frame0000003.jpg,107.16960648148148,127.94348653157552,46.27035195189843,44.76408934923141,2849.946779134278,9125.884409000864
vid_000132_frame0000004.jpg,103.68872685185185,124.97108968098958,45.75955503532958,44.61464947529545,2930.6222293590313,9450.147521719337
vid_000132_frame0000005.jpg,95.28490483539095,117.82656351725261,42.802120893715106,42.788914329778834,2909.4759049189815,9570.870611924445
vid_000132_frame0000006.jpg,92.94243312757202,115.19925435384114,40.883508651736314,42.37663856785804,3003.6674082813574,10274.078231852269
vid_000132_frame0000007.jpg,96.0861316872428,117.09629313151042,40.59786870603394,42.396748319638704,2977.2991118538994,11031.402678038925
vid_000132_frame0000008.jpg,97.38543981481482,118.04491678873698,40.53313514506681,42.64041997385659,2976.935708742713,11627.480773892254
vid_000132_frame0000009.jpg,98.6748482510288,119.57001241048177,40.31865013191145,42.42984599131859,2858.0325768246435,11233.489181025885
vid_000132_frame0000010.jpg,95.56135288065843,116.16820271809895,38.60822239688173,42.608308153057855,3019.564224104557,12887.448830171488
vid_000132_frame0000011.jpg,90.79796296296297,111.3699442545573,36.17403519075758,40.96145644723975,2963.646757672647,13380.435676539084
vid_000132_frame0000012.jpg,89.32398919753086,109.96033732096355,34.84789608801656,40.106908898469364,2936.248252057077,14319.942525418242
vid_000132_frame0000013.jpg,90.16156635802469,111.20611063639323,33.88434243509023,39.13596287277801,2879.775463715278,13720.35411537229
vid_000132_frame0000014.jpg,89.59941358024692,110.60048929850261,33.335964458900584,38.668593520875014,2831.362218363959,13348.858727260493
vid_000132_frame0000015.jpg,91.31661008230452,112.20348612467448,34.097616839086655,38.91942091441503,2803.8610852108454,12816.857138553401
vid_000132_frame0000016.jpg,94.22168209876543,114.35391235351562,35.750172134751615,40.20460101762152,2869.393660779369,13722.729817165993
vid_000132_frame0000017.jpg,98.41285493827161,117.41538492838542,37.76377393465329,41.570307993953826,2926.937027262839,14671.808000346413
vid_000132_frame0000018.jpg,95.86214248971193,115.07810974121094,37.80205878103248,41.66836231913714,3007.392710881535,15218.539601627504
vid_000132_frame0000019.jpg,92.21511574074074,113.43860880533855,35.99320135294614,40.6003714538695,2789.388794234873,13300.047326392494
vid_000132_frame0000020.jpg,87.45575102880659,109.45694986979167,33.69830856063073,40.75031938010019,2975.2607581673433,14097.229496113025
vid_000132_frame0000021.jpg,89.20858281893004,111.34972127278645,32.70875247663869,40.108700357454154,2772.8901045486587,13000.64649105072
vid_000132_frame0000022.jpg,92.82881172839507,114.81277974446614,35.06234358074227,42.35169698412293,2790.6787725363415,14161.791322614998
vid_000132_frame0000023.jpg,99.68189814814815,120.61481221516927,38.42148913918816,44.94545001544422,2976.0918020532677,15816.065660174936
vid_000132_frame0000024.jpg,100.59081018518519,121.292724609375,39.65729139404143,46.67577809604008,3013.2393060318545,16962.43802039302
vid_000132_frame0000025.jpg,97.54344907407408,120.5188700358073,37.75101625695799,45.31878480976003,2793.083945472715,14268.738448019838
vid_000132_frame0000026.jpg,95.81291666666667,120.16239929199219,36.08471328344178,43.79174299943563,2732.684502456216,13661.545415982371
vid_000132_frame0000027.jpg,93.34103137860082,116.23449198404948,34.82552871344276,41.78580206568689,2806.7251379071763,13229.04659668263
vid_000132_frame0000028.jpg,90.8903677983539,114.31593322753906,34.33856081830663,41.99067734733496,2788.494073699643,13889.94389561168
vid_000132_frame0000029.jpg,88.4084670781893,113.34270731608073,33.82877905727781,40.53935757699023,2781.291620918114,11241.124069667421
vid_000132_frame0000030.jpg,88.32751286008231,111.86905415852864,33.36866000319439,38.85974618617219,2729.607436694101,11097.171374074183
vid_000132_frame0000031.jpg,90.39291409465021,112.30075073242188,33.20606884166684,38.26739469510374,2699.181752912809,10990.471724327654
vid_000132_frame0000032.jpg,93.52306069958848,114.82785034179688,34.80853388123861,40.56625870260519,2831.7381577160495,13106.905660762452
vid_000132_frame0000033.jpg,97.29088991769547,117.66011555989583,36.87415866837137,42.14026855270773,2845.6073334485386,14046.354837059043
vid_000132_frame0000034.jpg,94.95488425925926,115.4870096842448,36.01939740994703,41.92653290569805,2873.6787942234414,14433.242762177251
vid_000132_frame0000035.jpg,88.11026748971193,110.06680806477864,32.65005532438882,40.32806518509698,2742.237756767023,13014.231543716043
vid_000132_frame0000036.jpg,84.71066100823045,108.52503458658855,30.08388374595313,38.40073831562147,2613.7982641172744,11948.410633549094
vid_000132_frame0000037.jpg,89.42101851851852,111.31100463867188,32.396693227707544,40.15503651791827,2633.6736843463623,12811.181207372807
vid_000132_frame0000038.jpg,95.68408693415638,115.97975158691406,36.52626233815519,43.70352246594237,2682.9486127828623,14454.040772678098
vid_000132_frame0000039.jpg,106.33872942386832,124.21719868977864,42.148953484838955,49.406869945717055,2911.8355264229444,18959.31829112768
vid_000132_frame0000040.jpg,104.60639146090536,124.7651875813802,44.66334441294368,53.185495372124926,3180.650439231288,21463.208079321077
vid_000132_frame0000041.jpg,100.37481224279836,121.57282002766927,45.076037118009054,53.0180192670632,3309.925999012572,20590.96824581339
vid_000132_frame0000042.jpg,94.762170781893,118.59804280598958,43.5132888625232,48.80195736982044,3124.1915320749504,15020.392095348798
vid_000132_frame0000043.jpg,86.06328446502057,109.35019938151042,39.59886283692654,44.06390122209752,3046.01283130787,12879.599750515074
vid_000132_frame0000044.jpg,89.68150720164608,112.28336588541667,36.999111845529114,42.62011076896182,2856.856846883514,12401.161456584
vid_000132_frame0000045.jpg,94.47184413580247,115.50807698567708,37.83563875670622,43.64840703805316,2818.262242337296,14496.506827592617
vid_000132_frame0000046.jpg,100.30588477366256,120.16879781087239,40.44889346890902,44.424251084365984,2751.630509870768,12889.051041602157
vid_000132_frame0000047.jpg,106.50291666666666,125.4651387532552,44.47098486181159,48.01529974612,2950.7185853237293,15345.541600164026
vid_000132_frame0000048.jpg,105.32269290123457,124.85986328125,46.278404051288234,47.91550133849921,2936.1030195463723,14765.270440398715
vid_000132_frame0000049.jpg,105.6143492798354,125.03187561035156,47.65433110439841,47.7206528432054,2944.8612422834144,12756.212411790155
vid_000132_frame0000050.jpg,104.98841820987654,124.71963500976562,48.41011203924507,48.198002481870894,2977.9162407787853,12429.219656929374
vid_000132_frame0000051.jpg,97.92979166666667,120.93233235677083,45.77801944277065,45.38807789607835,2945.006843800904,9504.80276530981
vid_000132_frame0000052.jpg,86.76847736625514,110.36803690592448,39.97929888901124,42.07088436201714,2911.38762118002,9708.725955820642
vid_000132_frame0000053.jpg,92.16239197530864,115.14858500162761,38.61064984055215,41.97890041641688,2845.789523761622,11033.424778589746
vid_000132_frame0000054.jpg,99.21304783950617,120.39619954427083,41.564374794756475,43.991299412873666,2862.0543586953204,11437.822781844996
vid_000132_frame0000055.jpg,114.57831790123457,132.45258585611978,50.10599134199382,48.63746923850947,2872.098013828816,11028.986066734185
vid_000132_frame0000056.jpg,106.11942901234568,126.87325032552083,47.99190653306126,47.797724145215085,2809.0734118634255,10942.861874880036
vid_000132_frame0000057.jpg,94.26134002057613,117.19838968912761,41.97793666830975,44.50810258286704,2868.1522123198993,11469.080849613994
vid_000132_frame0000058.jpg,91.65869855967078,115.1284891764323,38.542527016806154,42.54460753733073,2832.6640712848057,11532.30851421412
vid_000132_frame0000059.jpg,91.40692901234569,114.18997701009114,35.51253155524172,40.268723023689475,2777.9596416264194,11987.346254970878
vid_000132_frame0000060.jpg,89.80689043209877,113.72897338867188,33.071438066608934,38.7703629394937,2681.887196561536,11464.036092376104
vid_000132_frame0000061.jpg,87.90358024691358,113.1182352701823,30.143228370658978,37.93447429880219,2623.2226338970336,10735.128118986031
vid_000132_frame0000062.jpg,84.71511059670782,110.14735412597656,28.592327222366052,35.348279227397406,2541.633566129163,9882.503296863055
vid_000132_frame0000063.jpg,86.11027520576131,111.59858703613281,28.436208522229805,34.73632976038139,2527.870474644145,9373.16367585375
vid_000132_frame0000073.jpg,94.00556327160494,115.40624491373698,30.44423860123384,35.02185174360227,2597.8359263353054,10591.054665263742
vid_000132_frame0000074.jpg,91.69567644032922,113.95749918619792,29.600712993134024,34.66494645446957,2551.034610492875,10317.503200023435
vid_000132_frame0000075.jpg,86.53164609053498,109.24220275878906,27.74607897939302,33.306984281969704,2463.5808954465783,9929.805725630373
vid_000132_frame0000079.jpg,94.10677726337448,115.53141276041667,29.15753261481375,34.15503664606175,2400.2137469135205,9667.519121454796
vid_000132_frame0000080.jpg,100.8025720164609,120.11318969726562,33.92072978316639,37.156262667417735,2572.9510106047455,10986.084235008806
vid_000132_frame0000081.jpg,100.05341563786008,119.55977884928386,36.54727330272783,38.79271218846518,2830.4952353202157,12308.769201560877
vid_000132_frame0000082.jpg,101.16272890946502,121.52707417805989,37.179695555315874,39.0315245600992,2754.687625468619,10748.41358933947
vid_000132_frame0000083.jpg,100.12674897119342,120.94484965006511,37.137658426204375,38.762035773436956,2803.311362001791,10817.395468778675
vid_000132_frame0000084.jpg,95.42751800411523,117.05175272623698,34.75752469767149,37.83959262168984,2755.615183360423,10395.988194767153
vid_000132_frame0000085.jpg,87.25375514403292,109.99490356445312,31.59893929064637,36.290675484241355,2736.33316615012,10919.205217325827
vid_000132_frame0000086.jpg,88.07597736625515,111.63555908203125,29.994614126819027,35.56765754933092,2614.8490337905214,10466.700627211249
vid_000132_frame0000087.jpg,90.16264146090535,112.00092061360677,30.073515820820706,36.92091391122606,2728.5747936192565,12608.659289345145
vid_000132_frame0000088.jpg,96.56704218106997,117.62937418619792,32.93104782262101,38.1133681425245,2612.331669928781,11410.79008680489
vid_000132_frame0000089.jpg,109.14759516460906,127.90798950195312,39.002517106814835,40.68515575307021,2662.050850127112,11399.933631237596
vid_000132_frame0000090.jpg,108.91198559670782,128.71380106608072,41.360873757095725,42.78523018517048,2765.4465078312546,11270.411567863077
vid_000132_frame0000091.jpg,105.83980967078189,126.66048177083333,40.883887734671504,42.734886218137305,2871.9929919809647,11883.315860982984
vid_000132_frame0000092.jpg,102.92857510288066,124.10512797037761,39.076902802556525,41.55520317161569,2698.21002281325,11194.11416581925
vid_000132_frame0000093.jpg,93.38206018518518,117.03857930501302,36.13762758174806,40.90986167797746,2826.440579938272,12100.40935819503
vid_000132_frame0000094.jpg,88.86000514403293,113.18464660644531,33.316478226234395,39.91213849579456,2845.2639615625835,12602.977966634324
vid_000132_frame0000095.jpg,89.5158822016461,111.4707743326823,32.26484321731589,39.70551208545789,2779.6446314699906,13862.246787816053
vid_000132_frame0000096.jpg,88.69795524691358,111.06528727213542,31.06450164222646,38.668803669373254,2695.712227965857,13651.693544413894
vid_000132_frame0000097.jpg,88.1293878600823,109.56039937337239,31.00524883441062,39.567694799006965,2834.4527411501203,14954.536135537317
vid_000132_frame0000098.jpg,91.86228909465021,113.85872904459636,32.37369572037515,40.67948302209073,2876.55284382716,15967.606659821235
vid_000132_frame0000099.jpg,99.17885802469135,118.85462443033855,35.71125336365119,42.173287227531915,2867.5697052725745,15022.76268140017
vid_000132_frame0000100.jpg,102.3490586419753,121.67369588216145,38.35620190968979,44.60869751734123,2874.4897264359834,15193.361943349242
vid_000132_frame0000101.jpg,102.38889146090536,122.24221293131511,39.409941163438816,44.348424417347424,2941.351474468212,14253.77775579854
vid_000132_frame0000102.jpg,101.22991255144034,122.03578186035156,39.295213863847614,44.107880050774476,2865.387275265239,13470.935345790349
vid_000132_frame0000103.jpg,96.47704218106996,118.22021484375,38.65100267674791,43.38252863283608,2994.172557407407,13595.030712110689
vid_000132_frame0000104.jpg,89.36399434156378,112.5292256673177,36.14422008378364,41.416761027646494,2953.9249766003068,12501.47680258751
vid_000132_frame0000105.jpg,91.62266975308641,113.60376485188802,36.80482408039017,41.500743390101256,2927.045255336398,14017.09338402655
vid_000132_frame0000106.jpg,92.09923868312757,114.09542846679688,35.68441914893008,40.37869630448924,2845.5558387773754,12767.739786054939
vid_000132_frame0000107.jpg,92.03236625514403,113.84732564290364,34.77681784495834,40.75526629308706,2803.1339904820506,13448.340282734483
vid_000132_frame0000108.jpg,94.96329732510289,116.79065450032552,36.613394250060495,42.34634835420936,2782.246102609108,13386.419314909494
vid_000132_frame0000109.jpg,103.71438528806584,123.7144063313802,40.672250816485736,43.7322636525153,2843.2434191738466,13191.134551193565
vid_000132_frame0000110.jpg,108.58968878600822,127.69239807128906,44.139384202939084,46.992078622661374,2898.886595283148,14102.589130636305
vid_000132_frame0000111.jpg,106.41626028806584,126.59895324707031,44.93122183381591,48.44701177527994,3107.2752501571194,15388.759205951355
vid_000132_frame0000112.jpg,103.17289609053498,123.90771484375,44.34850952705283,49.27545476803914,3126.0352086867474,16533.8499852994
vid_000132_frame0000113.jpg,94.26155092592593,116.70048014322917,41.7365082443912,49.1746869910847,3276.41621731104,17091.533036618493
vid_000132_frame0000114.jpg,90.12293724279836,113.09505716959636,39.797354284415334,44.6945102399384,3002.9615954037117,13479.818780984497
vid_000132_frame0000115.jpg,91.16458847736625,114.01378885904948,37.17377698879336,39.88928512829074,2899.796039148889,10122.167854070663
vid_000132_frame0000116.jpg,90.08013374485597,114.5940450032552,33.47904976290963,36.588364548699914,2642.502820644719,9093.29312010645
vid_000132_frame0000117.jpg,89.65756687242798,113.54231262207031,31.995476754738597,36.02443840450691,2567.0967163536784,9115.94627205818
vid_000132_frame0000118.jpg,90.51437242798355,114.08361307779948,32.07337707015497,36.42789478652528,2559.154907883707,9130.223507612012
vid_000132_frame0000119.jpg,92.33176954732511,115.03566487630208,33.26624523404442,36.67894742094606,2630.743653940842,9274.331104542827
vid_000132_frame0000120.jpg,95.79121399176955,117.93905131022136,35.08581534235962,38.47452714132332,2605.585702742532,9516.45967933326
vid_000132_frame0000121.jpg,96.89994855967078,119.2351582845052,35.47911538635338,39.190057727100815,2679.4033693984816,9415.14480321831
vid_000132_frame0000122.jpg,94.18003343621399,118.25418599446614,34.30832831797829,39.62905481524324,2553.7509426196825,9477.808035444235
vid_000132_frame0000123.jpg,89.70579732510288,115.23861185709636,32.99103473323658,39.03906569214615,2562.2005447509428,9510.294297053479
vid_000132_frame0000124.jpg,85.33384002057613,110.04623413085938,31.27058283335603,36.67274501461674,2545.7497373397255,9311.85106106638
vid_000132_frame0000129.jpg,99.77647890946503,120.09290059407552,39.76897339129848,41.92642829360094,2810.6249669195217,11741.406158109894
vid_000132_frame0000130.jpg,96.82621399176955,117.88058471679688,40.10574575621336,42.83110602863263,2797.8219007582093,11362.001164484536
vid_000133_frame0000001.jpg,60.67377507716049,88.85332743326823,55.910782337072924,77.26506036915552,1566.5459190441409,28534.084934767336
vid_000133_frame0000002.jpg,60.92067708333333,88.78148396809895,56.009554636468124,76.87446547289387,1538.2152686896848,27003.620242766105
vid_000133_frame0000003.jpg,60.72372299382716,88.65921020507812,55.991011201510844,76.84908987856645,1575.857927375063,26613.553893651813
vid_000133_frame0000004.jpg,59.682359182098764,87.80142720540364,55.58776643773441,77.0100764338845,1604.6738485467772,28403.494972428074
vid_000133_frame0000005.jpg,59.10254436728395,87.66076151529948,55.317486886236175,76.96246793202725,1580.8173620595087,28120.346870776266
vid_000133_frame0000006.jpg,58.69557484567901,86.71838887532552,55.11940184349497,75.60924318503213,1543.2474158456307,24523.053853831254
vid_000133_frame0000007.jpg,58.18713734567901,86.58585611979167,54.993158655454366,76.39018285063374,1582.1685722788873,27611.716860973975
vid_000133_frame0000008.jpg,57.83700617283951,86.62009684244792,54.87143407930683,76.47292100515668,1595.0831822240173,27892.8975377304
vid_000133_frame0000009.jpg,57.77110146604938,86.44466654459636,54.81617279864951,76.15512796761654,1606.199058319636,26701.234838232398
vid_000133_frame0000010.jpg,58.18800540123457,86.72481282552083,54.97385553931974,76.53663058360532,1607.6485698366434,27930.028723045252
vid_000133_frame0000011.jpg,59.50945987654321,87.36971537272136,55.471766460473425,76.27469772031482,1591.4043434217663,26628.734821345657
vid_000133_frame0000012.jpg,60.71233796296296,89.00375874837239,55.92077113265666,77.54996316319158,1614.3475461226853,28622.924571632408
vid_000133_frame0000013.jpg,62.17640239197531,89.39560953776042,56.38928806526852,76.66894842396158,1519.8331272600253,24798.833416967653
vid_000133_frame0000014.jpg,62.163402777777776,89.96247863769531,56.50241255360601,78.25245671438373,1596.1150428594055,29516.471338159405
vid_000133_frame0000015.jpg,62.27587191358025,89.82540384928386,56.52044640906413,77.92988211513443,1597.654234531699,29415.350097195944
vid_000133_frame0000016.jpg,62.1265162037037,89.87125651041667,56.35028389629825,77.17629491923601,1516.177582303991,25511.364738844102
vid_000133_frame0000017.jpg,61.33007716049383,89.4510498046875,56.12631140094214,77.81451770960467,1581.4809284443588,28583.356573097175
vid_000133_frame0000018.jpg,60.71705439814815,89.1614278157552,55.899003647997716,77.6971487039751,1611.2471106333792,28756.85280100978
vid_000133_frame0000019.jpg,60.81376543209876,89.08693440755208,55.92546893118888,77.49362150190005,1580.5842852418498,28306.922842081636
vid_000133_frame0000020.jpg,60.84389274691358,89.1585693359375,55.96562176522962,77.97818922104716,1613.4498850046082,30009.9857891032
vid_000133_frame0000021.jpg,61.17800733024691,89.15829976399739,56.140653263094876,77.62115964493088,1593.4617618815105,29331.334654368227
vid_000133_frame0000022.jpg,61.401699459876546,89.37566630045573,56.158184268246075,77.74252243024215,1602.0703212962962,29149.82230515196
vid_000133_frame0000023.jpg,62.21086226851852,90.17508443196614,56.3912942397929,77.59034637982839,1546.5260857322407,27056.2686252445
vid_000133_frame0000024.jpg,62.10697723765432,90.33426920572917,56.35167053695754,78.48205289417555,1624.2070053816428,30776.79930709093
vid_000133_frame0000025.jpg,62.241464120370374,90.51477559407552,56.364668712823565,78.14298123400592,1593.2409094809616,28877.542364559136
vid_000133_frame0000026.jpg,61.625283564814815,90.0219217936198,55.935557663503744,77.52901033961193,1527.401513706403,26592.6367023231
vid_000133_frame0000027.jpg,60.80598765432099,89.31060791015625,55.82295500237674,77.66635423620279,1602.3560083300847,28927.793273618212
vid_000133_frame0000028.jpg,60.28163773148148,88.65580749511719,55.6412061218239,77.29709968435851,1630.4505611752775,28887.19382558763
vid_000133_frame0000029.jpg,61.464882330246915,89.55475362141927,55.983424655818574,76.92956421313403,1535.656323197445,25896.40712305531
vid_000133_frame0000030.jpg,62.458391203703705,90.74910481770833,56.471013105638605,78.49302891330196,1607.0117374533488,29991.6816790679
vid_000133_frame0000031.jpg,63.448304398148146,91.00283304850261,56.8527755487418,78.37241952421547,1580.9109601271812,28726.695306434995
vid_000133_frame0000032.jpg,63.63293595679012,91.51707458496094,56.894870949647746,79.13055277276858,1653.7756467072832,30747.565149392933
vid_000133_frame0000033.jpg,64.06667438271604,91.59878031412761,57.01562552279055,78.18577380939257,1566.002461720324,26718.389600064373
vid_000133_frame0000034.jpg,62.936768904320985,91.0062255859375,56.6267385260994,78.8581051031381,1628.1043959174265,30677.27783146128
vid_000133_frame0000035.jpg,62.306369598765436,90.35060119628906,56.38857351046837,78.0182359590093,1584.455160724773,28276.583989815554
vid_000133_frame0000036.jpg,61.69070023148148,89.74153645833333,56.10078888770592,77.08684302510673,1519.1861813045216,25607.218991368078
vid_000133_frame0000037.jpg,60.78478587962963,89.296630859375,55.84464130594074,77.41903219139515,1606.9746467764062,27657.443082965678
vid_000133_frame0000038.jpg,61.81977237654321,89.91289774576823,56.34699622919687,77.79920772400443,1609.2845759965223,28722.735857574036
vid_000133_frame0000039.jpg,62.03868827160494,90.67200215657552,56.40405857919529,78.14780498547094,1595.8201740121515,28997.72338107135
vid_000133_frame0000040.jpg,61.560773533950616,89.91075642903645,56.21952918399587,77.86938136690988,1604.3196908634138,28856.347141370177
vid_000133_frame0000041.jpg,60.592145061728395,89.09923299153645,55.78836577819053,77.48418299447025,1591.4395688977572,28586.12869437691
vid_000133_frame0000042.jpg,60.69380015432099,89.04873148600261,55.83682295745046,76.98699300001692,1573.426723890684,26423.95333341416
vid_000133_frame0000086.jpg,54.912444058641974,83.8307596842448,54.10749244479847,75.12101905833451,1611.4858346675333,24522.48069214425
vid_000133_frame0000087.jpg,54.881641589506174,84.1667989095052,54.15169794745333,75.62976429109973,1637.6875068115232,26150.033419651678
vid_000133_frame0000088.jpg,55.481577932098766,84.52728780110677,54.39961870081518,75.61513976162566,1629.8456690392177,25461.614213705063
vid_000133_frame0000470.jpg,55.8821875,84.79486592610677,55.03377380394454,75.10368279952999,1582.9835411844133,22441.500089392066
vid_000133_frame0000471.jpg,55.69354552469136,84.10315450032552,54.999077763089495,75.82545186284997,1672.958928898179,27302.270685917698
vid_000138_frame0000010.jpg,106.22789094650206,118.96106974283855,88.88458247598676,86.04509883395208,1480.1003996796887,15590.148090757197
vid_000138_frame0000011.jpg,98.97252057613169,113.70007832845052,82.68702806430765,82.53593847363513,1477.7749733643882,14766.154568815371
vid_000138_frame0000012.jpg,100.24538580246913,115.69479878743489,77.60598906588568,78.72919192923837,1592.1193919731654,14025.245479520177
vid_000138_frame0000013.jpg,95.80152263374485,112.28883870442708,75.35290029635576,77.67999889109424,1795.7619404128086,14860.695260763168
vid_000138_frame0000014.jpg,95.36120113168724,111.51406860351562,75.4608267770654,77.31484923678852,1856.8972426373648,15352.499004430138
vid_000138_frame0000015.jpg,95.4106712962963,111.36817423502605,74.66032675914211,76.13296339653837,1830.3937056183677,14648.568795621395
vid_000138_frame0000016.jpg,94.16186985596708,110.78492736816406,74.34491400891758,76.0620608215697,1726.0588905311693,14184.123339137994
vid_000138_frame0000017.jpg,94.11908179012346,110.2099609375,74.71666524896864,76.42295494192675,1878.3154475308643,15268.301447225502
vid_000138_frame0000018.jpg,93.74707304526748,109.56968688964844,74.77851104541706,76.1616186077065,1904.1369063971167,15514.144188842736
vid_000138_frame0000019.jpg,93.72837191358025,109.81289672851562,74.66294362530743,76.27511517314804,1852.1026619983973,15142.810181619367
vid_000138_frame0000020.jpg,93.28605195473251,109.18057759602864,74.65186177146462,75.96759359395786,1904.288035650053,15423.094399957918
vid_000138_frame0000021.jpg,93.8963220164609,109.90106709798177,74.41664438673031,76.1347673588215,1911.06180678798,15560.817425265675
vid_000138_frame0000022.jpg,93.75306841563786,110.21622721354167,73.84578511337497,75.93840193345847,1818.0255089675259,15140.065011962317
vid_000138_frame0000023.jpg,93.57153034979424,110.32376607259114,73.49696059526809,75.74412413686643,1802.4056233967167,14887.705449521542
vid_000138_frame0000024.jpg,93.51047067901234,109.88830057779948,73.50072284459274,75.3634311102072,1926.2576404434706,15926.079945169156
vid_000138_frame0000027.jpg,91.48475308641976,107.90580240885417,74.03560367251033,76.24115190577817,1890.280851654128,15777.196378201013
vid_000138_frame0000028.jpg,91.66383744855968,107.94005330403645,73.67187589038402,75.33612206628,1928.061621910663,15856.31798935472
vid_000138_frame0000029.jpg,91.74168724279835,108.3859151204427,73.80119136257848,75.62327233480862,1869.7144403705968,15322.830875321291
vid_000138_frame0000030.jpg,91.68675154320988,108.29983011881511,73.75468720121573,75.66995277991542,1935.826024124026,15931.142143293284
vid_000138_frame0000031.jpg,92.02591306584362,108.51380920410156,73.68752173104218,75.86089244521104,1916.1918862668015,15759.658978527179
vid_000139_frame0000001.jpg,105.2488220164609,127.56132507324219,44.5031775828466,43.965300119081554,2880.3456743634256,9197.459360926412
vid_000139_frame0000002.jpg,105.94999485596708,127.90341186523438,44.79496579294285,43.94855299344791,2807.4490879624273,8734.551414765185
vid_000139_frame0000003.jpg,97.9328420781893,122.33788045247395,45.5984491334213,45.601555618250494,3039.908802635781,9550.136431775056
vid_000139_frame0000004.jpg,96.84083076131687,120.134765625,41.517566278634185,42.15495436675465,2993.295004178991,9119.968162498437
vid_000139_frame0000005.jpg,109.28420010288066,128.65501403808594,39.9676365263078,40.22589132577032,2935.224942215125,9205.386815174483
vid_000139_frame0000006.jpg,114.97224537037037,136.78132120768228,38.24231940624709,44.687177785797665,2566.991511955054,10268.35548950336
vid_000139_frame0000007.jpg,109.68828189300412,134.2612762451172,34.60403534073625,41.738915195900496,2572.2515644989685,10059.856791581959
vid_000139_frame0000008.jpg,109.53090534979424,133.74730428059897,33.80412108711781,40.16714369017185,2527.8856338353526,9863.774736579508
vid_000139_frame0000009.jpg,109.9020987654321,133.0751953125,34.13839531509696,40.53106768235471,2530.7473076045953,9737.204901084304
vid_000139_frame0000010.jpg,109.62143775720165,132.74786885579428,34.266315776634755,41.691990469766594,2626.141553580759,11476.90940236277
vid_000139_frame0000011.jpg,109.60128858024692,132.7965291341146,34.011694957994855,41.90142640370766,2613.6771153689892,12018.576879840111
vid_000139_frame0000012.jpg,109.55419495884773,132.81004842122397,34.478649088205124,42.4011869773226,2689.2364144830726,12177.136679276824
vid_000139_frame0000013.jpg,109.63406893004115,133.05379740397134,34.19970322121402,42.22418351016474,2657.6320425725285,11697.61173987016
vid_000139_frame0000014.jpg,108.95307098765431,132.57352193196616,34.20199850869519,42.112759993169725,2698.709271744911,12365.539100434631
vid_000139_frame0000015.jpg,109.3108487654321,132.68460591634116,33.86631554814232,41.756775432453225,2731.1520236604083,12274.324537544511
vid_000139_frame0000016.jpg,109.25045010288066,132.9974619547526,33.108481805142326,41.07568369043633,2658.143075499162,11747.559009343153
vid_000139_frame0000017.jpg,106.17774691358025,132.1309356689453,30.79241939583028,37.90759005427962,2680.808941717869,9890.085067561828
vid_000139_frame0000018.jpg,104.60556069958848,129.06204223632812,30.136239752910036,36.6333338023063,2768.432296807782,10219.175986289978
vid_000139_frame0000019.jpg,103.82966306584362,127.60491943359375,30.359680004895377,35.0559187351334,2762.530599150699,9563.6586998587
vid_000139_frame0000020.jpg,106.08836676954732,128.62472025553384,30.981740564610067,35.43247615519862,2835.194555966126,10405.217990379548
vid_000139_frame0000021.jpg,106.38375,129.1990966796875,30.93374323462004,35.29251114865806,2781.277081292629,10296.802665642463
vid_000139_frame0000022.jpg,106.06055041152263,128.81981913248697,31.00835446473462,35.3532888399824,2816.4663358015164,10427.077473788522
vid_000139_frame0000023.jpg,106.16315329218106,128.96833292643228,31.050954594166857,35.492149870602894,2791.7304237073236,10231.5793406507
vid_000139_frame0000024.jpg,105.99138117283951,128.31387837727866,31.010279977711672,35.376047089802,2791.8620083704254,10449.816382456338
vid_000139_frame0000025.jpg,106.34180812757202,128.9777628580729,31.027408831358894,35.0968559906923,2789.7874246136616,10228.048411711818
vid_000139_frame0000026.jpg,111.23358024691358,134.12437947591147,31.241857835426377,36.931901445252684,2781.08555002191,10371.172756418586
vid_000140_frame0000001.jpg,97.42447788065843,121.2045186360677,30.845801468274246,31.660344316995833,2739.610318534177,9334.711186047643
vid_000140_frame0000002.jpg,96.78495884773663,123.23594156901042,30.269358447128933,32.37918822878841,2689.787972247883,9060.097361758118
vid_000140_frame0000003.jpg,89.87941100823045,115.744873046875,27.963406017390263,30.36735489379346,2731.28693170814,8812.749718543142
vid_000140_frame0000004.jpg,93.43444444444444,118.24101257324219,28.691490253435127,30.33556583720126,2681.2742732766897,9161.274693932151
vid_000140_frame0000005.jpg,103.01360082304527,126.64252217610677,31.796431170529523,32.1030448876563,2765.2203745469797,9296.594353105873
vid_000140_frame0000006.jpg,101.1725720164609,125.31232198079427,31.35229746522086,32.327842970034695,2737.558511609737,9035.999470352894
vid_000140_frame0000007.jpg,99.05090277777778,124.92775472005208,29.31445588836114,31.619167736218387,2606.09621311514,9412.133607562631
vid_000140_frame0000008.jpg,98.40633230452674,124.1324971516927,29.046619031926415,31.389975122217177,2526.3947929526153,9573.951187551022
vid_000140_frame0000009.jpg,103.87240226337448,127.17442830403645,31.124989458915614,32.76890908416436,2385.5851983308094,9357.60518296226
vid_000140_frame0000010.jpg,99.14461676954733,122.87229410807292,32.184764612000556,33.76083927567183,2395.8894560799013,9363.350247680908
vid_000140_frame0000011.jpg,97.38841306584362,120.94734191894531,31.784522756107126,34.568691098312115,2555.273680434993,11116.460531963967
vid_000140_frame0000012.jpg,97.04156121399177,121.26901245117188,32.015639078548446,34.70401287430259,2563.233840203415,11003.679686989635
vid_000140_frame0000013.jpg,97.29798353909464,121.11704508463542,31.89751967420013,35.17127533074214,2692.234028486273,12185.679823430022
vid_000140_frame0000014.jpg,97.15785236625514,120.98331705729167,31.867224264466863,35.35255288092082,2669.8102041366005,12212.290456529707
vid_000140_frame0000015.jpg,97.23828446502057,120.90121968587239,31.946541603291724,35.10454941145815,2675.0038123371055,12203.89829339995
vid_000140_frame0000016.jpg,97.53357510288066,121.34153747558594,31.766534761241395,35.171749701012885,2686.636068992853,12009.46943476703
vid_000140_frame0000017.jpg,97.25243055555555,120.70528157552083,31.91991418071693,35.203325458106754,2689.3097765102857,12230.629533349536
vid_000140_frame0000018.jpg,97.05716049382715,120.96055603027344,32.02875274226692,35.46890194132851,2718.315954958217,12351.044418602949
vid_000140_frame0000019.jpg,97.09110596707819,120.58542378743489,32.088574962413034,35.14462650062364,2692.5638049763165,12123.375331744552
vid_000140_frame0000020.jpg,96.92084104938272,120.80137125651042,32.02327811718884,35.36819627304434,2675.6117385857237,12355.949168352177
vid_000140_frame0000021.jpg,97.30894804526748,120.96501159667969,32.00741966731536,35.132333612287006,2726.9431898099924,12037.61746709398
vid_000140_frame0000022.jpg,96.86039094650205,120.96571350097656,32.184515694110495,35.32329310210099,2760.135959630713,12293.37978311535
vid_000140_frame0000023.jpg,97.33922067901234,120.98089090983073,31.846605141889786,35.073117074137045,2694.816036765487,12145.256270231446
vid_000140_frame0000024.jpg,97.04102366255144,121.16234334309895,31.971427640502203,35.20257728310992,2681.594862193264,12207.664272978669
vid_000140_frame0000025.jpg,97.38219135802468,121.18686930338542,31.89643098209392,35.244552330001696,2654.039861635993,12092.799523695372
vid_000140_frame0000026.jpg,97.37972736625514,120.16139221191406,31.86423197488901,34.9945358998412,2612.1822627229085,11850.255073092645
vid_000140_frame0000027.jpg,97.36141718106995,120.79667663574219,31.89848896578394,35.10532633831379,2639.350801034285,12087.899960502982
vid_000140_frame0000028.jpg,96.95581790123457,121.13599141438802,32.05582735618399,35.27675217716154,2685.967935716497,12029.291919714771
vid_000140_frame0000029.jpg,97.14459104938271,121.01697794596355,32.099038745533896,35.29411029383792,2625.0517636886048,11817.387614204548
vid_000140_frame0000030.jpg,97.01055555555556,120.8169657389323,31.928740934051014,35.3025981209249,2678.2065029134633,12241.950991103193
vid_000140_frame0000031.jpg,95.94062242798354,120.01324462890625,31.203339123435008,34.391854112090336,2660.417377657512,11742.392979255877
vid_000140_frame0000032.jpg,93.1491640946502,118.93270365397136,29.533930068289735,32.64806863678007,2677.435104921065,10982.994179570815
vid_000140_frame0000033.jpg,93.41450360082304,119.85922241210938,28.631381259639983,31.363752565103216,2708.521863022917,10130.841055220924
vid_000140_frame0000034.jpg,95.00139146090535,121.21051534016927,28.635901892188816,31.287483052606508,2670.6139073302465,9956.434752758592
vid_000140_frame0000035.jpg,100.1996322016461,122.37165832519531,34.37841723184449,33.23373310057984,2924.789239732832,8748.005148861324
vid_000140_frame0000036.jpg,105.25751543209877,125.94872538248698,41.87585104595257,40.237857738915224,3014.930454663388,9034.326564635849
vid_000140_frame0000037.jpg,102.76823302469136,125.69241333007812,46.0453209891633,46.240827596166326,3098.0249334238306,9832.685571271693
vid_000140_frame0000038.jpg,103.79464248971193,127.35770161946614,49.62956700798391,50.17604966994505,3105.358472757523,9635.636740415357
vid_000140_frame0000039.jpg,101.31212448559671,125.22457885742188,48.45133229271653,48.61951269495481,3174.337401198786,9441.374117405852
vid_000141_frame0000001.jpg,93.16157150205761,116.39718119303386,49.44015605726376,52.30255965990412,2532.53592020313,16603.335814980557
vid_000141_frame0000002.jpg,93.57155349794239,116.73473103841145,49.433819795378476,52.2456497334412,2485.287286955531,16273.814571863972
vid_000141_frame0000003.jpg,94.08076131687243,116.37681070963542,49.89946147392249,52.18177872379351,2499.5126499368903,16380.670238669962
vid_000141_frame0000004.jpg,93.82357510288065,116.11016337076823,50.236423198904816,52.955728861150234,2563.172465670665,16940.93562203436
vid_000141_frame0000005.jpg,94.65136059670782,117.02165222167969,50.4337101224839,52.458933864113995,2447.786574714161,16183.249911366962
vid_000141_frame0000006.jpg,94.93251543209877,117.71370442708333,50.60852234861695,52.638441529996946,2485.3736950531547,16341.133812508546
vid_000141_frame0000007.jpg,96.77356995884773,119.37132263183594,49.864034733354046,52.01532180179883,2562.9810603557003,16738.923572926782
vid_000141_frame0000008.jpg,99.52807613168724,121.11156717936198,50.42669009434138,52.61201418430146,2494.3700067291575,16671.432455308503
vid_000141_frame0000009.jpg,102.07081275720165,123.38372294108073,51.59272243434303,53.45740045572231,2445.556783873457,16376.98312502727
vid_000141_frame0000010.jpg,98.84331018518519,121.79909261067708,52.61933085549962,55.34288767361981,2731.2617311456306,17268.440244303783
vid_000141_frame0000011.jpg,97.51673096707819,120.75509134928386,53.491136701994364,56.00136975037167,2856.5114505401234,17022.15939298994
vid_000141_frame0000012.jpg,95.65598508230453,118.70107523600261,55.91154177846507,59.62148395112807,2641.20958221397,18329.653898722492
vid_000141_frame0000013.jpg,88.23151748971193,111.55987040201823,62.31344115866715,68.45735044599479,3023.4716508535284,22731.540950775146
vid_000141_frame0000014.jpg,87.9374279835391,111.31034342447917,62.80347306300567,69.67259473699336,3402.6877444010415,24901.729991154512
vid_000141_frame0000015.jpg,92.53717592592592,116.01168314615886,61.99321810651194,69.97966994888918,3070.220985915829,23242.299594081007
vid_000141_frame0000016.jpg,94.56093364197531,116.28146362304688,62.447166937263475,70.00029683244631,2851.2299783992885,22335.384815569967
vid_000141_frame0000017.jpg,95.15906121399178,115.0508321126302,63.36050850902298,70.86142212622659,3025.625699064012,23080.328682068503
vid_000142_frame0000001.jpg,120.77746399176955,141.67215474446616,45.761744476805426,50.91586380054655,2547.4859031535184,17779.938733181916
vid_000142_frame0000002.jpg,121.06805812757202,141.84497578938803,45.759149507693024,51.237013051450944,2516.298604161844,17462.725526688388
vid_000142_frame0000003.jpg,117.2887962962963,139.11129760742188,45.62162346704909,50.67662963885345,2380.522262501905,15289.86987134791
vid_000142_frame0000004.jpg,117.74460133744856,139.54507446289062,45.898959138755096,51.14454803447644,2575.2128037593716,17999.266148671508
vid_000142_frame0000005.jpg,118.57635030864198,140.0511932373047,46.006908855083026,51.20077864035303,2512.769126354536,17936.264817882096
vid_000142_frame0000006.jpg,118.39663837448559,139.99954223632812,46.05263120675875,51.32807099219086,2514.1294496479554,17446.389887090772
vid_000142_frame0000007.jpg,121.9950128600823,142.28106689453125,42.82535837903805,50.8300515826764,2398.731743289836,16734.9793398967
vid_000142_frame0000008.jpg,125.36400977366254,145.82726033528647,38.13917785318368,50.27989344673869,2401.0725841027947,20376.61583822011
vid_000142_frame0000009.jpg,126.5475128600823,147.9226531982422,35.285274731798495,49.97295577952514,2306.073254855336,22017.695317664882
vid_000142_frame0000010.jpg,126.96404063786008,147.36352030436197,34.91674873484558,50.38655374785665,2293.247999656112,21794.4340747213
vid_000142_frame0000011.jpg,127.67780349794239,148.15657552083334,34.9288079028304,50.601681107609174,2280.234043052638,21910.15241491422
vid_000142_frame0000012.jpg,127.21554012345679,147.10963439941406,35.103182389270025,51.43165106226123,2463.3950445315472,25511.598055865616
vid_000142_frame0000013.jpg,127.38196759259259,147.2778778076172,35.02838338297781,50.99707928948307,2399.292545575893,24389.85539948847
vid_000142_frame0000014.jpg,127.19577932098765,147.07696024576822,35.0120694384497,51.24058009542269,2452.341531956769,25553.996805428527
vid_000142_frame0000015.jpg,127.61333333333333,147.36304728190103,35.04544243100927,51.4312341537071,2455.2070707580783,25242.117244995898
vid_000142_frame0000016.jpg,127.40202932098765,147.49049377441406,35.01118289155935,50.98732765845662,2397.1727424625037,24349.192910101265
vid_000142_frame0000017.jpg,127.63465020576132,146.9861806233724,35.03740853565093,51.24292208556175,2428.2919368540784,24973.11358198151
vid_000142_frame0000018.jpg,127.29940586419752,146.90907287597656,35.03705532049999,51.449773078806246,2478.529833636021,25813.201166412793
vid_000142_frame0000019.jpg,127.29477109053498,147.32840983072916,35.00636355178028,50.92284891795854,2419.935440447757,24050.63700562343
vid_000142_frame0000020.jpg,127.12219650205762,147.0511271158854,35.04899937386993,51.454520384514744,2464.3304285512877,25273.644704067847
vid_000142_frame0000021.jpg,127.51583076131688,147.41731770833334,35.05949765655814,51.49299943949045,2469.306483738902,25354.294966127723
vid_000142_frame0000022.jpg,127.28883744855968,147.3074747721354,35.11388539330141,51.577306435083294,2479.7717274498455,25878.17756697163
vid_000142_frame0000023.jpg,127.64735082304527,147.74961853027344,35.00218057108489,51.157691730315385,2384.858440168229,24241.879330671392
vid_000142_frame0000024.jpg,127.41928755144033,146.9990437825521,35.03762069692334,51.572270806222875,2431.2491042178685,25802.39329623594
vid_000142_frame0000025.jpg,127.66954218106996,148.14215596516928,35.031915714353424,51.44897836588041,2410.735494508209,24968.476592226885
vid_000142_frame0000026.jpg,127.39724022633744,147.7073516845703,34.97337083832743,51.04905420406108,2381.7032143746546,24313.269048133632
vid_000142_frame0000027.jpg,127.56272633744857,147.46976216634116,34.982152939096345,51.0926733925141,2405.390040122504,24729.470461144112
vid_000142_frame0000028.jpg,127.25016718106995,147.33075968424478,35.04440820623953,51.36578512709296,2421.698658367091,25426.23559039831
vid_000142_frame0000029.jpg,127.45789866255144,147.95648193359375,35.01362700782107,50.98521287054305,2371.158852277604,23957.296204671264
vid_000142_frame0000030.jpg,127.32393004115227,146.91109212239584,35.012931728983794,51.13813454537207,2406.7598942327295,25123.957622430287
vid_000142_frame0000031.jpg,127.65330761316872,147.54017130533853,35.024989827458974,51.36368446581932,2409.2598197844627,25167.74762085732
vid_000142_frame0000032.jpg,127.39707818930042,147.2583211263021,35.03243160411174,51.565484860074385,2450.2178114988196,25639.655454463325
vid_000142_frame0000033.jpg,127.70064300411522,148.14570109049478,34.974152413391025,50.63288976136717,2298.1204147328317,23163.780393328518
vid_000142_frame0000034.jpg,127.21140689300411,147.3356170654297,35.0510694585976,51.37995431630651,2431.7890398148147,25269.68799534347
vid_000142_frame0000035.jpg,128.06200102880658,148.49501037597656,34.79591111846024,50.239855657053226,2220.2203975287207,21580.301499172114
vid_000142_frame0000036.jpg,128.42228137860081,148.11121114095053,33.41525394847991,50.311309679990615,2088.613385416607,20344.941140888026
vid_000142_frame0000037.jpg,127.42377314814814,148.4674835205078,32.15161864420461,51.40186963482851,2112.4482800339483,22761.774368286133
vid_000142_frame0000038.jpg,128.57828446502057,148.1610310872396,31.756209951972068,52.362214937107105,2089.1457989082623,24340.26450204756
vid_000142_frame0000039.jpg,128.8296965020576,147.1860809326172,31.248590812843823,48.7748726920042,1885.836981095619,17866.728293617954
vid_000142_frame0000093.jpg,136.09908950617285,152.5868886311849,28.460266346045913,39.385134644698184,1937.386092033834,10696.339894995093
vid_000142_frame0000095.jpg,136.41575360082305,152.2396697998047,28.76419941483379,41.354442549943215,1993.4610654077478,12856.69352403935
vid_000142_frame0000096.jpg,136.65912037037037,152.5163116455078,28.776670929091697,40.90903645845888,1982.6960164989498,12361.67846148368
vid_000142_frame0000097.jpg,131.61842849794238,146.27029927571616,26.92702916379738,37.104345909610075,2000.1697643947186,10393.739669299684
vid_000142_frame0000099.jpg,120.16309156378601,138.31133524576822,30.70075636308133,52.22285838751642,2064.2077114195145,19428.611399581423
vid_000142_frame0000100.jpg,123.17218621399176,141.82088724772134,29.43264214990173,56.26955992856696,2500.2371879963043,28399.087831621757
vid_000142_frame0000101.jpg,122.64956275720165,143.1752726236979,27.787861638464523,49.70550510843699,2091.66521906144,19003.204519606894
vid_000142_frame0000102.jpg,122.42720936213992,141.5025838216146,28.648254654217883,55.11421812959071,2523.6675340934476,30870.50205308851
vid_000142_frame0000103.jpg,122.39923868312758,141.48419698079428,28.297156487251826,51.38296142173063,2294.90128811133,23038.341148433974
vid_000142_frame0000104.jpg,122.8690920781893,141.8123982747396,28.739924794798217,55.584715582378664,2560.242730503579,31698.924965960672
vid_000142_frame0000105.jpg,122.72305812757202,142.08912150065103,28.746090594993824,55.689524988329985,2574.8705322642795,32104.87307176902
vid_000142_frame0000106.jpg,122.90186471193415,141.77923583984375,28.567033948620125,54.25565215883394,2419.6493421495743,28718.563451161375
vid_000142_frame0000107.jpg,134.0939737654321,150.26451110839844,30.58449132771431,46.24724701806055,2011.2799224103007,13728.96496477141
vid_000142_frame0000108.jpg,131.08052469135802,146.55548604329428,30.66135265506529,47.48231282534225,2149.674312471184,15845.167087494396
vid_000142_frame0000109.jpg,124.31279063786008,142.41348266601562,30.98976390774895,50.09522834334378,2306.569519341028,18942.88696583337
vid_000142_frame0000110.jpg,123.5197505144033,141.90685526529947,30.985585986544233,50.59210343094896,2365.5037004436726,19783.040048982948
vid_000142_frame0000111.jpg,120.32349279835391,139.88826497395834,30.27355836284377,41.70712249481648,2389.434640130542,11509.236172992503
vid_000142_frame0000112.jpg,115.47546039094651,137.33600870768228,26.846295172225425,37.1523723348152,2100.1713781887647,10169.583606413566
vid_000142_frame0000113.jpg,118.93735082304526,141.47959899902344,27.910336576935585,37.356900100048,2105.1051378514494,10132.99117880105
vid_000142_frame0000115.jpg,120.73695987654321,139.98916625976562,28.876926961096416,40.23723739085688,2261.799760958695,12877.89857317484
vid_000142_frame0000116.jpg,120.76803755144033,141.7465362548828,28.673194194858,38.953563082324344,2197.725490808375,10853.340363718336
vid_000142_frame0000117.jpg,120.75980709876544,139.9842783610026,28.87585817697227,40.32176242637386,2268.0668609953104,12988.233887776732
vid_000142_frame0000118.jpg,120.63010030864197,139.5212605794271,28.917297691912626,40.44674403259207,2293.3992601106443,13159.218735810136
vid_000142_frame0000119.jpg,120.42443672839507,139.914306640625,28.883253903180744,40.59362083382206,2286.602447260266,13313.975616262993
vid_000142_frame0000120.jpg,120.49523662551441,139.7493133544922,28.84114846177617,40.65167527462027,2269.0867325373774,13500.689293768257
vid_000142_frame0000121.jpg,120.6273688271605,140.20353190104166,28.819709394958362,40.28931293422455,2240.1646073887723,12977.800658292836
vid_000142_frame0000122.jpg,120.4656121399177,140.14583841959634,28.737808035494908,40.168201762790126,2260.735152254801,12942.991591400467
vid_000142_frame0000123.jpg,120.6697633744856,140.46226501464844,28.84058367676418,39.76399403965344,2223.1573450595847,12041.683178401552
vid_000142_frame0000124.jpg,125.42064557613169,143.69062296549478,31.18378118587052,48.57446339825068,2253.5853797576947,16126.178085684543
vid_000142_frame0000125.jpg,127.93740226337448,147.10733032226562,26.138978947393074,39.23983931930388,2029.687776891623,11848.383245127043
vid_000142_frame0000127.jpg,121.47199588477366,139.0533243815104,31.501009646892996,49.945272933758744,2256.266280309547,16080.6844552455
vid_000143_frame0000001.jpg,92.15538323045267,115.55735778808594,52.043707292102226,60.018428056906295,2736.1344833333333,18180.513808250427
vid_000143_frame0000002.jpg,92.51692644032921,115.84440612792969,51.868807047835375,59.88452545097151,2628.271495977592,17426.551400109194
vid_000143_frame0000003.jpg,92.44993569958848,115.09627787272136,51.77453657541269,59.72534797160006,2653.8482514116918,17646.192866913043
vid_000143_frame0000004.jpg,91.9564146090535,115.26837158203125,51.49911655226224,59.75571181921257,2752.448995389422,18839.911121337675
vid_000143_frame0000005.jpg,93.21056069958848,116.62539164225261,48.86002257640798,57.32668709726196,2922.253126808449,17757.798613793217
vid_000143_frame0000006.jpg,92.85775977366255,116.65733846028645,48.24313611087759,56.884806672109185,2857.331682710274,17398.718659765786
vid_000143_frame0000007.jpg,92.51050154320987,115.97004699707031,47.41627755709964,56.06146566374063,2856.3887186783168,17303.656996760285
vid_000143_frame0000008.jpg,92.13143261316873,116.27827962239583,47.57164216772466,56.414300915683384,2975.954210474537,17878.277848746628
vid_000143_frame0000009.jpg,91.62820730452675,115.34252421061198,47.91338188554541,56.36142033798544,2734.878185169943,16792.191913818708
vid_000143_frame0000010.jpg,91.30769804526749,114.57550557454427,48.044602427612425,56.77296568409182,2846.1582905087234,17315.924125045305
vid_000143_frame0000011.jpg,91.37655864197531,114.63050842285156,48.29004717603878,57.010698141468204,2841.9211642874916,16997.253590835026
vid_000143_frame0000012.jpg,90.68805812757202,113.7578125,49.21947884864714,57.86531239578777,2894.3672191928995,17619.90038288734
vid_000143_frame0000013.jpg,89.72314814814816,113.35525004069011,50.61840857020002,59.63868244223185,2703.1289747513124,18000.767785120523
vid_000143_frame0000014.jpg,88.76386059670781,112.7484639485677,51.02728998348586,60.17190832703991,2874.8916293933253,19273.78905048594
vid_000143_frame0000015.jpg,88.84317386831276,113.35434468587239,50.12128889013994,59.42893396044261,2803.5438669372047,18302.29680036544
vid_000143_frame0000016.jpg,89.39853652263375,113.73359680175781,48.11998906003688,57.2843614364684,2762.9970450731,16497.98070821329
vid_000143_frame0000017.jpg,88.20271347736626,113.3656514485677,46.921762385193006,55.86050176044176,2834.957176425981,16636.037203159183
vid_000143_frame0000018.jpg,88.34287808641976,113.60384623209636,46.45980035826443,55.75978236437719,2966.9000904947316,16936.521526055178
vid_000143_frame0000019.jpg,88.36846965020577,113.67467753092448,45.063149553814696,53.22366857072214,2775.660054886593,14980.247298537754
vid_000143_frame0000020.jpg,87.5784079218107,113.31557210286458,44.876679265624496,52.866719860313914,2980.8768648062414,15962.801593789598
vid_000143_frame0000021.jpg,89.85962705761317,114.94774373372395,45.71330900323803,52.797217528841834,2942.3111366445664,15777.274430569261
vid_000143_frame0000022.jpg,89.51758487654321,114.30215962727864,46.55266039383045,53.911507169440846,2946.573390237709,16011.909087931504
vid_000143_frame0000023.jpg,89.72003858024691,114.52726236979167,46.88424480795764,54.11093414401264,2849.9724290085355,15718.436401847517
vid_000143_frame0000024.jpg,90.49239969135803,114.80891418457031,47.52991378680365,54.781751003471854,2947.585814585238,16428.980861223303
vid_000143_frame0000025.jpg,91.87736111111111,114.87381998697917,47.84034244288733,54.734793990368836,2886.250012002743,15787.707232590765
vid_000143_frame0000026.jpg,92.22335133744856,115.83559672037761,47.80768361505135,54.944701120651814,2820.5351146690077,15748.710613003932
vid_000143_frame0000027.jpg,92.05983024691358,115.3404541015625,47.6053980168379,54.80262117471493,2832.976357152111,15792.483793199062
vid_000143_frame0000028.jpg,90.48393518518519,113.4791259765625,48.1263120621518,55.10997501520198,2965.2363365331125,16490.604474968975
vid_000143_frame0000029.jpg,91.0388091563786,115.06135559082031,48.159349090883815,55.395005945418696,2863.849728222105,16066.9951137444
vid_000143_frame0000030.jpg,91.11388374485597,114.42796834309895,48.85421506764154,56.22099539242448,3098.7247751494983,17524.86288218107
vid_000143_frame0000031.jpg,90.67413065843621,114.70932006835938,48.98161610828736,56.68422862050511,2996.3377063700273,17296.24549849122
vid_000143_frame0000032.jpg,88.55168209876543,112.21014404296875,48.583687171802644,56.448444697946655,3036.6188903534494,17456.80746832094
vid_000143_frame0000033.jpg,86.93403549382717,111.03606669108073,48.485186401960924,57.08714090540895,2907.774564540407,16836.676258943742
vid_000143_frame0000034.jpg,84.4775257201646,109.11044820149739,49.5889637227483,57.991037602253655,2874.5843094606744,17101.330332752084
vid_000143_frame0000035.jpg,85.0442566872428,111.11558532714844,48.97991335466415,59.41039944618063,2967.5131320216055,17280.538745829603
vid_000143_frame0000036.jpg,88.11454989711935,112.8919169108073,50.223909685966454,58.84449729438074,2918.5170164778137,17142.649941548705
vid_000143_frame0000037.jpg,89.51697016460905,113.89658101399739,51.23351295659507,59.08394647299346,3079.048576388353,18061.535634381464
vid_000143_frame0000038.jpg,90.63454732510289,114.60784403483073,51.838222586095874,59.391313350660674,3024.680693175345,18091.23559794738
vid_000143_frame0000039.jpg,90.23074588477367,113.42348225911458,52.679694553697026,59.5159391052864,2831.164431645745,18001.122490223497
vid_000143_frame0000040.jpg,89.75761574074075,113.2971903483073,53.2083455617848,60.435373270005485,2951.414137974156,17939.15650998056
vid_000143_frame0000041.jpg,88.16977880658436,112.78288269042969,53.40633273099847,59.144646912373354,3176.9594596188053,17690.277370809577
vid_000143_frame0000042.jpg,85.82089248971194,110.52993265787761,53.80981857742273,59.95116886726201,3116.9381580073064,17757.194482566556
vid_000143_frame0000043.jpg,82.71681069958848,109.14231363932292,54.91478138273847,62.307461245744165,3259.378282788387,17906.51723736152
vid_000143_frame0000044.jpg,78.31023405349794,105.97726440429688,55.30696965281798,63.69889262435612,3397.8700862461424,18013.179478667444
vid_000143_frame0000045.jpg,75.90942644032921,102.59435017903645,55.7734177655379,63.85270206383564,3617.9287579044258,18372.15112948045
vid_000143_frame0000046.jpg,76.17447273662552,103.04692077636719,56.07129632630883,64.17353881059486,3538.0886976022493,17895.5239504443
vid_000143_frame0000047.jpg,76.40664609053498,102.77717590332031,56.36450635107036,64.25007161530135,3664.766632239691,18762.437685265206
vid_000143_frame0000048.jpg,76.5278883744856,102.70108032226562,56.62820798256606,64.55425448810128,3636.8571713953665,18566.60310464143
vid_000143_frame0000049.jpg,76.95206018518519,102.98208618164062,56.843784235376376,64.40089332906875,3485.7946664370907,17756.412263548933
vid_000143_frame0000050.jpg,77.77195730452675,103.29524739583333,57.22676177719958,64.73006355098919,3608.0308050277563,18457.519157364033
vid_000143_frame0000051.jpg,79.02542438271605,104.25435384114583,57.7206429506263,65.04758680504068,3607.917143503277,18777.116250751307
vid_000143_frame0000052.jpg,79.32093621399177,104.43638102213542,58.26399290546531,65.26611387379751,3598.0828119560665,18454.19552886393
vid_000143_frame0000053.jpg,80.46826388888888,105.35104370117188,59.16188083600638,66.52843583144912,3631.6710683627084,18901.287973731523
vid_000143_frame0000054.jpg,83.41497942386832,108.5457763671875,59.43716798576713,66.14218637468788,3471.976376538387,18154.69936294644
vid_000143_frame0000055.jpg,83.99840020576131,109.13388061523438,59.57867570082188,66.20530688303589,3532.136596431327,18909.18843292608
vid_000143_frame0000056.jpg,84.01215534979424,109.48310852050781,59.441035220553594,65.3270226851077,3180.5110103907086,16595.7939206881
vid_000143_frame0000057.jpg,88.70530349794238,114.28438822428386,59.03776452041848,64.70759794661795,3376.4155158414783,17382.37519518938
vid_000143_frame0000058.jpg,87.20414351851852,112.17625935872395,58.07062877876642,64.05325652270814,3377.350296638696,17438.09902605042
vid_000143_frame0000059.jpg,86.38230709876544,110.75905354817708,58.34817113959726,64.50098498810898,3261.227201774155,17426.022156873485
vid_000143_frame0000060.jpg,90.12981738683128,115.95370483398438,58.7511595789389,63.43650413180596,3072.401507810357,15857.268384686671
vid_000143_frame0000061.jpg,90.95550154320988,117.28200276692708,59.590100952363365,64.65577653138422,3389.6512649460356,17282.311352351448
vid_000143_frame0000062.jpg,90.0680324074074,115.17591349283855,60.15873369170844,65.66883394137878,3348.5468672839506,17905.84588524606
vid_000143_frame0000063.jpg,89.45851080246914,114.48592631022136,60.313862699967416,65.3407549784954,3346.8837888622165,17282.081254940247
vid_000143_frame0000064.jpg,88.97104681069959,113.58274332682292,60.48412791905383,65.45010121273083,3480.794188833103,17790.66760788858
vid_000143_frame0000065.jpg,88.1662962962963,111.6796162923177,60.38569099395617,65.19722928165822,3517.4781821442525,18049.062531918054
vid_000143_frame0000066.jpg,90.6350205761317,113.3465576171875,60.74145005711281,64.9492108385999,3155.4148518325615,16564.726882513613
vid_000143_frame0000067.jpg,99.33997170781893,121.45905049641927,59.58750726120483,63.154159783236516,3065.491129113083,16564.738138492918
vid_000143_frame0000068.jpg,98.08897633744856,122.03448486328125,57.37463009807023,61.83384681862561,3233.4224711591223,16966.03337282478
vid_000143_frame0000069.jpg,92.68961676954733,117.63199361165364,56.70648299071438,62.237100334849536,3130.255074587941,16183.656240313314
vid_000143_frame0000070.jpg,93.10847222222222,117.59864807128906,57.22060572358278,62.423347555796006,2991.9367292390048,15663.034646003507
vid_000143_frame0000071.jpg,96.74973508230453,121.5839335123698,57.47172053449636,63.46102986758846,3208.080541437983,17379.37757324963
vid_000143_frame0000072.jpg,97.5907433127572,121.31582132975261,57.38209835962125,62.322865389069,3103.7891145747594,16363.314812067663
vid_000143_frame0000073.jpg,95.69268261316873,119.98685201009114,57.98188022227436,62.91119693836644,3145.7902455380276,16912.043897103285
vid_000143_frame0000074.jpg,94.23988425925926,118.06005859375,57.77758831242954,62.714057297608214,3084.9465070201163,16712.7436742445
vid_000144_frame0000001.jpg,96.19879372427984,121.92344156901042,43.18845969121417,44.82157414598278,1966.9911708809634,11237.264228755375
vid_000144_frame0000002.jpg,96.51882716049383,122.96244812011719,42.858999857545165,44.70461000083431,1933.1243340153944,10881.792904248228
vid_000144_frame0000003.jpg,94.50511316872428,121.83550516764323,37.692781351826184,39.421531612901134,2040.528606231365,10968.591906137532
vid_000144_frame0000004.jpg,93.5210982510288,121.67832946777344,34.65135326735257,37.9308445792102,2174.5880311970714,14552.39518469479
vid_000144_frame0000005.jpg,93.82749742798354,121.79188028971355,34.676536070819964,38.22250316392856,2232.798092020795,15522.69869608339
vid_000144_frame0000006.jpg,93.83052726337449,121.71131896972656,34.625486219934146,37.80937381691408,2196.0213345669486,14569.127612387529
vid_000144_frame0000007.jpg,93.82268518518518,122.40263366699219,33.8047216761889,36.36374318775945,2123.4215116240252,13096.398738420568
vid_000144_frame0000008.jpg,93.01207047325103,121.88347880045573,33.27804467034464,37.23477084214636,2194.840265167693,14612.856978997588
vid_000144_frame0000009.jpg,93.1983487654321,120.95758056640625,32.78926900500342,34.84307984556195,2110.1980656649494,11731.311127023539
vid_000144_frame0000010.jpg,92.1528163580247,120.56093343098958,32.97343469548646,37.31626497495147,2264.940126790885,15562.91539039067
vid_000144_frame0000011.jpg,92.42065586419753,120.89964294433594,32.88132930171819,37.011244215222476,2229.9821715362914,14972.902975376695
vid_000144_frame0000012.jpg,91.92031378600824,120.20144653320312,32.87929716402563,36.79198339665525,2278.2236703731687,14652.608971363865
vid_000144_frame0000013.jpg,93.32791923868312,119.81123860677083,30.296877722534685,30.997762512115614,2169.657339273739,9698.06342922151
vid_000144_frame0000014.jpg,93.46614197530864,120.2162577311198,29.861960551784005,32.16969201973361,2245.482725906636,10567.898077167338
vid_000144_frame0000015.jpg,94.0476646090535,121.14783732096355,30.109839417225963,33.09408281651531,2236.3939478137268,10701.654362058034
vid_000144_frame0000016.jpg,94.44521604938272,122.65325927734375,30.984924695560203,34.669927100750904,2231.6650973744,11430.885751171969
vid_000144_frame0000017.jpg,94.07864711934157,122.48094177246094,30.865793187867634,35.75360136152887,2242.8832856250474,12925.285568050807
vid_000144_frame0000018.jpg,93.92016975308643,121.76868184407552,31.037126241341646,35.96375292800062,2300.2884552659657,13448.756902127527
vid_000144_frame0000019.jpg,95.63975565843621,121.64182027180989,29.01100401844797,30.75316155990754,2166.1342148202925,9325.292342334054
vid_000144_frame0000020.jpg,94.99611368312758,122.19536844889323,29.05046947233741,32.91202731007444,2283.5732749866042,11448.713602922624
vid_000144_frame0000021.jpg,96.82616769547325,123.24302164713542,29.17187225899865,31.86324002018378,2208.0730903477343,10136.650666996604
vid_000144_frame0000022.jpg,96.13171039094651,123.23861694335938,29.384101787646053,34.92544007400903,2357.0891463455937,13911.261350020766
vid_000144_frame0000023.jpg,96.67577160493828,123.38145446777344,29.23961414610077,33.973920735427754,2294.665366254608,12440.918654495617
vid_000144_frame0000024.jpg,95.84899691358025,122.27718098958333,29.598297233062212,32.976139169415035,2262.004459361902,11524.659215617692
vid_000144_frame0000025.jpg,94.67661008230452,120.87037658691406,29.588202906997573,34.41848896961405,2337.7944660662915,13274.930902113905
vid_000144_frame0000026.jpg,93.04008744855967,120.56260172526042,30.55677864542937,32.59389976873004,2232.954413245349,10155.113925095415
vid_000144_frame0000027.jpg,88.25528549382716,118.63341267903645,29.709820735638946,32.37341497838019,2194.726322023546,9861.569299220806
vid_000144_frame0000028.jpg,90.69979423868313,118.84733072916667,30.84142469672757,36.51413522631358,2384.36784836153,14702.644667459419
vid_000144_frame0000029.jpg,92.1229218106996,119.90808614095052,31.83125467167938,36.99300531648442,2240.163486486852,14737.96549357078
vid_000144_frame0000030.jpg,91.94788323045267,119.80355834960938,31.628523037630455,37.382564942156584,2244.652663732425,15232.782147649443
vid_000144_frame0000031.jpg,92.20413323045267,119.82854715983073,31.66475171101964,37.15157670918706,2184.4828965706442,14831.735663946718
vid_000144_frame0000032.jpg,91.75120627572016,119.75315348307292,31.851594244258262,37.55632069229177,2245.4606468183206,15621.373047499917
vid_000144_frame0000033.jpg,91.019375,118.89082336425781,32.22311225814702,36.07221830281721,2200.7396780290255,14081.745124041103
vid_000144_frame0000034.jpg,90.60406893004115,118.85699971516927,32.00817672840379,35.38842422009624,2171.504667351585,12963.787078525871
vid_000144_frame0000035.jpg,90.16515432098765,119.37202453613281,31.357749840813923,34.859690452433775,2163.844885180839,11806.817527711391
vid_000144_frame0000036.jpg,92.69042952674897,120.38859558105469,31.91510056388276,34.445760644474134,2088.3990990863986,10495.210728145204
vid_000144_frame0000037.jpg,94.18903034979424,121.90271504720052,32.52624265815063,35.53587657737824,2139.249874739881,10771.0112353859
vid_000144_frame0000038.jpg,92.83542438271606,122.27111307779948,32.76251419171752,39.843409277777106,2279.3266480061516,15261.969513004413
vid_000144_frame0000039.jpg,92.78936728395061,121.29402669270833,32.72418572538962,40.49442412402796,2297.578826946159,16157.38842577464
vid_000144_frame0000040.jpg,92.60979938271605,122.04249064127605,32.77660115058369,41.95286513010561,2357.988138715278,18312.782987489365
vid_000144_frame0000041.jpg,92.75245113168724,122.13694763183594,32.82690727850215,41.697978897271426,2357.50177097027,17807.29305396881
vid_000144_frame0000042.jpg,92.85192386831275,122.01727294921875,32.9512700973914,41.91757720955713,2396.5478679505313,18500.381837930297
vid_000144_frame0000043.jpg,93.28916666666667,122.30027262369792,32.808849819310176,40.92797101454864,2347.9934735553243,16771.445927064633
vid_000144_frame0000044.jpg,91.50771604938272,119.23148600260417,32.31166413266659,37.29546547013784,2276.3819998842,12931.532421942567
vid_000144_frame0000045.jpg,91.3554809670782,119.6620585123698,32.726834298159126,40.97089342112785,2474.759581146167,18450.02214717772
vid_000144_frame0000046.jpg,92.18693158436214,120.3076171875,32.39323715330116,39.58620380768513,2362.5614800466296,15858.155456542969
vid_000144_frame0000047.jpg,92.22301954732511,119.95668029785156,32.57063114694459,39.87332861231599,2403.395742334855,17177.145983709954
vid_000144_frame0000048.jpg,92.31041409465021,119.92855326334636,32.75436284801697,40.50137310370317,2477.9202253200137,18203.017857468687
vid_000144_frame0000049.jpg,92.42972736625515,121.20858256022136,32.720560622903626,38.63098198536749,2322.542050239817,14598.864816962741
vid_000144_frame0000050.jpg,91.03709104938271,120.51143391927083,32.41267526404715,41.2454181813956,2455.921695810233,18366.1126786822
vid_000144_frame0000051.jpg,89.62286522633745,119.3485616048177,31.815570828452415,41.264180719349774,2442.6551499083125,18366.76197719574
vid_000145_frame0000001.jpg,98.38394547325103,117.98299662272136,68.33330275871877,66.71841747078582,2970.0127217720596,14891.947574451333
vid_000145_frame0000002.jpg,98.5811574074074,118.24873352050781,68.34251005753984,66.74865497218454,2966.1525821556834,14817.221569860121
vid_000145_frame0000003.jpg,98.61343106995885,117.80091857910156,68.34274301862682,66.62951189707317,2917.9499972945605,14656.620906493627
vid_000145_frame0000004.jpg,98.20666666666666,117.46356201171875,68.38804035487672,66.89797595899093,2922.211775100737,15031.051188118523
vid_000145_frame0000005.jpg,98.51738940329219,117.75143941243489,68.26019178094062,66.43978971070426,2866.187293104853,14622.039345946163
vid_000145_frame0000006.jpg,98.34177469135803,117.97619120279948,68.1732448057469,66.29055337828153,2868.941731961353,14293.866806030273
vid_000145_frame0000007.jpg,98.44659979423868,118.1712646484375,68.34014730602335,66.61952612311283,2907.824034750741,14638.501148096286
vid_000145_frame0000008.jpg,98.14680298353909,118.11495971679688,68.2922661511909,66.5421582461708,2890.2703708689965,14928.572186739882
vid_000145_frame0000009.jpg,98.45017746913581,118.59889729817708,68.31253249517778,66.3299821313542,2849.8667627785753,14085.21529763937
vid_000145_frame0000010.jpg,97.76818158436214,118.28069559733073,68.11207345127019,66.38724629476475,2918.0080524905093,14817.142879236257
vid_000145_frame0000011.jpg,98.07512602880658,118.71700541178386,68.16892338781255,66.56848043024966,2880.1617678088323,14751.24763038382
vid_000145_frame0000012.jpg,97.6021244855967,118.44179789225261,68.22301055622563,66.71349457527798,2915.7104103888028,15004.316254839301
vid_000145_frame0000013.jpg,97.62596193415638,118.2741190592448,68.39547041510188,66.80881954255548,2895.8217931717727,14892.778427893063
vid_000145_frame0000014.jpg,97.23137345679012,118.21632893880208,68.55424889404284,66.87974266647554,2979.670976114481,15352.177962420275
vid_000145_frame0000015.jpg,97.46346450617284,118.61986796061198,68.35758217397755,66.68896013989014,2995.456389010286,15249.763333242154
vid_000145_frame0000016.jpg,97.57373971193415,118.80466206868489,68.24153801011337,66.62846257859854,2939.1500897288424,14903.551478680223
vid_000145_frame0000017.jpg,97.53990997942387,118.3452860514323,68.8835456544308,67.36019540080004,3005.6672938085258,15253.07141791447
vid_000145_frame0000018.jpg,97.0429809670782,118.17264811197917,68.9333007741542,67.45223437879044,3056.422120846134,15266.622938975692
vid_000145_frame0000019.jpg,96.7527031893004,118.21142069498698,69.16989929339648,67.86256068496381,2962.843017939279,14808.27743106871
vid_000145_frame0000020.jpg,97.0208024691358,118.37965393066406,68.5684539337912,66.79222542950788,2961.46270711109,14102.18389626965
vid_000145_frame0000021.jpg,97.74650977366255,118.95110575358073,67.28124971474892,65.48694676523665,2831.378308170379,13237.878525462002
vid_000145_frame0000022.jpg,97.69277777777778,119.021484375,66.72979686319518,64.26624894158084,2835.5421705380277,12709.536077227443
vid_000145_frame0000023.jpg,97.78647376543209,119.3580322265625,66.67391500460265,63.76187663012119,2818.4925041721444,12506.029469973408
vid_000145_frame0000024.jpg,97.39973508230453,119.07108052571614,66.67401100310808,63.91690787509277,2835.7678039206585,12604.20822996553
vid_000145_frame0000025.jpg,97.77724279835391,118.76389058430989,66.68765189476494,63.907345004690775,2815.0952745367986,12526.829826101428
vid_000145_frame0000026.jpg,97.39441100823045,118.49728393554688,66.7249543272767,63.888289253759815,2851.1224014622385,12689.844973429106
vid_000145_frame0000027.jpg,97.83230195473251,118.5520528157552,66.92471076367703,64.26442259929905,2908.9305462846264,12928.633311866783
vid_000145_frame0000028.jpg,97.81094393004115,118.76007588704427,67.13709747287446,64.47086591142985,2914.959984553553,13093.694142687833
vid_000145_frame0000029.jpg,97.87095936213991,118.94491068522136,67.38434908264351,65.0614455794303,2899.5425872654228,13229.414494193159
vid_000145_frame0000030.jpg,97.56979166666666,118.39191182454427,67.71396757570353,65.60257324731732,2957.305024827044,13847.742306230357
vid_000145_frame0000031.jpg,97.86512602880659,118.30331420898438,67.87824927128977,65.69290541187968,2929.3792368424683,13617.26933830604
vid_000145_frame0000032.jpg,97.73356481481481,118.56111145019531,67.94138881978517,65.60231400982774,2977.9507395966693,14138.126687821
vid_000145_frame0000033.jpg,97.98682870370371,118.7706298828125,67.50968726306218,65.09585492483806,2856.816565294924,13453.120759721845
vid_000145_frame0000034.jpg,97.78558384773663,119.02157084147136,67.1968812466272,64.74579682396647,2842.211822522231,13196.186397943413
vid_000145_frame0000035.jpg,98.21153806584363,119.25379435221355,67.10100825048058,64.63470949447053,2812.380702379055,13043.624274819158
vid_000145_frame0000036.jpg,98.39814300411523,119.4505106608073,67.05626189176701,64.52898883075342,2812.592053673637,13012.339370366186
vid_000145_frame0000037.jpg,98.23117541152263,118.7850850423177,67.16736675038061,64.83225766411802,2852.2705851585124,13220.36978295073
vid_000145_frame0000038.jpg,98.30816100823046,118.49543762207031,67.33702634157167,65.24882176559696,2860.815066049383,13487.740167639917
vid_000145_frame0000039.jpg,98.54960648148148,118.41197204589844,67.49057401111105,65.40091035775853,2858.1414543124147,13578.21494531259
vid_000145_frame0000040.jpg,98.56019290123457,118.26833597819011,67.54439942197685,65.28930253655675,2888.5580560697213,13536.036918384722
vid_000145_frame0000041.jpg,98.64911265432099,118.49195861816406,67.61238291953846,65.16548770784088,2856.9333770173657,13367.73096705135
vid_000145_frame0000042.jpg,98.5710725308642,118.53834025065105,67.49244920525676,65.09545747702383,2881.7626959442514,13537.68145702756
vid_000145_frame0000043.jpg,98.72255144032921,118.71513366699219,67.38016048075252,65.02967706662929,2858.656032254456,13657.037537442287
vid_000145_frame0000044.jpg,98.5816177983539,119.25001525878906,67.22650380499967,64.95819615742342,2872.7096429468997,13520.596427106997
vid_000145_frame0000045.jpg,98.61802469135803,119.1888427734375,67.41427642459156,65.30923149613119,2896.1129903501155,13716.724583137548
vid_000145_frame0000046.jpg,98.31521604938271,119.14596557617188,67.27769172972621,65.07606043362135,2865.4974934027177,13367.71425252757
vid_000145_frame0000047.jpg,97.74462962962963,118.93992614746094,67.40183367752897,65.38850373135683,2916.1059388497724,13937.66695089615
vid_000145_frame0000048.jpg,97.76055041152263,118.66935221354167,67.38274283677784,65.31872950382942,2896.042306354786,13786.769329188159
vid_000145_frame0000049.jpg,97.76864454732511,118.96178690592448,67.29001093681542,65.16278108445655,2889.35929620574,13742.259352787398
vid_000145_frame0000050.jpg,97.74588734567901,118.30898030598958,67.5092194763823,65.7335021954124,2964.2724249565968,14196.667033551028
vid_000145_frame0000051.jpg,97.56581275720164,118.06418863932292,67.72247083141802,65.93359918618695,2952.371437036799,14058.938060488552
vid_000145_frame0000052.jpg,97.64257458847737,117.83469136555989,67.7415012714007,66.04490329789249,2984.0847376457473,14047.868626892334
vid_000145_frame0000053.jpg,97.69969907407408,117.56287638346355,68.0221691116226,66.60177979567084,2970.869204627486,14240.813507899642
vid_000145_frame0000054.jpg,97.3542695473251,117.22401428222656,68.28335071492454,67.17218502546888,3008.9075710385587,14659.89494793024
vid_000145_frame0000055.jpg,97.58673868312758,118.30420430501302,67.80484236550917,66.38355045720995,2938.8503616817175,14089.866003777599
vid_000145_frame0000056.jpg,98.17262602880659,118.68315124511719,67.2862880902648,65.22448843288116,2899.611481852936,13449.389965198003
vid_000145_frame0000057.jpg,98.50253858024692,118.41754150390625,67.42908722691712,65.46219750418972,2975.2396386525847,14029.062071783235
vid_000145_frame0000058.jpg,98.41489197530865,118.86612955729167,67.54176919390133,65.31295605971263,2933.4632636028714,13627.565872061765
vid_000145_frame0000059.jpg,98.24137860082304,118.87841796875,67.46496013823301,65.38619565497179,2917.60883180864,13626.491813457571
vid_000145_frame0000060.jpg,98.06626028806585,118.34679158528645,67.72054476780514,65.99096853157292,2971.240492409634,14072.2232391797
vid_000145_frame0000061.jpg,98.00746399176954,117.70435078938802,68.43005674031143,66.74866817820504,3035.0038833295225,14504.583053838229
vid_000145_frame0000062.jpg,97.5667566872428,117.48309326171875,69.27130411202101,67.24006573035616,3117.900581846327,15321.655271466589
vid_000145_frame0000063.jpg,96.86885288065844,118.07651774088542,69.99778642899958,67.74456821141614,3001.231332504513,14888.712495032465
vid_000145_frame0000064.jpg,96.39586676954733,117.87301127115886,70.31760224209084,68.44979802610739,3073.5082522612315,15546.845737516647
vid_000145_frame0000065.jpg,96.84077160493827,118.47624206542969,69.24402179051715,66.79579818464892,3032.152405023767,14343.39293419174
vid_000145_frame0000066.jpg,97.22398405349794,118.99859110514323,68.61315099210638,66.18223100234898,2924.991826646031,13098.563556253677
vid_000145_frame0000067.jpg,98.54859310699588,120.62996419270833,69.2219929684248,66.6002511308973,2839.711098305267,12303.63656745851
vid_000145_frame0000068.jpg,104.43086934156379,123.68858846028645,69.88373298980189,66.56980446693301,2829.296410750791,13149.174446787452
vid_000145_frame0000069.jpg,98.21896347736626,119.6652323404948,65.74299298402559,65.45433631880407,3219.6322978323024,15275.36710024532
vid_000145_frame0000070.jpg,97.03193672839507,117.70339965820312,67.82691639427277,68.05129252367065,3405.359330153976,17079.249956152402
vid_000145_frame0000071.jpg,98.7149408436214,118.00483703613281,69.18284192108159,70.19627526700094,3270.4035302925786,17828.315401991596
vid_000145_frame0000072.jpg,101.20944444444444,119.22415669759114,73.24471252493304,72.18799815049883,3176.667533256172,16104.365038178628
vid_000145_frame0000073.jpg,95.37982767489711,112.89991251627605,74.18534567093413,74.05168939478804,3379.989150662056,17794.82339464291
vid_000145_frame0000074.jpg,92.02434927983539,109.40042622884114,74.22728360163804,74.20993233819155,3425.7980816043073,16134.2363319078
vid_000145_frame0000075.jpg,89.84178240740741,106.58596293131511,74.16322225052136,73.41340581379146,3342.990668602764,16024.366925954819
vid_000145_frame0000076.jpg,89.82846965020576,106.8834940592448,72.91185577549899,72.1061611001591,3262.5780938497846,14828.679299368523
vid_000145_frame0000077.jpg,91.170262345679,108.48384094238281,72.35059280511918,70.78988758372185,3180.4459857595425,13672.254085931694
vid_000145_frame0000078.jpg,93.04802983539095,110.30548604329427,72.43216485714143,69.99742402206164,3019.0217048315803,12514.220360383391
vid_000145_frame0000079.jpg,81.29531378600824,102.73940022786458,60.04014180733719,62.39121937677298,2687.7038139998076,11267.415764626116
vid_000145_frame0000080.jpg,87.36071502057614,105.7900390625,59.76931358655616,59.1636019983105,2511.993370141509,10864.397914648056
vid_000145_frame0000081.jpg,95.28067901234567,113.56378173828125,61.692912792632455,58.913426657256046,2361.269782591676,10460.568262150278
vid_000146_frame0000001.jpg,91.88897633744855,115.76451110839844,43.58404543338016,43.40918334393168,2527.034004781807,8921.526994386455
vid_000146_frame0000002.jpg,92.34126286008231,116.48193868001302,43.58199314618923,43.8961514293925,2497.6698039542375,8729.905914392322
vid_000146_frame0000003.jpg,92.68409465020576,116.61037699381511,43.911662376854515,44.25285147458269,2549.045916489245,8839.346450916491
vid_000146_frame0000004.jpg,93.6902237654321,117.3016866048177,44.835487729930996,44.70873016972287,2542.0236977308505,9048.720377942314
vid_000146_frame0000005.jpg,95.7788425925926,119.2205098470052,45.984150560553296,45.508095270049424,2696.2161718535067,9300.039931297302
vid_000146_frame0000006.jpg,96.98418981481481,120.62347920735677,46.97118353689818,46.58646725554694,2700.281252282426,9517.108197174035
vid_000146_frame0000007.jpg,98.1818955761317,121.87166341145833,47.71077734219063,47.232727651247735,2700.9647025576674,9548.8727518206
vid_000146_frame0000008.jpg,98.21387345679013,122.11317443847656,48.2522176286942,47.66013852153446,2791.8595593535074,10089.460271618329
vid_000146_frame0000009.jpg,97.38994341563786,121.20983378092448,48.0554975561295,47.074050373898885,2711.327597949472,9491.841268002987
vid_000146_frame0000010.jpg,91.23708847736626,115.53988138834636,45.86932742605805,46.12682612745756,2786.562524817042,9780.838179077953
vid_000146_frame0000011.jpg,89.64408693415638,114.33188883463542,44.84606318271791,45.34455300352906,2822.0672469644846,9598.845871444792
vid_000146_frame0000012.jpg,91.36396604938271,115.63948567708333,45.039129168833995,45.639369746365894,2775.9614884237826,10034.19716143771
vid_000146_frame0000013.jpg,92.98286265432098,117.03834025065105,45.07788854908683,45.57403036164441,2707.2502221478594,9787.331886140397
vid_000146_frame0000014.jpg,94.70795781893004,118.75229390462239,48.23553211142482,49.28150262712556,2564.1833627855412,9991.123787838733
vid_000146_frame0000015.jpg,95.07383230452675,118.59693400065105,48.80477909355861,49.95607326585294,2572.079056461417,10837.318250513636
vid_000146_frame0000016.jpg,92.86007458847736,116.47991434733073,48.15392187527144,49.463335872860156,2534.9610077645725,10529.39531713142
vid_000146_frame0000017.jpg,88.74511059670782,113.55413309733073,45.867704710443434,48.115679893762525,2456.265754968754,10436.24529172387
vid_000146_frame0000018.jpg,86.30242283950618,111.79100036621094,44.44252381607276,47.33191788017787,2676.2051606043287,10514.156041017734
vid_000146_frame0000019.jpg,87.33621399176955,112.38954671223958,44.021688973384855,46.28043373977317,2616.088269990224,9734.673839933937
vid_000146_frame0000020.jpg,86.31049125514403,111.75539652506511,42.86048410543791,45.81481499051354,2611.4380879286696,9956.782753554871
vid_000146_frame0000021.jpg,84.8315200617284,110.2868143717448,41.865164243852206,44.543756498174176,2587.7597358309877,9472.786957151257
vid_000146_frame0000022.jpg,83.49296039094651,109.31847127278645,41.2565726380034,44.111579863643954,2430.429442835446,9596.242116940906
vid_000146_frame0000023.jpg,84.13188271604939,109.70878092447917,40.38405823364392,43.4604986304335,2419.2467239652397,9480.501397670945
vid_000146_frame0000024.jpg,82.90295010288065,109.08398946126302,39.85525705549325,43.183543402867755,2559.7894966063072,9764.614384589484
vid_000146_frame0000025.jpg,82.37320216049383,108.61851501464844,39.04663874664217,42.7177744075447,2432.1727339389477,9462.310013625538
vid_000146_frame0000026.jpg,81.04279320987655,107.61380513509114,38.314931573714055,42.354387406009806,2448.170393844248,9515.133904508315
vid_000146_frame0000027.jpg,83.54202160493827,109.74277242024739,39.52989607592203,42.77240784467557,2485.503461338247,9423.632159288973
vid_000146_frame0000028.jpg,86.76439814814815,112.31383260091145,41.52321566663965,44.188200526149856,2418.490684704123,9594.422854363918
vid_000146_frame0000029.jpg,91.5458822016461,116.4358622233073,44.32163801654518,45.93476395038547,2320.5800690271467,9125.879838711582
vid_000146_frame0000030.jpg,93.77025462962963,118.54803975423177,46.481164184622116,47.789259305569715,2313.1353750797803,9355.930645193905
vid_000146_frame0000031.jpg,96.64262088477366,120.72348022460938,48.97088513986644,49.781200687855,2345.565428159234,9750.212322326144
vid_000147_frame0000001.jpg,95.12216820987655,113.5849609375,56.81427367067936,58.78276565168769,3472.061493484225,18660.985158396652
vid_000147_frame0000002.jpg,95.35496141975308,113.5878397623698,56.760428764069616,58.71752434701605,3430.4262145345124,18330.066842701286
vid_000147_frame0000003.jpg,95.89497170781893,113.17209370930989,57.03679305284717,59.11591191129381,3437.36970562319,18778.433367026737
vid_000147_frame0000004.jpg,93.7541255144033,111.73308817545573,57.23842514628651,59.350628661701485,3429.951832075844,18662.024059232324
vid_000147_frame0000005.jpg,90.68529320987655,107.67326354980469,57.71776836243005,59.91572458051337,3440.833245701637,19669.066013276577
vid_000147_frame0000006.jpg,88.32803755144033,106.23417663574219,57.7474914559175,59.36442422575293,3231.3271317708336,17752.8528060948
vid_000147_frame0000007.jpg,89.52182613168725,106.36388651529948,58.41675069082751,59.49470224883789,3157.114832781719,17815.193668312393
vid_000147_frame0000008.jpg,90.20967592592592,107.17099507649739,58.492292693350684,60.08561440421431,3258.2898673030027,18551.35237557348
vid_000147_frame0000009.jpg,91.91052983539095,108.3418477376302,59.13218356318095,60.539371192167394,3037.8457126390795,18586.058109428734
vid_000147_frame0000010.jpg,92.48557098765433,108.8692118326823,59.62409460134334,61.461926464350235,3471.521589817613,20873.589338064194
vid_000147_frame0000011.jpg,92.49312242798354,107.91022237141927,59.87746531797054,61.837188751384446,3374.8165783078393,20728.184823805233
vid_000147_frame0000012.jpg,90.1207767489712,106.22310892740886,60.76084347004162,62.44951225466567,3618.7088323640046,21719.645674612373
vid_000147_frame0000013.jpg,88.04040380658437,104.10343424479167,61.32058963102868,62.65419328183157,3462.5990813497847,20708.194957000902
vid_000147_frame0000014.jpg,86.01073045267489,102.3661397298177,60.984637587581524,62.372997878786066,3398.3852196606845,20462.19965798012
vid_000147_frame0000015.jpg,86.86765689300411,103.71834818522136,60.14887602654569,61.798971488597815,3374.8632082990403,20068.234542323044
vid_000147_frame0000016.jpg,88.48377314814815,105.67927551269531,59.666477119344925,61.518358300424026,3346.550087319423,19802.109123542672
vid_000147_frame0000017.jpg,90.29431841563786,107.00126139322917,59.50689134819059,61.728138694811975,3466.14019747222,20454.333613786614
vid_000147_frame0000018.jpg,90.22444958847737,106.7835693359375,60.75900391331815,62.297466618951674,3622.827076215278,21116.73776602745
vid_000147_frame0000019.jpg,91.07595164609053,107.53549194335938,60.59231990398995,62.33877350717808,3522.717684147805,21215.0466521224
vid_000147_frame0000020.jpg,91.76474794238683,108.39341735839844,60.172406031516246,61.94622778444657,3648.6987386830683,21214.022449627286
vid_000147_frame0000021.jpg,92.1004475308642,108.09474182128906,60.02700204998046,62.01741128908351,3503.6547795343695,20596.75087583228
vid_000147_frame0000022.jpg,89.76585905349795,106.27013142903645,60.632357158546405,62.441457906471534,3582.6314362054186,21557.282874738565
vid_000148_frame0000012.jpg,57.96201388888889,87.29966227213542,24.81533736060815,43.18722400700828,433.32761164641204,12658.47438250482
vid_000148_frame0000013.jpg,57.50586612654321,86.59563700358073,24.57083070963208,42.04612788841856,434.22003616144633,12005.552785336971
vid_000148_frame0000014.jpg,57.419315200617284,87.23580423990886,25.15940849149997,42.5539236743543,437.26297873233744,11877.535898998147
vid_000148_frame0000015.jpg,56.03445408950617,83.53389994303386,22.690639709605996,36.39545186849355,400.7359226811329,8912.304503156804
vid_000148_frame0000016.jpg,60.469793595679015,88.32968139648438,24.966070378312768,38.81981099626241,397.5201491121185,9214.766525268555
vid_000148_frame0000017.jpg,64.47010030864197,92.24069722493489,27.909195053036854,44.451299785250235,392.4758844902048,12486.708300693892
vid_000148_frame0000018.jpg,64.13307677469136,92.12099711100261,27.697098614615157,44.324582946256925,406.60185791347175,13018.595267815283
vid_000148_frame0000019.jpg,64.55405285493828,92.46509806315105,27.98916427324687,44.234315581939214,393.86941006298093,12762.437866400694
vid_000148_frame0000020.jpg,64.46916280864197,92.1073506673177,27.872956003668573,45.0679396314202,412.80101562094774,13921.146875174483
vid_000148_frame0000021.jpg,65.21577739197531,92.66788736979167,28.058677575077805,45.82688362972738,406.1472601080247,13772.945130533539
vid_000148_frame0000022.jpg,65.75800733024691,93.18231709798177,28.820137584086705,46.96474654274647,418.5315871526439,15290.144990629517
vid_000148_frame0000023.jpg,80.81499614197531,104.31855773925781,32.24123107349104,47.072510182218934,415.6431975763768,14319.847138758749
vid_000148_frame0000024.jpg,80.04371720679012,103.36557006835938,29.084873216056867,42.220110432101166,402.94720180814767,11598.925133853918
vid_000148_frame0000025.jpg,81.59197916666666,104.79078674316406,29.01474236316429,39.41760890000264,422.96556757166144,9718.87407675176
vid_000148_frame0000026.jpg,72.9689525462963,98.75919087727864,22.242761137401423,27.63164143695763,382.28993001271937,7683.338169451803
vid_000148_frame0000027.jpg,74.65807677469135,100.05330403645833,22.644531849656182,27.71735772799934,371.5272477880323,7981.179351169383
vid_000148_frame0000028.jpg,74.83693479938272,100.05733235677083,22.544700821393707,28.46406652319156,390.8638396262002,8551.756418764358
vid_000148_frame0000029.jpg,75.33943479938272,101.56833902994792,22.795923710124846,26.77664747271206,383.613340526406,7996.125066943234
vid_000148_frame0000030.jpg,76.24029320987654,100.33179728190105,23.365867660306694,32.087590467282126,396.4390465555073,9327.191398586845
vid_000148_frame0000031.jpg,75.52421296296296,100.78643798828125,22.89265156163759,29.0663007285842,391.39090393464943,8954.953177257441
vid_000148_frame0000032.jpg,76.2148476080247,101.15469868977864,23.189896340432774,29.824894498810647,379.4332525450906,8762.507252266398
vid_000148_frame0000033.jpg,75.57579282407407,100.76612854003906,22.60789664668797,29.362183748051564,383.69371569703657,8924.339685230516
vid_000148_frame0000034.jpg,77.1434124228395,102.22677103678386,24.189501305033854,32.42953069231644,386.81182947477276,8769.733937694691
vid_000148_frame0000035.jpg,76.87000578703703,101.50595601399739,22.901082109082573,28.429282186148267,388.98371489167386,8092.2159141802695
vid_000148_frame0000036.jpg,77.63409529320988,102.49702962239583,23.365652978920817,29.23138550680689,378.76459531678665,8455.154098272324
vid_000148_frame0000037.jpg,77.2693287037037,102.49630737304688,23.073213382273593,28.956097339175532,381.43094466115696,8540.905800691806
vid_000148_frame0000038.jpg,76.65518904320987,101.76349385579427,22.90078157535463,29.82290646507173,393.92031750886804,9100.133176489733
vid_000148_frame0000039.jpg,76.60239776234567,101.72296142578125,22.798913991776875,29.111660393536972,373.6626610716936,8542.176935127936
vid_000148_frame0000040.jpg,74.93068287037038,100.12572733561198,22.918971397501473,30.764567175165915,391.6672202722789,9434.2587890625
vid_000148_frame0000041.jpg,75.88115354938272,100.98832702636719,22.979991375272434,30.986515862485227,385.0838154095601,9547.989772505127
vid_000148_frame0000042.jpg,78.76530671296297,103.44659932454427,22.566045856987476,26.853308468634008,406.1131487482518,8453.774098420283
vid_000148_frame0000043.jpg,78.67101658950617,102.97820536295573,22.47983383506292,27.289028168851516,393.9716577529887,8573.389432355529
vid_000148_frame0000044.jpg,79.33474729938271,103.87783304850261,23.032548146192315,28.671550601309004,405.2150437135296,9183.703752564033
vid_000148_frame0000045.jpg,78.52067322530864,102.79698689778645,23.718135969176064,28.25082179627178,369.5011070596493,7673.599658192834
vid_000148_frame0000046.jpg,78.22195987654321,103.42493184407552,23.80352806454072,31.694230573615073,388.818102253696,8957.484121050686
vid_000148_frame0000047.jpg,79.47298418209877,104.03199768066406,25.201705650142955,32.20851417764517,366.5427876430349,7557.967069498263
vid_000148_frame0000048.jpg,89.39411651234568,110.52426147460938,31.728857244647806,43.252245792758295,472.97501900475686,11211.986012205249
vid_000148_frame0000050.jpg,80.84748842592593,104.28702290852864,30.901398287872016,37.86981937981842,410.87083341287166,8796.04606933496
vid_000148_frame0000051.jpg,88.76504436728395,111.61404418945312,34.19315530247138,42.791273922226765,436.9222549403815,9001.307202756172
vid_000148_frame0000052.jpg,83.70029899691357,107.52494812011719,32.9152724140271,43.78182968518834,439.16276449759937,9328.404598600231
vid_000148_frame0000053.jpg,80.59467206790123,104.64052836100261,30.2221625332671,42.1388272551641,396.1370456436136,9696.353753194213
vid_000148_frame0000054.jpg,77.26103395061729,101.76440938313802,27.89595455004375,41.36765267423044,405.6195958713777,11424.96718594036
vid_000148_frame0000055.jpg,77.6534799382716,102.37527465820312,28.50558365686317,42.091286378334814,428.1438069010416,12172.420397958718
vid_000148_frame0000056.jpg,78.41867283950617,103.32031758626302,28.446872361621725,42.33503417511847,432.44081874112527,12504.767283618217
vid_000148_frame0000057.jpg,78.90114004629629,103.211669921875,28.799905107380503,43.412405231936965,440.2843141155478,13240.559090759605
vid_000148_frame0000058.jpg,79.12780478395062,103.44968668619792,28.55816110376432,42.859908806974836,436.5053354118442,13452.29264678713
vid_000148_frame0000059.jpg,78.53785493827161,103.1019795735677,27.995917055663654,41.855110284227614,417.5914785717539,12572.72965012095
vid_000148_frame0000060.jpg,77.89260416666667,102.76450602213542,28.209175778094387,41.00082053185775,415.51056294996897,11017.50560349878
vid_000148_frame0000061.jpg,78.66024691358025,102.89742533365886,28.574840614476532,42.37986383132121,428.4945688649035,12659.582132101059
vid_000148_frame0000062.jpg,78.45237461419752,102.92835489908855,28.29634282582211,42.677299851836665,418.27891460232206,13114.031490325928
vid_000148_frame0000063.jpg,78.65284722222222,102.87562561035156,28.46917981704169,43.40754466264799,446.8257982762132,13626.880754986545
vid_000148_frame0000064.jpg,78.93695023148148,103.0418192545573,28.448498796148584,43.394099397953326,437.4591437588078,14111.358842879301
vid_000148_frame0000065.jpg,78.72067708333333,102.86716206868489,28.232544958518496,42.89740381642925,441.1772631437744,13565.761907137698
vid_000148_frame0000066.jpg,78.33659529320988,102.63064575195312,28.652163043127253,41.84417435602124,426.09396853268476,12184.171597935027
vid_000148_frame0000067.jpg,77.84004436728395,102.14982096354167,27.66798521926941,41.45482783736882,430.2878981802648,12584.662583283149
vid_000148_frame0000068.jpg,77.99761959876543,102.642578125,27.68587495100752,40.86254016294282,420.69019060969515,11879.983128054999
vid_000148_frame0000069.jpg,76.9448398919753,102.33183288574219,27.5180741564367,41.15311244107738,438.38129515734175,12594.963336706161
vid_000148_frame0000070.jpg,77.44160686728395,102.0385030110677,27.861274937948863,41.3254634296385,426.33402836599265,12176.018177980324
vid_000148_frame0000071.jpg,76.99510223765432,101.95264689127605,27.77792960252194,42.313150143686805,446.5090506485969,13572.152732785791
vid_000148_frame0000072.jpg,77.74561149691358,102.42011006673177,27.893932130195303,42.0687149795838,432.1161694315509,12748.360517581692
vid_000148_frame0000073.jpg,77.64117669753087,102.11211649576823,28.26804862381022,43.06223492979508,455.31553968055414,14310.814871163806
vid_000148_frame0000074.jpg,77.88212577160493,102.72491455078125,28.288125329873417,41.687572002423174,431.665442652037,12635.206358178519
vid_000148_frame0000075.jpg,78.0652700617284,102.65763854980469,28.53973119695332,42.838027497493705,449.8045823203005,13498.99490636494
vid_000148_frame0000076.jpg,78.35321759259259,102.87034606933594,28.555868764260453,41.855020400245216,419.91339883505736,11865.214155897265
vid_000148_frame0000077.jpg,78.0391512345679,102.36920166015625,28.393735635764294,43.333842566401664,459.34768095070166,14321.364952883683
vid_000148_frame0000078.jpg,77.41681905864198,101.81677754720052,27.902615353857346,42.10961504994863,437.1266759885854,13309.227031595074
vid_000148_frame0000079.jpg,77.06531828703703,102.21488952636719,28.126731402724495,42.51011221061526,452.46131886091825,13776.062912907451
vid_000148_frame0000080.jpg,76.93564429012346,102.10328674316406,27.881724641613445,42.86328994535425,443.37576658063136,14106.4898934206
vid_000148_frame0000081.jpg,76.85634066358024,101.60033162434895,27.766127774293498,43.2442653056289,461.0111356818724,15058.463618530892
vid_000148_frame0000082.jpg,77.85053240740741,102.52717590332031,27.914558607978574,42.83100369021901,454.8690988231685,13896.905915668001
vid_000148_frame0000083.jpg,77.77335841049383,102.13086446126302,28.24484454805177,43.82805652964355,472.66637592110345,15253.140003718203
vid_000148_frame0000084.jpg,77.74129050925926,102.54646809895833,27.97264082277571,42.98345637698606,450.0089690066658,14056.320660270518
vid_000148_frame0000085.jpg,78.35897183641976,102.80181376139323,28.624756979533018,44.874254575651285,478.8847392746914,16259.5590301638
vid_000148_frame0000086.jpg,78.48916280864198,102.72085571289062,28.75586819864343,44.36087507664024,451.8503985809703,14928.621991104446
vid_000148_frame0000087.jpg,78.54144097222222,102.7300516764323,29.196910567013198,46.263471013501096,501.49975182984906,17426.856424536556
vid_000148_frame0000088.jpg,79.34977237654321,103.60784403483073,29.621759751860676,46.099319235790716,487.8094900843406,16782.356356605887
vid_000148_frame0000100.jpg,54.100584490740744,83.5230000813802,39.53344629805983,60.42855854001046,505.2003316478253,26945.013048633933
vid_000149_frame0000001.jpg,70.91338348765431,99.67291259765625,23.658155940123407,38.62104796326865,436.208809612878,12995.574054833502
vid_000149_frame0000002.jpg,71.23133101851852,99.62344868977864,23.58283062551489,37.6519267930811,400.6475485334148,11441.091837551212
vid_000149_frame0000003.jpg,73.32547067901234,100.93361918131511,23.93033691479545,37.48724003450967,392.5307096320677,11276.268783783307
vid_000149_frame0000004.jpg,74.8684413580247,102.57046000162761,23.97759892470662,37.964029381023934,416.7721934794024,11789.519467852078
vid_000149_frame0000005.jpg,75.29193672839506,103.51741027832031,23.737881504401027,37.469951638893406,406.1567860060871,11301.565852783388
vid_000149_frame0000006.jpg,74.19616898148148,102.4578145345052,23.552156823381882,37.6627491928923,415.8752727557817,11598.1728271842
vid_000149_frame0000007.jpg,72.10864969135802,100.24707539876302,23.30699052059883,37.15510469234981,410.44573287730276,11348.639657979598
vid_000149_frame0000008.jpg,71.92159915123457,100.05002339680989,23.686915102159524,37.52190393682351,416.2593914918499,11681.44152377895
vid_000149_frame0000009.jpg,73.09759259259259,100.67702738444011,23.96999782857563,35.74311250524106,388.93571747202935,10121.709287962876
vid_000149_frame0000010.jpg,73.02752893518519,100.66860961914062,24.34395776328424,37.31209654494821,420.77725103684406,11774.357479438186
vid_000149_frame0000011.jpg,73.34520447530865,100.78649393717448,24.198607574849937,36.22982757575067,414.3728997636624,10894.877853926271
vid_000149_frame0000012.jpg,72.95288194444444,99.97157796223958,24.075975547455606,36.9097762046342,440.67165665907794,11837.494206430158
vid_000149_frame0000013.jpg,72.61385030864197,99.63216145833333,23.835644092638358,35.78752716249368,423.0597568607199,11112.07293042168
vid_000149_frame0000014.jpg,71.79516010802469,99.25002034505208,23.924961510698584,36.421326176951155,440.55781736419215,11713.785722455941
vid_000149_frame0000015.jpg,72.60884645061728,99.33794657389323,24.0895952639527,36.049802650746784,426.9663657341768,11339.576011372497
vid_000149_frame0000016.jpg,72.54066550925926,99.44270324707031,24.27764050663579,36.47880883497915,437.2542453221116,11912.02272339072
vid_000149_frame0000017.jpg,72.46182291666666,99.47753397623698,24.331896458295674,36.1088816281532,430.5545005967882,11425.179080210393
vid_000149_frame0000018.jpg,73.11155478395062,100.16409301757812,24.453491649100886,36.60510255241553,443.37286313443065,12026.50634765625
vid_000149_frame0000019.jpg,75.09283179012345,101.99525960286458,24.602050414011376,35.922419672079364,406.36745880671157,10724.558903494617
vid_000149_frame0000020.jpg,76.78610146604939,103.55107116699219,24.772484676175928,36.887767116564916,435.08550035150887,11972.777376837097
vid_000149_frame0000021.jpg,78.95970679012346,105.22074381510417,25.0267343303354,37.016398170439196,418.3806618007329,11530.830024262657
vid_000149_frame0000022.jpg,78.39714699074074,105.53501383463542,25.072181828866047,37.49425241901846,429.7425966287495,12265.53712759912
vid_000149_frame0000023.jpg,77.87401041666666,104.62468973795573,24.599108883756166,36.79560477166897,409.2139706597222,11436.15000267676
vid_000149_frame0000024.jpg,77.54472800925926,105.216552734375,24.44914596878015,37.409567340603544,422.603505521262,11785.677976123756
vid_000149_frame0000025.jpg,77.91825231481481,105.22904968261719,24.29612696872002,37.12335319287486,402.6497062901543,11404.781007707119
vid_000150_frame0000001.jpg,83.4524787808642,114.50587972005208,39.06293901765067,63.607171367420825,923.2225225646217,34124.248793866485
vid_000150_frame0000002.jpg,83.64457947530865,114.11312357584636,38.94931089246049,63.10725150373045,878.9214515516492,32683.05056117475
vid_000150_frame0000003.jpg,83.68492283950617,114.14858500162761,39.07625766512615,63.15286900222197,874.5270320213036,32272.32849041163
vid_000150_frame0000004.jpg,83.51733217592593,113.77570088704427,39.253151566836145,63.24456239562919,871.0938012312189,32318.11839587777
vid_000150_frame0000005.jpg,83.5586824845679,113.27467346191406,39.305168500747804,62.6455456119191,800.5584151676297,30587.312522159657
vid_000150_frame0000006.jpg,83.20487268518518,113.74327596028645,39.211739906219265,62.51658585716941,766.2861557119865,30126.432176645845
vid_000150_frame0000007.jpg,83.43711033950618,113.48586018880208,39.432747524082195,62.7209347262166,778.7744796003929,30382.542955657234
vid_000150_frame0000008.jpg,83.36251736111112,113.61438496907552,39.829090542746215,63.47797256432366,836.1869587705428,32398.82258696272
vid_000150_frame0000009.jpg,81.68974922839506,112.4307352701823,39.581108639417685,62.48488028186707,780.5312055297015,30576.238384708762
vid_000150_frame0000010.jpg,81.2243074845679,112.14442443847656,40.000166287785795,63.31300772322227,825.0512496664082,32525.471447556978
vid_000150_frame0000011.jpg,81.42771026234568,112.11619059244792,40.09909424251841,62.4210997643517,767.714318170459,30432.623959241202
vid_000150_frame0000012.jpg,81.29882908950617,112.23369852701823,40.33926820835696,62.71904702504586,819.4722398564761,31674.101309951395
vid_000150_frame0000013.jpg,80.63401620370371,111.76478576660156,40.24281057250386,62.49541078194298,790.9744274047014,31601.73725854978
vid_000150_frame0000014.jpg,79.64891589506173,111.58204142252605,40.24057985364317,63.270061007338285,825.2800362588681,32992.9035560058
vid_000150_frame0000015.jpg,79.70331597222223,111.43186950683594,40.0636172033668,62.50149564421555,793.6780018795816,31380.991775742732
vid_000150_frame0000016.jpg,79.53502893518518,111.12917073567708,39.833212844365995,61.9074930621913,740.9388640922056,29885.97209669999
vid_000150_frame0000017.jpg,79.59416280864197,111.36942545572917,39.95264851464299,62.5299461904823,800.6000293638547,31484.16869727429
vid_000150_frame0000018.jpg,79.13382137345678,111.26597086588542,40.059318848919396,63.04000431487918,843.6593016963252,32366.7331376886
vid_000150_frame0000019.jpg,79.05300925925926,111.14812723795573,39.78577029479926,61.99404464711444,734.4006459643119,30251.621007747017
vid_000150_frame0000020.jpg,78.9889274691358,110.77545166015625,39.970669185616266,62.91198850398464,818.2025325713399,32326.827868713997
vid_000150_frame0000021.jpg,79.29565586419753,110.61771138509114,39.90932482491198,62.5188526988185,783.0472659459662,30859.183140083915
vid_000150_frame0000022.jpg,78.96651041666667,110.9491475423177,39.94013966110315,63.0854502680943,828.9654110240041,32356.16721849679
vid_000150_frame0000023.jpg,79.25517168209876,110.50611368815105,39.76659527781849,60.94513968918396,671.596112549297,27585.33224799391
vid_000150_frame0000024.jpg,76.53042052469135,107.17350260416667,40.34499382515967,60.35631620129967,705.4792628142347,26078.4297982445
vid_000150_frame0000025.jpg,80.2441300154321,109.88136291503906,45.03430106968407,63.794747789533254,618.9675263668861,28167.5300638841
vid_000150_frame0000026.jpg,70.52889853395062,102.87879943847656,45.90107937417422,64.6019867469219,617.5257408045053,24577.90098209842
vid_000150_frame0000027.jpg,66.03700617283951,99.06813557942708,46.06575195552936,68.02617071554558,922.5620091820988,34218.819390043616
vid_000150_frame0000028.jpg,67.18117283950617,99.2407735188802,48.07660353618031,66.79468016401843,857.8605494886779,28400.873911104864
vid_000150_frame0000029.jpg,68.10872106481482,99.01517232259114,51.15461138317851,68.08110638805972,1047.0928976550442,30263.122595801717
vid_000150_frame0000030.jpg,69.29083526234568,100.61570231119792,53.46316225661104,70.36826629689537,1176.183549691358,34578.79947229847
vid_000150_frame0000031.jpg,69.36142554012346,99.17808532714844,56.158491018519136,70.30953023598295,1115.5499083903665,30722.599717404693
vid_000150_frame0000032.jpg,63.73775848765432,95.52381388346355,51.91376387676168,68.32940252532555,1036.1455941352665,31120.41205528006
vid_000150_frame0000033.jpg,62.148144290123454,95.13650512695312,50.802341319236625,67.8339228052395,1041.9127840671283,31329.086543846643
vid_000150_frame0000034.jpg,63.533175154320986,95.35786946614583,53.392948587081385,69.00171538738425,1054.1237839479047,32162.297904118896
vid_000150_frame0000035.jpg,65.95844328703704,96.67014058430989,54.43588789309274,69.33209183244011,1078.816104286694,30631.955048661446
vid_000150_frame0000036.jpg,66.14882330246914,96.795654296875,54.54420795727417,68.27341813812056,1042.340169971574,28216.38065123558
vid_000150_frame0000037.jpg,66.27816358024691,97.78947448730469,53.76218033845769,68.90359599962402,1015.9905900634432,29939.573256065836
vid_000150_frame0000038.jpg,65.54100308641975,98.03250630696614,52.3670554840929,68.85132157250459,978.8156272705747,31130.01181565225
vid_000150_frame0000039.jpg,65.2660474537037,98.46886189778645,48.98284134413145,67.5964124827089,894.6472181048525,30223.215814258903
vid_000150_frame0000040.jpg,65.23342592592593,98.80821228027344,48.34500273392565,68.536242594505,962.5745614146293,33138.14216042473
vid_000150_frame0000041.jpg,65.65137731481481,98.97209167480469,48.48679307456282,68.75054020957786,977.0826694873114,33502.19225668907
vid_000150_frame0000042.jpg,65.75589313271605,99.15020751953125,48.606528603381,68.48395827827741,985.202119190324,32992.53424692806
vid_000150_frame0000043.jpg,65.71623842592592,99.20316060384114,48.76408755190968,68.72375046925472,964.1227056700907,33185.52627334162
vid_000150_frame0000044.jpg,66.13374035493827,99.02810160319011,48.59613365789357,68.62897512789267,928.3463170390731,32976.98803479131
vid_000150_frame0000045.jpg,66.50852430555555,99.79947916666667,48.675815158542136,68.38544825184914,911.9564659957991,31777.171617483487
vid_000150_frame0000046.jpg,67.26865354938272,99.48495483398438,50.20507597817284,67.7600321267542,915.5160738570268,29438.595686121844
vid_000150_frame0000047.jpg,68.17720679012346,99.49540201822917,52.28057029742411,69.58368691640806,1004.4008041838135,32422.067778555444
vid_000150_frame0000048.jpg,68.85599537037037,99.69434102376302,53.5404648547636,69.45820493203294,977.2717197702332,31666.15373622789
vid_000150_frame0000049.jpg,67.75778163580247,98.68766276041667,52.91424629214027,68.26712987445072,831.7859540461035,29587.496999131283
vid_000150_frame0000050.jpg,67.06856095679012,97.79015096028645,53.361261661944084,68.83722147018064,925.244889616254,30046.603777764132
vid_000150_frame0000051.jpg,66.35987461419754,98.42798360188802,51.78954576778062,69.3742300480387,977.3153107590665,32316.274691454135
vid_000150_frame0000052.jpg,65.4754263117284,97.83555094401042,50.81207450423539,69.14189967020054,986.6630042060171,32559.903049454093
vid_000150_frame0000053.jpg,66.17184220679012,98.56520080566406,51.35184999245831,69.33356547405575,1044.7544590116693,33207.06675841077
vid_000150_frame0000054.jpg,65.86685956790123,98.03923034667969,51.504020703488194,69.18787170204949,1005.8175970252686,32113.793013112387
vid_000150_frame0000055.jpg,65.80368827160494,97.82215881347656,51.328191363816856,69.52119363368472,1053.5322627550584,33419.653421718394
vid_000151_frame0000001.jpg,83.06901427469136,118.17616271972656,30.73524682083932,59.229597164580944,762.3154830045639,36415.10938167572
vid_000151_frame0000002.jpg,83.57828510802469,118.59039815266927,30.397119066156723,57.38090186049479,629.6916757013768,30984.508238225244
vid_000151_frame0000003.jpg,83.00210841049383,117.45677185058594,30.204275994942822,58.24290248886768,669.297371469874,31986.419126734138
vid_000151_frame0000004.jpg,80.58233024691359,114.83681742350261,32.42617386962322,61.28161791601201,830.1628973909775,36880.59469696111
vid_000151_frame0000005.jpg,80.6826099537037,114.87488810221355,32.59138130067963,62.70320435214379,950.5215233696831,41029.24974065181
vid_000151_frame0000006.jpg,80.3501601080247,114.70255533854167,32.18653264418087,61.31809280655372,854.0738437145009,37464.23333994951
vid_000151_frame0000007.jpg,80.16963927469136,114.48351033528645,32.360444102345845,62.66471956652622,945.1628435008024,41493.96291887364
vid_000151_frame0000008.jpg,80.17096836419753,114.55201721191406,32.34396520844133,62.694179231871054,934.2932489449375,40872.22951272293
vid_000151_frame0000009.jpg,80.23701967592592,114.76540120442708,32.12247060211462,61.94392489967099,912.4187898657195,39744.382087647915
vid_000151_frame0000010.jpg,80.21323688271605,114.90882873535156,32.31950533491467,63.0478662678892,976.747764909122,42626.68010925874
vid_000151_frame0000011.jpg,80.60388503086419,114.92484537760417,32.322813872479145,62.769779143492585,953.6171569089452,41423.90072026267
vid_000151_frame0000012.jpg,76.91953703703703,112.1514383951823,33.30626730221585,61.947929628651806,791.8731454279392,36244.721430525184
vid_000151_frame0000013.jpg,74.48942708333334,107.23412068684895,31.650306447873415,57.43735890942687,511.55914079830967,24305.952294856077
vid_000151_frame0000014.jpg,76.1915374228395,107.45470682779948,32.77069052012258,59.90385357298632,661.1718175528067,30787.33053535223
vid_000151_frame0000015.jpg,78.12220100308642,108.5286356608073,33.24651760773431,60.596044332038176,696.0892227622116,32339.980575746857
vid_000151_frame0000016.jpg,79.17919560185184,109.68062337239583,33.91715893447264,60.1748002928571,641.6243813645351,29933.597237178823
vid_000151_frame0000017.jpg,79.45705439814814,109.31222534179688,33.58267035641856,59.81956918958876,679.9622865321448,29732.147930787643
vid_000151_frame0000018.jpg,79.4634837962963,109.82924397786458,33.850834130798276,60.592342780886746,708.6291193414298,30786.30838523968
vid_000151_frame0000019.jpg,79.39384259259259,109.32699584960938,33.749906548383294,60.09382132663487,732.6154624464162,30882.84317321237
vid_000151_frame0000020.jpg,79.47212577160494,109.34408569335938,34.009958010275824,60.19293357812612,733.153824167812,30813.244357527932
vid_000151_frame0000021.jpg,79.05031442901235,108.42210896809895,32.46627573180235,55.56382546441303,439.9354378858025,21487.46461410052
vid_000151_frame0000022.jpg,75.54896412037037,104.80950927734375,33.54683101327806,54.49158404597236,470.8255481333791,22553.990279778838
vid_000151_frame0000023.jpg,78.93315007716049,108.02705891927083,32.445194302476764,54.392515720744385,476.87219772363153,22616.76539212372
vid_000151_frame0000024.jpg,81.4372337962963,110.73809814453125,33.38875634660279,56.589017803656525,561.6286172062543,24908.295920043252
vid_000151_frame0000025.jpg,81.27710069444444,110.65203348795573,33.68852121617861,58.102542668227535,626.7660121680157,28603.766482940875
vid_000151_frame0000026.jpg,81.34372492283951,110.92245483398438,33.54569120343636,57.549479273300875,577.8963632447796,26779.755626644706
vid_000151_frame0000027.jpg,83.48106288580247,113.28908793131511,33.713810618447894,57.8676447351738,529.7880401829011,23986.95635245531
vid_000151_frame0000028.jpg,84.39212770061728,115.53836568196614,33.58449708698262,58.302926991835776,648.2986359437962,27860.75078473217
vid_000151_frame0000029.jpg,85.30363233024691,116.68320719401042,32.93574184640212,58.91069240944185,672.417939248134,29433.605859070085
vid_000151_frame0000030.jpg,82.75637924382715,115.37835184733073,32.893818470999804,61.14339367547966,816.6146848714193,35832.47822716064
vid_000151_frame0000031.jpg,82.59901234567901,115.3049825032552,32.8487351041755,61.05858157297226,821.9404266069744,35492.084077873966
vid_000152_frame0000001.jpg,45.970538194444444,66.52789306640625,47.12700402274073,55.767187780658034,1066.9068974182046,20581.65706516709
vid_000152_frame0000002.jpg,46.041361882716046,66.66691080729167,47.065634479064244,55.666268352444064,1059.633112263696,20464.821192053845
vid_000152_frame0000003.jpg,46.10482060185185,66.1842753092448,47.17121520473505,55.74422944796863,1061.1525116075304,20695.578889068216
vid_000152_frame0000004.jpg,45.85236304012346,65.96081034342448,47.21777874529685,55.647382142754175,995.0909599172335,20065.32571130898
vid_000152_frame0000005.jpg,46.44650655864198,66.47021993001302,47.4078502790557,55.676626398154944,1034.637343988414,20292.020986772142
vid_000152_frame0000006.jpg,46.50245563271605,66.89081319173177,47.25167384017484,55.39227053556278,1038.14910059143,20617.85849983897
vid_000152_frame0000007.jpg,47.62280092592592,67.55671691894531,47.03374196144247,55.32945223527835,1044.505238222174,21050.333331427537
vid_000152_frame0000008.jpg,48.655775462962964,68.93694559733073,46.709856884249966,55.06524604312975,1055.9391900714804,21127.14070407208
vid_000152_frame0000009.jpg,49.588362268518516,70.62574259440105,46.128470134227484,53.80885456264213,957.246618116507,19836.663075073622
vid_000152_frame0000010.jpg,51.831315586419755,72.84089660644531,46.16870585696427,54.81044281851221,1064.7315384430728,21220.972206935287
vid_000152_frame0000011.jpg,54.748827160493825,76.08163452148438,46.55184819514374,54.85046773418088,1048.1340266191648,21783.901936586946
vid_000152_frame0000012.jpg,56.208319830246914,78.46595255533855,45.39931629841751,54.351419793126595,1041.3422415082935,22035.564895286225
vid_000152_frame0000013.jpg,56.93906828703704,80.13462829589844,44.52241585754759,53.132832101301375,994.8355116142284,20729.144120331854
vid_000152_frame0000014.jpg,54.98074459876543,79.17049662272136,42.899519673070245,51.69185586100668,927.872875313431,20350.104319512844
vid_000152_frame0000015.jpg,55.257033179012346,79.39697265625,42.18284899732718,51.52902989012962,877.1573134752228,20313.40596471727
vid_000152_frame0000016.jpg,55.03735532407408,79.33296203613281,41.78806868522251,51.4911542934349,943.4154950808846,20084.310300890123
vid_000152_frame0000017.jpg,55.08816550925926,79.87428283691406,41.81799365992019,51.260628326653176,970.8893561728395,20322.08000289998
vid_000152_frame0000018.jpg,54.155202546296294,78.86304728190105,41.93880498946429,51.5871890077176,995.4898397215455,20321.379010043107
vid_000152_frame0000019.jpg,53.42320601851852,78.6614990234375,42.121954061389886,51.81080345909671,966.6852064845626,20502.72215307108
vid_000152_frame0000020.jpg,52.593827160493824,77.0344950358073,42.43427589270292,52.20059570005078,1001.1308521264347,20751.79877974745
vid_000152_frame0000021.jpg,52.11056134259259,76.49373372395833,42.57937051613886,52.21528361794221,992.6350767304514,20501.499682631344
vid_000152_frame0000022.jpg,51.59116319444445,75.88188171386719,42.61238163845819,52.34682146320466,1013.4576476993514,20874.37924528774
vid_000152_frame0000023.jpg,51.18934220679012,75.33868408203125,42.704487860202526,52.24764126915429,1004.9148823044932,20570.45390603668
vid_000152_frame0000024.jpg,50.143927469135804,74.24845886230469,42.84600325304767,52.440619806769604,1006.950030787037,20529.811796119204
vid_000152_frame0000025.jpg,49.47098186728395,73.11737060546875,43.005959685162246,52.519441210831666,890.408984841044,19573.830559051596
vid_000152_frame0000026.jpg,47.30272183641976,71.16620381673177,41.8053567400101,49.10324336851136,772.7980012854723,16853.82255323953
vid_000152_frame0000027.jpg,49.522264660493825,74.43597412109375,36.25797770403263,41.432928834051296,627.0638831981686,12987.128500818973
vid_000152_frame0000028.jpg,50.5069425154321,77.67679341634114,27.72788446314431,34.016578584561636,504.4596835896977,9583.623867897084
vid_000152_frame0000029.jpg,49.92529899691358,78.15180969238281,19.22486114089465,27.80097618091665,402.99025186457794,7477.821353086969
vid_000153_frame0000001.jpg,60.505005787037035,86.17184956868489,33.74349877398604,36.44930413108227,472.75934316376106,8282.811758909142
vid_000153_frame0000002.jpg,60.64285686728395,86.37498474121094,33.19866350596265,35.49470324692705,445.79466359833145,7672.508616840234
vid_000153_frame0000003.jpg,54.09231674382716,81.52909851074219,22.1297445128077,28.56872068169402,376.0413925635235,7306.59454296506
vid_000153_frame0000004.jpg,53.44766975308642,81.43578592936198,21.584743375266758,28.162161800295497,384.8303960342386,7285.560949265724
vid_000153_frame0000005.jpg,53.17766782407407,80.47263590494792,21.604280967785748,28.448785533687,382.2203660766769,7182.238822630607
vid_000153_frame0000006.jpg,53.265464891975306,79.59963989257812,21.520758018492547,28.934446240291205,399.82824847524296,7710.35543545871
vid_000153_frame0000007.jpg,53.365576774691355,80.28889973958333,21.863360338792962,28.697034659565748,393.16928192515434,7525.097113198601
vid_000153_frame0000008.jpg,52.86200038580247,79.64637756347656,22.183422405941602,30.513303546472926,407.74338361612115,8056.038622207008
vid_000153_frame0000009.jpg,53.03433834876543,79.83627319335938,22.746878336188995,30.143971623502374,383.27323246979887,7682.633824810386
vid_000153_frame0000010.jpg,52.160117669753085,78.83329772949219,22.880527667857898,30.063005647111016,403.29085244006666,8043.145774304867
vid_000153_frame0000011.jpg,53.03308256172839,79.6788838704427,24.881644710651113,31.435552530246053,395.40062352309997,7543.534875258803
vid_000153_frame0000012.jpg,52.281032021604936,79.14551289876302,23.140848518454703,29.66283600794738,392.8399590855143,7233.451437238371
vid_000153_frame0000013.jpg,53.518287037037034,82.01971944173177,21.792576668153835,27.97259911425991,393.9755020414042,7521.271560407244
vid_000154_frame0000001.jpg,51.1251813271605,78.03250122070312,20.326469246080922,28.159425032590697,391.75624043196484,7544.723435055232
vid_000154_frame0000002.jpg,51.390908564814815,79.51662190755208,20.348160319295623,28.74707101952776,383.15712437705633,7390.424006339163
vid_000154_frame0000003.jpg,51.318142361111114,78.63913981119792,20.980752743158384,28.700918186163054,401.14352050751114,7507.886933354428
vid_000154_frame0000004.jpg,51.63253665123457,79.40480550130208,19.866003564288576,27.879214148933706,405.2851463862834,7887.36381125357
vid_000154_frame0000005.jpg,53.58591049382716,81.24790445963542,20.315254461401533,27.120640852326332,389.0205710270048,7247.654570573708
vid_000154_frame0000006.jpg,54.0046450617284,81.61570231119792,21.138756333296037,28.38171038528958,406.56506460851773,7927.126736368984
vid_000154_frame0000007.jpg,55.09533757716049,82.61208089192708,21.652366146527605,28.66536066662608,403.13349967836405,7842.462716365
vid_000154_frame0000008.jpg,55.36744598765432,82.46592203776042,22.638423538949723,29.23886528356983,412.3163839985412,8009.834673821926
vid_000154_frame0000009.jpg,54.802505787037035,83.19138590494792,22.66591099234722,29.698847417691038,395.24819671585647,7352.985131026944
vid_000154_frame0000011.jpg,53.64917052469136,80.97469584147136,22.363164788514773,30.26648938342572,404.92109299014993,8156.587679475313
vid_000155_frame0000001.jpg,81.76284722222222,99.86252848307292,76.0952618049028,70.76431386338733,3294.702155799361,13193.84387483797
vid_000155_frame0000002.jpg,82.00497685185185,99.41323343912761,75.99241277121432,71.02286107224548,3283.590539973363,13079.976322694682
vid_000155_frame0000003.jpg,82.04488683127572,99.70887756347656,76.1298637792075,71.28416050587542,3310.520536253763,13018.818959987722
vid_000155_frame0000004.jpg,81.97900205761317,99.37332661946614,76.23431078170863,71.37562735169129,3301.6079187661944,13144.47462630272
vid_000155_frame0000005.jpg,82.70805555555556,100.0856424967448,76.18459375113659,71.45165327019201,3271.3463029272757,13110.48233380518
vid_000155_frame0000006.jpg,82.71801440329219,100.05492146809895,76.20969929769478,71.51547205262429,3309.335088476414,13444.862811224302
vid_000155_frame0000007.jpg,82.79224279835391,100.00666809082031,76.30852951983903,71.50135151964051,3341.466644592812,13527.358702059835
vid_000155_frame0000008.jpg,82.40696244855967,99.64375305175781,76.35167104375984,71.30160745455694,3337.828877569873,13452.70780339744
vid_000155_frame0000009.jpg,82.55156893004116,99.81040445963542,76.17209418290427,71.33297793469072,3281.8781559782715,13023.345510208746
vid_000155_frame0000010.jpg,81.96695473251029,99.376708984375,76.20442477665691,71.25388256629093,3264.9823507277856,13198.955937609076
vid_000155_frame0000011.jpg,82.14751800411523,99.48318990071614,76.21279767929484,71.36764377799764,3227.595325711591,12987.472071326338
vid_000155_frame0000012.jpg,82.08308641975309,99.32147216796875,76.28137271977418,71.3573234006913,3313.123388468793,13099.281714334153
vid_000155_frame0000013.jpg,82.59690586419752,99.81784057617188,76.29969332733963,71.66968176867096,3289.4477277756346,13383.600311392685
vid_000155_frame0000014.jpg,82.53818930041152,100.1794942220052,76.41243709374895,71.60584353567191,3293.0157125742435,13591.609132770216
vid_000155_frame0000015.jpg,82.90522890946502,100.28040568033855,76.2988395325678,71.56373736772413,3153.7563218676173,13169.034607257694
vid_000155_frame0000016.jpg,82.22931069958848,99.71572367350261,76.15590351282087,71.23535193108306,3191.54259922262,12879.500456809998
vid_000155_frame0000017.jpg,81.87091563786008,99.7038065592448,75.99356615869212,70.8521039727514,3218.834568914799,12561.461978449486
vid_000155_frame0000018.jpg,81.32564300411522,99.2916259765625,75.95892571603605,70.51390105770444,3178.4481365478177,12386.216557919746
vid_000155_frame0000019.jpg,81.59076903292181,99.42263793945312,75.91710599183875,70.6355726338561,3193.4679420266893,12405.653584927088
vid_000155_frame0000020.jpg,81.32672325102881,99.36961364746094,76.06112613086819,71.02921892238392,3253.2177534673992,12895.37376556336
vid_000155_frame0000021.jpg,81.83820730452675,99.43119303385417,76.16230606946696,71.1854169212473,3217.428615980736,12965.98904685839
vid_000155_frame0000022.jpg,81.63506944444444,99.31676737467448,76.16184489202115,71.25129375669562,3277.8039651882336,13068.096907311818
vid_000155_frame0000023.jpg,82.00421553497942,99.57417297363281,76.09510757153784,71.31012418383608,3303.1773023761984,13069.211244820617
vid_000155_frame0000024.jpg,81.81496399176955,99.31089782714844,76.01166793927248,71.05330857286502,3298.1707516172746,13087.702748516342
vid_000155_frame0000025.jpg,81.80355452674897,99.24372863769531,75.9793686781589,71.10103720691893,3249.7389909974063,12835.029790706001
vid_000155_frame0000026.jpg,81.49387860082305,99.30796305338542,75.93867919254255,70.98702860988487,3264.5843001197895,12769.947696115822
vid_000155_frame0000027.jpg,81.74983024691358,99.44490559895833,75.88545527637064,71.06710621448381,3257.9840389515216,12711.496688375017
vid_000155_frame0000028.jpg,81.58031121399176,99.38528951009114,75.99122905790053,70.75081706602876,3308.724085789549,13108.59956423915
vid_000155_frame0000029.jpg,82.20782407407407,99.58646647135417,76.00150382621118,71.21272539832157,3235.309219889308,13329.482436224585
vid_000155_frame0000030.jpg,82.0109465020576,99.70773824055989,76.26786803077756,71.6235988174816,3362.327615237709,13967.78749936819
vid_000155_frame0000031.jpg,82.40355452674898,99.58237202962239,76.28204749668922,71.35762613214703,3284.7198149190644,13536.133903688751
vid_000155_frame0000032.jpg,82.07343106995884,99.28319803873698,76.32005669122118,71.4909609904541,3352.1459466634637,13299.882338469615
vid_000155_frame0000033.jpg,82.48481481481481,99.53750610351562,76.29113007859702,71.49799183797516,3373.495439506173,13313.898163831793
vid_000155_frame0000034.jpg,82.59263631687243,99.713134765625,76.27679603232717,71.3036402332889,3385.0798508144717,13533.451216697693
vid_000155_frame0000035.jpg,83.60888631687243,100.76339721679688,76.01397150481355,71.2183996861489,3278.600142885993,13341.99763219594
vid_000155_frame0000044.jpg,80.23131944444444,103.4084981282552,70.45918460005,75.02281546827187,3043.3468147538492,23028.615807739785
vid_000155_frame0000045.jpg,83.29960648148148,105.10657246907552,72.04996827797697,75.38649006319864,3164.0592270399306,23397.880838785088
vid_000155_frame0000046.jpg,83.53109053497943,105.22197977701823,71.75510040835566,74.9384323418145,3184.999736652604,23627.6726821512
vid_000155_frame0000047.jpg,83.7846579218107,105.54198201497395,71.76724982066878,75.05784009240202,3210.023828472163,23987.958245805465
vid_000155_frame0000048.jpg,84.02078446502058,105.8770039876302,71.81494556843849,75.04863371736738,3229.944867289607,23714.127580092987
vid_000155_frame0000049.jpg,84.22591563786008,106.02823893229167,71.81829904245093,75.0609250026067,3219.0080700183257,23369.507480368018
vid_000155_frame0000050.jpg,84.25478652263375,106.12598164876302,71.93999574391472,75.31814057047373,3257.7867007199266,23856.03836111701
vid_000155_frame0000051.jpg,84.96869341563786,107.20396931966145,71.54969011603227,74.67804521494494,3097.288227008078,22728.907998025417
vid_000155_frame0000052.jpg,85.97435956790123,108.09474690755208,71.2800227589959,74.52693611178685,3115.026847096241,22769.969760245644
vid_000155_frame0000053.jpg,91.82082561728394,113.07719421386719,72.57662906442674,74.69164446745191,2635.796662739817,19940.374385345494
vid_000155_frame0000054.jpg,89.78697016460906,110.82737223307292,72.59953015538778,74.40329144124475,2897.6480333502423,20923.367013016483
vid_000155_frame0000055.jpg,84.07377829218107,104.54379272460938,71.84095457174872,73.71461936244843,3153.828690837667,20412.281883686548
vid_000155_frame0000056.jpg,65.69122942386831,92.00959777832031,61.35708653561316,66.41566496098982,2404.582695408415,10443.649139400572
vid_000155_frame0000057.jpg,60.28246913580247,86.1538594563802,51.57996124994031,59.97029335224784,2598.995738911691,11934.029650617158
vid_000155_frame0000058.jpg,85.0405401234568,108.76695251464844,62.13161642666776,69.0533356489899,2719.828319608708,20711.95810760907
vid_000155_frame0000059.jpg,90.1725,112.60094706217448,63.53218617334045,69.959667121282,2674.7534161856042,21487.18148559984
vid_000155_frame0000060.jpg,89.47174125514404,112.79147847493489,62.79234458007674,68.31566341456846,2719.7766272252707,20481.40027174144
vid_000156_frame0000001.jpg,139.87348508230454,149.13926696777344,53.74297211825163,51.31060947275835,1514.8196856136162,8565.75146369543
vid_000156_frame0000002.jpg,140.11143518518517,149.31934611002603,53.67885908294267,51.25303199471426,1476.3151958902513,8300.12328399322
vid_000156_frame0000003.jpg,140.32063786008231,149.81737772623697,53.83168164347392,51.62631398532701,1517.4798638231,8392.686303465627
vid_000156_frame0000004.jpg,140.40542438271606,149.53900655110678,54.00293536165268,51.62494339140144,1557.2742234794143,8461.872728667222
vid_000156_frame0000005.jpg,140.7813091563786,149.6501719156901,54.08063082648571,51.759998488339676,1564.3632634244373,8468.257324947976
vid_000156_frame0000006.jpg,139.20877829218108,149.30782063802084,53.858271510340025,51.58181617629708,1523.0537172638863,8427.861476442777
vid_000156_frame0000007.jpg,139.73083847736626,149.19356791178384,53.900615997921506,51.632642591832706,1516.4260710617186,8392.90971718519
vid_000156_frame0000008.jpg,139.53467335390945,149.0416514078776,53.96824885224906,51.81939515997058,1497.4108940319693,8566.907935907831
vid_000156_frame0000009.jpg,139.49909979423867,149.4794718424479,53.88134955099532,51.31415033377157,1469.865699702551,8378.519676326774
vid_000156_frame0000010.jpg,139.47485082304527,149.46007792154947,53.95957863788558,51.63105698499507,1497.2077662107888,8420.062962915748
vid_000156_frame0000011.jpg,139.25887088477367,149.57117207845053,53.84256719302095,51.55368237071492,1501.5250052581068,8371.207309948048
vid_000156_frame0000012.jpg,138.52982767489712,148.56791178385416,53.78033453729676,51.70353754322575,1516.6561674439274,8591.15869276761
vid_000156_frame0000013.jpg,138.43834362139918,148.49276224772134,53.58760826152411,51.55520859217602,1535.266412173973,8402.45646620891
vid_000156_frame0000014.jpg,137.61756687242797,148.16178385416666,53.39431163971558,51.39964179814261,1577.840065969305,8628.246317617362
vid_000156_frame0000015.jpg,137.28905092592592,147.54500834147134,53.15493931454926,51.26537189086385,1566.1486718097467,8677.816044451436
vid_000156_frame0000016.jpg,136.65515689300412,147.22288513183594,53.071783638008846,51.1429203005467,1586.9641960731499,8715.036896011792
vid_000156_frame0000017.jpg,136.67821502057612,147.14732869466147,53.223373418917824,51.1945180142191,1508.9911176982712,8564.457143247128
vid_000156_frame0000018.jpg,136.398420781893,147.1511484781901,53.09397882069344,51.028682313615626,1548.6238724698976,8588.335333239054
vid_000156_frame0000019.jpg,136.33855452674896,147.0919443766276,53.12681229219724,51.22994274740608,1532.4088518325618,8606.129307992524
vid_000156_frame0000020.jpg,136.40675154320988,147.1485392252604,53.12488095549962,51.18572351874075,1554.5518695642338,8803.96276424732
vid_000156_frame0000021.jpg,136.60051697530864,147.66519673665366,52.87475796712956,50.91558556583148,1535.8305996412867,8515.570712793386
vid_000156_frame0000022.jpg,136.53998456790123,147.17169698079428,52.89652402677314,51.01109766797459,1559.346608213068,8602.427270299755
vid_000156_frame0000023.jpg,136.75576903292182,147.4768320719401,52.887470548793836,51.154966914317534,1511.114751142166,8469.497636256507
vid_000156_frame0000024.jpg,136.73891718106995,147.78922017415366,52.89690718728048,51.326178480957374,1551.592975678667,8663.965270123444
vid_000156_frame0000025.jpg,137.83937757201647,148.17068481445312,53.12142002291019,51.41700719747588,1553.0279458146981,8633.955541979289
vid_000156_frame0000026.jpg,138.69064043209877,148.90677388509116,53.445442345070155,51.62115125537434,1515.3520389336609,8593.359564032406
vid_000156_frame0000027.jpg,140.37477880658437,149.90067036946616,53.75359207733476,51.705739685225545,1496.9386514988546,8568.102687980747
vid_000156_frame0000028.jpg,139.74935699588477,149.78217569986978,53.61241043424633,51.66855498720231,1545.086752078511,8595.0170665232
vid_000156_frame0000029.jpg,140.3985339506173,149.6106923421224,53.660206390847144,51.573746159660274,1513.474105723213,8492.317671702942
vid_000156_frame0000030.jpg,140.58039351851852,150.27318827311197,53.75625016631934,51.6776167122138,1533.0860678819445,8459.340656518005
vid_000156_frame0000031.jpg,139.4024408436214,149.25199381510416,53.53465694815542,51.4852954016043,1551.4508241511749,8366.241227594903
vid_000156_frame0000032.jpg,138.95831275720164,148.92831420898438,53.57630525144497,51.565267427927125,1564.4966212217555,8436.068700369447
vid_000157_frame0000001.jpg,142.76756944444443,152.62683614095053,46.710424328564386,44.39397192275518,1135.1357067434462,8653.177025466925
vid_000157_frame0000002.jpg,143.13028549382716,152.95979817708334,46.664396973804145,44.38492854954923,1059.6863140717282,7905.1732588373125
vid_000157_frame0000003.jpg,142.95861625514402,152.7940928141276,46.538107591172576,44.14514560526931,1114.0830262152776,8016.1605890148785
vid_000157_frame0000004.jpg,142.7007433127572,152.72245279947916,46.60739054438632,44.242111669869075,1156.0358265410664,8499.927757138154
vid_000157_frame0000005.jpg,142.9497556584362,152.86839803059897,46.47918605471281,43.944348538654594,1076.2073402584879,7793.679338313406
vid_000157_frame0000006.jpg,142.75701646090536,152.5527140299479,46.66018470357512,44.3522760180252,1102.1908394011487,8427.175104465336
vid_000157_frame0000007.jpg,142.95804269547324,153.01671854654947,46.71295881190998,44.34417771981771,1088.5797688957475,8027.465346347308
vid_000157_frame0000008.jpg,142.68660236625513,152.25227864583334,46.88394364093592,44.58232593646027,1129.2374549525011,8441.234672590857
vid_000157_frame0000009.jpg,142.9643364197531,152.97867329915366,47.029357225801064,44.70576786302061,1050.1055221121376,7803.8986975380685
vid_000157_frame0000010.jpg,142.6109799382716,152.25241088867188,47.21800110019213,44.802934242684906,1131.317711796982,8601.066035552882
vid_000157_frame0000011.jpg,142.5794804526749,152.25104777018228,47.12146745596238,44.71167321677034,1101.5902090418285,8020.125194888329
vid_000157_frame0000012.jpg,142.0632844650206,152.0953826904297,47.15254030610954,44.562300160828904,1146.071929371892,8312.252346310532
vid_000157_frame0000013.jpg,142.03867283950618,152.0113271077474,47.061965065770615,44.50279882963445,1125.6567849660278,7946.069639429217
vid_000157_frame0000014.jpg,141.6538683127572,151.52155558268228,47.01252473490162,44.62472010633899,1175.358556802924,8514.739427419147
vid_000157_frame0000015.jpg,141.96260288065844,151.54556274414062,46.89877512960345,44.45819870774262,1116.1352910874268,8030.64570130012
vid_000157_frame0000016.jpg,141.62129886831275,151.5595906575521,46.79201066307355,44.69869365992761,1150.4226903191563,8693.043714547297
vid_000157_frame0000017.jpg,141.92577160493826,151.49556986490884,46.794139825819755,44.841502043172405,1107.6547441671787,8101.735719587654
vid_000157_frame0000018.jpg,141.29405606995886,151.08612569173178,46.965069265685116,44.803617589851875,1165.5662612263159,8878.220130435191
vid_000157_frame0000019.jpg,143.3794007201646,153.5016886393229,45.95778472021726,44.042789197214134,1014.5741948216735,7979.326005957089
vid_000157_frame0000020.jpg,149.7401131687243,157.15555318196616,43.63865885065086,43.266340441443454,923.4030684084338,8178.7701897881925
vid_000157_frame0000021.jpg,157.60912808641976,162.60944112141928,41.47158367585434,42.681005124319555,802.0230205760721,8276.43697370193
vid_000157_frame0000022.jpg,164.7561445473251,166.2034454345703,39.82968611656029,42.854682958235976,706.2614618097828,8067.437315737596
vid_000157_frame0000023.jpg,173.80448816872428,172.21170552571616,38.41922660815934,43.35673175952855,715.9092875171468,8236.539560016245
vid_000157_frame0000024.jpg,187.19849537037038,183.5271199544271,33.85005562388642,40.528889177135746,798.1971998054315,7818.4744056609925
vid_000157_frame0000025.jpg,174.1741975308642,174.95989990234375,33.134859273088836,37.7612083149884,893.2362100801612,7851.252147361403
vid_000157_frame0000026.jpg,141.64704989711933,150.00230407714844,30.118424128874498,35.241639497635006,1235.3264584359756,9662.375369436806
vid_000157_frame0000027.jpg,135.37576646090534,146.33904012044272,31.640983788789093,35.5823766930507,1369.545364903347,9438.961390184006
vid_000157_frame0000028.jpg,132.4610262345679,143.7243448893229,33.282685265059605,36.50211976715372,1451.4464375771606,9544.957535609603
vid_000157_frame0000029.jpg,132.40656893004115,144.63961283365884,33.98961276300746,36.57366795523847,1398.618539029814,8679.71597647667
vid_000157_frame0000030.jpg,131.42848508230452,143.46825663248697,34.09679703015098,36.37629925584344,1475.9654044681047,9059.074234571308
vid_000157_frame0000031.jpg,133.8584670781893,144.9616902669271,34.350000738523576,36.632994625370515,1448.6763767832051,8956.210441753035
vid_000157_frame0000032.jpg,132.87348251028806,143.7530059814453,34.32378158082126,36.70427523343165,1460.7739344563875,9120.350631918758
vid_000157_frame0000033.jpg,132.77548611111112,143.72855631510416,34.28817016954134,36.8258182178988,1465.6248156587578,8996.912031754851
vid_000158_frame0000001.jpg,129.44959876543209,143.9247589111328,35.51533157085799,41.27759973966272,1374.5612493436,8504.436808194965
vid_000158_frame0000002.jpg,129.92721965020576,146.24344889322916,35.494948835510364,41.62628187508233,1327.6722460409999,8040.482074192725
vid_000158_frame0000003.jpg,129.57177726337449,145.34557596842447,35.447749356541884,41.70135365655935,1334.395149653254,8142.875455018133
vid_000158_frame0000004.jpg,129.34260288065843,144.1135508219401,35.49104180160514,41.19132740738341,1332.1863886135877,8225.38472141861
vid_000158_frame0000005.jpg,129.9158487654321,145.68033854166666,35.49083087189039,41.49714779021119,1338.0759104935887,8102.456873789197
vid_000158_frame0000006.jpg,129.4506121399177,145.1450958251953,35.37975024651733,41.389062117286265,1340.2973901310775,8059.628623051336
vid_000158_frame0000007.jpg,130.21348251028806,145.45868937174478,35.43545436771776,41.49066501248307,1361.259961029128,8366.788291439414
vid_000158_frame0000008.jpg,129.7235596707819,144.26703389485678,35.37327713211443,41.697676862928574,1348.9345438719324,8730.105192448944
vid_000158_frame0000009.jpg,130.48342078189302,146.33201599121094,35.40565468347875,41.431692016050896,1365.154519317749,8328.695619568229
vid_000158_frame0000010.jpg,129.8073945473251,145.4224853515625,35.25558720790462,41.49646365111475,1389.5634836912723,8646.241044590017
vid_000158_frame0000011.jpg,130.96020833333333,145.8515167236328,35.35393316134958,41.310128106829225,1372.7803437065973,8472.665800926974
vid_000158_frame0000012.jpg,131.09297582304526,145.94135030110678,35.50401117781533,41.31306489976705,1384.814444044115,8448.056813502451
vid_000158_frame0000013.jpg,131.8166975308642,146.73866271972656,35.64679274959222,41.29944935658337,1405.779049060678,8472.5086295472
vid_000158_frame0000014.jpg,131.62319444444444,146.3585662841797,35.753103883808315,41.47603354229784,1399.9521332899308,8641.853557031369
vid_000158_frame0000015.jpg,132.58862911522633,147.4994659423828,35.90256504447751,41.49712769056427,1400.5760565838264,8343.387727356516
vid_000158_frame0000016.jpg,132.38133230452675,147.82766723632812,36.07748858195846,41.842310355173616,1396.8316704503293,8466.329091731226
vid_000158_frame0000017.jpg,132.98939043209876,148.59458923339844,36.25384736343249,42.02037467996643,1404.228355297818,8493.492984156823
vid_000158_frame0000018.jpg,132.62932355967078,147.64678446451822,36.453234228323005,42.11112552570495,1422.2657130900752,8785.307675707852
vid_000158_frame0000019.jpg,133.44609053497942,149.01043192545572,36.58636233057881,41.94464239125427,1403.5896985810448,8530.317337799584
vid_000158_frame0000020.jpg,133.0262294238683,148.10813903808594,36.77382547411763,41.98056342601841,1469.0904088600607,8983.97642829176
vid_000158_frame0000021.jpg,133.3788425925926,148.5617421468099,36.784531338318686,42.010504514748924,1441.1655629714764,8775.03302252083
vid_000158_frame0000022.jpg,133.11673353909464,148.19035847981772,36.974737995340284,41.89631155426795,1463.965701645555,8942.37564234971
vid_000158_frame0000023.jpg,133.47543981481482,148.35111490885416,37.01409208737191,41.689709519982195,1471.7652467399691,8881.510353877908
vid_000158_frame0000024.jpg,133.3573816872428,148.42893981933594,37.10780097979347,41.84824610419113,1452.508432681696,9070.000173303997
vid_000158_frame0000025.jpg,133.6093621399177,148.81029256184897,37.11018274515962,41.939904727853154,1462.859050608651,8757.914751784643
vid_000158_frame0000026.jpg,133.52789094650205,149.2319793701172,37.1052714810656,41.89201002835798,1410.2899535169943,8565.963768183254
vid_000158_frame0000027.jpg,133.92149691358026,149.05325826009116,37.14064519548668,42.075305296330434,1391.299134567901,8633.415046340786
vid_000158_frame0000028.jpg,133.66861111111112,148.6561075846354,37.2281944673298,42.006593383239945,1399.9425057222006,8778.542828976177
vid_000158_frame0000029.jpg,134.38585133744857,149.3361053466797,37.24014735498652,42.37149491404506,1401.9766271856781,8711.782660498982
vid_000158_frame0000030.jpg,133.88769290123457,149.10562133789062,37.22981483889777,42.14894956121031,1455.599760467571,8932.85783740296
vid_000158_frame0000031.jpg,134.29576131687242,149.52702840169272,37.10086018792248,41.99851868279208,1419.1757170552673,8741.404592146864
vid_000158_frame0000032.jpg,134.10510288065845,149.00326029459634,37.1906486140129,41.849757537695524,1444.1987257015294,8898.735775116598
vid_000158_frame0000033.jpg,134.42889146090536,149.55186462402344,37.15866021490299,41.75692400055179,1422.6597447630297,8801.28220838285
vid_000158_frame0000034.jpg,134.30819187242798,149.31056213378906,37.3003328405065,41.899996206950924,1412.2974434855944,8767.777340352535
vid_000158_frame0000035.jpg,134.92300411522635,150.2057647705078,37.287600787081665,42.02852562822767,1416.2385486882715,8729.274519708008
vid_000158_frame0000036.jpg,134.862829218107,150.4380645751953,37.403621499191544,42.02606529580535,1399.2882550716354,8494.603640919318
vid_000158_frame0000037.jpg,134.77251800411523,149.6625773111979,37.27335595548577,42.02485958736728,1407.042561179698,8852.935108527541
vid_000158_frame0000038.jpg,134.57471193415637,149.74014282226562,37.23802855962642,42.16600351106905,1383.9378469706767,8805.532966252416
vid_000158_frame0000039.jpg,134.82824845679013,149.64038594563803,37.323460098609665,41.94636242387248,1406.0570670438958,8732.788691638969
vid_000158_frame0000040.jpg,134.54415380658438,149.53547159830728,37.172384892410555,41.84784437412704,1411.641442869739,8750.86937624379
vid_000158_frame0000041.jpg,134.5235596707819,149.59514872233072,37.12724374180937,41.93604107689543,1396.3035782312147,8840.005782997003
vid_000158_frame0000042.jpg,134.53425925925927,149.64608764648438,37.05336733733744,41.80680433987314,1405.6464026406036,8747.035744514316
vid_000158_frame0000043.jpg,134.5015869341564,149.2806142171224,36.99466306399162,41.6830859107971,1414.3676851735158,8890.373614153825
vid_000158_frame0000044.jpg,134.61184670781893,150.09280904134116,36.91856202231381,41.59242683296887,1377.743364178241,8659.899403146468
vid_000158_frame0000045.jpg,134.73896862139918,150.1346181233724,36.85286746645428,41.55773660231521,1415.025423481975,8751.456528332084
vid_000158_frame0000046.jpg,134.65841306584363,150.27057902018228,36.89770495043305,41.899486324180224,1398.3556630979938,8598.787675523898
vid_000158_frame0000047.jpg,134.78450102880657,149.96778361002603,36.75703084263273,41.606230294994,1358.7621987906166,8611.281642761081
vid_000158_frame0000048.jpg,134.79545267489712,150.24010213216147,36.78473103260053,41.7080372663743,1347.5369272097905,8718.393346156925
vid_000158_frame0000049.jpg,135.03178755144032,150.49842834472656,36.85260682751862,41.55616529267328,1367.6482793204518,8648.602571900934
vid_000158_frame0000050.jpg,134.9077237654321,150.21259562174478,36.74832358111673,41.51579933326589,1372.815751096441,8908.740365596255
vid_000158_frame0000051.jpg,134.8498353909465,150.6598663330078,36.71743710031655,41.47390068801896,1358.4425504386122,8676.647142894333
vid_000158_frame0000052.jpg,134.8519341563786,150.6772003173828,36.718303432465774,41.90908483119937,1372.7830321239499,8831.462988815969
vid_000158_frame0000053.jpg,134.84141203703703,150.15360005696616,36.704252152748886,41.79239282041216,1380.446126394366,8826.719034022652
vid_000158_frame0000054.jpg,134.98670524691357,150.50677490234375,36.703685657466785,41.99154377993947,1346.7673516946134,8800.894930776209
vid_000158_frame0000055.jpg,135.05862911522632,150.31433614095053,36.71803810663786,41.88947920880096,1385.0340739588094,8831.68444192037
vid_000158_frame0000056.jpg,135.03326131687243,150.8743693033854,36.77084624259733,41.76083318277396,1364.003740290102,8465.110900977394
vid_000158_frame0000057.jpg,135.24802211934156,149.99588521321616,36.6343397050503,41.5327966036625,1332.9754781792387,8754.82092488464
vid_000158_frame0000058.jpg,135.22293981481482,150.18510945638022,36.62407545988902,41.91974827018924,1325.2543441095463,8681.848642703146
vid_000158_frame0000059.jpg,135.4400848765432,150.41839599609375,36.70987515424879,41.66711145262444,1343.3952005829904,8500.132561480394
vid_000158_frame0000060.jpg,135.30909465020576,150.34161376953125,36.58951768086884,41.82985762096746,1343.742661964104,8705.135448176181
vid_000158_frame0000061.jpg,135.26558384773662,150.52962748209634,36.569077380578456,41.88323641086147,1327.908433551419,8691.372971787117
vid_000158_frame0000062.jpg,135.10827160493827,150.25799560546875,36.586139484269786,41.84229555000372,1345.9575925687775,8781.335992220556
vid_000158_frame0000063.jpg,135.04392232510287,149.88262939453125,36.57911196919455,41.72230007156923,1346.6504933868218,8774.536458446644
vid_000158_frame0000064.jpg,135.1454989711934,149.96734110514322,36.565315915383096,41.73033164875102,1313.7200076345428,8571.047193137696
vid_000158_frame0000065.jpg,135.28979166666667,150.40067545572916,36.501832493993504,41.52185441517526,1336.0472264226464,8394.339701806894
vid_000158_frame0000066.jpg,135.29816615226338,150.31423950195312,36.5613741954095,41.30999472205005,1324.542746341783,8246.368097468978
vid_000158_frame0000067.jpg,135.57280606995886,150.3322550455729,36.437419895181115,41.25735400505106,1341.7212422338796,8311.212148537626
vid_000158_frame0000068.jpg,135.6823096707819,150.5489044189453,36.388878269927616,41.39453731893489,1306.4620359358328,8210.08083112142
vid_000158_frame0000069.jpg,135.8772505144033,150.57779439290366,36.29518606983054,41.201075052522654,1330.3206403591655,8220.306135043502
vid_000158_frame0000070.jpg,136.04726594650205,150.4939168294271,36.05609364410804,40.79689723692723,1320.7179084790214,8150.621042780345
vid_000158_frame0000071.jpg,135.68158693415637,149.91707865397134,35.877087046620375,40.68485906610817,1334.0735007523149,8094.22181545198
vid_000158_frame0000072.jpg,136.36671553497942,151.0366465250651,35.66905658117834,40.40108281071151,1297.0758096921556,7642.380856155418
vid_000158_frame0000073.jpg,136.24727109053498,150.51327514648438,35.601559092061734,39.873879625729984,1322.0174996739731,7672.960727993166
vid_000158_frame0000074.jpg,136.85198302469135,151.98253377278647,35.42499926564438,39.442762280066276,1258.2086250943073,7322.495533581823
vid_000158_frame0000075.jpg,136.5046167695473,151.1209259033203,35.37528896306599,39.29497088263481,1310.1405783507064,7353.82769965753
vid_000158_frame0000076.jpg,136.90142232510289,152.69819132486978,35.392538070381605,39.46042316450488,1257.872290449186,6929.0554373329505
vid_000158_frame0000077.jpg,136.99307613168725,151.66144816080728,35.4135587365809,39.67242099125193,1296.6635183182348,7328.369940720266
vid_000158_frame0000078.jpg,137.80600308641976,152.29405212402344,35.44691415655547,39.6314823509506,1251.5608058769978,7112.766037522815
vid_000158_frame0000079.jpg,138.12742283950618,152.36995951334634,35.528151158438355,39.5779413080825,1266.72097903753,7065.121071921429
vid_000158_frame0000080.jpg,138.5298019547325,151.99141438802084,35.5172494276404,39.135321153055095,1270.0786795647932,6950.633225022815
vid_000158_frame0000081.jpg,138.1569547325103,151.29840596516928,35.64180272990491,39.24892051948346,1270.9797682746532,7061.272558531724
vid_000158_frame0000082.jpg,138.39427983539093,152.5792490641276,35.64918742394468,39.221451290261435,1254.9684325569058,6747.972485824488
vid_000158_frame0000083.jpg,138.1106378600823,151.5978800455729,35.641434870586885,38.86706988023994,1260.7546128219783,6865.893496822333
vid_000158_frame0000084.jpg,138.35611111111112,152.47532653808594,35.61576767526941,38.96007720095189,1217.2571602794926,6582.984153619967
vid_000158_frame0000085.jpg,138.13534465020575,152.04314676920572,35.71251574155891,38.93816977986833,1265.99189021056,6840.116897504544
vid_000158_frame0000086.jpg,138.59949588477366,152.94935607910156,35.62428459685961,39.216436577015386,1217.5332869417773,6510.529186868807
vid_000158_frame0000087.jpg,138.60914866255143,151.69747924804688,35.78623591857167,38.38141237515153,1214.7584301839825,6379.49341379106
vid_000158_frame0000088.jpg,139.20135288065845,152.33865356445312,35.934544220489606,37.90450399326606,1161.6923302002365,6074.603310797131
vid_000158_frame0000089.jpg,139.14382201646092,152.35647583007812,36.51477925884574,38.28647976839196,1177.8358700483325,6034.245293255895
vid_000158_frame0000090.jpg,139.5305401234568,151.30325826009116,37.26352556961017,38.42637694703559,1191.3515352722886,6019.431162274443
vid_000158_frame0000091.jpg,139.51184413580248,151.6442667643229,38.31723506100828,39.09158071279288,1216.522492032405,6187.526299789315
vid_000158_frame0000092.jpg,139.79726594650205,151.53064473470053,39.521050184027345,38.99149114696406,1221.0191039930555,6077.2189015129115
vid_000158_frame0000093.jpg,139.21609310699588,149.70138549804688,40.8998809420472,39.60767444411196,1265.5144753026882,6190.257013235008
vid_000158_frame0000094.jpg,139.68053755144032,150.52338155110678,42.17936456469454,41.07276491789094,1216.9105232793686,6135.635189661523
vid_000158_frame0000095.jpg,138.99126543209877,149.52047729492188,43.31459977117361,41.636730266968286,1260.119776234032,6257.520494837081
vid_000158_frame0000096.jpg,139.40698816872427,150.2181193033854,44.08462396338046,42.26245620797742,1211.157344512079,6096.7099324853625
vid_000158_frame0000097.jpg,137.62633230452676,148.47373962402344,44.15704113636216,42.13954380420804,1220.334976568394,6278.154301451286
vid_000158_frame0000098.jpg,138.53384516460906,148.5014190673828,44.36219393352145,42.138507408070325,1144.9598449586094,6120.1834716191515
vid_000158_frame0000099.jpg,138.75736111111112,149.02581787109375,44.29590676116098,42.90182080015698,1156.2991570001118,6068.4685307012405
vid_000158_frame0000100.jpg,137.7536985596708,148.74524434407553,44.26274158240331,43.00841038113918,1201.045015188234,6318.895642995834
vid_000158_frame0000101.jpg,136.85155606995886,147.73211669921875,44.480180180680556,43.06845068620962,1229.6539657576493,6420.500934324227
vid_000158_frame0000102.jpg,136.3934413580247,148.09471130371094,44.33481024399503,42.604491870735245,1228.02912650457,6107.468137737364
vid_000158_frame0000103.jpg,136.3134670781893,147.4313507080078,44.064366088272074,42.37230281084697,1245.5673293016976,6317.3672382375225
vid_000158_frame0000104.jpg,136.022170781893,147.03631083170572,43.61796663761922,42.012250038831034,1222.0895055534122,6347.956467568874
vid_000158_frame0000105.jpg,135.98324845679014,146.91510518391928,43.146581672522565,41.964673642559376,1244.8529218315973,6442.3636769612785
vid_000158_frame0000106.jpg,136.703978909465,147.35706075032553,42.77692432543989,42.02235646997348,1231.6822186776026,6273.2577813779935
vid_000158_frame0000107.jpg,138.7304938271605,149.28860473632812,42.42360454263499,41.82333238207108,1220.0329161179698,6613.937843838474
vid_000158_frame0000108.jpg,139.75443672839506,150.68359375,41.79047149573712,41.53810539527653,1187.5606625428668,6326.310081498465
vid_000158_frame0000109.jpg,140.22951903292181,150.67022705078125,41.20443291312888,41.195598500578235,1191.0044205089139,6308.174265882932
vid_000158_frame0000110.jpg,140.03887860082304,150.91000366210938,40.740050677375685,41.115728760086064,1204.8876840513547,6327.108870154014
vid_000158_frame0000111.jpg,139.96637860082305,150.81803385416666,40.34495567998091,41.16111818752525,1202.94151836128,6393.58640705049
vid_000158_frame0000112.jpg,139.98393775720166,151.5844523111979,39.865897270129324,40.84594663084409,1208.7809868805728,6476.3179388046265
vid_000158_frame0000113.jpg,140.0589274691358,150.9339853922526,39.39700319024673,40.391471105817274,1215.416826921808,6521.984431726625
vid_000158_frame0000114.jpg,140.07450360082305,152.3926544189453,38.89965111842618,40.41204693092868,1184.202852694842,6316.068042309722
vid_000158_frame0000115.jpg,140.17172067901234,152.57596842447916,38.39842293534957,40.000693718019825,1213.9018794000533,6330.462109582266
vid_000158_frame0000116.jpg,140.1044212962963,152.52820841471353,37.849804145699046,39.71101905983232,1198.6148603373629,6314.6280500420835
vid_000158_frame0000117.jpg,140.54551183127572,152.2715301513672,37.42820695126597,39.65801655649943,1163.2165729728702,6412.937531586736
vid_000158_frame0000118.jpg,140.442762345679,152.37049357096353,37.07993514161091,39.19845588570767,1139.1164308449077,6371.254101029597
vid_000158_frame0000119.jpg,140.5937371399177,151.69342549641928,36.87618672673435,39.21282690359553,1151.7881619789287,6414.194393738871
vid_000158_frame0000120.jpg,140.34109310699588,152.73712158203125,36.63963987996487,39.28106894265813,1150.9663478551645,6361.748423993355
vid_000158_frame0000121.jpg,140.44989711934156,152.38169860839844,36.500824022347814,39.0438186076066,1144.0154850893896,6412.048393212026
vid_000158_frame0000122.jpg,140.50583590534978,153.02627563476562,36.42574528607359,39.24535251713102,1153.6875726906626,6414.060698738089
vid_000158_frame0000123.jpg,140.54218878600824,152.73942057291666,36.37343692204482,39.493309001214826,1161.70349537037,6619.7442340692505
vid_000158_frame0000124.jpg,140.6239017489712,152.9656778971354,36.37912624486934,39.66969144990776,1136.828848307232,6573.6022863052785
vid_000159_frame0000001.jpg,117.16973251028807,132.2808583577474,59.16830407689456,50.9722499913135,1505.3156068858,6437.254311657511
vid_000159_frame0000002.jpg,117.59963734567901,133.3696492513021,59.18261935323966,51.208292115350964,1424.170580501972,5911.817688258132
vid_000159_frame0000003.jpg,117.8342232510288,132.93817138671875,59.250390446557404,51.006966029690105,1415.208756325017,6043.7911719745025
vid_000159_frame0000004.jpg,117.70783950617285,132.99816385904947,59.361814085015574,51.010566481335516,1443.774579470486,6161.785959876841
vid_000159_frame0000005.jpg,118.18804783950617,133.23111470540366,59.48626752727834,50.93297882317375,1409.6047086188746,5968.346646427177
vid_000159_frame0000006.jpg,117.82603909465021,133.0138702392578,59.40412937135635,51.25188457098652,1376.3246940405425,6072.7526139756665
vid_000159_frame0000007.jpg,118.3574279835391,133.83273315429688,59.31837191178961,50.87983965587103,1428.8302465062845,6021.589825514471
vid_000159_frame0000008.jpg,118.15023919753087,133.0797322591146,59.28200167788375,50.82480774725569,1460.0190767074735,6207.597222491866
vid_000159_frame0000009.jpg,118.54112654320987,133.12642415364584,59.244288293798576,51.1436516475646,1393.368973283834,5788.643112236401
vid_000159_frame0000010.jpg,118.64234053497943,133.53983561197916,59.34622971126008,50.889574967473564,1413.3178094178072,6200.666499555111
vid_000159_frame0000011.jpg,118.80584104938272,133.98302205403647,59.33506322330345,51.11805700723878,1390.4119532062089,5975.205625947565
vid_000159_frame0000012.jpg,118.34271862139917,133.55496215820312,59.29049739627748,50.85621650373312,1428.5649439862443,6213.264149999013
vid_000159_frame0000013.jpg,118.60385030864198,133.65239969889322,59.350262289544055,51.30787844911944,1403.859448101471,6195.34508358594
vid_000159_frame0000014.jpg,118.40697530864198,133.47815958658853,59.42002707851736,51.16044720804286,1448.0747971955493,6336.791472267127
vid_000159_frame0000015.jpg,118.5611574074074,133.4283243815104,59.559747075568374,51.11017172604178,1464.2970861062886,6364.512294467306
vid_000159_frame0000016.jpg,118.02141718106996,133.1012725830078,59.50822168572473,50.98703140035225,1447.678569587096,6420.351803428493
vid_000159_frame0000017.jpg,118.44546810699589,133.05084737141928,59.650511982468245,51.16099203804868,1485.964060720486,6365.385731375776
vid_000159_frame0000018.jpg,118.13495627572017,132.94515991210938,59.60093657148942,51.21904069951616,1491.2304312354731,6328.293137147091
vid_000159_frame0000020.jpg,117.84617798353909,132.9482879638672,59.70624003465063,51.35216982051001,1466.3024382716048,6508.504429982742
vid_000159_frame0000025.jpg,118.32404835390946,133.53205362955728,59.60962993801804,50.687880910024404,1454.6629297038726,6326.171131636715
vid_000159_frame0000026.jpg,118.10443158436215,133.473876953125,59.75901835371581,50.99178521471176,1439.7025791838132,6445.661743202945
vid_000159_frame0000027.jpg,118.35912808641976,133.28607686360678,59.90396447340287,51.338326839977015,1484.6530850013337,6346.790862169117
vid_000159_frame0000028.jpg,117.72399176954733,133.0417938232422,59.980880334242464,51.26762836648034,1513.114725777261,6529.801624143263
vid_000159_frame0000029.jpg,117.77328446502058,133.4228515625,59.84156110048218,51.68549368861043,1426.6594519241896,6207.5025935983285
vid_000159_frame0000030.jpg,117.3726311728395,132.59441121419272,59.73526818250831,51.22835869311522,1439.977702403347,6503.220639287494
vid_000160_frame0000001.jpg,146.51272119341564,153.33048502604166,35.09409540956545,36.14356050766166,1357.1992180984225,8444.70894895494
vid_000160_frame0000002.jpg,146.69930041152264,154.3111114501953,35.05975977789088,35.95724019422631,1258.5195139343757,7580.824550628662
vid_000160_frame0000003.jpg,146.78255401234568,153.99510701497397,35.282898631828026,35.84050268275877,1261.3572698328667,7452.366768702865
vid_000160_frame0000004.jpg,147.08828446502056,154.5081024169922,35.64515362491472,36.68741231811719,1244.3137092704524,7958.746714297449
vid_000160_frame0000005.jpg,147.36871913580248,154.28885396321616,35.922342908936294,36.88713694310815,1220.3923180164393,7651.569874817273
vid_000160_frame0000006.jpg,145.84343106995885,153.72307840983072,35.77260814326783,37.54450009964245,1272.5534042280499,7808.4729145132005
vid_000160_frame0000007.jpg,145.90244598765432,152.6917266845703,35.68315806844048,37.70752074966951,1291.8410749876164,8007.314803755842
vid_000160_frame0000008.jpg,145.91781378600822,152.3443603515625,35.57005129212175,38.09358426352161,1316.138854796275,8395.649126470089
vid_000160_frame0000009.jpg,146.17326646090535,153.82715352376303,35.55989526943283,38.46626628036191,1251.7810988511064,7892.431030652486
vid_000160_frame0000010.jpg,146.27470679012345,152.18943786621094,35.93794912643219,38.82008671056447,1333.7469831575195,8741.205122947693
vid_000160_frame0000011.jpg,145.52710133744856,152.00322469075522,36.46229838873454,38.904071299671344,1283.6954103408755,8567.9676974928
vid_000160_frame0000012.jpg,134.10695216049382,144.4595692952474,38.01735354812677,39.440060531353616,1429.5984884639706,8791.679308108753
vid_000160_frame0000013.jpg,124.50172067901235,137.0362803141276,41.734672245144495,42.44266140936458,1504.0228342761682,8215.499443020672
vid_000160_frame0000014.jpg,123.3495190329218,137.30913289388022,34.59861888173883,36.55560731756312,1474.7386373790202,8564.310489594005
vid_000160_frame0000015.jpg,145.214274691358,151.78236389160156,35.95628042204508,37.41347892125836,1273.3098978728472,8478.25575254648
vid_000160_frame0000016.jpg,144.96305812757203,152.42813110351562,36.063676552327564,37.62321949494026,1230.7637549001674,8042.8424491935875
vid_000160_frame0000017.jpg,145.34585905349795,152.68936157226562,36.65463538347313,38.30410417846893,1265.6580270475515,8532.222635305487
vid_000160_frame0000018.jpg,145.3613091563786,152.08272298177084,36.68244565697119,37.62906761400597,1295.5891702931503,8285.881101696752
vid_000160_frame0000019.jpg,145.35520833333334,153.11135864257812,36.722386988799585,38.004125532692846,1238.123598591821,7540.870916543296
vid_000160_frame0000020.jpg,145.35331275720165,151.33877563476562,37.01206086560794,37.51399339540288,1323.190911006087,8455.671438521706
vid_000161_frame0000007.jpg,119.74826903292181,138.69818623860678,18.50634924239599,29.46150443022727,1394.449583485511,8018.854931189679
vid_000161_frame0000008.jpg,121.27523148148148,138.4541778564453,20.359096047474324,30.78162733650552,1128.5943989054044,7912.052244346356
vid_000161_frame0000009.jpg,121.94306069958847,140.1502482096354,24.36275510087825,31.764647595281996,1148.521886501141,7631.8346487423405
vid_000161_frame0000010.jpg,122.31751800411523,137.6769765218099,29.472664808213555,35.81265595012473,1395.1996293795132,9113.637298635207
vid_000161_frame0000011.jpg,124.12896862139918,140.6505584716797,31.40039465159259,36.79792254836027,1446.9910208502422,9107.01454029954
vid_000161_frame0000012.jpg,123.72509773662551,137.45884704589844,31.708896463919764,37.76934433556579,1492.635650552924,9553.193909585476
vid_000161_frame0000013.jpg,116.41570216049382,132.25554911295572,31.736749411617733,36.94024998726857,1526.8932487253633,9387.548605918884
vid_000161_frame0000014.jpg,120.94458333333333,136.17204793294272,40.56056564666496,42.148010568161126,1328.2388410455724,8016.483960019192
vid_000161_frame0000015.jpg,140.56166666666667,149.46559143066406,56.75294347708106,55.258706592414036,1374.496299564662,10110.202291415771
vid_000161_frame0000016.jpg,109.80198816872428,125.60117594401042,34.74376186211182,37.30646056869212,1331.1067175523451,7351.92405797448
vid_000161_frame0000017.jpg,93.66007716049383,114.22592671712239,20.085635793282314,28.514626263292005,1704.3782438783628,8392.940915360115
vid_000162_frame0000001.jpg,84.30170267489711,100.79897562662761,76.05313630179613,70.1703388493474,2838.428400876391,11914.827498598956
vid_000162_frame0000002.jpg,84.5314480452675,100.99535115559895,76.10637322176814,69.966150937237,2764.9466159750204,11029.263429819606
vid_000162_frame0000003.jpg,83.95425154320988,99.86879475911458,75.85296651412047,69.91057831192695,2783.2867392355756,11178.003761097556
vid_000162_frame0000004.jpg,66.29721193415638,83.5309549967448,65.10098880397668,60.25454022018796,2573.1931572071235,8272.567818379961
vid_000162_frame0000005.jpg,47.39247427983539,71.14553324381511,27.919930377663498,35.71188142368602,2424.962611367777,9229.024456128478
vid_000162_frame0000006.jpg,116.09929269547325,127.232666015625,26.043530639735618,37.99655811220447,1456.9916320813807,11463.248524291208
vid_000162_frame0000007.jpg,130.22143261316873,140.4625040690104,25.940344529035617,38.812589870641425,1281.3045280290257,11487.690235078335
vid_000162_frame0000008.jpg,129.86435699588478,140.36052958170572,22.391577385407896,38.343756870005144,1293.4612390715495,12141.432983066887
vid_000162_frame0000009.jpg,129.73400462962962,140.52019246419272,22.984268418071746,37.22250449500848,1247.2158046103393,10596.827360581374
vid_000162_frame0000010.jpg,130.1689017489712,139.7292938232422,21.175103390014304,34.985252776135134,1253.6734740511524,9120.421592816478
vid_000162_frame0000011.jpg,129.13147890946502,140.36315409342447,20.70046705363801,34.41671564457746,1290.745996730443,9647.272449943935
vid_000162_frame0000012.jpg,128.4568827160494,139.52462259928384,20.586925586336477,33.00072492338828,1269.3039946558615,8319.646145245992
vid_000162_frame0000013.jpg,128.8763888888889,139.60612996419272,19.6724407752197,32.549502149656085,1250.4944387597525,7935.950958594447
vid_000162_frame0000014.jpg,135.47968621399178,146.14473470052084,27.754074681462036,35.97114066245149,1222.1363602037015,7985.928931530565
vid_000162_frame0000015.jpg,123.63084104938271,137.49450174967447,20.70336123985733,31.173185871461154,1348.8372004929101,7659.0612699778285
vid_000162_frame0000016.jpg,122.94150205761316,139.32431030273438,20.113495198543877,29.914611971950396,1358.5891854328606,7420.922422960168
vid_000162_frame0000017.jpg,124.5057638888889,140.29058837890625,19.78378687082997,30.18043898660178,1303.2845710876177,7457.792435448384
vid_000162_frame0000018.jpg,125.7208024691358,139.91508992513022,20.033265708634502,30.89419124050404,1344.360508001591,7434.752791404724
vid_000162_frame0000019.jpg,112.53682355967078,130.88817850748697,18.085133095644654,29.6235974977609,1409.701381987252,7697.665829663863
vid_000162_frame0000020.jpg,123.49037037037037,138.1534423828125,21.576503992866495,33.677902634298846,1317.7084503957453,7920.984055554261
vid_000162_frame0000021.jpg,130.83949588477367,144.47038777669272,22.473988159176148,32.82943756158062,1275.607040222527,7484.7569125143345
vid_000162_frame0000022.jpg,128.57506944444444,142.48570251464844,21.385474531960043,32.39744214685375,1185.854070634657,7446.303294165991
vid_000162_frame0000023.jpg,125.72821244855967,139.01733907063803,22.49815978629542,32.75567297423418,1353.0959217449108,7718.820226123324
vid_000162_frame0000024.jpg,123.5379140946502,137.20167541503906,23.918981644120997,35.061391874766095,1377.3128973229595,8006.062241925858
vid_000162_frame0000025.jpg,121.3589866255144,136.6709442138672,22.683783297616753,32.26089417622679,1392.3495073100044,7535.598620388424
vid_000162_frame0000026.jpg,125.05326131687242,141.80382792154947,20.76445509352197,30.913024537482972,1337.2397526175032,7484.656291543506
vid_000162_frame0000027.jpg,128.740262345679,143.12460327148438,22.37003330932685,32.10021059508323,1241.9761276076795,7359.17669584509
vid_000162_frame0000028.jpg,127.60491512345679,141.08984375,22.70794016010286,33.250533479698795,1241.6703785359869,7698.49025112018
vid_000162_frame0000029.jpg,138.90464763374484,147.27447509765625,43.939970800571274,47.242325751990926,1374.3484909974065,8798.518186982488
vid_000162_frame0000030.jpg,125.58317901234568,136.0915730794271,46.47133093361559,48.38686414321518,1455.396985642194,8739.523789464496
vid_000162_frame0000031.jpg,110.17115997942386,126.21875,49.94387484784294,49.75125115385238,1712.4480473572532,8213.259397066198
vid_000162_frame0000032.jpg,111.34966306584361,126.14830525716145,49.544896468659395,50.86841366112183,1721.6019113854595,8788.97783828876
vid_000162_frame0000033.jpg,112.59376800411523,128.04149881998697,50.71197108237212,50.347866044248526,1700.4583803082967,8388.287276268005
vid_000162_frame0000034.jpg,111.0371116255144,126.44021606445312,49.56525335676036,49.769919201034824,1726.05361021799,8538.684695863863
vid_000162_frame0000035.jpg,112.3670987654321,127.22578938802083,49.395661190670346,49.606089168859306,1721.1059027491403,8433.255920900963
vid_000162_frame0000036.jpg,112.87212705761317,127.31730651855469,48.739945453086676,49.17604783208492,1661.5633405671297,8390.927544101141
vid_000162_frame0000037.jpg,112.83199845679012,127.00317891438802,49.0949065488585,49.63831284724796,1698.037497683042,8452.18007940054
vid_000162_frame0000038.jpg,112.8890072016461,127.15769958496094,50.3604347725003,50.73135336711477,1720.480364254449,8596.57590652234
vid_000162_frame0000039.jpg,109.89363940329218,126.21129353841145,50.203653940802255,50.69620725771622,1741.6678551049167,8696.62503825128
vid_000162_frame0000040.jpg,110.97158436213992,126.06311543782552,50.151359023391265,51.31455992865623,1750.7127631077578,8974.453604690498
vid_000162_frame0000041.jpg,110.3191640946502,126.91018676757812,49.92975450365332,50.19282520983323,1756.3440074968926,8655.098744031042
vid_000162_frame0000042.jpg,109.29790895061728,125.58739725748698,50.3445539548367,50.572005313413314,1797.5691904191792,8647.876008189283
vid_000162_frame0000043.jpg,109.36948302469136,125.49436950683594,50.61444867730591,50.7826758497261,1755.789469417772,8489.973378436407
vid_000162_frame0000044.jpg,109.77769804526748,125.68785095214844,50.63332091907065,51.136481184676434,1742.4530455003405,8643.278182334267
vid_000162_frame0000045.jpg,110.02833590534979,125.49388631184895,50.28118365851344,51.12125879361394,1751.7349089732415,8773.912781182444
vid_000162_frame0000046.jpg,109.41906121399177,125.69382222493489,50.57833229639064,50.75757400878188,1775.974065995799,8410.715436934493
vid_000162_frame0000047.jpg,108.44686471193415,124.22571818033855,50.90598138769602,51.344486779250985,1767.8360648062417,8621.524367406033
vid_000163_frame0000009.jpg,119.53081018518519,133.6869659423828,18.625836140316075,29.517128088978346,1130.961881104014,9120.647382648429
vid_000163_frame0000010.jpg,119.96025720164609,133.33436584472656,19.612272674017667,31.30126736413953,1203.457069805896,10261.844240946462
vid_000163_frame0000011.jpg,120.15498199588477,132.33544413248697,19.895267460110876,31.34001327550221,1212.1021839218013,10545.422860616585
vid_000163_frame0000012.jpg,120.82979423868312,133.51788838704428,20.035817237778094,31.979298657660042,1165.6105872098742,10471.15733833029
vid_000164_frame0000010.jpg,148.00615483539096,156.1972198486328,34.488591864633214,42.66933618382279,1447.2733828312541,10635.929215099663
vid_000164_frame0000011.jpg,148.0554269547325,156.71009826660156,34.913425832580394,42.78276531371357,1477.3513949567043,10770.791745077586
vid_000164_frame0000012.jpg,148.25694444444446,157.23999532063803,35.261168124366726,43.28577690140245,1469.8898176666573,10809.669176503085
vid_000164_frame0000013.jpg,148.3359079218107,156.33133951822916,35.34595166491514,43.54940779953346,1495.9673702174189,11354.991139223566
vid_000164_frame0000014.jpg,148.06552469135804,155.89158630371094,35.60753913634159,44.28958974770777,1562.9553077846365,12222.235311072087
vid_000164_frame0000015.jpg,148.08259516460905,155.94904581705728,35.88367776284581,44.54902842873993,1567.2656687880446,12305.664561278187
vid_000164_frame0000016.jpg,147.9167695473251,156.1341807047526,35.93483065457842,44.92065324305667,1595.8891516460308,12631.41013084352
vid_000164_frame0000017.jpg,148.01316615226338,156.1083526611328,36.335681683172396,45.0037971738723,1621.8206569384909,12685.455017126165
vid_000164_frame0000018.jpg,147.78844393004115,155.20899454752603,36.597226750951215,45.99638620163364,1660.7409131358004,14028.98826612439
vid_000164_frame0000019.jpg,147.75566872427984,155.9902801513672,36.49608431791638,45.165563014363336,1563.8869184804146,12233.847741544247
vid_000164_frame0000020.jpg,147.28900205761317,154.9807332356771,36.63373122982323,46.19291091725971,1694.4321725817688,13766.868453774368
vid_000164_frame0000021.jpg,147.15235082304525,155.49097188313803,36.61835810543433,45.843480283732895,1624.0154970135434,12804.538539886475
vid_000164_frame0000022.jpg,146.95129372427982,154.97240702311197,36.687127731345655,45.414254200628534,1630.7477873013238,12831.824322100729
vid_000164_frame0000023.jpg,147.10438014403292,155.53772989908853,36.54726747132982,44.99383865107401,1619.3436736239116,12224.605898644775
vid_000165_frame0000013.jpg,145.05008744855968,156.31876118977866,32.022449791204494,41.24204887546379,1383.0827995348936,11583.889899767702
vid_000165_frame0000014.jpg,144.70591563786007,155.28277079264322,31.8324705135652,41.354129831822746,1375.6181150619548,11897.245804599486
vid_000165_frame0000015.jpg,144.93623971193415,156.58042907714844,31.738908555791713,41.85230274952189,1364.755775783929,11689.47096157074
vid_000166_frame0000007.jpg,159.81922582304526,163.58597310384116,32.52876928965213,41.89231017061968,1383.0493349327467,12357.735301672481
vid_000166_frame0000008.jpg,158.93331275720163,162.21129862467447,32.76247143139738,42.014911306836694,1383.3348008056603,12630.834258674644
vid_000166_frame0000009.jpg,158.44780349794237,163.08089701334634,32.94607885538014,41.57124276175648,1325.8949136707436,11606.574194050394
vid_000166_frame0000010.jpg,157.73467592592593,161.5009562174479,33.019910430268574,41.976811369737746,1439.5364574750417,12796.101211255183
vid_000168_frame0000003.jpg,100.35563271604939,123.41090393066406,29.64884099395549,31.675553902780944,2030.5225146602556,7193.490105762146
vid_000168_frame0000004.jpg,110.00026491769547,130.19744873046875,32.2115315507896,31.41792698554678,1901.1614870755577,8165.813345649978
vid_000168_frame0000005.jpg,111.28939300411523,130.73641967773438,32.33456082438155,31.09379553530444,1847.5930055912183,8321.83644499979
vid_000168_frame0000006.jpg,107.86279320987654,128.37598673502603,31.684221602819587,30.415200196908994,1854.6998684527298,8626.870547597995
vid_000168_frame0000007.jpg,100.20623456790123,125.66604614257812,27.368359600471088,27.48697323829752,1665.4643856974449,8154.816343721002
vid_000168_frame0000008.jpg,108.6812037037037,133.14135233561197,28.725555623454877,28.851564851475054,1643.4385477079882,9755.736377473688
vid_000168_frame0000009.jpg,108.47611368312756,132.15762329101562,28.726219641226116,28.49443840989439,1576.8220565376848,7917.14700565394
vid_000168_frame0000010.jpg,122.15279835390946,141.2757771809896,30.941198735767372,38.735539409600264,1914.4063473927372,15284.708693145774
vid_000168_frame0000011.jpg,118.58911522633746,137.13304646809897,30.974897174623393,42.65764803365251,2251.0858228621305,18934.64495319128
vid_000168_frame0000012.jpg,114.99510545267489,135.10895792643228,30.141339194031534,42.90603554828911,2240.5650472784255,19033.40087942197
vid_000168_frame0000013.jpg,114.79446502057613,135.52315775553384,29.32818931505669,42.680626367475575,2348.0464754608197,19585.594373106025
vid_000168_frame0000014.jpg,123.58795010288065,137.03189086914062,45.16009355347736,53.219052297907744,2721.9609009982637,21010.086867971113
vid_000169_frame0000003.jpg,79.64287615740741,93.11985270182292,60.25861397863269,62.904535687834155,965.9863492283949,8159.649605540326
vid_000169_frame0000004.jpg,75.94828510802469,90.45283508300781,57.54286248950962,61.127008620248446,973.4192433449074,8082.356746673584
vid_000169_frame0000005.jpg,71.49615162037037,86.62903849283855,54.21810008811894,58.620170358251144,1041.142974514398,8725.760923243128
vid_000169_frame0000006.jpg,66.6453086419753,82.94043477376302,50.56717655261667,56.309883282419634,1091.1666642612954,9463.870242907666
vid_000169_frame0000007.jpg,67.05010030864197,83.5435078938802,50.31050321539463,56.26030422445656,1070.0062008089797,9366.568882630905
vid_000169_frame0000008.jpg,67.08869598765432,83.54688008626302,50.224014336236266,56.50553438909064,1063.9615617464797,9562.182327747112
vid_000169_frame0000009.jpg,68.57934027777777,84.99173482259114,51.17900070633789,57.06594057523276,1050.3928875224717,9351.948435410857
vid_000169_frame0000010.jpg,70.50383294753087,86.28883361816406,52.666836255586034,58.46500547733585,1069.0810474520626,9654.24137136247
vid_000169_frame0000011.jpg,71.56066550925927,87.36629231770833,53.11780387228472,58.64681776941528,1036.5781192126615,9068.577547289198
vid_000170_frame0000006.jpg,112.91030285493827,132.52631123860678,41.92755602269664,39.446202588087175,377.09818593750003,7072.7651262050495
vid_000170_frame0000007.jpg,112.75918981481482,132.4764200846354,41.50836173336698,38.78313269515952,370.5345309477546,7448.626512206858
vid_000170_frame0000008.jpg,105.35164737654321,126.48788960774739,39.96745166867663,38.60557218433884,371.8791182403857,7767.087340676924
vid_000170_frame0000009.jpg,98.74264081790123,121.89187622070312,37.357996086185665,36.578785873955326,322.3253515432099,6976.862156752264
vid_000170_frame0000010.jpg,97.23226466049383,120.42784118652344,36.38842233429938,36.68941580110456,350.0624801646291,7886.330440625548
vid_000170_frame0000011.jpg,98.36793788580248,121.27234395345052,36.57370741746709,36.70256128220944,347.28858081476665,7539.042235227069
vid_000170_frame0000012.jpg,98.1287962962963,120.95489501953125,36.265023029226896,36.11819665041039,359.16831850803624,7965.405478771776
vid_000170_frame0000013.jpg,95.59484375,118.71581013997395,34.80441540700806,35.13444586981824,366.3083044374987,8004.927356347209
vid_000171_frame0000001.jpg,55.58451774691358,74.13447570800781,46.72655951057066,54.593899325572444,1184.2755593650536,10274.789119861089
vid_000171_frame0000002.jpg,55.781275077160494,74.27612813313802,46.75728083441657,54.36927531563083,1155.9414929578995,9695.163124827435
vid_000171_frame0000003.jpg,55.75378472222222,74.11899820963542,46.677017403153265,54.43564298212409,1176.1210416633176,9769.097393355332
vid_000171_frame0000004.jpg,55.70469135802469,74.14862060546875,46.590542653198995,54.23590698509345,1164.5257565537856,9967.644424824975
vid_000171_frame0000005.jpg,55.518503086419756,73.59870910644531,46.21709086347502,53.676909787067636,1183.4491427849578,9851.955938710831
vid_000171_frame0000006.jpg,54.2780362654321,72.687255859375,44.982446154459055,53.028698234517854,1189.1199011137032,9856.367562985979
vid_000171_frame0000007.jpg,53.0107137345679,71.36226399739583,43.91803924905259,52.095786569912335,1236.7991597824705,10215.144932845375
vid_000171_frame0000008.jpg,51.82498842592592,70.1472676595052,42.881102935961145,51.22918864223982,1180.3343204207056,10067.712814747356
vid_000171_frame0000009.jpg,52.26315393518519,70.98641967773438,42.76414397192417,51.222094857688155,1192.0029507694617,10028.380655250512
vid_000171_frame0000010.jpg,52.416984953703704,70.74629720052083,42.805417960867494,51.5634403177538,1239.7128410659602,10651.995182659477
vid_000171_frame0000011.jpg,52.87211419753086,71.03064473470052,42.97575731712922,51.60287207589602,1218.5767523506825,10641.10905021429
vid_000171_frame0000012.jpg,53.71057484567901,71.64662679036458,43.593230039792516,52.144483456666855,1239.2421753942417,10734.629485070705
vid_000171_frame0000013.jpg,54.312027391975306,72.16791280110677,44.166263559682335,52.39220936325146,1216.0444314214676,10482.316154382192
vid_000171_frame0000014.jpg,53.920698302469134,71.61674499511719,43.9421465262379,52.275025057787516,1225.94126734018,10576.965342088602
vid_000171_frame0000015.jpg,52.944261188271604,71.37966918945312,43.30224981206772,52.08414787190299,1236.1325904994803,10711.335314936005
vid_000171_frame0000016.jpg,52.06773919753086,70.11236572265625,42.86996027479902,51.29252552889673,1234.705315642649,10658.82906126976
vid_000171_frame0000017.jpg,52.02104552469136,70.11774190266927,43.14021324059392,51.23008841876824,1225.6831131782353,10269.773879766231
vid_000171_frame0000018.jpg,52.36643518518518,70.62167867024739,43.01419680163313,51.02539931375383,1244.276281249866,10099.13174163457
vid_000172_frame0000001.jpg,70.40929398148148,88.24248758951823,52.69840110675397,63.2161420948724,1657.347487581146,15552.976701154374
vid_000172_frame0000002.jpg,70.57250385802469,88.37185160319011,52.78775302058402,63.24205525279653,1645.6033178421585,15365.097673385404
vid_000172_frame0000003.jpg,70.07594328703703,87.93859354654948,52.642503452356365,63.0924944041506,1649.91212811291,15265.771698832277
vid_000172_frame0000004.jpg,67.45103009259259,85.86667378743489,51.44983830858006,62.62195743197631,1685.663539779316,15914.289217438549
vid_000172_frame0000005.jpg,65.66322530864197,84.48363749186198,50.67835586650332,61.966336016627764,1728.9595560977887,15709.26137375459
vid_000172_frame0000006.jpg,65.62298418209876,83.95094299316406,50.75778928895608,61.49476993497674,1682.6709052396461,15472.249625496333
vid_000172_frame0000007.jpg,66.6180401234568,84.59410095214844,51.449009405858035,61.925448686784925,1738.9579642261647,15604.22915059235
vid_000172_frame0000008.jpg,66.46347222222222,84.78090413411458,51.38526493058962,62.174182245683944,1749.770046905007,15877.977244218579
vid_000172_frame0000009.jpg,66.5034375,84.88756815592448,51.33932260248823,62.18283488631514,1735.284146930158,16222.268426308176
vid_000172_frame0000010.jpg,66.39973572530864,84.71478271484375,51.36222000492657,62.242480135289554,1754.2522177452724,16207.089886984788
vid_000172_frame0000011.jpg,68.18480324074073,85.19403076171875,51.58812360857458,60.196669326285985,1271.333720368227,12633.453844288131
vid_000172_frame0000012.jpg,69.51733024691357,87.86829121907552,49.914398875421114,60.206093578855196,1216.3146419731654,12900.929274970433
vid_000172_frame0000013.jpg,70.6809587191358,87.75587463378906,52.019663461598995,62.29964181317609,1171.130312079904,13925.359893113142
vid_000172_frame0000014.jpg,70.0611400462963,85.48275756835938,55.475225033590036,66.3672836635804,1464.49880785108,18981.7838932944
vid_000172_frame0000015.jpg,65.19557677469136,82.6451924641927,52.3813441614511,65.30275682939761,1439.8013366461103,18714.690689002862
vid_000172_frame0000016.jpg,64.09072337962964,81.56662495930989,51.63031106264803,64.77217950660122,1428.8507979547112,18047.84613974183
vid_000172_frame0000017.jpg,64.00293788580247,81.84132893880208,51.614745351907764,65.10889480608114,1489.7779162760417,19116.7702216506
vid_000172_frame0000018.jpg,63.82782214506173,81.63224283854167,51.53411931105351,65.00366700167258,1475.817702437488,19047.180684826337
vid_000172_frame0000019.jpg,61.57944637345679,80.19873046875,49.29075532956388,60.83974435699165,1255.0057953773028,12151.675213619834
vid_000172_frame0000020.jpg,60.53981095679012,81.0726318359375,42.076639786287636,53.217210435139485,1220.366343664266,9831.291700780392
vid_000172_frame0000021.jpg,68.55876736111111,88.41478474934895,46.87302373719492,57.59174006823347,1122.652410202332,10330.815752562135
vid_000172_frame0000022.jpg,69.71227237654321,90.02961730957031,47.60940302919352,58.18961359785923,1068.642845922818,9799.73615334928
vid_000172_frame0000023.jpg,73.81492283950617,93.05151875813802,51.80606242224698,62.18435272141246,1060.3135974772806,10716.466985166073
vid_000172_frame0000024.jpg,74.70311921296296,90.77921040852864,54.4193492007301,62.53882545469533,1104.3092545034067,12302.875637907302
vid_000172_frame0000025.jpg,70.1185513117284,87.49509175618489,53.46749873062444,63.4034716719027,1708.0000986463424,15688.349550405283
vid_000172_frame0000026.jpg,68.58960262345678,86.34624735514323,52.64455426046886,62.90300344873522,1770.1087814621915,16319.595975689355
vid_000172_frame0000027.jpg,68.4795949074074,85.99829610188802,52.566852867188,62.703247503322686,1810.4074328917702,16555.040733754635
vid_000172_frame0000028.jpg,68.2379436728395,86.08343505859375,52.46174505806065,62.80924200791294,1807.1416974717881,16566.32400378748
vid_000173_frame0000001.jpg,75.30643325617284,100.4945576985677,44.69170146754129,62.429093411539256,1190.6290414475095,28366.51356357336
vid_000173_frame0000002.jpg,75.42910108024691,100.18154907226562,44.65208337504608,61.897563677564996,1124.4750717310944,27293.729733543238
vid_000182_frame0000046.jpg,88.2929726080247,102.25867716471355,62.145587932978124,72.60234833438085,1424.772231352847,18553.83823728189
vid_000201_frame0000001.jpg,51.13545331790124,71.23009745279948,42.29212587789985,59.20884473305891,1485.6614195598838,14695.255354881287
vid_000201_frame0000003.jpg,60.438533950617284,79.33217875162761,47.582921518410814,64.52447986525316,1257.4464411844137,13831.496665080776
vid_000201_frame0000004.jpg,73.14883294753086,90.01096089680989,56.093479315071875,71.01903444912237,1138.5254142232175,11847.332912533544
vid_000201_frame0000005.jpg,73.10821180555556,90.68675231933594,56.027154024828036,72.89656867092168,1269.9339067247179,16013.159458137816
vid_000201_frame0000006.jpg,72.72103780864198,90.6117451985677,55.6972376371076,72.69912338875669,1277.805296089999,15697.266635920852
vid_000201_frame0000007.jpg,73.57799575617284,91.40239969889323,56.18050127722949,73.08628195443664,1275.588447177078,15831.549848500406
vid_000201_frame0000009.jpg,71.79981674382717,87.95304361979167,55.09201934973188,69.64128942227114,1046.7951854636863,13160.905755139655
vid_000201_frame0000010.jpg,67.45877893518518,85.40444946289062,55.282983478133374,70.87994216786021,1074.0003757694617,13822.835448450409
vid_000201_frame0000011.jpg,67.69179591049382,85.66355895996094,54.97774423987639,71.04126985117085,1179.9466677541138,15958.694346919423
vid_000201_frame0000014.jpg,60.95776813271605,83.96877034505208,49.39506445770787,69.65578436235633,1223.6053424634558,13331.350495958468
vid_000201_frame0000015.jpg,56.64662422839506,81.70193481445312,44.26245463397321,68.84611603566752,1400.865933984375,16699.260360937333
vid_000201_frame0000020.jpg,65.00329475308642,86.38986206054688,50.53502208873367,70.25279637801735,1273.799378753503,13872.527488611406
vid_000201_frame0000022.jpg,58.443626543209874,77.63397725423177,47.48867093093316,65.14432301569204,1386.2075675258473,15027.602026607841
vid_000201_frame0000024.jpg,57.14801311728395,78.77935791015625,45.790309835522635,66.68398669816291,1370.984799223271,15509.636572346091
vid_000201_frame0000026.jpg,59.04130401234568,81.4299825032552,46.35993244620655,67.20626638574514,1332.0169474825052,14494.531254849397
vid_000201_frame0000029.jpg,63.230617283950615,80.11201477050781,51.415865577724304,66.18022963920883,1186.1964193564331,13098.449562651804
vid_000202_frame0000011.jpg,163.47923868312756,172.96246337890625,39.51695540449659,31.189084262786,860.4167830358842,5606.969060990727
vid_000202_frame0000012.jpg,163.8834465020576,173.59566243489584,39.1116119582596,31.19772033032585,856.8511059432633,5767.645231126808
vid_000202_frame0000013.jpg,165.76783179012347,174.8659922281901,39.46157856445768,31.359081129479204,879.765776877036,5820.313125885092
vid_000202_frame0000014.jpg,165.709704218107,173.57710774739584,39.51920836373704,31.644217665644415,906.3942664587621,6204.441466655582
vid_000202_frame0000015.jpg,171.1840072016461,176.55709330240884,39.65304627128338,32.816288466166675,836.2084300325789,5839.732013708912
vid_000202_frame0000016.jpg,177.18682098765433,179.7233428955078,42.378190972961484,34.56726937451483,715.5591240273967,5235.712024665438
vid_000202_frame0000018.jpg,177.14219907407409,177.61552937825522,44.08312134537327,36.61714470830655,793.9578612194691,5863.250183891272
vid_000202_frame0000019.jpg,177.14369598765433,177.22918701171875,44.091820428810905,35.953465008032836,765.011248968276,5386.434870138532
vid_000202_frame0000020.jpg,177.05534465020577,176.5361328125,44.19119628325309,35.95702872593153,794.6340208761407,5637.309881575173
vid_000202_frame0000021.jpg,178.22751028806584,177.04443868001303,44.13725800980822,36.2938116916147,791.8745475793871,5649.02450466156
vid_000202_frame0000022.jpg,178.26862397119342,176.96368916829428,44.31043197487428,37.28779434372487,798.630923996854,6089.543705990305
vid_000203_frame0000001.jpg,62.66354745370371,84.77418518066406,46.66459213221722,63.82143435947595,1373.3560735395433,14521.77502590022
vid_000203_frame0000002.jpg,62.81735146604938,84.943359375,46.752785017303054,63.85385139059755,1369.129909905445,14424.128838314675
vid_000203_frame0000003.jpg,62.8448861882716,84.83218383789062,46.88133303192725,63.85692924885918,1397.9283590265723,14547.138296944788
vid_000203_frame0000004.jpg,61.65436921296296,82.79214986165364,46.29412840163509,62.143956780688086,1324.587681379907,13558.423886176199
vid_000203_frame0000005.jpg,62.978036265432095,83.73256937662761,46.89007004504186,60.840435840369544,1269.300875222908,11903.989164589904
vid_000203_frame0000006.jpg,68.02480324074074,87.82225545247395,47.78198433274362,60.63249266325828,1203.312080982048,11195.73589858762
vid_000203_frame0000008.jpg,66.73298032407408,84.64259338378906,47.321602112521035,59.97175358788666,1229.0033445725094,11983.931313689565
vid_000203_frame0000009.jpg,67.80573109567901,85.65191141764323,47.99455228805107,60.95713579463131,1228.9828572482638,12975.685495408019
vid_000203_frame0000010.jpg,68.56097415123457,86.89033508300781,48.34661189462937,62.002438508131384,1265.72114824125,14342.03137837327
vid_000203_frame0000011.jpg,70.46702160493827,88.3398946126302,49.70357650475195,62.843371150015976,1191.9729212318618,13606.228137608618
vid_000203_frame0000012.jpg,69.39238425925926,89.00363667805989,48.65757490411823,61.48985816427502,1154.2307241506987,11406.114770736545
vid_000203_frame0000013.jpg,71.98284915123457,89.3416035970052,50.99100082700012,64.65824514993608,1206.4048452770007,14566.897236522287
vid_000203_frame0000015.jpg,72.6017901234568,89.80405680338542,51.222215457390746,63.35144108628479,1096.1553566100488,12235.897125966614
vid_000203_frame0000016.jpg,71.57003858024692,90.07362874348958,50.804198979504925,64.7479847146528,1201.4236676576634,14022.41560507915
vid_000203_frame0000017.jpg,71.80271990740741,90.38866170247395,50.94175187065602,65.26266878011529,1237.4473981433255,15123.054436707636
vid_000203_frame0000018.jpg,71.57796103395061,89.9898173014323,50.817205835818065,65.14818203314738,1260.280713634065,15579.05410402175
vid_000203_frame0000019.jpg,71.82656057098765,90.32920328776042,50.9155169159963,65.11034876819129,1248.6725566671155,15032.61457824707
vid_000203_frame0000020.jpg,71.57790316358025,89.75752258300781,50.864226872992255,64.92717483374258,1240.286113629544,15308.38437628746
vid_000203_frame0000022.jpg,67.0895524691358,86.31204732259114,47.08697922249543,59.754175722195114,1209.3703596399378,11934.708220468601
vid_000204_frame0000001.jpg,42.50572723765432,61.96227010091146,36.98602690658394,50.93118041581025,1509.1975101738992,12992.102040495723
vid_000204_frame0000002.jpg,42.74596450617284,61.81988525390625,37.07181603185869,50.65283582086809,1502.5087163703488,12659.912271394394
vid_000204_frame0000003.jpg,45.376292438271605,64.74283345540364,38.28816226039946,52.14970232950055,1480.414032925796,12189.046257013222
vid_000204_frame0000004.jpg,44.778570601851854,64.37469482421875,36.853419803290464,50.95720552533089,1481.6913628792383,10893.885090804659
vid_000204_frame0000008.jpg,45.101711033950615,65.35388692220052,37.23350767149101,52.42527032991924,1490.8249560771592,12579.921815516194
vid_000204_frame0000010.jpg,45.27353587962963,65.56252543131511,37.33999582319552,52.78106340698833,1521.1086002587754,13284.373594507575
vid_000204_frame0000012.jpg,46.51154513888889,66.79762268066406,37.90444351471719,53.50669978649438,1503.083289761231,13278.263746391749
vid_000204_frame0000016.jpg,54.407474922839505,73.48236592610677,42.2229713939994,57.33781105990751,1397.6482632458512,13982.938840478426
vid_000204_frame0000020.jpg,54.982393904320986,74.38233439127605,42.58381423926565,57.991322972134626,1410.759797704174,14433.53126014187
vid_000204_frame0000024.jpg,54.97522569444445,74.24948120117188,42.54963080727771,57.879828164895585,1386.5777370107812,14372.723167951917
vid_000204_frame0000032.jpg,50.38306520061728,67.93174743652344,40.722138697650905,53.33239299194026,1354.1286708610628,11500.707205518847
vid_000205_frame0000009.jpg,75.54727430555556,92.30769348144531,54.11271428880428,67.89860713628795,1080.7665105007595,14553.661260350607
vid_000205_frame0000011.jpg,75.11933834876544,91.77140808105469,53.87772428972273,68.98224339152334,1128.2219639137718,18215.31097124517
vid_000205_frame0000013.jpg,75.13277970679012,91.57042948404948,53.92203071259312,68.76977679130133,1119.922169897729,18177.303493723273
vid_000205_frame0000015.jpg,75.21342206790123,91.77062479654948,53.880575128475144,68.65736104630398,1109.918257586913,17425.806512750452
vid_000205_frame0000017.jpg,75.22394097222222,91.62694803873698,53.94489485645213,68.61810062392556,1141.9250150933158,17759.44425313524
vid_000205_frame0000019.jpg,75.25889081790123,91.93008422851562,53.962008124583505,68.55243159192646,1079.6745297643592,16869.10101810447
vid_000205_frame0000021.jpg,75.1174324845679,91.41727193196614,53.81320784765943,67.3670920833312,1036.0880003469206,14663.191893740557
vid_000205_frame0000023.jpg,74.99645061728395,91.44985453287761,53.85676088867953,68.81956536173386,1152.393929511176,18873.981666505337
vid_000205_frame0000025.jpg,75.03503858024692,91.92359415690105,53.8144767520819,69.01578095177085,1141.529647905816,18579.865746885305
vid_000205_frame0000027.jpg,74.99358796296296,91.8726806640625,53.780643552516345,68.98607236722378,1141.6670713970339,18591.739760097116
vid_000205_frame0000029.jpg,74.89824459876543,91.8689473470052,53.75517930836174,69.11760155807126,1121.678634202963,18963.976119810482
vid_000205_frame0000031.jpg,74.77992669753087,91.55021158854167,53.65032371924527,68.81409633118608,1132.1923703269679,18371.01755647268
vid_000205_frame0000033.jpg,74.08036844135802,91.1413065592448,53.30011166200453,68.66269589228126,1152.6940872490943,18906.173444952583
vid_000205_frame0000035.jpg,74.14942322530864,91.07236226399739,53.38476615281254,68.60744095576403,1171.6203887305157,18781.90062568686
vid_000205_frame0000037.jpg,74.14572723765433,91.0237325032552,53.35129066965955,68.68843520936497,1172.733083293112,19021.70212262869
vid_000205_frame0000039.jpg,74.21469521604938,91.05659484863281,53.337019202276004,68.13453587116376,1129.7839533778815,17384.25315575651
vid_000205_frame0000041.jpg,74.13714313271605,90.9754130045573,53.37616904654382,68.57018948463079,1172.6530121226372,18948.334605774842
vid_000205_frame0000042.jpg,74.03226466049382,90.97099304199219,53.301479064013186,68.66066385740018,1163.5465159818336,19064.21612686268
vid_000205_frame0000043.jpg,74.15409336419754,90.97586568196614,53.393088752491245,68.56180208818859,1193.9975140173558,19035.96390838828
vid_000205_frame0000044.jpg,73.9791724537037,90.81264750162761,53.25706189271801,68.47436065396604,1180.452277191539,19007.893431629986
vid_000205_frame0000045.jpg,71.65699266975308,89.32948303222656,51.88517286746599,67.67914630653048,1191.5218632800443,18898.29672308988
vid_000205_frame0000046.jpg,71.72836226851852,89.33310953776042,51.877997157756994,66.95162667541707,1152.727808601754,16868.091587929986
vid_000205_frame0000047.jpg,71.65378472222223,89.30517069498698,51.93038182295341,66.18038000394367,1137.1354455041958,14606.66675434797
vid_000205_frame0000048.jpg,71.71464313271605,89.50189717610677,51.90625546662289,66.22231163413356,1135.5526774257328,14687.823388605379
vid_000205_frame0000049.jpg,71.53146604938271,89.46973164876302,51.7645046382489,67.41146801142347,1174.0231175705896,18309.892470879247
vid_000205_frame0000050.jpg,69.1247125771605,86.59165445963542,49.43466765479852,63.17710793067983,1191.5743043390721,13675.792217826238
vid_000205_frame0000051.jpg,59.983778935185185,80.01706949869792,45.083220600364506,60.46924234677404,1436.4402069121602,16237.474490241846
vid_000205_frame0000052.jpg,60.0780362654321,80.65561930338542,45.228259756012356,61.091309322243056,1460.452965082164,17291.50397621817
vid_000206_frame0000003.jpg,31.085476466049382,52.29764302571615,30.5470253703101,46.88822064147015,1647.5003354852536,11819.9408993572
vid_000206_frame0000004.jpg,30.33253086419753,52.49101257324219,30.28761438709548,47.578041194038,1616.8901821815184,13073.750760821393
vid_000206_frame0000005.jpg,30.053404706790122,51.385833740234375,30.36875305658736,47.303628264538126,1686.7676881810485,13473.460576055339
vid_000206_frame0000006.jpg,30.403408564814814,52.20506795247396,30.05821471655462,46.87282579974486,1628.3101253252194,12263.705403349362
vid_000206_frame0000007.jpg,33.98122492283951,57.00517781575521,32.40196164680917,50.405992626436486,1640.2372752673489,13697.000389942667
vid_000206_frame0000008.jpg,40.99626543209877,64.18834431966145,36.959760420949564,55.658340788253525,1527.2900856801643,15576.654128103517
vid_000206_frame0000009.jpg,48.71275270061729,70.99437967936198,41.881907650546125,60.12432817765213,1418.252391782106,17630.45837795362
vid_000206_frame0000010.jpg,53.124270833333334,74.54783121744792,44.76381037812381,62.60653770503218,1386.3620029417104,18569.694487866014
vid_000206_frame0000011.jpg,52.95809606481482,74.46168518066406,44.6139968694606,62.29075550274072,1400.2091166146904,18154.630664496683
vid_000206_frame0000013.jpg,48.13335262345679,69.74326578776042,42.230346334021434,60.59773708285232,1482.476173588472,18931.521566113224
vid_000206_frame0000014.jpg,43.60988040123457,65.67051696777344,40.90065361850446,57.55716609837737,1454.7373280601635,13968.17236457928
vid_000206_frame0000015.jpg,48.497064043209875,69.77064005533855,43.87268577334397,60.86346210245655,1410.525778537025,18213.609387749573
vid_000206_frame0000016.jpg,49.76651234567901,70.51083882649739,44.87232863395656,61.17392499452144,1395.0069598924842,17269.70232021436
vid_000206_frame0000017.jpg,57.30674575617284,76.82811991373698,49.26238437092093,63.6519601019655,1317.6450763823248,15861.627700417303
vid_000206_frame0000018.jpg,61.20117669753086,80.0746358235677,50.58418537025356,67.58005201047112,1338.6571020606943,23326.772423144197
vid_000206_frame0000021.jpg,51.15560763888889,73.50442504882812,40.739178687929396,61.66483413379964,1447.4875402090565,20771.26464599371
vid_000206_frame0000024.jpg,51.066120756172836,73.33986918131511,40.72805860903555,61.809489788877904,1438.4187042233314,21781.465891360305
vid_000206_frame0000027.jpg,51.42440779320987,73.5103759765625,41.05684715887126,61.63764378554848,1459.1271284656582,20585.12740862905
vid_000206_frame0000031.jpg,51.42119405864197,73.21369934082031,41.374729134097095,61.97518967658089,1400.9217815457482,20793.742047365755
vid_000206_frame0000034.jpg,51.288163580246916,72.90856424967448,41.36068541708143,62.0663845442169,1454.7989470673656,22064.538891485892
vid_000206_frame0000037.jpg,51.845742669753086,73.20011393229167,42.174578691172684,62.00851384916382,1434.7650665701829,19701.825240135193
vid_000206_frame0000038.jpg,79.84270061728395,93.69297281901042,63.47416306872087,73.54331571359376,921.4137765432099,11606.233254193328
vid_000206_frame0000040.jpg,79.04193094135802,92.42382303873698,65.63337318051182,76.68934980546024,1135.7013628897878,15591.662196535384
vid_000207_frame0000001.jpg,61.46447337962963,80.32537333170573,45.97154836922706,54.90823368398358,1258.4100185076677,10769.678903022548
vid_000207_frame0000002.jpg,61.69514660493827,80.69342549641927,46.08493764764976,54.925282547402254,1246.5644233024693,10453.541542507475
vid_000207_frame0000003.jpg,61.68275655864198,80.29815165201823,46.06383205062754,54.71391752410818,1252.5474140978317,10618.479665335268
vid_000207_frame0000004.jpg,62.56751929012346,81.34521484375,46.480569514368355,55.436947198008944,1247.8267074840319,10930.844565859996
vid_000207_frame0000005.jpg,63.43231288580247,82.28733317057292,46.91639680138429,55.98999724174139,1274.2529628930026,11023.226736298762
vid_000207_frame0000006.jpg,62.056043595679014,81.14222717285156,46.20992196542392,55.2795782946667,1251.2528160557792,10953.417820047354
vid_000207_frame0000007.jpg,60.55519290123457,79.84018452962239,45.50353883310886,54.46181265127427,1267.6248290379317,10893.712313827127
vid_000207_frame0000008.jpg,59.70414158950617,78.69021606445312,45.183933172668524,53.9907403377103,1318.340717953981,11232.94391771569
vid_000207_frame0000009.jpg,60.12457175925926,79.2744852701823,45.40492112401506,54.02632230148275,1228.503214872384,10623.148732445203
vid_000207_frame0000010.jpg,62.313302469135806,81.11341857910156,46.634557998782896,55.46781312841733,1222.832013043305,10855.016828207066
vid_000207_frame0000011.jpg,67.0475173611111,84.99176025390625,49.14038120545118,57.93473786406061,1129.4182534333406,10742.793688244186
vid_000207_frame0000012.jpg,70.38081790123456,87.7821553548177,50.95349100378709,59.992038610335435,1107.585268769156,11219.709399569547
vid_000207_frame0000013.jpg,72.84349151234568,89.6776123046875,52.28271710047314,61.25039675954684,1070.7597830919053,11274.732134788297
vid_000207_frame0000014.jpg,74.49806327160493,91.06180318196614,53.22064828294081,62.57917681885371,1060.6447425238712,11877.469536039745
vid_000207_frame0000015.jpg,76.63574652777778,92.54996744791667,54.382579601227995,63.50223876209735,1023.9467896167896,11900.871891803108
vid_000207_frame0000016.jpg,78.23704475308642,93.84276326497395,55.27846658198295,64.30116276077092,1007.1585780344436,11930.200637741946
vid_000207_frame0000017.jpg,79.83773726851852,95.482421875,56.098384281824735,65.34564982662141,1038.3153106083623,12299.214126702398
vid_000207_frame0000018.jpg,79.3395949074074,94.73506164550781,55.81667478259984,64.86357019447104,1042.6793631772641,12308.958774009487
vid_000207_frame0000019.jpg,78.58977044753087,94.48810323079427,55.405155243282024,64.21250318793757,1027.1625186194904,10987.14057135582
vid_000208_frame0000001.jpg,68.83780864197531,85.84944152832031,50.56451399090297,57.403798454983296,1026.3275900843407,9816.867607269203
vid_000208_frame0000002.jpg,69.22006365740741,86.11043294270833,50.92789905954696,57.97186983932275,1125.5547237988885,10538.382567291846
vid_000208_frame0000003.jpg,70.06235532407408,86.97662353515625,51.367856494817865,58.51081720145906,1150.6720605104047,10666.606725487625
vid_000208_frame0000004.jpg,71.06664737654322,87.7124735514323,51.86697954755471,59.19430074879701,1145.9485280087235,10896.585643801605
vid_000208_frame0000005.jpg,72.98705632716049,88.93490091959636,52.86819672741115,60.0128610092508,1123.6971961504148,10855.03522082325
vid_000208_frame0000006.jpg,73.44468942901234,89.28795369466145,53.144753082942344,60.0910339551904,1112.7720372773263,10794.125559207052
vid_000208_frame0000007.jpg,74.28950038580247,90.35720825195312,53.67814457807313,61.07054233653414,1113.028238849103,11189.644827097422
vid_000208_frame0000008.jpg,75.92452353395062,91.84744262695312,54.679406964348345,62.37074313957695,1095.2733618805726,11412.961804375052
vid_000208_frame0000009.jpg,79.56263888888888,95.31403096516927,56.704625596364885,64.68323657503636,1033.767625756836,11092.970878977096
vid_000208_frame0000010.jpg,83.12885802469135,98.12542215983073,58.68771850239946,66.99165444906674,1040.8931643636067,12242.450377745321
vid_000208_frame0000011.jpg,88.076456404321,101.919677734375,61.45918983474764,69.32788397883448,986.3421468701775,12163.418817683123
vid_000208_frame0000012.jpg,67.4850250771605,86.77020263671875,48.98914805958089,61.06003970908752,1206.7536867323804,13047.784490400692
vid_000208_frame0000013.jpg,66.7483738425926,86.05240376790364,48.550611283062196,61.22400384879877,1255.5812994426965,13842.848211226752
vid_000208_frame0000014.jpg,67.79828125,87.25380452473958,49.205576118943405,62.400243923094244,1246.2281756139353,14321.440676256083
vid_000208_frame0000015.jpg,69.26360532407408,88.81246948242188,50.016338081860034,63.461657374633035,1228.926648350393,14449.905701072654
vid_000208_frame0000016.jpg,69.41679012345679,88.80848185221355,50.23460233078884,63.83624539454451,1224.034971204635,14747.413385152817
vid_000208_frame0000017.jpg,68.80163194444444,87.98439534505208,49.974428202717924,62.95918510495017,1219.7125381172839,13899.795302660903
vid_000208_frame0000018.jpg,67.02996720679012,86.66995747884114,48.99820443964361,61.9054381180644,1204.7986432074317,13322.008873667335
vid_000209_frame0000001.jpg,121.5230574845679,137.6827138264974,50.855200449873855,54.438738738956246,525.9435860205547,14312.020628929138
vid_000209_frame0000002.jpg,121.62094714506173,137.63292948404947,50.83007345222386,54.330858196272,503.21516246570656,13719.663492969936
vid_000209_frame0000003.jpg,121.37956790123457,137.98224385579428,50.58626561119263,53.70653054900255,503.888091745937,13088.334978943458
vid_000209_frame0000004.jpg,118.3339274691358,135.87174479166666,49.1298237367927,53.06166231961704,525.7247888928741,13893.494885291904
vid_000209_frame0000005.jpg,117.04486111111112,135.10388692220053,47.31032958372005,51.986315423588856,520.0514895446191,13355.658193884185
vid_000209_frame0000006.jpg,116.42971064814814,133.75994364420572,47.080204927135675,51.448243194539124,503.80535756172844,12532.544277191162
vid_000209_frame0000007.jpg,128.05525270061727,140.8513641357422,49.87797471707054,52.404532175607144,541.9688339890636,13000.49576401338
vid_000209_frame0000008.jpg,126.6771662808642,141.61478169759116,49.30515243413582,51.685991527506076,527.7301061728394,12615.036878870567
vid_000209_frame0000009.jpg,128.00768711419752,142.68814595540366,49.88310692426379,51.81911671577373,493.57897263682594,11832.652559265494
vid_000209_frame0000010.jpg,129.97287229938271,143.75858052571616,51.67768642755329,53.58400522326292,561.1470695673855,13063.92311321199
vid_000209_frame0000011.jpg,128.4175,142.73693339029947,51.73287606664202,53.764515556219735,519.7835839433501,12399.10250905808
vid_000209_frame0000012.jpg,121.16897569444444,138.13457234700522,51.306170273119356,53.82657057942681,551.3132589671947,13198.706991136074
vid_000209_frame0000013.jpg,122.17084490740741,138.76041666666666,52.362593018926795,54.7774931354534,556.0439535300926,13127.63097847905
vid_000209_frame0000014.jpg,122.8343074845679,139.01629638671875,52.87356834958378,55.29357856806997,577.8546091478051,13584.648065133952
vid_000209_frame0000015.jpg,126.45264274691358,141.42306518554688,53.555716440576354,55.890609542262816,546.3477507682559,13148.55798550602
vid_000209_frame0000016.jpg,125.79217785493827,141.48617045084634,53.613878945556046,55.650980023198144,534.9900101080248,12855.573141956469
vid_000210_frame0000001.jpg,69.32492862654321,98.36487833658855,30.54078781538823,56.3070141267827,476.9237833750952,28464.39458891377
vid_000210_frame0000002.jpg,69.47234567901235,98.29202779134114,30.48457233359175,55.446460100394084,428.22244499300734,26048.517045801273
vid_000210_frame0000003.jpg,69.54146604938272,97.91689046223958,30.75770469086891,54.51368210282855,410.04608951568395,24092.773190721637
vid_000210_frame0000004.jpg,68.67625,97.47357686360677,30.945363303919606,56.02330707052775,458.4538012259945,26973.750596909784
vid_000210_frame0000005.jpg,72.57306905864198,100.64335123697917,31.626148609683806,56.16833924300003,437.60099172333133,25710.93357076659
vid_000210_frame0000006.jpg,76.79267361111111,105.23460896809895,32.02064826732632,58.39018895667114,467.2691685051226,29142.245298326015
vid_000210_frame0000007.jpg,78.16812885802469,105.94778951009114,33.06774676638277,60.13827387408665,491.850006364535,31507.167464256287
vid_000210_frame0000008.jpg,78.35903163580247,105.66045633951823,34.15050047516502,61.335973575702326,528.7450128664788,33785.74613038055
vid_000210_frame0000009.jpg,79.42923032407407,106.33207702636719,34.99096509469134,59.73870291742562,401.4903365900152,28474.369306742912
vid_000210_frame0000010.jpg,79.6535262345679,105.4185282389323,36.72053337944055,63.266043013730275,503.5572699263961,34107.67471309914
vid_000210_frame0000011.jpg,80.89120177469135,105.19366963704427,38.37560668960082,63.024050552830104,452.3409068238812,31807.734370975755
vid_000210_frame0000012.jpg,80.86728395061728,104.15401204427083,40.25003391072403,64.46576022439432,536.2806642912687,35660.54945390648
vid_000210_frame0000013.jpg,81.09262924382716,103.6681620279948,41.916937012150534,64.01242072961429,521.7580342680671,33221.722742185
vid_000210_frame0000014.jpg,80.52777777777777,102.38911946614583,43.50816804610825,64.55859382107853,585.8601789125461,34752.54752991884
vid_000210_frame0000020.jpg,82.57972800925926,100.0150146484375,53.319791950649886,66.22534733178287,800.5196949138041,35383.41309833154
vid_000210_frame0000025.jpg,87.25376157407408,102.82152811686198,58.11602897159889,68.14026046197407,802.6061235205547,35690.098408672726
vid_000210_frame0000030.jpg,92.66950038580246,107.70162455240886,62.177971649999186,70.96056174701073,978.1463321404269,39090.28002609103
vid_000210_frame0000037.jpg,80.11885802469136,94.66966247558594,64.26141682389529,71.11614897864325,832.1738144772041,31776.358882158063
vid_000210_frame0000040.jpg,79.4301813271605,95.56883748372395,61.626331293419184,71.336603951988,878.6955217951269,34868.15919063985
vid_000210_frame0000045.jpg,109.42201388888888,117.25758870442708,61.549645492854815,71.12114501509322,774.6067161503545,35353.51208278444
vid_000210_frame0000048.jpg,106.71399691358025,115.96622721354167,59.137569299875025,79.22845627445936,1272.515024530473,51604.96796740941
vid_000210_frame0000050.jpg,120.07670910493827,124.35035196940105,60.58545881163997,78.89338620698962,1183.1024299542128,49463.86797514465
vid_000210_frame0000052.jpg,102.78511959876543,113.25204467773438,59.234408755214496,77.20638225369541,1071.9117197600187,45860.1465949656
vid_000210_frame0000054.jpg,114.30457947530864,121.07444254557292,60.884189402108845,76.71056024296674,1161.9814592715836,47185.63764643646
vid_000210_frame0000056.jpg,112.21932677469135,119.09669494628906,58.84240683503148,73.84953078996666,752.6955041130831,39485.663344494766
vid_000210_frame0000058.jpg,108.09628472222222,117.30409749348958,58.39310737160274,74.37765973868791,877.23218079906,43906.84282145556
vid_000210_frame0000060.jpg,107.66034336419753,116.3026631673177,57.77445703496114,77.02881917693504,964.9116321587458,49245.13439295348
vid_000210_frame0000062.jpg,101.41855324074074,113.13892618815105,56.259655912569485,76.20837898577325,988.4527301418896,46810.86573281512
vid_000210_frame0000064.jpg,94.83675540123457,107.39984639485677,58.53956558873885,72.160730596488,781.8224296191474,39182.17663161061
vid_000210_frame0000066.jpg,107.62777391975308,115.53370157877605,62.53655845152684,75.98744762873682,787.2736668086301,40266.3703354334
vid_000210_frame0000068.jpg,94.3483236882716,106.60342915852864,64.34022418363308,80.79586760929016,1025.9413609375001,46458.34324392304
vid_000210_frame0000070.jpg,77.76111882716049,94.49104817708333,63.303729556436075,74.54615928210201,854.5864442642694,33274.95922237239
vid_000210_frame0000072.jpg,81.17165702160494,100.87171427408855,53.59239562062583,62.428064493271314,642.7611813584736,23246.72188373562
vid_000210_frame0000074.jpg,75.11786844135803,96.85076904296875,46.57133791931843,60.119756481911836,604.7838030444906,24943.584076547762
vid_000210_frame0000076.jpg,70.77965856481481,94.18309020996094,42.57340611662492,56.72744371278271,515.818743736604,22151.975994379958
vid_000210_frame0000078.jpg,60.01541473765432,86.18440755208333,33.685206603856614,50.0722177495204,458.727549277692,17841.823952635517
vid_000210_frame0000082.jpg,58.095551697530865,85.49271647135417,32.39086397345975,51.02020918269459,463.0005421191474,19580.657214492327
vid_000210_frame0000083.jpg,56.35295910493827,83.30372111002605,31.440987358445742,50.29485648751077,484.36079398787797,20214.77672722563
vid_000210_frame0000084.jpg,53.73165702160494,81.06226094563802,29.45766952984026,46.97217135619898,434.44526876232425,16753.012490689754
vid_000211_frame0000008.jpg,78.0316300154321,101.58080037434895,48.00355990774867,48.25178940402916,343.08869238629546,6567.972486190265
vid_000211_frame0000009.jpg,77.72702546296296,101.14862569173177,47.31220579791073,47.43297058427824,329.18516469425157,6396.818539136788
vid_000211_frame0000010.jpg,77.68890046296296,101.09862772623698,46.538690547217385,46.878652880116924,342.8200935565629,6657.8943973330315
vid_000211_frame0000011.jpg,77.3017650462963,100.54121907552083,45.00380737461856,45.42957677019525,328.5561863661694,6597.852769629797
vid_000211_frame0000012.jpg,73.77937885802469,98.08120218912761,42.123067315630585,44.077071031891165,319.7134721833405,6675.447050686926
vid_000211_frame0000013.jpg,70.54370563271605,95.31043497721355,39.96160212756265,42.676725885307036,316.6554672788266,6493.877439408563
vid_000211_frame0000014.jpg,67.72437885802469,92.44525146484375,38.66186489132392,42.04399255313635,331.5046899908037,6866.479819892906
vid_000211_frame0000015.jpg,66.29280478395061,91.49519856770833,38.018539255038334,41.86408764620941,332.4126412703819,6711.806076334557
vid_000211_frame0000016.jpg,66.84898919753087,91.68590291341145,38.75260386189609,41.99784199141918,339.3023672062543,7067.247812391957
vid_000211_frame0000017.jpg,70.56285300925926,95.080322265625,41.897538343586646,44.396104637780724,330.0252245916589,6567.134853363037
vid_000211_frame0000018.jpg,71.52552854938271,95.69964090983073,42.959989419060136,45.252042995841485,355.21137326358746,7039.336832634173
vid_000211_frame0000019.jpg,73.9441724537037,98.1780497233073,44.19153268602496,45.96835207015833,315.62260107368286,6374.508890024386
vid_000211_frame0000020.jpg,77.03178819444445,100.75643920898438,46.01573580914457,47.5759194702931,350.3507572900256,6989.023089432856
vid_000211_frame0000021.jpg,80.25726851851852,103.00279744466145,47.13408663689755,47.581309035698105,344.6408013497728,6892.588042161427
vid_000211_frame0000022.jpg,80.26181327160494,103.17585754394531,46.5707676945151,47.03206275282183,341.6811632852352,6898.658918875968
vid_000211_frame0000023.jpg,78.1268788580247,101.06829833984375,45.38926561854894,46.50387343212328,336.44002761046266,6975.961119494401
vid_000211_frame0000024.jpg,75.50374228395061,98.78127543131511,44.27425445909723,45.39620227963612,322.95917739113804,6570.625775344437
vid_000212_frame0000006.jpg,77.97544945987654,101.57912190755208,49.53270439885339,49.82467109198279,345.7455889338657,6829.072732997825
vid_000212_frame0000007.jpg,77.4036863425926,101.10952250162761,49.075082686172884,49.335913409492235,350.4035621342579,6894.890166066354
vid_000212_frame0000008.jpg,75.28978587962963,99.45852152506511,47.6686108674227,48.93054538218531,360.9659265925069,7109.593343164772
vid_000212_frame0000009.jpg,71.57244405864198,96.34144083658855,44.948733042956945,47.30086781586174,337.6399467001833,6954.2816162109375
vid_000212_frame0000010.jpg,61.960086805555555,87.68323262532552,37.54328975496394,42.88643992872449,337.8330149417746,7755.286941166967
vid_000212_frame0000011.jpg,52.36398919753086,78.47269185384114,29.218703386783297,35.71327036222003,339.7857391927083,7254.07025630679
vid_000212_frame0000013.jpg,54.88488040123457,81.67610677083333,31.29602795137964,37.13325139778042,351.59490233621483,7202.130065960577
vid_000212_frame0000014.jpg,72.66831597222222,97.43394470214844,45.08850507727957,47.557899290138806,371.3635710035955,7624.143588802777
vid_000212_frame0000015.jpg,95.37943479938272,116.84523518880208,59.09098417518243,56.139883301196534,409.6918454860777,8300.603792482754
vid_000212_frame0000016.jpg,99.3860050154321,120.06631978352864,62.275887501456864,58.22205265224514,435.7696527615687,8770.893898313632
vid_000212_frame0000017.jpg,77.72660108024691,101.46531168619792,49.91908049199705,50.261805799649885,354.0742429389776,7352.375060850522
vid_000213_frame0000002.jpg,52.237050540123455,79.24636332194011,30.909993557381295,39.360254884981025,343.625462654321,7217.130589351058
vid_000213_frame0000003.jpg,52.399409722222224,78.39876810709636,30.945110911290428,39.13052093141139,343.16449908639834,7144.662395018851
vid_000213_frame0000004.jpg,51.82050733024691,77.63057454427083,30.70385173170248,38.55653674974897,353.07621039734306,7600.480378117412
vid_000213_frame0000005.jpg,51.367596450617285,77.9033915201823,30.048530579366492,38.227087202886935,348.6797456910352,7354.835252191871
vid_000213_frame0000006.jpg,50.56343942901235,76.58639526367188,29.503803952390086,38.06336941466108,353.76283074189274,7767.276327259606
vid_000213_frame0000007.jpg,50.470042438271605,76.84090677897136,29.27385452179152,37.82728911909101,351.59253096654237,7412.480212947121
vid_000213_frame0000008.jpg,50.447359182098765,77.06178792317708,29.37100476786452,38.5201794737011,359.14751217417773,7705.06068882253
vid_000213_frame0000009.jpg,50.872820216049384,77.51698303222656,29.47200397332677,37.65983415780549,346.1612834876543,7153.695358542493
vid_000213_frame0000010.jpg,51.38295910493827,77.4623311360677,30.11075333750951,38.61015151445861,360.1213151897666,7572.806867625564
vid_000213_frame0000011.jpg,52.62777199074074,78.45883178710938,30.83613615785127,38.21086221180128,349.10630399613666,7281.512449130416
vid_000213_frame0000012.jpg,52.722862654320984,79.4622294108073,31.071448000510376,39.60521912752286,361.309105693768,7687.443889742484
vid_000213_frame0000013.jpg,52.43124614197531,78.16979471842448,30.730651642556207,38.50061832231445,348.6551918965072,7425.37403321173
vid_000213_frame0000014.jpg,51.15925540123457,77.44122314453125,30.030443535714646,38.75826857914665,360.21329140782404,7748.396603814326
vid_000213_frame0000015.jpg,51.336278935185184,77.51553853352864,30.065663943193314,38.79340978084317,364.9463134150753,7700.946740213549
vid_000213_frame0000016.jpg,51.56665702160494,77.72621154785156,30.518862142975852,38.96456742287992,359.2967633219401,7762.981926239096
vid_000213_frame0000017.jpg,51.94978202160494,77.90426635742188,30.887598696431656,39.41256450152993,354.4075512140721,7544.736893459223
vid_000213_frame0000018.jpg,52.025935570987656,78.28220621744792,31.203584922108217,39.6195787362438,360.1166765351388,7678.817699856125
vid_000214_frame0000001.jpg,51.271448688271605,74.0621846516927,46.468959402046195,65.52895415038839,2168.4234176657005,24165.295028365217
vid_000214_frame0000002.jpg,51.41947723765432,74.16278584798177,46.5276122040655,65.56207599296224,2135.040498223668,23776.838020159863
vid_000214_frame0000003.jpg,51.405515046296294,73.80484008789062,46.48277039651895,65.38517156803292,2176.474446132297,23955.692387930118
vid_000214_frame0000004.jpg,51.42012538580247,74.48135884602864,46.33417603966215,65.46456990248348,2114.8378856288577,23966.415628731018
vid_000214_frame0000005.jpg,51.75461419753086,75.13291931152344,46.553635827954125,65.72376517528248,2140.5050506218054,23992.88422733452
vid_000214_frame0000006.jpg,51.806792052469135,75.18858846028645,46.56040927622818,65.37631854513562,2096.9326769642435,22975.47165636695
vid_000214_frame0000007.jpg,52.67963155864197,76.03422037760417,47.16450935162671,65.91683559077333,2147.862360588637,23510.524221684784
vid_000214_frame0000008.jpg,52.76163966049383,76.1808573404948,47.27703752289417,66.21821513418558,2181.4594834731533,23916.45950809843
vid_000214_frame0000009.jpg,52.298360339506175,75.79547627766927,46.808523245150134,65.5098823254532,1933.3872753170813,22035.54684260278
vid_000214_frame0000011.jpg,52.62474537037037,76.03369649251302,47.162361711471604,65.77545979505194,2109.8533492535794,23316.730766460067
vid_000214_frame0000012.jpg,52.54635223765432,75.71104431152344,47.25843236293565,65.92852585748169,2146.6083169149933,23663.268408356
vid_000214_frame0000013.jpg,52.70356288580247,75.75264994303386,47.27992868318782,65.93675978767307,2148.0702412872606,23552.08319056756
vid_000214_frame0000014.jpg,52.58771604938271,76.08859761555989,47.29785979549378,66.20732405170777,2220.6243843058433,24357.282897412777
vid_000214_frame0000015.jpg,53.3751986882716,76.54932149251302,47.84396513122914,66.30600758677457,2163.7448061864698,23754.968280255795
vid_000214_frame0000016.jpg,53.71504629629629,76.64726257324219,48.101745356327946,66.21402817833778,2121.1529356090323,23445.406524743885
vid_000214_frame0000017.jpg,53.31079089506173,76.27439371744792,47.93652525760115,66.16440001253555,2206.830875180544,24061.367105341516
vid_000214_frame0000018.jpg,52.82724729938272,76.03497823079427,47.55882979974482,66.08303189445488,2155.581360491684,23782.492722373223
vid_000214_frame0000019.jpg,52.631894290123455,75.81288146972656,47.27466874854992,65.73589445737413,2069.057346522955,22654.957590735517
vid_000214_frame0000020.jpg,52.60022569444445,76.12988789876302,47.21503381916337,65.82036396715074,2089.4637694824887,23039.802542563528
vid_000233_frame0000020.jpg,132.33380208333332,152.93962605794272,32.021217192272964,51.18979148030412,372.1524145864144,20830.658797009848
vid_000233_frame0000021.jpg,132.58186728395063,152.93898010253906,31.994335965275628,50.4937817333501,355.77074783384637,19909.501065384364
vid_000233_frame0000022.jpg,128.05938271604938,144.7179921468099,41.45574963944499,45.575510998026346,318.93592021360456,11425.693499889225
vid_000234_frame0000001.jpg,59.79466242283951,79.61097717285156,42.28928791501502,54.73918263720341,1629.9438865719308,11196.479994102381
vid_000234_frame0000002.jpg,59.941120756172836,79.86156209309895,42.38473421073059,54.88729583913314,1631.0159073881173,11193.489378123544
vid_000234_frame0000009.jpg,54.28129436728395,73.58134460449219,38.76070276854704,51.1738196918835,1714.0480108923555,11324.387559517985
vid_000234_frame0000011.jpg,54.44006944444445,74.2125244140625,38.81948141713355,51.60900916374011,1705.7807200279374,11606.21786634787
vid_000234_frame0000060.jpg,49.772970679012346,72.04588317871094,38.09985404449869,52.22667630253612,1788.4796627743488,11046.625699512428
vid_000234_frame0000062.jpg,56.84906057098765,79.50692749023438,40.48732212888868,55.15135463941583,1765.7555066663117,11365.793680842733
vid_000235_frame0000006.jpg,84.19520833333333,109.55591837565105,35.27776645060787,38.92188775642744,281.06608825820905,6267.216747126542
vid_000235_frame0000007.jpg,89.35038773148148,113.30772908528645,37.595015179188714,40.730088299058856,277.4447317867745,6364.458438631147
vid_000235_frame0000011.jpg,108.42750385802469,128.33709716796875,44.47009900741342,45.5158820494372,313.0480833812572,7171.743356508901
vid_000235_frame0000012.jpg,120.55757908950618,137.01620483398438,48.60792174699544,46.71362055366862,354.04299486547814,7383.644643746084
vid_000235_frame0000014.jpg,138.64026427469136,150.88909403483072,52.70574947853165,48.23057566769245,367.6896672130862,7267.940021014772
vid_000235_frame0000017.jpg,132.93373070987656,145.91650390625,49.12961314423485,46.312638342200714,354.48369248113846,7602.124963745475
vid_000235_frame0000020.jpg,136.37579089506173,146.73167928059897,47.26837867171426,45.138938716996314,330.91236151536646,6999.4510897658765
vid_000235_frame0000021.jpg,118.10418595679012,135.7206268310547,43.73994851281483,46.90045358564296,282.83400899991426,7777.309845169773
vid_000235_frame0000023.jpg,116.18690200617284,131.00047302246094,44.31651930405307,48.21532900678948,278.7142617412216,9436.99904475268
vid_000235_frame0000027.jpg,120.8468074845679,139.00823974609375,40.81225691929356,53.73595727164636,334.0217650161555,15368.711133166216
vid_000235_frame0000032.jpg,124.53487268518519,139.8992716471354,40.055444010179414,56.083046197211544,376.9161003327212,17450.018443412147
vid_000235_frame0000037.jpg,131.30613040123455,140.9264119466146,44.104907504353335,58.30593022035493,380.9803423562886,17201.522673896514
vid_000235_frame0000039.jpg,118.47413966049383,133.46338907877603,41.13810725203431,55.8244492392568,330.5074739687486,14324.45970028988
vid_000235_frame0000048.jpg,106.45450810185186,129.81200154622397,35.59662133614553,52.8700425586394,314.76474721817,12985.195861219428
vid_000235_frame0000070.jpg,121.83837191358025,138.81919860839844,39.16932219883312,48.76127726492467,291.6023214883603,11275.483016920974
vid_000235_frame0000089.jpg,120.38828896604939,139.602783203125,38.045195738661164,47.28545603246776,311.5235920497564,11006.12272273656
vid_000235_frame0000116.jpg,141.87289930555556,153.69050089518228,28.305934616858032,45.7158604373304,312.67167399034963,9501.763074187329
vid_000235_frame0000126.jpg,143.9480401234568,153.56383768717447,31.504388056870688,49.56015750684426,326.31612171903794,12576.986717255553
vid_000235_frame0000132.jpg,127.08540895061728,144.52515665690103,43.219009905293646,45.32347655615248,277.48207410860203,8065.624245941406
vid_000235_frame0000135.jpg,120.07757330246913,138.04286193847656,44.285722800433305,50.521715779169874,314.48233284022956,11852.319429043448
vid_000235_frame0000139.jpg,125.71593364197531,141.86585489908853,41.6017403034221,51.76452963768513,382.6464063934703,14307.127113512717
vid_000235_frame0000143.jpg,125.60554398148147,142.12877909342447,41.491404529369994,51.865551115040766,365.12482621192873,14192.33738934598
vid_000235_frame0000147.jpg,123.5181288580247,140.60277303059897,41.700981463108064,51.98730388918453,361.2094177876037,14581.361902615987
vid_000235_frame0000149.jpg,122.12800154320988,139.54607645670572,41.20577268777148,51.23864315549219,367.3417158588593,14316.919053997844
vid_000235_frame0000151.jpg,122.10038773148148,139.69266255696616,41.21856922460723,51.656596006760644,366.1609309572991,14734.212399285054
vid_000235_frame0000156.jpg,120.65215663580247,138.98770650227866,40.92296455710573,50.477802662541364,321.9134828301491,12550.844086311525
vid_000235_frame0000161.jpg,115.15076388888889,135.5862782796224,39.746429126079974,49.70387695979567,302.50405787837445,11572.2976100815
vid_000236_frame0000001.jpg,75.13636188271605,94.70780436197917,54.534340653660934,65.66786306146548,1555.6330051935643,12360.5644273886
vid_000236_frame0000003.jpg,75.85731481481481,95.43418884277344,54.79759723329908,66.17213858562454,1590.7237039311326,12559.838513416937
vid_000236_frame0000007.jpg,75.61271026234567,95.1014404296875,54.6641033805818,65.85931742070954,1544.928687511755,12246.95619106642
vid_000236_frame0000009.jpg,85.23696373456791,102.18957010904948,57.49889560300305,68.08740711013102,1407.0133356023005,12880.659306349
vid_000236_frame0000010.jpg,81.31664737654322,98.89420064290364,55.51936964461345,66.19713414175118,1414.2109515925067,12756.774631723762
vid_000236_frame0000012.jpg,76.90391782407407,94.90395609537761,52.46972850896958,63.76985357574506,1451.5494195280014,11929.745923554292
vid_000236_frame0000016.jpg,77.1181037808642,95.36679077148438,52.57533968295221,64.06087798260612,1373.9785755240148,11645.599395034602
vid_000236_frame0000020.jpg,84.79671103395061,100.98496500651042,57.0994688838836,68.50229982683909,1413.210707276898,13586.746254321188
vid_000236_frame0000023.jpg,86.20381558641975,102.6826171875,57.96741796584082,70.6102215116187,1503.6777118079335,17409.720096051693
vid_000236_frame0000030.jpg,91.45911844135803,105.68905639648438,60.85923281112452,73.21620263963442,1344.802283927978,17505.422762840055
vid_000236_frame0000031.jpg,91.9974787808642,106.89811706542969,61.12414822591863,74.826921949307,1347.2422258968568,22364.50309485919
vid_000236_frame0000037.jpg,92.46006558641976,107.3321024576823,61.377365234367815,73.25776826296999,1379.5458298249087,15043.108799524372
vid_000236_frame0000044.jpg,92.73021219135802,107.6942850748698,61.52010157183324,74.37171178046589,1408.3014815134977,17307.749642789364
vid_000236_frame0000045.jpg,92.57613811728395,107.26138814290364,61.279662268741724,74.55776172051829,1519.055600156431,21369.679316549562
vid_000236_frame0000048.jpg,92.1406037808642,107.41236877441406,61.060511509806005,75.2379153597597,1514.7138790122117,23896.203989966772
vid_000236_frame0000050.jpg,91.26898148148148,106.83725992838542,60.271585402968384,70.45159155453393,1245.690025436707,13432.289501067251
vid_000236_frame0000052.jpg,86.61372299382717,103.94404602050781,58.3031612706256,69.4553485188705,1455.3578912757403,13033.474779731594
vid_000236_frame0000053.jpg,86.14280092592593,103.02626546223958,58.158747682267276,69.40013109519637,1518.3848055507333,13987.273287253221
vid_000236_frame0000057.jpg,77.88362847222223,98.51065063476562,55.48505687801923,68.81639445007927,1756.875586366169,13408.841831556521
vid_000236_frame0000060.jpg,79.9709375,99.51624043782552,56.96964642425321,69.82496259598986,1753.401198625277,14233.525010609766
vid_000236_frame0000064.jpg,81.46630979938271,100.61514790852864,57.25237183750352,69.7316108687756,1748.050873826484,14176.651240363484
vid_000239_frame0000013.jpg,127.42263310185186,141.0631866455078,51.55137541882803,47.20303179558385,334.4622498166098,6460.811701711034
vid_000239_frame0000017.jpg,138.9035763888889,149.5109405517578,54.49819799251774,48.90038000097621,361.29196391661844,6640.216387018561
vid_000239_frame0000045.jpg,128.62292438271604,141.04247029622397,53.26753150601483,48.22855858076047,316.55218878547237,6570.840544014238
vid_000239_frame0000053.jpg,131.88370177469136,143.61298116048178,54.59667011748275,49.21953508537435,340.0417161131473,6848.418675148627
vid_000239_frame0000063.jpg,134.2356500771605,145.45270284016928,52.655082413712336,48.10235068980436,328.81018104500896,7328.586900821887
vid_000239_frame0000065.jpg,135.21891396604937,147.1191151936849,52.66933335278417,48.54463105672541,343.5615235145265,7751.091421440011
vid_000239_frame0000067.jpg,135.22991512345678,148.03167215983072,52.237166428456646,48.92194818118004,347.57900996602797,7758.150712704053
vid_000239_frame0000073.jpg,130.65255979938271,145.41122436523438,50.45165946824945,48.310793328455006,337.94333773118007,7920.437270041555
vid_000240_frame0000016.jpg,140.75398341049382,150.88170369466147,36.710692089955074,47.98397075593348,330.0343651233228,12505.023376761936
vid_000240_frame0000018.jpg,139.18871334876542,150.4900919596354,36.56448360035007,48.111417031585304,363.1237322731468,13954.546338638058
vid_000240_frame0000021.jpg,141.51583912037037,153.01236979166666,37.02044177831718,47.275865363472796,338.68898348765435,12401.476342356764
vid_000240_frame0000028.jpg,140.92617669753088,153.70091756184897,38.98549386911467,48.58345582336401,333.49270467772095,12146.965166918002
vid_000240_frame0000030.jpg,139.1656076388889,154.0010986328125,37.670457328786725,50.98491589058305,365.08581507148057,14661.427709407872
vid_000240_frame0000032.jpg,138.26683449074073,153.1218516031901,37.5769532593144,52.90354481046896,404.7461924837843,16719.20785000827
vid_000240_frame0000043.jpg,135.9560976080247,152.82770284016928,39.67395099786,57.30867306927045,374.71672343719865,19387.491643663496
vid_000240_frame0000052.jpg,144.178125,157.32561238606772,54.23605057503913,60.33545205962581,486.41462364312747,19121.309938190272
vid_000240_frame0000057.jpg,139.62003858024693,154.83673604329428,57.12853360898848,55.884204235103795,408.4002719773448,13510.880997415632
vid_000240_frame0000058.jpg,133.11626350308643,149.44281005859375,55.61212487425141,53.50201302689828,372.35618489553195,11350.286804347299
vid_000240_frame0000060.jpg,133.772606095679,148.91552734375,55.59127049185042,53.09241806269558,380.94524137517146,11434.07571282587
vid_000240_frame0000063.jpg,124.28257716049383,142.84649658203125,53.8275223299311,52.07184495367635,319.8860829153472,10300.919214000693
vid_000240_frame0000064.jpg,114.4609162808642,135.33389790852866,53.62617121020857,51.89963301963148,304.8956408130787,9160.270421928726
vid_000240_frame0000066.jpg,135.6506500771605,150.3124033610026,63.16250805781082,58.43994374316947,378.3432003946103,9512.619093521498
vid_000240_frame0000068.jpg,121.9700462962963,139.7907460530599,61.459589800070404,60.11247638312421,363.1597824355053,11976.831259861356
vid_000240_frame0000069.jpg,119.15348572530864,136.85571797688803,63.11705060264769,62.18690326967851,381.93856529371885,10874.541597893229
vid_000240_frame0000072.jpg,129.5446489197531,140.66375732421875,71.36374939108074,70.67077074198342,609.2601119027764,17299.435025419807
vid_000240_frame0000077.jpg,124.41929783950617,138.20291137695312,68.54954389813818,68.2269991003373,605.0107423318744,17107.287791967392
vid_000240_frame0000085.jpg,120.41466820987654,135.25615437825522,64.7320883524321,65.90653652999194,571.1790920138554,15940.137529863976
vid_000240_frame0000108.jpg,121.12904513888888,134.0294952392578,65.54452246885342,65.26708261711677,465.1093866378386,13560.39263843
vid_000240_frame0000126.jpg,132.7480401234568,148.3293253580729,49.75353882678611,51.63507099293948,308.4855904947582,11103.694490754744
vid_000240_frame0000127.jpg,128.13132137345679,143.5394032796224,48.86060784425258,51.24983985654012,332.27669866868,11722.998971082037
vid_000240_frame0000131.jpg,120.54883487654321,135.65069580078125,45.12602072338833,43.31352171381173,279.7406204544632,6537.572647418827
vid_000241_frame0000005.jpg,133.2686149691358,139.50313822428384,86.74737920941507,87.9172390279223,824.2513889812872,5976.033280580305
vid_000241_frame0000006.jpg,133.81580439814815,137.88551330566406,87.73842251008061,87.6215024392558,789.7373993400836,6233.378139480948
vid_000241_frame0000007.jpg,133.35363040123457,136.63011678059897,87.86625671876386,87.08208219181307,786.2885986445675,6132.370622631162
vid_000241_frame0000008.jpg,133.35173418209877,135.90855916341147,88.02174752035639,86.7846181456073,793.0738733576269,6484.204880855046
vid_000241_frame0000009.jpg,131.89949074074073,135.52440897623697,87.028081677768,86.53333872939554,771.4139574215735,6764.5673061476555
vid_000241_frame0000010.jpg,128.3601813271605,132.35012817382812,84.95571276886496,84.67119902276865,771.0635227258754,7012.355107724667
vid_000241_frame0000011.jpg,124.57999035493827,130.1697998046875,82.66449991840007,83.37318623270545,758.7245102418499,6950.501304931007
vid_000241_frame0000012.jpg,123.18051118827161,129.72278340657553,81.73946612703385,83.06515684263007,775.2832660225573,7208.3711377826985
vid_000241_frame0000013.jpg,124.78608024691358,131.8435312906901,82.40441761429774,84.14623639166831,761.9056944251541,6853.032759161433
vid_000241_frame0000014.jpg,125.17022955246914,132.60851033528647,82.36117089131102,84.08636639643692,727.5439161903079,5645.821574088186
vid_000241_frame0000015.jpg,121.66138117283951,131.3222198486328,79.67223719545075,82.96926163779592,774.1614886908637,6174.311439356767
vid_000242_frame0000007.jpg,166.33012924382717,167.4864705403646,21.73499087507923,37.66653275896226,654.7722923691151,9222.347200921737
vid_000242_frame0000008.jpg,168.11462962962963,169.75105794270834,20.142011264123063,36.11835787594511,702.2092060908565,8715.713218794903
vid_000242_frame0000010.jpg,170.28680169753088,173.09345499674478,20.581137183092103,36.386066923753376,702.8540186387804,9156.172977744602
vid_000242_frame0000011.jpg,162.13071952160493,165.59125773111978,21.59424027250773,39.01113645572089,790.7024551492574,11628.458202043315
vid_000242_frame0000012.jpg,148.31848958333333,157.167724609375,21.595957929113702,37.54465434264464,721.9018089729884,10872.193065836094
vid_000242_frame0000014.jpg,160.42642939814814,163.53668721516928,20.280309492393943,37.5173463417318,736.4866766953874,11116.987372398376
vid_000242_frame0000015.jpg,161.00545331790124,165.2693074544271,22.706393460443245,39.10790724862922,754.100361946983,10319.785519303521
vid_000242_frame0000055.jpg,162.9749363425926,165.07947285970053,23.537087613824593,40.36140767308119,863.87600074344,10616.23037501215
vid_000242_frame0000057.jpg,162.6339988425926,165.2636464436849,24.239247638908004,39.17332435804676,811.8653671143248,8676.667200859636
vid_000242_frame0000060.jpg,170.8586747685185,172.44684855143228,21.02533914972706,38.2148660814189,726.8326684750823,10352.739184049657
vid_000243_frame0000012.jpg,161.4502160493827,161.85541280110678,42.428601818444804,43.58838644128286,670.8773566113883,9998.757990564918
vid_000243_frame0000013.jpg,163.8374787808642,162.98407999674478,42.043202226315216,44.05411104728794,657.745775633225,10559.468902250519
vid_000243_frame0000014.jpg,163.54380594135802,163.50801595052084,41.59204107064497,43.57139506756537,670.2933075483325,10899.720391688636
vid_000243_frame0000015.jpg,163.1913638117284,162.96320597330728,41.20666249317877,43.69463432140725,667.9822520574791,11541.400884842267
vid_000244_frame0000005.jpg,181.62858410493828,182.48463439941406,59.4159374604741,31.155541125469874,703.0159408476067,4703.937893136404
vid_000244_frame0000006.jpg,174.0837114197531,174.0061289469401,59.5041160661845,37.95595056136869,698.0032436234087,6682.7562728486955
vid_000244_frame0000007.jpg,180.37650655864198,180.77490234375,58.824745859631115,29.932489862555265,661.2780737396785,5463.6510481238365
vid_000244_frame0000008.jpg,179.93943287037038,179.73944091796875,58.9047755744883,28.525839002572887,671.0001738340192,5071.321843258804
vid_000244_frame0000009.jpg,179.19853202160493,179.69241333007812,58.42926183568419,28.36987679711449,663.3671638754929,4845.913290109485
vid_000244_frame0000010.jpg,173.48107831790122,178.8229014078776,59.66208532996952,29.334168330138404,707.5181189471881,5507.634046521038
vid_000244_frame0000011.jpg,181.17867669753088,184.0704600016276,57.90775987155317,28.48862028577259,692.3123559148004,4529.993348082295
vid_000244_frame0000012.jpg,181.09931134259259,184.44619750976562,58.01340974441943,28.194502959579687,693.7352808286984,4273.16722067981
vid_000244_frame0000013.jpg,184.28061342592594,186.17554728190103,57.27447838401277,27.890767349907406,686.1233276906707,4054.734560236335
vid_000245_frame0000004.jpg,128.4471412037037,129.70726521809897,75.2380415773304,80.2450522585597,1392.9733550451376,30218.88646644354
vid_000245_frame0000005.jpg,144.5712673611111,143.21350606282553,62.73886861187256,62.99407877292296,726.9501210614659,13582.876846456667
vid_000245_frame0000006.jpg,164.811824845679,159.51446024576822,37.11419870081919,46.64787362153883,647.6922821606211,11157.557943984633
vid_000245_frame0000011.jpg,132.07771797839507,144.02706400553384,38.39488847585368,48.16997531631946,943.8194986592024,12880.373337164288
vid_000245_frame0000014.jpg,146.0025250771605,146.8846232096354,48.65986498985355,69.72180447383855,1365.691838907342,36537.8448369503
vid_000245_frame0000015.jpg,153.99226080246913,149.75414530436197,46.190843360138715,67.89573429068503,1288.6809580970291,34067.319118924206
vid_000246_frame0000001.jpg,142.42554783950618,151.20832316080728,60.52403241759156,75.83097030255566,1695.6949668101372,47198.20435499749
vid_000246_frame0000005.jpg,140.88185570987653,149.26488240559897,60.26162840717745,75.21646129318638,1539.9767110575274,44142.928584726295
vid_000246_frame0000008.jpg,140.2610088734568,149.29483540852866,59.9473120431967,75.15062458224205,1585.6855661844138,44544.04896293371
vid_000246_frame0000011.jpg,140.17538387345678,148.97721354166666,59.61491401600627,73.55825150950804,1365.125302333971,39680.5568458566
vid_000246_frame0000014.jpg,145.98133680555554,153.83053080240884,59.942674653902195,74.14124209629021,1544.8385099823374,42578.65348802507
vid_000246_frame0000020.jpg,136.65798611111111,146.15863037109375,62.99942828924253,74.50208768154502,1444.270487557837,34589.76352868136
vid_000246_frame0000021.jpg,134.98003665123457,144.82390848795572,62.02498647746343,75.13732411428926,1567.6290739228339,36713.75569479074
vid_000246_frame0000024.jpg,135.94978973765433,143.12027994791666,60.034485396954025,76.84183516238275,1841.1509764397933,40831.82008728548
vid_000246_frame0000027.jpg,154.22827160493827,156.76542154947916,49.548630153608386,61.59462041285274,719.425261694336,20674.406846798025
vid_000246_frame0000029.jpg,150.30686342592594,153.2239227294922,45.59342452921026,58.63364201064527,1037.1142373969853,22939.361301218858
vid_000246_frame0000030.jpg,140.18801890432098,149.48200480143228,44.56596539919904,58.90855849036209,1052.1482663239656,21792.041157885455
vid_000246_frame0000031.jpg,138.8610802469136,151.28775024414062,43.540688044005606,59.38135471826071,1106.0082682216314,22514.774140614783
vid_000246_frame0000032.jpg,125.18339506172839,140.7159678141276,48.08735705660694,62.03993783744964,1020.7859643420729,22359.84948515892
vid_000246_frame0000036.jpg,145.16453317901235,151.5412343343099,41.79985676152038,57.71618171713254,830.1132713391634,22034.605095809093
vid_000246_frame0000044.jpg,126.31066165123457,138.3144734700521,52.69478910069031,67.52466043240427,1254.6885284512912,30101.668842062354
vid_000246_frame0000046.jpg,136.3189776234568,144.89713541666666,58.07208191972958,71.96719968385479,1229.5072420106403,35351.25210360973
vid_000247_frame0000006.jpg,150.97749421296297,150.45260111490884,50.47810903312977,75.39973958186467,1174.2503849258403,37493.79802411399
vid_000247_frame0000007.jpg,147.70464313271606,151.69947814941406,43.76679990547641,74.20411398541954,1239.2551833333334,39253.159621892264
vid_000247_frame0000008.jpg,154.80892939814814,153.32206217447916,44.190861281558796,75.38309382663358,1244.6648633005066,40873.89828636474
vid_000247_frame0000012.jpg,154.19469714506172,152.61487833658853,43.42314442200066,77.00181231848418,1326.1990997465157,44705.729897021316
vid_000247_frame0000014.jpg,154.39112847222222,153.57440185546875,36.898753789927625,71.78590965928235,996.6536568238812,36546.512110408396
vid_000247_frame0000016.jpg,179.03817322530864,165.74752807617188,42.53561959575028,71.40552942710332,895.3442098764092,28727.158161373576
vid_000249_frame0000001.jpg,48.71938464506173,65.79206848144531,61.69054107423465,69.09054501595537,1783.7501484130862,13937.137736387318
vid_000249_frame0000005.jpg,43.38632523148148,58.93228658040365,58.81161090529146,65.32340806830854,1929.4658636426382,12693.118260350078
vid_000249_frame0000006.jpg,41.997270447530866,58.16883850097656,56.93751714534176,64.52983631003752,1949.508135865129,13337.300649805926
vid_000249_frame0000008.jpg,39.4559375,57.16282653808594,53.06610285512458,62.971021029615756,2044.301531502881,14245.49604164972
vid_000249_frame0000009.jpg,39.999913194444446,57.89509582519531,53.5591119258495,63.8584492999477,1858.5708266779393,13486.673476889497
vid_000249_frame0000012.jpg,42.76684799382716,60.54981486002604,56.17140163457411,66.20402719106299,1931.607293226454,13994.32242154982
vid_000249_frame0000017.jpg,36.45236304012346,58.1111094156901,48.00169881906629,64.54672180624742,1894.2732925893438,15592.42960035964
vid_000249_frame0000020.jpg,36.70986689814815,59.343587239583336,49.323694893559654,66.427689783284,1964.9876958474993,16935.719424612587
vid_000249_frame0000023.jpg,36.99079089506173,61.76075744628906,48.51890032080832,67.23181888844744,1985.3149739783933,16722.722719601355
vid_000249_frame0000028.jpg,46.395194830246915,71.63048807779948,59.259212471901556,73.1891826373315,1813.7435887570396,16989.437137678033
vid_000249_frame0000033.jpg,50.24148919753087,74.96736653645833,61.32040521536137,75.25041678932992,1848.4433088648836,17003.142317399383
vid_000249_frame0000040.jpg,49.10399691358025,74.09760030110677,60.12252993627482,75.2020791107186,2015.7406818467882,17747.309399373597
vid_000249_frame0000048.jpg,47.566930941358024,71.75047810872395,58.85348158724722,74.43741564588345,1856.5815397113981,18031.063745336374
vid_000250_frame0000001.jpg,17.757708333333333,34.37018330891927,37.98064395954336,51.62743438762313,2122.919023726316,11544.813559749862
vid_000250_frame0000002.jpg,17.91875964506173,34.48042297363281,38.11276042052075,51.648104771830106,2178.8587716478055,11708.021448358893
vid_000250_frame0000003.jpg,17.00292438271605,33.11931864420573,37.36537180286721,50.98621495779304,2284.4483078441144,11901.4142540982
vid_000250_frame0000004.jpg,10.65147762345679,24.466903686523438,31.979917112323374,45.64742636539792,2389.807952811502,11256.530383165693
vid_000250_frame0000006.jpg,13.480574845679012,28.672780354817707,35.393738885472516,50.95026264472861,2533.3892070255906,11910.500060542487
vid_000250_frame0000007.jpg,16.552617669753086,32.04015604654948,38.42889579869236,55.585264583652915,2520.0514364122173,12168.085588939255
vid_000250_frame0000008.jpg,25.19704089506173,42.93384806315104,46.359733000386825,64.3012040688645,2369.462219091562,12362.735736306757
vid_000250_frame0000011.jpg,25.50087962962963,43.13627624511719,46.605848299080115,64.16857007991605,2494.9659483205533,12719.30092849955
vid_000250_frame0000015.jpg,48.94667438271605,70.30704752604167,53.236744457103,70.36304585664021,2449.55960449768,15137.683783993125
vid_000250_frame0000055.jpg,20.924560185185186,47.202056884765625,30.872921273168803,57.546868684391505,2394.189723885694,14289.14374444983
vid_000250_frame0000063.jpg,18.38981674382716,40.31810506184896,32.26599733755484,56.78344382261853,2312.185825122941,12710.546577102505
vid_000250_frame0000070.jpg,12.022355324074073,27.258682250976562,30.601755033316554,49.36302590620233,2535.8694696659795,12351.61540776398
vid_000250_frame0000071.jpg,10.969079861111112,25.355356852213543,30.324332754161873,47.797988644884605,2385.443259786389,12130.676618100842
vid_000250_frame0000075.jpg,16.051684027777778,32.110148111979164,35.266433440367415,52.628189612805635,2254.1899534613717,12219.938826560741
vid_000250_frame0000076.jpg,17.873493441358026,35.0498046875,37.231773768622745,55.38172908739759,2362.995877502894,12179.175004448742
vid_000251_frame0000001.jpg,32.90996334876543,56.43162536621094,37.10206997890192,52.96206501455612,2106.080017540315,12737.478390178643
vid_000251_frame0000002.jpg,33.07184413580247,56.51245625813802,37.14077558567317,52.89966848877071,2077.426143916076,12537.105082424125
vid_000251_frame0000003.jpg,33.42248842592593,56.86470031738281,38.005869973593704,54.018762032045174,2146.402319556836,12930.850722070783
vid_000251_frame0000004.jpg,32.64126736111111,55.432942708333336,38.212589593080814,53.40755425389544,2089.3291163167314,11960.597578134388
vid_000251_frame0000005.jpg,33.25902006172839,56.90788777669271,38.12577569090953,54.721883064481815,2206.7624345741974,14157.497975453734
vid_000251_frame0000006.jpg,39.476917438271606,63.14019775390625,38.509678562238726,53.3862968164129,1944.309260370819,12236.072716153227
vid_000251_frame0000007.jpg,48.883346836419754,71.20571899414062,41.777924114909716,57.564373635682834,1862.106612702245,12219.07280377089
vid_000251_frame0000008.jpg,51.74895447530864,73.81504821777344,43.349638590873475,58.67122437076585,1811.3438921294962,11952.51588089671
vid_000251_frame0000009.jpg,52.28393904320988,74.71743774414062,43.5041385739815,58.88581283578141,1726.1528055292995,11304.276256158017
vid_000251_frame0000010.jpg,54.461977237654324,74.21313985188802,43.71162127354848,55.018227966760534,1502.2484664351853,10153.394280381268
vid_000251_frame0000011.jpg,57.554023919753085,79.03228759765625,45.203202623307,59.33256343263453,1635.57409271262,10787.881694776705
vid_000251_frame0000012.jpg,60.85062692901234,82.82165018717448,47.93774400150869,63.74701874841981,1701.4264274634763,11445.186700308463
vid_000251_frame0000013.jpg,59.680592206790124,82.4697774251302,47.47157757384842,63.70894109066242,1710.9415782929516,11403.231273583136
vid_000251_frame0000014.jpg,59.965572916666666,82.90804036458333,47.6315035290021,64.55629508606117,1704.0108364797336,11908.869784667855
vid_000251_frame0000015.jpg,60.32553240740741,82.77904256184895,47.87367847137007,64.44379940295973,1651.7806794085636,11559.081929858774
vid_000251_frame0000016.jpg,56.24000385802469,79.64295959472656,45.90858072245974,63.21648659344324,1713.0221572913654,11476.435577716678
vid_000251_frame0000017.jpg,50.67434413580247,76.38570149739583,43.3915701257783,62.63127422500372,1867.4266268967278,12068.457880324684
vid_000251_frame0000018.jpg,47.380829475308644,74.41460673014323,41.87965171056692,61.84995927091895,1896.7484378921988,12149.282762289047
vid_000251_frame0000019.jpg,47.186585648148146,73.90739440917969,42.165363037888014,62.09358604876698,1903.4113411265432,12155.429937090725
vid_000251_frame0000020.jpg,46.59726658950617,73.56568400065105,42.366085079721145,62.450207613533095,1961.400221806279,12860.675237718737
vid_000251_frame0000021.jpg,46.07029706790124,73.57671610514323,42.347940444199345,62.872673538313585,2004.0133925692503,12845.03490424878
vid_000251_frame0000022.jpg,45.2485474537037,72.98757425944011,41.65204596274225,62.91416608789225,1928.3744225817684,13257.26375329122
vid_000251_frame0000023.jpg,45.308506944444446,73.36984761555989,41.68113055631869,62.93422407974524,1933.8500821220405,13130.106936787954
vid_000251_frame0000024.jpg,45.00001157407407,73.33418782552083,41.799032482967974,63.100957179202275,1945.5559273693366,12930.687667831546
vid_000251_frame0000025.jpg,45.1444849537037,72.75643412272136,41.78571605960086,62.669897633075664,1942.5767586739912,12809.817355498672
vid_000251_frame0000026.jpg,45.2151774691358,72.90526326497395,41.78855226809071,62.63953935683478,1988.1140158788528,12783.464953570627
vid_000251_frame0000027.jpg,45.25382137345679,73.18895467122395,42.024793555693385,63.11185380713133,1996.5723987193164,13460.753928040853
vid_000251_frame0000028.jpg,45.25833333333333,73.47146606445312,42.1025888290864,63.490021566898,1978.2118135802468,13578.519116477808
vid_000251_frame0000029.jpg,45.47403935185185,73.46485900878906,42.0240939539413,63.12524515582599,1934.0905917211885,13098.470086260699
vid_000251_frame0000030.jpg,45.16867283950617,73.92968241373698,41.8286576820911,63.590441312953544,2051.763831867284,13612.845278128982
vid_000251_frame0000031.jpg,45.34544367283951,73.58186340332031,41.532753061263676,62.706799489953006,1940.3946017468277,12944.963660064852
vid_000251_frame0000032.jpg,43.42847415123457,70.91646321614583,40.819131220043516,61.85381655776257,2005.5156376805433,12941.949390362715
vid_000251_frame0000033.jpg,43.49355324074074,70.86482238769531,40.54909081976642,61.47871640100776,2029.9904621805074,13160.236295487499
vid_000251_frame0000034.jpg,43.012050540123454,70.17091369628906,40.199221614875704,60.70169251493212,1965.9520019112963,13013.913161381148
vid_000251_frame0000035.jpg,43.15883487654321,70.27537536621094,39.894416485243184,60.552244885457604,1938.349453247037,12778.080626426032
vid_000251_frame0000036.jpg,43.75789351851852,70.86133829752605,40.500144216033675,61.094867658675675,1930.248173224103,12594.789383621654
vid_000251_frame0000037.jpg,43.52278549382716,70.60790506998698,40.875000633748314,61.508321753960324,1982.7227455567074,13028.15119920671
vid_000251_frame0000038.jpg,43.66833912037037,71.43609619140625,41.1876400958197,62.5793628249236,1934.7914805425614,13276.275339754065
vid_000251_frame0000039.jpg,43.964886188271606,71.81702168782552,41.65168160684072,63.21948834529369,1896.2295653286822,13497.479310300201
vid_000251_frame0000040.jpg,43.88288580246913,71.67319234212239,41.36267401911596,62.895872687521155,1903.9033930421592,13229.807068809867
vid_000251_frame0000041.jpg,43.55777970679012,71.22208658854167,40.59039284092717,62.39760137052735,1986.9434295821745,13557.832275390625
vid_000252_frame0000001.jpg,87.46516975308641,108.32580057779948,38.081211726325854,38.98119258391705,523.4620382967893,9018.8278514361
vid_000252_frame0000002.jpg,87.76927083333334,109.29698689778645,38.0214409257483,38.665372647196946,503.2957175113799,8356.03366196691
vid_000252_frame0000003.jpg,88.4819888117284,109.15335591634114,38.077028203782724,39.02843574394827,522.2594002017091,8686.763488993049
vid_000252_frame0000004.jpg,88.74724922839506,109.1034647623698,38.267060391790416,39.16789695938093,536.580446034674,8898.554832095047
vid_000252_frame0000005.jpg,89.68775655864198,109.61125183105469,38.40944218571648,39.66489437997558,526.2577443253547,9155.137115821242
vid_000252_frame0000006.jpg,91.2681712962963,111.88792419433594,38.74855116831463,40.84996265483581,529.6855072979628,9356.44581720396
vid_000252_frame0000007.jpg,94.68959683641975,114.56911214192708,40.12028853669941,42.72099387405868,542.3760102692781,9979.925506001106
vid_000252_frame0000008.jpg,97.19768325617284,115.27120971679688,42.304867275206306,45.242035759902784,557.7714687135298,11322.807980263373
vid_000252_frame0000009.jpg,105.1962924382716,119.86991373697917,47.64488692549155,48.40780333956996,556.8153077673558,11048.545920542441
vid_000252_frame0000010.jpg,105.03223186728395,121.13950602213542,49.97491134521071,52.164986529714625,582.7892102397066,12056.723571486538
vid_000252_frame0000011.jpg,99.31534529320987,116.57317606608073,47.89198740314721,50.96324834190739,602.793662304654,12447.982581492513
vid_000252_frame0000012.jpg,99.0504263117284,116.29779052734375,47.67468202660947,50.548973431787445,601.6578480419184,11979.402398929
vid_000252_frame0000013.jpg,98.06871141975309,115.67480977376302,47.1145552105866,49.960172021989926,599.3366496912241,11806.946842088364
vid_000252_frame0000014.jpg,97.94889081790123,115.90242513020833,46.39159005072836,49.70222876704537,609.2583657214507,12143.158679425716
vid_000252_frame0000015.jpg,99.9931037808642,117.75858561197917,45.55870340466664,50.10901169365518,597.165081950841,12726.219414195977
vid_000252_frame0000016.jpg,101.39631172839506,118.96807352701823,44.680834423628596,49.42530126832127,566.8335396539297,11987.110161363846
vid_000252_frame0000017.jpg,102.52686728395062,120.30421447753906,43.40298377267714,49.31165656933335,565.5884264609255,12865.240478797816
vid_000252_frame0000018.jpg,102.83632908950618,120.74438985188802,42.811672493900936,48.91057441610736,551.8957532148866,12655.860701560974
vid_000252_frame0000019.jpg,104.7379938271605,122.46194966634114,42.447471925040745,47.21038812157157,492.404651067253,10685.700964655727
vid_000252_frame0000020.jpg,101.62226851851852,120.46439615885417,39.764682001351886,46.28104310220562,483.0822778364185,11290.252221204108
vid_000252_frame0000021.jpg,101.16460262345679,119.81378173828125,37.570948533717704,45.21587748418969,464.28302774348435,11198.47463130951
vid_000252_frame0000022.jpg,102.88415316358025,121.4506327311198,35.52771978478454,42.068301467120016,410.0028377017091,9502.891489863163
vid_000252_frame0000023.jpg,109.59116898148149,126.7829081217448,32.810156770288216,38.445283267573245,317.1260019610286,7384.001828759676
vid_000252_frame0000024.jpg,116.7190625,130.8918711344401,33.1670914971505,37.44314254421306,269.5018555362654,6441.009240595391
vid_000252_frame0000025.jpg,111.33046489197531,126.46275329589844,34.79987733200299,38.328792440777335,304.1347963321639,6996.615533984266
vid_000252_frame0000026.jpg,104.91600115740741,122.04807535807292,37.01371511503922,39.93318162262292,354.03712308907217,7271.742199305212
vid_000252_frame0000027.jpg,96.82011188271605,115.68011983235677,37.02318157045114,38.88055644608987,449.1430169109747,7981.2517094016075
vid_000252_frame0000028.jpg,88.30610725308642,108.62752787272136,37.8373832028555,38.57332247730163,501.9556265430759,8403.288817346096
vid_000252_frame0000029.jpg,87.15038387345679,108.66211446126302,38.11714230965097,38.5551816107955,513.567698245369,8129.42041520006
vid_000252_frame0000030.jpg,86.48621527777777,107.5081278483073,38.230342158090124,38.67473928074402,532.4914961579166,8446.592868117383
vid_000253_frame0000001.jpg,180.8515412808642,179.6328582763672,53.609871989647274,31.921698266153193,713.8674370358315,7021.824126342079
vid_000253_frame0000002.jpg,181.19736111111112,181.73294067382812,53.274644350671984,31.239912579505706,706.6138993175784,6095.641323289834
vid_000253_frame0000003.jpg,180.54818672839505,181.70464070638022,52.76705889499713,31.78681717382175,689.4722475480112,6818.408905671677
vid_000253_frame0000005.jpg,181.2605111882716,178.26580810546875,51.258665957040634,32.00867478635145,705.0869260558329,4015.9532401179895
vid_000253_frame0000006.jpg,178.85520447530865,176.67212422688803,51.17863326252692,35.09266509331301,720.0134391179256,4194.120377718471
vid_000253_frame0000007.jpg,174.57647955246912,176.0829111735026,48.277404978246395,33.1595626812771,777.8141614816087,5261.918184272014
vid_000253_frame0000008.jpg,175.36318287037037,176.65032958984375,47.533333538441674,33.34107928432798,805.470385458328,5473.501973297447
vid_000253_frame0000009.jpg,172.22590470679012,171.25092061360678,49.583365536981695,36.40686054436587,796.8679048835828,5470.869383187732
vid_000253_frame0000010.jpg,174.4573109567901,171.54615275065103,48.222448421997996,38.00047216355903,862.5385495937019,5509.922751367092
vid_000253_frame0000011.jpg,173.6328587962963,172.03789265950522,47.71817227275781,37.33166643461055,834.6081707215778,5206.749697919702
vid_000253_frame0000012.jpg,177.15491898148147,175.42648315429688,47.69994719389671,37.4526562978246,856.2416223229594,5133.637198384851
vid_000253_frame0000013.jpg,188.37333719135802,185.01231892903647,47.796090383164426,41.43997890223661,889.959864973121,5349.041140496731
vid_000253_frame0000014.jpg,216.4853337191358,207.6671142578125,42.24306919767682,45.2243217148292,1003.3105771583507,6335.2567141407635
vid_000253_frame0000015.jpg,220.03105324074073,214.41398111979166,39.39504198200759,39.550045019427046,1039.219522109663,4364.811082258588
vid_000253_frame0000016.jpg,200.61871527777777,200.98133341471353,43.63260621247255,34.135481047635984,673.222611534958,3397.519141515484
vid_000254_frame0000001.jpg,158.3555401234568,161.4596964518229,29.48212093195702,35.92529872660782,744.63163744933,7227.90220350679
vid_000254_frame0000002.jpg,158.76296103395063,162.5338897705078,29.359473747273565,35.72463254229892,731.8069220336076,7333.921110219322
vid_000254_frame0000003.jpg,158.62236689814816,161.7742919921875,28.496042057035073,35.69002967906955,739.6122058735411,7280.512402281165
vid_000254_frame0000004.jpg,158.32592206790125,162.99630228678384,27.895088774509283,34.81499043105731,741.6897881365405,7220.7160177491605
vid_000254_frame0000005.jpg,158.62590663580247,163.05585734049478,27.471170637450097,35.150150409424555,736.7386096948611,7282.703651986085
vid_000254_frame0000006.jpg,158.90533757716048,156.57850138346353,27.580179397247296,45.65228511385579,811.8532513919698,14388.081258176826
vid_000254_frame0000007.jpg,162.62289930555556,166.23837280273438,25.568951197877855,33.91903548934373,771.7525454201697,6955.129617150873
vid_000254_frame0000008.jpg,161.9391936728395,160.96370951334634,26.194314733350758,38.034084497916524,752.0122890812543,7775.693964421749
vid_000254_frame0000009.jpg,164.10547453703703,160.42603047688803,26.981893393712962,45.82441583584562,765.6758955138408,12914.115622114157
vid_000254_frame0000010.jpg,167.3723186728395,160.90884399414062,27.149815154265657,46.3023090169664,753.7198634237825,12944.89522576984
vid_000254_frame0000011.jpg,164.34201388888889,162.71001688639322,26.62470972054927,38.8744014317096,653.1778997383778,7027.321735857986
vid_000254_frame0000012.jpg,164.25284915123456,162.97684224446616,25.48293880846515,41.81220121330636,713.9571432097426,10368.468225306831
vid_000254_frame0000013.jpg,168.28627893518518,163.7339070638021,28.034178984982066,43.07543143349952,599.9689926067588,8006.486246704822
vid_000254_frame0000014.jpg,156.03046682098764,161.51915486653647,25.215056755932906,36.58089243858681,696.637750712529,7971.069273619913
vid_000254_frame0000017.jpg,151.44173225308643,155.70030212402344,20.94818388573125,37.31894742056162,728.3993006928035,11965.564603265375
vid_000254_frame0000018.jpg,149.58180169753086,153.39987182617188,29.040515450813672,42.17354676641,726.7858352129147,13670.809667149326
vid_000254_frame0000019.jpg,173.36009066358025,169.7178955078125,31.635963140127544,43.08455803433315,685.9951847414789,12415.631478107534
vid_000254_frame0000020.jpg,178.5509413580247,175.33382670084634,31.62884530923199,41.241184777098276,657.177363038918,9535.493602882838
vid_000255_frame0000006.jpg,154.12222029320986,155.9195810953776,49.84076827442065,48.574797720584264,829.5345622371385,12995.911686504027
vid_000255_frame0000007.jpg,154.38357638888888,156.70618693033853,49.75244952111823,48.38722102728547,813.0470836214795,11854.28067214205
vid_000255_frame0000008.jpg,154.69418981481482,156.29630025227866,49.76937598248739,48.59237525838772,831.375635126109,12728.621903075837
vid_000255_frame0000009.jpg,154.67098765432098,157.73957316080728,49.394766000901335,47.121013691990726,782.5352164107711,10821.694386347197
vid_000255_frame0000010.jpg,155.67967592592592,157.3087361653646,49.37497894720514,48.12705611237142,813.9136752743484,12202.38635560777
vid_000255_frame0000011.jpg,154.82239197530865,156.8873291015625,49.5354235793524,47.79109083512694,818.3793264925399,12426.046568281017
vid_000255_frame0000012.jpg,155.36195601851853,156.75979614257812,49.751644175646746,48.77108564952909,823.0474965229552,12386.825144702336
vid_000255_frame0000013.jpg,155.11021797839507,157.27356974283853,49.48923687923682,48.471597529884015,820.034299074074,11768.03419804736
vid_000255_frame0000014.jpg,154.83172067901234,155.7160898844401,49.60382322483566,49.03072631225664,849.1957470581222,13131.017259653658
vid_000255_frame0000015.jpg,155.73226273148148,156.74481201171875,49.614755963024535,49.0003522332566,824.7818435254509,12617.108490690589
vid_000255_frame0000016.jpg,154.6739023919753,156.9752960205078,49.103076904685395,49.2184016921358,800.2960295438958,12944.317361319205
vid_000255_frame0000017.jpg,156.0836612654321,156.60514322916666,49.440813256389305,49.60858064484431,819.2944489690501,13385.038771040505
vid_000255_frame0000018.jpg,156.06669945987653,156.15833028157553,49.69419944222521,49.312153969761816,810.8248643127359,13315.735314784339
vid_000255_frame0000019.jpg,155.06654320987656,157.51244608561197,49.762706720798775,47.99340846814827,805.5013837950906,11941.596021278761
vid_000255_frame0000020.jpg,154.93108796296298,155.87425740559897,49.92804734440331,49.3847289926771,834.8989755914298,13156.059406574816
vid_000255_frame0000021.jpg,155.3840451388889,156.50164794921875,49.914063800880136,49.0177961699604,811.111713095549,12282.488372802734
vid_000255_frame0000022.jpg,155.4373263888889,156.51348876953125,49.791305355390904,48.53151914753896,833.1066434219338,12450.861943689873
vid_000255_frame0000023.jpg,155.44665509259258,156.91844685872397,49.82267720979793,48.886217545588195,817.0103376588422,12448.843114241958
vid_000255_frame0000024.jpg,155.4693614969136,156.78532918294272,49.736153219300476,49.37224379192248,810.6948623435358,12415.454875610536
vid_000255_frame0000025.jpg,155.918125,157.45289103190103,49.72314723878662,49.05529549163032,810.8641830792126,12691.666186808608
vid_000255_frame0000026.jpg,155.65005015432098,156.88845825195312,49.817103571500994,49.29256905809075,824.8081632490662,13198.029748111032
vid_000255_frame0000027.jpg,155.6388599537037,156.53887430826822,50.046887047032634,49.60164068254988,825.383453912546,12918.93932418432
vid_000255_frame0000028.jpg,155.2256365740741,155.99431355794272,49.859024625369784,49.51372061219288,828.2301462887613,13633.873857191764
vid_000255_frame0000029.jpg,155.12754050925926,158.0307159423828,49.600417193915554,48.51156318473216,789.1825839086881,11618.082738889148
vid_000255_frame0000030.jpg,155.87769483024692,156.8616943359375,49.75942704292219,48.86838075958186,817.0562739108782,13081.56412410736
vid_000255_frame0000031.jpg,154.76838927469134,156.03319295247397,49.8524196269368,49.98396254553351,834.733603635351,13912.8883113747
vid_000255_frame0000032.jpg,156.41306905864198,157.9113311767578,50.40261233663502,49.32865999973451,811.5824141889574,12672.930901119253
vid_000255_frame0000033.jpg,158.91334104938272,160.13255310058594,52.25369380685777,51.20485819445516,824.9139178344893,13175.128910577856
vid_000255_frame0000034.jpg,158.57872685185185,160.20365397135416,52.66250054944063,51.46237129848192,802.3650100185064,12075.199377273908
vid_000255_frame0000035.jpg,158.3170100308642,159.61710611979166,52.44486639141309,51.22930191261865,812.0749459039299,12925.381892374717
vid_000255_frame0000036.jpg,159.18290316358025,160.51309712727866,52.346831693340334,51.618925796070734,814.9298032787851,13247.128805145621
vid_000255_frame0000037.jpg,158.19500964506173,158.9395955403646,52.4947476592594,51.41676189444557,824.0763313946425,13129.077858444303
vid_000255_frame0000038.jpg,158.57202932098767,159.4571736653646,52.565325253726,51.978612042205384,840.6894203510801,13310.970041507622
vid_000255_frame0000039.jpg,160.72945408950616,162.14240519205728,53.65293167107512,52.134563197035135,838.2992893699363,12134.753097170731
vid_000255_frame0000040.jpg,168.98568094135803,167.54577128092447,57.24540561093299,56.21098247588772,950.6884765415689,12624.045284176013
vid_000255_frame0000041.jpg,178.48473765432098,175.7660166422526,58.79120050679302,58.220109687246406,1013.2700051705234,12434.170850141905
vid_000255_frame0000042.jpg,171.1631076388889,170.83165486653647,59.93170041126126,58.76996575705409,1102.3111486677758,13245.042520638555
vid_000255_frame0000043.jpg,165.74348572530863,166.88742065429688,60.111288516715746,58.52450701014271,1115.4141178363984,13053.442210379755
vid_000255_frame0000044.jpg,169.08499807098767,169.95499674479166,59.00453649857155,57.3347486784596,1059.6034769683629,12627.535539410077
vid_000255_frame0000045.jpg,162.39780478395062,164.5353800455729,58.665883700021794,56.90403467661705,1044.9419285235285,12886.349855809473
vid_000255_frame0000046.jpg,156.07012345679013,159.43803914388022,58.00139304401651,55.9071112494749,965.7078329849054,13435.137064764043
vid_000255_frame0000047.jpg,155.3161265432099,158.5786387125651,57.45516326196711,55.53307304093258,973.3834964835377,13053.483341421932
vid_000255_frame0000048.jpg,155.51257716049383,158.84961954752603,57.11212007317979,54.962911682532415,936.1701368920596,12882.267827442847
vid_000255_frame0000049.jpg,154.99875771604937,158.87000528971353,57.12076437683381,54.61473831383649,925.8811988971139,12035.911873168312
vid_000255_frame0000050.jpg,154.72498649691357,158.57696533203125,57.13137143247324,54.6882535923057,923.3632269587179,12819.314156755805
vid_000255_frame0000051.jpg,154.8173572530864,159.03099060058594,57.17820456768286,54.67474945175009,927.7694943274981,12582.386000672122
vid_000255_frame0000052.jpg,148.49722608024692,154.09481811523438,57.81148442569954,55.11378344824552,950.5492784722222,12716.75611217483
vid_000255_frame0000053.jpg,135.19354938271604,143.63809712727866,56.29336181942545,53.520726192248894,1013.5121512726123,13371.312710932456
vid_000255_frame0000054.jpg,133.30462191358023,142.43046061197916,54.37041543263145,52.75795794333151,995.8842573168508,13416.36730607017
vid_000255_frame0000055.jpg,140.10677662037037,146.839111328125,55.0689292149383,52.46506458162433,937.055778355276,12626.378766652197
vid_000255_frame0000056.jpg,147.30916087962962,151.24102783203125,56.03224160203351,53.28436737567457,894.9008962866178,12840.237638077699
vid_000255_frame0000057.jpg,149.56176890432099,154.50804646809897,56.285540659926475,53.83428371305389,882.4941815224395,12551.140174984
vid_000255_frame0000058.jpg,149.2022337962963,153.9292246500651,56.38873885128616,53.9425378955954,887.3208958276736,12707.679456682643
vid_000255_frame0000059.jpg,149.4474614197531,154.55919392903647,56.48109311405082,53.61059059453197,863.9949133379147,11826.130342139862
vid_000255_frame0000060.jpg,149.75550540123456,153.78838602701822,56.83543928852463,54.453006691526845,877.2165241125203,12728.097300551599
vid_000255_frame0000061.jpg,149.72025655864198,152.91575622558594,56.86029882049322,54.52135297335707,900.9171143195678,13418.610931351548
vid_000255_frame0000062.jpg,149.18430169753086,153.28315226236978,56.75854305372732,54.25181522238005,897.3677074640722,13257.524941552198
vid_000255_frame0000063.jpg,149.68078125,153.5126190185547,56.301007903759185,53.698120852088735,873.4715415806313,12857.140416368842
vid_000255_frame0000064.jpg,149.8431385030864,154.28192138671875,56.37437996657567,53.641566075099476,874.7352502309457,12398.267465483164
vid_000255_frame0000065.jpg,148.54581211419753,153.13967895507812,56.46147292090724,53.740637817560426,907.8895352943621,13156.02314933762
vid_000255_frame0000066.jpg,149.50828896604938,153.8567352294922,56.43467702396475,53.8822638580231,866.80509619864,12489.247991173528
vid_000255_frame0000067.jpg,149.00014081790124,153.34734598795572,56.408578373333796,53.88977633601968,884.1885701967593,12883.357996288454
vid_000255_frame0000068.jpg,149.50967978395062,153.71736653645834,56.27470077394321,53.87149046445388,866.462143699062,12738.772977024084
vid_000255_frame0000069.jpg,151.10025077160495,155.99515279134116,56.68085582783119,53.9928448672392,865.6244730901437,11406.300776898861
vid_000255_frame0000070.jpg,165.28099151234568,166.4486083984375,57.14105865894551,54.99532167544063,824.6053174012654,11878.492191432975
vid_000255_frame0000071.jpg,166.23867091049382,167.59563191731772,57.01577407500849,54.63833317769477,829.4838952534241,11995.449600636726
vid_000255_frame0000072.jpg,172.8332272376543,172.50188700358072,55.53241755427995,54.058900113652065,876.9025061149356,11691.19342957437
vid_000255_frame0000073.jpg,165.40020640432098,166.47972615559897,54.90593543948755,53.18087609868398,815.2820313463167,12012.4821824783
vid_000255_frame0000074.jpg,159.05858989197532,161.37395731608072,54.1567673904604,53.05046972779306,846.9108680650668,12548.033250387758
vid_000255_frame0000075.jpg,155.09747299382715,158.00838216145834,53.75228578059664,52.54766388051819,831.6065661433884,11935.73693293985
vid_000255_frame0000076.jpg,147.8676948302469,153.75089518229166,52.798663458574495,52.22732961537174,903.9244534673995,12890.960695227375
vid_000255_frame0000077.jpg,147.54598765432098,152.28732299804688,52.982550369185745,51.93496907867691,938.5636534212841,13740.41061979509
vid_000255_frame0000078.jpg,147.73263117283952,153.2589874267578,52.834231824552056,51.1296134735871,905.3563223014926,12170.405085183447
vid_000255_frame0000079.jpg,148.00085841049383,153.84263610839844,52.85454173683339,51.26916157200838,935.3012429863992,12870.648305643117
vid_000255_frame0000080.jpg,147.78210069444444,152.7176971435547,52.99707930952581,52.12932782007235,906.1086368505324,12872.688749132445
vid_000255_frame0000081.jpg,147.2045736882716,152.11966959635416,52.99568269008491,52.083744028999426,922.253198465598,14100.755277465796
vid_000255_frame0000082.jpg,147.69651813271605,152.65591430664062,53.01534863422761,52.033535272384924,914.455351047963,13235.099594917148
vid_000255_frame0000083.jpg,146.98821566358023,152.2376454671224,52.93288055422928,53.007897393982525,953.2562598956993,14685.635800098768
vid_000255_frame0000084.jpg,147.3080574845679,152.64776611328125,52.865044613821965,52.34124260838386,914.4980796248069,13425.202576888492
vid_000255_frame0000085.jpg,146.93462577160494,151.8990681966146,52.696793138429776,52.2202531555194,927.3629204924072,13520.633961103624
vid_000255_frame0000086.jpg,147.27252314814814,153.1512451171875,52.69457588390233,51.80214682271258,910.7217246790003,13180.170553203672
vid_000255_frame0000087.jpg,147.63993055555557,152.88992309570312,52.54517059272559,52.3743644786573,918.9315949683588,13441.820294175064
vid_000255_frame0000088.jpg,147.1680478395062,152.7661336263021,52.68181568974329,52.31256071057915,911.0143297790946,12871.934722793987
vid_000255_frame0000089.jpg,147.06721836419754,153.37212626139322,52.717271305359425,51.764720113264694,913.600894327498,13048.362315770006
vid_000255_frame0000090.jpg,147.25073881172838,152.74016825358072,52.645666289308245,52.07708316153053,916.4605679325476,13222.718087300658
vid_000255_frame0000091.jpg,146.88232831790123,152.58028157552084,52.55800012868133,51.38740160109909,921.3595583585176,13122.182666137582
vid_000255_frame0000092.jpg,147.34142168209877,152.96292114257812,52.680486088220235,51.41884510877107,923.0811570451817,12764.825795873767
vid_000255_frame0000093.jpg,146.74956018518517,152.39703877766928,52.57746683795908,51.27554760116362,922.6466001140997,13261.146532244748
vid_000255_frame0000094.jpg,147.22637345679013,153.28290303548178,52.62323474763761,50.79150195243718,902.0611718709475,12125.48755685403
vid_000255_frame0000095.jpg,147.39094714506172,153.35330708821616,52.61347002284871,51.57377694065714,916.533139664479,12741.590936928755
vid_000255_frame0000096.jpg,146.9122627314815,153.00091044108072,52.58592069788201,51.68420339799158,904.9833608937956,12898.533518658718
vid_000255_frame0000097.jpg,146.9183024691358,152.82000223795572,52.58827003933006,51.779790983047064,911.1456504436729,12566.22442682623
vid_000256_frame0000006.jpg,139.9572588734568,149.63026428222656,56.37733758917348,33.461986005820926,774.9559605275849,9272.28334612376
vid_000256_frame0000007.jpg,159.9053761574074,160.4641571044922,56.972068662380565,34.46067709822446,676.3481080391255,9988.203561387025
vid_000256_frame0000008.jpg,158.0063715277778,158.83077494303384,56.03940966739107,33.88514298338017,680.6538317385491,10193.38564868248
vid_000256_frame0000009.jpg,159.15861304012347,159.6484375,55.81484632168006,35.95760264856963,679.6822649377558,11272.479034364223
vid_000256_frame0000010.jpg,159.388643904321,158.7082265218099,57.02923500578143,39.108853839001476,684.682111860077,13934.021990722977
vid_000256_frame0000011.jpg,159.23621334876543,155.11972045898438,57.2839075211595,40.905481700194926,678.7772926994586,14419.7813818024
vid_000256_frame0000012.jpg,160.26612654320988,155.82518005371094,56.72513754176481,40.91186169518887,691.1917313078703,13789.265759430593
vid_000256_frame0000013.jpg,158.61764081790125,155.70270284016928,56.00578938456792,41.80212825265199,672.867888592973,14446.8878323955
vid_000256_frame0000014.jpg,158.21385030864198,154.98116048177084,57.3478987769015,41.46427244969866,690.1708626226731,14615.173229827546
vid_000256_frame0000015.jpg,159.60619791666667,157.47223917643228,57.46493387755596,40.16584351608727,718.7702081859449,13971.0811025789
vid_000256_frame0000016.jpg,158.00524691358024,155.6163584391276,57.293292463941945,39.50847847434997,700.0760915991177,13535.76533726207
vid_000256_frame0000017.jpg,156.36373070987653,154.38837178548178,56.80486072763058,39.83607246391211,671.8775173005281,11344.308105222648
vid_000256_frame0000018.jpg,158.84596064814815,156.7548828125,56.96395653752419,38.103765946845336,686.9196181945717,10981.123352794908
vid_000256_frame0000019.jpg,157.45004436728394,156.74218241373697,57.442098905393266,32.61603638222385,712.489561189042,7390.911855257116
vid_000256_frame0000020.jpg,159.5560011574074,157.08707682291666,58.16822822094718,33.557596919607306,751.8385777991778,7697.086940105772
vid_000256_frame0000021.jpg,157.89820023148147,158.2052205403646,57.063039389375554,34.13559490512151,702.2960995529781,9340.137203230523
vid_000256_frame0000022.jpg,164.04115547839507,162.81241353352866,56.136328542483824,33.20753651939666,693.6191995040497,9035.993477514945
vid_000256_frame0000023.jpg,162.15721643518518,163.47747294108072,53.950844820402025,34.62288832688673,700.86969116509,10056.949277639389
vid_000256_frame0000024.jpg,163.768175154321,162.0021514892578,52.8291402441726,34.13995667683483,732.3959102832098,9150.298478873214
vid_000256_frame0000025.jpg,161.7248514660494,160.57945760091147,52.8734738900418,33.51265926877555,722.516582713906,9351.188496893039
vid_000256_frame0000026.jpg,159.80657407407406,160.01935831705728,51.599354315070336,30.665585511727066,694.1646271346397,7537.571251034504
vid_000256_frame0000027.jpg,160.50797453703703,161.27950541178384,51.01881674918584,28.845208400424344,706.8656699089813,6991.663310274482
vid_000256_frame0000028.jpg,159.5473476080247,161.15437825520834,51.187313662305755,29.277570402933367,781.4382306318789,7194.847673293203
vid_000256_frame0000029.jpg,160.6527739197531,162.9990488688151,51.0564212350119,27.50650824292445,743.3094297823096,6204.867727743229
vid_000256_frame0000030.jpg,163.72833140432098,162.48729451497397,50.531425924601656,28.913098170158325,761.1894977232296,6114.24145966745
vid_000256_frame0000031.jpg,161.98766396604938,161.62224833170572,47.917193195800024,28.715463411817357,733.7116378338262,6405.5875188997015
vid_000256_frame0000032.jpg,164.0590200617284,164.49177042643228,45.98145610987287,27.255616959180198,727.0777068744843,5972.754693135619
vid_000256_frame0000033.jpg,162.88925733024692,162.98292032877603,45.748934021137096,26.974128162384943,741.8002363810389,5816.539762563771
vid_000256_frame0000034.jpg,164.18599922839505,163.21852111816406,46.18584371523672,28.967161389947996,760.3202415895062,6629.149754270911
vid_000256_frame0000035.jpg,164.8172550154321,164.17396545410156,46.444337176201195,28.19042438048022,745.3840051560558,6430.76961042895
vid_000256_frame0000036.jpg,164.17041087962963,162.7640838623047,45.890535447921266,27.46024352543218,720.7440035236289,6395.332173820585
vid_000257_frame0000004.jpg,163.31490547839505,161.94631958007812,50.40771407400082,47.906368882738896,753.4167862654322,10675.292615725659
vid_000257_frame0000005.jpg,162.50449652777777,162.8320566813151,49.982658017220565,46.70045082150018,755.1719650414738,10295.694195849588
vid_000257_frame0000006.jpg,163.24648148148148,163.0306599934896,49.84514108187356,48.09061975735434,757.9413836368514,10920.746136895381
vid_000257_frame0000007.jpg,164.71083719135802,164.0094960530599,50.22894505298245,48.89935602654015,753.7804111677758,11105.355138357729
vid_000257_frame0000008.jpg,164.5896624228395,164.3669230143229,50.17775441179512,48.063182899640225,740.4964200662496,10185.302541494137
vid_000257_frame0000009.jpg,163.58338541666666,163.8868408203125,49.91467533549223,48.62410430917822,726.5128334714452,10072.033432986587
vid_000257_frame0000010.jpg,163.77250192901235,163.99771626790366,49.865955525553325,48.04947644838526,760.7512743998628,10462.335737212561
vid_000257_frame0000011.jpg,165.0538850308642,164.3324737548828,49.957391041826014,48.924982590166366,759.4143975431886,11169.364621028304
vid_000257_frame0000012.jpg,163.89895833333333,162.7108917236328,49.662084509249304,49.115337158362266,776.5127215015217,11662.13416730985
vid_000257_frame0000013.jpg,165.6795910493827,164.9578857421875,49.533839951044804,48.72038484791692,746.9928761574074,10941.17178760469
vid_000257_frame0000014.jpg,164.11700810185187,162.73924255371094,49.27190455024468,48.68244030906633,783.4288832625693,11523.625197410583
vid_000257_frame0000015.jpg,165.48538194444444,164.24073282877603,49.67038268366856,49.534867981363,768.1737554446039,11847.540905806934
vid_000257_frame0000016.jpg,153.92389467592594,155.44539388020834,47.7697846272577,46.832205820977514,792.7614126638322,11530.94793624035
vid_000257_frame0000017.jpg,166.54229938271604,165.82020060221353,49.43500218946185,49.088608226114395,751.9901358069903,11169.586554076523
vid_000257_frame0000018.jpg,167.67029899691357,167.1214396158854,49.32357052528498,49.019295481338276,742.3211531265741,10776.548465273343
vid_000257_frame0000019.jpg,168.5724286265432,167.10537719726562,49.54823392993476,48.161877991570705,715.4298467205451,10058.378070181003
vid_000257_frame0000020.jpg,169.05959683641976,167.99449157714844,49.51723090941399,48.93535252532718,713.0611283516589,10589.286908205599
vid_000257_frame0000021.jpg,168.4653935185185,167.0267079671224,49.65451121993051,47.56888961515364,702.6552434894493,10542.541891992092
vid_000258_frame0000001.jpg,166.27333333333334,165.87059020996094,55.76523801052382,49.065085978549746,737.824810378053,11557.790453761583
vid_000258_frame0000002.jpg,166.33670717592594,167.4925791422526,55.81787066668029,48.957532329421376,709.2979181455427,10323.323035564274
vid_000258_frame0000003.jpg,168.6641165123457,168.03224182128906,56.071831811657624,49.80754753936253,709.254310158929,10535.80702146492
vid_000258_frame0000004.jpg,168.12614776234568,166.89146423339844,56.005504399877054,49.15450445693624,706.3414274657869,10761.259978308342
vid_000258_frame0000005.jpg,168.39122106481483,166.53056844075522,55.976463649731215,48.883754783658084,712.9710504878458,10264.838842496043
vid_000258_frame0000006.jpg,167.7303375771605,166.5464324951172,56.00965053531581,49.66399184076785,737.2376386541589,11308.328566049924
vid_000258_frame0000007.jpg,168.54052662037037,167.38182067871094,56.06483096535018,49.468604415244016,697.9386814793381,10389.109504815191
vid_000258_frame0000008.jpg,168.6068962191358,166.3570302327474,55.91919097123408,49.7170488771201,718.3195946480623,10624.161354884505
vid_000258_frame0000009.jpg,169.8480864197531,168.10232543945312,56.045331638761,49.69696128437759,688.9009549880709,9837.579083963297
vid_000258_frame0000010.jpg,169.92841820987655,167.32840983072916,55.885396016580565,49.467714884023216,748.2798436294368,10930.738040989032
vid_000258_frame0000011.jpg,167.73000771604939,166.3173828125,55.82234256113126,48.9727976184541,734.3101598743999,10262.009678128874
vid_000258_frame0000012.jpg,167.70494791666667,166.72765604654947,55.88819246081089,49.05371649285024,740.1751045780553,10470.118051952682
vid_000258_frame0000013.jpg,168.0788676697531,167.03447469075522,55.91043178270333,48.879934613971606,746.6626225951311,10490.726131854346
vid_000258_frame0000014.jpg,166.2981327160494,165.5290323893229,56.43622877709984,49.38090364123624,736.4032684279621,10402.170680965995
vid_000258_frame0000015.jpg,165.6016512345679,164.99036661783853,56.55634078031047,48.40200132295915,767.4074504801097,10458.608955322765
vid_000258_frame0000016.jpg,165.43855709876544,165.1069793701172,57.084774632397526,49.954193642965166,734.3917602618098,10846.478558592265
vid_000258_frame0000017.jpg,166.99376929012345,165.6145222981771,56.7600851340006,50.55160763078938,793.1430074612255,11340.545783808222
vid_000258_frame0000018.jpg,167.82144290123458,166.89745585123697,55.86305873380949,47.245020991648055,738.1309628257889,9765.117560117505
vid_000258_frame0000019.jpg,167.064375,166.56465657552084,55.914136349120305,48.659350716362,718.3102162293904,9799.982767522335
vid_000258_frame0000020.jpg,166.6818962191358,165.09910583496094,56.051183208511354,49.301092348141744,743.5265387683256,11517.030628459295
vid_000258_frame0000021.jpg,166.33368055555556,164.52952575683594,56.060312365920886,48.431184515772244,750.2934562660416,11149.92109838035
vid_000259_frame0000001.jpg,145.45602816358024,151.07190450032553,46.25296932539438,48.17546712974291,966.558896484375,16691.018725096947
vid_000259_frame0000002.jpg,145.6658024691358,152.26078287760416,46.07975935814109,46.56856549670557,885.2180250000001,12311.443618461257
vid_000259_frame0000003.jpg,145.90726658950618,152.1556396484375,48.369430865562244,48.971804722822405,930.6975330268012,14108.820079626283
vid_000259_frame0000004.jpg,145.5348688271605,152.00076293945312,48.89008769267029,48.09980114920491,915.8690709176941,12520.111461501336
vid_000259_frame0000005.jpg,145.92487461419753,152.4648234049479,49.06074283717125,49.30675739554387,923.4594050416547,12949.77111338242
vid_000259_frame0000006.jpg,146.59373456790124,151.9918467203776,48.718826002282285,49.098605942746495,946.2864432784639,14369.175611062907
vid_000259_frame0000007.jpg,146.7203800154321,152.55708821614584,48.523418018818965,47.867217424417,935.2635884440103,13076.577730182325
vid_000259_frame0000008.jpg,146.57082175925925,152.7920684814453,48.68916542679108,47.950754682608526,913.7845185905552,11805.624675280415
vid_000259_frame0000009.jpg,145.6063638117284,152.71483866373697,48.88610269060719,48.13021172009281,892.6552899449898,11201.146813980304
vid_000259_frame0000010.jpg,144.8701311728395,151.10929361979166,49.11187276918254,48.76066962956603,940.6403690822187,13747.773841237416
vid_000259_frame0000011.jpg,145.26928433641976,150.99029541015625,48.87613224736171,48.3315799167244,911.7197941687228,12502.988470896147
vid_000259_frame0000012.jpg,144.93773148148148,151.25533548990884,49.117976518077036,48.68591483101762,928.6216093894341,12551.00374713447
vid_000259_frame0000013.jpg,144.81619212962963,151.23346455891928,48.975206345459846,47.69764279597307,911.4860498622566,12141.17750930693
vid_000259_frame0000014.jpg,144.61395833333333,151.33700561523438,51.87437616383596,50.607727504204135,956.2879521315251,13798.000551125966
vid_000259_frame0000015.jpg,145.17487847222222,151.49237569173178,52.560039725350734,50.029486573728306,944.7143259675871,12325.592930614017
vid_000259_frame0000016.jpg,144.45092013888888,151.49771118164062,53.813867224660655,51.95612543076693,1001.0523037530007,14438.010883306852
vid_000259_frame0000017.jpg,145.37684799382717,152.70905049641928,54.29442646210389,51.77598156998213,968.1662680769555,13043.787804833613
vid_000260_frame0000001.jpg,48.83862075617284,68.00216674804688,40.48026068301648,50.616064823872094,1827.885447721053,12224.902887850069
vid_000260_frame0000002.jpg,49.00918981481482,67.55933634440105,40.590427649654934,50.36549325761636,1816.526925306499,12056.015621185303
vid_000260_frame0000003.jpg,49.56075231481481,68.13475545247395,40.875432300980584,50.55949859017625,1809.371038591466,11967.03641584143
vid_000260_frame0000004.jpg,50.39801697530864,69.25980631510417,41.30320442669421,51.091804955761894,1829.727467381975,12312.08593223989
vid_000260_frame0000005.jpg,51.75063464506173,70.34791056315105,41.9294455635717,51.61694569769377,1779.2259443285695,12222.111765075242
vid_000260_frame0000006.jpg,53.918751929012345,72.86960856119792,43.033759646965684,52.69523959124958,1766.2951168969425,12140.186964294873
vid_000260_frame0000007.jpg,57.91394483024691,76.41355895996094,45.07611134547171,54.44641703318304,1657.693115328682,12118.641841127537
vid_000260_frame0000008.jpg,60.241327160493825,79.597412109375,46.12290806689543,56.5888111770492,1698.239801493779,12677.169880507281
vid_000260_frame0000009.jpg,59.363119212962964,79.9849141438802,45.2901479156123,56.91453289488993,1660.1073714417423,12576.494906114182
vid_000260_frame0000010.jpg,60.06415702160494,79.902587890625,45.7480201201159,56.98244863579783,1628.2152517842026,12737.022221385501
vid_000260_frame0000011.jpg,58.50402584876543,78.49241638183594,44.96892354585319,56.213426183688966,1663.499058372684,12513.497514768504
vid_000260_frame0000012.jpg,58.97549768518518,78.68276468912761,45.30348607175669,56.49422561334114,1730.6800690583405,12641.810064077377
vid_000260_frame0000013.jpg,59.7653587962963,79.17606608072917,45.70510118711087,56.7876380226965,1663.2949553706587,12346.441074765287
vid_000260_frame0000014.jpg,58.62544560185185,78.22999064127605,45.10967379661239,56.24145643139923,1719.6563148886262,12710.238516317448
vid_000260_frame0000015.jpg,56.04796875,76.2661641438802,43.58451794830431,55.144800881696696,1740.3698939709993,12606.483215272427
vid_000260_frame0000016.jpg,54.72841435185185,74.91793314615886,42.856735560497214,54.3264442328559,1764.7642573719081,12651.091306458926
vid_000260_frame0000017.jpg,54.376603009259256,74.43918355305989,42.83035257718969,54.1081661892638,1735.3972118911554,12358.494072651258
vid_000260_frame0000018.jpg,54.32148726851852,74.6249287923177,42.89357744264467,54.417749406746125,1781.6977915294924,12650.142892678967
vid_000260_frame0000019.jpg,54.120434027777776,73.891357421875,42.71190111435408,53.7422798417689,1717.322943007196,12235.32375705894
vid_000260_frame0000020.jpg,52.71874228395062,72.82415771484375,41.86193281238362,52.9684094398024,1758.5753886281707,12299.575319299242
vid_000260_frame0000021.jpg,52.86758487654321,72.95202128092448,41.94786056950386,53.15903467151708,1791.4738694781686,12522.563922634115
vid_000260_frame0000022.jpg,53.61408950617284,73.76673380533855,42.34836379902949,53.75593834278728,1810.7818218195075,12762.186252835905
vid_000260_frame0000023.jpg,54.196608796296296,73.88782755533855,42.55472958561335,53.52880807005328,1767.9263524464966,12470.53508132114
vid_000260_frame0000024.jpg,52.51352237654321,71.93368530273438,41.59076719550584,52.45184110127127,1817.4734823856722,12613.978486774256
vid_000260_frame0000025.jpg,50.17934413580247,69.60150655110677,40.302394824404516,51.07881259384271,1793.7947285472394,12084.930104568368
vid_000260_frame0000026.jpg,48.52375771604938,67.80669657389323,39.46835947066328,50.30158428952095,1807.80107748146,12163.6730824986
vid_000260_frame0000027.jpg,48.931493055555556,67.8973388671875,39.76312649762924,50.315536445947814,1815.077938869599,12100.341749127954
vid_000260_frame0000028.jpg,49.89577739197531,69.53473409016927,40.251914300499635,51.12642805352611,1834.4021133857048,12284.726297689369
vid_000260_frame0000029.jpg,50.86693287037037,70.1188456217448,40.68296739851813,51.34859053473999,1748.5480937885466,11925.655640236102
vid_000260_frame0000030.jpg,50.48063464506173,69.96178690592448,40.559377283572495,51.31326155375924,1829.4495989903494,12322.963967643445
vid_000260_frame0000031.jpg,49.745007716049386,69.06316630045573,40.09480881875986,50.69569347872652,1782.0450048384723,12028.225564161083
vid_000260_frame0000032.jpg,49.02616898148148,68.14806111653645,39.78825676177833,50.43291506769594,1825.4062672831135,12279.235636945814
vid_000260_frame0000033.jpg,48.8478549382716,67.80967203776042,39.69642898037267,50.16228089591672,1805.3178261311514,12094.129180178046
vid_000260_frame0000034.jpg,48.36887731481482,67.55441284179688,39.49244587738858,50.18661199986057,1817.3666023220148,12137.309902518056
vid_000260_frame0000035.jpg,47.73074074074074,66.61811828613281,39.156064653418134,49.82573773588605,1820.798452717764,12207.174454290187
vid_000260_frame0000036.jpg,47.152249228395064,66.14142354329427,38.93439613140156,49.75410558061687,1885.640717474407,12512.098804816604
vid_000260_frame0000037.jpg,46.795534336419756,65.3469746907552,38.75303753183292,49.28772005426208,1856.0247913953992,12322.864048847696
vid_000260_frame0000038.jpg,46.71780285493827,65.63158671061198,38.81034161056466,49.644664271542865,1912.7630901595924,12435.647003654158
vid_000260_frame0000039.jpg,46.53628472222222,65.62478637695312,38.62350439302402,49.43494774847022,1835.0044499538847,12045.251518039964
vid_000260_frame0000040.jpg,45.86748649691358,64.7752176920573,38.21178586083862,49.040375662121555,1881.8850470622415,12298.738589539891
vid_000260_frame0000041.jpg,44.90422067901235,63.70361328125,37.71973636581858,48.667578925712164,1919.4809935312442,12312.27716557472
vid_000260_frame0000042.jpg,45.21428047839506,63.90115865071615,37.96204864734149,48.704148767197914,1930.4078975646219,12436.622565047583
vid_000260_frame0000043.jpg,46.22464699074074,64.89120992024739,38.463162423163574,49.07370203323638,1869.206485720486,12327.893988866126
vid_000260_frame0000044.jpg,47.23360532407408,65.84684244791667,39.05046921304985,49.58929456009649,1912.348489190967,12491.390661097132
vid_000260_frame0000045.jpg,47.842908950617286,66.78440856933594,39.2672429868067,49.92836363623377,1788.3881646346397,12045.165382608771
vid_000260_frame0000046.jpg,48.50210262345679,66.99720764160156,39.650897739731306,50.045069077176706,1822.3710149814603,12265.340695156716
vid_000260_frame0000047.jpg,49.267104552469135,68.07042439778645,40.007638444913425,50.4228594666563,1767.0147741121184,12097.203520230018
vid_000260_frame0000048.jpg,49.94397762345679,68.60671488444011,40.30673621342358,50.77798181665841,1761.6410621136617,12168.744328485569
vid_000260_frame0000049.jpg,50.06703703703704,69.00047302246094,40.30337300567325,50.97327450663012,1683.4426982606406,12075.67996560689
vid_000260_frame0000050.jpg,49.900734953703704,68.65777587890625,40.229647989908415,50.779035197706605,1714.6811810723368,12102.764011377236
vid_000260_frame0000051.jpg,49.5422550154321,68.16034444173177,40.06292591894045,50.444515562114375,1717.0193488350574,11969.100967479637
vid_000260_frame0000052.jpg,50.318404706790126,69.27701822916667,40.50238930425201,51.051645419879875,1770.199789539093,12263.504680242157
vid_000260_frame0000053.jpg,52.17094135802469,70.83144632975261,41.44574250137628,51.91157140001172,1665.382903798011,11936.788714826107
vid_000260_frame0000054.jpg,54.78905864197531,73.03723653157552,43.09057946309955,53.31815826650972,1678.0250825198998,12405.615500754677
vid_000260_frame0000055.jpg,57.01507330246913,74.954345703125,44.54389671983032,54.35631957535642,1633.5304593251335,12297.929977145046
vid_000260_frame0000056.jpg,57.816363811728394,76.17806498209636,45.11246960584877,55.3188770417536,1671.221511323269,12316.996180615388
vid_000260_frame0000057.jpg,56.36535108024692,74.43163045247395,44.352090183203615,54.33280094142744,1594.6359771443852,12151.899036169052
vid_000260_frame0000058.jpg,55.64862654320988,74.20936584472656,43.95303497606785,54.33432708987868,1609.3965173791955,12496.877812511986
vid_000260_frame0000059.jpg,56.98255979938271,75.06381734212239,44.908983300691055,54.78695505828699,1657.5740905703115,12313.153087101644
vid_000260_frame0000060.jpg,60.36869020061729,78.27783203125,46.81984214889769,56.95488321863498,1644.3185042652271,12929.558689474827
vid_000260_frame0000061.jpg,63.91487847222222,81.66287231445312,48.64829016403507,59.04889512855813,1602.6915506172838,12725.72230887413
vid_000260_frame0000062.jpg,64.52722029320988,82.26825459798177,48.81788858541871,59.357616740923774,1623.2355221059456,12824.281297907233
vid_000260_frame0000063.jpg,61.92344328703704,80.41225687662761,47.30486715534811,58.04571855023798,1615.4699852510596,12812.980618878966
vid_000260_frame0000064.jpg,58.26322530864198,76.65444437662761,45.338508038998405,55.847689642070726,1684.5932082556367,12839.646857260726
vid_000260_frame0000065.jpg,55.31679012345679,73.46574401855469,43.75157063888715,54.15256984061642,1737.2981833469637,12730.18875837978
vid_000260_frame0000066.jpg,54.672658179012345,73.17493693033855,43.22766813683433,53.74273751899178,1737.6150067177518,12665.189051067224
vid_000260_frame0000067.jpg,56.58727044753086,75.86109415690105,44.545444479072415,55.7262301091256,1685.4135804289642,12568.077898330055
vid_000260_frame0000068.jpg,58.61483024691358,77.40038553873698,45.60869665556485,56.46651495218937,1689.514574069218,12748.325755342841
vid_000260_frame0000069.jpg,57.94215277777778,76.70526123046875,44.97150982719118,55.786156234736296,1576.4247136137035,12711.97297046869
vid_000260_frame0000070.jpg,54.3761824845679,74.13460795084636,43.110341947183855,54.40242647297232,1722.5931360977154,12783.178894294193
vid_000260_frame0000071.jpg,50.72076388888889,69.65289306640625,40.9945148604648,51.62534227034778,1730.3164882771982,12346.085024422966
vid_000260_frame0000072.jpg,49.60802662037037,67.94527689615886,40.23581665794802,50.63233053169717,1804.0464759883175,12504.75551671139
vid_000260_frame0000073.jpg,49.91481481481482,68.96327209472656,40.301731149017435,51.03746600226537,1789.0033987916545,12532.91132465913
vid_000260_frame0000074.jpg,51.29866512345679,70.45125834147136,40.94568222999628,51.522028235080704,1770.904444289588,12325.188957841834
vid_000260_frame0000075.jpg,51.59368441358025,70.85085550944011,41.07732771357792,51.63002038449804,1744.0463998199255,12098.060091912746
vid_000260_frame0000076.jpg,51.32212577160494,70.2379659016927,40.87879796550471,51.359035639563814,1769.4820959787794,12105.535765334032
vid_000260_frame0000077.jpg,50.148022762345676,68.76128641764323,40.288221645813536,50.45055158862097,1718.112800188849,11950.965547836386
vid_000260_frame0000078.jpg,49.316128472222225,67.87601216634114,39.93311836099051,50.38728492183442,1757.295883962372,12200.391991825541
vid_000260_frame0000079.jpg,48.905148533950616,68.16532389322917,39.65286235295911,50.417767455412594,1729.8492006171498,11931.294821338495
vid_000260_frame0000080.jpg,49.545021219135805,68.60971577962239,39.942637187948655,50.52486093875613,1809.2415315272617,12120.879640068859
vid_000261_frame0000011.jpg,87.9591975308642,110.99488830566406,43.75450512400028,45.92153252415473,362.90366921855576,7823.322745792335
vid_000261_frame0000012.jpg,89.91127700617284,112.19758605957031,45.49588616922368,46.560673627052026,380.6967261860412,8497.765264102956
vid_000261_frame0000013.jpg,89.73314429012346,112.05870564778645,45.69160481118456,46.48372572744508,356.84112279821323,7805.883028551703
vid_000261_frame0000014.jpg,86.67166859567901,109.03303527832031,44.00037976601738,45.76015130135099,366.79853580246913,8386.467369416496
vid_000261_frame0000015.jpg,84.5565875771605,107.22530619303386,42.46001073458035,44.34846662469293,353.03844364467454,7945.533798158169
vid_000261_frame0000016.jpg,84.23974729938271,107.2997538248698,42.16589147121979,44.38377732318311,363.34741029610336,8297.78041350469
vid_000261_frame0000017.jpg,85.68731674382715,107.84073384602864,42.896795305341236,44.64360642396588,352.41692820775324,7800.078083588742
vid_000261_frame0000018.jpg,86.65536651234568,109.10573323567708,43.3605099625201,45.650897643479034,371.15332664555467,8452.197017102502
vid_000261_frame0000019.jpg,86.4624787808642,108.67149861653645,42.54060125300013,43.796871946261874,342.131173893899,7567.042994998163
vid_000261_frame0000020.jpg,86.69490162037037,108.29075113932292,42.39994985759155,43.93785037928821,364.14463460165894,8277.469934340566
vid_000261_frame0000021.jpg,88.92722800925925,110.48329671223958,43.42625533193059,44.16729416194826,362.2019399669925,8179.051199061563
vid_000261_frame0000022.jpg,88.42094135802469,110.0259297688802,43.11329264643967,44.22952675115867,358.8141849258402,8534.377300202847
vid_000261_frame0000023.jpg,87.83073302469136,109.48846944173177,42.61584450480521,43.883577809798894,322.05461173147614,7661.905363349011
vid_000261_frame0000024.jpg,86.5226601080247,108.28903198242188,41.60645250521711,43.65375280097738,347.940110165895,8020.082603678107
vid_000261_frame0000025.jpg,86.30047646604939,109.31015523274739,41.59612335504406,43.79487630781209,330.70567199392224,7177.244901086902
vid_000261_frame0000026.jpg,86.79264467592593,109.46534220377605,41.84930904729047,44.01609414511456,341.6775531635802,7664.541061108699
vid_000261_frame0000027.jpg,89.7721662808642,112.29635620117188,43.4216434507033,44.329273573939524,339.916212184794,7228.217754110694
vid_000262_frame0000001.jpg,68.08375385802469,86.35868835449219,52.66694912413622,60.583871926533725,1412.098261711215,10681.236555323005
vid_000262_frame0000002.jpg,68.36462962962963,86.69492594401042,52.74632630574109,60.62288339211636,1391.7868270082827,10373.175727052381
vid_000262_frame0000003.jpg,69.51282407407408,86.89151000976562,53.46522960673739,60.89561728040641,1406.606018334961,10660.667520745657
vid_000262_frame0000004.jpg,73.47951388888889,90.35699971516927,53.50116493837957,61.011854741527245,1318.0145036649894,10000.136150259292
vid_000262_frame0000005.jpg,83.01429012345679,97.76568094889323,57.04528480088949,66.58873861433311,1240.6905405196746,10596.950862154132
vid_000262_frame0000006.jpg,85.56890625,100.00735982259114,58.75035997065718,68.34540781233592,1250.719654489475,11349.065647378331
vid_000262_frame0000007.jpg,88.05193479938272,102.03287760416667,60.056347556824655,68.56117429391463,1246.0676842848452,9697.335350539535
vid_000262_frame0000008.jpg,90.35897955246914,103.33866882324219,61.37022200324197,69.27372160000651,1162.5656440757887,9464.397530499613
vid_000262_frame0000009.jpg,92.19947145061728,104.8734130859375,62.58720369275705,71.42104134222271,1163.6392707167554,11192.685438636458
vid_000262_frame0000010.jpg,92.20729359567902,105.2976582845052,62.71204395664464,72.03836091788263,1158.7515655671295,11606.279666124843
vid_000262_frame0000011.jpg,91.57237268518519,104.48131815592448,62.114465018297096,71.19067216348158,1159.5887217479733,11388.641681905836
vid_000262_frame0000012.jpg,90.8594637345679,103.79684956868489,61.51570437994324,71.0212824974981,1222.9771141927083,12212.197585134767
vid_000262_frame0000013.jpg,86.80608603395062,100.56048075358073,58.967333428335245,66.87345751632085,1243.0635029658565,10344.572695830604
vid_000262_frame0000014.jpg,77.6296199845679,94.52378336588542,58.54438345786955,66.11535923421438,1327.6335322337964,10248.1155998623
vid_000263_frame0000007.jpg,186.45739197530864,188.7381846110026,51.836813940129844,29.174673442901387,690.4681541159966,4954.660323101794
vid_000263_frame0000008.jpg,185.36795138888888,187.95736694335938,52.189950518063185,28.212186968383325,649.020414325596,4671.607238939963
vid_000263_frame0000009.jpg,185.36880594135803,189.2540486653646,52.46350324892383,28.704811454690386,653.4788062419291,4784.542579035973
vid_000263_frame0000010.jpg,186.08479552469134,187.1514689127604,51.98111986158697,28.443208495103736,667.5288535638167,4900.304645588389
vid_000263_frame0000011.jpg,184.8234375,187.17254638671875,51.68585402447317,28.875467186994857,673.2866537808306,4961.514847560786
vid_000263_frame0000012.jpg,187.47443672839506,188.53289794921875,39.93939605604489,30.567295831709067,775.2323943182214,5088.699450665852
vid_000263_frame0000013.jpg,201.0571161265432,199.44468688964844,35.95150877924682,27.81544383906862,767.8088779923471,4178.425345120719
vid_000263_frame0000014.jpg,211.14605902777777,207.1240437825521,33.726054086491835,33.366140025977074,904.5504845593276,3259.128846369451
vid_000263_frame0000015.jpg,213.41435570987653,205.43670654296875,32.862530364204844,35.493235082393916,974.3697272612311,3725.7180826878175
vid_000263_frame0000016.jpg,215.28062692901236,206.30487569173178,32.46014645236235,36.970389430625545,1077.3870830195674,2800.3043950179126
vid_000264_frame0000007.jpg,181.68456211419752,178.71239217122397,55.51299688721621,44.935687693431575,881.7840552806379,7435.114153664326
vid_000264_frame0000008.jpg,181.53725887345678,178.73804728190103,55.11429979898052,45.95161042937917,891.6608801492573,7685.862995024538
vid_000264_frame0000009.jpg,180.93220100308642,178.72314961751303,54.177475738975254,46.71888781578224,892.0690470742977,7961.3797956386115
vid_000264_frame0000010.jpg,179.8786863425926,177.27680460611978,53.79579795409798,46.64782634656324,905.1337377314815,8205.51878890302
vid_000264_frame0000011.jpg,179.54088927469135,176.44717915852866,53.657212785714215,47.089494570868204,853.640505696983,8031.756401706254
vid_000264_frame0000012.jpg,178.66666473765432,176.97584025065103,53.12596862467231,46.70504286757738,862.3128969649872,8106.910220197402
vid_000264_frame0000013.jpg,179.10146797839505,177.44694010416666,53.068572313976986,46.87130955954282,890.5686527765722,7977.825647996506
vid_000264_frame0000014.jpg,177.85297067901234,176.5611775716146,53.35839658896654,47.483064444903086,835.4041448023836,8016.343979878118
vid_000264_frame0000015.jpg,176.73271219135802,174.87079366048178,53.03254002076943,46.928846718345326,872.4479990289299,8360.30110573396
vid_000264_frame0000016.jpg,183.16047453703703,178.1210479736328,47.74934716369183,42.59229720292766,696.4209296284239,7555.944885965437
vid_000264_frame0000017.jpg,185.57041087962963,179.3290252685547,47.47877262712675,41.9065514081714,659.5421563784669,7196.919942364097
vid_000264_frame0000018.jpg,190.63343942901236,182.34637451171875,45.8725180840272,42.5819683552884,712.151419994079,8293.701931214891
vid_000264_frame0000019.jpg,195.2065663580247,188.8674774169922,45.75407187000312,42.31060273622545,674.8651657115042,6739.865036841249
vid_000264_frame0000020.jpg,193.43489969135803,185.2445526123047,46.18122336598982,43.50226716697217,683.8534139826269,7326.639315614244
vid_000264_frame0000021.jpg,178.04460841049382,171.6061553955078,47.18464807076488,46.10349453575409,759.5685995005667,10086.085662748665
vid_000264_frame0000022.jpg,171.8314737654321,166.9345906575521,47.66262647330913,47.54925161901159,805.4150856288582,10826.14930943749
vid_000264_frame0000023.jpg,170.78072916666667,167.63727315266928,46.92953789228199,47.089112835152655,813.6041431367013,11390.92009101808
vid_000264_frame0000024.jpg,172.5669849537037,168.37005106608072,46.959868766746474,47.609537275901815,811.7470024230204,11049.367404401302
vid_000264_frame0000025.jpg,174.72804205246914,171.11156209309897,46.58508319182196,47.16765387646422,795.4884031319325,10793.346216067672
vid_000264_frame0000026.jpg,173.91859567901236,169.8797403971354,44.65925693311529,45.415764079249044,791.781383534674,10477.235113113187
vid_000264_frame0000027.jpg,184.19050347222222,175.8409627278646,44.90929750947297,49.144563759254986,795.4292147303869,11959.961486985674
vid_000264_frame0000028.jpg,177.2226311728395,171.02935791015625,43.10350170197302,48.428854158769234,812.0301923352571,12085.043608691543
vid_000264_frame0000029.jpg,162.96010030864198,161.90217081705728,31.230526114839808,39.56721040931067,800.9412393293131,11532.439736447297
vid_000264_frame0000032.jpg,178.76280671296297,176.79112752278647,44.48581103283277,40.35224192482031,925.2609866635589,8170.233513749205
vid_000264_frame0000033.jpg,217.38523533950618,207.2130381266276,39.14531619095681,43.48024946801937,872.1154225581585,5289.9678920200095
vid_000264_frame0000034.jpg,205.83078510802468,193.4386189778646,38.23778236500896,49.47654858344656,652.0039916205512,9231.393197647994
vid_000264_frame0000035.jpg,165.94220293209875,159.13109334309897,39.658109008325475,51.66919178033135,930.2593010411309,19738.007231350988
vid_000264_frame0000036.jpg,139.96793788580246,142.27059936523438,46.54679279969244,47.17354050578961,853.970145137248,11256.312637329102
vid_000264_frame0000062.jpg,177.17806712962962,173.6701202392578,55.18517646114727,38.16658008826757,742.7211834353767,8272.525011442369
vid_000264_frame0000063.jpg,178.76496527777778,174.2997843424479,54.8463108182937,38.145311272670305,751.441884739369,8520.324419941753
vid_000264_frame0000064.jpg,178.03405092592592,174.1616465250651,54.3840298116932,38.219581074649454,754.6294822525506,8697.460337104043
vid_000264_frame0000065.jpg,177.89638888888888,173.7795155843099,53.80963413885479,38.50285739755439,764.5700070966221,8770.923707838869
vid_000264_frame0000066.jpg,176.86476658950616,174.51321411132812,51.147295360067616,35.46346840191526,654.6047015227141,7530.8422700052615
vid_000264_frame0000067.jpg,177.38477044753085,174.92498779296875,49.44784626177378,33.57267444819288,662.5743596450617,8432.053377704462
vid_000264_frame0000068.jpg,177.0271701388889,179.93743896484375,49.26669000879237,27.594106715742708,643.3263541618442,5634.289227148285
vid_000264_frame0000069.jpg,178.40713155864196,177.1194305419922,48.51365097268514,29.925110880451104,651.8648001027466,6972.085949798813
vid_000264_frame0000070.jpg,180.27931520061728,179.1085205078125,48.201704164172796,29.249448470559855,643.6661057472512,6198.964813172817
vid_000264_frame0000071.jpg,180.56725694444444,178.95263163248697,48.09128956054325,29.89372059374096,656.2467846674328,6613.680175807327
vid_000264_frame0000072.jpg,177.91087962962962,178.7022501627604,47.481226038067966,28.525979652223324,637.0061308084371,5823.928340911865
vid_000264_frame0000073.jpg,179.27189814814815,176.2239735921224,47.591296145131174,31.242449634980442,675.0426015880862,7745.67118808534
vid_000264_frame0000074.jpg,178.84137731481482,176.76429239908853,46.86117566633811,29.923774420779992,652.5395643002776,6695.28697659797
vid_000264_frame0000075.jpg,179.67206211419753,178.29579162597656,44.208488859284145,31.15523842334334,635.7984540597338,6982.80369440373
vid_000264_frame0000076.jpg,177.5775385802469,176.06302388509116,42.92409741628985,33.183413118671595,670.8296263695988,8202.371750287479
vid_000265_frame0000005.jpg,181.82341820987654,183.16307576497397,54.977856472938726,28.694105704714264,814.6737080331308,4322.44830545946
vid_000265_frame0000006.jpg,181.81007523148148,183.1349639892578,56.92722364231745,28.313279274881776,713.0806368693202,4301.336526392959
vid_000265_frame0000011.jpg,183.22780864197532,181.58458455403647,50.58409101403789,35.249494786810125,651.0240997294025,5922.23602591455
vid_000265_frame0000012.jpg,182.91765817901234,181.06592305501303,50.914645296093205,34.299970094190186,683.9631980315702,6410.541187969735
vid_000265_frame0000013.jpg,183.63296296296295,180.68914794921875,50.96571195044677,33.56864250447164,701.4659571747202,6284.3134025894105
vid_000265_frame0000014.jpg,185.94701388888888,182.4048817952474,50.38016459788813,34.65236989105995,704.6138943281679,6388.702052589273
vid_000265_frame0000015.jpg,184.91945023148148,181.17306518554688,48.58846046661343,35.84146356778884,750.0382379047912,7042.796596071683
vid_000265_frame0000016.jpg,184.40300540123457,180.33035278320312,48.42248875154487,35.61999545003121,723.0593983214577,7084.973453493556
vid_000265_frame0000017.jpg,185.01116705246915,180.72048950195312,48.80188222030448,36.17924323831064,701.8962812451775,7046.184790188214
vid_000265_frame0000018.jpg,183.87821566358025,179.1163330078125,47.44477658917795,36.426127555844126,728.8939520313572,7558.00494132936
vid_000265_frame0000019.jpg,183.96223186728395,180.2574005126953,47.02533668964999,36.52992260358151,712.8145103282201,7310.013718135422
vid_000265_frame0000020.jpg,184.74659529320988,179.74755859375,47.1210981472954,37.71410024217262,794.0425337571802,8222.856405525468
vid_000265_frame0000021.jpg,182.77395447530864,178.30425008138022,46.98792405305675,38.27814788455633,707.2116867160373,8026.556286303094
vid_000265_frame0000022.jpg,183.75197723765433,180.54837544759116,47.2400128961508,38.592069636811765,785.1446481662326,7890.140586234396
vid_000265_frame0000023.jpg,182.98923804012347,180.7391153971354,46.9114201510095,37.691714173229585,749.214320880353,7745.279716446064
vid_000265_frame0000024.jpg,183.77262731481483,181.5460459391276,46.61012330891121,37.4948357410117,715.2955266128351,7274.028971226653
vid_000265_frame0000025.jpg,184.4052797067901,183.92928568522134,46.195348987048355,36.38821655943907,797.5201549693166,6810.425246602856
vid_000265_frame0000026.jpg,183.16798804012345,183.3541514078776,45.866324358816115,36.295361274954296,800.1149654299554,6594.491455717944
vid_000265_frame0000027.jpg,182.40383294753087,182.31519063313803,45.317037167139425,35.94899972765785,810.9631235691819,6338.893066346645
vid_000265_frame0000028.jpg,184.00125385802468,183.9170888264974,44.986361684685846,34.80998000533768,705.4683250506031,5645.06110737077
vid_000266_frame0000006.jpg,183.6151774691358,185.23675537109375,48.9370035684199,30.94228901990597,688.51761147116,5626.2942966884
vid_000266_frame0000007.jpg,187.38407600308642,187.39346822102866,47.72420954396286,30.04736358975464,675.5843319335937,5139.5777044296265
vid_000266_frame0000008.jpg,180.20383680555557,181.3741455078125,49.47186926243081,30.413469805194172,682.5112554011007,5846.795953965746
vid_000266_frame0000009.jpg,180.07834297839506,182.55862426757812,48.78985493474706,30.756944842589107,686.3627703402296,5960.509641943267
vid_000266_frame0000010.jpg,182.8196913580247,183.17998250325522,47.65370688297701,29.75376711284292,672.5925632193274,5902.467773137381
vid_000266_frame0000011.jpg,189.12300154320988,191.00383504231772,44.260032449967994,28.306666711430044,666.0046580241554,4550.120372358477
vid_000266_frame0000012.jpg,187.22119984567902,188.8254191080729,42.279608457355465,28.920169410953797,700.1482841756352,4583.7762064689305
vid_000266_frame0000013.jpg,177.15545717592593,178.60931396484375,41.69614861749827,30.96613394892713,733.2375234278214,6529.75940689072
vid_000266_frame0000014.jpg,180.96601851851852,181.5077107747396,40.278546385918894,29.73577303980969,731.3531847736289,5866.876727923751
vid_000266_frame0000015.jpg,182.36458912037037,182.42811584472656,38.88752697422987,29.85908542483852,706.8415672516664,5669.497683422407
vid_000266_frame0000016.jpg,182.45726851851853,180.7529296875,37.78242147246467,30.386132004436163,702.1416180361315,6070.8463634848595
vid_000266_frame0000017.jpg,181.77023919753086,180.69709269205728,36.54985311109724,31.302739892071518,704.746527437488,6308.693352255737
vid_000267_frame0000004.jpg,159.14004822530865,161.66810099283853,49.50407533570699,41.652609786779216,829.574056069825,8230.73647397384
vid_000267_frame0000005.jpg,165.6583989197531,167.1235555013021,51.17739672957964,42.792132317590166,785.3133567385491,8043.29780781921
vid_000267_frame0000006.jpg,167.61005979938273,168.08523559570312,51.60217286961132,42.74820326938974,805.9695951602889,8257.231790940976
vid_000267_frame0000007.jpg,167.28204668209875,167.81685384114584,51.61312727995318,42.76986710228812,789.7886365996601,8134.629462465644
vid_000267_frame0000008.jpg,172.32191165123456,171.93820190429688,50.622359264793864,42.950941572020305,782.0796853271484,8238.75959611591
vid_000267_frame0000009.jpg,180.44871334876544,178.1330769856771,48.51112634963519,43.602892103356524,842.6689128686222,8180.242277487181
vid_000267_frame0000010.jpg,182.04270061728394,178.86610412597656,47.50867685489633,42.84213721639353,755.9462092430502,8284.243972387165
vid_000267_frame0000011.jpg,165.7365702160494,166.32860310872397,47.930684614226344,40.26256106337938,772.7324833113306,8199.30346537917
vid_000267_frame0000012.jpg,164.04530092592591,164.79541524251303,46.925155968210966,39.03955732418357,804.8290141465928,9185.374414741062
vid_000267_frame0000013.jpg,170.231037808642,170.02488708496094,44.31029025123015,37.555926668194,735.5750997175805,8126.317565917969
vid_000267_frame0000014.jpg,175.14719328703703,172.9073689778646,42.44886992036279,37.163230726032715,810.332523854917,8139.699432715774
vid_000267_frame0000015.jpg,171.0226948302469,170.78357950846353,43.19194968669382,37.01606630606513,841.7956028130092,8084.032748093596
vid_000267_frame0000016.jpg,165.564425154321,167.19847106933594,44.692694063350345,37.33442071923296,920.4835158950616,8587.509883887134
vid_000267_frame0000017.jpg,162.6370601851852,165.8026326497396,45.578503273446934,37.28019384029107,914.5175659613715,8530.521805993281
vid_000267_frame0000018.jpg,160.41802083333334,162.29965209960938,45.81560747400965,37.277792053668406,883.029292281238,8925.9176749771
vid_000267_frame0000019.jpg,162.43846643518518,165.71446228027344,46.61564814407289,37.57483223605542,859.5980760070717,8451.261417016387
vid_000268_frame0000001.jpg,184.97546875,178.15099080403647,50.10382232183386,45.830555614310626,866.0633897874537,10919.451115596807
vid_000268_frame0000002.jpg,185.2660474537037,178.78590393066406,50.05761707281471,45.02977118574708,823.242100947326,9597.073011412285
vid_000268_frame0000003.jpg,185.3310860339506,179.30565388997397,50.092659879287204,44.35639912122011,786.0142418638546,9134.496109828353
vid_000268_frame0000004.jpg,185.49425925925925,178.09781901041666,48.95480170310987,41.47903223652996,699.5131334921754,9423.97608269169
vid_000268_frame0000005.jpg,198.06640817901234,186.82462565104166,45.35624088963883,41.836124550505815,780.2957654126748,9493.37137173093
vid_000268_frame0000006.jpg,190.88328125,181.1501007080078,45.51749482839026,41.338219305332004,673.9443981079268,9103.415182092926
vid_000268_frame0000007.jpg,196.0038715277778,184.76715596516928,43.61061334707626,43.34334677197878,718.4532545717256,10867.641994706355
vid_000268_frame0000008.jpg,190.02534915123456,178.99286905924478,43.501978897419356,45.76408994750416,770.8198823193961,15178.773884158349
vid_000268_frame0000009.jpg,184.90500578703703,176.31829325358072,43.4617709084392,42.673756002101875,706.0088472267432,11812.102800640976
vid_000268_frame0000010.jpg,180.1716049382716,170.37890116373697,42.197648231285754,43.527915956990576,772.1460728618773,14408.468922266504
vid_000268_frame0000011.jpg,182.58384066358025,173.6764678955078,39.15074149333188,39.19870585727596,695.9747156981084,11025.46267695888
vid_000268_frame0000012.jpg,188.34523148148148,176.5515899658203,36.72858867038075,45.42021437236593,737.0793098153238,17595.947422489524
vid_000268_frame0000013.jpg,183.37903163580248,173.33421325683594,35.573625022064014,44.60068281424262,742.0420230575918,16165.355308169266
vid_000268_frame0000014.jpg,183.1432388117284,172.40872701009116,34.982459581896,42.144697984053636,720.8538330246914,12771.287454817211
vid_000268_frame0000015.jpg,187.97161458333332,177.51045735677084,36.34666340664434,44.32327178320852,769.7105267906326,12846.132618205389
vid_000268_frame0000016.jpg,190.26735146604938,181.8393351236979,41.38006508811565,47.1094546212428,687.0078126541871,8833.934317495441
vid_000268_frame0000017.jpg,178.0143672839506,174.31905110677084,54.4379077530134,59.218428367458735,937.7010980997889,15335.196191630326
vid_000268_frame0000018.jpg,172.18884452160495,169.57464599609375,57.213690465767975,61.48940926086383,1056.1400386726452,16541.11070832028
vid_000269_frame0000001.jpg,183.57788194444444,184.62113444010416,54.9150918603653,25.500172838827012,727.9207521635749,4150.594823803753
vid_000269_frame0000002.jpg,183.90918402777777,186.33838907877603,54.78509423112178,25.847971878286465,720.0007527133433,3929.1137364131864
vid_000269_frame0000003.jpg,182.03029706790124,185.50076802571616,55.93619512158714,25.478992049695957,722.4097633209018,4076.9404746850487
vid_000269_frame0000004.jpg,184.2827025462963,184.76707967122397,55.46184409007844,25.851051503625516,709.6708818072702,4061.452103166841
vid_000269_frame0000005.jpg,184.756300154321,183.8390096028646,56.00549063732226,25.820991340589156,707.6634003541546,4096.107256389223
vid_000269_frame0000006.jpg,184.12291280864198,184.93597412109375,56.49633035720427,26.353574036032335,700.2591914993515,4226.293073154055
vid_000269_frame0000007.jpg,184.89873842592593,183.92298380533853,56.28147940097836,28.031401312414992,704.0519319296754,4672.70085279434
vid_000269_frame0000008.jpg,183.8730324074074,183.50462341308594,56.89198072708858,28.38275800431211,729.3021736831477,4898.963046036428
vid_000269_frame0000009.jpg,183.40234182098766,183.70121256510416,56.991904780988484,27.84886306011925,677.298785428991,4450.121802441543
vid_000269_frame0000010.jpg,182.67353780864198,182.9144541422526,57.222574368382105,28.04061579669944,695.43189731596,4658.764218257507
vid_000269_frame0000011.jpg,185.24712577160494,182.4077606201172,57.38801347746797,30.89413153786379,745.9475157530649,4233.393978848122
vid_000269_frame0000012.jpg,183.1467785493827,180.5441691080729,58.09474689955085,34.164521667793196,896.0790604358228,5226.02746533975
vid_000269_frame0000013.jpg,183.93202160493829,181.06842041015625,57.97027562285396,34.548796683205914,882.2062767349054,5329.086802467704
vid_000269_frame0000014.jpg,184.13030864197532,181.07986450195312,57.99559994535813,34.762946699238,910.3388464730888,5406.215740836225
vid_000269_frame0000015.jpg,184.68148341049383,182.44754536946616,57.98218253257505,34.53599616788199,884.7222152262036,5023.779335333966
vid_000269_frame0000016.jpg,184.40395447530864,181.45805867513022,58.04037048706448,35.05252160970314,917.469929933449,5346.971096038818
vid_000269_frame0000017.jpg,184.19779706790123,181.79002888997397,58.205429722315735,33.61075998411487,815.2840371751489,4784.699596878141
vid_000269_frame0000018.jpg,184.27413194444443,181.83389790852866,57.62127982537417,31.9265073689933,827.5331782064471,5070.925096370047
vid_000269_frame0000019.jpg,185.55325424382715,182.91631062825522,57.55654650131776,34.227983213664,820.2098713455932,4741.1011165191885
vid_000269_frame0000020.jpg,184.83311728395063,181.84134419759116,57.601323177466035,35.05369184695117,978.4757629178185,5489.248388269683
vid_000269_frame0000021.jpg,184.51950038580247,181.71145629882812,57.69521690207022,35.18219506437152,968.0149516634716,5412.788423336111
vid_000269_frame0000022.jpg,116.30262345679013,127.86120096842448,56.407545019197414,40.39267461562677,948.604124059573,10203.834829007974
vid_000269_frame0000023.jpg,182.96485918209876,180.84976704915366,58.301986498799934,35.93366569568202,963.0563120691538,5751.861886381172
vid_000269_frame0000024.jpg,184.23738425925927,181.69974772135416,57.82063894149168,34.44976019828815,878.4877358257446,5228.138333185576
vid_000269_frame0000025.jpg,183.53261959876542,180.78926595052084,58.63396701544208,38.083694569830335,948.0319568501037,6026.860082513653
vid_000269_frame0000026.jpg,181.68163580246915,179.38602193196616,58.57098648229629,38.588835104336106,947.5321828510802,6628.943826793693
vid_000269_frame0000027.jpg,183.18656442901235,180.07437642415366,58.78963719725454,39.26447117772765,960.1510469050069,6277.3125086715445
vid_000269_frame0000028.jpg,182.19491512345678,179.18226623535156,58.90414151589239,39.550315100741656,968.6611418906131,6753.778776522726
vid_000269_frame0000029.jpg,183.87479552469136,180.05135091145834,58.486706003042066,42.148906655342714,973.1570128801427,6856.985500498675
vid_000269_frame0000030.jpg,182.56146797839506,177.6919911702474,58.53373459052103,43.449640049662484,996.873799121998,7744.7767812551465
vid_000269_frame0000031.jpg,181.7824537037037,177.05091857910156,58.98649553152356,44.241125750972266,1030.666365174763,8232.858007671079
vid_000269_frame0000032.jpg,182.90146026234567,178.5168202718099,58.7106639604974,43.29196314976959,943.7681985499922,7348.7709283416625
vid_000269_frame0000033.jpg,180.8629436728395,176.7161610921224,58.867616377779875,43.49722102089346,961.1464184748144,7908.963724292582
vid_000269_frame0000034.jpg,180.1628838734568,176.25808715820312,59.035176484819345,42.68909124184513,922.342970889998,7659.9426188466605
vid_000269_frame0000049.jpg,178.9428761574074,169.7685089111328,49.36371791308903,50.31659730876304,867.7194846631462,14589.815593546024
vid_000269_frame0000051.jpg,182.91217785493828,174.94014994303384,50.32640421555816,49.311889734622035,823.2343207384569,10542.06750292494
vid_000269_frame0000053.jpg,186.18280478395062,179.34449259440103,48.94379158194773,43.65126178495656,678.7283886179899,8623.423215713352
vid_000269_frame0000054.jpg,183.4211323302469,179.36207580566406,49.88012867546345,43.719464552505244,704.115996553364,9627.730689048767
vid_000269_frame0000055.jpg,180.4500887345679,176.5856730143229,49.67879816642754,43.544179816889795,678.0401842310944,9940.376529991394
vid_000269_frame0000056.jpg,171.0569926697531,168.35863749186197,50.37752320273779,42.013686424349366,723.2252213240258,11315.998981237411
vid_000269_frame0000057.jpg,166.43711419753086,165.42215983072916,45.32036213024548,34.5434153201774,685.5965615017026,8245.862363476073
vid_000269_frame0000058.jpg,177.3220061728395,173.30172729492188,47.820137636437885,31.56328196011825,638.2565485916872,6240.2821184312925
vid_000269_frame0000059.jpg,181.74117283950616,176.94654846191406,50.28894039694915,33.69141683859935,658.191705040315,6753.840735871112
vid_000269_frame0000060.jpg,181.13456597222222,175.96035766601562,54.4863047305228,40.64083707155442,665.084432125256,8823.812527789734
vid_000269_frame0000061.jpg,181.95222029320988,177.2064005533854,56.1648334261014,44.94032457782788,776.0421281763063,9333.231300309068
vid_000269_frame0000062.jpg,181.85984953703704,177.49181620279947,55.32543129354589,45.780371353749224,804.1384115882403,10103.223602670943
vid_000269_frame0000063.jpg,181.3206076388889,176.21990458170572,53.46508579811028,46.955930322191854,838.6220069432388,11010.427226722008
vid_000269_frame0000064.jpg,180.61380015432098,176.03625996907553,52.754913074871254,47.36670764575094,876.6123346619072,11006.564446672797
vid_000269_frame0000065.jpg,182.03974151234567,177.08599853515625,52.28995705566989,46.680605047683734,863.4391659044054,10568.058489581337
vid_000269_frame0000066.jpg,183.4215837191358,178.29641723632812,52.02816871738257,46.82367651427581,843.3932831548664,10221.891142409062
vid_000270_frame0000011.jpg,156.80854359567903,158.6874542236328,43.40600531911622,43.038817361527094,817.0118132007404,10005.636051717913
vid_000270_frame0000012.jpg,156.86146604938273,157.8330281575521,43.58900485913803,43.433589396549095,808.2580454788438,10412.249413079582
vid_000270_frame0000013.jpg,157.21923032407406,158.55038452148438,43.75822862856845,43.10724631320454,765.48947360304,9803.008704578271
vid_000270_frame0000014.jpg,154.7171334876543,155.8339589436849,43.478405289354036,43.03569256208481,820.2180482405465,10597.414183947956
vid_000270_frame0000015.jpg,153.03297646604938,155.1259969075521,43.30125738744258,42.74224121623525,800.9648009768305,10345.333391413093
vid_000270_frame0000016.jpg,152.08136188271604,155.23270161946616,43.25466024985586,42.695730562495555,803.7664938817824,10047.153044428676
vid_000270_frame0000017.jpg,151.9617399691358,154.37301127115884,43.229627444009,42.798049632308526,799.4411347222222,10290.690020515583
vid_000270_frame0000018.jpg,151.41432870370372,153.51762898763022,43.32867249610435,42.70226878097947,805.6745930157697,10765.125117114745
vid_000270_frame0000019.jpg,151.14087962962964,155.10277811686197,43.12731983559331,42.3516184745699,774.7432826955535,9004.365318804048
vid_000270_frame0000020.jpg,150.29512538580246,153.3863728841146,43.04009482451879,42.96326098760524,795.9511574062019,10685.828067840775
vid_000270_frame0000021.jpg,149.7221489197531,153.56005350748697,42.74659832519976,42.92917975251827,784.0394119598765,10050.262596715009
vid_000270_frame0000022.jpg,148.9691010802469,152.2515869140625,42.76172216419863,42.71125328469855,822.9876850801613,10731.581943377852
vid_000270_frame0000023.jpg,146.4512037037037,151.32079569498697,42.929794100891336,42.80841452423558,773.3666745493613,9827.376064991346
vid_000270_frame0000024.jpg,134.25072145061728,142.60297648111978,44.76940102775365,43.81624560128049,873.4533677071277,10234.512422590517
vid_000270_frame0000025.jpg,123.93148726851852,135.7235310872396,43.31000194623391,43.9523392678337,969.1650356189117,10728.510214047274
vid_000270_frame0000026.jpg,124.4694000771605,136.21698506673178,42.94849944456482,42.73902905178221,989.5201814811801,10338.393096823012
vid_000270_frame0000027.jpg,136.14422453703705,145.14508565266928,44.61976204925682,43.747296723574955,926.0104212574147,10322.400023188442
vid_000270_frame0000028.jpg,141.54758680555557,149.15592447916666,45.7716723713344,44.38185328781599,903.2508571164144,10270.961723268032
vid_000270_frame0000029.jpg,146.01174961419753,153.8061319986979,46.54680256637781,45.187672807517636,842.0165879915967,9468.055705785751
vid_000270_frame0000030.jpg,147.38735339506172,153.97454833984375,46.8177924139317,44.63191727396701,854.500291520785,9902.819131403929
vid_000270_frame0000031.jpg,147.76176311728395,154.6179962158203,46.85029845593234,45.123016996102464,861.1186278886962,9864.753971341765
vid_000270_frame0000032.jpg,147.754375,153.37597147623697,46.977021653369036,44.936642475571944,864.8935356544442,10309.460806026123
vid_000270_frame0000033.jpg,147.6023051697531,153.98827107747397,46.65442548290458,44.698853256746794,855.5235916918509,10099.001403238624
vid_000270_frame0000041.jpg,149.0538387345679,153.9515838623047,47.536197411589654,45.153545174654056,918.0672741121183,10324.755234103417
vid_000270_frame0000042.jpg,149.2262924382716,155.06677754720053,47.90856287419455,45.74112148482866,899.5474868703582,10203.2417973876
vid_000270_frame0000043.jpg,150.24489969135803,155.6929728190104,48.68183685337839,46.03143588744831,895.8297109897107,10363.83840084076
vid_000270_frame0000044.jpg,151.2005652006173,156.11962381998697,49.37808252673415,46.8479201058305,903.4967920090666,10476.548251733184
vid_000270_frame0000045.jpg,152.4482773919753,156.62750244140625,50.42628396108196,47.03473163378804,918.1026362632886,10479.049852492055
vid_000270_frame0000046.jpg,154.43935956790122,157.9119110107422,52.176019819344326,48.126009177286356,908.5004347908092,10573.324573364109
vid_000270_frame0000047.jpg,156.46252314814814,158.82403055826822,53.53126520056507,49.13561456933415,907.0638585305214,10777.235486593097
vid_000270_frame0000048.jpg,157.86708526234568,160.48698933919272,54.21171564689043,49.339217585209255,927.9038107590663,10563.80889070686
vid_000270_frame0000049.jpg,156.53424189814814,160.63108825683594,54.17984110034911,49.524757716763,913.4961131665807,9772.87995066098
vid_000270_frame0000050.jpg,151.21280478395062,155.84314473470053,53.15507078862449,48.882298059945846,938.3689661436899,10226.40291047818
vid_000270_frame0000051.jpg,150.58700810185186,156.50956217447916,52.60280915922708,47.75122228649107,910.6317983919537,9593.465576929739
vid_000271_frame0000003.jpg,181.48758487654322,179.8297373453776,51.76413681812152,37.04517592747072,660.6188617957764,5882.958371909102
vid_000271_frame0000004.jpg,183.35473958333333,182.92596435546875,56.899621950545985,34.384806125067726,693.254696448474,5509.2971650213
vid_000271_frame0000005.jpg,181.52987075617284,180.94255574544272,57.93586904311642,33.73099019940117,810.7683811358334,5999.488894734299
vid_000271_frame0000006.jpg,180.6957561728395,180.4452667236328,58.838191861206134,27.06676479646402,736.3601275028934,4255.880273934454
vid_000271_frame0000007.jpg,180.95039930555555,180.93561299641928,58.45706767223212,26.361706984914626,702.4638069057303,3807.516857536277
vid_000271_frame0000008.jpg,182.60697530864198,182.74804178873697,58.16201455809608,25.22638605338981,721.475950267349,4190.130844949745
vid_000271_frame0000009.jpg,183.47684413580248,182.99356587727866,58.027721232170975,26.09363254527297,727.6962251477569,4308.82034448511
vid_000271_frame0000010.jpg,183.61496913580248,183.56878662109375,58.200484701104436,26.337362735692835,740.7830724207164,4321.1539715491235
vid_000271_frame0000011.jpg,179.74232445987656,180.32293701171875,59.489855009675345,26.97186245619188,737.7317719859182,4921.856944795698
vid_000271_frame0000012.jpg,179.93607831790123,178.55753072102866,59.34203286896771,26.954889290650332,712.402724427693,4909.434709209716
vid_000271_frame0000013.jpg,179.05034143518517,178.81269327799478,59.79103863458344,26.87057295351357,713.3015885368441,4717.01295737084
vid_000271_frame0000014.jpg,179.5389949845679,179.6138712565104,59.82730193274365,27.47262752105281,767.2181431953754,5561.331632456742
vid_000271_frame0000015.jpg,180.80892939814814,181.38008626302084,59.26921510948885,27.156493756860197,699.5756482563537,5113.854224767303
vid_000271_frame0000016.jpg,180.498069058642,180.22064208984375,59.29569456899559,27.767387422865273,717.5018684862346,5345.659705102444
vid_000271_frame0000017.jpg,181.52532793209878,182.49077351888022,59.12020850531487,29.33858673533208,724.7334995490598,6311.52806252148
vid_000271_frame0000018.jpg,181.10460648148148,181.74096171061197,59.164534641420815,27.832980926685103,742.7882369770232,5802.513349353336
vid_000271_frame0000019.jpg,180.37532021604937,182.3160654703776,58.83125601999116,26.420017519340824,731.6426489292642,4578.178678210825
vid_000271_frame0000020.jpg,179.00369212962963,179.93696085611978,59.1928868436109,29.807836284225633,797.070984755143,5069.061498297146
vid_000271_frame0000021.jpg,178.9365374228395,180.34612528483072,59.12150273412731,29.842984319864048,793.1936947860069,5001.562745537609
vid_000271_frame0000022.jpg,178.24459297839505,179.08006286621094,59.20173610755327,29.688354628120084,760.9098247248143,5033.2865349194035
vid_000271_frame0000023.jpg,182.03112654320987,181.46959940592447,58.91777452174427,26.512773642478287,693.3190106336469,4773.94109814032
vid_000271_frame0000024.jpg,105.52669560185186,120.89609273274739,57.21826541335156,38.90512009152686,1043.0303101848838,12529.148808031343
vid_000271_frame0000025.jpg,166.6896836419753,168.39242045084634,62.82366802362886,33.69051097730767,729.1950193478599,9110.498794495128
vid_000271_frame0000026.jpg,174.52807484567901,173.35533650716147,62.04072182013628,34.421249477216804,739.9636374951775,7542.644800331444
vid_000271_frame0000027.jpg,170.27405285493828,169.72854614257812,63.00072430299872,38.369587337903766,700.3276009430728,7796.544578686124
vid_000271_frame0000028.jpg,171.8106288580247,171.5791778564453,62.719297051828676,38.00018828752341,588.1173512642733,7041.46678160131
vid_000271_frame0000029.jpg,166.18970486111112,165.19927978515625,63.65247701056969,43.21823136535239,779.238393436502,10986.668144779047
vid_000271_frame0000030.jpg,169.09019097222222,166.5974578857422,63.79359808082461,38.804943525481974,689.8762360677083,7219.332389896503
vid_000271_frame0000031.jpg,166.01853587962964,165.83980814615884,64.08316525902579,39.599511566589754,771.2924845934875,8205.438647991978
vid_000271_frame0000032.jpg,165.2088213734568,159.67084248860678,64.72394879462449,40.515087037890424,773.1302648048684,8020.346814373275
vid_000271_frame0000033.jpg,168.15571952160494,167.11144002278647,64.23188233140075,37.79490394950503,751.7562011718416,7607.772490637144
vid_000271_frame0000034.jpg,171.75405092592592,172.49309794108072,62.74432674868346,32.67236823069822,717.4224112220294,7563.923939820379
vid_000271_frame0000035.jpg,174.0835763888889,174.97625732421875,62.065714983450995,30.89022975962471,761.8361796712909,7505.732175912708
vid_000271_frame0000036.jpg,173.48057677469137,174.61239115397134,62.198282603697585,30.940341476718658,725.8752817000693,6647.206634878181
vid_000271_frame0000037.jpg,174.89148919753086,176.90929158528647,61.776365735797626,29.709164441864743,733.7828462815272,5710.987181290751
vid_000271_frame0000038.jpg,173.82767939814815,176.57485961914062,60.96693968239443,27.674105969949416,743.5651883487654,5208.805915908655
vid_000271_frame0000039.jpg,174.3798572530864,177.87613423665366,60.85432126645249,29.105419949974998,759.8840034716864,5183.599132463103
vid_000271_frame0000040.jpg,175.39846450617284,178.05615234375,60.228912438093985,28.6678212320528,723.5918874863028,4916.904700960964
vid_000271_frame0000041.jpg,177.24651813271606,177.1343739827474,58.407939810438,28.796964105118747,735.7956687279974,4423.287947313627
vid_000271_frame0000042.jpg,178.61576195987655,177.53965759277344,57.065213720055056,29.212607523859347,774.4297874119889,3495.5337016878184
vid_000271_frame0000043.jpg,180.1542997685185,175.00275166829428,52.76002140479005,30.02356739560549,722.8267296467766,4603.750273704296
vid_000271_frame0000044.jpg,182.3910686728395,178.5079345703125,53.47925138950631,35.52627519682161,800.0898280521261,3186.9836174100637
vid_000271_frame0000045.jpg,183.41183449074074,180.41726684570312,53.371888559587724,36.9988408817847,840.3465027776437,2818.630420431262
vid_000271_frame0000046.jpg,182.53641975308642,179.98958333333334,53.120852387022246,36.581152223117854,855.3738840529619,2658.9735882794484
vid_000271_frame0000047.jpg,181.03980131172838,177.8853505452474,53.28411791328579,37.040586510817434,865.5402578097874,3430.3954952431377
vid_000271_frame0000048.jpg,181.28468557098765,178.49236043294272,53.06891438165356,37.02473726115363,844.8371337432152,3178.5746809241828
vid_000271_frame0000049.jpg,181.89637538580246,180.2318115234375,52.45413903725758,36.97676091779319,816.0115430550198,3462.7492297803983
vid_000271_frame0000050.jpg,187.2839409722222,182.1312052408854,50.00441852213918,31.878388861098763,890.170859348744,3614.052341070026
vid_000271_frame0000051.jpg,183.92751157407406,182.13666280110678,51.80874323730833,33.58036138597935,817.4503769865811,3482.7912701284513
vid_000271_frame0000052.jpg,180.08563078703705,176.8499501546224,53.22915856279805,41.13057493193753,876.6985590229552,4738.650976150297
vid_000271_frame0000053.jpg,167.68809413580246,169.1257120768229,55.820039173883195,42.599926381670436,942.1295898796177,6419.474633379839
vid_000271_frame0000054.jpg,182.6176311728395,177.752197265625,48.19086435732339,32.75644339355344,813.3306399272064,4487.87241664133
vid_000272_frame0000006.jpg,183.6473186728395,183.03238932291666,54.241420412931085,35.54097176148637,619.4869416580933,4860.391331765568
vid_000272_frame0000007.jpg,181.80299575617283,180.48710123697916,53.06590394183759,36.1103507949365,634.0317457475994,5548.160503333202
vid_000272_frame0000008.jpg,182.93226851851853,181.5189666748047,53.82668087214601,34.25395794375846,672.4130495801385,5558.453984319931
vid_000272_frame0000009.jpg,183.45500964506172,181.42697143554688,53.782601380069636,34.38881879674008,631.6739285659601,5295.432642846368
vid_000272_frame0000010.jpg,184.7123013117284,182.78195190429688,54.028399645709435,34.80802732804629,678.2507767875179,5467.444547457388
vid_000272_frame0000011.jpg,185.04320987654322,184.4208984375,51.74728704977206,30.03802570989443,625.2160540637526,4672.645224673441
vid_000272_frame0000012.jpg,184.87667438271606,185.20406087239584,47.740980652824426,27.245702289395812,638.0042721833406,4513.983530148864
vid_000272_frame0000013.jpg,189.33672646604938,190.80635579427084,48.20750408160334,26.244517848321358,637.9780473229595,4049.778509244323
vid_000272_frame0000014.jpg,186.80023341049383,185.85450744628906,46.72686926478289,27.073890379678318,658.4932353373628,4479.665286779404
vid_000272_frame0000015.jpg,187.84667052469135,186.87931315104166,46.07655319934962,27.416715922282417,642.363025166076,4340.788488134742
vid_000272_frame0000016.jpg,188.00218557098765,186.34269205729166,46.49369942969117,28.195501081367397,651.3481128599484,4518.820207999786
vid_000272_frame0000017.jpg,185.76206597222222,186.03939819335938,48.14666682026402,28.477335060893267,661.2624838369863,4670.971315752482
vid_000272_frame0000018.jpg,186.23489197530864,185.57768758138022,45.43925104616579,28.899262721800664,641.5647805986569,4526.020420944085
vid_000272_frame0000019.jpg,186.52109182098766,185.38910420735678,45.200760403912206,29.0767677982479,647.5385389317559,4664.6898505603895
vid_000272_frame0000020.jpg,186.67104938271606,184.61124674479166,45.414555479072554,30.02626234339061,666.7351838828006,5089.925629243255
vid_000273_frame0000003.jpg,191.16379436728394,179.2479502360026,48.25670092470814,51.82281539559429,1055.855880726454,14083.724778815173
vid_000273_frame0000004.jpg,172.59992669753086,168.5722401936849,46.22522045558535,35.90947262301063,639.2842642391921,7824.263108094921
vid_000273_frame0000005.jpg,152.20487075617285,153.00670369466147,51.6620421074999,38.674041209093204,766.7661183437018,11536.032836914062
vid_000273_frame0000006.jpg,144.4238387345679,145.6484171549479,51.56096196735166,37.77788783053731,779.1890278633778,11021.288507457823
vid_000273_frame0000008.jpg,182.90795331790125,175.25286356608072,47.981429077110356,36.86931700888314,636.040192174506,8397.237291339552
vid_000273_frame0000009.jpg,183.4511747685185,175.8960164388021,47.49996633739398,36.478948795726915,666.6426353389704,7579.169977154583
vid_000273_frame0000010.jpg,185.6887152777778,174.54664611816406,42.33966811527736,33.077984320610135,674.5602366307388,8834.655795952072
vid_000273_frame0000011.jpg,184.3672415123457,173.38468424479166,41.10671840494522,40.829034004079595,789.8924160983782,7844.096589311026
vid_000273_frame0000012.jpg,190.71175347222223,177.69209798177084,46.73821935120467,52.83755823694186,974.3451138234833,12000.853834122187
vid_000273_frame0000013.jpg,192.4753722993827,180.12796020507812,47.756182287920616,54.96800081476481,1030.599934573494,11692.568081747508
vid_000273_frame0000014.jpg,193.9280536265432,183.58929951985678,47.92051883903888,52.61696546717616,861.743187572338,9220.500189781189
vid_000273_frame0000015.jpg,190.9884664351852,182.1978759765625,51.183487403602975,55.91217883348668,873.9919557050207,9985.428497388726
vid_000273_frame0000016.jpg,166.44423804012345,165.5210978190104,59.978031409132974,61.52554917367473,1074.8576090277443,16514.16041126009
vid_000274_frame0000005.jpg,186.05133294753085,184.95203145345053,50.622091194038106,30.895825865502378,646.1834837962629,4844.307853461942
vid_000274_frame0000006.jpg,184.15764467592592,182.05059814453125,50.369673228081226,31.80081097107847,650.767874703113,4989.944677566877
vid_000274_frame0000007.jpg,185.5125385802469,181.66688537597656,50.86759411052038,33.18724913987987,705.1261971635147,5997.006782840705
vid_000274_frame0000008.jpg,182.32824074074074,179.5627237955729,51.336728456064215,31.970835786259222,658.0203991414555,5361.831961732125
vid_000274_frame0000009.jpg,180.6434837962963,175.3173065185547,47.2702763541502,36.754558243026324,718.2250809208623,6199.536226697033
vid_000274_frame0000010.jpg,181.61753472222222,176.54796854654947,46.77084883298793,37.55686414053529,750.2289578735518,6281.173700264655
vid_000274_frame0000011.jpg,162.19168788580248,164.49146525065103,54.14742081136418,49.02264605928056,824.7780891439472,8216.063102169894
vid_000274_frame0000012.jpg,165.75143904320987,169.02863057454428,60.577226784912824,56.37367840594659,1049.158966869079,11427.96329539991
vid_000274_frame0000013.jpg,152.14747106481482,156.1344197591146,49.75237123250775,42.17987208929913,748.7324784987127,7698.3475279724225
vid_000275_frame0000001.jpg,72.61902391975309,92.18408203125,62.16149575707733,70.36155181743317,1629.0220545066218,11502.995540469652
vid_000275_frame0000002.jpg,72.96095293209876,92.79561360677083,62.36223606398797,70.84509475074458,1616.619016776748,11331.60733121261
vid_000275_frame0000003.jpg,73.02613040123457,92.56217956542969,62.81521004898756,70.96493344349584,1619.9979132200308,11039.113304636441
vid_000275_frame0000004.jpg,59.38440200617284,81.90688578287761,55.35850851527633,67.01181162851617,1708.4691971996833,11641.575637846254
vid_000275_frame0000005.jpg,60.58822145061728,82.83189392089844,56.007033723841786,67.26622518537512,1638.7666868375718,11134.942265694728
vid_000275_frame0000006.jpg,58.17657986111111,79.83479817708333,55.22332750710492,65.48597354505897,1576.3587442899895,10457.895638743183
vid_000275_frame0000007.jpg,65.15177469135803,83.52693176269531,50.08467556836863,58.736669508856714,1127.4450071734811,9662.972685582004
vid_000275_frame0000008.jpg,75.66812885802469,93.96461486816406,51.852421871918345,63.33822316452772,996.3007652311265,11055.973365733167
vid_000275_frame0000009.jpg,75.18725887345678,93.76435852050781,51.55622827261169,63.23505756716883,986.9160036844136,11048.621515793493
vid_000275_frame0000010.jpg,74.86130208333333,93.70139567057292,51.39645384410313,63.32792322724164,1013.1822236614461,11405.699060596293
vid_000275_frame0000011.jpg,74.97708912037037,93.44763692220052,51.46478589937739,63.17621293838638,999.1997719135801,11314.43163691624
vid_000275_frame0000019.jpg,73.4938136574074,91.73450724283855,50.75451452736177,61.78189584383224,993.8944279320988,10805.38633639901
vid_000275_frame0000020.jpg,73.06175733024692,91.36847432454427,50.575708091117846,61.88307316588057,1043.5653193310814,11546.015127863735
vid_000275_frame0000021.jpg,73.28507716049383,91.43523661295573,50.72923079996162,61.93306915182208,1059.2843561385457,11614.07614281564
vid_000275_frame0000022.jpg,73.10936342592592,91.41995747884114,50.70866580869448,61.97381614674992,1059.284003999988,11466.376781014493
vid_000275_frame0000023.jpg,71.05222800925925,88.98174540201823,53.17932166320969,61.880513365586,1147.5337887622975,9789.185495524667
vid_000275_frame0000024.jpg,58.86052276234568,81.09641520182292,55.08963420878363,66.0998081942591,1745.8193188645353,11721.252559471643
vid_000275_frame0000025.jpg,59.26104938271605,81.44169616699219,55.37130715867673,66.44452840020136,1720.2275740547843,11948.334135945886
vid_000275_frame0000026.jpg,61.738065200617285,83.49303690592448,56.46060644698647,66.64519924904087,1695.3877721107683,11626.442989348434
vid_000275_frame0000027.jpg,66.35671103395062,87.58103434244792,58.48040399264166,68.44386062530387,1693.712760454711,11578.326943483204
vid_000275_frame0000028.jpg,69.74955439814815,90.48929341634114,59.7847707566346,69.45907102840839,1684.374418546248,11698.065364822745
vid_000276_frame0000001.jpg,73.11884452160494,91.11518859863281,63.32946618170182,73.97167324597353,1580.993597100018,13780.219167813659
vid_000276_frame0000002.jpg,72.93959104938271,91.83854675292969,63.15010291468438,74.6703728479095,1562.2823597471051,13591.919196388684
vid_000276_frame0000003.jpg,61.671024305555555,82.50719706217448,54.686867653418076,68.5926705012519,1674.253696102558,13582.616596469423
vid_000276_frame0000007.jpg,43.12858989197531,66.15478515625,41.13797341873798,54.6415588085306,1772.4368147097907,11753.055060442537
vid_000276_frame0000008.jpg,35.368290895061726,58.092386881510414,38.13025670008196,51.36455751568354,1740.169403385115,10814.951257511042
vid_000276_frame0000009.jpg,38.02623263888889,59.28479512532552,37.82965836752422,48.37416813080037,1499.5278153929828,9953.507285889238
vid_000276_frame0000010.jpg,48.96718942901234,70.26423645019531,37.979403199244096,49.83103519029556,1384.9940102961034,10773.4977829298
vid_000276_frame0000011.jpg,49.410127314814815,72.70127868652344,37.766881364405116,51.6814447806145,1312.9362998541185,11239.199984297156
vid_000276_frame0000012.jpg,49.08774112654321,72.41054280598958,37.56876586198781,51.517619979869586,1329.2047361263487,11148.010181188583
vid_000276_frame0000013.jpg,48.859969135802466,72.76213073730469,37.48059546510435,52.15948719194765,1379.0857516380197,12291.332960542059
vid_000276_frame0000014.jpg,48.61187114197531,72.33192952473958,37.31340350729494,51.83066542711399,1361.8250879195602,11910.190144956112
vid_000276_frame0000015.jpg,48.69579089506173,72.3417460123698,37.31535161404394,51.76173698198502,1352.4397504608196,11721.826992403483
vid_000276_frame0000019.jpg,48.54316165123457,72.1741434733073,37.085619318274986,51.4864427653925,1295.3162151572146,11299.006883136695
vid_000276_frame0000020.jpg,44.787337962962965,65.83418782552083,36.67194851704795,47.77290742900133,1429.4951764386883,10364.60383732221
vid_000276_frame0000021.jpg,34.46678047839506,57.966033935546875,36.01724065065009,49.980344401885375,1787.5042201892238,10654.003899797797
vid_000276_frame0000022.jpg,35.308109567901234,58.63865661621094,36.695905837335076,50.41885080775266,1845.96023014189,11043.990684582852
vid_000276_frame0000023.jpg,36.34695987654321,60.14864603678385,37.10433530356497,51.135356463823015,1836.6831831756633,10845.614062564215
vid_000276_frame0000024.jpg,36.79228780864197,61.345296223958336,37.4181299713517,52.68448047267737,1907.1067080653813,11386.651504959911
vid_000276_frame0000025.jpg,35.193381558641974,59.613972981770836,36.39866144994165,51.7912895907906,1888.938086277455,11251.862461287295
vid_000277_frame0000001.jpg,75.76646026234567,92.55583190917969,64.34206644459509,74.25498173787614,1512.3948568587105,12401.469469288131
vid_000277_frame0000002.jpg,75.9495524691358,92.6749267578125,64.41334538620802,74.35209587472761,1492.720763564038,12219.268830371788
vid_000277_frame0000003.jpg,69.73141010802469,88.03675333658855,59.31545186993642,70.53100374675155,1562.5526977103693,12532.142239663517
vid_000277_frame0000006.jpg,42.96621334876543,67.3224589029948,39.59833636792409,55.36246542077191,1689.2423660324703,11385.974776372313
vid_000277_frame0000007.jpg,47.11742862654321,70.74983215332031,40.01089079487942,55.021331095134855,1729.2224102418497,11956.625348655274
vid_000277_frame0000008.jpg,57.36787037037037,78.95499674479167,42.044032520905965,55.35360002586605,1358.0662427854604,11068.049332237802
vid_000277_frame0000009.jpg,63.227148919753084,83.44354756673177,44.46978579422555,57.1360172049869,1174.3426551863306,11054.626619067043
vid_000277_frame0000010.jpg,64.05084490740741,84.0950215657552,45.35264779160055,58.09046277727035,1230.9177583749945,11210.06518053636
vid_000277_frame0000011.jpg,64.60654128086419,84.79232788085938,45.56828649216487,58.547652819670105,1189.3658289324726,11042.050062729977
vid_000277_frame0000012.jpg,65.44720100308642,85.86663818359375,46.03067236838582,59.61088522915096,1219.689533923792,11741.700170980534
vid_000277_frame0000013.jpg,66.63785300925926,86.36002095540364,46.67305442827931,60.002828304035894,1179.827809879725,12020.707742801867
vid_000277_frame0000014.jpg,67.31374614197532,87.06290181477864,47.126245448981564,60.883856058018644,1227.110692816539,13188.589748382568
vid_000277_frame0000015.jpg,67.89608989197531,87.88572184244792,47.443368524633044,61.20354153553772,1197.1525365863984,13191.236478816485
vid_000277_frame0000016.jpg,67.90974344135803,87.93208821614583,47.42243032701831,61.37097441677102,1225.1107266273025,13379.006787217222
vid_000277_frame0000017.jpg,67.31744984567901,87.06953938802083,47.06968686514849,60.634434892309436,1181.772609551692,12372.310230994364
vid_000277_frame0000018.jpg,66.49180362654322,86.22467549641927,46.67854980925148,60.550783997188994,1270.7074044817055,13844.567413849523
vid_000277_frame0000019.jpg,66.54254822530864,86.33530171712239,46.63827777199124,60.060238117093725,1197.8478235048815,12590.620368240168
vid_000277_frame0000020.jpg,66.51113233024691,86.42549641927083,46.716361473384936,60.67907613097274,1261.4446786176686,13437.193592187017
vid_000277_frame0000021.jpg,67.50178047839506,87.2075907389323,47.206493343662004,60.637461862832694,1232.6477164348835,12428.984832342481
vid_000277_frame0000022.jpg,67.7666724537037,87.30528259277344,47.3472617906679,60.92385187178865,1220.1371268518517,13400.380331978202
vid_000277_frame0000023.jpg,67.76681520061729,87.72501627604167,47.32248899562778,61.07206718407732,1180.603116661844,12827.966612546705
vid_000277_frame0000024.jpg,67.33634645061728,87.16136678059895,47.13726548881138,61.052329228984,1241.454297807222,13690.792607964715
vid_000277_frame0000025.jpg,67.1469000771605,86.8051045735677,47.02452144905243,60.57951144919499,1237.7297807347595,12631.218521196162
vid_000277_frame0000026.jpg,67.0795987654321,86.74679056803386,46.926303559241404,60.44514780293066,1195.6669961853447,12528.724926403724
vid_000278_frame0000001.jpg,48.35429012345679,69.04761759440105,35.764819288296,48.26949959641867,1644.0518883089796,10923.075614444679
vid_000278_frame0000002.jpg,48.71553047839506,69.15116373697917,35.929123757177294,48.23702240261172,1659.3673413321708,10884.94955882337
vid_000278_frame0000003.jpg,51.71257523148148,71.76273091634114,37.687549531683,49.98380254378844,1666.2202139648437,10856.65195637918
vid_000278_frame0000004.jpg,52.04485532407407,72.10036722819011,37.79163170144032,50.295629048445306,1573.9667972981772,10573.885602423688
vid_000278_frame0000005.jpg,52.34481674382716,73.03256225585938,37.87248978084506,50.655857281812466,1605.168949786603,10868.492389678722
vid_000278_frame0000006.jpg,52.30032793209877,72.5896708170573,37.87942803904647,50.17439359738463,1583.2718692925014,10551.75766120851
vid_000278_frame0000007.jpg,51.79736304012346,71.60800679524739,37.672312409650004,49.78777819958489,1637.184897353904,10833.625520171365
vid_000278_frame0000008.jpg,49.56670138888889,69.80248514811198,36.73304743577025,49.10798180211877,1643.0341980772837,10920.826049024006
vid_000278_frame0000009.jpg,46.0962037037037,66.20230611165364,35.10595322217468,47.57771514529147,1691.734905832014,11045.998502738541
vid_000278_frame0000010.jpg,46.00228973765432,66.27395629882812,34.989557146960784,47.11226055749828,1673.911604857762,10893.753333456581
vid_000278_frame0000011.jpg,44.45237461419753,64.38639322916667,34.17175019140247,46.23592504719377,1677.1722191403233,10789.097647931427
vid_000278_frame0000012.jpg,42.98612654320988,63.543914794921875,33.710326024459405,46.3773155951598,1738.0549189613541,11159.66111908853
vid_000278_frame0000013.jpg,44.928125,65.26036580403645,34.47426805689207,46.80425009459044,1733.8422824360414,11217.806536698481
vid_000278_frame0000014.jpg,46.777627314814815,67.15658060709636,35.15503437052206,47.17590414108437,1646.9255038282524,10852.745607323013
vid_000278_frame0000015.jpg,49.03791859567901,69.88299051920573,36.51524731302441,48.73249245322473,1604.7713029510876,10728.020296593895
vid_000278_frame0000016.jpg,49.64435185185185,72.50681050618489,37.143149943121244,50.85746398583133,1751.971143372637,10642.057251611492
vid_000279_frame0000001.jpg,52.3154012345679,74.62232971191406,39.35240784936437,52.79564505101762,1561.056303721788,11380.701941844076
vid_000279_frame0000002.jpg,52.52190200617284,75.33555094401042,39.42836192394796,53.02590774764502,1578.643288712565,11182.409877797356
vid_000279_frame0000003.jpg,51.33821180555555,71.81734212239583,38.945700978855925,50.51374656942363,1565.2868080592198,10777.570107802749
vid_000279_frame0000004.jpg,49.97996141975309,70.34925842285156,38.19168413862094,49.44555816870652,1554.8720826943147,10855.231864820933
vid_000279_frame0000005.jpg,55.57596643518519,75.9136250813802,41.85408392240166,54.20935435358023,1574.4608477103695,11052.399938042974
vid_000279_frame0000006.jpg,53.54668402777778,74.41495768229167,41.289966660632196,53.817106531910085,1531.8605968737943,11035.455861268332
vid_000279_frame0000007.jpg,49.92905285493827,70.19299825032552,39.20955826290779,49.92562938664128,1553.4731579313218,10440.261831409996
vid_000279_frame0000008.jpg,45.33694637345679,66.20972188313802,36.144674828432784,47.68398055142632,1682.3551154030297,10754.82916814438
vid_000279_frame0000009.jpg,40.05905671296296,63.18673197428385,36.23357192081777,50.49096737439804,1806.3884763534902,13251.78553071525
vid_000279_frame0000010.jpg,36.85199459876543,59.343109130859375,34.837441282049085,48.54189882031813,1815.6766628064988,13082.641244616127
vid_000280_frame0000001.jpg,26.92304783950617,49.07774861653646,36.19745346025008,56.60884118710174,1968.8458598931209,15153.188037156127
vid_000280_frame0000002.jpg,26.961585648148148,48.91709899902344,36.21530504996835,56.45125283208853,1986.7057304470152,15044.908287461847
vid_000280_frame0000003.jpg,26.89345100308642,48.813557942708336,36.19386430863829,56.612018089293336,1974.0904604679727,14979.051458802074
vid_000280_frame0000004.jpg,26.77613811728395,48.68675740559896,36.17690600138126,56.49484277291536,1956.0165620370367,14615.07247044798
vid_000280_frame0000005.jpg,46.329729938271605,71.99465433756511,41.88465165632288,60.51640645430765,1558.896668607702,12242.564303620718
vid_000280_frame0000006.jpg,52.23760030864197,81.08651733398438,41.851901872955025,63.39377158344886,1473.3961259159794,15078.945140149444
vid_000280_frame0000007.jpg,48.441296296296294,79.4382832845052,40.54046697838826,65.23766291650934,1605.6882908045052,16531.280970792985
vid_000280_frame0000008.jpg,47.98650848765432,79.43841552734375,40.411990748042044,65.54808086454747,1645.428978716028,17493.2515604028
vid_000280_frame0000009.jpg,51.048560956790126,79.87103271484375,41.285215549955836,61.647632331089596,1479.7281020929452,12093.546374067664
vid_000280_frame0000010.jpg,46.833574459876544,71.8718770345052,38.763439590844506,55.90149065110409,1372.239041160301,11399.599447038025
vid_000280_frame0000011.jpg,53.38374035493827,79.01598612467448,39.16369756150148,55.789020049423726,1347.891523900463,11130.38887496083
vid_000280_frame0000012.jpg,51.504450231481485,77.29247029622395,37.99953266173486,54.900384492947616,1356.4757066613886,11158.410037841648
vid_000280_frame0000013.jpg,50.8715625,76.42831420898438,37.626538932638155,54.42110458872074,1401.946797886526,11157.419042810798
vid_000280_frame0000014.jpg,50.67632137345679,76.30987548828125,37.57506374449539,54.51341605734921,1401.2267065513747,11490.596190389246
vid_000280_frame0000031.jpg,49.211855709876545,74.42803955078125,36.80554451610965,53.500448630454436,1431.3724818028493,11363.693913658848
vid_000281_frame0000001.jpg,50.58702160493827,71.49095153808594,46.94950482837027,51.68641724332911,1692.2300945408615,12618.815023172414
vid_000281_frame0000002.jpg,50.792872299382715,71.55334981282552,47.093603899950054,51.622154885962075,1784.8321893699363,12595.995390189579
vid_000281_frame0000003.jpg,51.0921875,71.53164672851562,47.25189726005423,51.61356250307969,1725.5568593315973,12170.886234997772
vid_000281_frame0000004.jpg,52.148395061728394,72.86776733398438,47.71315183221162,52.35272846538885,1697.482568479637,12185.791399649344
vid_000281_frame0000005.jpg,53.51901427469136,73.83090209960938,48.36249747869842,52.9327918529218,1673.3717445237148,12095.287360651186
vid_000281_frame0000006.jpg,54.705478395061725,75.08650207519531,48.86447971067117,53.93232554813471,1646.7584576355398,12194.091852456098
vid_000281_frame0000007.jpg,56.409425154320985,76.74343363444011,49.73462494965168,54.87865017129079,1649.718169945954,12241.031110598706
vid_000281_frame0000008.jpg,57.812831790123454,77.99471537272136,50.4326853463131,55.57709779745037,1589.2720004886496,11968.898759684525
vid_000281_frame0000009.jpg,59.05122299382716,79.50787353515625,50.915428733826325,56.375319195901106,1550.7453631724416,12081.450361928903
vid_000281_frame0000010.jpg,59.1796199845679,79.47542317708333,51.036902908557884,56.68755891514841,1600.862591398715,12348.569191461196
vid_000281_frame0000011.jpg,59.017220293209874,78.70212300618489,50.9914736819881,56.22811901866325,1605.1789734266495,12222.561956314137
vid_000281_frame0000012.jpg,58.83271604938272,78.77033996582031,50.93255452277716,56.41001244270918,1589.4681775107972,12670.284248456359
vid_000281_frame0000013.jpg,60.33317901234568,80.49940999348958,51.70427785229394,57.36428916676535,1577.0064985076945,12363.444876669906
vid_000281_frame0000014.jpg,61.99277199074074,82.24479166666667,52.63736482542739,58.49018950042083,1599.6010817252873,12412.161370059242
vid_000281_frame0000015.jpg,64.1515625,83.81080627441406,53.618656883588116,59.17363003415812,1571.037854526213,12362.709041764727
vid_000281_frame0000016.jpg,65.47785300925926,85.09768676757812,54.192788034413766,59.971693602471284,1590.357806734363,12545.294688119553
vid_000281_frame0000017.jpg,65.9389776234568,85.4656982421875,54.297271668870636,60.069945898197105,1542.1724820339293,12208.093704595929
vid_000281_frame0000018.jpg,65.00588927469136,84.57538350423177,53.93842362949018,59.94863798684404,1591.1120335164555,13125.874932876788
vid_000281_frame0000019.jpg,64.84730709876543,84.57736714680989,53.82673974642868,59.71292318104932,1560.1619331232516,12537.464705467224
vid_000281_frame0000020.jpg,64.36072530864197,83.82456970214844,53.656259996570824,59.426895762010304,1659.4912768513161,13095.174044713378
vid_000281_frame0000021.jpg,64.46589313271605,84.06158447265625,53.53525716349096,59.38588177829644,1625.1726799403814,12847.434809455415
vid_000281_frame0000022.jpg,63.92437114197531,83.64240010579427,53.270325898432574,59.1561224579557,1565.4105516476645,12765.07021278306
vid_000281_frame0000023.jpg,64.25527777777778,83.96085611979167,53.4311335923156,59.34243807777411,1575.9445506681882,12800.055584296584
vid_000281_frame0000024.jpg,64.28128858024691,84.13772074381511,53.50253247184931,59.8506723966003,1578.4649475296587,13353.141858067364
vid_000281_frame0000025.jpg,64.35854745370371,84.41943359375,53.559804274512246,59.826294940818876,1535.7915701651114,12644.547322649276
vid_000281_frame0000026.jpg,63.897712191358025,83.69020080566406,53.257050482476885,59.44319024257845,1611.1767762152779,12960.680041908287
vid_000281_frame0000027.jpg,62.93447145061728,82.8113505045573,52.83526499994255,58.94562619814389,1608.4254527808587,13011.166976690292
vid_000281_frame0000028.jpg,62.52446180555555,82.31105550130208,52.58810254902233,58.615013116290406,1560.7001912931885,13163.587227254175
vid_000281_frame0000029.jpg,62.96282793209877,83.05345662434895,52.769441039196344,58.94077583649263,1538.5213996365687,12736.654418706894
vid_000281_frame0000030.jpg,62.57663387345679,82.45982869466145,52.74601082654153,58.84786704308649,1631.6193536996514,13266.658479452133
vid_000281_frame0000031.jpg,61.979618055555555,81.62197367350261,52.49698317030939,58.48020408621442,1619.5034920473452,13187.568250717362
vid_000281_frame0000032.jpg,62.3611824845679,81.98269653320312,52.75774342474745,58.72384763306064,1641.909086241286,13233.19410972204
vid_000281_frame0000033.jpg,64.43253665123457,83.85533650716145,53.665180035415986,59.72957345906712,1591.0720434926643,13098.323431486031
vid_000281_frame0000034.jpg,65.44612847222223,84.5380147298177,54.13317713887315,60.400615678807576,1551.6524890925066,13329.146294175647
vid_000281_frame0000035.jpg,65.70396990740741,84.23816935221355,54.17957475524876,60.22444750565686,1547.2616371265217,13295.717871605419
vid_000281_frame0000036.jpg,64.41157793209877,83.10384623209636,53.22963850463579,59.283635021524724,1584.8429357952018,12958.789792802185
vid_000281_frame0000037.jpg,62.9779012345679,82.39772542317708,52.590922642226154,59.113412915009526,1681.6000538507574,12925.152757926844
vid_000281_frame0000038.jpg,62.85596643518519,82.40992736816406,52.72936790144473,58.46672824334829,1618.930474517747,12138.203006020747
vid_000281_frame0000039.jpg,62.90491319444445,82.57593790690105,52.878353691582774,58.10150718493892,1597.3408871827846,11747.37706208136
vid_000282_frame0000011.jpg,51.61075231481482,77.6194559733073,23.93318266302151,33.83643825098363,272.6984552147299,6794.232762351399
vid_000282_frame0000012.jpg,50.28307677469136,76.00547790527344,23.87909102741985,33.9669667084616,296.90641951112264,6730.690051302314
vid_000282_frame0000013.jpg,49.15063657407408,74.63872782389323,23.677488510649393,33.93472008499743,300.971601249002,6592.105423710309
vid_000282_frame0000014.jpg,48.85081597222222,74.67278544108073,23.578800750256587,34.4305103632373,316.29016558611835,7234.431665182114
vid_000282_frame0000015.jpg,49.08483024691358,74.6053975423177,23.566551069093066,33.831534298235084,306.74395589524255,6732.726879909402
vid_000282_frame0000016.jpg,48.65970100308642,74.41047668457031,23.45280880747514,33.80458084606594,316.7159690390504,6814.56676819548
vid_000282_frame0000017.jpg,48.52836805555555,73.89447021484375,23.254182171456826,33.59766408187801,306.6949637324246,6627.784543058835
vid_000282_frame0000018.jpg,48.14548611111111,73.87153625488281,23.103795643645345,33.924883302198964,321.92311269236535,6824.962255386403
vid_000282_frame0000019.jpg,48.50646990740741,74.47243245442708,23.178008993164443,33.29837796679041,304.1430283864883,6157.147502869135
vid_000282_frame0000020.jpg,48.55475694444444,74.34363810221355,23.306965329057206,34.488038656859345,328.490270241736,7355.0935137101915
vid_000282_frame0000021.jpg,48.913537808641976,74.72592671712239,23.332669657875407,34.16844194178552,316.8899905671296,6967.583043038845
vid_000282_frame0000022.jpg,48.047841435185184,73.48550415039062,22.90034951434537,33.79891224202403,321.5676333685646,6884.209851205349
vid_000282_frame0000023.jpg,47.415663580246914,73.05792236328125,22.247557294637534,33.17171725159483,314.35951237779574,6720.478460810147
vid_000282_frame0000024.jpg,46.47103395061728,72.01937357584636,21.566271992755585,32.65388460878416,323.88653649034956,7011.320509251207
vid_000282_frame0000025.jpg,46.136369598765434,71.55440775553386,21.11425266681754,32.355938694466026,322.967412619726,6895.696006341837
vid_000282_frame0000026.jpg,45.484475308641976,71.37880961100261,20.614762379553145,31.477572769615474,333.71168679507326,6825.061278152978
vid_000282_frame0000033.jpg,46.05851080246914,72.075927734375,20.264953481399317,30.53895928505388,339.50646207869835,6594.42673423118
vid_000282_frame0000034.jpg,50.92193287037037,77.2457275390625,22.660966510907176,32.05169590178221,331.1944320553626,6224.665217503905
vid_000282_frame0000035.jpg,52.044394290123456,77.82961527506511,22.403027755278853,31.50674005341127,319.3570984832805,6245.337420210009
vid_000282_frame0000036.jpg,53.24804591049383,79.34984842936198,22.441632607166813,31.36402856261306,306.4931815307785,6281.077281556092
vid_000282_frame0000037.jpg,58.318886959876544,84.01369730631511,24.10285234731719,32.41948850036056,309.147842481373,6945.05110582686
vid_000282_frame0000038.jpg,64.65180555555555,90.9547831217448,25.662107260604767,32.63022288345814,300.12028508176866,6451.90463890112
vid_000282_frame0000039.jpg,66.36453896604938,93.0845947265625,25.85056323262771,32.57196052136784,277.9988116198547,6080.083010783186
vid_000282_frame0000040.jpg,67.60413387345679,93.18935648600261,26.01556723767766,32.893071298403356,285.5387868911555,6641.171975851059
vid_000282_frame0000041.jpg,67.32122685185185,92.94012959798177,25.976313552519056,32.669638642467845,292.05611104329427,6691.626873286208
vid_000282_frame0000042.jpg,67.12884259259259,92.98198954264323,25.812590923880887,32.9758228572394,291.01416192822865,6651.571176312631
vid_000282_frame0000043.jpg,69.46679012345679,95.7429911295573,26.368032776552262,33.32809595353115,286.26017507391197,6769.408661118709
vid_000282_frame0000044.jpg,75.90608217592593,102.22277323404948,26.424106121180944,33.76630373312208,281.73666200324584,6944.670956029557
vid_000282_frame0000045.jpg,76.01054205246913,102.24718729654948,26.25865301927604,33.49450835538186,282.3579068124946,6778.977012928575
vid_000282_frame0000046.jpg,75.77336805555555,101.97728474934895,26.13025657138576,33.55161060374417,275.8239765769341,7051.927226251923
vid_000282_frame0000047.jpg,75.59931905864198,101.85371907552083,26.294572327245383,33.94362971116388,284.0469882800444,7151.1139751961455
vid_000282_frame0000048.jpg,77.45083719135802,103.53084309895833,26.68824832113088,34.16110901087648,288.6761367621528,7483.08504257258
vid_000282_frame0000049.jpg,83.4735300925926,109.61822509765625,28.49819366906537,34.751089100103634,273.24209456969623,7073.366262882017
vid_000282_frame0000050.jpg,87.62217013888889,113.37929789225261,29.84816400841454,36.70090640372116,337.18046572774665,8560.874181509018
vid_000282_frame0000051.jpg,88.88908950617284,113.7357889811198,31.054245496687436,37.22828654509533,366.3157710100255,9163.798079523956
vid_000282_frame0000052.jpg,92.54360339506172,117.55955505371094,32.04342275893973,38.80588186650464,358.3463641298815,9341.412745416164
vid_000282_frame0000053.jpg,95.20699074074074,119.20481872558594,33.15480888746174,39.68177497992691,405.5859631557303,10170.476988732815
vid_000282_frame0000054.jpg,95.69143132716049,119.80498758951823,33.3205523742999,40.29232351168122,449.89039428446364,10935.192300750874
vid_000282_frame0000055.jpg,96.24777584876543,119.92169698079427,33.29552882083442,40.547778013902594,459.8144037710852,11350.58737426158
vid_000282_frame0000056.jpg,96.44483796296296,120.21573893229167,33.403629770446024,40.56996166672488,441.2387485209565,11046.462347769877
vid_000282_frame0000057.jpg,96.63576003086419,120.12606811523438,33.43913444951197,41.16460377140163,460.7574871720344,11459.83436231222
vid_000282_frame0000058.jpg,96.75326581790124,120.55629984537761,33.40133370553036,41.533808702123906,452.3930872368707,11585.651944793528
vid_000282_frame0000059.jpg,96.76653163580247,120.61231994628906,33.48419326400798,41.20627896498873,441.1117914629147,10908.80812334991
vid_000282_frame0000060.jpg,96.60645833333334,120.12061055501302,33.53801437377606,41.492190991298685,458.30781068883834,11548.206047571963
vid_000282_frame0000061.jpg,96.40652199074074,120.24462381998698,33.534763269030734,41.20535876397644,458.11406624546544,11295.696510030888
vid_000282_frame0000081.jpg,96.9331462191358,119.41089884440105,36.59345653324347,44.866565085223215,526.9197220091936,12858.944674035301
vid_000282_frame0000082.jpg,96.61082175925925,119.59373474121094,36.60237928270454,44.676912293919806,506.6668073034216,12221.809679060243
vid_000282_frame0000083.jpg,96.26367283950617,119.19908142089844,36.66584824125839,44.61553898975829,517.6035958814247,12297.961150878808
vid_000282_frame0000101.jpg,77.40168981481482,102.68363952636719,34.986812818812176,36.497479334840946,447.8476897062744,8575.487319346517
vid_000282_frame0000102.jpg,77.16348572530865,102.31925964355469,34.94202924608539,36.4866854549973,442.5165499396849,8382.775699682301
vid_000282_frame0000103.jpg,76.85771219135802,101.80045064290364,35.00842977647069,36.81120646580971,446.04065115469473,8318.680304556154
vid_000282_frame0000104.jpg,75.89658564814815,100.55548095703125,34.25244668754251,35.73079272583428,391.5263691358025,7674.376004714286
vid_000282_frame0000105.jpg,73.9078761574074,99.04316711425781,32.509091541806455,33.94433140129454,390.5933097731267,7319.665513675427
vid_000283_frame0000007.jpg,58.525474537037034,83.88070170084636,33.02868415210584,40.44934021001157,317.893090565924,6912.106245606206
vid_000283_frame0000008.jpg,58.85930169753087,84.511962890625,33.490747229277176,40.9018165504128,320.3576900847425,6970.369313291274
vid_000283_frame0000009.jpg,59.60899691358025,85.5291748046875,33.94618924066372,41.24073706942371,302.03914884979287,6682.795378690353
vid_000283_frame0000010.jpg,59.62134452160494,84.782958984375,34.15937418852284,41.29675334061422,323.78546587654193,7239.576069749659
vid_000283_frame0000011.jpg,59.30601851851852,84.71624755859375,33.51733207499641,40.95836591140722,309.20804614143947,6871.434760093689
vid_000283_frame0000012.jpg,58.10533950617284,83.5568339029948,32.73796191735245,40.93354888954324,319.2837032961663,7302.004811163992
vid_000283_frame0000013.jpg,57.44410108024692,82.81961059570312,31.90988825857853,40.43239337194759,310.9378138743878,7160.200377439847
vid_000283_frame0000014.jpg,55.714886188271606,81.49362691243489,30.954238747818597,39.8101649464731,315.16433517540617,7003.299880981445
vid_000283_frame0000015.jpg,53.058805941358024,78.9534912109375,29.844695045177726,39.06089037853157,329.31836991219654,7275.256201453274
vid_000283_frame0000016.jpg,60.93893518518519,87.40808614095052,35.38314843476048,43.31651756657175,342.75623059721687,7212.907903141342
vid_000283_frame0000017.jpg,72.42662037037037,97.86265563964844,41.52528789077129,46.456382847292566,346.5014913499537,7286.457231268287
vid_000283_frame0000018.jpg,75.66154513888888,100.81246948242188,43.09657985973334,47.41437089631981,344.47440816692256,7285.146529122954
vid_000283_frame0000030.jpg,90.31043209876543,114.06746419270833,42.620090019497624,45.41577340678113,343.6233688078704,7744.120918920031
vid_000283_frame0000031.jpg,90.64194251543209,114.63493347167969,42.40508076514955,45.86609500724287,336.79181059908564,7532.205948478542
vid_000283_frame0000032.jpg,89.89121527777777,113.87349446614583,41.66479410594013,44.91861930878683,339.7792397955247,7645.283066927455
vid_000283_frame0000054.jpg,85.12125578703704,109.44404602050781,37.964695745352635,42.64673600702133,272.27030696048604,6683.293410195969
vid_000283_frame0000055.jpg,78.28734182098765,103.23627217610677,35.86843000603267,41.72151216914936,271.8221172718608,6774.395561815938
vid_000283_frame0000056.jpg,75.22522955246913,100.30947367350261,34.455835129969394,40.27206511578796,266.65227794924556,6815.790999404155
vid_000283_frame0000071.jpg,74.90813271604938,100.16652425130208,34.743611603931676,40.847223859170676,274.9125968599966,6764.4180365763605
vid_000283_frame0000072.jpg,74.4804263117284,99.86106363932292,34.26536167019467,40.10834090414192,270.8435063609182,6701.295541584259
vid_000283_frame0000073.jpg,74.32768518518519,99.38498433430989,34.53633440341271,40.699337357680996,286.4979766427416,7216.290995835327
vid_000283_frame0000074.jpg,75.29771604938271,100.32112121582031,34.981501992714456,40.96139066943321,278.15051020112634,6820.447100508725
vid_000284_frame0000016.jpg,44.64327932098765,70.36582946777344,22.46166357605951,33.93274175048534,356.9752136380838,7455.566993439337
vid_000284_frame0000017.jpg,44.77950231481481,70.38030497233073,22.541244253572675,33.61824515879333,352.8704471959662,7208.746490478516
vid_000284_frame0000018.jpg,44.526439043209876,70.15572611490886,22.50525382875624,33.8689045795088,353.82634263425393,7151.271403721534
vid_000284_frame0000019.jpg,45.271639660493825,70.98590596516927,22.976612683626048,33.707615888150045,344.39014347980435,6758.88254358992
vid_000284_frame0000020.jpg,47.68573109567901,73.74771118164062,24.26856531498622,35.59762188473023,354.14587638768324,7556.364265858894
vid_000284_frame0000021.jpg,49.91902777777778,76.29158020019531,24.711622771091136,35.16566884692188,334.75476097524296,7077.295096463524
vid_000284_frame0000022.jpg,50.656591435185184,76.81420389811198,24.438465666289826,34.9871676257025,332.32600028905046,7062.179688598961
vid_000284_frame0000023.jpg,56.247380401234565,82.97451273600261,27.3729537767077,36.44783879486363,316.46020256987316,6734.182008526288
vid_000284_frame0000024.jpg,57.98354552469136,84.77848815917969,28.03748983955819,37.31431921483079,313.73173056185163,6873.216817117995
vid_000284_frame0000025.jpg,57.98153163580247,84.37345377604167,27.788102566728625,36.73555338658936,309.892029885994,6520.438716063043
vid_000284_frame0000026.jpg,57.76805941358025,83.93848673502605,27.87281201371734,36.79606872641619,307.82142342273096,6800.870845461031
vid_000284_frame0000027.jpg,57.99251157407407,84.4671630859375,27.84214365334682,37.079682474383965,304.25778605240356,6867.898918494582
vid_000284_frame0000028.jpg,58.47513310185185,84.48527018229167,28.503840013694038,37.502465559032636,315.06603896551354,7092.027580929687
vid_000284_frame0000029.jpg,59.3530574845679,85.66752115885417,29.111723138640592,37.7707142381558,304.9294523506824,6747.976873396896
vid_000284_frame0000030.jpg,60.39265239197531,86.19520060221355,30.270694387185923,39.1295569347244,322.37739429946714,7215.980822192272
vid_000284_frame0000031.jpg,61.655466820987655,87.72876485188802,31.110798929083188,40.112312368808645,314.93560932593743,7398.441745918011
vid_000284_frame0000032.jpg,62.58967785493827,88.51559448242188,32.146433468336504,40.52210904868507,323.2353054911212,7678.198500497034
vid_000284_frame0000033.jpg,63.99881944444444,90.00905863444011,32.900043777337636,41.35059588103729,307.2665874312789,7289.977770197904
vid_000284_frame0000034.jpg,63.98208140432099,89.45143127441406,33.28007761234648,41.654195738116364,328.76718442309135,7855.031786454609
vid_000284_frame0000035.jpg,63.9560262345679,89.66114807128906,33.20589776763862,41.54627833069771,321.00753681731044,7689.866873204708
vid_000284_frame0000036.jpg,63.74721836419753,89.60828653971355,33.101651012405256,41.30696999736494,310.9297545331455,7398.511968847364
vid_000284_frame0000037.jpg,64.22524498456791,89.96243794759114,33.59258315713677,41.61370150094162,313.43389053789303,7330.402628100477
vid_000284_frame0000038.jpg,65.33567515432098,90.58836873372395,34.63170016467152,42.29383304943848,317.81882441134985,7552.352943179896
vid_000284_frame0000039.jpg,66.59717399691358,91.96418762207031,35.659655573342064,42.288028304422106,303.45385795874995,7121.582877691835
vid_000284_frame0000040.jpg,70.16733796296296,94.95457967122395,37.95093073745998,44.276282162945556,318.0355820151415,7398.764407873154
vid_000284_frame0000041.jpg,82.90445794753086,106.37750244140625,42.68571412984503,46.51424163992918,319.9106278859833,7405.514237022959
vid_000284_frame0000042.jpg,88.70131944444445,111.91455078125,43.7246196994077,47.088911676642624,324.26567283736284,7541.175865491619
vid_000284_frame0000043.jpg,92.01974922839506,114.4215087890625,44.202778253616,46.67329490766651,320.62514398456256,7695.765627199551
vid_000284_frame0000044.jpg,94.77460841049383,117.39740498860677,44.687244896330206,47.778618539539636,319.58630987654317,8072.733042131877
vid_000284_frame0000045.jpg,105.81623070987655,127.00963846842448,45.4148232516393,47.015840863149535,322.15615941358027,7312.58113785251
vid_000284_frame0000046.jpg,106.16615354938271,126.89177958170573,45.34840373078336,46.8358895213083,306.60735832475996,7370.481006845832
vid_000284_frame0000047.jpg,106.0747337962963,127.31769307454427,45.27335814027895,46.94717704743643,322.86889188836915,7512.780955930939
vid_000284_frame0000048.jpg,106.49578896604939,127.37785339355469,45.45713599620053,46.74519128390399,314.4576701226799,7414.816927365027
vid_000284_frame0000049.jpg,106.71771604938272,127.96811930338542,45.46003649794708,46.41741534604216,304.5889145511496,6997.27877152618
vid_000284_frame0000050.jpg,106.06273533950618,127.45023091634114,45.00635645523799,46.56312236379262,316.8690954056017,7498.585905097192
vid_000284_frame0000051.jpg,104.64216435185185,125.6004638671875,44.49414314981881,46.13160916733949,303.4559211489077,7521.332568748854
vid_000284_frame0000052.jpg,103.98735146604939,125.40867614746094,44.140953208133304,46.20915011557589,312.31748763472945,7652.669220173499
vid_000284_frame0000053.jpg,104.26938657407408,125.53496805826823,44.13112568444383,46.20543394923778,305.09889474555126,7521.510845564073
vid_000284_frame0000054.jpg,104.12521026234568,125.58325703938802,44.084136066325236,45.71580515233577,299.24570802469134,7256.716624497436
vid_000284_frame0000055.jpg,103.06391203703704,124.71789042154948,43.71451392560052,46.02334907673285,303.1298053007317,7432.327809752664
vid_000284_frame0000056.jpg,102.23069058641975,123.7344462076823,43.87895751102767,45.714725170281,308.4995680498958,7414.602055296302
vid_000284_frame0000057.jpg,100.45813271604938,121.94858296712239,44.565270469358516,46.120244924640716,316.15562953287764,7360.012841103366
vid_000284_frame0000058.jpg,99.10125385802469,120.12129211425781,44.910863432938335,46.22058965939613,330.9873438270265,7968.212663090788
vid_000284_frame0000059.jpg,95.52086805555555,117.36806233723958,44.45007191476704,46.23722701672305,327.2750349606361,7426.117872096365
vid_000284_frame0000060.jpg,93.33320023148148,115.30589803059895,43.57152921089061,45.18891623434433,324.2819416580933,7260.777283681324
vid_000284_frame0000061.jpg,91.16445601851852,113.90792338053386,42.59374880475613,44.9235910075866,321.8240236291956,7229.617672874592
vid_000285_frame0000001.jpg,109.02978202160494,124.75095113118489,66.65851699601747,60.178533241081794,451.3634885424369,10055.36490266188
vid_000285_frame0000002.jpg,109.21933641975309,124.79211934407552,66.64605608155915,60.07731888435466,450.69404092707794,9722.998087338172
vid_000285_frame0000003.jpg,110.71645833333334,125.65580240885417,67.19278460092075,60.327962933262576,442.58597065972214,9471.905850163661
vid_000285_frame0000004.jpg,114.90715470679012,129.35797627766928,68.74083205234311,61.77487922188786,448.99728674282915,9802.388073384762
vid_000285_frame0000005.jpg,119.8340162037037,132.4597371419271,70.49497040326455,62.57731933193847,480.38846347384975,9561.98709628894
vid_000285_frame0000006.jpg,124.61507330246914,136.94522603352866,72.29430005633264,63.95443912432861,476.34979387645745,9261.530165800592
vid_000285_frame0000007.jpg,128.80587191358023,139.93207804361978,73.76785355835597,65.09842382106804,489.63571491555206,9461.523529017111
vid_000285_frame0000008.jpg,132.45347222222222,141.83541361490884,75.28454958458309,66.39440539085828,539.8792645554698,9959.178002470871
vid_000285_frame0000009.jpg,135.6528761574074,144.79090372721353,76.32890981658197,66.64347349645864,485.1641476316016,8302.35089996364
vid_000285_frame0000010.jpg,120.15968171296296,131.4765828450521,71.5847166940918,62.96753005998372,436.6110117368345,8007.21000656113
vid_000285_frame0000011.jpg,107.58961033950617,122.77960713704427,66.87776299878475,61.10723602837843,396.56416613498266,8840.67351729772
vid_000285_frame0000012.jpg,119.97553433641976,131.7333780924479,70.74835497234135,62.9144265292871,449.62824758016114,9029.932243171846
vid_000285_frame0000013.jpg,123.65149884259259,134.5002695719401,70.77789180687274,63.774470639873456,460.15365734833136,9986.193937415024
vid_000285_frame0000014.jpg,123.30673032407407,135.3801015218099,70.32142707551735,64.46617874570376,517.3021107051813,12164.091386093758
vid_000285_frame0000015.jpg,136.84214699074073,144.83252970377603,71.6396932138187,65.83736479596298,441.82180934914595,10786.01938529103
vid_000285_frame0000016.jpg,117.27413387345679,133.8832244873047,61.799477971488045,59.58179559537152,346.98614858616116,9410.539320137352
vid_000285_frame0000017.jpg,116.33819830246914,134.58582051595053,61.077732588927226,61.90292765731985,479.9959955552006,15246.899458623491
vid_000285_frame0000018.jpg,133.17155285493828,144.45788065592447,66.03961964186375,62.97803438171044,509.8523202760297,14236.219617528608
vid_000285_frame0000019.jpg,135.08890432098767,146.0381113688151,66.45305782175275,63.24152621802047,519.8640329184617,13977.086362480186
vid_000285_frame0000020.jpg,134.53350115740741,145.6687978108724,66.51736737420292,63.804647486755,563.8416743055556,15515.073228677502
vid_000285_frame0000021.jpg,125.64124807098766,139.50898234049478,63.89796157489601,62.06781932242026,497.13262363679775,14744.001860871678
vid_000285_frame0000022.jpg,123.6439023919753,138.29380798339844,63.473243078124426,62.08343344108846,506.08114356912165,15124.040690239519
vid_000285_frame0000023.jpg,123.79135416666666,138.3812255859375,63.33781740414782,61.965277203590894,496.4940977815018,14881.219556348165
vid_000285_frame0000024.jpg,123.61521990740741,138.55296325683594,63.34543366246128,62.00494096381859,502.3790239462436,15250.513378515607
vid_000285_frame0000025.jpg,123.71534915123456,138.25056966145834,63.33108620323304,62.03253165067941,489.81316703636054,14941.018649860285
vid_000285_frame0000026.jpg,123.66084297839507,138.6358184814453,63.314371716078284,61.86405517115982,490.5534589011864,14590.875724732876
vid_000285_frame0000027.jpg,123.90278549382717,138.32474263509116,63.301912752586595,61.89164450037552,484.90977406925157,14654.02814229927
vid_000285_frame0000028.jpg,123.6568962191358,138.05774943033853,63.317019780750314,62.135745037175745,515.5566960293156,15472.04169517383
vid_000285_frame0000029.jpg,123.6357137345679,138.20033264160156,63.25441324322922,61.58738626325959,485.1867078959566,14141.297284796601
vid_000285_frame0000030.jpg,123.48633101851851,137.87773640950522,63.314163600156164,61.896183712122806,513.5363717844436,15404.989657833241
vid_000285_frame0000031.jpg,123.8625212191358,137.8914794921875,63.324399939899884,61.998551407429645,490.37455276086547,14727.641474298202
vid_000285_frame0000032.jpg,131.67119598765433,145.43416341145834,61.935615226185945,60.73744445790697,491.7295370284636,15010.911301022163
vid_000285_frame0000033.jpg,134.56561728395062,147.0931854248047,60.87654528108261,59.109476612227425,407.75440302640595,12501.454669620842
vid_000285_frame0000034.jpg,135.5952276234568,147.59485371907553,59.700444785827656,58.111928478156386,434.9368982780551,13077.500479290029
vid_000285_frame0000035.jpg,135.83767168209877,147.80154927571616,59.605393463977755,57.68597306701702,438.52465856210216,13458.87806425034
vid_000285_frame0000036.jpg,135.85595486111112,147.48487345377603,59.57299927732454,57.392177916921966,407.79834617060914,12220.312914114213
vid_000285_frame0000037.jpg,135.86659722222223,147.67058817545572,59.599087537769265,57.807475791819435,424.28912357199505,13175.607390519232
vid_000285_frame0000038.jpg,135.9673013117284,147.84164428710938,59.530072004393325,57.77279912142881,431.72350103684414,13276.947521533817
vid_000285_frame0000039.jpg,135.86530478395062,147.97652180989584,59.44990179342735,57.4451972029407,438.8379024669925,13036.273048357805
vid_000285_frame0000040.jpg,136.02849922839505,148.00654093424478,59.55197301738303,57.80786649103066,427.58892927353253,13278.986352495616
vid_000285_frame0000041.jpg,135.95832561728395,148.02643839518228,59.4946662471262,57.919474270246354,438.5319036069517,13524.283509205794
vid_000285_frame0000042.jpg,135.84466049382715,147.67760721842447,59.53952191437333,57.93127175875539,437.8560063784669,13283.886939934455
vid_000285_frame0000043.jpg,135.98364390432099,148.08252970377603,59.552673093022705,57.56228885610095,427.1114894525891,13252.842177376151
vid_000285_frame0000044.jpg,136.03028935185185,148.28922017415366,59.530622994115475,57.72731772952798,439.1956283636818,13410.679638374364
vid_000285_frame0000045.jpg,136.11401813271604,148.16971842447916,59.54480261112743,57.89532851184916,445.7977844135803,13645.997521354817
vid_000285_frame0000046.jpg,135.93960262345678,147.76994832356772,59.456278854402434,57.522992422156534,431.01330393970636,12765.116734473966
vid_000285_frame0000047.jpg,136.01430941358024,148.01627604166666,59.52929529376929,57.9246711413929,428.35282957055364,13383.205987534486
vid_000285_frame0000048.jpg,135.89793595679012,147.9698486328125,59.55726222859519,57.875519181547986,426.00682164321717,13372.409097799798
vid_000285_frame0000049.jpg,135.6644888117284,147.76568094889322,59.47612269039289,57.65631281735453,433.85056086834356,12918.659715976566
vid_000285_frame0000050.jpg,135.89668788580246,147.89171346028647,59.521270771171245,57.723074778774055,436.3400926673083,13330.918827445945
vid_000285_frame0000051.jpg,136.07913194444444,148.14591471354166,59.59286112389357,57.9808706548217,434.089352813009,13515.371867265552
vid_000285_frame0000052.jpg,135.89006172839507,148.22525024414062,59.46011560693451,58.045598601153095,435.55135349951644,13436.705993652344
vid_000285_frame0000053.jpg,135.75702932098764,147.65609741210938,59.378439217891575,58.00065486890887,440.8417783049072,13437.509902801365
vid_000285_frame0000054.jpg,135.48061149691358,147.43566385904947,59.182279713700105,57.685173528879425,444.6943620594082,13392.850300049176
vid_000285_frame0000055.jpg,135.59176311728396,147.8024444580078,59.192449436317865,57.806723552967846,443.71381365469483,13643.919626051327
vid_000285_frame0000056.jpg,135.52501157407409,147.85774739583334,59.19232623204353,57.638836834844454,422.7337969130444,12930.834037050605
vid_000285_frame0000057.jpg,135.6285223765432,147.80085245768228,59.16155476528352,57.71967097591242,433.30350001121906,13615.044675376033
vid_000285_frame0000058.jpg,135.45487847222222,147.54186503092447,59.24526701681249,57.96901433849922,440.8912982799305,13688.102146785473
vid_000285_frame0000059.jpg,135.59205439814815,147.85852559407553,59.20287723890052,57.25895973466895,435.2937007458513,12797.871621272527
vid_000285_frame0000060.jpg,135.4889988425926,147.60374959309897,59.17076386538209,57.66540195419485,444.23794546893083,13490.553351819515
vid_000285_frame0000061.jpg,135.61096450617285,147.52342224121094,59.207725823729085,57.51085952337495,436.3232335186994,13273.513624883257
vid_000285_frame0000062.jpg,135.57596064814814,147.55350240071616,59.16906817018568,57.80422260951629,430.1677430019719,13397.820895872777
vid_000285_frame0000063.jpg,135.48837577160495,147.53226216634116,59.18417962567137,57.67440993936952,435.87659877718704,13373.824444159865
vid_000285_frame0000064.jpg,135.57875192901236,147.62533569335938,59.20477008839825,57.764983705335204,426.321527734375,13538.38364925771
vid_000285_frame0000065.jpg,135.65421296296296,147.71539815266928,59.17266811631895,57.78610092400905,435.60893836534296,13477.01327508688
vid_000285_frame0000066.jpg,135.51191550925927,148.04454549153647,59.13444167425256,57.14382287767844,422.5872337929473,12642.09609025321
vid_000285_frame0000067.jpg,125.68021219135802,138.31948852539062,62.26151865851692,59.254750321194216,370.10010721879286,11570.676403106889
vid_000285_frame0000068.jpg,111.33110532407407,126.54688517252605,63.525070668567295,60.410296974712146,349.37805039541405,10497.885526902042
vid_000285_frame0000069.jpg,122.55171296296297,134.7317148844401,67.33744326014073,61.57475438215524,385.33672163869596,10200.719716239488
vid_000285_frame0000070.jpg,128.95094328703703,139.26817321777344,69.21204727027828,63.2616874970614,429.5547373151029,11188.637437006226
vid_000285_frame0000071.jpg,128.99619791666666,139.25557454427084,69.26907542333764,63.36853908895333,434.38217795457035,11475.559948828071
vid_000285_frame0000072.jpg,123.75253279320988,135.3731486002604,67.81408661702005,62.55952928057419,415.19455895691334,11407.13552162773
vid_000285_frame0000073.jpg,120.15865547839506,132.9006144205729,66.85080692051325,61.741039290301686,411.00001852802967,11538.592071338557
vid_000285_frame0000074.jpg,120.29199074074074,132.66495259602866,66.82249242375008,61.807993907521244,407.46612357731993,10967.135289247846
vid_000285_frame0000075.jpg,120.13106288580246,132.8018341064453,66.81299390032066,61.81319070998527,420.6983578156815,11562.23917890992
vid_000285_frame0000076.jpg,120.20394675925925,132.9765370686849,66.72656680399331,61.17354900915873,393.6118641345366,10395.778178520268
vid_000285_frame0000077.jpg,120.04403742283951,132.7495320638021,66.76138690140132,61.670296857651444,403.68768334696364,11035.364478579722
vid_000285_frame0000078.jpg,120.35407793209876,132.6996612548828,66.73106877093929,61.61784878611986,400.730140068768,10847.297412498854
vid_000285_frame0000079.jpg,120.02205054012346,132.99276224772134,66.73159091149586,61.42284462793043,411.01961660759065,10997.192399363732
vid_000285_frame0000080.jpg,120.33265239197532,132.86136372884116,66.77732347109514,61.60902158189916,400.1096136347683,11094.289264074527
vid_000285_frame0000081.jpg,119.98261766975308,132.64722696940103,66.78020575244706,61.83064982722866,414.3819083943853,11386.547145283781
vid_000285_frame0000082.jpg,120.2856674382716,132.7035675048828,66.80176019348626,61.80482356014175,392.25729243344904,10809.56746252533
vid_000285_frame0000083.jpg,120.15115933641975,132.6212921142578,66.81572791581206,61.79161473587682,394.7872376316819,10969.972814664245
vid_000285_frame0000084.jpg,120.3192862654321,132.61920166015625,66.82102125752039,61.77860034807742,403.8645694950476,11057.729315053439
vid_000285_frame0000085.jpg,120.51364390432099,133.11845906575522,67.12638159682187,62.058585639675,416.2899370161059,11257.407630141592
vid_000285_frame0000086.jpg,120.97787229938271,133.35163370768228,67.02484779669716,61.415140057480066,392.83151517620325,10208.081066712737
vid_000285_frame0000087.jpg,121.11042052469136,133.67625935872397,67.25049760171368,61.86229696797628,428.99076255033515,11638.678829193115
vid_000285_frame0000088.jpg,121.38564814814815,133.7257080078125,67.0638722234602,61.78722236747171,429.26351068990994,11738.068747386336
vid_000285_frame0000089.jpg,120.93400655864197,133.73509216308594,66.96891330854046,61.61981719182256,432.42174354370286,11735.408639406553
vid_000285_frame0000090.jpg,120.98540702160494,133.29844665527344,66.59860762960732,61.51099853773515,428.6097753920986,11808.96473479271
vid_000285_frame0000091.jpg,120.74931520061729,132.9990437825521,66.45170855836442,61.753215250804644,440.5104648785794,12104.50984486565
vid_000285_frame0000092.jpg,120.71885609567902,133.07733662923178,66.38402989078207,61.60949648596219,419.5272982968093,11828.226774718612
vid_000285_frame0000093.jpg,120.44213927469136,132.5787811279297,66.37679437815913,61.54613105598894,443.4728952570074,12528.420350536704
vid_000285_frame0000094.jpg,120.7517824074074,132.5288340250651,66.34061698613303,61.52797430940808,436.4924854881674,12241.64498463925
vid_000285_frame0000095.jpg,120.4493325617284,132.11031595865884,66.43210987288114,61.881589734402496,438.5302019739891,12218.008112048497
vid_000285_frame0000096.jpg,120.6505787037037,132.715576171875,66.42673470651738,61.37854387397318,416.5355053476509,10922.617205152055
vid_000285_frame0000097.jpg,120.52340084876543,132.87041727701822,66.42547298204154,61.742453897674906,447.5041647471655,12523.39523851499
vid_000285_frame0000098.jpg,120.7184587191358,132.918701171875,66.33837550874972,61.47135752542092,427.98271323058,11806.430483212462
vid_000285_frame0000099.jpg,120.30650462962963,132.84198506673178,66.33980782290463,61.396363308264505,436.815195768497,12210.976987636648
vid_000285_frame0000100.jpg,120.50418016975308,132.4377644856771,66.24110723773974,61.84910040360246,437.2224893180606,12544.713935613632
vid_000285_frame0000101.jpg,120.31969714506172,132.72415161132812,66.38348274235058,61.85193023171648,457.80010938300404,12575.905747350305
vid_000285_frame0000102.jpg,120.57214313271605,132.62677001953125,66.33278219455951,61.66057435814193,435.70924710162546,12412.46167974826
vid_000285_frame0000103.jpg,120.63666087962963,132.7046356201172,66.40296858283236,61.711680967759214,426.29899547271515,11977.757506302558
vid_000285_frame0000104.jpg,120.46218171296296,132.9015909830729,66.3159472983193,61.68614834742706,431.66165678998954,11996.875884681009
vid_000285_frame0000105.jpg,120.55526813271605,132.57210795084634,66.32021672780024,61.74350553949828,424.6330658540368,12025.082244873047
vid_000285_frame0000106.jpg,120.5629012345679,132.79858907063803,66.31540311881722,61.376895306199906,415.7676040058821,11257.195692761801
vid_000285_frame0000107.jpg,120.49517939814815,132.48163859049478,66.33051577095425,61.6709248922669,428.8795374355657,12322.34799765586
vid_000285_frame0000108.jpg,120.50539544753086,132.60025533040366,66.34768367522831,61.65485244993522,428.5650434386453,11748.98827496823
vid_000285_frame0000109.jpg,120.34882137345679,132.86237589518228,66.29635552096649,61.05463269113806,426.5506524072132,11648.405123933218
vid_000285_frame0000110.jpg,120.46214699074073,132.70214335123697,66.35414245319633,61.74274677779661,434.0410411135491,12326.643690213561
vid_000285_frame0000111.jpg,120.63643904320988,132.8837432861328,66.34886388873407,61.60201363349274,424.65616218891324,12087.463914706372
vid_000285_frame0000112.jpg,120.56135802469136,132.48460388183594,66.39160995591601,61.677186418342586,427.54702479370286,12036.593044026755
vid_000285_frame0000113.jpg,120.68658950617284,132.9510498046875,66.36857763403422,61.74000923182703,433.0487033754702,12124.534298853716
vid_000285_frame0000114.jpg,120.59343942901235,132.69756571451822,66.31303395264919,61.73986955518121,432.3264824554987,12320.77047844883
vid_000285_frame0000115.jpg,120.70083333333334,132.80772399902344,66.30634127158635,61.69800294049535,429.63131096318676,12338.053023858927
vid_000285_frame0000116.jpg,120.5723611111111,132.95335896809897,66.33022811673231,61.314157292667545,420.3549052692848,11126.237676610937
vid_000285_frame0000117.jpg,120.67105324074075,132.90223185221353,66.36581857438429,61.767326722588805,438.8074187684529,12175.724972471595
vid_000285_frame0000118.jpg,120.63246720679012,132.98587036132812,66.31291624856912,61.76282613052412,426.7269613703221,12097.446515462361
vid_000285_frame0000119.jpg,120.46324074074074,133.16952514648438,66.26811739104375,61.10555834367515,440.2896573268979,11958.461985065602
vid_000285_frame0000120.jpg,120.68208912037036,132.46003214518228,66.318381982436,61.60441661097672,435.8304663446288,12212.812331493944
vid_000285_frame0000121.jpg,120.69575231481481,133.15978495279947,66.34319242417601,61.53386921133875,430.3078134237826,12279.069836404175
vid_000285_frame0000122.jpg,120.70119984567901,132.640380859375,66.30782656315547,61.75406638439238,430.78361616723333,12506.026513948105
vid_000285_frame0000123.jpg,120.67122106481482,132.90743001302084,66.33921447975857,61.59074208871327,429.9140586781108,12209.903681634925
vid_000285_frame0000124.jpg,120.56888695987654,132.8105723063151,66.34360982039144,61.864117035358674,440.6388752384139,12419.48618221283
vid_000285_frame0000125.jpg,120.60552276234569,132.87768046061197,66.37173051729333,61.75811242059482,429.2361738787281,12160.194613113767
vid_000285_frame0000126.jpg,120.55550925925925,132.62317403157553,66.21426305325085,61.24586205423734,423.5980557784637,11368.45264881826
vid_000285_frame0000127.jpg,120.58405671296296,132.82188924153647,66.31302309268692,61.61831700679944,434.7068028194391,12281.918968027225
vid_000285_frame0000128.jpg,120.48940586419754,132.71969604492188,66.33337395624173,61.62088853014211,427.9550052564247,11840.943251302233
vid_000285_frame0000129.jpg,120.2837538580247,132.9605509440104,66.24295589698785,61.203693517505485,449.31826825163836,12084.152993995463
vid_000285_frame0000130.jpg,120.52503665123457,132.58577982584634,66.2572293552857,61.75430358317939,445.05795331736533,12313.153733497253
vid_000285_frame0000131.jpg,120.54227237654321,132.90691630045572,66.40325521051174,61.8983704267807,437.8438662671668,12239.144649358233
vid_000285_frame0000132.jpg,120.65950810185186,132.62337239583334,66.32588090398902,61.658708906931025,432.48756466983747,12526.760486154817
vid_000285_frame0000133.jpg,120.6631500771605,132.58267720540366,66.41095924487108,61.6207812113222,435.123811631643,12073.680964506231
vid_000285_frame0000134.jpg,120.65865354938272,132.46036275227866,66.3487103457565,61.82730190094164,439.88650966863855,12395.159521088004
vid_000285_frame0000135.jpg,120.59008294753086,132.60875956217447,66.34236414913096,61.875846200181336,448.47194286905085,12596.655822790228
vid_000285_frame0000136.jpg,120.45545910493827,133.2140146891276,66.43085890862064,61.50985679738898,425.54915972674337,11525.336081013083
vid_000285_frame0000137.jpg,120.68168209876544,132.56986490885416,66.31375392184928,61.608425440057346,428.60932134663153,12008.508330529323
vid_000285_frame0000138.jpg,120.34048418209876,132.7618611653646,66.37572104939649,61.82962360916203,440.234397019542,12162.141945948591
vid_000285_frame0000139.jpg,120.33321952160493,132.69327799479166,66.26160389767979,61.26248217954993,441.6399121018398,11847.115573916351
vid_000285_frame0000140.jpg,120.34172453703704,132.5952606201172,66.27895552149113,61.7831751805576,460.7218948881174,12744.230083695613
vid_000285_frame0000141.jpg,120.62063078703704,132.463623046875,66.29418245385914,61.656524697065805,434.5346299248757,11946.47053527832
vid_000285_frame0000142.jpg,120.39102816358024,132.4301961263021,66.40192381437438,61.78302642626547,429.3992346857518,12147.375405236147
vid_000285_frame0000143.jpg,120.68162229938271,132.66894022623697,66.36617593974402,61.50038376976899,422.84049502261234,11941.895092904335
vid_000285_frame0000144.jpg,120.3682851080247,132.59967041015625,66.41180247847755,61.75844298425347,440.32202036283513,12355.227669498883
vid_000285_frame0000145.jpg,120.52917245370371,132.8232676188151,66.33890250945747,61.65099549697458,425.98415497202933,12038.961687639123
vid_000285_frame0000146.jpg,120.53708140432099,132.77132670084634,66.39348936849915,61.32653727033229,426.80360080023866,11220.392431214219
vid_000285_frame0000147.jpg,119.55355902777778,133.0028533935547,66.07582699494836,62.23739702343762,411.04816525577496,11467.467303620419
vid_000285_frame0000148.jpg,118.42867091049382,131.83971659342447,66.18884089538486,64.64247069286631,534.0067797818073,15013.278876691824
vid_000285_frame0000149.jpg,126.91825038580247,138.75291442871094,68.81575223492065,66.74476440432429,577.5276711006824,15358.36034463346
vid_000285_frame0000150.jpg,139.39407021604939,149.15069071451822,70.43269961804539,68.84556259694122,630.4818467278792,16950.272796833655
vid_000285_frame0000151.jpg,110.22008294753087,129.62761942545572,62.29335708588964,64.69113888643616,578.7775085196706,18031.865841764724
vid_000285_frame0000152.jpg,117.51121913580246,134.1629892985026,64.8747933574682,65.31483911374998,572.6985918201505,17252.813654363155
vid_000285_frame0000153.jpg,132.35534529320987,143.5697224934896,69.18433306412767,66.86609992084301,602.3172711347081,16214.275882623158
vid_000285_frame0000154.jpg,132.700574845679,144.14218139648438,69.21679997362855,67.70349121788195,652.6021189224055,17957.222335411003
vid_000285_frame0000155.jpg,128.78789351851853,141.6121826171875,68.02175293774212,66.51752692979478,627.6448456714771,17447.59537579771
vid_000285_frame0000156.jpg,122.72672453703704,137.42516581217447,66.66669881593936,65.57807795825141,599.2059176933298,16848.25469752564
vid_000285_frame0000157.jpg,122.14421103395061,136.92322794596353,66.36003507579709,65.34835240058958,590.9068149519554,17411.390310704708
vid_000285_frame0000158.jpg,121.87438464506172,136.77042134602866,66.42091375213387,65.63953028113497,618.4248319314505,18042.689372684574
vid_000285_frame0000159.jpg,121.93655671296297,137.21837361653647,66.26803010554713,65.03773382758,604.687372665895,17089.043645139784
vid_000285_frame0000160.jpg,121.87115740740741,136.7287851969401,66.38721444810686,65.49068460448302,638.1402505738812,18050.523257914698
vid_000285_frame0000161.jpg,122.18271604938272,136.85228474934897,66.32784992015408,65.36385867793591,580.7597120079679,16936.839247515192
vid_000285_frame0000162.jpg,122.12749035493827,137.08069356282553,66.09756065956279,65.84136481747443,619.445198533917,18257.6362138798
vid_000285_frame0000163.jpg,122.34564043209876,137.31859842936197,66.12419449419791,65.5585962836038,571.6946755774982,17041.006724223495
vid_000285_frame0000164.jpg,122.0720563271605,137.36639912923178,66.0486678788053,65.82835829232168,604.2905837978703,17882.658363245195
vid_000285_frame0000165.jpg,122.3957986111111,137.1361083984375,66.02703943706427,65.36509559500276,603.6665762366777,17191.014214999042
vid_000285_frame0000166.jpg,122.25520447530864,137.65360514322916,66.0663839269409,65.37647327344536,591.8768707560389,16856.92066935054
vid_000285_frame0000167.jpg,123.23793209876543,137.06218465169272,66.27281237953405,66.42555003430125,606.3185781193403,17717.388069093227
vid_000285_frame0000168.jpg,123.3068537808642,137.15648905436197,66.45793391916021,66.7036237755549,649.7265182323482,18870.94344390533
vid_000285_frame0000169.jpg,123.45581211419753,137.6580556233724,66.45772236146796,66.46025157319129,623.774408275329,18014.70216428861
vid_000285_frame0000170.jpg,124.19527777777778,137.14428202311197,66.64424141986322,66.75795551384785,616.9085699522838,18258.091170198983
vid_000285_frame0000171.jpg,124.13043595679012,137.35728963216147,66.63340970511949,66.98131205124105,627.0843752309456,17972.968103184365
vid_000285_frame0000172.jpg,123.94135416666667,137.46778361002603,66.50840696083993,66.75553514641047,605.2674269461592,18044.04917663685
vid_000285_frame0000173.jpg,124.06043788580247,137.66666666666666,66.54120896982772,66.31972613298689,591.405033716691,17680.882554784184
vid_000285_frame0000174.jpg,124.0829436728395,137.7811533610026,66.59476301200354,66.97304272292617,618.7614711055049,18499.077583852923
vid_000285_frame0000175.jpg,124.02461419753087,138.07704162597656,66.58073115718415,66.89239203736192,620.061971360061,18587.824930703035
vid_000285_frame0000176.jpg,124.19913773148149,138.46949259440103,66.56825550979688,66.73204841214809,601.2434031512224,18123.760385930538
vid_000285_frame0000177.jpg,124.75243441358025,138.4598388671875,66.55446220129704,66.82168775285987,626.0261077995059,18686.0179456973
vid_000285_frame0000178.jpg,123.86657407407408,137.68934631347656,66.50932824083387,66.48479344040572,607.4824589762035,18161.190162367187
vid_000285_frame0000179.jpg,123.60284915123457,137.8306681315104,66.36399507697514,65.88452151445259,607.1255999345943,17670.589707306586
vid_000285_frame0000180.jpg,123.71930169753087,137.84446716308594,66.37599820323109,66.20477997122957,610.2017072400923,17908.39433574467
vid_000285_frame0000181.jpg,123.68468942901235,137.21306864420572,66.44469875346165,66.27195218054347,616.0772151009181,18048.960265159607
vid_000285_frame0000182.jpg,123.61248263888889,137.39440409342447,66.43294126295558,66.40235840785294,615.6011173707227,18427.50081514474
vid_000285_frame0000183.jpg,123.48658564814815,137.4699249267578,66.44496499582121,66.29224129359031,598.9488921799648,17632.61933066114
vid_000285_frame0000184.jpg,123.14456211419753,137.43158467610678,66.34870615898296,66.57253543840939,620.5425470163269,18221.787791475654
vid_000285_frame0000185.jpg,123.13976466049382,137.57660929361978,66.37769369652207,66.29828171805647,615.6425715662241,18105.32588659227
vid_000285_frame0000186.jpg,123.0618962191358,137.75238037109375,66.42597411049242,66.13248682016071,587.495581867284,17059.125254011713
vid_000285_frame0000187.jpg,123.12143518518519,137.28751118977866,66.41796006646742,66.70295049098013,624.3772686484255,18168.353567156708
vid_000285_frame0000188.jpg,122.93239776234567,137.34908548990884,66.35660671831363,66.6856170251392,621.1887626007374,18190.63008891046
vid_000285_frame0000189.jpg,122.8718537808642,137.5348103841146,66.35751533963284,66.35510705843112,615.5830556193201,18108.17218492925
vid_000286_frame0000001.jpg,35.75964699074074,56.662923177083336,43.21441382033616,52.181913863174714,1694.4700396167898,12493.886427551275
vid_000286_frame0000002.jpg,35.919693287037035,56.65568542480469,43.273671886407676,51.936564002869446,1685.037231461354,12284.224836304551
vid_000286_frame0000003.jpg,35.83018518518519,56.66583760579427,43.19579943529921,51.870120628214366,1752.7195053625203,12339.806725693634
vid_000286_frame0000004.jpg,40.43755787037037,62.55904642740885,44.74185397157544,53.843297543506786,1729.5553365220978,14245.845140101155
vid_000286_frame0000005.jpg,40.468163580246916,62.89696756998698,44.81832050573429,54.11440411824978,1695.8790872651698,13999.177561565302
vid_000286_frame0000006.jpg,43.14921296296296,65.48226420084636,45.943367498774904,55.22808136859021,1668.7049481135532,14089.41582443472
vid_000286_frame0000007.jpg,44.23876736111111,65.57037353515625,46.609409341292675,54.82792296667491,1637.6462030389646,14390.954300820827
vid_000286_frame0000008.jpg,43.5280150462963,65.49479675292969,46.52570072348725,55.04161451848838,1661.5976524787472,14606.407436413458
vid_000286_frame0000009.jpg,50.810831404320986,73.30202229817708,48.77259321705034,56.80633481997576,1470.505445277001,13755.499816851458
vid_000286_frame0000010.jpg,49.37409915123457,72.57154337565105,48.19132488361374,56.346905805899546,1546.7034424720293,14325.696067150682
vid_000286_frame0000011.jpg,48.26265817901235,71.59212748209636,47.767638578887485,55.9381370031324,1591.1582150586205,14360.197264734423
vid_000286_frame0000012.jpg,47.27667824074074,70.41837056477864,47.452036416869305,56.06875476475585,1603.3422100645882,14680.894724564394
vid_000286_frame0000013.jpg,47.06318865740741,69.94706726074219,47.30031302769199,55.98527179358176,1597.6500299767176,14551.84936680994
vid_000286_frame0000014.jpg,47.37275077160494,69.41626485188802,47.42278942189742,55.03688751895341,1556.5180732590663,13774.948177624261
vid_000286_frame0000015.jpg,47.70565393518518,69.40478006998698,47.650012327628424,55.352631419585464,1589.258280915102,15237.907229060074
vid_000286_frame0000016.jpg,46.12814043209877,68.59315999348958,46.88718573886839,54.79195315279101,1553.8197410380967,14639.113232966512
vid_000286_frame0000017.jpg,45.29523341049383,67.89022827148438,46.59189238896144,53.72719256427039,1549.779870669233,14010.736292404821
vid_000286_frame0000018.jpg,43.851408179012346,66.06497701009114,46.18075442672362,53.77523627253413,1566.5687629242486,14010.291713502258
vid_000286_frame0000019.jpg,42.262507716049384,64.60720825195312,45.46924447463446,52.5392951447212,1589.4584963214804,13822.489250912331
vid_000286_frame0000020.jpg,40.82894675925926,63.053548177083336,44.76925115314666,52.164337183125795,1614.0064072625978,13672.631883843802
vid_000286_frame0000021.jpg,41.195403163580245,63.102569580078125,44.92967544316047,51.82445275455755,1667.332485591852,13884.26683541364
vid_000286_frame0000022.jpg,41.92208912037037,63.95427449544271,45.20247538974923,51.97605045793907,1612.2802250337243,13422.46178817749
vid_000286_frame0000023.jpg,41.55302854938272,63.40557352701823,44.73964210092241,51.43344155685809,1652.3046539134505,13897.11100560776
vid_000286_frame0000024.jpg,37.95463348765432,60.29380798339844,43.106314906064426,50.667073223850615,1706.6286226550444,12826.974562283605
vid_000286_frame0000025.jpg,31.6307137345679,52.68287658691406,43.81923143494446,55.712779425024024,1995.0369361388405,14172.493729097536
vid_000286_frame0000026.jpg,33.4003800154321,54.44024149576823,45.41751157311987,56.61765922238585,1976.569981954056,14457.398915111786
vid_000287_frame0000001.jpg,71.06734182098765,88.34173583984375,57.168512163431195,64.3204141714034,1289.377872841884,13216.643422879046
vid_000287_frame0000002.jpg,71.49743827160493,88.39266459147136,57.353223707757834,64.17650658536972,1276.102296484375,12788.022431051126
vid_000287_frame0000003.jpg,76.27074652777777,91.76279195149739,60.08229612635164,65.90363236570306,1204.2729230901439,12482.201005931944
vid_000287_frame0000004.jpg,76.69836805555556,92.95304361979167,61.014471110030584,67.25965967013778,1256.3744011058332,14040.953531264327
vid_000287_frame0000005.jpg,72.84281635802469,88.91727193196614,59.67734722403265,65.06627587847169,1249.2158719135803,13383.115643618396
vid_000287_frame0000006.jpg,71.0517824074074,87.72616577148438,59.21459661976549,63.99812907475655,1255.7324652187015,12333.272562140366
vid_000287_frame0000007.jpg,79.22305555555556,93.7056172688802,61.73278199435325,65.93789932940149,1194.9538868622203,11804.608215532266
vid_000287_frame0000008.jpg,81.836925154321,96.16596984863281,61.44134350816667,66.19089449115314,1067.9145900872543,11092.2164028564
vid_000287_frame0000009.jpg,73.34286651234568,90.20438639322917,57.28960606092907,63.17100845233163,1104.1657391131032,10749.738880536519
vid_000287_frame0000010.jpg,48.17335262345679,70.56071472167969,50.75858779687801,59.328984072509506,1492.8915920030383,11164.741820715135
vid_000288_frame0000007.jpg,106.83747106481482,123.00119018554688,67.51892246094117,61.205256834357215,372.4441668466743,8964.995232296875
vid_000288_frame0000008.jpg,98.3957986111111,116.95562744140625,63.10163580647707,58.02030873808776,385.7446122679827,9036.9723583234
vid_000288_frame0000009.jpg,93.79119405864198,113.09152221679688,60.04257438208008,55.33283143712418,381.5873291618107,8025.297682031989
vid_000288_frame0000010.jpg,82.3702449845679,103.6898905436198,57.34562428865627,55.01325147694707,376.46975159130125,8300.127178430324
vid_000288_frame0000011.jpg,77.26928433641976,99.19975280761719,53.72556646983632,52.797233664552216,367.11204583333335,7889.193927302724
vid_000288_frame0000012.jpg,75.90549961419752,98.31943766276042,52.78555928601079,52.1352002178071,380.7603330920728,8310.257067946484
vid_000288_frame0000013.jpg,75.26185570987654,97.82148742675781,52.117044537066405,51.945000037453816,365.71919632493007,7888.234468526905
vid_000288_frame0000014.jpg,73.84863425925926,97.00146484375,51.198633823451175,51.75774565532854,374.57285808333194,8118.581690639025
vid_000288_frame0000015.jpg,72.63460262345679,95.97518412272136,50.16842604307944,51.33542644923332,360.0502970034669,7860.1279682402965
vid_000288_frame0000016.jpg,70.9633661265432,94.6919657389323,48.9285546805653,50.859340839256305,364.98159370576,7656.122798314085
vid_000288_frame0000017.jpg,69.74130401234568,94.0807393391927,47.88890308388081,50.79185958598165,355.8208614339192,7589.855840962147
vid_000288_frame0000018.jpg,68.31444444444445,92.78870137532552,46.83812774161139,49.89554452728308,361.9965518515504,7663.132940232754
vid_000288_frame0000019.jpg,67.53469521604939,92.32996622721355,46.001851813987415,49.35813564403587,344.7865694055628,7169.980652514612
vid_000288_frame0000020.jpg,66.06681712962963,91.25370788574219,44.86041420142083,49.03262881740981,360.3407128517433,7404.576821505791
vid_000288_frame0000021.jpg,65.1276099537037,90.40582275390625,43.78769141881337,48.03162593665734,345.17018704936135,7031.622541239252
vid_000288_frame0000022.jpg,63.69010223765432,88.99156188964844,42.7447638573368,47.45221536587463,354.0784556420597,7239.508686280809
vid_000288_frame0000023.jpg,63.10459104938272,88.24349975585938,42.022771766957746,46.87962621988396,356.11839145876195,7154.321403395152
vid_000288_frame0000024.jpg,62.061523919753085,87.42280578613281,41.208293210389954,46.36475792783773,362.40031801362636,7321.227778485976
vid_000288_frame0000025.jpg,61.511242283950615,86.73095703125,40.466330847422114,45.80645452287086,353.65891292649263,7252.631722993916
vid_000288_frame0000026.jpg,60.85382330246914,86.6221211751302,39.89532438564777,45.70148979171529,354.9613182965481,7069.611414827174
vid_000288_frame0000027.jpg,61.031408179012345,86.11344909667969,40.018188587781914,45.22546410086607,348.02137795698167,7133.901292517548
vid_000288_frame0000028.jpg,60.97031635802469,86.4581807454427,40.26318158006518,45.774040543627585,356.12592874680513,7534.489091977477
vid_000288_frame0000029.jpg,61.526439043209876,87.17457580566406,40.49740502914079,45.76246787440249,351.103805938009,7261.577476944774
vid_000288_frame0000030.jpg,61.83912615740741,87.34378051757812,40.89103157608975,45.98195182868944,358.6072775586206,7383.139295181027
vid_000288_frame0000031.jpg,62.536134259259256,87.68463643391927,41.321760792520934,46.346992117599804,358.3543178496603,7415.6922427378595
vid_000288_frame0000032.jpg,62.76384452160494,88.24347432454427,41.771845400546816,46.7319363123165,368.82924615791643,7368.69090129598
vid_000288_frame0000033.jpg,63.390547839506176,88.7857666015625,42.20194939301077,47.33480283699722,356.3482245367356,7150.220840454102
vid_000288_frame0000034.jpg,62.69229552469136,88.11611938476562,41.89691053895217,47.238560874310956,358.65323512034894,7445.43315565493
vid_000288_frame0000035.jpg,63.22749421296297,88.57791646321614,42.1153298313065,47.56133491189647,351.14740008650415,7183.449704698985
vid_000288_frame0000036.jpg,64.16623456790123,89.54701232910156,42.90100511089717,47.68571245315657,349.94787804539476,7040.182450178778
vid_000288_frame0000037.jpg,65.5412962962963,91.07670593261719,44.00653307824339,48.639624177722595,367.3513860253772,7453.9421891234815
vid_000288_frame0000038.jpg,66.63233603395062,92.00094604492188,44.91392263295488,49.30091664873768,357.8676109420211,7327.776351431152
vid_000288_frame0000039.jpg,67.4087750771605,92.53389994303386,45.55761135863919,49.11400519682956,347.21798615930294,7031.3076098894235
vid_000288_frame0000040.jpg,67.59631944444445,92.23578389485677,45.70593355599594,49.03326411961713,354.3351765766662,7203.723858838668
vid_000288_frame0000041.jpg,67.69075424382716,92.34619140625,45.89143528727196,49.70314909058888,351.3080549259139,7470.027259733295
vid_000288_frame0000042.jpg,67.83196952160493,92.48138427734375,46.07523006516314,49.81337096822389,356.36556976189416,7605.125970348716
vid_000288_frame0000043.jpg,68.27006944444445,92.73194885253906,46.387457753986624,49.945819564302454,361.28012851709855,7743.245890698396
vid_000288_frame0000044.jpg,68.82704089506173,93.71155802408855,46.79872659011846,49.864260758733245,362.5555852075564,7565.739507324062
vid_000288_frame0000045.jpg,69.25453125,93.79053751627605,47.210177341647544,50.108477496209105,357.8026254926684,7462.631544049829
vid_000288_frame0000046.jpg,69.47323688271605,93.68243916829427,47.35036096406142,49.82631403873058,348.22136094202114,7494.654721621191
vid_000288_frame0000047.jpg,69.48204475308641,93.45963541666667,47.5890476816348,49.790285993132095,358.90817615898146,7798.5626635176595
vid_000288_frame0000048.jpg,68.25076581790124,92.61231994628906,46.74085934679416,49.91189766250763,354.89112176002953,7490.976861979812
vid_000288_frame0000049.jpg,62.94569637345679,88.30567932128906,42.38217623552071,47.26200356189698,369.6378905862858,7652.1249001463875
vid_000288_frame0000050.jpg,57.84668788580247,84.01766967773438,37.72859738442787,45.69513811397384,371.3101814395522,7572.151076938957
vid_000288_frame0000051.jpg,54.71709104938272,81.02953084309895,34.89064454439315,44.354298840155636,374.04110832476,7745.341926991707
vid_000288_frame0000052.jpg,63.12022183641975,89.17830403645833,38.630478566235034,45.707936076773876,370.73992365367667,7666.629694582662
vid_000288_frame0000053.jpg,72.38605709876543,97.98393249511719,41.204972890841844,46.437811184757464,366.90781344036003,7624.215692130616
vid_000288_frame0000054.jpg,81.13350501543209,106.7957763671875,42.980739550656274,46.66087639695894,361.60655451268326,7862.02213973715
vid_000288_frame0000055.jpg,82.09246913580247,107.84164428710938,43.03679056581517,46.61357426710779,360.9902052200883,7776.47784801363
vid_000288_frame0000056.jpg,82.10257330246914,107.94029235839844,43.12633433629065,46.62900862612126,359.8656496805073,7777.339588738047
vid_000288_frame0000057.jpg,81.84378086419753,107.43879699707031,43.06565680677462,46.45465422989245,362.7396849986805,7904.337430222891
vid_000288_frame0000058.jpg,81.45296682098765,106.92325337727864,42.92868501346169,46.09177492735143,361.5410267638407,7671.848213433288
vid_000288_frame0000059.jpg,81.07091435185185,106.82069396972656,42.76106119640105,45.95385384236747,360.54120949074075,7727.118718940532
vid_000288_frame0000060.jpg,80.83544174382716,106.71726481119792,42.65585025089316,46.84225436730656,367.17845587113,7781.69204211887
vid_000288_frame0000061.jpg,80.57063078703703,106.65061950683594,42.61138816035469,46.994688110190246,368.42192632107214,7900.303559226682
vid_000288_frame0000062.jpg,79.79612075617284,106.03559875488281,42.34427499671902,47.26805745744096,370.17905203239536,8172.568778208457
vid_000288_frame0000063.jpg,78.95003665123457,105.14975484212239,42.08705321154077,46.87034068467758,372.49156843050736,8028.852698089322
vid_000288_frame0000064.jpg,78.46277970679013,104.95452372233073,41.89605187233374,46.8461267627834,372.6748962343737,7968.46816512919
vid_000288_frame0000065.jpg,78.3503337191358,105.04879760742188,41.71488935972977,46.80782816458072,371.3927034379286,7974.610539426794
vid_000288_frame0000066.jpg,78.0638811728395,104.34811909993489,41.54086235966516,46.49858220632868,363.00642424755125,7753.489636977902
vid_000288_frame0000067.jpg,77.16807098765432,103.65415954589844,41.23950269329181,46.191582792250024,367.7625643780744,7519.5739488862455
vid_000288_frame0000068.jpg,76.00212577160494,102.43198649088542,40.842999934251196,45.925744011717065,371.1855133382831,7610.167204603553
vid_000288_frame0000069.jpg,75.19526427469135,101.93692016601562,40.614669469378384,45.66195816031277,372.26980882600174,7650.859140850371
vid_000288_frame0000070.jpg,73.72004436728395,99.97332763671875,40.00098593786306,45.149468527454445,363.4980704611612,7540.649294223636
vid_000288_frame0000071.jpg,71.8060898919753,98.35672505696614,39.28540518463874,44.85190123590017,374.13620059045866,7761.174136694288
vid_000288_frame0000072.jpg,71.12806712962963,97.61267598470052,38.801373094997835,44.587291119587974,367.01767749321493,7642.547241684049
vid_000288_frame0000073.jpg,71.22441358024692,98.16119893391927,38.93807778591908,44.20834649465414,372.69173318530846,7646.273418661207
vid_000288_frame0000074.jpg,72.48640817901234,99.21834309895833,38.997670134388166,44.26526264933016,364.83553407868226,7151.569826328894
vid_000288_frame0000075.jpg,71.66794174382716,98.09498087565105,38.771560081946205,43.94498994830284,374.63086740421244,7453.888570945477
vid_000288_frame0000076.jpg,70.23486111111112,96.57000223795573,38.54955127534032,44.373930385207174,359.97144379792394,7091.678780279122
vid_000288_frame0000077.jpg,68.41501543209877,94.73302205403645,38.11044890094921,43.875800945951575,375.77977992778926,7408.6108776459005
vid_000288_frame0000078.jpg,67.99909143518518,94.97525533040364,37.29276277543017,43.321268247810885,367.2144245493613,7349.633181975922
vid_000288_frame0000079.jpg,67.71752507716049,94.57855733235677,36.953726402518114,43.143841575449215,376.7314948538238,7501.485999822617
vid_000288_frame0000080.jpg,67.22702353395061,93.72831217447917,36.52043459215129,42.69455241984547,372.59668552758484,7194.5405628746375
vid_000288_frame0000081.jpg,65.90294560185185,93.0328877766927,36.226163989205546,42.95981650431306,385.096267500931,7449.521751176333
vid_000288_frame0000082.jpg,65.04349151234568,91.81545511881511,35.916996095001515,42.76254493857917,374.01386910683374,7158.006677603116
vid_000288_frame0000083.jpg,64.1631712962963,91.32699076334636,35.56743697061863,42.37683108059095,381.4423191249517,7076.359804537147
vid_000288_frame0000084.jpg,63.921905864197534,90.57114156087239,35.16365734548799,41.996039609106845,371.7159184710635,7046.820829834789
vid_000288_frame0000085.jpg,63.16136766975308,90.12443033854167,34.84420240973866,42.01663168963778,382.7949031527296,7398.776205286384
vid_000288_frame0000086.jpg,62.77280671296296,89.68801879882812,34.5718112459345,41.660918611722465,374.0693431486572,7021.925399776548
vid_000288_frame0000087.jpg,66.04240162037037,92.5956319173177,36.29613079471977,42.00957222069689,378.6556862654321,7151.448471329873
vid_000288_frame0000088.jpg,71.37998456790123,98.61275227864583,37.77808581164951,43.4371626810924,377.163843689417,7237.119559288025
vid_000288_frame0000089.jpg,75.05909722222222,102.40718078613281,37.65453266273783,42.582173220096124,379.6260074813194,7242.619927340886
vid_000288_frame0000090.jpg,78.54244791666666,105.69169108072917,36.71507704728332,41.524158572701324,374.2590254412281,7164.954474030994
vid_000288_frame0000091.jpg,79.97226851851852,107.42269897460938,36.46106453611729,41.267348041507915,382.13785689086075,7314.379646602785
vid_000288_frame0000092.jpg,84.91815393518519,111.1005147298177,36.889929974885035,40.47680939670922,358.5678239639262,7225.124966851436
vid_000288_frame0000093.jpg,87.73496334876543,112.33544921875,37.01700816253231,39.7824343394913,355.51365257831253,7123.664626821876
vid_000289_frame0000013.jpg,75.84933256172839,100.37616475423177,41.99592278786747,45.08508005853644,306.04963407811294,6458.707233484834
vid_000289_frame0000014.jpg,77.96661265432098,102.10586039225261,43.76103974760336,46.337516269873056,333.916194841466,7039.720994585892
vid_000289_frame0000015.jpg,84.70755979938272,106.72028096516927,48.03085775045554,48.6880191931242,343.2434073483314,7090.617954369634
vid_000289_frame0000016.jpg,86.47063271604938,108.40114847819011,49.294910958018065,49.70590995280149,345.97207547257455,7286.727593606105
vid_000289_frame0000017.jpg,83.5950173611111,105.85191345214844,47.0619086728923,47.5071871201061,314.08769916084617,6751.183417260647
vid_000289_frame0000018.jpg,79.35970486111111,103.2832743326823,44.47175333907785,46.617179607159215,332.8270934305073,7264.469893898815
vid_000289_frame0000019.jpg,81.12205439814815,104.29714457194011,45.539254795594644,46.71380037953736,317.66975619092403,6725.158904051175
vid_000289_frame0000020.jpg,84.93996527777777,107.22303771972656,49.08812204677463,49.444791713966126,349.5029499399863,7420.234170377022
vid_000289_frame0000021.jpg,88.97178819444444,109.97681681315105,52.03855194105429,50.72132192699258,343.61487713125723,6859.037209179252
vid_000289_frame0000022.jpg,89.70393132716049,109.9553731282552,53.25706005746487,51.134493564595736,357.88886064814807,7422.313082780689
vid_000289_frame0000023.jpg,88.4984587191358,108.73501078287761,52.69240977388275,50.469992372095255,331.3286849681378,7065.10661587026
vid_000289_frame0000024.jpg,87.79271797839506,108.36163838704427,52.82328355300271,50.77545861151718,353.76370453528887,7521.097939266823
vid_000289_frame0000025.jpg,92.48001929012345,110.96030680338542,56.371398920049266,52.08286394161663,343.305337802078,7377.734947455814
vid_000289_frame0000026.jpg,102.71637152777778,118.82315063476562,63.52502144239724,56.13235033315826,364.6207832148799,7275.347776921233
vid_000289_frame0000027.jpg,111.71805169753087,126.22078450520833,68.84350310870438,60.20688616405977,410.64056110947007,8090.194988509407
vid_000289_frame0000028.jpg,112.36261574074074,126.94320170084636,70.29168515627234,61.81416455804874,410.9688114976838,8014.315386321396
vid_000289_frame0000029.jpg,109.90789930555556,124.84402465820312,69.55377307426538,61.117157076721654,376.7899522242584,7419.033074020408
vid_000289_frame0000030.jpg,110.90699074074074,124.9115702311198,70.48727075490456,62.505273075085036,423.62061895706745,9173.048478371464
vid_000289_frame0000031.jpg,116.13961226851852,129.74254353841147,73.14326853898255,64.15566261965604,420.6021640612944,8385.155471748672
vid_000289_frame0000032.jpg,119.24989197530864,133.39803568522134,74.79595435447678,66.3787961755315,440.7923596345794,9124.742178319953
vid_000289_frame0000035.jpg,94.28211612654322,112.71534220377605,69.92126515853938,64.75607608449513,404.9659304574639,9759.539649403654
vid_000289_frame0000038.jpg,111.29657214506173,126.24530029296875,74.51477198799343,66.84444888674003,449.4592755108868,9866.578772049164
vid_000289_frame0000040.jpg,117.77233603395062,131.62857564290366,75.77613015823287,68.55989673852741,449.1656545170704,10776.291477318853
vid_000289_frame0000041.jpg,101.9529899691358,118.89682006835938,72.49840430829052,65.84668962125194,411.92942352909455,9617.23188971635
vid_000289_frame0000046.jpg,113.35724151234568,128.47142028808594,73.96433946680735,66.17233685405677,401.146593472403,8802.688089072471
vid_000289_frame0000047.jpg,116.73421489197531,131.52108256022134,74.67523210535951,66.63905609372115,434.1852097499518,9649.760202056728
vid_000289_frame0000048.jpg,117.4402488425926,132.4330596923828,74.7919109818549,66.83094971064182,431.9026082110286,9761.971406858182
vid_000289_frame0000049.jpg,113.1169386574074,128.08645629882812,73.87721709794869,66.1229745561957,410.51452341308595,8992.506387706846
vid_000289_frame0000050.jpg,110.66983603395062,125.68007914225261,72.66637727609276,65.24549112725546,425.223443406763,9883.451769897481
vid_000289_frame0000051.jpg,116.22643711419754,130.2491912841797,74.11160613120937,65.82153275217382,431.70374850337447,9167.209909826284
vid_000289_frame0000052.jpg,120.21166859567901,134.1089070638021,75.12984858863952,66.87144070315553,430.60048834876545,9643.503470167518
vid_000289_frame0000054.jpg,107.45082947530864,123.17671712239583,72.65842180337413,65.20813594600095,435.8969318187572,9479.7165866883
vid_000289_frame0000055.jpg,105.81608024691359,121.69319152832031,72.32888403648086,65.29502069694622,430.75678484114445,9801.45744020841
vid_000289_frame0000056.jpg,117.09695601851851,131.46952311197916,75.29260474108423,67.31914131679527,428.79589902822653,9370.336049846373
vid_000289_frame0000057.jpg,121.91201774691358,136.22412618001303,75.87413954921016,68.14642832728399,482.4112757158444,10434.12816898874
vid_000289_frame0000064.jpg,109.90983603395061,127.18568420410156,73.81913921027704,66.55128586467663,433.23193516589504,9807.84474748373
vid_000289_frame0000065.jpg,112.77005594135802,128.98292541503906,74.1384688513035,66.77380425477372,439.2382649691358,9970.222646582639
vid_000289_frame0000066.jpg,112.60554205246913,128.48939005533853,73.63562211777298,65.74035743499594,393.31000048010975,8464.875539078377
vid_000289_frame0000067.jpg,108.78485339506173,123.65517679850261,71.8999887622125,64.10928502000658,397.26984952082796,8463.386319990968
vid_000289_frame0000068.jpg,108.28380401234568,122.83690897623698,70.29857355386737,62.2852791694167,384.7871168322067,7739.535310124746
vid_000289_frame0000069.jpg,108.41458526234568,123.20574442545573,70.39742847437024,62.29966462055741,405.461696175733,8380.375010665273
vid_000289_frame0000070.jpg,117.7511188271605,131.35292053222656,74.52647878717264,65.88162624334686,415.7871238208577,8269.233989462256
vid_000289_frame0000071.jpg,126.07749807098766,138.9835001627604,76.34626972091691,68.13575905021622,443.3512979615431,9885.601710174
vid_000290_frame0000001.jpg,67.18613811728395,87.82895406087239,52.91340801406599,66.53162845687962,1138.6329457303189,15351.84119699127
vid_000290_frame0000002.jpg,67.42653356481482,87.79043579101562,53.00387964833795,65.93533384448325,1101.7688736568916,14110.046176251024
vid_000290_frame0000003.jpg,69.90329475308641,88.93033345540364,54.23804346345255,68.2010921527801,1105.7765297062545,16250.423593863845
vid_000290_frame0000004.jpg,71.14168595679013,89.91285196940105,54.94032472419075,69.91119269270735,1135.8438775676964,17839.594645114383
vid_000290_frame0000005.jpg,72.12967013888888,90.71267191569011,55.54143543552339,69.34274414760313,1082.7276376880789,14800.434710716596
vid_000290_frame0000006.jpg,68.31289158950618,88.1959940592448,53.771187165120566,68.77285862164051,1150.7668107903794,17383.175112154102
vid_000290_frame0000007.jpg,65.63179783950618,87.35239664713542,51.73756070013228,65.51076920095164,1088.7219761115598,14756.972577362321
vid_000290_frame0000010.jpg,66.03755015432098,87.03901672363281,51.860124318274615,65.19614639372051,1143.3970937788013,14465.195690116845
vid_000290_frame0000011.jpg,68.03021990740741,88.20528666178386,53.68250845547376,67.44157097767147,1067.7424995068964,15017.408697761362
vid_000290_frame0000012.jpg,69.44523148148149,89.24132792154948,54.56338840812625,69.87564262095933,1172.2507520233198,18350.50557455211
vid_000290_frame0000013.jpg,71.20780478395062,90.58296203613281,55.300407254200294,70.60399865222027,1137.1876905092593,18813.511854382
vid_000290_frame0000014.jpg,72.31086033950618,90.56083170572917,55.576751492289844,70.64659754189452,1112.4205946340971,19461.741543249926
vid_000290_frame0000015.jpg,75.74080439814814,93.02384948730469,56.74204157201564,69.9914272025143,1056.1001649128393,17296.85575223132
vid_000290_frame0000016.jpg,79.2714101080247,95.05338033040364,57.978795943592125,70.32357525525332,946.0487273380902,16900.451399561018
vid_000290_frame0000017.jpg,82.06804398148148,96.09136454264323,59.10998592118766,70.3307264360879,936.1128690134977,16220.229332642397
vid_000290_frame0000018.jpg,83.48374228395062,97.96601867675781,59.62314800582857,72.03245695796797,984.734982528741,18178.607812694274
vid_000290_frame0000019.jpg,85.79707947530864,100.59572347005208,60.39392624361065,71.22174763114015,896.4268401756674,14295.368181562982
vid_000291_frame0000001.jpg,84.81958719135802,115.51803588867188,40.94056236099508,54.01751651151044,541.5264866511006,15331.207696169382
vid_000291_frame0000002.jpg,85.22664930555555,115.58340454101562,40.78747403168651,53.245887768650555,497.498632638353,13440.685990563594
vid_000291_frame0000003.jpg,89.06293402777777,119.10912577311198,38.98483070417847,50.8627917892369,470.85855598837765,12811.904684758745
vid_000291_frame0000004.jpg,92.66071759259259,122.98688252766927,34.34324199803621,47.84669592440805,471.66660049497915,13850.623879862716
vid_000291_frame0000005.jpg,96.06789737654321,125.96176147460938,30.689836574322197,44.035019118267286,403.01848872569303,11908.232497706078
vid_000291_frame0000006.jpg,94.17086805555556,124.38761393229167,27.33314916553015,41.40146080286743,310.9394808730054,11027.021693609422
vid_000291_frame0000009.jpg,86.6423688271605,115.4069112141927,30.702222010205816,41.99861144474363,279.20398291966734,9209.111198661616
vid_000291_frame0000010.jpg,83.56599151234568,111.83160909016927,32.92537005280465,44.53005070126117,307.565789196995,10321.171169586247
vid_000291_frame0000011.jpg,84.22030864197531,111.91916402180989,34.06240848301834,44.7638658050501,306.8202880784023,10200.052307121223
vid_000291_frame0000012.jpg,80.45889467592593,108.11958312988281,35.02990290293951,44.767113138409066,319.4758202039596,10581.170935934177
vid_000291_frame0000013.jpg,80.03451195987654,106.8670654296875,35.7268340817929,44.42060665414658,307.2663263559014,9391.565194036812
vid_000291_frame0000014.jpg,79.91503858024691,106.14608764648438,36.14333866295837,44.46687015583833,335.75240099581913,10252.84952289029
vid_000291_frame0000015.jpg,81.27752314814815,107.19300842285156,36.54379985801608,44.23209462290366,323.30160368170095,9314.340359911323
vid_000291_frame0000016.jpg,85.33016203703704,110.57549540201823,36.4438930340862,43.3059901170478,322.34149582851086,9662.834065707168
vid_000291_frame0000017.jpg,89.08432098765432,113.52441914876302,36.01399387654994,43.09019147624062,303.7973584627044,9277.160488715163
vid_000291_frame0000018.jpg,92.10085841049383,116.71947224934895,35.91836072791206,44.155019994016534,319.32367515378513,10743.394817589782
vid_000291_frame0000019.jpg,95.22005208333333,118.14793904622395,36.477949552389454,43.17217419095184,281.15403627182866,9943.943982839584
vid_000291_frame0000020.jpg,104.44731674382716,125.9014892578125,36.48937332536999,45.02398562584479,330.3437490568938,12413.314418222755
vid_000291_frame0000021.jpg,113.61284722222223,133.75432840983072,36.0599112577668,46.29572477638751,342.19883023070446,13545.1994225448
vid_000291_frame0000022.jpg,120.46530285493827,138.75166829427084,36.7642777941497,49.67540222695235,450.957899986604,17673.013321093284
vid_000291_frame0000023.jpg,122.11156057098765,139.71509806315103,38.70803196065099,51.610343447565846,490.8005245249472,17518.394220096758
vid_000291_frame0000024.jpg,123.9168113425926,139.27227274576822,41.46274770582664,54.45941816215723,567.8986142391922,19582.124878253555
vid_000291_frame0000025.jpg,127.75641782407408,141.44115702311197,44.405169607405625,56.44987678190469,605.6711179655014,19343.670181274414
vid_000291_frame0000026.jpg,131.3727527006173,143.15381368001303,45.70827066515287,57.003679904964336,643.4959479804312,19981.00538375764
vid_000291_frame0000027.jpg,137.07244020061728,144.22045389811197,48.262644801174865,58.585531883172415,664.2375875152378,22195.929507240653
vid_000291_frame0000028.jpg,141.1991647376543,145.75586954752603,50.31184776124906,60.77545445816315,727.6784409613716,24743.966262578964
vid_000291_frame0000029.jpg,145.74211226851853,148.74737548828125,52.09850483193838,61.19645352219866,674.8380026148834,22209.98052182421
vid_000291_frame0000030.jpg,151.56782407407408,151.4007822672526,54.86245784749181,64.91828933638804,775.7666746029115,27359.053242623806
vid_000291_frame0000031.jpg,129.4428163580247,139.47415669759116,51.16125221774659,65.06150180233632,790.55439613444,30351.948183000088
vid_000291_frame0000032.jpg,125.82833333333333,137.7044881184896,51.91445898195308,66.60281351004963,808.8653022038633,31554.61754431948
vid_000291_frame0000033.jpg,139.74764081790124,143.54925537109375,56.350490562901314,68.62506207317003,781.9322777774763,31203.898160801968
vid_000291_frame0000034.jpg,145.39216435185185,147.47862752278647,58.28236572628123,70.50896150498062,786.7377262324246,32814.23096530116
vid_000291_frame0000035.jpg,130.00905285493826,138.95355224609375,55.24689765106655,69.44943834536292,738.8868405735261,33131.68041412695
vid_000291_frame0000036.jpg,127.52296875,138.1617685953776,55.2041074991907,69.55236358501679,690.4373616533445,31895.62036639359
vid_000291_frame0000037.jpg,132.25166666666667,138.70503743489584,57.780120922038854,72.85773113025012,866.9958996827847,38627.96113586426
vid_000291_frame0000038.jpg,132.31143904320987,138.90601603190103,57.77782882887825,73.23974160375168,861.1619359607753,39483.644786383724
vid_000291_frame0000039.jpg,130.29947723765432,138.6415761311849,56.77248863469085,72.89848784838125,852.9377215711471,39745.35771366861
vid_000291_frame0000040.jpg,130.26061921296295,138.67037455240884,56.84725724204938,73.16989011496273,917.6877675667384,40557.31852780073
vid_000291_frame0000041.jpg,131.13938850308642,138.583740234375,57.26673068322121,72.98855087520377,865.6251710283444,39360.58716100454
vid_000291_frame0000042.jpg,131.56166280864198,138.3476359049479,57.395937552615244,72.73276079669306,877.0696239189159,39253.138875595294
vid_000291_frame0000043.jpg,131.47122685185184,138.51632181803384,57.18274344078454,72.06203993649635,806.0842777756344,37441.753571256995
vid_000291_frame0000044.jpg,129.73280478395063,137.7723388671875,56.77403774038051,72.22456596414676,845.6360255505388,38582.91126371082
vid_000291_frame0000045.jpg,127.34693287037037,136.93182881673178,55.62757831663698,71.65597392790522,869.0115113377702,38733.984262313694
vid_000291_frame0000046.jpg,127.40948302469135,138.03365580240884,54.8229726537784,69.75063077760572,754.3224822289402,34328.53777849302
vid_000291_frame0000047.jpg,135.2629089506173,141.9578603108724,56.92770620551963,70.6877042731183,833.552774876724,35675.84011816606
vid_000291_frame0000048.jpg,134.4113175154321,140.76023864746094,56.719921887872104,71.07163764726825,906.7452707606939,37710.24985169037
vid_000291_frame0000049.jpg,133.39590663580248,140.2898203531901,56.15648194755305,69.21241097211329,770.680777184305,32381.836324557662
vid_000291_frame0000050.jpg,131.30097415123456,139.38963826497397,55.12349493879247,69.79288896377508,849.9196386040582,35688.25865035411
vid_000291_frame0000051.jpg,128.57422839506174,138.3684285481771,53.778691123933015,68.54833609992512,802.7359132592474,33412.74614252127
vid_000291_frame0000052.jpg,131.15244598765432,140.14561971028647,54.1266846475075,68.02611701821888,809.2755463726194,33068.64433902502
vid_000291_frame0000053.jpg,130.0599324845679,140.3143107096354,53.318430660922395,66.48513256243245,769.5439602124794,31029.202095683664
vid_000291_frame0000054.jpg,129.24770833333332,139.26815287272134,52.86959263855531,66.27342390480872,801.5184287003547,31083.783090918325
vid_000291_frame0000055.jpg,130.94221064814815,140.2909393310547,52.553741797355954,66.2471396918455,813.6564421721952,31502.9068910887
vid_000291_frame0000056.jpg,129.38282407407408,140.35504659016928,51.12606016788344,63.142104164032915,660.2706697509431,25007.531052032253
vid_000291_frame0000057.jpg,130.13646797839507,140.64002482096353,50.54341041106757,63.76742483586703,719.446114111797,27467.41601904854
vid_000291_frame0000058.jpg,132.28392554012345,141.10978190104166,50.6168751834814,64.01292537137223,743.654562703618,27935.237754575675
vid_000291_frame0000059.jpg,132.66145833333334,141.3243408203125,50.24445937794441,62.92853393874726,628.9727318549262,25510.37570478185
vid_000291_frame0000060.jpg,133.49094907407408,141.16751098632812,50.77290882650113,64.65317970999128,770.0622751895522,29450.421407855116
vid_000291_frame0000061.jpg,132.3509510030864,140.5806427001953,50.34853131307976,64.27356211378024,756.1313513358075,28662.50995730213
vid_000291_frame0000062.jpg,131.66015239197532,140.4210205078125,49.33077820561763,62.85089687238354,747.9209241388768,27338.16932919249
vid_000291_frame0000063.jpg,133.44410108024692,141.91675821940103,48.758809234170464,62.09530958336974,744.706370305936,26921.005895863986
vid_000291_frame0000064.jpg,131.84696952160493,140.80137634277344,48.01646171832503,61.56801272722894,753.6414372009696,27056.701877785614
vid_000291_frame0000065.jpg,135.24849344135802,142.8492431640625,48.76577258148873,62.05281621129472,754.5017034881635,27139.300649016863
vid_000291_frame0000066.jpg,138.78468171296296,144.42875162760416,49.74418041985708,61.70381535554467,701.633119527901,24283.766246153973
vid_000291_frame0000067.jpg,143.3552912808642,146.67891438802084,51.692702042140056,63.97975285484988,749.605689520607,27217.02447624295
vid_000291_frame0000068.jpg,146.41572723765432,147.93575032552084,53.00785243439377,65.56990597189822,803.5499876660758,29726.595335330814
vid_000291_frame0000069.jpg,136.53644290123458,143.73453776041666,51.71325198799829,64.4832834664342,722.2136195553627,27304.277209755033
vid_000291_frame0000070.jpg,132.68609953703702,140.23628743489584,51.740841063299534,65.85290809456428,792.3232282013232,30966.716240510345
vid_000291_frame0000071.jpg,135.6485763888889,141.54452514648438,53.13545660252797,66.96479336296645,872.9025371720345,34054.12923984951
vid_000291_frame0000072.jpg,139.99170717592594,144.02879333496094,54.684000070529194,67.68403978744246,793.3569233793282,32242.572847425006
vid_000291_frame0000073.jpg,139.4699787808642,143.52679443359375,55.120479378127236,67.55129069098506,747.2639157838422,30735.003478821367
vid_000291_frame0000074.jpg,138.54922260802468,142.97041829427084,55.453298251875,68.50049703943212,806.4390463343408,32795.68183496222
vid_000291_frame0000075.jpg,137.5765412808642,142.45978291829428,55.76781117585577,69.35728155938418,871.8449648854114,35270.73816962447
vid_000291_frame0000076.jpg,138.75529706790124,143.81859334309897,56.396770837585386,67.4334362202163,706.964223921863,28255.42835092172
vid_000291_frame0000077.jpg,135.6454050925926,141.429931640625,56.47392824209784,69.38437644625641,884.5861432288652,35203.02710775193
vid_000291_frame0000078.jpg,134.82325810185185,140.6809539794922,56.17819740582185,68.88460079972151,842.9223350393036,33881.42837661109
vid_000291_frame0000079.jpg,133.16160300925927,140.4116465250651,55.346372688097134,68.39334993556214,817.9195500431014,33264.25447270181
vid_000291_frame0000080.jpg,132.91392554012344,140.65609741210938,54.89518896367067,68.41101640808486,792.3247892135724,33202.81934350333
vid_000291_frame0000081.jpg,132.5489448302469,139.83316040039062,54.88055278092044,68.86654721351401,863.9001754093792,34635.3008763527
vid_000291_frame0000082.jpg,134.11019675925925,140.50575256347656,55.20632716305933,68.2036303755174,811.9054035252366,32064.04127827077
vid_000291_frame0000083.jpg,134.55767554012345,140.50566609700522,55.40776076375094,68.5264004767242,849.7688055539145,33667.19779606699
vid_000291_frame0000084.jpg,132.64141396604938,139.6008758544922,54.37471833834321,68.18466913811888,839.8365570609554,33553.023359047016
vid_000291_frame0000085.jpg,126.12398919753086,137.18948364257812,51.828766033561045,66.96423808734866,834.1056544567888,33334.15215701959
vid_000291_frame0000086.jpg,123.27287615740741,135.68896993001303,49.736213817644455,63.20141340518999,543.3158253946102,25313.07857497572
vid_000291_frame0000087.jpg,130.948537808642,138.34186808268228,55.33908913287642,61.5543148243561,495.9199516259632,23225.128801575862
vid_000291_frame0000088.jpg,123.27256172839506,132.67447916666666,57.096422534840606,60.069419149149695,429.7683582890934,18721.70036378107
vid_000291_frame0000089.jpg,116.57965470679012,128.17213439941406,57.83773472982037,57.498085828483184,399.9070671269169,14983.264684728347
vid_000291_frame0000090.jpg,121.53800925925925,129.98040771484375,58.81927382674906,56.83099350859188,398.66115044367285,15010.666833280586
vid_000291_frame0000091.jpg,120.12439814814815,129.08765665690103,58.020743746393734,57.923756146409204,424.6665307033125,17510.37420946895
vid_000291_frame0000092.jpg,118.7325887345679,128.0810546875,57.36402867623757,57.85198338141075,422.60009783294225,17795.54464652296
vid_000291_frame0000093.jpg,115.28969521604938,124.79928588867188,56.97014410167617,58.868881454928015,494.00955178313086,19386.07527555502
vid_000291_frame0000094.jpg,111.23670524691359,122.97152709960938,55.989811207504616,57.63433601659032,408.28545395876205,17461.88137095794
vid_000291_frame0000095.jpg,107.28074652777778,120.85612487792969,55.67886855193414,58.47190183029836,475.8724154366199,19796.07063095807
vid_000291_frame0000096.jpg,102.95440779320988,118.33047993977864,55.569252086440386,56.71722747764223,417.69326849226246,15643.577221899992
vid_000292_frame0000001.jpg,53.285233410493824,78.07408142089844,44.23704274620214,60.05910208982466,1413.1536288282523,13703.129790499574
vid_000292_frame0000002.jpg,53.59112461419753,77.90813700358073,44.46465949481535,59.85270004289899,1426.5838809381094,13169.209904043935
vid_000292_frame0000003.jpg,53.808177083333334,77.4561055501302,44.54354212386868,59.97750878803819,1505.4979256835938,14231.817195107928
vid_000292_frame0000004.jpg,53.960538194444446,78.06416320800781,44.64809241294265,60.96558445634633,1518.0621965647172,15330.50723735895
vid_000292_frame0000005.jpg,53.79390432098766,77.81396484375,44.4998137033496,60.51307757894641,1499.442392124807,14666.519716053968
vid_000292_frame0000006.jpg,52.85483217592593,77.01384989420573,43.81742648979577,58.73283134445414,1433.899040364282,13441.720570027828
vid_000292_frame0000007.jpg,52.24042631172839,76.0729471842448,43.69421794340233,58.2659658745502,1543.7277358940637,14250.19734263583
vid_000292_frame0000008.jpg,52.07575038580247,76.68212381998698,43.600221534074905,59.40624163904466,1532.5756184892819,15399.427871166728
vid_000292_frame0000009.jpg,52.57776427469136,77.21977233886719,43.77886942309606,59.731909269589636,1489.4729504821191,14292.977648198605
vid_000292_frame0000010.jpg,51.06482445987654,75.52706400553386,43.08529014858261,58.719637249460455,1559.4802425796986,14468.743401033571
vid_000292_frame0000011.jpg,48.807690972222225,71.0830078125,47.91195337398896,63.59558869874067,1594.8982634066356,17283.095921448432
vid_000292_frame0000012.jpg,48.05551697530864,70.6249491373698,48.09956190409069,64.30122498588753,1750.0988651845087,18701.7621384745
vid_000292_frame0000013.jpg,47.70980902777778,70.23589579264323,47.92134586897665,63.74689504560427,1742.1471915443622,18643.487134277588
vid_000293_frame0000001.jpg,56.456496913580246,76.43175252278645,44.592787222781745,55.254248189895335,1276.9828823965568,10930.438168406254
vid_000293_frame0000002.jpg,56.610661651234565,76.34034220377605,44.70344834710632,55.036398863835316,1265.1306750530143,10858.309938124381
vid_000293_frame0000003.jpg,52.62482060185185,73.43137613932292,42.63938131350917,52.89041796098193,1348.731340275065,11298.371092200046
vid_000293_frame0000004.jpg,49.314853395061725,70.29140726725261,40.49670343686259,50.95899888019116,1466.0985066067335,11300.434673390351
vid_000293_frame0000005.jpg,51.01014081790124,70.97090657552083,41.045384060113356,51.17022846357107,1417.6459208460594,10784.091819844209
vid_000293_frame0000006.jpg,53.775989583333335,76.89688110351562,44.2351679504884,62.215994267270716,1320.4624505367744,11573.075738749467
vid_000293_frame0000007.jpg,42.78863811728395,68.71570841471355,44.71511859297887,68.24705854162212,1878.2821469786509,19143.981413706904
vid_000293_frame0000008.jpg,43.92501929012346,69.37453715006511,42.916136896671944,64.17824184660408,1774.393829378724,18198.70704248175
vid_000293_frame0000009.jpg,38.32259259259259,60.88380432128906,40.22423222886821,56.01382386970766,1670.2092199254919,14586.569513425231
vid_000293_frame0000010.jpg,35.83458912037037,58.60737609863281,39.329690155707894,55.2546988252105,1822.3326028537326,15109.596092363587
vid_000294_frame0000001.jpg,56.11202546296296,76.10301208496094,43.11942431823955,53.77836774391847,1284.1425370656707,11070.090713532409
vid_000294_frame0000002.jpg,56.29005787037037,75.74028015136719,43.19874498862588,53.567484326045445,1276.846079520185,10917.8851608634
vid_000294_frame0000003.jpg,57.23915702160494,76.84438578287761,43.75103201057096,54.27154441283236,1266.4074260408293,10793.905497303
vid_000294_frame0000004.jpg,57.40348572530864,77.55257161458333,43.96376017715652,54.91995548724328,1289.6603873689544,11384.052683337592
vid_000294_frame0000005.jpg,58.073545524691355,78.71042887369792,44.36441370862596,55.99000024690211,1273.065663903055,12195.322891875869
vid_000294_frame0000006.jpg,57.35305941358025,78.19876098632812,43.997052741932706,55.56323556685845,1277.2291051584673,12137.122026919387
vid_000294_frame0000007.jpg,59.34027970679012,79.95720926920573,44.970684881233424,56.34149464441091,1242.9791553228683,11758.23363552778
vid_000294_frame0000008.jpg,60.23909336419753,81.13283793131511,45.551417099748896,57.327320360430036,1227.2322586591222,12441.561874799198
vid_000294_frame0000009.jpg,60.17339699074074,81.10038757324219,45.533587490264836,57.00623763238701,1204.9739387719426,11585.088971521705
vid_000294_frame0000010.jpg,58.7287712191358,80.16495768229167,44.90247110588102,56.688975595643775,1270.4941460642792,12667.000356993638
vid_000294_frame0000011.jpg,59.51712577160494,80.41247049967448,45.31942375704826,56.801898083955685,1238.773091168305,11962.161560561508
vid_000294_frame0000012.jpg,58.81975887345679,79.94341532389323,44.96677056316286,56.72273544987311,1252.9771133125628,12892.416794353863
vid_000294_frame0000013.jpg,58.42160300925926,79.36346944173177,44.676319219174395,56.0746537788543,1241.0292689278976,12135.1684567919
vid_000294_frame0000014.jpg,59.1308487654321,80.04521179199219,44.88305793284426,56.41161773248151,1240.3639379096135,11991.133357282728
vid_000294_frame0000015.jpg,62.905657793209876,82.17598978678386,46.40012187279645,57.25236546666755,1211.076071139832,10746.782342492603
vid_000294_frame0000016.jpg,55.279716435185186,79.03512573242188,47.84243700306051,65.68792522847401,1384.4180453981,15947.530544992536
vid_000294_frame0000017.jpg,52.24816743827161,75.55326843261719,47.39233410483243,63.59562568095451,1464.7577976658952,15069.285569279455
vid_000295_frame0000001.jpg,74.02081018518518,98.86093139648438,44.64436881897687,48.186676352751476,340.3547038756738,6929.669178611599
vid_000295_frame0000002.jpg,74.51768132716049,99.07616170247395,44.70081587270511,48.33477669963999,323.62213338035303,6555.566493665567
vid_000295_frame0000003.jpg,77.81812114197531,101.08734130859375,47.296606067919576,49.251107820811434,331.93911602925533,6810.982535637682
vid_000295_frame0000004.jpg,78.75326195987654,101.394287109375,48.50463610955576,50.05730241332115,342.1122423425913,7009.671143842628
vid_000295_frame0000005.jpg,77.27088348765432,100.78013102213542,47.37980408464222,49.870245022680166,330.43778774430814,6895.745155796409
vid_000295_frame0000006.jpg,75.34184027777778,99.42755126953125,46.402412626277346,49.488014698891526,333.1610386257596,7073.264393301448
vid_000295_frame0000007.jpg,76.2682773919753,99.56410725911458,47.00502896003963,49.38575574643663,328.43867739997944,6817.378525044769
vid_000295_frame0000008.jpg,75.66714313271605,98.55375671386719,47.3792036057505,49.79862380598103,342.45673791952663,7136.996547460556
vid_000295_frame0000009.jpg,75.43773533950618,99.12641906738281,47.501704205565524,50.17616228679766,316.8670254964193,6712.670881032944
vid_000295_frame0000010.jpg,77.66073495370371,100.32430521647136,49.18793260198454,50.747846835211625,353.40077659622426,7374.040001772111
vid_000295_frame0000011.jpg,81.91389081790123,103.0592753092448,52.202623634241455,52.03331692853003,360.92722040560164,7330.853320326656
vid_000295_frame0000012.jpg,84.45858217592593,104.98160298665364,53.98617908547552,53.18549101167008,381.9624622499986,8031.728719239822
vid_000295_frame0000013.jpg,84.67681712962963,104.97422790527344,53.56393830970497,52.79679226681621,365.15954253870746,7577.484294354916
vid_000295_frame0000014.jpg,82.03195216049383,104.06338500976562,51.80856937063867,52.66043302267946,358.91688512567384,7784.524358845316
vid_000295_frame0000015.jpg,77.93035879629629,100.8298848470052,48.64358224653676,50.605824915957704,336.09837847674333,7815.24631691887
vid_000295_frame0000016.jpg,75.08338541666667,98.2900899251302,46.67718632462775,49.79884468440099,338.47084281751006,7254.6527263072785
vid_000295_frame0000017.jpg,76.27950231481482,99.81900533040364,47.50775874319575,50.530540185699074,343.8659950689286,7252.675509938737
vid_000295_frame0000018.jpg,78.19308063271605,101.05676778157552,49.74045733632409,51.22153132099692,366.4231099199126,7534.57499285019
vid_000295_frame0000019.jpg,80.65536072530864,102.09701538085938,51.81523649869218,51.286478177734644,348.7292010640379,6550.995620235801
vid_000295_frame0000020.jpg,79.96756172839507,101.07552591959636,51.64123337047603,51.13410021911608,374.8879898982713,7266.15143663343
vid_000295_frame0000021.jpg,79.38633294753086,100.56671651204427,51.26850129331763,51.10255865468439,366.22635010917674,7198.43468767032
vid_000295_frame0000022.jpg,82.95266010802469,103.19995625813802,54.26844755955466,51.68004309250025,389.75027846897376,7401.980167371919
vid_000295_frame0000023.jpg,89.05148148148149,106.81577046712239,58.62583072903454,53.784361746438236,395.8912638162495,7278.474311348051
vid_000295_frame0000024.jpg,90.39736111111111,108.01452128092448,59.91237858100608,55.05781575279447,408.3438708504802,7847.172485969029
vid_000295_frame0000025.jpg,87.32533179012346,105.37381490071614,57.99652152296181,53.54103503887098,390.18687869643645,7643.452041711658
vid_000296_frame0000003.jpg,42.84694830246914,67.64883931477864,25.496042288953497,36.09612189198347,347.479668790958,6807.487407251261
vid_000296_frame0000004.jpg,43.26825617283951,69.26790364583333,26.159065643162112,36.79777518051203,351.52001550912536,6989.025205358863
vid_000296_frame0000005.jpg,43.204851466049384,67.91675313313802,26.004725309511613,36.21579789854468,343.44268562319826,6606.763316806406
vid_000296_frame0000006.jpg,42.05599729938272,67.25005594889323,25.13090394419711,36.22558609980038,356.7628881928034,6976.145583057543
vid_000296_frame0000007.jpg,41.313157793209875,66.11832173665364,23.88699696362812,34.49616846610593,351.5454607626834,6558.424819472944
vid_000296_frame0000008.jpg,40.531724537037036,65.3902079264323,23.316080768683538,35.001598505359716,366.2567087571802,7057.863555704942
vid_000296_frame0000009.jpg,41.6569425154321,66.38000996907552,24.248187667493028,35.28631764908776,349.8373152669271,6662.8776114804205
vid_000296_frame0000010.jpg,43.635109953703704,68.27986145019531,26.72214089427061,36.930984064072334,363.7208510520819,6996.902511640452
vid_000296_frame0000011.jpg,44.80243827160494,69.67175801595052,27.688636709869407,37.97048847611717,353.4620341301226,7143.488051235443
vid_000296_frame0000012.jpg,42.86127507716049,67.77171325683594,25.918737286179294,36.61734229438609,357.8808060136625,6997.281247473322
vid_000296_frame0000013.jpg,41.0028125,65.62868245442708,23.218574353778536,34.38831894063596,347.46428481703185,6884.847737459233
vid_000296_frame0000014.jpg,39.99227044753086,65.72320556640625,22.463497139962538,34.237979373826946,361.74563178355953,7039.460801309906
vid_000296_frame0000015.jpg,40.30284722222222,64.82682800292969,22.481180752694037,34.47608133458504,355.3949250723045,7224.551890983246
vid_000296_frame0000016.jpg,41.633983410493826,66.44364420572917,24.355498605748174,35.92327642394221,360.97412131866747,7384.489005485317
vid_000296_frame0000017.jpg,42.19424575617284,66.5947774251302,24.933314960067726,35.77725880082954,355.6411525446553,6937.038206243655
vid_000296_frame0000018.jpg,41.568759645061725,66.82861328125,24.24483618267591,35.803921736768025,364.68254031582217,7559.283599793911
vid_000296_frame0000019.jpg,41.78813271604938,66.9702860514323,24.425742458754428,35.89475920320947,349.91699413255395,6891.541021822952
vid_000296_frame0000020.jpg,41.583069058641975,66.5136006673177,24.59474377363496,35.77931285921304,367.4188866461106,7379.060308082961
vid_000296_frame0000021.jpg,42.61537422839506,66.93941243489583,25.79433546397664,36.197695425235665,358.1892662877966,7231.550477022072
vid_000296_frame0000022.jpg,43.21363618827161,67.96754455566406,26.92699352573981,37.04057382386373,358.5184881001037,7149.1829345738515
vid_000296_frame0000023.jpg,43.66821566358025,68.18347676595052,27.079589381160392,37.41314760755819,345.2689486559874,7122.127035988262
vid_000296_frame0000024.jpg,43.151938657407406,67.82947285970052,26.9521667610715,37.424190525673474,356.3274307548533,7484.187160283094
vid_000296_frame0000025.jpg,43.56155671296296,67.94156392415364,27.001052636649902,37.54111309841616,353.00995112763496,7271.451753236121
vid_000296_frame0000026.jpg,43.91552662037037,68.47526550292969,27.389404006390766,37.809089122007485,359.9033320387517,7481.5467907448765
vid_000296_frame0000027.jpg,44.7532349537037,69.30259704589844,28.254036095754497,38.536939105595806,358.306999985231,7443.707276398083
vid_000296_frame0000028.jpg,44.80738233024692,69.15797424316406,28.81492506558278,38.71514167894589,364.5048736089677,7856.495803833008
vid_000296_frame0000029.jpg,45.002737268518516,69.79288228352864,28.827206287957775,38.62002633241675,343.8614650269727,7182.9119487842545
vid_000296_frame0000030.jpg,44.462104552469135,69.2741190592448,28.567149868150608,37.86396953760929,364.52413170569565,7067.484222165309
vid_000296_frame0000031.jpg,45.63740162037037,69.95167541503906,29.339075189686493,38.52371396185929,342.36850546754437,6926.792493220419
vid_000296_frame0000032.jpg,47.14685185185185,71.57899475097656,31.21703917482005,39.938479297076924,342.5501530092258,7488.519433452748
vid_000296_frame0000033.jpg,48.26677469135802,72.39210510253906,32.121302452316385,40.178406360817846,328.708688358377,7240.936228460632
vid_000296_frame0000034.jpg,46.153757716049384,70.49983723958333,30.386612190004712,39.26519934615844,336.8946623519751,6863.1657651939895
vid_000296_frame0000035.jpg,44.04877507716049,68.72250874837239,27.48745216403738,37.99594067155599,338.96072939761234,6898.560621384298
vid_000297_frame0000001.jpg,110.82894097222223,129.36724853515625,46.32108417884301,47.83653150334572,492.71618395272714,10143.651413464686
vid_000297_frame0000002.jpg,111.12993055555556,129.70647684733072,46.24656799072882,46.95188616686202,439.4068736877358,7986.080449803732
vid_000297_frame0000003.jpg,111.11989969135803,129.69541931152344,46.14174157335239,46.31708813354893,402.5677472074532,7101.359507914633
vid_000297_frame0000004.jpg,113.27843171296297,131.6188761393229,42.8141197189548,43.41162835525795,306.16397565104165,5807.720663552871
vid_000297_frame0000005.jpg,115.0912461419753,133.4620564778646,42.51109803979406,42.514328217039484,278.98302879020787,5424.552776277065
vid_000297_frame0000006.jpg,119.81059220679012,136.27760314941406,41.89548428492903,41.672184634077645,202.16560019608278,5591.027932174271
vid_000297_frame0000007.jpg,120.14330439814815,136.67609659830728,41.99567656363858,41.57939447416622,200.93330651600945,5273.755572556518
vid_000297_frame0000008.jpg,119.86137152777778,136.33407592773438,42.28588804858168,42.240809009354244,233.52246583022543,6378.311893760227
vid_000297_frame0000009.jpg,121.77279899691358,138.11967976888022,41.88318049445075,40.11420552547152,110.17311938965514,3586.1844337505754
vid_000297_frame0000010.jpg,122.43472029320988,137.5242716471354,41.90337814151733,41.39287029405081,175.2372562424648,6296.215279026888
vid_000297_frame0000011.jpg,122.96496527777778,137.92313130696616,41.65576828996794,40.672828496209746,154.5993874635296,5144.543066825718
vid_000297_frame0000012.jpg,122.48077739197531,137.77729288736978,41.84727791710696,41.7526757482792,187.67753234257114,6664.23555355682
vid_000297_frame0000013.jpg,122.65121527777778,137.75061543782553,41.74541549629474,40.80642067157288,157.88131841510202,5171.501289396547
vid_000297_frame0000014.jpg,122.37294174382716,137.781005859375,41.846686739526724,41.71771606159425,194.16985002880122,6806.063002263894
vid_000297_frame0000015.jpg,123.69261381172839,138.4611053466797,41.625140402162955,40.43342201530873,163.7422913625458,4973.116108625196
vid_000297_frame0000016.jpg,122.71664351851852,138.01071166992188,42.35151014149196,40.70263037035157,227.04726959953567,4866.6395085526165
vid_000297_frame0000017.jpg,120.94633680555556,137.03418986002603,43.22447679030381,41.36919517868164,260.9929090100617,4276.13306879974
vid_000297_frame0000018.jpg,121.0486612654321,136.8115030924479,46.52069553210832,45.32341240640742,344.50209191623276,5804.278912767768
vid_000297_frame0000019.jpg,140.31407021604937,154.85494995117188,47.19059625137072,42.78039609152372,227.288685568275,2913.7986352981534
vid_000297_frame0000020.jpg,164.9386902006173,172.1539510091146,44.84931175216015,40.91061882146275,208.90937026534638,3074.711176564684
vid_000298_frame0000001.jpg,56.45825038580247,77.10463460286458,39.77188674596557,51.84582098226572,1291.1518558299038,10030.165104236454
vid_000298_frame0000002.jpg,56.5531037808642,76.72585042317708,39.82694684066243,51.573867578705055,1282.533258451452,9895.50170430704
vid_000298_frame0000003.jpg,56.05789544753087,76.26918029785156,39.60547965715512,51.427156117440525,1318.795743489282,10031.112350460142
vid_000298_frame0000004.jpg,55.39528549382716,76.03841654459636,39.249124874202174,51.288216527589306,1316.3852488420566,9982.288330714917
vid_000298_frame0000005.jpg,56.76516782407408,76.8171895345052,40.11089366946774,51.78380044430353,1315.7269889145755,9914.026116337627
vid_000298_frame0000006.jpg,57.58644097222222,78.20209248860677,40.63402056768883,52.68879189541035,1269.5330809646334,9940.375791202998
vid_000298_frame0000007.jpg,57.81736689814815,78.39791870117188,40.7534129981634,52.87502304946397,1298.7950828016494,10057.973160601221
vid_000298_frame0000008.jpg,57.80333912037037,78.30478413899739,40.80096018343684,52.9303176574976,1295.6559859555846,10043.443762458628
vid_000298_frame0000009.jpg,57.75719521604938,78.18108622233073,40.74050877316273,52.85247923316613,1277.466659776844,10021.645818961551
vid_000298_frame0000010.jpg,57.70953510802469,78.52869160970052,40.6653457224169,52.83351484124149,1266.921530666474,9912.030436636647
vid_000298_frame0000011.jpg,58.3997550154321,79.41664632161458,41.10178869923306,53.57895488657714,1289.0532664266118,10011.167632160475
vid_000298_frame0000012.jpg,59.27261959876543,80.14028422037761,41.5895038230288,53.9670463993622,1258.0088411522297,10042.653064777842
vid_000298_frame0000013.jpg,61.124203317901234,82.09959920247395,42.64681734831033,55.148009633665446,1251.6354025928806,10128.422639557859
vid_000298_frame0000014.jpg,62.437652391975305,83.76199340820312,43.44440219305102,56.296557280630616,1216.1177063173814,10201.864192333072
vid_000298_frame0000015.jpg,64.13380787037038,84.49104309082031,44.40978101992597,56.63237063717197,1187.4518413963037,9809.31324615702
vid_000298_frame0000016.jpg,65.48332368827161,85.90781656901042,45.16758912020312,57.619253461702634,1137.6067400146485,9912.797246223083
vid_000298_frame0000017.jpg,66.85931327160493,87.75831095377605,45.98570219111463,58.681618985142485,1128.8727526829011,9997.77250264003
vid_000298_frame0000018.jpg,67.94215856481482,88.11778259277344,46.645154363422485,58.91561016087632,1102.5687063066648,9955.469751659548
vid_000298_frame0000019.jpg,63.46220100308642,83.37852478027344,43.65462344811058,55.43696808132899,1173.8987632694614,9547.273068550741
vid_000298_frame0000020.jpg,57.639770447530864,78.30274454752605,41.13520260354072,53.592795068964705,1345.0424833742911,10005.292794577545
vid_000298_frame0000021.jpg,58.62537615740741,79.37296040852864,41.72432781472649,54.344345767814545,1362.073182942407,10320.175817399286
vid_000298_frame0000022.jpg,59.534185956790125,80.35911560058594,42.106377220281665,55.00790513272214,1335.0827746958792,10231.416162527166
vid_000298_frame0000023.jpg,58.833904320987656,79.36534627278645,41.745534028198605,54.319144637669126,1370.7242922019675,10250.080386579037
vid_000299_frame0000001.jpg,46.779699074074074,67.84613037109375,38.11613190610398,56.651331564238035,1466.3637219859181,12817.976194884628
vid_000299_frame0000002.jpg,47.09313271604938,68.03637186686198,38.27180719522609,56.441104537172535,1461.841502312102,12640.205730392598
vid_000299_frame0000003.jpg,47.08946566358025,68.59580485026042,38.57191994996518,57.99291990277164,1675.9126817289043,16305.720507841324
vid_000299_frame0000004.jpg,47.57054591049383,68.51242065429688,38.98077938409899,57.04154603786135,1504.8281486397448,12351.742755394196
vid_000299_frame0000005.jpg,48.40871527777778,70.24490356445312,39.76185450573566,59.45741093655165,1568.5276528720851,15995.083135745488
vid_000299_frame0000006.jpg,48.39762924382716,70.24009195963542,39.69453622584688,59.24710091792714,1533.7476969027296,15242.218648250913
vid_000299_frame0000007.jpg,48.2794425154321,70.25602722167969,39.716703582236164,59.450068847930474,1571.4992704930432,15862.88972422271
vid_000299_frame0000008.jpg,48.163526234567904,70.1426289876302,39.673716926022486,59.5691612080486,1602.9114961675614,16374.370138766011
vid_000299_frame0000009.jpg,48.33708140432099,70.24945068359375,39.55670381994793,59.36094491423643,1495.3596474582253,15750.748446229612
vid_000299_frame0000010.jpg,48.14401041666667,69.97337849934895,39.63350168519227,59.31390988733737,1588.8791763031552,16059.912807226181
vid_000299_frame0000011.jpg,48.32136766975309,70.44842529296875,39.66853044053407,59.481645634269334,1563.2989229962047,15958.744689767947
vid_000299_frame0000012.jpg,48.16331211419753,69.85894775390625,39.588792431380895,59.325126494952606,1628.2619394329977,16462.96816533804
vid_000299_frame0000013.jpg,50.06461612654321,69.67474365234375,41.23603403106473,60.139223294977405,1450.2801711504144,14033.990400423994
vid_000300_frame0000001.jpg,68.70776041666667,85.37008158365886,52.61114245239599,60.72435494425486,1171.7498358450348,9940.715345181292
vid_000300_frame0000002.jpg,68.95652584876544,85.48058064778645,52.77413604436984,60.71859460493891,1168.1626499807096,9858.414681758732
vid_000300_frame0000003.jpg,69.37241705246913,86.25547790527344,53.67942250837131,61.911590652890695,1216.2445215639134,10138.706322669052
vid_000300_frame0000004.jpg,67.78108796296296,83.87619018554688,53.2199286030512,61.07511996746303,1254.6056167606725,10637.534392356873
vid_000300_frame0000005.jpg,66.14783179012346,82.54023742675781,52.402034603995794,60.48748497189215,1276.0532465636454,10402.147715043044
vid_000300_frame0000006.jpg,63.262133487654324,80.84368387858073,50.67160731196377,59.57065680128645,1321.024845944218,10422.63476642128
vid_000300_frame0000007.jpg,59.49470100308642,77.93247985839844,48.11231930585485,57.864880139748365,1393.819776329813,10644.870937347412
vid_000300_frame0000008.jpg,58.87215856481482,77.07021586100261,48.006754977457064,57.635978647878304,1376.4878480575917,10313.843281375011
vid_000300_frame0000009.jpg,59.780976080246916,77.34119160970052,48.35149785560527,57.339781858014845,1330.8560844256033,10001.506954219192
vid_000300_frame0000010.jpg,60.98557098765432,79.55196126302083,48.42619718923849,58.32160432869159,1321.0405773425448,9836.865920182085
vid_000300_frame0000011.jpg,59.97740547839506,79.07581583658855,46.8526533225286,56.66672207201204,1305.1805932451077,9827.099885014584
vid_000300_frame0000012.jpg,57.26185185185185,76.22646586100261,45.17676951513611,55.19587579365136,1359.3890716820988,10055.168001170969
vid_000300_frame0000013.jpg,54.167820216049385,73.39009094238281,43.89442040512946,54.3651459738394,1481.5743184220346,10168.966163098812
vid_000300_frame0000014.jpg,52.24168209876543,71.60574340820312,43.210436708447425,54.03670730966158,1529.8146378801428,10336.732183482498
vid_000300_frame0000015.jpg,49.66929591049383,69.71764119466145,41.17681147685992,52.8365041685798,1521.7934340372888,10427.999684928916
vid_000300_frame0000016.jpg,47.02721257716049,67.55759684244792,39.16918055151903,51.069793604773935,1568.2713369501978,10232.746093846625
vid_000300_frame0000017.jpg,45.73197337962963,66.76814778645833,38.04237723062685,50.70350926604164,1591.365574141556,10344.108151770197
vid_000300_frame0000018.jpg,46.99315200617284,68.05867513020833,39.12339748644995,51.61556519749473,1561.5962495281624,10359.982360131107
vid_000300_frame0000019.jpg,49.38014660493827,69.82246907552083,41.09476216936028,53.33841799311106,1506.2567525760019,10564.510897650383
vid_000300_frame0000020.jpg,49.2871662808642,69.28400166829427,41.40072028455065,53.718978716190655,1509.1392727280518,10418.328921403736
vid_000300_frame0000021.jpg,47.97900077160494,68.39753723144531,40.45789562361921,52.83691053444618,1569.9629325801818,10301.507895610295
vid_000300_frame0000022.jpg,47.64061342592593,69.08688354492188,40.208149302134274,53.185199111570334,1547.4564483119802,10226.079183664173
vid_000300_frame0000023.jpg,47.08819830246914,67.49533081054688,39.61435001653165,51.87085874463958,1609.2934179096737,10230.407401508652
vid_000300_frame0000024.jpg,45.49011188271605,66.70569864908855,38.147644997978624,51.08150253468009,1596.442449131811,10050.25719088479
vid_000300_frame0000025.jpg,43.84702546296296,64.95623270670573,36.98280440670834,50.0764921071719,1650.7110021519206,10250.110117718345
vid_000300_frame0000026.jpg,42.829598765432095,63.65006001790365,36.19414415957296,49.054355538096246,1656.0809412550102,10178.996666840278
vid_000300_frame0000027.jpg,40.8930150462963,61.61549377441406,34.25757484462543,46.707425591240295,1673.8137577898608,10165.533404006623
vid_000300_frame0000028.jpg,37.56205439814815,58.7264404296875,31.15930232649461,43.73589505190866,1698.689438798031,9980.305393384537
vid_000300_frame0000029.jpg,32.060831404320986,53.57221984863281,28.312293409490216,40.973142840106945,1767.139454320452,9635.137052025646
vid_000300_frame0000030.jpg,35.17161265432099,57.22339884440104,30.13469673391496,43.137732582402286,1704.0473795931593,9756.013444211334
vid_000300_frame0000031.jpg,40.97384837962963,62.403218587239586,33.48600898823322,45.82417876085552,1638.0549386525847,9815.688349664211
vid_000300_frame0000032.jpg,43.28728587962963,64.79429117838542,34.7981874517225,47.179147404666296,1590.7430707163867,9766.742463519564
vid_000301_frame0000001.jpg,66.16967592592593,84.49397277832031,46.56015058091197,57.15459188680703,1269.399512411989,10508.029052004218
vid_000301_frame0000002.jpg,66.57134837962963,84.71323649088542,46.76657639699937,57.315867740365896,1264.5228425596051,10423.053648069268
vid_000301_frame0000003.jpg,67.87153935185185,85.72364807128906,47.3674793554115,57.76546439529315,1199.3174894525891,9855.224500252865
vid_000301_frame0000004.jpg,64.80077353395062,83.82903544108073,45.57951286316039,56.797778139324514,1217.1171890426742,9978.5543696729
vid_000301_frame0000005.jpg,62.4634587191358,81.80423482259114,44.0867575028073,55.57304483969503,1233.375116942321,9960.538006595336
vid_000301_frame0000006.jpg,61.826448688271604,81.04062398274739,43.49714125969971,54.541482358037754,1096.3760150120029,9090.68968117889
vid_000301_frame0000007.jpg,61.62469521604938,80.67604573567708,43.567471297629396,55.04841178730363,1288.4877693576054,10256.82103674463
vid_000301_frame0000008.jpg,59.1023688271605,78.92065938313802,42.02055350012133,53.73790115644315,1270.472606866748,9793.483600362204
vid_000301_frame0000009.jpg,56.537768132716046,75.87497965494792,40.56662421579693,51.89264880618118,1317.7532760239505,9907.962866618996
vid_000301_frame0000010.jpg,55.028761574074075,74.10074869791667,39.634073939755176,50.80029822884233,1336.5399647995102,10007.47325899615
vid_000301_frame0000011.jpg,49.05936535493827,69.59860738118489,36.516267462762954,48.60202130894193,1432.5926236976154,9874.43561247713
vid_000302_frame0000001.jpg,71.83711612654321,90.76710510253906,50.266228286119556,59.638875458720165,1055.2295418514968,9075.12313517835
vid_000302_frame0000004.jpg,68.4668325617284,86.85551452636719,48.5030817025399,57.19050941433623,1075.7423461009503,8839.680037876358
vid_000302_frame0000006.jpg,63.317386188271605,83.24808247884114,45.7812225329266,55.33049565176237,1186.9445496953433,9139.834301598137
vid_000302_frame0000009.jpg,76.7314911265432,94.5846455891927,53.01143697040266,61.96603863482262,1000.0550032254358,8830.034135635942
vid_000302_frame0000010.jpg,78.1582561728395,95.86159769694011,53.87982474356555,62.88068773939161,973.4319707170567,8713.44610569044
vid_000302_frame0000011.jpg,70.01518518518519,88.23313903808594,49.04065180481408,58.465221472389445,1028.9677999994642,8815.276874444447
vid_000302_frame0000012.jpg,64.09984760802469,83.17922973632812,45.744850339010895,55.37229740858809,1139.0053875171466,9309.507901962847
vid_000302_frame0000013.jpg,65.53766396604938,84.33864847819011,46.6170550733271,56.031357725219024,1120.80929114369,9355.647847018205
vid_000302_frame0000014.jpg,69.88572530864198,88.96629842122395,49.02413427536724,58.59999908921776,1075.169369680447,8986.05595543608
vid_000302_frame0000015.jpg,73.45528163580246,92.09019978841145,50.988251100306464,60.49443959294265,1031.8123638596524,9001.71772675193
vid_000302_frame0000016.jpg,73.52813850308642,91.20814514160156,51.09408241281332,60.11966652910181,1004.5313884066359,8957.44752036198
vid_000302_frame0000017.jpg,71.18672646604938,89.83513895670573,49.796680246287,59.517268706201854,1019.7548735788272,9258.097427368164
vid_000303_frame0000003.jpg,66.68686342592592,87.4658711751302,45.19311735186902,57.54617883354031,1103.313003702498,9179.59358104691
vid_000303_frame0000004.jpg,68.29293016975309,88.18267822265625,46.121866677531266,57.906016308287114,1078.8886818206327,9227.064883320592
vid_000303_frame0000005.jpg,69.85880787037037,89.61102803548177,47.0328033834208,58.755856588395886,1061.9928346674328,9024.417195823044
vid_000303_frame0000006.jpg,69.51838541666666,88.98551432291667,46.8518011887566,58.499357159977876,1044.214654091616,9104.54984818399
vid_000303_frame0000007.jpg,67.68755208333333,87.34855651855469,45.78319696537539,57.48734985828926,1069.4936462255323,9149.78328952915
vid_000303_frame0000008.jpg,67.02320216049382,86.61701965332031,45.344875022723514,56.98745329466886,1100.0061561205619,9382.486436052015
vid_000304_frame0000020.jpg,151.0887962962963,158.57489522298178,68.3566636512228,63.475715986656866,489.27763376615553,9876.686060770415
vid_000304_frame0000021.jpg,153.28004822530863,160.67642720540366,68.1669394129798,63.09066071189093,470.83371291925874,9840.008330102777
vid_000304_frame0000022.jpg,153.66883680555554,160.52014668782553,68.05233907589798,63.16085601621834,478.16396269286776,10122.3409336349
vid_000304_frame0000023.jpg,152.48759066358025,159.38310750325522,67.8093966572533,62.24737092157999,445.510582889627,8831.427895522676
vid_000304_frame0000024.jpg,149.78456211419754,156.7944590250651,67.362844798002,61.691756313598226,467.8150998794368,9515.183727096533
vid_000304_frame0000025.jpg,150.57381172839507,157.36389668782553,67.28073434398429,61.67316016345579,459.611136554784,9153.433346292935
vid_000304_frame0000026.jpg,158.96315586419752,164.65030415852866,67.6178758752449,61.69826336056842,481.55490020947866,8925.353679983877
vid_000304_frame0000027.jpg,159.61469714506174,165.26512654622397,67.49462498921885,61.70965955328279,476.36913023834023,8786.698750137351
vid_000305_frame0000001.jpg,73.24853587962963,89.54962158203125,60.418232824348266,61.1138603764642,1083.0516897557388,9850.609090856276
vid_000305_frame0000002.jpg,73.4275887345679,89.78204345703125,60.421251260056344,61.09328644850833,1085.2010364389091,9732.847302890383
vid_000305_frame0000004.jpg,73.35222222222222,90.38534545898438,59.5822362149705,60.489934223986076,972.0941825788752,9426.72516522347
vid_000305_frame0000005.jpg,73.61946952160494,90.54207356770833,59.84100140585574,60.708852638250306,1005.6890006510416,9517.456274322234
vid_000305_frame0000006.jpg,74.2818074845679,91.47054545084636,60.241791998058304,61.41432161704742,954.734436425346,9568.084263831144
vid_000305_frame0000007.jpg,74.72323109567901,91.02181498209636,60.51701132235685,61.09153131609186,984.8225282407407,9683.090480670333
vid_000305_frame0000008.jpg,72.59960262345679,89.51082356770833,59.460029160296635,60.578191202666666,1052.3909390902295,10242.568357269978
vid_000305_frame0000009.jpg,69.74552276234567,86.55987040201823,58.56992260147103,60.24489517072769,1018.5374855945646,9681.690262498101
vid_000305_frame0000010.jpg,66.1926350308642,84.16635131835938,56.89837521751418,62.02728800261166,1209.1621710128388,12360.806999235414
vid_000306_frame0000003.jpg,122.17023341049382,123.77802022298177,64.35210985933792,68.49367503781134,806.8050705213424,34165.21640913095
vid_000306_frame0000004.jpg,119.57356674382716,121.75626118977864,63.03341419243599,67.68890759968394,840.9533155293195,35847.95995934843
vid_000306_frame0000005.jpg,117.99254822530864,121.29126485188802,62.0848683040078,66.2568421759064,745.5062183556241,32461.770727574825
vid_000306_frame0000006.jpg,115.37648919753086,120.89093526204427,60.9303439744183,65.53012573751806,709.1481046754102,31888.903793752193
vid_000306_frame0000007.jpg,113.03107445987655,118.04001363118489,59.81988643036297,65.07700752047879,707.2366737311386,32364.009407346835
vid_000306_frame0000008.jpg,109.60504050925925,116.17091878255208,58.183405148730266,64.26806823731845,775.3382807270233,33548.616610752186
vid_000306_frame0000009.jpg,106.86543209876544,115.64361572265625,56.531558373153324,61.52976078890891,564.5596502377775,26562.551076850854
vid_000306_frame0000010.jpg,104.54615162037037,114.00584411621094,55.753712469510724,63.02535501673357,712.3998012916011,31301.75474914885
vid_000307_frame0000001.jpg,128.8439737654321,133.9380137125651,62.68373563919509,74.7463405082699,941.8979003303098,31422.75521685346
vid_000307_frame0000015.jpg,127.89336033950617,133.40636698404947,62.24532635825579,74.45256940285607,864.1010114580321,29706.102513823425
vid_000307_frame0000020.jpg,129.21481095679013,134.4068603515625,63.04733373162122,75.35824779812629,916.8797241426611,31150.564962699078
vid_000308_frame0000007.jpg,36.180966435185184,61.44428507486979,36.781654136409465,50.60855268381139,1900.1199606802645,13897.544240697287
vid_000308_frame0000010.jpg,36.67729359567901,63.23611958821615,36.97427651867845,52.30311183000716,1972.962196130689,15685.841512923827
vid_000308_frame0000014.jpg,35.46193094135803,63.406880696614586,34.697807658443345,52.54071912911529,1842.325460561041,12909.766560873948
vid_000308_frame0000019.jpg,33.98272569444445,60.38605753580729,33.935814912482854,50.372276388313395,1742.735762497857,12264.331457707798
vid_000308_frame0000021.jpg,42.22850887345679,70.0454610188802,39.70580561276061,57.13487649846617,1688.6862189693913,16815.443898997968
vid_000309_frame0000002.jpg,39.91492476851852,63.96595255533854,38.40791820446231,58.328205228509,1969.3584586199725,18648.87201426155
vid_000309_frame0000004.jpg,41.34922646604938,64.44644673665364,40.76589658575199,60.00636563495538,1958.854876414475,18607.823217432713
vid_000309_frame0000006.jpg,42.93081790123457,66.16311136881511,39.43457365865237,59.76761494940451,1966.636444929879,18075.28948655352
vid_000309_frame0000008.jpg,45.55746527777778,69.99709065755208,40.467377362663626,63.56984653327584,1918.2478188158743,20472.001762207597
vid_000309_frame0000009.jpg,46.885304783950616,70.92771402994792,40.7677405536914,62.493421474739186,1849.132502578413,18703.01413272973
vid_000309_frame0000012.jpg,42.029456018518516,64.96885681152344,38.869524152038906,60.59417172807449,2032.9813306583023,19965.660563892685
vid_000309_frame0000017.jpg,40.01742476851852,63.445760091145836,36.324491724978884,56.63220319867313,1881.9582932578007,17051.39711088594
vid_000309_frame0000019.jpg,38.558238811728394,62.07715861002604,37.34419194846795,57.55893813626533,1843.2139273854111,16974.65492466744
vid_000309_frame0000021.jpg,36.908931327160495,62.70052591959635,40.56065523130911,60.59759654138024,1990.5899933312103,15681.126585777849
vid_000309_frame0000030.jpg,41.95619984567901,62.6715087890625,43.73751884298318,56.91723498738297,2020.305253857489,14562.347873955034
vid_000309_frame0000031.jpg,58.97877507716049,76.63473002115886,55.30545174564337,67.66210683369431,1730.5823314423656,16299.049007139867
vid_000309_frame0000032.jpg,53.78656635802469,72.40987650553386,52.65320709781515,68.26379385935235,1888.8809237074279,18799.184069750598
vid_000309_frame0000034.jpg,41.69329861111111,63.744405110677086,43.95016034078005,64.86326912880754,1915.8269442406925,18120.4142924638
vid_000309_frame0000035.jpg,52.48174575617284,73.7181396484375,49.88620912091258,69.92745105598752,1747.4193077736181,16515.296110685915
vid_000309_frame0000036.jpg,38.67054976851852,61.38036600748698,39.52391225104506,58.42586817833416,2060.9504625648024,13893.303294488927
vid_000309_frame0000037.jpg,54.563931327160496,77.31039937337239,51.09434574043817,71.60852820959644,1579.212684235113,15471.203824243508
vid_000309_frame0000038.jpg,55.99130787037037,77.19931030273438,52.34156091024566,74.07004784695167,1802.4189507713033,20492.867894705385
vid_000309_frame0000041.jpg,57.9899324845679,79.18145751953125,53.5155812024717,75.52432096118721,1770.9445455970294,20685.093543334864
vid_000309_frame0000045.jpg,54.52041666666667,77.24652099609375,51.142754469259195,75.02576901124415,1703.0164975017951,21579.787877049297
vid_000309_frame0000049.jpg,53.763952546296295,76.84824625651042,51.31085348671161,73.29304304828597,1773.7343331210081,18733.839285310358
vid_000309_frame0000050.jpg,52.79031828703704,76.35600280761719,49.058077370208345,70.57568968796751,1662.2618012683251,14301.060624536127
vid_000309_frame0000051.jpg,33.4887924382716,56.0082041422526,36.2514016034928,55.86296106672332,2118.961767206756,13446.989312066697
vid_000309_frame0000054.jpg,22.927297453703705,43.02935282389323,28.64394909337461,43.403006482320706,2244.638602514649,12055.99306163541
vid_000309_frame0000055.jpg,25.073946759259258,45.0037587483724,31.00230705414138,44.876384588207685,2183.963099189279,11706.670692322543
vid_000309_frame0000056.jpg,30.39652584876543,50.838165283203125,37.080035630085646,51.42051200528606,2040.6447309024763,12778.671920000575
vid_000309_frame0000061.jpg,32.524984567901235,58.18242390950521,38.309619234934814,60.19878337657535,2401.9176418410484,15151.20763741224
vid_000309_frame0000062.jpg,33.63343364197531,58.93767801920573,39.62710601483961,60.306586673459286,2218.524629187531,14710.48577589891
vid_000310_frame0000018.jpg,42.44337384259259,63.758687337239586,41.09742376643038,62.15933161747384,1982.788046151319,22359.110901794396
vid_000311_frame0000001.jpg,34.11806327160494,53.84986877441406,31.69692189093752,41.54935774609309,1891.2954562298726,11005.969045364996
vid_000311_frame0000002.jpg,34.26390817901235,54.0293223063151,31.78455689400686,41.583665332897645,1931.5999671296295,11040.252797297202
vid_000311_frame0000003.jpg,34.33091435185185,54.05868021647135,32.15405609909638,42.84282756270198,1936.2201134868774,11234.6851074507
vid_000311_frame0000004.jpg,34.90261574074074,54.49804178873698,32.755471213103746,43.7278496316134,1947.7443540057816,11246.565556976711
vid_000311_frame0000005.jpg,36.331190200617286,56.58335876464844,33.5704214013832,44.91890716154156,1935.2650903353467,11118.603774893796
vid_000311_frame0000006.jpg,37.34428047839506,57.955780029296875,34.04801375452204,45.24567998572774,1865.5860265977308,10881.285674661165
vid_000311_frame0000007.jpg,38.26126157407408,59.238444010416664,34.58503044851169,46.118699646853194,1863.7241396978684,11314.303626775742
vid_000311_frame0000008.jpg,38.07100694444444,58.82296244303385,34.75940626297552,47.06890011570471,1890.58660999858,11728.085232611746
vid_000311_frame0000009.jpg,38.36416280864198,58.50007120768229,34.92583667641431,46.7697989413308,1853.554931531817,11519.269493188709
vid_000311_frame0000010.jpg,38.88108989197531,59.41065470377604,35.51992287375068,47.74170268193339,1900.5001830225478,11678.645977451466
vid_000311_frame0000011.jpg,39.92416087962963,60.212972005208336,35.080982243541136,44.87157614486566,1854.989283914415,11238.271560844034
vid_000311_frame0000012.jpg,39.73305169753086,60.58110046386719,36.00457790069913,45.43999231823688,1892.799762723946,11462.63191735372
vid_000311_frame0000013.jpg,38.933699845679016,59.76227823893229,35.47367011922799,45.01107173549333,1881.3999226754063,11183.265863284469
vid_000311_frame0000014.jpg,37.74074459876543,58.191731770833336,34.79683573800456,44.0858992242693,1850.188991282974,11099.158396131359
vid_000311_frame0000015.jpg,37.29008680555555,57.89616902669271,34.49331024826259,43.6906248413555,1909.7295610306016,11049.870818955591
vid_000312_frame0000006.jpg,65.48259452160494,90.58416748046875,38.573194685997805,45.02786145118523,328.7268391927083,7191.764871718129
vid_000312_frame0000007.jpg,66.1455787037037,91.3115946451823,38.73775561891023,44.43412500190925,323.3071634675872,6994.18347754702
vid_000312_frame0000008.jpg,64.11238811728396,89.62701924641927,37.37000503503446,44.290462863338874,337.05277758939764,7408.310659169219
vid_000312_frame0000009.jpg,61.19789544753086,86.2728271484375,35.36698817312753,42.34370372747401,323.9245459855109,6771.919992684387
vid_000312_frame0000010.jpg,58.47049768518519,83.88651021321614,33.500282693885,42.233499751901704,333.42133649691357,7649.834526035702
vid_000312_frame0000011.jpg,55.43751350308642,81.19710286458333,31.155747117705182,41.01738586682656,329.34017546775203,7509.116356568178
vid_000312_frame0000012.jpg,51.73644675925926,77.18109130859375,28.730368155486435,39.687900390210416,337.66422020851417,7895.799131675623
vid_000312_frame0000013.jpg,50.64504629629629,76.58987935384114,28.02505106212821,39.827979782320696,336.0928740192848,8024.583044946194
vid_000312_frame0000014.jpg,51.81054591049383,77.26252746582031,29.22037588384227,40.97350010929403,356.04681407452284,8848.609395250678
vid_000312_frame0000015.jpg,54.81565200617284,80.19346110026042,31.296418013530968,41.52139303880307,344.0414014831962,8178.893829107285
vid_000312_frame0000016.jpg,58.28813078703703,83.5025634765625,33.53525311838836,43.57750060641863,353.1496525333023,8910.913766442798
vid_000312_frame0000017.jpg,58.603163580246914,83.14385477701823,34.273085364814456,42.12119888711109,343.318562962963,8009.871047771536
vid_000312_frame0000018.jpg,55.552519290123456,80.29914855957031,32.36856668139811,39.72019398118927,335.55677298870324,7622.553497005021
vid_000312_frame0000019.jpg,51.632912808641976,77.42082214355469,27.382188724417556,36.4440423142966,317.4775248435357,6285.765089190565
vid_000313_frame0000001.jpg,58.56094521604938,84.27089436848958,34.08870318155846,42.83958059977277,357.79254846630124,8131.67884654901
vid_000313_frame0000002.jpg,58.71385609567901,84.62722778320312,33.96635576879446,42.03476932124178,335.1694444561993,7309.336682077497
vid_000313_frame0000003.jpg,57.68632137345679,82.98909505208333,33.29122575974838,41.345681342810785,336.1452640118299,6980.75003017392
vid_000313_frame0000004.jpg,56.60767939814815,81.86130777994792,32.70337834691602,41.49165304053884,349.10343026590226,7715.772671650862
vid_000313_frame0000005.jpg,56.637804783950614,81.77372233072917,32.809189089332044,41.43424781608819,345.353638657106,7747.7413023673
vid_000313_frame0000006.jpg,57.11818287037037,82.07651265462239,33.63070277861028,42.43316841144201,347.51042437615206,7929.083769183373
vid_000313_frame0000007.jpg,59.0407600308642,83.91186014811198,34.9868088772041,43.676901219720236,356.90304831422407,8041.170407525264
vid_000313_frame0000008.jpg,60.86467978395062,85.98677571614583,36.39950198514107,44.52780195080529,363.15633238085,8209.139410722768
vid_000313_frame0000009.jpg,62.56414351851852,87.67237854003906,37.37268287079326,43.99202031221119,337.92205164766455,7278.545975334011
vid_000313_frame0000010.jpg,62.54093364197531,87.85303751627605,37.56443326068176,45.80002945955905,364.65734991198883,8586.473865679465
vid_000313_frame0000011.jpg,62.05858410493827,86.79538981119792,36.97722957369655,44.28029909572909,353.8153831805864,8264.273803366115
vid_000313_frame0000012.jpg,60.59744598765432,85.8138936360677,36.04823718257036,44.068861416540024,354.2562878528151,8246.336817011237
vid_000313_frame0000013.jpg,59.71653935185185,84.48194885253906,35.235133362239154,42.81682433398525,342.9256930779267,7414.9667336940765
vid_000313_frame0000014.jpg,58.75630787037037,84.02666727701823,34.557442628148976,42.61490486551045,346.95389717396336,7648.598619257798
vid_000313_frame0000015.jpg,58.378993055555554,83.19656372070312,34.01544802794193,41.8859787913781,340.3095714633434,7315.219546682201
vid_000313_frame0000016.jpg,57.36094135802469,82.42494710286458,33.220255177408205,41.361966204822856,341.0945837854456,7302.637186970329
vid_000313_frame0000017.jpg,56.42418402777778,81.61764526367188,32.27523327980011,40.85223039836347,340.373821139832,7478.298279016279
vid_000313_frame0000018.jpg,54.822552083333335,80.01951090494792,31.10492503427882,40.47121729453911,345.4614561791356,8211.378650992876
vid_000313_frame0000019.jpg,53.58694830246914,78.90344746907552,29.99597249496378,38.621272273634744,334.62859708705736,6898.362177094212
vid_000313_frame0000020.jpg,52.39629050925926,77.9430440266927,29.094688575273455,39.02186286022502,349.4665792863927,8129.379900319269
vid_000313_frame0000021.jpg,51.48329089506173,76.49232482910156,28.281958299422204,37.731224421112564,341.5945614502623,7328.755525544053
vid_000314_frame0000001.jpg,46.376051311728396,68.34876505533855,43.41028503245767,58.6143401834671,1884.9104357633532,14365.656545983395
vid_000314_frame0000002.jpg,46.72422067901235,68.19271341959636,43.56690584033578,58.56082735146176,1827.6346508966894,14048.081286119064
vid_000314_frame0000003.jpg,48.273398919753085,70.22908528645833,44.82810854286268,57.54210865785338,1844.2556499002005,12476.516091137193
vid_000314_frame0000004.jpg,48.027430555555554,69.84323120117188,44.491913277602016,56.89189676430377,1865.3557525350097,12188.92615698441
vid_000314_frame0000005.jpg,47.773854166666666,70.68598937988281,44.765221047923724,59.84832874393493,1862.906618409074,15954.928585754475
vid_000314_frame0000006.jpg,47.78137538580247,70.82629903157552,44.66931491724733,59.87846174170911,1727.2689391234517,16139.399644221878
vid_000314_frame0000022.jpg,47.874143518518515,71.63179016113281,44.9510063070499,60.60461431987866,1914.8876506783358,16726.430294036865
vid_000314_frame0000023.jpg,44.68947337962963,67.78639729817708,41.340574787467155,55.51111056448584,1953.9414518497088,13250.20683479216
vid_000314_frame0000024.jpg,46.27286072530864,71.03437805175781,42.10395783062418,58.0750963879432,1990.0766612632885,15823.007563039428
vid_000314_frame0000025.jpg,51.38919174382716,74.29008483886719,46.435030255206776,61.437257373552335,1907.1865887771332,15831.986128992401
vid_000314_frame0000026.jpg,50.332675540123454,72.84794108072917,45.624105861968836,60.791628795290706,1883.2089539543413,15584.656556220492
vid_000315_frame0000008.jpg,178.7315798611111,169.01752217610678,55.270323139966564,49.323283536361465,750.440416204474,13644.84413752309
vid_000315_frame0000009.jpg,183.67020061728394,174.14059448242188,55.60247527122253,64.09245963604981,630.2008307547528,14121.427309896797
vid_000315_frame0000014.jpg,197.20146219135802,181.50067138671875,51.544079700611434,72.30994523218007,802.8151203655477,20467.877720749937
vid_000315_frame0000015.jpg,151.03712577160493,143.35338846842447,76.382573595986,82.26768239956715,1105.2513091756352,28129.031287780963
vid_000315_frame0000016.jpg,166.56108217592592,158.60455830891928,54.45060948359027,75.11388023691914,911.7061091740278,28113.184251016937
vid_000315_frame0000017.jpg,147.4871662808642,144.9983927408854,62.39157070732005,78.71024030049814,877.6511290506246,28435.58131549484
vid_000315_frame0000018.jpg,140.89895061728396,142.27269999186197,60.89459967626135,83.55079705318151,1385.9567554539808,43110.992664709454
vid_000315_frame0000019.jpg,143.89319830246913,143.93315633138022,59.586547161726564,82.99917190140211,1372.3601957399635,43888.58342719078
vid_000315_frame0000020.jpg,145.45384066358025,144.28438822428384,60.54947219464617,85.86346929694085,1743.1502447325906,54107.94203029573
vid_000315_frame0000021.jpg,153.0941975308642,150.30461629231772,58.45954240563123,83.91884606005479,1327.749743380775,47861.55070077046
vid_000315_frame0000022.jpg,149.46017361111112,149.1914316813151,56.54227502716562,83.768853674721,1443.3958187451776,48725.03779515601
vid_000315_frame0000023.jpg,152.15600694444444,148.99205525716147,57.4368461067572,80.7975915578291,1238.747786516974,38800.52847754117
vid_000315_frame0000024.jpg,115.53053819444445,117.80978393554688,74.86651720520462,83.39108501875955,1259.6261954691988,33049.3208809942
vid_000315_frame0000025.jpg,113.04959683641975,115.59705098470052,77.44039147562236,85.19009147451244,1376.5126570130315,36829.310969102895
vid_000315_frame0000026.jpg,165.05056712962963,159.1321818033854,58.611809244678135,74.17541103266016,706.3115228040069,21156.601725127548
vid_000315_frame0000027.jpg,160.9517862654321,155.07076009114584,54.810301206406756,81.48673649257697,1157.5952989706577,38225.708935227245
vid_000315_frame0000028.jpg,154.93656828703703,153.58272298177084,54.91302535234061,81.80508158703236,1070.794640421248,39290.64804805792
vid_000316_frame0000011.jpg,99.59161844135802,123.5888163248698,34.849493542905414,60.70273576001563,507.7470504195267,24280.61036678776
vid_000316_frame0000012.jpg,87.44858603395062,118.01230367024739,36.80584626886139,62.1052815424766,570.7289822818876,24947.565976645797
vid_000316_frame0000013.jpg,81.90646990740741,113.21648661295573,39.81271886144299,67.42354334643933,622.070640680727,29508.827106114477
vid_000316_frame0000014.jpg,94.23237461419752,121.96848551432292,40.53844250951581,67.0454215096856,524.3403853416161,26225.10211648699
vid_000316_frame0000015.jpg,70.91635030864198,105.74227396647136,40.468345363933125,68.18839837504673,664.7118845802255,31969.982972069643
vid_000316_frame0000016.jpg,73.85907407407407,107.06344604492188,40.65992929816222,67.05096594509058,580.2820852300614,27391.45790273603
vid_000316_frame0000017.jpg,92.95402970679012,120.59311930338542,40.99622210184882,68.98786529028827,702.8989050681785,33839.76521669235
vid_000316_frame0000018.jpg,73.7015875771605,107.99542744954427,40.74188700891872,68.62869080038553,712.6905154293861,33320.687384478515
vid_000316_frame0000019.jpg,73.20110725308642,107.44927469889323,40.61144535896698,68.03787411306543,700.8393783476066,31689.96151357121
vid_000316_frame0000020.jpg,90.71794174382715,119.60196940104167,41.017550837476136,68.88900829341904,714.8902569395884,33544.42253983556
vid_000316_frame0000031.jpg,78.60454861111111,111.54812622070312,41.080129600367336,69.02029100800554,717.3130870611162,33985.27076541982
vid_000316_frame0000032.jpg,70.82780864197531,103.35255940755208,38.26825694745863,64.5159042421922,509.5674948854047,24465.70430451422
vid_000316_frame0000033.jpg,85.14411458333333,108.64842732747395,38.01010100539822,57.80926302671347,465.00492476798274,19192.60889135301
vid_000316_frame0000034.jpg,74.67622492283951,102.0539042154948,41.26478515828341,64.28984426436824,681.9120756290389,30995.34070244059
vid_000317_frame0000001.jpg,76.59514467592592,108.5537618001302,33.553048367379816,65.72820721426334,497.772848250493,33742.957277502865
vid_000317_frame0000002.jpg,77.50877700617283,109.00875345865886,33.42098672271239,64.98801291772564,420.926825226659,31091.475547967246
vid_000317_frame0000003.jpg,92.61085069444445,118.21805826822917,35.71022327329359,66.31594010014784,482.97502421844865,32960.07588762045
vid_000317_frame0000004.jpg,81.30906828703704,112.48612976074219,34.96713337153848,71.51493306666255,715.4029293969426,48328.319598998874
vid_000317_frame0000021.jpg,64.65329282407407,95.32383219401042,40.36009634628852,63.92356203070857,469.027306069423,26458.576045266353
vid_000317_frame0000022.jpg,77.68353009259259,106.55952453613281,45.640063862350516,67.82840400491293,540.6079138031549,31241.77134488523
vid_000317_frame0000023.jpg,81.16620949074074,107.27417500813802,48.14919609575567,68.47735019260877,516.9452410983782,29125.795571234077
vid_000317_frame0000024.jpg,74.16027391975308,100.87354024251302,48.04119730668186,71.07041959334103,633.6731141010467,34644.221376775764
vid_000317_frame0000025.jpg,70.67707561728395,98.41380310058594,47.598990280333105,70.33434025751409,594.9307607823417,32792.147282264195
vid_000317_frame0000026.jpg,73.41070794753087,99.57338968912761,50.58259710169914,70.30895886121156,583.1837947409965,29043.51931354031
vid_000317_frame0000027.jpg,78.3091300154321,103.15261840820312,51.68373168723527,72.48885631752228,647.2682544560186,34635.256660138955
vid_000317_frame0000028.jpg,78.04397762345678,103.14700826009114,51.72958384249788,72.96677314933832,705.1175047011303,37173.87246268988
vid_000317_frame0000029.jpg,75.33099729938272,101.12884521484375,50.462209983210734,71.53386052183053,647.1038425001273,33583.74668060243
vid_000317_frame0000030.jpg,71.01277584876543,97.80948893229167,49.15147922183375,71.97271452456397,707.3569334999786,36273.14298024564
vid_000317_frame0000031.jpg,70.76415509259259,97.52327982584636,49.068830018048565,72.18745326619317,701.0298631835938,36565.78805374331
vid_000317_frame0000032.jpg,76.2055574845679,101.74894714355469,51.084270212786706,72.7390151945437,718.5583992637268,36781.97406973597
vid_000317_frame0000033.jpg,78.73860339506173,103.72100321451823,51.58763920782913,72.32241086712928,682.6440299467109,35142.37560204393
vid_000317_frame0000034.jpg,78.96103973765432,104.49550374348958,51.818916100369115,73.34358620005378,735.3502630267275,37879.672618653625
vid_000317_frame0000035.jpg,74.3072125771605,100.40376790364583,50.1435586974332,73.01632867640653,714.233729787936,37779.8256968928
vid_000317_frame0000036.jpg,71.54786458333334,98.27341206868489,49.33360005120777,71.53421900886464,686.4276232048129,35191.921899347566
vid_000317_frame0000037.jpg,70.68953317901234,97.6467793782552,48.98142764223583,72.15813311276823,699.3655466458963,36720.800347512355
vid_000317_frame0000038.jpg,75.9581886574074,101.4599609375,50.884140152098674,72.51478123655157,704.9454313109514,36432.302779015154
vid_000317_frame0000039.jpg,78.78825424382715,104.37703959147136,51.671501974309194,72.5458650381924,702.413036869722,35872.962443487486
vid_000317_frame0000040.jpg,78.90538580246914,104.0101318359375,51.671624003566706,72.93475149441643,712.8923399691358,37053.534168770304
vid_000317_frame0000041.jpg,73.77665702160493,100.00643412272136,49.90376015915059,72.63082254364232,713.5522078016494,37384.776252135634
vid_000317_frame0000042.jpg,71.29628279320988,98.04293314615886,49.129418644085646,72.25938347910112,712.4028060592086,37030.100004538894
vid_000317_frame0000043.jpg,70.9447762345679,97.97824605305989,48.964551832302114,71.66426945750649,684.2530752785012,35123.06804517447
vid_000317_frame0000044.jpg,78.39838541666667,103.74759419759114,51.66596354152301,72.78672017141064,726.5783001109181,36849.78187390324
vid_000317_frame0000045.jpg,80.94505594135802,105.3516337076823,52.1951314562951,73.01942039748185,716.9332702302156,36944.79591509118
vid_000317_frame0000046.jpg,80.7242824074074,105.7028299967448,52.12335742025596,72.63640632444174,694.0166780044367,35860.40595388948
vid_000317_frame0000047.jpg,74.4684625771605,100.77205912272136,50.08380569958641,72.69943391524734,718.9458647268036,37681.489324996015
vid_000317_frame0000048.jpg,71.43765625,98.28575642903645,49.10292150467091,72.36176015580742,711.6638689259889,37524.66881272546
vid_000317_frame0000049.jpg,70.90181327160494,98.32472229003906,48.92014539604386,71.63096783765494,687.3504397223495,35566.50139659643
vid_000317_frame0000050.jpg,70.85777199074074,98.20400492350261,48.87409254443655,72.0578122122399,697.5789195360389,36430.799855639925
vid_000317_frame0000051.jpg,78.55816550925925,103.9247334798177,51.50787913431796,72.84466455998366,711.2851884159795,36674.32108448446
vid_000317_frame0000052.jpg,79.08900077160494,104.59873453776042,51.57223930995144,72.96351211087774,725.690435011574,37178.29684442282
vid_000317_frame0000053.jpg,77.61521412037037,102.98858133951823,51.42730014538488,71.31385004868416,535.9717644962263,30037.43462562468
vid_000317_frame0000054.jpg,70.02744212962963,96.72842407226562,49.40539585588233,71.8817184881824,602.3679320954164,32017.86239347956
vid_000317_frame0000055.jpg,68.68915895061728,94.60476175944011,48.79328790110422,71.84881267666624,654.5367882881824,32413.943778424524
vid_000317_frame0000056.jpg,80.2691763117284,103.50028483072917,50.509955852069595,69.4224378265381,559.0701970324021,27390.682335072896
vid_000317_frame0000057.jpg,77.59457368827161,101.29986063639323,47.92900117685861,67.78447086568187,602.6342878324532,29815.016042059055
vid_000317_frame0000058.jpg,76.92595486111111,101.09203592936198,47.67338851969852,68.58201369593345,704.3727820818532,34126.33317940286
vid_000317_frame0000059.jpg,76.48092978395061,100.70627339680989,47.58289358686024,68.0936379044556,721.285192384688,33940.07848018408
vid_000317_frame0000060.jpg,78.18741319444445,102.81085713704427,46.32591298476166,66.03298077391233,558.0152015375501,28394.512444624444
vid_000319_frame0000001.jpg,88.76889146090535,108.70772806803386,26.64412216111016,50.91267219577267,3231.495653930363,30259.448672774946
vid_000319_frame0000002.jpg,89.1693158436214,109.55738321940105,26.389146097090297,49.20141655981363,3071.622251027854,26909.116252192995
vid_000319_frame0000003.jpg,91.40145061728396,110.94992574055989,25.814922251648802,48.788886839307345,3137.5867299344613,28325.405513763428
vid_000319_frame0000004.jpg,93.79825874485597,112.36355590820312,26.43821039094457,50.210042917566824,3247.2780507710695,31505.635331883095
vid_000319_frame0000005.jpg,93.13069187242799,111.91587320963542,24.568569334847933,46.68144677989739,2985.4612737648963,28021.09223198681
vid_000319_frame0000008.jpg,95.46275977366255,113.63077799479167,22.052013242846144,39.107253623218206,2577.5270321901558,16629.525134689175
vid_000319_frame0000009.jpg,94.1321450617284,112.99387613932292,22.29245975576711,37.35395202474324,2694.3878480709877,15792.467580675147
vid_000319_frame0000010.jpg,101.05538580246913,116.95712280273438,22.83389988270103,34.981356972224795,2447.9979573587657,11810.707488386892
vid_000319_frame0000011.jpg,103.71709619341564,120.80731709798177,22.736205262458196,36.51520347759111,2359.0784461371527,11762.361665505683
vid_000319_frame0000012.jpg,101.75636316872428,118.74631245930989,23.895647798020427,39.4616180412576,2581.13360203612,12614.818032366922
vid_000319_frame0000013.jpg,99.16077674897119,117.03857421875,23.827454049370242,39.16544828988616,2630.04932705547,12624.19393645227
vid_000319_frame0000015.jpg,98.39547839506173,115.13798014322917,24.545380540797026,43.82418798667023,2692.499724977078,16250.50442513451
vid_000319_frame0000016.jpg,98.20964248971194,114.659912109375,25.057109833654156,49.00026253160388,2941.190121879048,24807.95936912205
vid_000319_frame0000017.jpg,98.34557098765433,113.90873718261719,25.313324912801388,49.60700450943667,3111.7627275490945,26480.025767540326
vid_000319_frame0000021.jpg,90.45084362139917,108.32916768391927,22.21307939948094,37.37464115340539,2937.9396433098404,17622.369402808836
vid_000319_frame0000022.jpg,93.12679526748971,109.96338399251302,23.327286542710855,41.67556013087403,3136.079702588925,22726.99759113579
vid_000319_frame0000023.jpg,92.60597736625515,109.55520121256511,23.21330001538829,41.765396227596554,3065.5589194777854,22914.257513440214
vid_000319_frame0000024.jpg,92.10857767489712,109.61554463704427,23.391129664888464,42.01143352392331,3129.4075343218924,23397.75066757202
vid_000319_frame0000025.jpg,91.5123816872428,108.99819437662761,22.39314386059516,38.09472603988446,2723.165921107622,14990.695582492044
vid_000319_frame0000026.jpg,90.21187242798354,107.65168762207031,22.43274360368485,39.43867143329315,2899.4973048824854,19253.124209942063
vid_000319_frame0000027.jpg,91.21302211934156,108.76769002278645,23.37172381196831,42.93456627203443,3459.034876934668,26507.979583941167
vid_000319_frame0000028.jpg,91.2322170781893,108.51287841796875,22.96372351911471,41.412262325867694,3259.050011050145,24183.45479414775
vid_000319_frame0000029.jpg,91.9155401234568,110.01290384928386,22.198966912028883,38.710005025173295,3047.0976369598766,20163.177186727524
vid_000319_frame0000030.jpg,92.43836676954733,109.86056518554688,22.525634407495172,41.14981901108142,3269.632694740703,24095.13041511341
vid_000319_frame0000031.jpg,92.84706532921811,109.88877360026042,22.558234615089802,41.055918433534934,3233.971202556775,23220.420259169303
vid_000319_frame0000032.jpg,92.53140174897119,109.72182210286458,22.636691930212116,41.22356490330309,3262.070927147575,24060.10185422725
vid_000319_frame0000036.jpg,92.6075591563786,109.88367207845052,22.46879305794047,40.55085710115028,3104.7730685941906,22117.2937214633
vid_000319_frame0000039.jpg,92.8266975308642,110.18263244628906,22.475692223946062,40.51613375440532,3109.8846927962104,22267.37113402784
vid_000320_frame0000051.jpg,98.54157150205761,122.18634033203125,28.844258709374802,46.38925970209476,2509.5019094192367,16955.53628205112
vid_000320_frame0000052.jpg,92.64605452674897,114.03383382161458,31.052067656269482,50.73114720524409,3177.7729291194537,24162.75602795719
vid_000320_frame0000053.jpg,94.38567386831275,117.46547444661458,30.178246029964672,47.57158268471569,2639.606021411502,17807.82494077063
vid_000320_frame0000054.jpg,94.56627572016461,118.76757303873698,28.682961571003247,47.380992113090706,2816.1955712962963,20827.744025997585
vid_000320_frame0000055.jpg,94.87666409465021,119.01222737630208,28.92628876598189,49.71866317759409,2944.146910643326,25348.2219624063
vid_000320_frame0000056.jpg,94.1168287037037,120.04725138346355,27.885636351661738,46.705457988130036,2610.3810991938635,19285.83871018514
vid_000320_frame0000057.jpg,91.25692644032922,116.45799763997395,28.059980483791538,49.81569502258955,3023.197111110575,25565.93309667334
vid_000320_frame0000058.jpg,93.02874485596708,118.05025227864583,28.706405700818838,52.61772889647999,2926.63396518484,27890.205403681844
vid_000320_frame0000059.jpg,93.88762602880658,116.96947224934895,29.37888461613424,53.37708157615673,2390.730062037037,24447.232004903024
vid_000320_frame0000060.jpg,93.44457304526749,115.49635314941406,30.77005633977781,60.550664926126565,3369.4741168638543,42533.30689509865
vid_000321_frame0000003.jpg,60.53506687242798,88.12748209635417,26.97579342314671,33.697856401643115,2913.300706844362,8497.707338094711
vid_000321_frame0000007.jpg,58.7504938271605,86.28741963704427,27.1929775786236,34.1329143660182,2986.015710004608,8637.459187380038
vid_000321_frame0000013.jpg,62.93486882716049,89.85493469238281,30.97556092631531,36.733037972046496,3068.5511759253905,9124.866456312826
vid_000321_frame0000014.jpg,60.80807355967078,87.61573791503906,29.733355359406467,36.25803332770498,3054.8008166666664,9130.100858873688
vid_000321_frame0000015.jpg,60.08844393004115,87.0116678873698,29.17399289286974,35.96585181692552,3013.6408988337807,9195.141796327196
vid_000321_frame0000020.jpg,61.78304012345679,88.75306701660156,30.831533588055496,37.02611964578398,2938.132111689279,9127.005949242972
vid_000322_frame0000002.jpg,88.11832561728394,109.40685017903645,27.323926952958264,35.712304081252505,2741.8670626419375,14748.548529743915
vid_000324_frame0000025.jpg,90.77957818930041,112.98900349934895,42.050151624862515,52.88273893318141,3138.1425039122632,18932.185509409755
vid_000325_frame0000005.jpg,66.61152777777778,94.25148518880208,25.04648127195164,30.326100159811816,3100.12368205441,11048.171230980894
vid_000325_frame0000012.jpg,63.84454989711934,90.35324605305989,25.189175699205244,29.241970749838256,3176.27072434747,11064.07509318646
vid_000325_frame0000019.jpg,66.45322273662552,92.59213765462239,25.526762929788795,29.39826353021644,3089.0131320082087,10681.350915100425
vid_000325_frame0000025.jpg,65.11845164609053,92.15101623535156,25.492902305798186,29.77610263502413,3211.235924363426,10876.37696628808
vid_000325_frame0000034.jpg,63.90117541152264,91.13351440429688,25.67785750218188,30.614936202436155,3198.663363374427,11062.120884299045
vid_000325_frame0000043.jpg,67.72448559670782,93.87546284993489,26.766799121845263,30.31712940076527,3016.4320419667356,11289.210727227619
vid_000325_frame0000049.jpg,68.83691872427984,95.29144287109375,26.250944607177747,30.97885611151611,2937.6624304067113,10765.395391932689
vid_000325_frame0000060.jpg,63.013305041152265,86.59124755859375,22.46730043691013,31.076789093589216,2973.9732904089988,11351.14345303527
vid_000326_frame0000004.jpg,73.18518518518519,99.3426513671875,25.135843107215692,29.902767222832107,2787.1816060951437,10812.066913828254
vid_000326_frame0000006.jpg,77.73948559670782,103.31003316243489,24.17926656514613,28.716448320380497,2515.8017328860287,10422.30132600572
vid_000326_frame0000008.jpg,76.31695987654321,101.9669189453125,23.292721037034074,28.48185490022081,2646.938499985652,11164.80088227219
vid_000326_frame0000010.jpg,73.20449331275721,99.43982950846355,23.31230282136091,28.465736913253316,2767.9987287436534,11389.229148640297
vid_000326_frame0000013.jpg,75.73292438271605,100.54231770833333,23.728828560927987,28.773829034171545,2742.878164913885,11871.782690476393
vid_000326_frame0000022.jpg,78.10698302469136,102.73067220052083,24.072447187252173,30.18962630355462,2762.2357318234644,12601.883164390689
vid_000326_frame0000032.jpg,71.49082818930042,97.42258199055989,25.183433488237647,29.811630875750435,2766.00913699554,10334.440214276081
vid_000329_frame0000001.jpg,74.20849279835392,99.28105163574219,31.85111532135005,42.28656547941412,4352.780823449586,20755.10351985693
vid_000329_frame0000016.jpg,78.28770576131687,104.3336181640625,31.738881726598173,43.76796839192202,4498.248443549001,22381.154605844757
vid_000329_frame0000028.jpg,77.5649408436214,105.34383138020833,30.23876590995057,43.12978318074776,4370.289215499197,22751.214674303075
vid_000330_frame0000006.jpg,84.02868569958848,107.40840657552083,21.132819556763003,29.028545018852036,2665.2485949711718,11268.090010217391
vid_000330_frame0000016.jpg,85.75310442386831,108.35943603515625,22.32903857918614,31.053736995269936,2729.23963573668,12669.191654857015
vid_000330_frame0000020.jpg,83.79418724279836,105.19615681966145,22.662027874047748,32.707707867277044,2852.433874879734,14862.325591257773
vid_000331_frame0000158.jpg,73.04136574074074,96.18398030598958,25.65707681771689,28.57980194944787,2888.344570861673,11431.657963216305
vid_000331_frame0000159.jpg,73.20740483539095,96.23259989420573,25.476700305181158,28.298933918442938,2842.5762283929184,11261.444696791237
vid_000331_frame0000160.jpg,72.56330504115226,95.20365397135417,25.58643896142855,28.006187272605185,2887.1578524204942,11262.278387486935
vid_000331_frame0000161.jpg,73.14664351851852,95.48834228515625,25.30482843000308,27.968996347309456,2904.159999279597,11242.283389582299
vid_000331_frame0000162.jpg,73.35715020576131,96.42052205403645,25.44215925178278,28.667969555274073,2921.772750959981,11648.640640258789
vid_000331_frame0000163.jpg,73.70776234567901,96.73892720540364,25.38838313851366,28.287541419594206,2879.756359041829,11422.685765953502
vid_000331_frame0000164.jpg,72.72706018518518,95.49565124511719,25.365673340195837,27.67434692547852,2911.780022289857,11069.30420502252
vid_000331_frame0000165.jpg,72.89185956790124,95.16540018717448,25.256236050796044,27.549199186370355,2945.8490756341926,11259.208372942172
vid_000331_frame0000166.jpg,74.43763888888888,96.91301981608073,27.18171021755401,30.312941090261774,2785.437711189641,11284.251375771128
vid_000331_frame0000167.jpg,74.91530864197532,97.80956522623698,26.47917378330192,28.772352551366144,2855.3876555426364,11046.66899762093
vid_000331_frame0000168.jpg,74.3945396090535,96.54361979166667,25.452886447659804,28.411021390609225,2896.8168972216868,11460.254866581177
vid_000331_frame0000169.jpg,74.82022119341563,97.23891194661458,25.184383828872253,28.526218942851767,2840.211299522689,11442.358471801272
vid_000331_frame0000170.jpg,75.1298096707819,97.71701558430989,25.17556821285903,28.319143887173617,2941.38481491716,11475.443715953967
vid_000331_frame0000171.jpg,74.81289094650205,97.12802124023438,24.946619048089346,27.233741665557446,2874.6326272709953,10947.111327398336
vid_000331_frame0000172.jpg,74.98984310699589,97.81201680501302,24.625445562722867,27.216962503896717,2898.9722144109132,11161.410829644417
vid_000331_frame0000173.jpg,75.47292952674897,98.50963846842448,24.576651795673357,27.19312959322418,2840.0552383515633,11099.496346882544
vid_000331_frame0000174.jpg,75.23140432098765,98.78190104166667,24.443990029090706,27.075314247199575,2883.420645574643,10908.45240094862
vid_000331_frame0000175.jpg,74.87702160493828,98.04860432942708,24.429500162021323,27.261615625796395,2908.421542604917,11218.167030765675
vid_000331_frame0000176.jpg,75.00741255144032,98.48402913411458,24.585395950142324,27.466359581648643,2858.979795162466,10934.91316145286
vid_000331_frame0000177.jpg,75.51999742798354,98.11365254720052,24.623044329185426,28.13704905330812,2840.8243709228177,11200.232765976107
vid_000331_frame0000178.jpg,75.25950102880658,98.23529052734375,24.714472979372776,28.864124663099712,2881.659766050752,11430.195816054707
vid_000331_frame0000179.jpg,74.01702417695473,95.34536234537761,25.679538735401685,29.38243708417783,3032.584325224277,10983.766741868109
vid_000331_frame0000180.jpg,72.76378858024691,94.26993306477864,25.643278063141896,31.233131301833275,2989.772166023603,11616.281205074629
vid_000331_frame0000181.jpg,72.08613683127572,94.31968688964844,25.42963498735935,30.413901597120333,2963.9156234375,11338.531116993865
vid_000331_frame0000182.jpg,71.26776491769547,93.83420308430989,25.22184087642623,29.95441589220142,2944.9592161822106,11241.501752517885
vid_000331_frame0000183.jpg,71.38525462962963,93.30258687337239,25.189257033897043,29.818712211680676,2903.366176267373,11183.078621651977
vid_000331_frame0000184.jpg,72.03077417695474,94.07778930664062,25.151281004761675,29.6885060385275,2904.1722851851855,10983.463787961518
vid_000331_frame0000185.jpg,72.97035493827161,95.02388509114583,25.204500132548397,29.24634234265278,2915.2251898290438,11006.909305795794
vid_000331_frame0000186.jpg,73.9848353909465,96.089599609375,25.163144559230002,29.585274727456266,2893.0285260609567,11178.182927485555
vid_000331_frame0000187.jpg,75.00666152263375,96.92624918619792,25.259296395377845,29.831370193977776,2888.647537145395,11187.911357978126
vid_000331_frame0000188.jpg,74.95489197530864,96.84000142415364,25.070286530202196,29.854599113713753,2899.9095268546503,11393.87745207455
vid_000331_frame0000189.jpg,74.54622427983539,96.60931396484375,24.868536407032238,29.347714969711326,2938.074249493634,11374.236537735676
vid_000331_frame0000190.jpg,73.73000771604939,95.61536153157552,25.12090123293917,29.730727462029243,2990.211509835045,11419.349407613277
vid_000331_frame0000191.jpg,71.65183127572017,93.98418680826823,24.89528620950186,29.119979127588834,2969.25705670814,11192.56166963256
vid_000331_frame0000192.jpg,71.298158436214,93.72253926595052,24.66547671269724,28.651741274012,2937.38160926688,11040.376162793487
vid_000331_frame0000193.jpg,72.34715020576132,94.66419982910156,24.805760878128094,29.030036641895492,2973.5100453660243,11299.102375134826
vid_000331_frame0000194.jpg,72.6443287037037,95.04001363118489,24.808758710009254,28.864547816130727,2901.1800770173654,10963.970766550861
vid_000331_frame0000195.jpg,73.6100925925926,95.43129475911458,24.821680794015265,28.9643070135991,2904.758499725592,11050.240290285787
vid_000331_frame0000196.jpg,74.63972736625514,96.42226155598958,24.948758554758058,28.791057237191453,2939.1211953517354,11119.791809055721
vid_000331_frame0000197.jpg,74.34460905349795,96.7561747233073,24.96178920923284,29.530150055288086,2958.289352823264,11448.151124899974
vid_000331_frame0000198.jpg,73.36950360082305,95.5357666015625,25.12296574715255,29.521255377948552,2959.7383078031526,11179.415592090925
vid_000331_frame0000199.jpg,72.82208333333334,94.88585408528645,25.286656804061483,29.378476316750643,2944.66103412917,11051.120467722183
vid_000331_frame0000200.jpg,72.12866769547325,94.67283121744792,25.31489477163669,29.985632545528063,2945.030689000283,11107.249555735849
vid_000331_frame0000201.jpg,72.15756430041152,94.36269124348958,25.449232853118055,30.023928209354782,2949.3495457461117,11313.217602617107
vid_000331_frame0000202.jpg,71.41692644032922,93.98262023925781,25.395640098774475,30.039467143236422,3025.7105012573707,11316.857402070425
vid_000331_frame0000203.jpg,70.39983796296296,92.96716817220052,25.298844466740864,30.005742610244496,2994.9759249994636,11385.214853029465
vid_000331_frame0000204.jpg,71.38189814814815,93.68262227376302,25.3635267702304,29.64806531003182,3022.1822568298944,11224.048345234245
vid_000331_frame0000205.jpg,72.21923096707819,94.6112060546875,25.47916967788456,30.063619726047815,2927.867151298332,11569.954352689674
vid_000331_frame0000206.jpg,74.4952829218107,95.9241231282552,25.413836381015464,30.234126027589372,2852.2948187919146,11221.011574833654
vid_000331_frame0000207.jpg,76.8305066872428,98.22623697916667,25.595713092316323,30.552867906643296,2874.581015803553,11731.310267075896
vid_000331_frame0000208.jpg,76.18616769547324,97.95645141601562,25.361594900757915,30.83107130426836,3018.8994768432194,11930.119359731674
vid_000331_frame0000209.jpg,74.69436728395061,96.59945678710938,25.073078769311486,30.537627245167815,2974.2010088686343,11624.51261665835
vid_000331_frame0000210.jpg,72.15450874485597,94.85094197591145,24.88916021657714,29.865250805850273,2935.192012943673,11171.627334356308
vid_000331_frame0000211.jpg,69.49927726337448,92.74151611328125,24.063740043239292,28.281333974257826,2994.0768854237513,11123.259629457258
vid_000331_frame0000212.jpg,73.57097736625515,95.98664855957031,24.738116577499525,29.71930262316619,2986.570071702044,11657.035455500474
vid_000331_frame0000213.jpg,74.54279063786008,97.34984842936198,24.767037620603844,29.71005836465532,2921.084957310183,11352.63293152838
vid_000331_frame0000244.jpg,72.20349022633745,94.40122477213542,27.375140484060054,30.27389866794868,3000.086866482815,10538.378619796596
vid_000331_frame0000245.jpg,71.73049125514403,94.32530721028645,28.071898454411667,31.767343985413,3112.8958612244696,11193.18038616865
vid_000331_frame0000246.jpg,71.59578703703704,93.50869242350261,28.086361007395997,31.574327335528817,3056.9046273504778,10980.811555560678
vid_000331_frame0000247.jpg,70.77292695473251,93.10615539550781,27.997865725037254,31.55289272669471,3128.8752387152776,11285.5226653656
vid_000331_frame0000248.jpg,70.73628086419752,92.84066263834636,27.73837658462991,31.15398934708554,3169.6224164930554,11267.848711937433
vid_000331_frame0000249.jpg,70.69345936213992,93.16698710123698,27.350023254740957,30.96231369613261,3166.3532637517146,11190.633576757973
vid_000331_frame0000250.jpg,71.56874742798354,93.95340983072917,26.969625807155296,30.413250169935733,3074.3163983193776,11073.477353437804
vid_000331_frame0000251.jpg,72.28093878600824,95.06666564941406,26.582801493254845,30.304046623628246,3087.425134411437,10995.152227163315
vid_000331_frame0000252.jpg,73.03914351851851,95.88488260904948,26.166186855453457,29.610523795540352,3000.523934702932,10754.643520355225
vid_000331_frame0000253.jpg,73.93320216049382,96.44864400227864,26.007106509078692,29.59403147436826,2995.3468368424687,11028.168829923263
vid_000331_frame0000254.jpg,74.4802829218107,97.27342732747395,25.876541367227418,29.276405096496987,3010.3934891888975,11034.5728986701
vid_000331_frame0000255.jpg,74.12854938271605,96.89525349934895,25.296595514090992,28.956008592463142,3043.990734392623,10870.333117708564
vid_000331_frame0000256.jpg,74.20004629629629,97.30113728841145,24.812587800798656,28.496497657644667,3054.601805894681,10840.373144373298
vid_000331_frame0000257.jpg,75.59845164609054,98.59944152832031,24.61238780380866,28.174694759262746,2983.954280115216,11023.009593616938
vid_000331_frame0000258.jpg,77.37801697530864,101.14513142903645,24.36549069078217,28.102933583451925,2966.7168186547406,10967.725716880523
vid_000331_frame0000259.jpg,78.47011316872428,102.60568745930989,24.236121389949034,27.74358597781369,2883.2730488420566,11092.664175200975
vid_000331_frame0000260.jpg,78.5304938271605,102.65593973795573,24.060127145853848,27.646097499792766,2855.594189618996,10797.049574330216
vid_000331_frame0000261.jpg,76.78747685185185,100.49444071451823,24.031265130397696,27.911959510983504,2929.8822165394354,10956.711409850977
vid_000331_frame0000262.jpg,75.26076388888889,98.5864969889323,23.976670087190413,27.894348913265464,2967.5729132967895,10844.866545677185
vid_000331_frame0000263.jpg,74.9741255144033,97.45303344726562,23.987552590383775,27.754149192474493,2999.309949047818,10841.427142986795
vid_000331_frame0000264.jpg,73.80442901234568,96.62831624348958,24.078319097238882,27.777378891927857,3001.616521499914,10721.043885423802
vid_000331_frame0000265.jpg,72.32231995884774,95.88039143880208,23.767456629134532,27.63523408529389,3029.1764637673728,10845.717630710453
vid_000331_frame0000266.jpg,71.78667438271604,95.49603780110677,23.46212732514551,27.860183853072858,2957.7078681840967,11064.819670349127
vid_000331_frame0000267.jpg,74.18784979423869,97.41030375162761,23.672951271859304,27.644140567655636,2890.3812184153994,11440.266453528544
vid_000331_frame0000268.jpg,75.12903549382716,98.17176818847656,23.876952736073218,27.975767113989658,2975.6406028082606,11189.458100491902
vid_000331_frame0000269.jpg,74.81292438271605,98.1940409342448,24.08857839713459,28.33984683141984,2963.049195637515,11043.174402786186
vid_000331_frame0000270.jpg,72.95976594650206,96.42262776692708,24.4056181349737,28.77521707201278,2930.23100360505,11452.990065827034
vid_000331_frame0000271.jpg,73.74300154320987,96.6132100423177,24.385919072600682,28.44909477835231,2917.547256890861,11165.152572672581
vid_000331_frame0000272.jpg,74.15672839506173,96.86299641927083,24.45046314784932,28.897653535189168,2897.731693672304,11266.256289040437
vid_000331_frame0000273.jpg,74.97925154320987,97.90965779622395,24.300356672675328,29.027594523208347,2875.867700456294,11269.256013680017
vid_000331_frame0000274.jpg,74.36056841563786,96.9781494140625,24.482950273624542,29.474544092146957,2955.5022210047423,11661.641315367073
vid_000331_frame0000275.jpg,72.98076646090534,96.30774943033855,24.67569592893272,29.131677416069497,2952.3209671772597,11328.911825387739
vid_000331_frame0000276.jpg,71.38703703703703,94.3344217936198,24.87738080644246,29.43671674974482,2984.3408045952765,11217.135882640025
vid_000331_frame0000277.jpg,70.20123199588477,93.45442708333333,25.088299455577317,29.83381055737918,3016.311072007887,11488.388938437914
vid_000331_frame0000278.jpg,70.74643004115227,93.86436462402344,25.19728990041097,30.088170164758584,3037.179018903785,11699.638305044733
vid_000331_frame0000279.jpg,71.07170524691358,93.49416605631511,25.60861359686326,30.109617180821942,2928.5674968411827,10857.381190752378
vid_000331_frame0000280.jpg,69.13199074074075,91.3042704264323,26.33567824861796,31.94344959197539,3077.2751873256148,11681.247352286242
vid_000331_frame0000281.jpg,65.76302983539095,88.18010965983073,24.82617911026905,30.0321920933952,3167.0856299608954,11098.396377134835
vid_000331_frame0000282.jpg,66.69092335390947,89.12404886881511,25.136842640707957,31.150358525770933,3221.292605926831,11853.033158328384
vid_000331_frame0000283.jpg,67.32490997942386,89.39004516601562,24.97400360035158,30.361213056163866,3136.432737615681,11575.234069063328
vid_000331_frame0000284.jpg,67.21552983539095,90.03819274902344,25.041398492373432,30.603549817083238,3242.5969145418353,11933.118723860942
vid_000331_frame0000285.jpg,67.85423868312758,90.32921854654948,25.171031089481406,30.163308900257356,3229.949092213875,11630.079385972582
vid_000331_frame0000286.jpg,67.85824845679012,90.7964375813802,25.079196094920732,30.295511359761004,3151.2465105937904,11396.963464286178
vid_000331_frame0000287.jpg,67.62260802469136,89.74768575032552,25.15385380623023,30.53282079311032,3255.6940330816087,11687.375030136667
vid_000331_frame0000288.jpg,66.80588734567901,89.2359619140625,25.13204526879296,31.049675569657268,3234.960575697064,12024.991141224047
vid_000332_frame0000001.jpg,88.5045396090535,114.47390747070312,43.90552890098327,62.75587645170955,6034.975896850471,43370.54145992338
vid_000332_frame0000002.jpg,88.59983796296297,115.22166442871094,43.41102664101878,62.394305186245475,5179.652116719477,40833.07133668661
vid_000332_frame0000003.jpg,87.26521090534979,114.57737223307292,44.00534657712872,63.041131817327674,6425.348497658931,44001.74368691235
vid_000332_frame0000004.jpg,91.41743569958848,118.41642252604167,39.11149731512395,56.94758581526267,4871.092224792095,33390.68320385902
vid_000332_frame0000005.jpg,88.71143261316872,115.15719095865886,33.59754130657177,46.939305663867316,4375.384434333502,25836.100213109516
vid_000332_frame0000006.jpg,86.50634516460906,111.2719217936198,33.78654005601925,46.882196198766806,4783.792832837982,27349.608992378926
vid_000332_frame0000007.jpg,83.778420781893,107.82334391276042,30.9704888632369,39.51437736802188,3232.01263368389,16541.294550105697
vid_000332_frame0000008.jpg,81.34545267489712,104.82526143391927,30.77742410046861,35.427634962177144,3195.620786129627,13666.756649132585
vid_000332_frame0000009.jpg,79.75817901234568,103.08231608072917,31.577723612968178,33.23197366501467,2715.295570230279,10401.120080180233
vid_000332_frame0000010.jpg,85.76042181069958,107.68408711751302,33.55423622969056,33.87563131647019,2620.2600138307803,11022.092777933693
vid_000332_frame0000011.jpg,87.452137345679,109.33732096354167,33.6648620300718,33.561773546760215,2522.2099381358003,10364.150307284435
vid_000332_frame0000012.jpg,88.82438786008231,110.02588907877605,33.75852306473309,33.194364363907155,2528.9855761164454,10861.366133436328
vid_000332_frame0000013.jpg,89.09072788065843,110.26205952962239,33.42524306425229,33.2244062396469,2500.421686528112,10641.183230652474
vid_000332_frame0000014.jpg,88.24042695473251,109.64195760091145,33.45541176800371,33.43780528568521,2567.2241528463055,10748.515283923363
vid_000332_frame0000015.jpg,88.19377057613168,109.69980367024739,33.480252291444955,33.259057600565455,2581.104523746797,10726.210971522843
vid_000332_frame0000016.jpg,87.85873456790124,109.59612528483073,33.59080260110401,33.58690195828617,2549.9317335361775,10760.882976315683
vid_000332_frame0000017.jpg,87.0993492798354,108.59823608398438,33.62041206768969,33.873860557941825,2601.61041774096,10904.78306096769
vid_000332_frame0000018.jpg,86.35273405349794,108.12323506673177,33.66631783806959,33.57900908549231,2584.007222547952,10819.744028363144
vid_000332_frame0000019.jpg,86.35381172839506,107.9381103515625,33.4968993463652,33.62165590330927,2541.393069930032,10743.46640446689
vid_000332_frame0000020.jpg,86.37194444444444,107.97591145833333,33.77664884390525,33.452098393762036,2550.6702622085045,10762.862176302588
vid_000332_frame0000021.jpg,88.13247427983539,109.59303283691406,33.85975883650704,33.82407704805816,2577.004042152254,10656.521635122364
vid_000332_frame0000022.jpg,89.75232253086419,110.72132873535156,33.80717594045402,33.337957001515825,2532.130633930553,10725.040541779017
vid_000332_frame0000023.jpg,90.61154835390947,111.71228535970052,33.490916868996834,33.518442560000636,2483.324107224449,10596.71258871234
vid_000332_frame0000024.jpg,89.48825874485597,111.05226135253906,33.305366832982834,33.30265642742484,2532.7273277739673,10933.235902216053
vid_000332_frame0000025.jpg,88.27438271604939,109.84277852376302,33.1286357913003,33.319197477233395,2460.59251348969,10181.306069678627
vid_000332_frame0000026.jpg,85.26353909465021,107.58909606933594,33.1209707049442,33.320083932771134,2567.675175444328,10264.755500387168
vid_000332_frame0000027.jpg,82.75194187242798,105.56867980957031,32.8409239139731,33.47159375019598,2553.4427669166644,10313.75026679039
vid_000332_frame0000029.jpg,84.04905606995885,106.79403686523438,32.80941871103969,33.89218291146463,2467.97265403372,10869.72158382833
vid_000332_frame0000030.jpg,81.32297067901234,106.40018717447917,35.839048182272926,39.92212721561871,2792.175422724242,13443.701634838246
vid_000332_frame0000031.jpg,81.43512088477367,106.02722676595052,35.824668038700985,39.82662374823353,2937.0432698544787,13772.380794033408
vid_000332_frame0000051.jpg,67.7018029835391,89.1331075032552,39.34060602936209,47.42600569430801,4935.009633161627,25177.417033180594
vid_000332_frame0000052.jpg,63.424531893004115,85.8774922688802,30.057454739698503,35.118059209986654,4238.6636968235,16000.78292997717
vid_000332_frame0000053.jpg,69.54626286008231,91.77166239420573,30.727498620554393,35.525437405894984,4063.594726441699,16691.104750997387
vid_000332_frame0000054.jpg,71.14700874485597,92.98498026529948,30.789482265238668,35.3409984105428,3949.832046729193,16596.96320235147
vid_000332_frame0000055.jpg,73.00020061728395,95.29047139485677,30.268040312564754,34.50437173237311,3704.8075517746915,15678.446524180239
vid_000332_frame0000056.jpg,75.82420781893003,98.3843994140625,30.10804519019656,34.4210147623913,3491.6375292432917,15583.44284745655
vid_000332_frame0000057.jpg,78.51533950617284,101.18199666341145,30.212631176393508,34.599695595770434,3420.852135816699,15806.860225110315
vid_000332_frame0000058.jpg,77.86124228395062,100.87728373209636,29.714061840995004,34.28704866356626,3316.336172696557,15250.841401925078
vid_000332_frame0000059.jpg,77.22205504115226,100.57418823242188,29.212461309804176,34.08618459727914,3059.727006925154,14258.195399092278
vid_000332_frame0000060.jpg,77.69140432098766,101.1812032063802,28.50687124198842,33.443848000924405,2982.913537568349,13839.475885178894
vid_000332_frame0000061.jpg,80.29994598765433,103.68858846028645,29.617170077027417,34.436676699901405,3099.8256366083083,14713.952452059835
vid_000332_frame0000062.jpg,85.02953446502057,108.25721740722656,30.690549939615522,35.76642359497811,3027.2542577112263,15143.278529759496
vid_000332_frame0000063.jpg,85.20054269547325,108.40673319498698,29.350011062976446,33.761740652245535,2824.134481673847,12798.283147081733
vid_000332_frame0000064.jpg,82.75712191358025,107.15797932942708,27.440322067221306,31.63707326082235,2697.4134269202004,11371.204485608032
vid_000332_frame0000065.jpg,85.32936213991769,109.26041666666667,27.297198016499465,31.658776354319524,2791.380562394976,11424.260010866215
vid_000332_frame0000066.jpg,92.12345679012346,115.87415059407552,27.829785206410847,32.015310209809755,2646.980883807668,11374.705112084746
vid_000332_frame0000067.jpg,89.47727880658437,114.16714477539062,27.558185511488986,32.72264430387605,2627.6285530025907,11524.541397980414
vid_000332_frame0000068.jpg,85.40614197530864,110.11236572265625,28.68442552730828,34.92472385498153,2829.2841084809866,13251.332158408826
vid_000332_frame0000069.jpg,79.42069187242798,104.58027648925781,29.76474893478764,36.32532170216806,3194.077974491253,14572.699397204211
vid_000332_frame0000070.jpg,77.73005144032922,103.04932149251302,30.697464124925002,37.0020501697372,3309.6358693177494,15113.918169559678
vid_000332_frame0000071.jpg,79.37014403292181,103.77305603027344,31.6943649912958,37.706391869933576,3448.2966851508922,16084.651728305733
vid_000332_frame0000072.jpg,80.60413323045267,104.95025634765625,31.894330818643628,38.0397915892857,3576.855799380573,16227.361748433672
vid_000332_frame0000073.jpg,81.67877829218106,105.6758321126302,31.651646425578193,37.65650889513964,3464.625690390601,16362.395431723446
vid_000332_frame0000074.jpg,82.05001543209876,105.93775939941406,31.01283425251951,36.42460330714975,3369.7960503998534,15107.13929273095
vid_000332_frame0000075.jpg,79.84895576131687,103.58444722493489,29.626480089089835,35.25327323147083,3448.7819581356102,14836.452846325003
vid_000332_frame0000076.jpg,76.98495627572017,101.53490702311198,28.436461689508246,33.734808655576856,3358.7215473165297,14005.666585347615
vid_000332_frame0000077.jpg,77.6820396090535,101.77031962076823,29.048228388080492,33.66744984057259,3387.4753152000812,14383.588488883339
vid_000332_frame0000078.jpg,78.61277520576132,102.88642883300781,29.162896191277945,34.02208538960643,3487.4250498628257,14922.825974091887
vid_000332_frame0000079.jpg,80.23671553497942,104.82412211100261,29.04796262970209,33.999389143185546,3350.1987796972644,14360.761366672581
vid_000332_frame0000080.jpg,85.20382973251029,108.30120340983073,29.58706687001956,35.0364399476152,3383.624792502036,15638.80066975928
vid_000332_frame0000081.jpg,91.0212962962963,113.73184712727864,29.613900903371,35.752627382447216,3275.171719428667,15386.988577967277
vid_000332_frame0000082.jpg,90.82323302469136,113.5375467936198,28.738752869640738,35.66884971161822,3078.2129786236264,14754.531551925233
vid_000332_frame0000083.jpg,84.92068930041152,108.81536865234375,27.754988261449103,35.068734669746455,3229.8342128019735,14726.925056151114
vid_000332_frame0000084.jpg,82.69855967078189,106.49217732747395,26.971537600182238,34.64299518401182,3238.187913271605,14362.476074217819
vid_000332_frame0000085.jpg,82.9262962962963,106.56746927897136,27.479642668340837,34.925195083311024,3334.166317840268,14530.324227388948
vid_000332_frame0000086.jpg,87.65583333333333,110.297607421875,27.978531524372183,35.411524911679415,3192.6325116383146,14586.29777138657
vid_000332_frame0000087.jpg,92.8003086419753,113.96780395507812,28.60077653891621,35.368937963409124,3095.053492707798,14884.181791219627
vid_000332_frame0000088.jpg,100.47251543209876,120.01059977213542,28.53604212850556,36.06678651542341,2991.9916569501006,15085.076237901812
vid_000332_frame0000089.jpg,96.71469907407408,117.3096415201823,27.496457122829327,35.702701011478766,2989.4999947868446,14969.72994738724
vid_000332_frame0000090.jpg,91.33164351851852,113.86109924316406,27.63056881517056,36.12804386883421,2978.23383887722,14528.315498194657
vid_000332_frame0000091.jpg,87.22709362139918,109.7447001139323,27.553261319693487,35.39776112558322,2969.6688215963654,13785.318373929476
vid_000332_frame0000092.jpg,78.9870138888889,102.98738606770833,27.636181955341392,35.13420842007656,3267.40457258421,14373.485100073507
vid_000332_frame0000093.jpg,82.04935956790123,105.18243408203125,28.20708628006151,34.749142017656574,3231.3720187227914,14465.128486737609
vid_000332_frame0000094.jpg,86.06753343621399,109.11885579427083,28.868815754767805,36.34393799113979,3278.7630300923547,16271.983713270864
vid_000332_frame0000095.jpg,88.35270833333334,110.35533142089844,28.774865479342054,36.1503256538468,3249.024090992167,16153.519576435676
vid_000332_frame0000096.jpg,94.52069444444444,116.11916605631511,28.36427139375903,35.370146837194234,2970.5220389612264,14921.170810586773
vid_000332_frame0000097.jpg,96.63294238683127,118.06681315104167,28.35082759086965,35.44319919495729,2929.246391323731,14758.134524153313
vid_000332_frame0000098.jpg,93.37024176954732,117.2710673014323,27.821816558011413,36.28833406461036,2918.524425218085,14568.07295012474
vid_000332_frame0000099.jpg,92.73889660493828,116.57881164550781,27.731561115633056,36.02010100852003,2914.4716334695545,13852.356500152266
vid_000332_frame0000100.jpg,92.47080504115226,116.4594217936198,27.118129243415893,35.27711964180633,2863.2627424087414,13756.555639149388
vid_000332_frame0000101.jpg,89.12702417695473,113.74054463704427,27.17623286738955,35.1701072171099,3056.1355338719686,14006.56529578357
vid_000332_frame0000102.jpg,85.97866512345679,110.63360595703125,26.947119188890017,35.22274155164161,3002.19478303517,14022.180780634284
vid_000332_frame0000103.jpg,87.70452160493826,111.38084920247395,27.644871251460394,36.25791061016427,3082.5398511430594,15265.8346583487
vid_000332_frame0000104.jpg,88.84190329218107,112.25234476725261,27.766606647759254,36.05693704463318,3010.6861713067747,15146.513454114785
vid_000332_frame0000105.jpg,88.97506687242799,112.4269510904948,27.65410005294561,36.255850825956095,3043.5922336671597,15588.463277144125
vid_000332_frame0000106.jpg,89.67125514403293,113.05985005696614,27.313423339360966,35.481851496304024,2979.3027757101027,14947.624986674637
vid_000332_frame0000107.jpg,92.46079475308642,115.77494812011719,26.864765751343157,35.23902214433306,2996.5672998041814,15454.290147951804
vid_000332_frame0000108.jpg,95.31913580246913,118.59735107421875,26.510743591917077,35.23378261209502,2878.518545138353,14945.85338231828
vid_000332_frame0000109.jpg,94.99617026748972,117.67728678385417,26.040842470786018,34.544846765452796,2805.0367305550194,14322.191964461468
vid_000332_frame0000110.jpg,93.48357767489712,117.21047973632812,25.44969363731446,33.646343273038326,2842.9340965706447,14093.294276772998
vid_000332_frame0000111.jpg,92.36066358024691,116.52836608886719,25.279295517561163,33.328451877652014,2828.5377739192168,13852.965821660124
vid_000332_frame0000112.jpg,91.14350565843621,115.61334737141927,25.1634702870513,32.97050715272511,2839.8596725642055,13463.913110721624
vid_000332_frame0000113.jpg,89.97171296296297,114.48509724934895,25.151031694878576,32.90657910014407,2838.0100531511966,13552.559515438741
vid_000332_frame0000114.jpg,89.12444187242798,113.18946329752605,25.065806811538916,33.051583749885374,2852.7043869336208,14187.071025646292
vid_000332_frame0000115.jpg,89.27772633744856,113.61756896972656,25.185835492187117,33.11851953558256,2888.3409356752377,14097.438927478157
vid_000332_frame0000116.jpg,89.90145576131687,113.69438171386719,25.12100552650415,33.29843896897869,2839.0864714072145,13910.265733668348
vid_000332_frame0000117.jpg,89.55209104938271,113.57745869954427,25.285205614001388,33.57888663902947,2871.4853349917485,14290.741786511382
vid_000332_frame0000118.jpg,89.18735596707819,113.3162129720052,25.145847013402342,33.5288865565436,2857.778783073988,14315.407005861169
vid_000332_frame0000119.jpg,89.16137860082304,113.64825948079427,24.98461607230597,33.30415575708398,2848.782412414266,14136.432759031653
vid_000332_frame0000120.jpg,89.7975720164609,113.95152791341145,25.03006125296377,33.24643070966766,2798.4424189526653,14186.2951018475
vid_000332_frame0000121.jpg,89.48786522633745,113.39693705240886,25.172404951852048,33.21458178838236,2828.3803205587465,14049.842855504714
vid_000332_frame0000122.jpg,89.26869855967078,113.16500854492188,25.203963505620955,33.01296424854448,2842.5951526229214,13853.351579516195
vid_000332_frame0000123.jpg,89.41277777777778,113.71620178222656,25.149576105616198,33.45512838396827,2825.1121410831406,13877.071787172696
vid_000332_frame0000124.jpg,89.7711574074074,113.46729024251302,25.224080784801373,33.21804977399954,2774.547827903461,14051.709316776833
vid_000332_frame0000125.jpg,89.28960133744856,113.15374755859375,25.35691756525282,33.28072752111514,2834.5459924720294,14114.298345789313
vid_000332_frame0000126.jpg,89.40938271604938,113.47819519042969,25.327909353350762,33.37712302040561,2792.3640954855755,14020.013423926197
vid_000332_frame0000127.jpg,89.97952160493827,114.52711486816406,25.52919478551277,33.448650534028964,2869.8822536693506,14303.29467203375
vid_000332_frame0000128.jpg,90.91902520576132,115.43828837076823,25.940192949624873,33.95985610158622,2847.3481033929183,14510.205170279136
vid_000332_frame0000129.jpg,91.18674639917695,115.2201639811198,26.20046933501358,34.07901050530423,2872.312370712353,14526.845370477997
vid_000332_frame0000130.jpg,91.66277520576132,115.53624471028645,26.08223434977981,33.66307691215068,2789.535110337363,14349.501914024353
vid_000332_frame0000131.jpg,90.9481121399177,114.95079549153645,25.885674137468598,33.059875268378555,2762.6372583585176,13684.166562795639
vid_000332_frame0000132.jpg,89.10182613168725,113.02466837565105,26.238109922460175,32.62252828330356,2709.259611089619,13125.823305273196
vid_000332_frame0000133.jpg,86.98013374485596,111.62919616699219,27.217526926570187,32.86357835272975,2835.378347702332,12449.704975545406
vid_000332_frame0000134.jpg,87.94161265432099,114.49010721842448,29.52403130952142,33.59070849531918,2743.166244588704,12412.867671772605
vid_000333_frame0000001.jpg,92.53935185185185,110.84086608886719,43.87282652386409,58.785926176779796,4174.273468441358,33882.19727551844
vid_000333_frame0000002.jpg,92.7875720164609,110.91607666015625,43.85067837210016,58.78867556216502,4152.276066380649,33899.22483472875
vid_000333_frame0000003.jpg,92.89252314814814,111.87781778971355,44.19477296548961,59.54960453507253,4190.446560695778,33925.84244382009
vid_000333_frame0000004.jpg,92.72158436213992,111.8831278483073,44.41012888395841,59.65866716539131,4220.357885044201,34275.88048492372
vid_000333_frame0000005.jpg,92.89307613168724,112.11192830403645,44.49856718924148,59.863979906274345,4167.537984863148,34063.274790256284
vid_000333_frame0000006.jpg,92.83615740740741,112.4495137532552,44.4661522478425,59.70641874692285,3840.4261911844133,31698.696404135786
vid_000333_frame0000007.jpg,100.36948816872427,117.3456319173177,46.02154457889619,62.60153678204886,3813.6294848331404,34580.132188260555
vid_000333_frame0000008.jpg,95.71853909465021,114.23494466145833,44.00310545912442,61.13127549968954,3882.3614819215227,33369.23734674021
vid_000333_frame0000009.jpg,95.18296810699589,115.8852030436198,39.38315713451245,55.85541256673297,3687.6935600636693,27804.108829430304
vid_000333_frame0000010.jpg,96.56077932098765,116.56142171223958,41.17100641030169,56.86405600404652,4007.768210720486,29448.316018875455
vid_000333_frame0000011.jpg,96.92845936213992,117.15350341796875,41.14216448237938,57.29365428903814,4054.902300901576,29887.079042529454
vid_000333_frame0000012.jpg,101.16742026748972,119.88513692220052,42.22262289991805,56.97076804374782,3460.294903089218,25399.19269293174
vid_000333_frame0000013.jpg,99.84746141975309,119.38728332519531,40.454246128447906,57.909315492674644,3778.941680747921,29306.49530212744
vid_000333_frame0000014.jpg,98.6036445473251,119.21165466308594,39.579041659342984,57.63529850482921,3804.2963018470296,29588.038650512695
vid_000333_frame0000015.jpg,100.19218106995885,119.33902486165364,41.00800120883934,57.76106670512318,3761.679736013708,29270.858510697028
vid_000333_frame0000016.jpg,98.34739969135802,118.98055013020833,39.60034650856577,56.94094152055124,3593.5396177720977,27691.471225127578
vid_000333_frame0000017.jpg,98.9015920781893,119.30441284179688,38.90992452947134,56.73344168130463,3592.543989334467,28072.658099933527
vid_000333_frame0000018.jpg,99.13607510288065,119.45453389485677,39.02653895524986,56.75047176925627,3578.653116597127,28653.81692962325
vid_000333_frame0000019.jpg,100.6539146090535,120.63453165690105,38.712722725585955,55.87765451736093,3395.959203793665,26976.410869538784
vid_000333_frame0000020.jpg,100.20623971193416,120.75417073567708,38.225776389935106,56.2758986503151,3544.8433460883916,28147.42825984955
vid_000333_frame0000021.jpg,99.07181069958848,119.79680887858073,37.51022367649201,55.3919108023717,3432.6382018594722,27376.0473723521
vid_000333_frame0000050.jpg,94.28817644032922,117.06506856282552,39.178307071351355,59.39258120059859,4067.2187313062036,31814.579218283063
vid_000334_frame0000001.jpg,90.39565843621399,114.19266255696614,24.592894723125987,36.24107536055199,2726.63239559304,15229.37257938995
vid_000334_frame0000002.jpg,90.5419675925926,113.87909444173177,24.535883125284748,35.658041814074345,2669.3747164989504,14265.670516695827
vid_000334_frame0000003.jpg,89.54965020576131,113.04305013020833,24.533688706855454,35.51831768586197,2679.257228968943,13861.757832905045
vid_000334_frame0000004.jpg,92.22956275720165,114.80971781412761,24.812400998842037,35.595934291597935,2725.6840629143203,14191.859121634625
vid_000334_frame0000005.jpg,95.42669238683128,117.65298461914062,24.63985104944239,35.3464718169831,2544.461550464868,13325.14970332291
vid_000334_frame0000006.jpg,96.07364197530865,117.01981099446614,24.16220092215696,33.91583934549164,2459.1856732107813,13023.161804255098
vid_000334_frame0000007.jpg,95.8547299382716,116.97921244303386,23.46066754836543,34.32525979638595,2568.099043274118,13293.152638181811
vid_000334_frame0000008.jpg,93.86299639917695,116.66262308756511,22.962497114591898,34.375610231623455,2733.1314025248034,14081.896505384706
vid_000334_frame0000009.jpg,92.21573302469136,114.64919535319011,22.234395043382335,31.806137770010583,2649.4569413508207,12113.085022698855
vid_000334_frame0000010.jpg,90.85447530864198,112.64415486653645,21.458454824836643,32.189646024324794,2719.955881877227,13140.02537143766
vid_000334_frame0000011.jpg,93.42661779835392,114.8508809407552,19.472570817163213,31.281757311440277,2682.498618921468,13355.41338957008
vid_000334_frame0000012.jpg,93.71397633744856,115.4536844889323,19.094655952326338,32.156131389587244,2718.744902327139,14229.28262909851
vid_000334_frame0000013.jpg,91.0701054526749,113.03680928548177,19.83006004058383,33.17600536236077,3039.729643274653,16059.574376269244
vid_000334_frame0000014.jpg,90.89585905349794,113.68343607584636,20.02155135999188,33.114696306322735,3067.759649418379,16012.684644862078
vid_000334_frame0000015.jpg,90.26840020576131,112.7398173014323,20.228143425248597,32.45478850002268,2976.6483352522837,14942.434746658197
vid_000334_frame0000016.jpg,89.06514403292181,111.32427978515625,19.705779402289128,30.79006433936085,2716.788558564815,13385.33756069257
vid_000334_frame0000017.jpg,87.81982767489711,110.37620035807292,18.41313382603317,28.52316027693662,2768.3983394716415,12380.908272120869
vid_000334_frame0000018.jpg,85.34741512345678,107.70749918619792,22.236977156093754,30.00473026394465,2858.398106088475,12192.173049151665
vid_000334_frame0000019.jpg,85.6908487654321,107.11123148600261,29.243439287433112,37.59098165041201,3780.7219309175434,17867.17086413107
vid_000334_frame0000020.jpg,85.698125,106.80656433105469,29.281885132209258,37.70943377876539,3865.2972577579635,18167.593085235916
vid_000334_frame0000021.jpg,86.46703446502057,107.06954956054688,28.97040535657954,37.52728140251363,3814.2816301402227,17924.969915776514
vid_000334_frame0000022.jpg,85.96933127572017,107.08565266927083,28.94526116295189,37.27288822536579,3875.757511400463,17701.163947686553
vid_000334_frame0000023.jpg,84.521579218107,106.28200785319011,29.22907172887269,36.97072584727787,3917.7867628357317,16879.854490430793
vid_000337_frame0000160.jpg,58.992289094650204,83.36106872558594,27.349030745586006,33.877095632615564,3518.995681892468,10642.692314928165
vid_000338_frame0000001.jpg,56.39076388888889,80.91382853190105,25.55894284280116,31.569051803205557,3433.1857097264497,10626.970865964657
vid_000338_frame0000002.jpg,56.65625257201646,81.13266499837239,25.486592714190056,31.24852166904037,3405.032892489652,10307.741666010581
vid_000338_frame0000003.jpg,56.53018004115226,80.98606363932292,25.563780875744072,31.196171234995543,3466.9459524819367,10319.914590380155
vid_000338_frame0000004.jpg,56.077674897119344,80.95809427897136,25.558156380241112,31.702834271082526,3502.736330040616,10792.187169670127
vid_000338_frame0000005.jpg,56.472541152263375,81.19993591308594,25.319373938329615,31.308993772072203,3396.592219470105,10551.792719999095
vid_000338_frame0000006.jpg,56.39347736625514,81.19754028320312,25.476583306272094,31.46377482168774,3434.280223436726,10615.70011117286
vid_000338_frame0000007.jpg,56.848935185185184,81.11623128255208,25.65952087873528,31.127620388188106,3449.1217181010425,10458.675411639502
vid_000338_frame0000008.jpg,57.051895576131685,81.64263407389323,25.705469401623848,31.923745862436853,3318.7695196149593,10603.3945457628
vid_000338_frame0000009.jpg,58.123420781893,82.28181457519531,25.79551231478456,31.380452851190554,3346.287992129094,10298.323428656906
vid_000338_frame0000010.jpg,58.50903549382716,83.32798258463542,26.02628312333166,32.50123980155785,3460.403506544293,11122.292442384874
vid_000338_frame0000011.jpg,59.251432613168724,83.84739176432292,26.117489257553096,32.14600119414434,3384.900859574986,10715.005914149573
vid_000338_frame0000012.jpg,61.112286522633745,85.70582580566406,26.31174664656077,31.927733586208642,3273.8778907407404,10273.935349404579
vid_000338_frame0000013.jpg,63.06283950617284,86.81716410319011,26.53036271607815,31.835628561098257,3272.8631278501157,10568.641507237218
vid_000338_frame0000014.jpg,63.08613425925926,87.06883239746094,26.814322805834056,32.40078109389671,3265.8039872541704,10824.685035467148
vid_000338_frame0000015.jpg,64.06947530864197,87.66965230305989,27.271449977606203,32.684757795772825,3309.9004025276613,11004.589618450962
vid_000338_frame0000016.jpg,66.62430812757202,90.5338846842448,27.25901340644433,33.349031154259684,3172.695589733844,10942.844283908373
vid_000338_frame0000017.jpg,71.21275720164608,94.21126302083333,26.88070605155188,33.54478709710056,3034.761563494275,11274.429598206421
vid_000338_frame0000018.jpg,75.52114711934156,98.8709004720052,26.8325279827186,35.92013784600045,2950.9911077951147,12672.855568990111
vid_000338_frame0000019.jpg,76.06171553497943,99.3248799641927,25.295352668114052,34.99495265477077,3086.8583495189373,12203.043506214162
vid_000338_frame0000020.jpg,73.66321502057613,98.67865498860677,24.431176676101153,36.970427972527844,3241.6220709104946,14667.901465415955
vid_000338_frame0000021.jpg,73.90749485596707,99.24181620279948,24.034386211761376,38.781674822838205,3370.0659466047,17138.792222205317
vid_000338_frame0000022.jpg,72.21930041152264,98.22621154785156,23.738806739079152,41.042619356032496,3376.7673622254133,19858.668329434237
vid_000338_frame0000023.jpg,71.62395576131688,98.56391906738281,24.99282809041207,44.13516655554136,3307.3481890217167,20009.306291211164
vid_000338_frame0000024.jpg,71.19739969135803,98.23765563964844,25.295086604007476,45.94833948057894,3706.351481633659,25353.281039885245
vid_000338_frame0000025.jpg,71.76635030864198,98.77188618977864,25.179450883875486,45.601121275413156,3662.259924665578,24931.69859388261
vid_000338_frame0000026.jpg,71.94747427983539,99.21771748860677,25.13748693245158,45.80876288633223,3799.8538252952467,25976.346982316813
vid_000338_frame0000027.jpg,72.1239146090535,98.75998433430989,25.040930179694072,44.03549051330615,3372.22664651325,20534.052709593438
vid_000338_frame0000028.jpg,69.44718364197531,96.80755106608073,26.133931094752025,45.77805030223452,3745.06534853657,24240.351009368896
vid_000339_frame0000001.jpg,57.01849279835391,81.04554748535156,24.007867957401597,30.251330396103167,3544.7654700786366,11041.945307104848
vid_000339_frame0000002.jpg,57.30576646090535,81.01237487792969,23.986866362661715,29.753294082644373,3521.2145750740647,10533.992005672306
vid_000339_frame0000003.jpg,57.49957561728395,81.53155517578125,24.104914501239794,29.86398373925846,3527.5641900053342,10668.345046043396
vid_000339_frame0000004.jpg,57.431013374485595,81.00924682617188,24.376637205791617,30.2736360199531,3561.7739591548902,10861.119453794323
vid_000339_frame0000005.jpg,57.7917695473251,82.10737609863281,24.217894281978037,30.184036018918114,3583.10414578993,10738.750812470913
vid_000339_frame0000006.jpg,57.76262088477366,81.61204020182292,24.14994188030938,29.89475268488068,3456.673017511086,10621.222198948264
vid_000339_frame0000007.jpg,58.06161522633745,82.15232340494792,24.278279719027125,30.32066311592293,3491.879070101678,10743.84982381761
vid_000339_frame0000008.jpg,57.65880144032922,81.38846842447917,24.31028669728507,30.61784686866512,3555.7129269309175,11133.359418591252
vid_000339_frame0000009.jpg,57.78468106995885,81.62803649902344,24.28471722378139,30.0656649429471,3456.3487303476504,10585.660083532333
vid_000339_frame0000010.jpg,57.130545267489715,81.19505310058594,24.369731257330994,30.54012147849268,3574.583707817978,11188.975226368755
vid_000339_frame0000011.jpg,60.852353395061726,84.70124816894531,24.632560011554798,30.70863460539219,3510.9949616102726,11135.585803656839
vid_000339_frame0000012.jpg,57.52799897119341,81.2853495279948,24.349768950661854,30.39061741183064,3538.987097477281,10924.900258747628
vid_000339_frame0000013.jpg,56.57923868312757,80.51902262369792,24.49718137050483,30.858982465148117,3717.0715153029623,11387.277036187937
vid_000339_frame0000014.jpg,56.59411265432099,80.12393188476562,24.41191155420049,31.29565254834928,3676.2836345679016,11803.493793086847
vid_000339_frame0000015.jpg,56.85283179012346,80.63158671061198,24.51234058599053,31.21229722021612,3738.0683763073826,11708.243381991051
vid_000339_frame0000016.jpg,56.55092849794239,80.98569742838542,24.625130901701972,31.931628282815677,3625.4883759237828,11826.041127911769
vid_000339_frame0000017.jpg,56.613544238683126,80.63833618164062,24.856233200130657,32.12016270120313,3687.2347522097907,11872.627818819135
vid_000339_frame0000018.jpg,56.07122170781893,80.69358825683594,24.83701940493284,32.403128666571504,3703.2065947337965,12029.016834735638
vid_000339_frame0000019.jpg,56.14670010288066,80.67528788248698,24.650647517050256,31.27595561524115,3632.82461919272,11215.879712868249
vid_000340_frame0000017.jpg,62.318847736625514,86.65714518229167,24.973385168600693,31.095713600913157,3577.1130897676017,11163.624140962958
vid_000340_frame0000018.jpg,61.66786522633745,85.97708129882812,24.870636087016,31.472882964592365,3550.7100762359373,11502.387656464241
vid_000340_frame0000019.jpg,61.83366769547325,86.44167073567708,24.880056473161,30.773632620155247,3532.3944030563534,11193.418856944889
vid_000340_frame0000020.jpg,61.587368827160496,86.22140502929688,24.86556085609252,31.74415724765399,3557.382796789206,11744.6946183627
vid_000340_frame0000021.jpg,62.116947016460905,86.04515584309895,24.913810663361527,31.670425387901176,3599.7512639574165,11917.194125970593
vid_000340_frame0000023.jpg,62.2752829218107,86.66088358561198,24.837546998806015,30.948633693703453,3555.3964979307175,11010.355052727973
vid_000340_frame0000024.jpg,61.83021604938271,86.31667073567708,24.912904678111055,31.55403387898989,3558.4544560970485,11659.090270354412
vid_000340_frame0000026.jpg,62.39282664609053,87.01917012532552,24.977044409043007,31.60906932977688,3487.099776791779,11383.03279390838
vid_000340_frame0000028.jpg,62.197903806584364,86.5526631673177,25.094161524594405,32.24839922462966,3633.02659153753,11788.15906390897
vid_000340_frame0000029.jpg,62.614837962962966,87.12414042154948,25.068869984173894,31.62622028592781,3527.1644360719947,11159.164507507347
vid_000340_frame0000030.jpg,62.53043981481481,87.09100341796875,25.171439522926715,32.45658892155551,3559.836971946921,11839.378903863719
vid_000340_frame0000031.jpg,63.05781893004115,87.46650695800781,25.279443282049176,31.861304235103766,3583.2202165608687,11323.869036241435
vid_000340_frame0000032.jpg,62.34480709876543,86.68807474772136,25.327295709604694,32.616343829537165,3563.331900540063,12125.682120509213
vid_000340_frame0000033.jpg,62.52667438271605,86.95519510904948,25.312667586194042,32.28184496921564,3563.564660531872,11738.23830743786
vid_000340_frame0000034.jpg,62.24307098765432,86.63743591308594,25.380233872705592,32.938220086847224,3642.3090594135206,12583.468595232815
vid_000340_frame0000035.jpg,62.23379886831276,87.042236328125,25.178174053848373,32.38764612516298,3544.777004042829,11912.34476109012
vid_000340_frame0000036.jpg,61.881869855967075,86.55826822916667,25.06354328825186,32.00398106282184,3598.78032234219,11659.343793187058
vid_000342_frame0000210.jpg,80.0796450617284,101.31160481770833,28.555701996986265,32.560265469796505,2884.030236050145,11696.482995506376
vid_000342_frame0000211.jpg,79.21108281893004,100.24874877929688,28.324685301669536,33.24284348435023,2969.459587769526,12421.985661771148
vid_000342_frame0000212.jpg,79.32434413580246,100.56679789225261,28.082405632859945,32.076745093634536,2895.3397106079005,11363.971145375632
vid_000342_frame0000213.jpg,78.66078703703704,99.8115946451823,27.949647487008892,32.87563719535183,2957.284569324179,12426.739961715182
vid_000342_frame0000214.jpg,78.7633153292181,99.66342671712239,28.154624433146946,33.028452383829475,3011.9799757667824,12213.141904986463
vid_000342_frame0000215.jpg,78.98654063786009,99.62473042805989,29.375764352508867,37.10488468143594,3037.0913700617284,14695.688220981276
vid_000342_frame0000225.jpg,79.86860853909465,100.7150370279948,28.494095882706826,33.10926889943519,2973.9189903286824,12513.98689079634
vid_000342_frame0000227.jpg,80.45107510288067,101.56113179524739,28.69273870690266,33.19594953539671,2921.8066382485044,12221.61034475267
vid_000342_frame0000228.jpg,80.8193878600823,101.4380391438802,28.675357077720058,32.93641186477569,2907.1452585804727,12052.014377339743
vid_000342_frame0000246.jpg,80.36453703703704,101.52307637532552,28.26357377368549,31.937813519494913,2862.2663177295285,11477.489814206725
vid_000342_frame0000247.jpg,80.36286265432099,101.75053405761719,28.71635963405478,33.00603063514587,2893.2078907976584,12193.065415467834
vid_000342_frame0000265.jpg,79.3591049382716,100.63775126139323,28.2647532295046,32.45886673619888,2921.936439753848,11381.264135712525
vid_000342_frame0000266.jpg,79.47565329218106,100.68815612792969,28.545733716453285,32.33807329444928,2852.302248170058,11460.775040691486
vid_000342_frame0000267.jpg,78.876612654321,100.21305847167969,28.137937158910763,32.467294381201945,2977.5638935179823,11631.413874848746
vid_000342_frame0000268.jpg,78.34574588477366,99.98194376627605,27.9701816518058,32.33874318857637,2908.992611465418,11576.449900767766
vid_000342_frame0000269.jpg,78.43228137860082,99.62900797526042,28.1225553595265,32.78496052903276,2885.821953536463,11310.502199735492
vid_000342_frame0000270.jpg,78.46275977366255,99.46165974934895,28.409997533849968,33.35481015307156,3027.6012529934824,12556.961395732127
vid_000342_frame0000271.jpg,78.43706018518519,99.88823954264323,28.408553193480113,32.63510012813326,2969.516354474772,11575.076763082063
vid_000342_frame0000272.jpg,77.75562242798354,99.2090352376302,27.856625165488474,32.326618748217484,2870.2035733479556,11479.94742099545
vid_000343_frame0000007.jpg,76.3627109053498,99.16332499186198,23.01495978546807,32.556014591092556,2853.165529621057,12266.400058340048
vid_000343_frame0000008.jpg,79.02330761316873,100.48714701334636,23.03346022829618,32.40742677572398,2738.370734720079,12972.669074878097
vid_000343_frame0000010.jpg,81.83401491769547,103.48909505208333,23.470187790023207,33.564604651985555,2792.748442086227,13977.278549194336
vid_000343_frame0000011.jpg,86.21357767489712,106.77252705891927,23.847453391071696,33.533006926704736,2613.756174847048,13191.319822966121
vid_000343_frame0000012.jpg,87.32859825102881,108.2771708170573,24.237899043466467,34.83387509061267,2696.194235901003,14050.026716757333
vid_000343_frame0000015.jpg,76.58226594650206,98.63724263509114,22.737847380688038,31.958747561902193,2850.303852827075,12908.08887604787
vid_000343_frame0000017.jpg,78.02443930041153,100.6519775390625,22.660994421090486,31.775932467695622,2858.332087516194,13518.112840390764
vid_000343_frame0000018.jpg,78.81660236625514,100.86126200358073,22.74971203587738,31.916331314994817,2896.0490320987055,13594.970861061476
vid_000343_frame0000020.jpg,79.20356481481481,100.81082661946614,22.190203475773053,32.158897165843676,2908.9501284519793,14391.978365268558
vid_000343_frame0000021.jpg,78.26068672839506,100.99442036946614,21.971415276225112,31.512373729617387,2848.422817785971,13178.254609823227
vid_000343_frame0000022.jpg,76.93569958847736,100.00327555338542,21.98430080107671,31.551855921220927,2939.6325640239193,13358.84331382974
vid_000343_frame0000026.jpg,86.96686471193415,107.74542744954427,24.634450209716256,33.178263470184184,2581.012921582016,13061.376897083363
vid_000343_frame0000029.jpg,84.83476080246913,106.02904256184895,24.303348217639606,32.71953535754023,2671.6330141517465,12012.174595935037
vid_000343_frame0000046.jpg,85.10545267489712,107.04166666666667,22.5733517666356,32.24293907338568,2720.4738252314814,13264.22922414518
vid_000343_frame0000047.jpg,83.15145833333334,104.79083251953125,22.657885013268526,32.30760250764419,2814.4623567872063,13326.965945208212
vid_000344_frame0000024.jpg,76.43639660493827,101.45950826009114,24.78507528061494,36.47696503404279,2847.8187970955264,15351.477909568464
vid_000344_frame0000026.jpg,76.12196244855967,99.97984313964844,23.423583161069278,33.66112831199309,2802.007118697071,13056.777377850376
vid_000344_frame0000027.jpg,80.29797067901235,103.63058980305989,22.92045932695066,35.16255521488071,2859.2403739690503,14309.676376342773
vid_000344_frame0000029.jpg,75.6864146090535,99.90820821126302,24.355687825001418,35.39123410198259,2983.056334224966,13568.378317437135
vid_000344_frame0000031.jpg,73.29728137860083,97.38942464192708,24.927494257854175,35.08853766288936,2993.452354294315,13164.392595670186
vid_000344_frame0000032.jpg,71.63709619341564,94.64517211914062,23.18776430537208,32.75889614095969,2989.8338187642294,12215.20834570285
vid_000344_frame0000033.jpg,72.30297067901235,95.28115844726562,23.85578534153688,33.18346079187791,2932.9543953167868,12329.829062160105
vid_000344_frame0000034.jpg,71.62806841563786,95.7920633951823,23.2218493617827,33.31819682490784,3022.7797296510034,12655.64099575486
vid_000345_frame0000007.jpg,73.2481970164609,97.89765930175781,24.6798964686225,34.45850208143502,2901.9973627076665,13172.06947455462
vid_000345_frame0000011.jpg,73.64454218106997,98.18303934733073,24.60800838535484,35.56767334278246,2896.2415510282704,13770.854329969734
vid_000345_frame0000013.jpg,74.50093878600823,98.77536519368489,24.919352515206267,35.797339621052885,2986.6924968364197,14394.807079780614
vid_000345_frame0000016.jpg,76.68406893004115,101.22257995605469,25.068738674940356,35.86904121762696,2800.5716155692135,13522.945784077048
vid_000345_frame0000017.jpg,83.59544495884774,107.79083251953125,23.264506300984657,38.72179413044557,2810.2729910359863,16691.571924640797
vid_000345_frame0000020.jpg,81.78634259259259,107.90450032552083,21.914809307250778,40.64326543122594,2915.2738239449377,19258.273794591427
vid_000345_frame0000022.jpg,80.98959619341564,106.07464599609375,22.11290582916158,37.96849001749992,2981.8563743703326,16293.64390465524
vid_000346_frame0000010.jpg,77.21579989711934,101.4158223470052,25.51779782860753,37.21560951116413,2852.150321000455,15044.582035341999
vid_000346_frame0000012.jpg,78.90616255144033,102.76547241210938,25.500569591119323,37.77639918134131,2790.427672770681,15393.983907327056
vid_000346_frame0000013.jpg,80.70427983539095,104.70620218912761,25.5326397497078,36.97475227354135,2716.765801518859,13882.282270967029
vid_000346_frame0000014.jpg,81.4138683127572,105.66418965657552,25.903810654715137,39.17622947840558,2729.133928814622,16433.734904929763
vid_000346_frame0000018.jpg,79.31260802469136,103.78982543945312,26.246439058659664,39.95862150437312,2956.8004557270233,17224.313454273855
vid_000346_frame0000019.jpg,80.9012757201646,104.56178792317708,26.215597315552838,37.57625042699563,2739.1380366464123,14126.884636863135
vid_000346_frame0000020.jpg,80.43768261316872,104.87527465820312,26.460866657763194,39.95217869229398,2820.0456913960693,16946.10681603267
vid_000346_frame0000021.jpg,79.87562242798354,103.63845316569011,26.16377654428132,38.13710486292487,2850.466082295953,14964.695713973604
vid_000346_frame0000022.jpg,79.3983616255144,103.39203389485677,25.956728868451375,38.33408504490875,2912.9149622532773,16236.56686347723
vid_000346_frame0000026.jpg,79.39230195473252,102.99046325683594,25.42122830749745,37.31198425574531,2884.38201151668,14964.278761133552
vid_000346_frame0000027.jpg,78.3783359053498,101.92539978027344,25.5748582959988,37.618038025183914,2970.023990565463,15254.577561272075
vid_000346_frame0000032.jpg,79.52116255144033,101.76210021972656,24.88079119026186,36.873835259344574,2811.692311554784,14625.591928520938
vid_000346_frame0000036.jpg,83.55196244855966,104.49364725748698,20.315983680542146,30.22281823713245,2909.8181359691143,11889.423708129441
vid_000346_frame0000037.jpg,82.70435442386831,104.05050150553386,21.215176224401446,31.22678431030943,2875.518800404319,11438.631133019924
vid_000346_frame0000041.jpg,82.46041152263375,103.39586385091145,21.680709282094117,31.262923753120766,2879.1782347498474,11520.15074419137
vid_000346_frame0000043.jpg,84.11168724279835,105.78503926595052,19.422213223388717,29.39216396843,2851.448457946995,11273.518069155281
vid_000346_frame0000044.jpg,83.51444187242798,104.80623881022136,19.636310461786408,31.433510957283488,2909.2361608536717,12594.710983332247
vid_000346_frame0000045.jpg,83.7611111111111,106.01986694335938,21.486560303188394,34.078380251535336,2845.510085493589,13889.626457996434
vid_000347_frame0000012.jpg,81.70726851851852,105.76348368326823,21.35811597380564,32.78674792056577,2999.1122217399693,13719.104438847862
vid_000347_frame0000021.jpg,80.30193930041152,104.75901285807292,21.10677514791077,32.797063893753375,3040.57580500537,13705.766419439577
vid_000347_frame0000023.jpg,80.07576903292181,105.16337585449219,21.338488292597507,33.5000749429028,3097.502303812241,14305.138105957769
vid_000347_frame0000027.jpg,80.15436728395062,104.37240091959636,21.83522298770305,34.64747633204701,3098.573775575786,14917.438982691383
vid_000347_frame0000028.jpg,79.28045010288066,103.98645528157552,21.493790913719128,34.28804067498375,3074.8552130734643,15015.974891301012
vid_000347_frame0000030.jpg,80.69242026748971,105.39554850260417,21.575582195491368,34.56657502337019,3052.52425982933,14580.935067087179
vid_000347_frame0000031.jpg,79.84117283950617,105.22499593098958,21.563368077903107,35.257053622201596,3077.097071397034,15429.926227612188
vid_000347_frame0000033.jpg,78.81343364197531,104.5620625813802,21.206722939422875,34.36152143956364,3036.673058641737,14547.812271555653
vid_000349_frame0000001.jpg,90.75929269547325,115.05486551920573,26.441232099741406,45.3285593155152,2794.425505347651,24043.67415079102
vid_000349_frame0000002.jpg,91.05697788065844,115.19930521647136,26.331964078374774,43.62311114692236,2665.9418120212595,20581.56211176142
vid_000349_frame0000003.jpg,91.62286008230453,114.85887654622395,26.4737422914589,44.903447442567646,2767.7258888173847,22443.628251791
vid_000349_frame0000004.jpg,91.75509773662552,116.07559712727864,26.520928575580147,45.61073936798728,2716.698640163228,23432.270432516
vid_000349_frame0000005.jpg,92.37909979423868,116.33455403645833,26.548737936499077,44.673509199330056,2779.4676609581593,21528.229188805213
vid_000349_frame0000006.jpg,92.21863940329219,116.29855855305989,26.451633356038236,44.124992387116805,2723.5109751699792,21068.84820079431
vid_000349_frame0000007.jpg,92.03945216049382,115.8939208984375,26.173518596640353,44.25671862237761,2693.8079783864887,21144.2761179721
vid_000349_frame0000010.jpg,89.49555812757201,114.2057596842448,25.59821632124864,43.79379853993606,2824.335237665693,21621.91018227837
vid_000349_frame0000012.jpg,87.54329475308641,111.65692647298177,25.33549552275,42.188179148391995,2787.1420609451206,20395.151961084222
vid_000349_frame0000015.jpg,83.13858281893005,106.80806477864583,24.58984774635924,38.05704841396378,2996.8319159521584,16070.632820001803
vid_000349_frame0000020.jpg,77.96560699588477,101.47951761881511,24.337902184845927,34.71308482465474,2928.958750624905,13872.361331822118
vid_000349_frame0000022.jpg,77.07911008230452,99.95630900065105,24.6242256010386,34.1693343467515,3066.8068380614973,13560.294223434292
vid_000349_frame0000027.jpg,74.86445987654321,97.93318684895833,23.999407105726043,31.200250955733747,3016.5477288751713,11395.982610464096
vid_000349_frame0000028.jpg,74.30428755144032,97.19410705566406,24.3424307391805,31.65625749472544,3064.717298510135,11818.759410402738
vid_000349_frame0000057.jpg,76.32158436213992,99.52789815266927,25.275987505998195,32.54026287822462,3045.812624004535,11729.36217450141
vid_000349_frame0000074.jpg,81.31599022633745,104.56021626790364,26.707152108312297,36.740027294616326,2873.9835756056145,13965.499860337935
vid_000349_frame0000077.jpg,84.7679603909465,108.32010396321614,28.026884923312544,42.90099767709415,2824.7099879900534,18690.141129480442
vid_000349_frame0000081.jpg,87.89885288065844,112.50530497233073,29.482429302433783,47.84866107630828,2837.346308213246,22672.305103137856
vid_000349_frame0000084.jpg,88.60893261316872,112.05743916829427,29.520453186215367,47.21187771091421,2716.4894034443582,21045.742990002036
vid_000349_frame0000093.jpg,79.5154603909465,104.0256856282552,27.115127542291738,41.44845138912242,3020.827153253541,17417.52539154049
vid_000349_frame0000096.jpg,78.90089506172839,102.32498677571614,26.530655423159143,37.26233047229862,2968.630279286694,13389.844803718617
vid_000350_frame0000005.jpg,83.32443672839506,107.89049275716145,27.764561959243878,30.582197174870746,2866.0456890931614,10032.777248790255
vid_000350_frame0000007.jpg,86.6841049382716,110.45467122395833,27.741597816359207,30.48898166685812,2830.5176567381473,10085.552199555328
vid_000350_frame0000008.jpg,85.95390689300412,109.47170003255208,27.586406572549123,30.62917340250675,2776.9746875569176,10239.868449880742
vid_000350_frame0000009.jpg,86.17115226337448,110.24470520019531,27.564468617293723,30.72262189651222,2722.724338705752,10093.943090133136
vid_000350_frame0000012.jpg,86.89218364197531,108.59652709960938,27.92806389083489,30.285826775077986,2841.1564674554184,10492.253054296365
vid_000350_frame0000014.jpg,86.84068672839506,109.39607238769531,27.88561516940483,30.703327140905312,2790.052972117198,10608.328596822685
vid_000350_frame0000018.jpg,86.59822530864197,110.01011657714844,28.12982243866316,30.78577629697318,2804.5414757324884,10538.446658715606
vid_000350_frame0000019.jpg,86.96186728395061,111.34588623046875,27.937996948027312,30.897657586091682,2699.3109153634523,9838.996334075928
vid_000350_frame0000020.jpg,84.71316358024691,108.04406229654948,28.8430397130552,32.13262566239585,2880.5202888369126,11068.569441637956
vid_000350_frame0000021.jpg,88.02961934156379,109.13965352376302,35.713982219668345,39.40450712996351,2864.298561554783,13426.345797147602
vid_000350_frame0000022.jpg,89.67092849794238,112.27206420898438,30.621179303318108,34.86371704657752,2840.176199411055,11749.857407510048
vid_000350_frame0000028.jpg,91.55143518518518,113.05675252278645,29.291819731576204,33.24413909543651,2810.8618798344382,11977.77464017435
vid_000350_frame0000032.jpg,93.73112911522634,114.4527079264323,29.039966431105753,33.00547855085934,2758.5750856079003,11648.270643240772
vid_000350_frame0000033.jpg,92.66682355967079,112.46320088704427,28.72901316922871,33.02304626880309,2796.435847220079,12633.727587345755
vid_000350_frame0000037.jpg,92.31116512345679,114.03316752115886,28.678336786752844,33.17419961834133,2679.4627668028884,11349.466098751873
vid_000350_frame0000041.jpg,91.54018518518518,111.99742635091145,28.459167293723233,32.88481619777365,2741.7364003191205,12099.09901285707
vid_000350_frame0000053.jpg,85.60005658436214,107.61260986328125,28.61027208400993,32.06088669732673,2854.719469360615,11817.697082537925
vid_000350_frame0000056.jpg,85.86948045267489,109.13697814941406,28.581201584071476,32.19599229039354,2915.936077262839,11137.85917604505
vid_000350_frame0000059.jpg,85.62785493827161,109.2703348795573,28.055399354672367,31.947207908128064,2889.9759765029626,11038.61035285797
vid_000350_frame0000063.jpg,88.2883487654321,111.1553446451823,27.950477094394806,31.99336280845085,2870.7696787407954,11435.50940727815
vid_000350_frame0000072.jpg,92.925658436214,115.46963500976562,27.666618568279638,32.57812458790845,2811.097578802774,11713.289625808364
vid_000350_frame0000076.jpg,93.03175925925926,115.91222127278645,27.646530389617052,33.113656813334565,2691.900761315384,11463.657623193227
vid_000350_frame0000080.jpg,94.50259002057614,116.15128072102864,27.679941844855666,33.8416204810259,2687.2050351460693,11966.016480094753
vid_000350_frame0000083.jpg,95.91957818930041,116.94552103678386,27.370516778295666,35.28524421408998,2783.644716458762,13916.00143881794
vid_000350_frame0000084.jpg,96.51024691358025,117.42713928222656,27.462358225043193,34.39267406895445,2664.509456012565,12852.694883747958
vid_000350_frame0000085.jpg,96.53989711934156,117.46706644694011,27.594277374422692,35.0097938099349,2735.083802828682,13731.42265511211
vid_000350_frame0000094.jpg,107.83273405349794,125.70118204752605,29.731955190481838,44.265895621847825,2677.0678461646,20395.158297382062
vid_000350_frame0000098.jpg,106.93170267489712,122.63940938313802,31.548049137869445,48.467825737021506,3100.394976708724,25055.564682317665
vid_000350_frame0000101.jpg,108.56490226337449,124.40606689453125,32.32258286088984,50.82407014973041,2998.0801414587613,26275.658675342565
vid_000350_frame0000105.jpg,107.41944444444445,124.14349873860677,32.547380033060435,48.48179198003532,2837.27511899839,21643.951872601174
vid_000350_frame0000106.jpg,107.12521347736626,123.32323201497395,32.52314778828053,48.222326620093625,2769.120849686536,20989.098237022758
vid_000350_frame0000110.jpg,102.04509002057613,118.74203999837239,31.770344836432713,47.570130201707634,2998.488987589485,22045.419068548596
vid_000350_frame0000111.jpg,101.11902520576132,117.1575419108073,31.585764543325553,46.60362364779786,3112.8017840143816,21542.428008766612
vid_000350_frame0000115.jpg,103.42227366255145,119.28326416015625,29.511959593154593,43.614623865151515,3133.2902491711798,21595.212529750308
vid_000350_frame0000119.jpg,100.3219212962963,117.39546203613281,30.365238459455032,42.64553385736278,3114.9578922208407,20404.210770732723
vid_000350_frame0000120.jpg,99.68440586419753,115.68849690755208,30.64950106052532,42.35150271032593,3045.046151191165,19978.142031932017
vid_000350_frame0000125.jpg,99.5956841563786,116.60988362630208,30.59531598095233,42.71678838083507,3130.6732355357417,21648.18724316149
vid_000350_frame0000131.jpg,100.89846450617284,117.74123636881511,30.27978614997717,42.46303314363978,3106.838213560183,20950.681592798792
vid_000350_frame0000136.jpg,100.10145061728394,116.64070638020833,30.72417976408068,42.69418596854439,2995.4192034598386,19978.893590999534
vid_000350_frame0000143.jpg,102.4907896090535,119.32441711425781,30.572058801563063,42.53942458901421,3049.35405789871,20574.7367972394
vid_000350_frame0000151.jpg,104.56209619341564,121.02849833170573,30.86585408812645,43.10173415916936,3094.745260440244,21267.184769378742
vid_000350_frame0000154.jpg,103.11528549382716,119.5540262858073,31.09853149933943,42.91302993127433,3069.687654243827,20889.736888333224
vid_000350_frame0000162.jpg,109.88169495884773,126.79935201009114,32.01465526209806,45.16454898448961,3080.818089827139,21558.9754178524
vid_000350_frame0000163.jpg,109.11747170781894,127.15647379557292,31.447200659316678,44.668179590223104,2981.5154959683646,20649.015487774275
vid_000350_frame0000167.jpg,109.80099022633745,128.60980733235678,29.916718964617914,44.398197575633574,2932.1930727379954,21137.269918068312
vid_000350_frame0000172.jpg,107.85622685185186,126.11818440755208,30.551349214883665,44.182707969153256,2997.697762844305,20293.384491107427
vid_000350_frame0000175.jpg,104.50483281893004,122.66732788085938,30.69790641273999,44.59679667781762,2965.6098237353654,20525.959217532538
vid_000350_frame0000178.jpg,103.76289094650205,121.61168924967448,30.9018967161366,44.27287476618486,3026.309194012858,20904.377932097763
vid_000350_frame0000181.jpg,101.8429603909465,119.34161376953125,31.366345749225456,43.280752893504065,3169.449855747921,21357.482580624288
vid_000350_frame0000182.jpg,100.91310442386832,118.72119649251302,31.362511091056255,43.188721297429176,3257.6361944858227,21721.961406372255
vid_000350_frame0000183.jpg,100.53854681069959,118.09971110026042,31.39332442845348,43.22381806360891,3232.6439897631367,21811.496944071492
vid_000350_frame0000184.jpg,101.05670267489712,118.67433166503906,31.4325353680327,43.15786253444648,3267.8058234872733,21634.800082100322
vid_000350_frame0000185.jpg,102.40820730452675,120.47837829589844,31.331467964342913,43.513079556371615,3156.25405966983,21233.72223503678
vid_000350_frame0000187.jpg,103.85655606995884,121.72450256347656,30.90174122225687,43.313905205628174,3089.1584631799174,21310.073975048028
vid_000350_frame0000194.jpg,102.02566615226337,119.7734883626302,30.728168287923257,43.025557058977135,3195.4776523914397,20940.053489114856
vid_000350_frame0000199.jpg,105.83681069958848,123.09262084960938,30.223435346587433,43.50115528980223,3014.8949398910227,20993.100131776184
vid_000350_frame0000201.jpg,104.94551440329218,121.6411844889323,30.193383392083028,43.36300807091586,3104.6079219935386,21560.131803061813
vid_000350_frame0000211.jpg,98.60484310699589,116.58362325032552,31.337551687759493,42.418392632432365,3040.6594778518424,20047.45787981688
vid_000350_frame0000213.jpg,97.82965534979424,115.76851399739583,31.54177402145147,42.257846238186744,3078.854608860061,19794.806216939352
vid_000350_frame0000217.jpg,95.86154320987654,113.88437906901042,32.69903829529905,42.11786037686146,3135.3960156892404,19347.98171784333
vid_000350_frame0000221.jpg,96.69233796296297,115.41504923502605,32.39562159133659,41.288665661547114,3177.80155916775,19707.26355867996
vid_000361_frame0000001.jpg,60.801373456790124,85.88010152180989,24.23931220856048,28.133269783283335,3171.4786923858787,10409.626215038588
vid_000361_frame0000002.jpg,61.160949074074075,86.2617899576823,24.197400385498664,27.865703011620912,3185.1883317638676,9883.493657337269
vid_000361_frame0000004.jpg,60.816916152263374,86.1245625813802,24.272372191583493,28.154373537694614,3187.5322294723915,10211.19646493136
vid_000361_frame0000008.jpg,61.05266203703704,85.98949178059895,24.32539321371879,28.33083966430375,3181.2969081356096,10491.106780803762
vid_000361_frame0000010.jpg,60.86370113168724,85.9779561360677,24.420970426862443,28.29653441992657,3215.1311604021394,10608.489424135536
vid_000361_frame0000011.jpg,61.10413065843621,85.95256042480469,24.311499070458144,28.14940984737087,3232.6340628334096,10146.385052842787
vid_000361_frame0000016.jpg,60.93935699588477,86.29182434082031,24.325093848509795,28.17929632885794,3136.107546772596,10052.841122514568
vid_000361_frame0000017.jpg,61.39321244855967,86.18067423502605,24.385529502017267,28.52979921069264,3257.5787131600914,10529.085308003938
vid_000361_frame0000023.jpg,62.00735596707819,87.48367818196614,24.408800030624526,28.786212052825036,3239.42934494307,10136.816538087092
vid_000361_frame0000029.jpg,62.166275720164606,87.08498128255208,24.528492744038488,28.246312275574066,3185.1118302447708,10017.06135335355
vid_000361_frame0000030.jpg,61.97783693415638,87.60872395833333,24.61350648931897,28.752372481638616,3186.5944718063533,10370.398408777779
vid_000361_frame0000034.jpg,62.14966563786008,87.41414896647136,24.766323178402782,29.27019678725487,3208.272463901213,10244.493735677563
vid_000361_frame0000035.jpg,62.482872942386834,87.79364522298177,24.750955418174406,29.139207595487488,3162.4473969050064,10283.124395625433
vid_000361_frame0000036.jpg,62.14153549382716,86.95116678873698,24.542988889076586,28.608558977532024,3148.421964871733,10047.12773747649
vid_000361_frame0000037.jpg,61.96283693415638,86.95596822102864,24.404362025708554,28.181386963233663,3115.9188754914817,9748.126489154063
vid_000362_frame0000001.jpg,99.72725565843622,119.49167378743489,24.061428393742343,28.848912584954405,2384.474775334302,12389.576886286726
vid_000362_frame0000002.jpg,100.17261831275721,122.14546712239583,24.030026061296276,28.726723236222416,2373.128360570452,11495.706910318695
vid_000362_frame0000003.jpg,101.22139917695473,122.92050170898438,24.236110419125946,29.31548744202939,2400.052094383478,11618.253477081656
vid_000362_frame0000004.jpg,101.155295781893,123.69953918457031,24.221136273439047,28.975321288391502,2402.5811270570775,11498.313167280518
vid_000362_frame0000005.jpg,100.03808899176954,121.97123209635417,24.169398363071043,28.920517425686537,2442.452161264896,11548.563462313265
vid_000362_frame0000006.jpg,97.61094907407407,120.57503763834636,23.563206959070026,27.875277071749256,2440.3893303368745,11459.679711108794
vid_000362_frame0000007.jpg,98.16722222222222,120.62366739908855,23.03361840553611,27.6754664464404,2505.4630935827595,11555.652875998756
vid_000362_frame0000008.jpg,100.22078189300412,122.86746215820312,22.567942917705004,27.444320290202032,2457.335245309404,11662.276217482751
vid_000362_frame0000009.jpg,104.15274691358024,126.64413452148438,22.256923754326564,27.661364757359976,2251.1005518497086,11659.845913398778
vid_000362_frame0000011.jpg,105.51754115226338,125.72981262207031,21.776393708932005,28.116386699775546,2338.3632184998833,12023.50122667756
vid_000362_frame0000012.jpg,104.00646347736625,124.32755533854167,21.85871679422484,29.23867025774168,2461.6546381944445,12927.744239730528
vid_000362_frame0000013.jpg,102.85945473251029,122.8427225748698,21.8761791007562,29.878816851219725,2513.1486227623454,13612.555458726129
vid_000362_frame0000014.jpg,103.31333847736626,122.73616027832031,21.61997528546878,29.570107884904594,2397.48018907155,13118.657195985317
vid_000362_frame0000015.jpg,106.20248971193416,125.50419616699219,21.270128471650363,29.094479924823517,2317.196268685164,12249.823395385407
vid_000362_frame0000016.jpg,108.91858796296296,128.19442749023438,20.985823653250506,28.99122888755626,2233.9518249847583,12512.092880666256
vid_000362_frame0000017.jpg,110.63998971193416,131.3639678955078,20.971953802547592,28.807637945069875,2213.3644535034196,12450.903223797446
vid_000362_frame0000019.jpg,105.97901748971194,124.99727376302083,21.041999008784842,28.706772704831813,2263.602471654235,11974.81713758409
vid_000362_frame0000020.jpg,102.06839763374485,121.0645751953125,21.35871706119831,29.068620385703458,2403.2902304521385,12773.08988809213
vid_000362_frame0000021.jpg,100.2001183127572,120.45330301920573,21.374448684594515,28.763173965501775,2389.2844215105715,12728.596590027213
vid_000362_frame0000022.jpg,99.73912294238683,120.30898030598958,21.38234342493547,29.220671211658257,2490.8073010973935,13164.528948969208
vid_000362_frame0000024.jpg,101.1310596707819,121.01413472493489,21.24006495684335,28.59357280579626,2428.140554741024,12557.785104497336
vid_000362_frame0000027.jpg,99.25530606995885,121.49278259277344,22.04363917715907,26.940915652410236,2351.2971073373315,11154.515708386898
vid_000362_frame0000028.jpg,98.91452160493827,121.5872294108073,23.153324229316315,28.340632079655904,2476.0740321901553,11496.263820081018
vid_000362_frame0000029.jpg,100.80115483539095,123.3762715657552,23.171237230184026,28.230988099556377,2357.9148069053285,11155.98163883551
vid_000363_frame0000001.jpg,89.79322530864198,109.19091288248698,25.480070005359927,31.8222613362647,2853.816511727442,15808.203338384628
vid_000363_frame0000002.jpg,90.2273225308642,110.98765055338542,25.30061654207953,30.075189590219583,2708.5722446263912,13043.81525382027
vid_000363_frame0000003.jpg,90.66682355967079,110.22819010416667,25.508314208670306,30.998620810985468,2768.5555049267805,14314.306986633455
vid_000363_frame0000007.jpg,95.21802211934157,113.12857055664062,25.067815424604955,31.30521521734074,2540.5449825740525,14298.646263029194
vid_000363_frame0000008.jpg,96.24222736625515,113.5478515625,25.265180800510038,32.69968653945703,2531.028766649282,15681.270316212438
vid_000363_frame0000009.jpg,96.52954475308643,114.64991760253906,25.25605592024732,31.271933804701398,2349.1945525976766,13273.48350702878
vid_000363_frame0000010.jpg,97.220987654321,113.83661397298177,27.377729054863075,37.30221922398848,2323.661106729157,15752.509145322954
vid_000363_frame0000011.jpg,104.52069187242799,120.35766092936198,29.38732577994502,39.05422025799598,2179.671684742167,15451.135759498924
vid_000363_frame0000012.jpg,110.08024176954733,123.65974426269531,34.57609632062045,47.65879768804512,2372.524531425695,20303.390423554694
vid_000363_frame0000014.jpg,102.25259259259259,118.9125467936198,35.55300140517427,53.59209306051235,2747.2427654235257,26607.947237549117
vid_000363_frame0000016.jpg,94.47028806584362,112.84287007649739,35.04880469891046,47.56293517280625,2325.5588900505236,18402.733313997975
vid_000363_frame0000017.jpg,91.79758744855967,110.85437520345052,33.70672933116304,46.81498423696313,2561.856886098727,18111.853939976543
vid_000363_frame0000018.jpg,95.59700874485597,112.88865152994792,34.72918578769535,48.85998004440281,2563.6885294807857,20494.58254904952
vid_000363_frame0000019.jpg,101.35690586419753,116.95557149251302,35.26349378936959,49.44030907635064,2401.6923307012435,19667.898871227168
vid_000363_frame0000020.jpg,101.63666666666667,117.88281758626302,35.604166425748936,53.09642715619942,2602.57072309647,24312.508415575838
vid_000363_frame0000021.jpg,97.66965534979424,114.7439676920573,33.11559538029634,44.54256879667042,2256.40002899895,16800.549275069498
vid_000364_frame0000010.jpg,79.83561728395061,103.45461018880208,21.168394746451472,26.026530002745073,2732.5530004801094,11062.946450229734
vid_000364_frame0000011.jpg,79.92981738683127,102.69559224446614,21.20688157047185,25.88637053322733,2705.910241582838,10789.9337385213
vid_000364_frame0000013.jpg,80.06055812757202,103.05600992838542,21.367092860322913,25.948891239444936,2805.2153662760416,10960.047475066036
vid_000364_frame0000014.jpg,79.95220679012345,102.8213602701823,21.246157235852586,26.113853188019693,2824.522186926952,10957.947382792598
vid_000364_frame0000015.jpg,80.73116255144033,104.23466491699219,21.22696997227889,26.367900864648252,2827.464713208495,11166.6325665412
vid_000364_frame0000016.jpg,79.5670859053498,102.23527526855469,21.020459499932425,26.030547743994333,2815.4091325043346,10942.484173211968
vid_000364_frame0000018.jpg,79.98631944444445,104.23355102539062,21.10166639565879,26.313568147100092,2809.5382106729157,11159.048389097443
vid_000364_frame0000020.jpg,79.7781121399177,102.92391967773438,20.914057171732278,26.4792297337437,2812.600388617339,11354.602011427283
vid_000364_frame0000021.jpg,79.1175848765432,102.36534627278645,21.005750325546458,26.529672497665384,2789.5069771132808,11381.67643064796
vid_000364_frame0000022.jpg,79.60889146090535,102.88489278157552,20.99183421130921,26.33072768653423,2824.8752215706445,11241.536065827822
vid_000364_frame0000023.jpg,79.17779835390947,101.84107462565105,21.042103659769253,26.329783482954095,2840.1778961757323,11363.439366202569
vid_000364_frame0000024.jpg,78.90738683127572,101.65740966796875,21.14923793883769,25.892248671913894,2754.5375333102324,11227.520577553427
vid_000364_frame0000025.jpg,78.69033950617283,102.43134053548177,21.155223777937497,26.178497409766294,2909.058355391708,11561.022760921856
vid_000364_frame0000026.jpg,79.12208590534979,102.73459370930989,21.274768060779074,26.21615053823702,2872.3974727556774,11529.277935072547
vid_000364_frame0000027.jpg,79.41249485596708,102.69448852539062,21.192387824346373,26.52050804842234,2786.2118574073475,11314.096313085407
vid_000364_frame0000028.jpg,79.79046553497942,102.73307800292969,21.01548547554848,26.279074339308043,2765.528616145059,11211.04202836752
vid_000364_frame0000031.jpg,80.85417695473251,104.41120910644531,20.96279849697206,26.45664934804479,2738.172503512172,11160.01382575836
vid_000364_frame0000033.jpg,83.69198302469135,107.6228739420573,21.050547985783396,26.33698266198793,2636.918829846763,10927.329683050513
vid_000364_frame0000038.jpg,83.3574408436214,106.82972208658855,21.01593937351196,26.34935541261055,2656.346356034713,11222.964843444293
vid_000364_frame0000075.jpg,81.65802726337449,104.7781473795573,22.21639753796957,26.11915625061862,2787.2165736234365,11003.62188493833
vid_000364_frame0000076.jpg,81.77863940329217,105.08099873860677,22.383700896952895,26.180392260612017,2817.7560075740525,11024.880910671316
vid_000364_frame0000078.jpg,82.13001028806585,105.59238179524739,22.20642738676901,26.334421005267668,2727.0475470962406,10919.638708814979
vid_000364_frame0000088.jpg,78.67598251028807,102.60640970865886,21.228192569922253,26.020735253625475,2779.1280846402387,11175.239605925046
vid_000364_frame0000089.jpg,79.37630401234568,103.45719401041667,21.224235717992915,25.943033042886736,2720.006389143947,10955.707075766288
vid_000364_frame0000090.jpg,79.24127057613168,102.70165506998698,21.363298024903894,25.936550185514594,2815.2216448328663,11251.353918656474
vid_000364_frame0000103.jpg,84.57202417695473,108.80673726399739,23.554880925162678,27.713562246092852,2771.1783929698217,11603.998157184338
vid_000364_frame0000106.jpg,83.26804269547326,107.02076721191406,23.61362126801232,27.16271995856552,2746.139479875162,11252.250045640161
vid_000364_frame0000111.jpg,85.20104938271605,108.40171305338542,23.613085776459844,27.745931305604394,2668.510715163228,11717.888458672678
vid_000365_frame0000003.jpg,82.59296296296296,106.77058919270833,23.5713194078791,27.777256924925016,2828.5463660493824,11846.581357177347
vid_000365_frame0000005.jpg,82.88864969135803,106.70864359537761,23.412485145252447,27.36078926233288,2779.0821503084035,11527.063792169094
vid_000365_frame0000008.jpg,82.85075617283951,106.7182108561198,22.549438596394477,26.954102895704864,2769.0466743805728,11749.767154893838
vid_000365_frame0000009.jpg,82.25737397119342,105.55289713541667,22.165777061352987,26.41059427384439,2705.726736468276,11277.627594529651
vid_000365_frame0000010.jpg,80.8045524691358,103.6986796061198,21.814210239421342,27.310152087261365,2744.999963930803,11704.730058068177
vid_000365_frame0000011.jpg,79.80009773662552,102.6136474609375,21.852555928488812,27.167612070539057,2794.450046638279,11207.009861669503
vid_000365_frame0000012.jpg,78.75212191358025,100.93002827962239,21.971098542544635,27.536105448422,2820.947613683068,11062.062654303154
vid_000365_frame0000013.jpg,79.72160751028807,101.47601826985677,22.370967236371516,27.538323620235445,2791.1105459104347,10922.787770464784
vid_000365_frame0000014.jpg,79.32587448559671,102.26137797037761,22.239525422203197,27.55293321704454,2808.0452023281514,10779.09562178119
vid_000365_frame0000017.jpg,81.47688528806584,103.5858154296875,22.816989299412754,28.588549209159837,2793.2889008678176,11215.799765541218
vid_000365_frame0000018.jpg,81.4834079218107,104.26358540852864,22.757073187313342,29.360447797051965,2784.1711442148685,11523.68250811752
vid_000365_frame0000019.jpg,82.70184413580247,104.01663208007812,22.857923131626464,29.045485296876585,2776.6298921572547,11347.35952420882
vid_000365_frame0000020.jpg,82.17476594650206,105.19760131835938,23.00290808623149,29.711692889504945,2812.6450126785526,11732.768599919043
vid_000365_frame0000021.jpg,82.34930555555556,104.7437744140625,23.097311073775113,29.47052946993273,2770.995722820216,11400.842331539607
vid_000365_frame0000023.jpg,82.04899434156378,105.02445983886719,22.572142215220165,28.77629212860884,2755.36185678155,11240.522795677185
vid_000365_frame0000025.jpg,84.25932613168725,106.18926493326823,23.1442905961756,31.10155434460784,2721.0436099274475,11572.868913519895
vid_000365_frame0000027.jpg,83.5435262345679,105.42744445800781,23.222949517093834,31.03375334397292,2772.2929135514314,11741.206104648998
vid_000365_frame0000028.jpg,81.6776054526749,104.48972066243489,22.848656535563197,30.31405501218591,2693.45751156812,11558.03882345464
vid_000365_frame0000029.jpg,80.56623456790123,103.28485107421875,21.805041532476928,27.682129414154087,2832.79522548011,11282.774195369333
vid_000365_frame0000031.jpg,83.17413580246914,106.8125508626302,23.460500377376146,27.508726989353864,2819.2010737668015,11431.621697339928
vid_000365_frame0000032.jpg,82.86273148148148,107.26275126139323,23.429807721449865,27.881599548934116,2763.447432540771,11776.518672055565
vid_000365_frame0000033.jpg,83.19123199588478,107.3100077311198,23.47824449972294,27.974974304931788,2846.331471724727,11818.873364271363
vid_000365_frame0000036.jpg,83.28121141975309,105.70211283365886,23.56409986269466,28.452846370171468,2766.964587302753,11931.49567170348
vid_000365_frame0000038.jpg,82.87934670781893,105.79824829101562,23.88847201154692,29.20159901083481,2847.797707388117,12122.964967574691
vid_000365_frame0000039.jpg,81.91967849794239,105.04075622558594,23.62641566293344,28.524163820400727,2720.539407577387,11763.57863857015
vid_000365_frame0000040.jpg,81.06844650205761,104.77046203613281,23.59653790462886,28.31925520487122,2788.399964299876,11835.715718663298
vid_000367_frame0000002.jpg,59.683544238683126,91.81276448567708,41.90871245725886,57.901504697612076,4374.352122027653,30622.122750676237
vid_000367_frame0000003.jpg,57.99396347736626,90.00135803222656,41.90631952746712,57.71407966382104,4737.260403769373,31158.4609459301
vid_000367_frame0000004.jpg,56.798631687242796,89.53343709309895,41.91159808076132,58.02168974125846,4961.271951943242,32236.2601509979
vid_000367_frame0000005.jpg,57.251576646090534,89.39280700683594,41.83958432754118,57.319961063652585,4793.624266329387,30398.002006039023
vid_000367_frame0000008.jpg,57.33981224279835,89.94374593098958,40.739739718751004,56.18823784071792,4496.851890967876,29457.704527880996
vid_000367_frame0000010.jpg,58.310936213991766,90.89453633626302,38.149066387025684,55.47909510571202,4475.064341871892,29168.20019074902
vid_000367_frame0000011.jpg,63.92976594650206,94.80007934570312,40.98770100329797,56.74553107900538,4592.6756505267285,31404.672248838237
vid_000367_frame0000012.jpg,62.67142232510288,95.69641621907552,39.23945622821556,58.359738736580695,4915.7417822258785,36199.69050004496
vid_000367_frame0000013.jpg,62.937325102880656,95.77029927571614,39.11409081985487,57.506498438866316,4830.888129948214,34880.71849320829
vid_000367_frame0000016.jpg,62.955514403292185,95.63163248697917,39.04520701423892,57.94031379728136,4843.3442523767335,35716.799932893366
vid_000367_frame0000021.jpg,62.96533179012346,96.40451049804688,38.54905637222912,57.42926926244176,4791.138192300859,34839.98975173291
vid_000367_frame0000022.jpg,62.65774948559671,96.15006510416667,38.53585140482633,57.827954828222154,4912.836274150699,36178.23591333418
vid_000367_frame0000023.jpg,60.974904835390944,95.8524678548177,33.9480832499248,54.496156641335226,4589.195896793017,30627.843789571663
vid_000367_frame0000024.jpg,63.225578703703704,99.51246134440105,33.129751721450894,56.306937215022714,4624.821068729757,32890.06830274477
vid_000367_frame0000025.jpg,62.361406893004116,97.50679524739583,31.922015955297713,55.464983592489304,4523.521514055534,29460.259761433816
vid_000367_frame0000026.jpg,60.42218621399177,94.66655985514323,31.504523314174907,54.332028472666366,4533.752130039009,27038.5053310832
vid_000367_frame0000027.jpg,60.2484079218107,96.51434326171875,31.751106049660848,57.197372014780065,4906.763709556232,33772.000804542564
vid_000367_frame0000028.jpg,59.871895576131685,96.37660217285156,31.5835260305109,57.04460095606482,4838.070623942378,33261.90552177257
vid_000367_frame0000029.jpg,60.115985082304526,96.11973063151042,31.513922500215234,56.163926728394266,4799.566928238596,31642.452268510824
vid_000367_frame0000031.jpg,60.281273148148145,96.41756184895833,31.56925470644908,56.999038145748095,4787.450136554784,33078.07545455452
vid_000367_frame0000032.jpg,59.8372762345679,96.2425537109375,31.473226503031796,56.90694023488285,4833.4820725093705,33685.450888349675
vid_000367_frame0000033.jpg,60.06498199588477,95.8689473470052,31.126474679969174,55.55125710202745,4676.79008967383,30785.738563475898
vid_000367_frame0000036.jpg,60.634580761316876,96.16717529296875,30.965055061024252,55.55855128476782,4373.663597936612,29360.486060142517
vid_000367_frame0000038.jpg,63.33199588477366,99.29424540201823,31.278796196300377,57.382230885467195,4518.212563548752,33702.66615420487
vid_000367_frame0000040.jpg,63.4096579218107,99.61057027180989,31.62971238555386,57.52105417271813,4642.586463091028,34209.80001438013
vid_000367_frame0000042.jpg,64.20917695473251,98.90132141113281,33.69633219867682,57.43119975204768,4883.744678552181,34544.21170142456
vid_000368_frame0000013.jpg,69.05640946502058,93.50743611653645,25.737503601453028,29.66814791478825,3043.9521526176813,10332.381995938485
vid_000368_frame0000030.jpg,73.0535725308642,96.52999369303386,27.384350308437348,31.386140717490957,2904.558174639382,10607.259747445583
vid_000368_frame0000031.jpg,76.8543621399177,100.95895385742188,27.2104104855231,31.435170688992297,2840.996221754913,10524.403428282589
vid_000368_frame0000037.jpg,78.64579989711935,102.44798787434895,27.106842173070646,31.382170537826372,2796.862540436326,11122.261899164878
vid_000368_frame0000043.jpg,81.38801440329217,105.206298828125,26.511830874240264,30.9239876484676,2688.1753462690876,10477.268295518123
vid_000368_frame0000047.jpg,79.34795781893004,104.07474263509114,25.707397544772395,30.465344749696527,2708.78385843407,10314.973765826784
vid_000368_frame0000048.jpg,78.40832047325102,103.73131815592448,25.488039440787848,30.548377843731668,2671.2491624485,10393.952300366014
vid_000368_frame0000056.jpg,76.0186316872428,101.05368041992188,25.026939858957025,29.245267519484496,2766.5661104166666,9928.049696139758
vid_000368_frame0000066.jpg,83.4560262345679,108.00895182291667,24.69827909341593,29.05113274601276,2613.729286871225,10122.714782885276
vid_000368_frame0000067.jpg,85.64278806584362,109.72885640462239,24.683845211978444,29.48992942911774,2558.6243991078322,10562.082690801471
vid_000368_frame0000076.jpg,84.16354938271606,107.56173706054688,27.307171979483865,33.04468775356589,2829.2365374913675,12854.059567916906
vid_000368_frame0000078.jpg,84.34228909465021,107.42896016438802,27.464308745030344,32.928810303242635,2950.929144825425,13079.3616782194
vid_000368_frame0000081.jpg,88.03003858024691,111.71609497070312,27.39737323416711,33.6017732810093,2852.6673720049703,13457.655315070413
vid_000368_frame0000082.jpg,89.12282150205762,112.41739908854167,27.401412690783822,33.66624827319716,2816.2618540978415,13255.622154406272
vid_000368_frame0000088.jpg,90.29157407407408,112.43135070800781,27.152018034112306,33.556603087336434,2729.069157767251,12751.658914983273
vid_000369_frame0000008.jpg,105.94945730452675,125.40076192220052,24.37542010746396,33.39837352012208,2356.8137159722223,14396.60261891014
vid_000369_frame0000009.jpg,103.42695987654321,124.67390950520833,24.212422829109684,33.10983491105798,2291.872648854917,13352.633605584502
vid_000369_frame0000011.jpg,100.42181841563786,121.86971028645833,23.972498684855992,32.881962878774715,2456.8781579196675,13504.598358064657
vid_000369_frame0000013.jpg,106.75173353909464,126.6351318359375,24.747541437080724,33.77907787037686,2346.4938730850386,14145.957194791874
vid_000369_frame0000014.jpg,105.88637345679012,125.4170430501302,25.01397069549695,33.74096701765371,2373.8793399428796,14125.72923220601
vid_000369_frame0000015.jpg,104.73262602880658,124.26021321614583,25.22995568639204,33.87969611518872,2407.973143832638,13538.320035870885
vid_000369_frame0000016.jpg,102.213420781893,122.15941365559895,25.219874909656966,33.61779917230459,2406.4737836476315,13598.376408727607
vid_000369_frame0000018.jpg,98.76704475308642,120.55553181966145,24.987745018140764,32.18335168893697,2386.128621795458,12345.066243283218
vid_000369_frame0000019.jpg,102.05201131687242,124.19036356608073,25.151911003489257,32.07080638884034,2275.2775058641973,11709.753565503052
vid_000369_frame0000020.jpg,103.98297839506174,124.95187377929688,24.296983427590412,31.84693625746947,2308.297440520631,12086.128054082394
vid_000370_frame0000017.jpg,92.61219650205761,114.64721171061198,20.90263422887754,27.905065747163803,2726.867367026213,12164.080198373413
vid_000370_frame0000019.jpg,92.53429783950617,115.3271484375,20.807938883315316,28.45145818194804,2679.7467663665384,12626.709717057412
vid_000370_frame0000020.jpg,91.72111625514404,114.09719848632812,21.091323367387815,28.860192979516487,2803.1695305019716,13385.616134046577
vid_000370_frame0000021.jpg,91.53700617283951,113.5306905110677,21.12732086961179,28.640228157826787,2796.665329957324,12912.424645870691
vid_000370_frame0000022.jpg,93.22675925925925,115.61356099446614,21.026589085039387,28.343741074525692,2744.7667735244245,12259.929779645056
vid_000370_frame0000023.jpg,94.62591049382716,116.93960571289062,21.07149353897777,28.722754696595757,2638.996462905569,11886.602158010006
vid_000370_frame0000025.jpg,97.68224537037037,119.79603068033855,20.983699743794844,28.745812366834702,2591.398121570645,12450.250945806503
vid_000370_frame0000027.jpg,100.03210648148148,122.06366475423177,20.921954978943173,28.994957681372405,2568.6701019875372,12309.23851268529
vid_000370_frame0000029.jpg,99.94969650205762,121.99696858723958,20.900378548427295,29.510410880709493,2515.3558322973226,12501.390047413995
vid_000370_frame0000038.jpg,96.57961676954733,118.57820129394531,20.39948795192838,28.212665714343938,2660.441364840475,12097.858621630585
vid_000370_frame0000042.jpg,93.22602109053499,115.81143188476562,20.501782577360178,28.013955137806807,2729.182874845143,12311.566395453177
vid_000370_frame0000043.jpg,92.97643261316873,115.96564229329427,20.540312857751882,28.227330199199102,2689.7410574459286,12364.360075619072
vid_000370_frame0000045.jpg,92.78069187242798,114.79022725423177,20.514208870212258,28.120386208535674,2714.387334304746,12581.908437757753
vid_000370_frame0000048.jpg,94.07132973251029,115.75319925944011,20.565145961730607,28.541146852178574,2724.8101109739364,12707.186959003797
vid_000370_frame0000051.jpg,93.86668724279835,115.33184305826823,20.700458990083416,28.47274588651079,2663.518947094991,12513.537931553088
vid_000370_frame0000052.jpg,93.82953189300412,115.35370381673177,20.768313706335046,28.44531554715384,2626.9976483181276,12159.792252080282
vid_000370_frame0000055.jpg,93.59517232510288,115.62280782063802,20.65224795320634,28.14142937426634,2656.602498052888,12415.267087166896
vid_000370_frame0000056.jpg,93.641579218107,115.46044413248698,20.4436105047282,27.843573572813877,2592.6121208489917,12082.032630309463
vid_000370_frame0000058.jpg,95.11615997942387,117.30868021647136,20.593380917675884,27.990685639986566,2631.65649100598,12045.553430849453
vid_000370_frame0000063.jpg,100.53587448559671,121.16268920898438,21.30827193212104,29.666368252082272,2464.872176668715,12667.4374409765
vid_000370_frame0000064.jpg,100.62620370370371,121.32402038574219,21.43915602589192,29.539836067301522,2516.4040752952465,12609.487497148803
vid_000370_frame0000065.jpg,100.61262345679012,121.61605834960938,21.555218380099305,29.77693694487163,2445.6954830960767,12238.871037109755
vid_000370_frame0000066.jpg,100.57244855967078,121.64990743001302,21.508090595930287,29.336186973451973,2431.823257313041,12068.14030360966
vid_000370_frame0000067.jpg,100.36658436213992,121.30367024739583,21.631219785379113,29.34424466196459,2466.5188304349927,12073.667867776006
vid_000370_frame0000068.jpg,99.880329218107,121.59398396809895,21.402290892499593,29.268716099748428,2456.9722435975837,11982.854855997255
vid_000370_frame0000070.jpg,98.45181069958848,120.96546427408855,20.73190340363923,28.814476668261687,2505.9062469126275,11939.779094679048
vid_000370_frame0000071.jpg,97.61839763374486,119.70306396484375,20.510041691562307,28.171638565288767,2505.0171434536824,11554.61564041581
vid_000386_frame0000021.jpg,64.92032664609053,90.12759908040364,66.95278642044111,77.01758443752239,4179.918204239005,22349.408876642585
vid_000421_frame0000001.jpg,145.2385088734568,150.48924255371094,37.32709095069366,53.949952622217,267.49928011265297,26215.463183938526
vid_000421_frame0000003.jpg,141.49371334876543,147.2338663736979,36.51407203558639,45.15444601672349,135.35671623957128,13862.28324082843
vid_000421_frame0000004.jpg,146.53134066358024,149.1431427001953,37.86805132262133,52.47818424110372,215.9940764831962,22595.912392802304
vid_000421_frame0000005.jpg,147.01270833333334,149.86433919270834,39.425599133654856,52.19290822185645,213.3746038081584,20751.29493331071
vid_000421_frame0000006.jpg,153.48065586419753,157.08650716145834,38.6923109011637,41.74255211379937,115.16333663673348,10059.80794301047
vid_000421_frame0000010.jpg,148.94549961419753,152.00155639648438,38.7552045788124,54.08578390942032,238.56209921121476,24988.78648661077
vid_000421_frame0000015.jpg,149.0037962962963,151.54027303059897,40.18247975499987,54.230257728154335,196.02025522973332,20731.413498779526
vid_000421_frame0000018.jpg,146.43042438271604,149.71346537272134,41.83626415849834,55.35497671411601,190.56193344786846,21018.81962976209
vid_000421_frame0000025.jpg,145.23535108024691,149.3066151936849,39.87584101042609,46.57312340122071,134.4409632546926,11866.777292116545
vid_000421_frame0000031.jpg,139.13828896604937,146.133056640625,37.33640734291486,52.990046075700526,199.85019092386295,21509.88718856289
vid_000421_frame0000034.jpg,137.15006944444445,143.4088134765625,37.9325598355053,55.750275761810755,237.34609006876795,25114.09255003929
vid_000422_frame0000003.jpg,76.40916666666666,95.04638163248698,55.10199459837308,66.69683778410668,269.10165968334053,5452.588068274548
vid_000422_frame0000004.jpg,77.73915895061728,96.82765197753906,55.94005567086345,68.89469699050417,262.51133911765766,5536.255351235857
vid_000422_frame0000015.jpg,77.72657793209876,97.47868347167969,55.82653549360253,69.88568345334893,283.00945037344474,7607.229982449673
vid_000422_frame0000048.jpg,70.2284413580247,90.87508138020833,49.70757669669977,63.6126831363363,298.5145684630259,6478.234645783901
vid_000423_frame0000006.jpg,164.6737885802469,172.92427571614584,22.98352901908998,30.833076925516433,224.49019320180548,7560.839311836055
vid_000423_frame0000007.jpg,173.06195408950617,179.71240743001303,20.58523932267142,29.66886747847683,226.3750627550583,7070.023867778247
vid_000423_frame0000008.jpg,178.21601851851852,181.06876627604166,20.117790738784755,31.972321960425024,252.71702940534843,6504.432999463519
vid_000423_frame0000009.jpg,178.91022569444445,179.62958272298178,20.73954802365029,36.93517643390881,338.98638557085366,12037.267948246561
vid_000423_frame0000011.jpg,178.82503279320989,177.88629659016928,21.28357836102766,41.68123039505739,473.7299128806784,20898.590577533236
vid_000423_frame0000013.jpg,175.12922839506172,176.08939615885416,22.40885425665453,41.49903205282713,415.5822002017091,18187.574966192245
vid_000423_frame0000018.jpg,173.35032600308642,177.07629903157553,21.831800847621423,36.6601706400802,330.0917390366459,12347.20880276314
vid_000423_frame0000023.jpg,171.30676311728396,177.6868693033854,21.51015123764632,34.760420550708965,305.23689916727614,10739.303280338645
vid_000423_frame0000028.jpg,160.49854359567902,171.30381774902344,28.732124438174395,32.963212522344996,170.17979702768,7339.057494639419
vid_000423_frame0000042.jpg,159.251975308642,168.25243123372397,31.564111222084666,32.239612244030134,163.8374905215835,6711.652807628503
vid_000424_frame0000001.jpg,66.79798611111111,88.45712280273438,50.64445884787036,63.332962271097685,1900.6201613061223,13777.87821039185
vid_000424_frame0000006.jpg,64.84075231481482,87.02411397298177,50.70620364883602,64.15411856721613,1808.5192138524187,12243.535108413547
vid_000424_frame0000008.jpg,82.96147569444445,99.41152954101562,55.57966667120453,65.13937510766195,1319.4355514455538,11039.935123864328
vid_000424_frame0000009.jpg,70.44499614197531,87.05538940429688,48.791052824126616,58.86938176801474,1401.0645730290587,11375.735032758676
vid_000424_frame0000011.jpg,62.476149691358025,80.95851135253906,44.63981263984877,55.82258114854899,1581.7402539351856,12103.165659548482
vid_000424_frame0000014.jpg,62.99888888888889,82.33994038899739,44.94086485195824,56.56532670391063,1525.9058504452466,12133.343138635159
vid_000424_frame0000017.jpg,64.3277237654321,82.32094828287761,45.57067128021999,55.828351891222326,1559.9121592493127,11820.067204592517
vid_000424_frame0000020.jpg,64.29677083333333,82.65122985839844,45.95188982637921,56.79942302691186,1475.403036385158,12077.389318220085
vid_000424_frame0000021.jpg,60.715069444444445,81.18507385253906,43.93201646580032,55.62061008313684,1514.4016100918157,11890.816326006316
vid_000425_frame0000013.jpg,85.32852366255145,106.12195841471355,32.432800329661944,34.27173228945892,2643.1976951967595,12322.949789056322
vid_000425_frame0000014.jpg,86.10445216049382,106.09903971354167,33.927790555056994,35.58466208571162,2693.159641285627,12837.689517583698
vid_000425_frame0000015.jpg,85.39347479423868,104.90494791666667,35.55256367785283,37.4768869789201,2637.80978323468,12292.00572785153
vid_000425_frame0000016.jpg,84.22745627572016,106.0930887858073,32.989476744644406,34.90201522481685,2585.034753052126,11441.540177195333
vid_000425_frame0000017.jpg,85.86629886831275,106.76332092285156,31.39877084753129,33.028592726336576,2512.2809906177963,11618.35245809611
vid_000426_frame0000001.jpg,99.8257175925926,117.16658528645833,34.91721569700765,34.54244035888538,279.6699794876329,4204.4106973668095
vid_000426_frame0000006.jpg,94.86221836419753,113.25269063313802,27.742043292924812,29.32010321153176,285.2915167245036,4077.953058875166
vid_000426_frame0000012.jpg,90.92087770061728,111.41214497884114,24.460475631801657,27.383812771515462,282.65122367939676,3968.683985381387
vid_000426_frame0000017.jpg,93.22746527777778,113.01269022623698,29.490904375325044,30.988539132816307,289.0238547405478,4051.583288654685
vid_000427_frame0000019.jpg,146.86293209876544,159.7414296468099,31.62987831717958,29.98208897791392,82.78118821802124,3045.4553565382957
vid_000427_frame0000021.jpg,144.44645447530866,158.76451110839844,32.05798727306882,29.142615417722077,71.1658323881173,2879.719906833023
vid_000427_frame0000024.jpg,159.02013888888888,172.5790049235026,26.49806566686799,25.382039295242087,56.62244919611089,2890.984422147274
vid_000427_frame0000026.jpg,137.6224652777778,156.2041473388672,26.01951595608712,25.987519730314773,62.063876541066534,2718.1136262407526
vid_000427_frame0000031.jpg,138.43315200617283,158.90130106608072,25.598488297260456,23.98730829850418,55.44924527057077,2360.8158272355795
vid_000427_frame0000033.jpg,115.89158371913581,137.46842447916666,24.42066250326381,23.20571915509977,90.13277846468704,2526.3145303686615
vid_000427_frame0000040.jpg,140.64623070987653,157.03241984049478,27.68216512975181,26.12111442481804,82.55132499785665,3191.8265821372624
vid_000427_frame0000051.jpg,143.31239776234568,157.39855448404947,28.83466047843463,24.619995297373844,65.21654618042159,3066.9769606587943
vid_000428_frame0000010.jpg,154.7254436728395,162.19921875,28.24395933989402,36.687399834274636,88.80571566023127,3889.344291055342
vid_000428_frame0000017.jpg,157.12060956790123,162.7840118408203,28.844971058025063,38.20908636325958,89.54989936982248,4114.752597462153
vid_000428_frame0000022.jpg,154.6690798611111,161.55462646484375,27.459915791425356,37.27520072309988,87.60969990984546,4133.325403049355
vid_000429_frame0000010.jpg,95.31144483024691,129.92833455403647,33.05286705038503,68.16897279031834,361.5208105393398,23718.561502404278
vid_000429_frame0000013.jpg,89.24293981481482,120.24628194173177,35.72852507683645,59.705848961199,280.43107381633655,13064.992874046555
vid_000429_frame0000014.jpg,90.37337770061728,121.95886739095052,37.33454823961664,64.2576124917967,321.57075906300906,18868.072120660683
vid_000429_frame0000017.jpg,88.96542052469135,118.94548034667969,35.68336485329984,59.45394690678304,283.8606077832634,15420.22452072706
vid_000429_frame0000020.jpg,91.70605902777778,118.76712544759114,39.01110988897475,60.99931605382402,295.6448135254576,16922.051814406877
vid_000430_frame0000001.jpg,91.92700231481481,114.49356587727864,27.676727923657808,29.47092654771106,576.498971602795,6359.0471423396375
vid_000430_frame0000007.jpg,96.98742476851852,115.48103332519531,34.569956053479146,32.880572159242504,277.4000975115406,3940.532442665659
vid_000430_frame0000009.jpg,162.9235513117284,166.3375701904297,58.55575949492136,33.70617277578511,193.19312691561646,3582.7976497178897
vid_000430_frame0000010.jpg,96.73845100308642,114.9683837890625,36.98662458326755,34.76643151230006,299.994915923863,4590.859209509334
vid_000430_frame0000018.jpg,84.30261574074073,106.44101460774739,25.526150763237492,30.90439407614612,571.3353065318166,5673.039672288811
vid_000430_frame0000021.jpg,73.52694444444444,98.30641174316406,20.346204071985735,25.84944242911363,591.6494473966035,5031.007049884414
vid_000431_frame0000001.jpg,124.22771219135802,141.75242614746094,30.655098760700106,38.57316159829935,214.28987383291405,4108.7769238119945
vid_000431_frame0000002.jpg,125.14635416666667,141.18704732259116,30.610104972795398,37.868897089485536,208.56376568072704,3890.5911494863685
vid_000431_frame0000003.jpg,143.3680613425926,151.75695292154947,29.37720768535043,38.50729637829731,165.56595639866123,4662.858260350069
vid_000431_frame0000004.jpg,147.9867148919753,155.85514322916666,28.488116549534393,38.29339508124051,161.10419033444254,5815.7942450025585
vid_000431_frame0000005.jpg,143.9648649691358,155.0326894124349,27.112584134709568,36.52432631112333,165.1961021057045,4846.710399368545
vid_000431_frame0000006.jpg,127.18201195987655,143.98719787597656,23.405447558791224,37.74060890165134,181.8667972173997,6628.986677608453
vid_000431_frame0000007.jpg,128.06341435185186,145.21442667643228,23.683325893531897,41.301713695189676,193.32954156164269,7017.095545715652
vid_000431_frame0000008.jpg,131.08427469135802,146.56122334798178,24.187324592119417,40.21495378851104,193.82472147620348,7159.069244679064
vid_000431_frame0000009.jpg,131.2721797839506,147.12513732910156,24.1735775549914,36.55189387254817,178.16280326632693,4654.838827695698
vid_000431_frame0000010.jpg,124.43976658950618,142.76300557454428,24.68192217859232,39.97021750475789,193.29888398836027,6605.803724496625
vid_000431_frame0000011.jpg,125.17557484567901,143.6874542236328,26.033397336279922,40.21356797738774,196.2456052435646,6225.069430596894
vid_000431_frame0000012.jpg,125.55666473765432,142.5830281575521,25.784292440134376,37.404817670600764,204.84217555670094,4917.835197191453
vid_000431_frame0000013.jpg,118.64085455246914,137.16657002766928,26.577350530660812,39.45979767715213,214.49240142090514,5908.55691078282
vid_000431_frame0000014.jpg,118.71468942901235,137.5743153889974,28.19150019315092,39.5410365553072,216.7731763800141,5972.535453414312
vid_000431_frame0000015.jpg,117.77814429012345,136.16283162434897,28.268812032833974,38.92309520103429,214.91046770176933,5607.505824183812
vid_000431_frame0000016.jpg,113.75644097222222,131.8154551188151,28.630533759195057,37.6956181954139,218.51917965735922,4817.147026214516
vid_000431_frame0000017.jpg,113.61036072530864,133.24415079752603,30.261445204759795,39.46783543007969,236.9071177484876,5459.757593756309
vid_000431_frame0000018.jpg,112.87235725308642,131.87298583984375,30.75771382342932,39.26427795811021,226.57953008291406,5799.414012408815
vid_000431_frame0000019.jpg,111.22322337962963,128.72675577799478,30.867859792334265,35.04951221265627,216.66217359419878,3822.755816128105
vid_000431_frame0000020.jpg,108.27295138888888,127.65941365559895,29.459970222882625,37.48279008148832,251.3758382939761,5327.933285245439
vid_000431_frame0000021.jpg,108.07051118827161,126.72792561848958,31.594275857883765,38.4775720439936,250.01790478395057,5093.2407866977155
vid_000431_frame0000022.jpg,106.89980324074074,126.75369771321614,31.868866983808136,37.97331343486188,253.6209506507403,5133.965171124786
vid_000431_frame0000023.jpg,115.25769290123456,134.11828104654947,31.694503582350304,40.0909715830542,234.91784744513032,5723.748929797672
vid_000431_frame0000024.jpg,115.69618827160494,135.57404073079428,32.92291598167086,41.263955466449296,241.2426325833963,5937.893356344663
vid_000431_frame0000025.jpg,114.3399961419753,132.44874572753906,33.38161775838091,41.202221352571186,230.70243679802036,5625.117172658211
vid_000431_frame0000026.jpg,113.8135223765432,131.77552795410156,33.770257786586306,41.03401846843022,226.37070919482485,5676.894400596619
vid_000431_frame0000027.jpg,113.72821566358024,131.86353556315103,33.599811992232425,38.11507730460469,232.27631126620238,4314.662980880588
vid_000431_frame0000028.jpg,110.12629050925926,130.10340881347656,33.09126394375928,37.96533834789603,250.36737933907213,4503.59518881049
vid_000431_frame0000029.jpg,114.20069444444445,134.0334726969401,32.48402087445561,39.70416078046933,248.84485783497163,5928.461025238037
vid_000431_frame0000030.jpg,112.86983796296296,131.3984578450521,34.693380054017645,41.67514001646474,260.12072501714675,6282.958649649285
vid_000431_frame0000031.jpg,115.48363233024692,132.0269012451172,43.13214033570434,45.42569636197636,252.12880198567706,4853.553320724284
vid_000431_frame0000032.jpg,125.15324266975308,141.0366007486979,43.697983523082044,47.06572411403051,228.63151527506514,4933.7688476657495
vid_000431_frame0000033.jpg,124.0066512345679,141.3503214518229,43.1547858995831,48.01388864173402,257.03828295392736,6008.219490613788
vid_000431_frame0000034.jpg,122.98307291666667,137.538330078125,43.35267544788074,45.81718701290831,251.0933058449074,4438.198534950381
vid_000431_frame0000035.jpg,116.50874035493827,130.53465270996094,54.1235273086337,51.778920023428036,271.9492701096523,4595.818754834821
vid_000431_frame0000036.jpg,104.34387152777778,121.66756184895833,52.15522807215194,50.099309327545484,294.04435907811296,4213.882838196121
vid_000431_frame0000037.jpg,96.4112750771605,115.34414672851562,46.533072109586406,46.71480996180476,313.32389027935176,4181.47342717275
vid_000431_frame0000038.jpg,92.83539737654321,114.07372538248698,44.67377345640701,47.8207460481008,202.9063484854239,4139.503450451186
vid_000431_frame0000039.jpg,96.66880208333333,117.22824096679688,43.23143911109045,44.615361098363614,277.05832676903157,3698.9611237607896
vid_000431_frame0000040.jpg,100.3683449074074,119.48140970865886,46.49776421139856,46.843002536773646,280.6089779187028,3886.6215454898775
vid_000431_frame0000041.jpg,98.07076581790123,117.7126973470052,48.339215377956066,48.753414063058926,298.6100236094701,4346.892121445155
vid_000431_frame0000042.jpg,70.80839891975309,98.92672729492188,16.249415648984293,30.033817171926053,307.59386959605274,4310.379956876626
vid_000431_frame0000043.jpg,72.86513310185185,100.5298360188802,20.307572373850267,34.500584619105,319.3802124480238,4399.801509013167
vid_000431_frame0000044.jpg,77.62744598765433,104.64243062337239,27.55809659747542,37.43022530977047,317.12534775668587,4072.2443896522745
vid_000431_frame0000045.jpg,84.39222993827161,108.49782816569011,33.70180484043375,41.896944622153626,302.3885935871056,4284.090145639144
vid_000431_frame0000046.jpg,87.59980324074074,111.57129923502605,38.2280770199924,43.73114284639159,223.02685785108025,4338.935264598345
vid_000431_frame0000047.jpg,96.91213734567901,118.61129760742188,38.178943117800515,41.75202840028128,276.3242088629745,3514.2714685117826
vid_000431_frame0000048.jpg,90.05711226851852,113.30340067545573,36.64637006842385,40.1362042398027,287.17767478445967,3629.203719811281
vid_000431_frame0000049.jpg,82.85068094135802,106.24747721354167,31.73873805866233,37.91398809555687,289.482551357241,3746.1551518291235
vid_000431_frame0000050.jpg,101.23287808641976,124.01930745442708,26.102770905972893,33.76457707394867,249.45499677640606,3884.059399412712
vid_000431_frame0000051.jpg,164.80448302469136,171.7155507405599,36.3792507693368,39.39637388884709,144.36372722144526,3471.8232195936143
vid_000431_frame0000052.jpg,174.52133294753085,179.7450205485026,28.85676947342489,35.67685304145924,113.1620343845111,3123.2070904634893
vid_000432_frame0000001.jpg,124.18460648148148,135.14263407389322,55.70893565215887,59.97779787690247,307.2422980318716,22416.595426199725
vid_000432_frame0000002.jpg,125.46255787037038,135.8735605875651,55.928203176813476,59.448116552320464,269.67895541355887,21083.417697057128
vid_000432_frame0000003.jpg,128.85647955246912,135.8485565185547,56.71195284893461,54.5057650801561,229.63237621497638,13728.798533853143
vid_000432_frame0000004.jpg,111.55065200617284,122.07923380533855,52.29333817565372,55.231822143818114,288.4360237734362,13386.998752630316
vid_000432_frame0000005.jpg,97.79008680555556,113.52419535319011,49.57405648620148,62.38582829110555,406.3858653763383,21120.237888928503
vid_000432_frame0000006.jpg,97.71075424382715,111.6047871907552,52.84038092754879,62.35695704433386,433.07520961850435,14868.84462718456
vid_000432_frame0000007.jpg,98.31702932098766,112.4487813313802,54.7084217804346,65.01301672190039,461.47397646122687,18848.390829490265
vid_000432_frame0000008.jpg,97.42835455246913,111.41072082519531,54.66215433853525,65.16801877449758,484.25522111183454,19171.11187088117
vid_000432_frame0000009.jpg,96.43681712962963,110.64122517903645,54.429042225217614,64.52348443196303,456.4699874807099,18212.05057281605
vid_000432_frame0000010.jpg,94.83516203703704,110.68119812011719,54.163699353666395,64.77444820532567,473.73379583333326,19252.175028452417
vid_000432_frame0000011.jpg,93.44571952160494,109.47013854980469,54.006422561192295,63.78823327098938,460.2836422303669,18284.72455945518
vid_000432_frame0000012.jpg,92.36951581790123,108.64769999186198,53.744660545488856,63.61965949707371,463.6233009032868,18146.368754383177
vid_000432_frame0000013.jpg,89.79210069444444,104.86196390787761,51.59574079397801,59.98845285303128,397.232540411603,13896.394100257894
vid_000432_frame0000014.jpg,80.9074787808642,94.96084086100261,47.41956573927233,49.856923052412846,316.89336368550534,8191.4079887603875
vid_000432_frame0000015.jpg,76.56058834876544,92.59460957845052,44.86708368783021,47.25303024813521,234.90109267283412,8674.686768516898
vid_000432_frame0000016.jpg,78.73227044753087,94.75554911295573,45.704481685259445,47.08862316990098,205.12957141602232,8310.649023433914
vid_000432_frame0000017.jpg,69.76884837962963,85.47092183430989,45.89622457703154,50.62107550134385,224.3954058022749,9017.606013552984
vid_000432_frame0000018.jpg,53.384236111111115,72.46240234375,45.15203681971549,55.55627869217506,307.9257379396206,10394.379817962646
vid_000432_frame0000019.jpg,47.856203703703706,68.00323486328125,44.80605619099502,56.32263376667694,337.9347439793382,10243.666611141525
vid_000432_frame0000020.jpg,45.923680555555556,65.76303609212239,45.329388753390226,57.50293143005318,373.14240705774046,10902.630049433326
vid_000432_frame0000021.jpg,46.8915837191358,66.07338968912761,45.92106321123419,58.27662620158171,380.0560449454518,11584.343038232764
vid_000432_frame0000022.jpg,47.67151427469136,67.37959289550781,45.77544088205126,58.0141429803045,369.2841905852141,12025.035687092459
vid_000432_frame0000023.jpg,55.38022183641975,74.57864379882812,50.93143707033558,58.01279290881142,303.9736051611797,9868.030840358697
vid_000432_frame0000024.jpg,59.47303047839506,80.59601338704427,56.90941535981126,61.982933138273225,473.2683913480782,12616.723581675207
vid_000432_frame0000025.jpg,58.53080825617284,81.22104390462239,56.67500758945633,61.90351968321898,474.1731141459565,13388.597545221215
vid_000432_frame0000027.jpg,71.80523341049383,93.16836547851562,65.49611500119914,66.7716701641715,482.4488519908681,16262.581049706787
vid_000432_frame0000029.jpg,64.9794849537037,85.57070922851562,69.1044326615109,60.24310858479632,300.0630571940104,6804.804770073853
vid_000433_frame0000001.jpg,107.60488811728395,126.33840433756511,30.59298133511193,45.70292467594368,246.46595776638455,12453.439563605702
vid_000433_frame0000003.jpg,107.67621141975309,125.96531677246094,30.07019717556777,47.320844900922935,253.00181645846064,14316.216445661848
vid_000433_frame0000004.jpg,108.20192901234567,126.84554545084636,29.22757641561755,48.85182553338477,268.40433718050735,16833.714974558912
vid_000433_frame0000005.jpg,108.4378761574074,127.72501627604167,27.777441848720443,48.27281539138029,243.64368222572523,15087.767727225088
vid_000433_frame0000006.jpg,111.1812075617284,129.9662831624349,27.22762877589314,47.761231783636966,236.16053943594474,13131.872792086564
vid_000433_frame0000007.jpg,110.27994020061729,132.25606282552084,24.19046018181863,43.54113150711499,195.9416390769341,8140.532287951559
vid_000433_frame0000008.jpg,112.8055574845679,136.13685099283853,22.55754025327109,42.307680135137254,203.31042328528886,8907.372041165829
vid_000433_frame0000009.jpg,113.28018132716049,134.87379455566406,24.27641899575067,37.46009116779385,157.1176635413653,4432.512300073169
vid_000433_frame0000010.jpg,110.21834297839506,133.0746053059896,23.509931862386,36.76599283043276,161.64137300102746,4125.912128313445
vid_000433_frame0000011.jpg,111.69113811728396,133.0057118733724,23.448366529838534,37.44882973822879,160.56899039231288,4545.394537720596
vid_000433_frame0000012.jpg,110.45017168209877,133.17355346679688,23.882168260264283,45.60619930538868,196.48843652209794,10338.156031077495
vid_000433_frame0000015.jpg,111.21246334876543,132.17367553710938,26.30430530857619,51.80336309658286,241.01628249300734,17622.236445844173
vid_000433_frame0000016.jpg,108.8287924382716,127.07981363932292,32.38539565222346,52.77459498080916,263.6313482155296,15011.177742261207
vid_000433_frame0000018.jpg,103.41506944444444,125.55745442708333,31.648353033984186,58.18377243082282,314.6038196177541,23411.569485231303
vid_000433_frame0000026.jpg,100.49179398148148,123.51814778645833,27.422280576442066,44.95628738808061,251.92819258505742,10086.078443120932
vid_000433_frame0000027.jpg,102.79364197530865,127.83256530761719,23.227910846470273,46.891267534096265,244.95249621913578,14374.432660630904
vid_000433_frame0000028.jpg,107.5064274691358,128.94805908203125,18.272425475609815,32.173221447041385,181.8092121008016,5221.505679335445
vid_000434_frame0000012.jpg,86.8994849537037,119.18697102864583,44.1854509640359,67.42968927054467,430.7562170419869,21366.651547460817
vid_000434_frame0000013.jpg,85.5708063271605,116.82305908203125,41.19705302351199,60.3924212157471,319.8023654813958,12832.442428550683
vid_000434_frame0000014.jpg,84.14036265432098,116.12955220540364,41.45267955706934,58.84459980445379,261.917321947338,11634.929248789093
vid_000434_frame0000017.jpg,81.24489197530865,115.21105448404948,40.65805546147139,60.464278393615906,275.9012373969854,14961.205933507299
vid_000434_frame0000021.jpg,82.45102430555555,116.15795389811198,40.80331645575836,59.23385755363976,266.11949565958827,14100.041735322913
vid_000434_frame0000024.jpg,82.63972800925926,115.64188130696614,40.93146892247247,60.23886762037421,279.0538513803155,14408.946351735853
vid_000434_frame0000033.jpg,86.71514660493827,115.00592549641927,43.24830980134312,51.90772844796572,227.459164925733,4767.2758780436125
vid_000434_frame0000034.jpg,104.81070601851852,126.8637186686198,49.17018518839861,49.196778147893916,269.0735351706841,3010.4587804591283
vid_000434_frame0000035.jpg,106.52893904320987,129.07431030273438,50.048035719224444,52.326695678981395,284.92680725938254,4887.306287310785
vid_000434_frame0000036.jpg,110.3590412808642,132.1957550048828,51.526319718131,51.80634649456674,296.44245148520554,4501.399135351181
vid_000434_frame0000037.jpg,103.89190393518518,128.30271911621094,48.0340162795863,53.06639460775201,292.0989777519237,6814.444309859537
vid_000434_frame0000041.jpg,106.96364197530865,129.7609405517578,51.861950067679054,53.82830826304493,296.8809012811522,6958.3428384193685
vid_000434_frame0000044.jpg,107.26252893518519,129.69925435384116,51.666411105337296,53.68917552558605,296.45623555166407,7060.263203158043
vid_000434_frame0000047.jpg,104.60538387345679,127.70811971028645,50.3820159616157,54.76156536595187,308.78043906970026,7750.733125448227
vid_000434_frame0000056.jpg,109.97814429012345,131.8597615559896,52.119085587845184,54.61187262119057,318.9431180875718,7788.596320427023
vid_000434_frame0000057.jpg,105.7811400462963,128.88883463541666,50.913587373665294,54.675032729280694,299.3719471932535,7481.204009256326
vid_000434_frame0000059.jpg,110.52156635802469,131.3692830403646,52.21950822011087,53.986603126416455,308.84396420061194,7195.759667036822
vid_000434_frame0000060.jpg,101.52458140432098,124.70389811197917,49.06698402406169,53.50635023285481,290.44384830246923,7312.124958469532
vid_000434_frame0000064.jpg,111.84061535493827,132.74310302734375,52.795536190797485,53.89259010615223,308.3798503833578,6840.747909374302
vid_000434_frame0000069.jpg,108.78848958333333,131.45325724283853,51.71259994330309,52.69584474120329,289.786562394976,5698.170408483362
vid_000434_frame0000071.jpg,105.02610532407408,128.87743123372397,50.27419350553946,51.83524045084968,291.3576150911726,5842.730408608913
vid_000434_frame0000074.jpg,115.59614969135802,134.4087168375651,53.345460924285824,55.94654773546862,252.1259324403278,5155.825408905512
vid_000434_frame0000075.jpg,84.43727430555556,117.15145874023438,41.15098128481636,60.27270113326926,260.07498609182096,14185.075004150858
vid_000434_frame0000077.jpg,82.71673225308642,115.78205871582031,42.126313889106875,64.44862912168135,372.4272261540584,19538.84501229576
vid_000435_frame0000001.jpg,45.13357831790123,63.08324686686198,33.11456460079568,44.064052920475824,306.1896082013835,4798.692188470624
vid_000435_frame0000003.jpg,45.875163966049385,63.85172017415365,34.03478097537559,45.88572708528934,872.8959175582991,8227.271462611621
vid_000435_frame0000005.jpg,45.477235725308645,63.19230651855469,33.49958400327885,43.91937707379571,305.5898930600767,4612.788864733418
vid_000435_frame0000006.jpg,45.65062885802469,63.61433410644531,33.791962082412866,44.29600107321189,306.59163950563703,4610.876542193582
vid_000435_frame0000007.jpg,46.18933256172839,63.60150655110677,34.96510906968751,45.112944212985724,303.5309033778815,4795.76351240254
vid_000435_frame0000008.jpg,45.689533179012344,63.37238057454427,34.7522772592663,44.9558079437139,305.54133366970484,4750.902258208953
vid_000435_frame0000009.jpg,45.691992669753084,63.70745849609375,34.78970445679734,44.635266413073175,302.04119799690824,4444.08435100317
vid_000435_frame0000011.jpg,46.02826774691358,63.478169759114586,35.3164139304912,45.54803928350201,309.72688405550736,4968.965588900959
vid_000435_frame0000012.jpg,46.239012345679015,63.28131612141927,35.650162637671656,45.695489684872456,306.8515242283951,4836.448034456931
vid_000435_frame0000013.jpg,46.61944637345679,63.410491943359375,36.40500951659502,45.81467150318952,301.91411309785985,4445.81838330254
vid_000435_frame0000014.jpg,46.591961805555556,64.02620951334636,37.64662497130417,46.97607873351042,303.0699631814504,4616.931141569978
vid_000435_frame0000015.jpg,46.81293788580247,63.761454264322914,41.49003010879857,47.702917095105526,304.0161187869392,4309.907435204834
vid_000435_frame0000016.jpg,44.90513310185185,62.57783508300781,40.63766648548897,47.20636624489178,314.3913848352503,4339.137960953405
vid_000435_frame0000017.jpg,43.95531635802469,62.25812784830729,37.23540580552023,45.79711056117908,313.5133360925914,4630.252292575082
vid_000435_frame0000018.jpg,43.156657021604936,61.35090637207031,34.290603880931286,44.63544596838359,317.910144524686,4791.143447227543
vid_000435_frame0000019.jpg,41.62823109567901,60.58428955078125,31.458109449715803,42.37339680078756,311.85044386091823,4385.674337252043
vid_000435_frame0000020.jpg,40.80977816358025,59.96388244628906,30.638354641587558,41.84302824001598,318.9818542242355,4563.153763896786
vid_000435_frame0000021.jpg,40.88226658950617,60.01648966471354,30.996516361932272,41.78803940273055,314.74630353598684,4379.918929561973
vid_000435_frame0000022.jpg,40.88892361111111,60.1629892985026,31.103402380757128,42.09268376728953,316.2497469230914,4344.751030317508
vid_000435_frame0000023.jpg,41.39043016975309,60.374064127604164,31.734654729653585,42.287299961766706,311.29408869906865,4291.134197697043
vid_000435_frame0000024.jpg,41.296265432098764,59.66608683268229,31.696063121153752,42.208991716612,324.45008266618316,4623.4990553623065
vid_000435_frame0000025.jpg,40.69076774691358,60.14574178059896,29.936727393263766,41.54838688240498,317.2691158090265,4463.724107986083
vid_000435_frame0000026.jpg,40.25547260802469,59.20824686686198,29.396565336392552,40.74102089830983,315.20733440550924,4472.149069480365
vid_000435_frame0000027.jpg,41.152881944444445,60.56687927246094,30.323735365119173,41.9417227413064,312.19869418509944,4260.776994645596
vid_000435_frame0000028.jpg,42.32442129629629,60.57770792643229,35.23834292045101,43.086227946138514,313.5377221788194,4030.142222925788
vid_000435_frame0000029.jpg,39.40493634259259,57.57202657063802,37.09791908243264,43.80473394673772,326.1901590458623,4201.584260655334
vid_000435_frame0000030.jpg,37.081757330246916,55.96649678548177,34.88778986567038,42.523761662871784,336.98645929770555,4380.818270853721
vid_000435_frame0000031.jpg,34.27312692901234,55.021443684895836,27.05387376529332,40.35268391430301,339.2594574288074,4757.445503829978
vid_000436_frame0000004.jpg,72.96870370370371,93.62315877278645,57.209852024716746,59.49016585232713,579.1776162776157,6060.016928750789
vid_000436_frame0000005.jpg,72.08240547839506,92.6494649251302,56.427231810673874,58.850797364366294,559.1740347210166,5730.347835998749
vid_000436_frame0000006.jpg,73.88927469135803,94.39485677083333,57.368908240029626,60.16583631000637,540.6575626925999,5798.363034302136
vid_000436_frame0000007.jpg,76.0879224537037,96.29589335123698,58.547570013122815,61.233812392270785,536.4520359519677,5638.916369335493
vid_000436_frame0000008.jpg,74.32466049382717,94.78787231445312,57.33095882148587,60.490528931285525,549.8900278425805,5939.749762639403
vid_000436_frame0000009.jpg,75.7691300154321,95.61852518717448,58.28694041060874,61.22156405410209,542.9614352848173,5826.067118510604
vid_000436_frame0000010.jpg,75.68349537037037,94.43056233723958,58.029035396496276,60.38446185759142,541.1981245177468,5721.610017211875
vid_000436_frame0000011.jpg,76.77295910493827,95.27761840820312,58.666340614570544,61.269349200135125,525.8209309386453,6267.981729594758
vid_000436_frame0000012.jpg,71.00319637345679,90.7205810546875,55.18803497747652,59.13837786768063,595.1259072400925,7468.546064730734
vid_000436_frame0000013.jpg,71.67515625,89.87242635091145,56.12898088726008,58.86884511418574,575.874271025029,6731.125783161959
vid_000436_frame0000014.jpg,71.53938078703703,88.19518534342448,56.93609102079002,59.0734157700122,599.267996208285,7443.8271776100155
vid_000436_frame0000015.jpg,66.06895833333333,83.8238016764323,54.266961365351115,56.573158820038806,630.0149610974138,7013.760607114993
vid_000436_frame0000016.jpg,70.08382330246914,86.889892578125,57.52377852303814,59.478394350414625,634.5258435326847,7276.678777872585
vid_000436_frame0000017.jpg,66.86843942901234,84.20536295572917,56.187919041501345,58.40218286246402,660.2006383744521,7193.476855501533
vid_000436_frame0000018.jpg,65.07644097222222,82.42354838053386,55.04094190009822,57.348747851062775,661.223917245069,7072.32978092134
vid_000436_frame0000019.jpg,63.45823109567901,81.39443461100261,53.73149153016472,55.63159328016817,617.147024512891,6392.847624137066
vid_000436_frame0000020.jpg,67.12712577160494,84.65416463216145,55.96016419878946,58.233468009532395,660.1604627592111,7288.41256124503
vid_000436_frame0000021.jpg,66.54546682098766,84.88303629557292,55.49122453053112,58.14015260806745,656.7369070987653,6860.8066214376595
vid_000436_frame0000022.jpg,60.361875,79.94569905598958,50.032190904769394,53.74287517708191,684.4108658652892,6599.888419396244
vid_000436_frame0000023.jpg,60.59431327160494,80.49998474121094,49.95250261041819,52.90065874483784,672.4421195439761,6515.0074794327375
vid_000436_frame0000024.jpg,66.47850694444445,85.4638671875,55.40242856155043,56.93439787849167,647.7602366635588,6266.23780176579
vid_000436_frame0000025.jpg,71.14912422839507,89.94838968912761,58.04546924946366,59.47627590201838,624.6624811760211,6091.646571870893
vid_000436_frame0000026.jpg,72.17190779320988,90.63913472493489,58.47207173860935,59.82267846164356,628.3893104422528,6195.970507085323
vid_000436_frame0000027.jpg,67.78516589506172,86.77452596028645,55.650967928134186,57.38419747519459,608.6926969373915,6136.347067802912
vid_000436_frame0000028.jpg,63.95656828703704,83.14688618977864,53.20792825070909,55.08547818979245,661.9390919774186,6545.1629402784165
vid_000436_frame0000029.jpg,62.896257716049384,83.06044006347656,52.330324812157706,54.877058046054806,652.6788200969597,5957.190705544315
vid_000437_frame0000006.jpg,65.44667438271605,84.26163228352864,59.51672724118825,67.60809896799435,1564.650402902326,11579.54758323892
vid_000437_frame0000007.jpg,39.30170910493827,61.78962707519531,42.637126702767496,57.55210191153151,1982.02302717965,12646.802552867448
vid_000437_frame0000008.jpg,28.495258487654322,52.629496256510414,34.48221971895742,52.38945003550749,2202.6712615204906,11720.798282088479
vid_000437_frame0000009.jpg,28.70233989197531,52.7499745686849,33.59354229656466,50.41804902674168,2177.1119371741775,11698.88439761009
vid_000437_frame0000010.jpg,38.65737461419753,63.54930623372396,36.98877303254365,52.10751593665424,2109.4965172152297,11929.400392260402
vid_000437_frame0000011.jpg,45.56331018518519,69.02034505208333,38.71266097682865,51.595416548058395,2052.9752622685187,11937.251838087803
vid_000437_frame0000012.jpg,47.561525848765434,71.54246520996094,39.29656374457774,53.153818463458556,2024.4293196611568,12345.528659387492
vid_000437_frame0000013.jpg,48.97238811728395,73.20569356282552,39.55618778666067,53.63557452159343,1965.6105729166666,12435.048956468469
vid_000437_frame0000014.jpg,51.60441936728395,75.24587504069011,40.35460746320445,53.88952474697588,1834.2202099099993,12226.750825858675
vid_000437_frame0000015.jpg,54.73530478395062,76.86057027180989,41.841981156009865,54.584379935500046,1738.5891872628586,12342.629769453546
vid_000437_frame0000016.jpg,56.247638888888886,78.11375427246094,42.9962220452669,55.89903334715916,1635.3222968701773,12505.555034539662
vid_000437_frame0000017.jpg,53.764274691358025,75.70814005533855,42.19782835086994,54.47311944667634,1788.7027641877519,12787.1148398777
vid_000437_frame0000018.jpg,53.109783950617285,75.43126424153645,41.60595447149586,53.55663000523749,1753.9353943060646,12420.659270742675
vid_000437_frame0000019.jpg,48.66557677469136,69.86714680989583,40.99625565646455,52.102158375665454,1867.0447498263889,12660.590759969316
vid_000437_frame0000020.jpg,48.5666975308642,69.94569905598958,41.10099795529128,52.25930738684414,1791.8408201597526,12497.585878234124
vid_000437_frame0000021.jpg,48.65498842592593,69.71603902180989,41.12499276004502,51.612238072066994,1815.26377103022,12529.812342310091
vid_000437_frame0000022.jpg,48.582073688271606,69.22416178385417,41.01771386975451,51.12914140546361,1773.816538580113,12323.840890374035
vid_000437_frame0000023.jpg,49.44268325617284,70.15164184570312,41.519131786407215,51.815293305263914,1776.2343011809837,12379.30687945988
vid_000437_frame0000024.jpg,48.481066743827164,69.68214925130208,41.647123846801506,51.77553995108522,1815.6040648528594,12345.524364381097
vid_000437_frame0000025.jpg,49.32875192901235,69.79966735839844,42.11406545294252,52.39648688666832,1860.043496776406,12364.138540046057
vid_000437_frame0000026.jpg,48.94044174382716,69.3911844889323,41.7405658128009,52.152385150253025,1721.6552925826463,12092.229393876158
vid_000437_frame0000027.jpg,48.917743055555555,69.20987955729167,41.640483866109584,51.52660778929612,1809.3274807090395,12345.267240448855
vid_000437_frame0000028.jpg,50.07811728395062,70.78131612141927,42.06069822518342,53.15039023918565,1808.388329260974,12650.066218730062
vid_000437_frame0000029.jpg,51.09076774691358,71.5615234375,42.48893236007274,53.46549496904763,1798.0253526472684,12372.660239650868
vid_000437_frame0000030.jpg,51.385306712962965,71.62439982096355,43.02407968383829,54.49501296761148,1811.2580632707677,12666.770609792322
vid_000437_frame0000031.jpg,51.1915412808642,72.51807149251302,43.25758594868047,56.078852033778,1853.755766881236,12730.66714856564
vid_000437_frame0000032.jpg,51.58858024691358,73.93929036458333,43.11425153212867,56.57172413824447,1780.9911396885918,12479.319402708672
vid_000437_frame0000033.jpg,52.605555555555554,75.10414123535156,43.3059638905273,56.8141344164244,1801.141200626795,12924.350767817115
vid_000437_frame0000034.jpg,51.518047839506174,74.6618143717448,42.50524865793658,56.09577499489348,1871.2596060955448,13304.30720993504
vid_000437_frame0000035.jpg,52.01359375,74.8666280110677,42.981210167682335,56.26644004907394,1852.9781929675441,12822.78894465766
vid_000437_frame0000036.jpg,52.150219907407404,74.93377685546875,42.95425555813408,56.29095648770873,1801.3653940352997,13068.130003138445
vid_000437_frame0000037.jpg,52.555725308641975,75.81357828776042,43.399386138755936,57.11254111539861,1848.7445818222404,13276.378714992665
vid_000437_frame0000038.jpg,51.7866724537037,75.24899291992188,42.95419186758005,56.70051040377516,1890.4088825697324,13229.523421287537
vid_000437_frame0000039.jpg,51.532364969135806,73.74190266927083,42.409145284282026,54.87415472882856,1912.6487769927767,13116.864112362266
vid_000437_frame0000040.jpg,51.02872299382716,72.88448588053386,41.657117477853646,53.725820739016896,1778.8383055177455,12541.951568227028
vid_000437_frame0000041.jpg,51.33604166666667,72.96755981445312,41.882163939380895,53.447055518654906,1843.7740875768593,12936.638751297258
vid_000437_frame0000042.jpg,51.14030671296296,73.3236083984375,41.5026361043444,53.198267430904494,1795.9676856910148,12603.632760720095
vid_000437_frame0000043.jpg,51.68007137345679,72.94102478027344,41.85069707789106,52.820702159774896,1822.941126677035,12627.367291604867
vid_000437_frame0000044.jpg,51.84708719135803,72.9272969563802,41.920325722999046,52.52749634454733,1824.5742224191088,12653.945578550687
vid_000437_frame0000045.jpg,51.770684799382714,72.82621765136719,41.913825254756894,52.618916206101616,1851.6014678914555,12451.033361064037
vid_000437_frame0000046.jpg,51.16784722222222,71.9462178548177,41.54902729464289,52.37469279889273,1789.8305980031707,12494.11998065468
vid_000437_frame0000047.jpg,50.01999035493827,71.58684794108073,41.036726856319255,52.38249513789867,1822.9245115728684,12355.329358042916
vid_000437_frame0000048.jpg,48.75448688271605,70.76232401529948,40.54024141426054,51.671008904497434,1876.6857133225094,12276.918620968005
vid_000437_frame0000049.jpg,49.00616705246914,70.60932922363281,40.68055454278889,51.65730039800059,1888.9450918113089,12241.402548808372
vid_000437_frame0000050.jpg,48.85414930555555,70.52484639485677,40.56102154410652,51.41549468393903,1813.629537046548,12020.854051961564
vid_000437_frame0000051.jpg,43.583516589506175,64.40186564127605,39.2731454557898,49.45147497759938,1876.3279699072734,12142.13716616854
vid_000437_frame0000052.jpg,40.29166473765432,61.10002644856771,38.26782853239951,48.377731988921084,1857.935789846831,11755.096944153076
vid_000437_frame0000053.jpg,49.5591724537037,69.6714579264323,43.59460367178185,52.66364296486244,1732.0311635025507,11713.535362586379
vid_000437_frame0000054.jpg,49.527935956790124,69.63609313964844,43.514547850976356,52.48598836052751,1726.730003990343,11833.579556874698
vid_000438_frame0000001.jpg,25.821510416666666,42.47649637858073,34.52468564463139,41.85714680525639,2084.1663855290585,11277.000903069973
vid_000438_frame0000003.jpg,25.632233796296298,41.073760986328125,34.04423829120069,40.47981169191773,1869.3083085389603,9583.888672167202
vid_000438_frame0000004.jpg,25.539529320987654,41.3103993733724,34.28090094623928,40.89524436465321,1953.346985234181,9960.479911870323
vid_000438_frame0000005.jpg,25.66578703703704,41.204020182291664,34.422937046470395,41.09975711243029,2076.1338404800226,10653.728145561181
vid_000438_frame0000007.jpg,25.480225694444446,41.17121378580729,34.13552892598981,40.87210683129918,2109.8439121921283,10520.371571078664
vid_000438_frame0000008.jpg,25.05291473765432,41.11551411946615,33.37293820490919,40.57578133015224,2069.9082497151694,10600.552289169049
vid_000438_frame0000009.jpg,24.885505401234568,41.170979817708336,32.73018343917678,39.99652086656138,2027.1441408929181,10348.589205058059
vid_000438_frame0000010.jpg,24.722773919753088,40.8073984781901,32.54434370156914,40.05485865731857,2083.9762364888425,10377.789477815619
vid_000438_frame0000011.jpg,25.932644675925925,41.218851725260414,34.351345822079466,41.87121001583222,2054.298859772022,10282.87893128302
vid_000438_frame0000012.jpg,29.765896990740742,45.18218994140625,39.752510075188574,48.10931198679553,1974.0754549848557,9906.77826194372
vid_000438_frame0000013.jpg,26.25204475308642,41.31830851236979,35.30916227076804,42.97356066919216,2101.5547956820938,10265.665622614091
vid_000438_frame0000014.jpg,24.924918981481483,39.9028065999349,33.60751133433673,40.83663971042601,2015.0419700274351,10472.872554331087
vid_000438_frame0000015.jpg,25.4414949845679,40.5703125,34.18345261779515,40.90573485817251,2083.7159294415173,10508.397692090832
vid_000438_frame0000016.jpg,26.67114776234568,41.91919453938802,36.102355489211085,43.40673846854378,2017.6185092001833,10614.82316588983
vid_000438_frame0000017.jpg,29.43221064814815,44.54352823893229,39.74889871879298,46.07986425100147,2025.1222473229595,10418.15721925511
vid_000438_frame0000018.jpg,33.11875385802469,47.57776387532552,44.7485550338086,50.72698257545666,1987.2171496886453,10408.081535015022
vid_000438_frame0000019.jpg,32.23987268518518,48.18647257486979,42.29521750810444,48.01710139607997,1935.133226529814,10506.699466582388
vid_000438_frame0000020.jpg,34.567750771604935,50.32616170247396,45.13534346027945,51.68639916866288,2100.587749189681,11223.935121103888
vid_000438_frame0000021.jpg,34.092010030864195,50.10587056477865,44.06746912496957,50.810348098774426,2116.3064762342665,11124.301034685224
vid_000438_frame0000022.jpg,31.83322723765432,47.636027018229164,41.044658300931005,47.819632847099854,2017.7899909443588,10780.383275424829
vid_000438_frame0000023.jpg,30.87099922839506,46.78856913248698,39.731190644574106,46.240183407017646,1919.3900297268508,10086.577831925591
vid_000438_frame0000024.jpg,32.314430941358026,48.394856770833336,41.51397834741225,48.51990357454486,2062.1591105961716,11055.793145801872
vid_000438_frame0000025.jpg,30.726427469135803,46.98731486002604,39.182812618229626,45.89189649553628,2060.5862969259047,10836.969052202068
vid_000438_frame0000026.jpg,29.42099922839506,45.25713602701823,37.27240524194892,44.07968481193206,2090.208987953184,10820.06585497572
vid_000438_frame0000027.jpg,29.06070216049383,44.979410807291664,36.77775574396195,43.13778639412184,2042.521001851852,10088.660285516642
vid_000438_frame0000028.jpg,30.693323688271605,47.50422668457031,38.793412392922534,46.71743899748889,2036.9642733517665,11029.606523072114
vid_000438_frame0000029.jpg,33.802382330246914,50.18426005045573,42.36020732318707,50.144690944944,2077.1607793075914,11229.7181389553
vid_000438_frame0000030.jpg,35.40687885802469,52.10688781738281,44.358784784503,52.703453837384814,2116.948755786501,11539.593891706318
vid_000438_frame0000031.jpg,35.0740374228395,51.55451456705729,43.88741254043088,52.09212801949522,2129.1677015005776,11147.889427884482
vid_000438_frame0000032.jpg,32.85402006172839,49.53289286295573,41.290960743073256,49.48907202532754,2037.0436396167897,10844.906951367855
vid_000438_frame0000033.jpg,32.61100308641975,49.39714558919271,40.91248211701778,49.34471099236521,2034.5386418304988,10843.33600276336
vid_000438_frame0000034.jpg,31.169525462962962,47.957550048828125,39.17987902058944,47.50261650041089,2065.6388383293415,11069.532424390083
vid_000438_frame0000035.jpg,30.896194058641974,47.713399251302086,38.71202826150741,46.280708448691655,2000.8120612118487,10673.91839967575
vid_000438_frame0000036.jpg,32.06767939814815,48.71302286783854,40.05859159948402,47.44381154146446,2033.491061883486,10753.067374879261
vid_000438_frame0000037.jpg,31.44232638888889,48.502278645833336,39.51073741763681,46.91325289094465,2115.7789118103447,11162.787857079646
vid_000438_frame0000038.jpg,31.114618055555557,47.77999369303385,39.05374535536365,46.32441372870145,2095.556618802211,11044.042398763588
vid_000438_frame0000039.jpg,30.56599922839506,47.3813222249349,38.07598148865074,44.960070768612546,2100.172543778902,11000.028522267006
vid_000438_frame0000040.jpg,30.602646604938272,47.6884765625,37.98907138497878,44.96689398467508,2131.489802878515,11058.56802249304
vid_000438_frame0000041.jpg,30.7778800154321,47.581878662109375,38.005768795136476,44.859327261301125,2125.568715817767,10853.108284047805
vid_000438_frame0000042.jpg,30.77037037037037,47.78143310546875,37.63646883591632,44.511950184478614,2066.4749694668158,10929.79162493255
vid_000438_frame0000043.jpg,31.52105324074074,49.19202168782552,37.22439551659461,43.87021196286293,2028.4066819937414,10822.420516431332
vid_000438_frame0000044.jpg,32.79103395061728,50.922505696614586,37.02063887602388,43.23157717712986,1977.270002309155,10660.994581012987
vid_000438_frame0000045.jpg,33.07319637345679,51.32073974609375,36.9858041138532,43.27496253450639,2113.8600152129416,11343.540895744227
vid_000438_frame0000046.jpg,32.34300347222222,49.84918212890625,36.94894000748445,42.89709235334548,2084.822091201561,10988.010493000736
vid_000438_frame0000047.jpg,31.527243441358024,49.22752380371094,37.22862987034707,43.371380374951244,2147.7391222945603,11188.709070324665
vid_000438_frame0000048.jpg,31.724550540123456,48.99300638834635,37.37628055181874,42.974315654211345,2035.5926203269678,10541.79635038576
vid_000438_frame0000049.jpg,30.741059027777776,48.045979817708336,36.73679462865992,42.85563510577406,2057.9038275607304,10802.422935976647
vid_000438_frame0000050.jpg,29.943912037037038,46.47730000813802,36.24678634079817,42.19925826506702,2024.242633050914,10416.153732717037
vid_000438_frame0000051.jpg,28.997092978395063,45.98700459798177,35.26528701166736,41.758607615692384,2168.4646493375717,11103.429708472453
vid_000438_frame0000052.jpg,27.843541666666667,45.10792541503906,34.11723139927475,40.81548733759177,2099.3067133889194,10906.504078805447
vid_000438_frame0000053.jpg,27.728229166666665,45.5775146484375,34.33354142147406,41.95540083668189,2257.506187269289,11646.707142165862
vid_000438_frame0000054.jpg,27.748231095679014,45.75958251953125,34.259060284398515,42.308793368637744,2192.493666632373,11270.173808576306
vid_000438_frame0000055.jpg,28.748537808641974,46.460174560546875,35.55720671870455,44.38992755764583,2198.726153731433,11457.472294196486
vid_000438_frame0000056.jpg,28.568300540123456,46.888946533203125,34.59201011418565,44.61893330051223,2136.7663838347426,11293.905351664871
vid_000438_frame0000057.jpg,27.45561535493827,46.287862141927086,33.78086091197056,43.29202423021757,2207.31693748071,11350.173315896653
vid_000438_frame0000058.jpg,27.65469714506173,46.095662434895836,33.770155791591655,41.768207822666156,2116.1012116150323,10889.514460721752
vid_000439_frame0000008.jpg,96.63144804526749,120.56496175130208,38.93127875164848,49.37217954454391,2158.1429698671604,22383.255470091244
vid_000439_frame0000009.jpg,99.65051440329218,121.81851196289062,40.54989305652831,47.80620523309029,2086.770578057782,20590.0465156883
vid_000439_frame0000010.jpg,100.89102109053498,123.83587137858073,42.89974044302335,51.97410666219975,2397.587455875391,28444.870505135274
vid_000439_frame0000011.jpg,98.41999742798355,121.77561950683594,44.491616156647375,51.098468264090656,2271.8688621393817,23389.71688216552
vid_000439_frame0000012.jpg,82.51753600823045,108.5034688313802,47.4679300022911,51.788365178230386,2445.711043381344,21092.724912390113
vid_000439_frame0000013.jpg,66.50300925925926,92.60924784342448,53.151521084718304,52.066835121287895,2555.753128034919,11726.621059547877
vid_000439_frame0000014.jpg,54.33536779835391,77.64708964029948,59.244924251199464,56.009227006819046,2883.1533444634974,9530.35476616188
vid_000439_frame0000015.jpg,48.38432098765432,68.86060587565105,62.98700191743669,58.67229500119399,2941.329852766108,7541.641043480486
vid_000439_frame0000016.jpg,46.72218878600823,65.24758911132812,66.79715523872999,61.85178567511986,3063.4766705951834,7359.012509668013
vid_000439_frame0000017.jpg,47.64101080246913,64.16781107584636,70.16640712619433,64.75872902607574,3034.0856602208482,7038.786072429037
vid_000439_frame0000018.jpg,48.93850565843621,64.21967061360677,72.86162763565993,67.20939806532242,3102.114619797859,7951.645672803512
vid_000439_frame0000019.jpg,51.386895576131685,66.34794616699219,75.22851080572934,69.75242154239774,3010.1329454008533,7922.841524878284
vid_000439_frame0000020.jpg,53.46519804526749,67.95493062337239,76.9705877684232,71.19611955134623,3041.3943770404067,9318.402605449548
vid_000439_frame0000021.jpg,54.683847736625516,69.06118774414062,77.83930840872645,71.55604422951819,3034.9546800401995,8408.526943031466
vid_000439_frame0000022.jpg,51.55310956790124,64.66544596354167,74.78408298049713,68.01223496615025,2952.617985782405,8368.498853093944
vid_000439_frame0000023.jpg,49.72122427983539,62.93582661946615,72.45561554791364,66.1470127331567,2931.108094952894,7630.6945663308725
vid_000439_frame0000024.jpg,41.18355195473251,57.04248555501302,60.84832027919305,61.831331100394074,2873.6459721498245,7354.09961534827
vid_000439_frame0000025.jpg,38.461005658436214,55.18505859375,58.22655449333754,60.611506617445755,2877.1706481481483,7473.506425902015
vid_000439_frame0000026.jpg,37.1614274691358,53.9716796875,57.671415171648114,59.86061293130888,2855.8554934725557,7086.20794053725
vid_000439_frame0000027.jpg,35.6911445473251,52.52704874674479,56.846190046611966,58.95980017844996,2826.8107595962415,6931.97286250419
vid_000439_frame0000028.jpg,37.374323559670785,52.64549255371094,61.6014134878734,58.29393617276561,2622.648241370349,6535.668760711094
vid_000439_frame0000029.jpg,42.07503343621399,57.84741719563802,67.28796406603617,62.30890307334605,2547.034286053717,7190.41765492782
vid_000439_frame0000030.jpg,49.564681069958844,71.79241434733073,64.79411218441531,60.88191269774252,2757.4427049896526,9085.228134847246
vid_000439_frame0000031.jpg,60.6364737654321,88.06072489420573,51.86413876990003,52.09894508887504,2825.91646450135,12743.027190379566
vid_000439_frame0000032.jpg,67.61414351851852,96.81310017903645,41.26000684285956,48.02106459621985,2685.591661536863,18291.735467224382
vid_000439_frame0000033.jpg,71.89132458847736,99.78526814778645,36.64066702849159,43.35406079311521,2389.87073757716,13723.443246480078
vid_000439_frame0000034.jpg,79.00964763374486,100.49936421712239,47.915032038992194,48.032675849065825,2233.8573027584875,12337.052184215747
vid_000439_frame0000035.jpg,50.44307355967078,74.54884847005208,42.288665375688254,44.011065326247135,2442.516280092354,9933.837070354959
vid_000439_frame0000036.jpg,49.167746913580245,73.16198221842448,36.31943603662166,39.36249454917251,2502.2381184232586,9835.212900398066
vid_000439_frame0000037.jpg,53.35125,76.96584065755208,31.288084989759106,36.00654179410603,2384.467391179353,9804.70831401064
vid_000439_frame0000038.jpg,53.59734567901234,77.77720642089844,27.844009358425932,34.012120646245656,2305.5022788965452,9540.22783550038
vid_000439_frame0000039.jpg,61.35937757201646,86.02021789550781,25.762187655191624,32.8122098692736,2149.4637361073005,9748.673982742941
vid_000439_frame0000040.jpg,65.70588477366255,90.53926086425781,23.10462545524277,31.256401927691503,2106.812741969534,9825.230596046662
vid_000439_frame0000041.jpg,68.51966306584362,93.6865234375,20.71396877116335,29.664405234721784,2064.1176938999743,9490.814450807637
vid_000440_frame0000001.jpg,102.67041923868312,123.22269185384114,31.58407684194654,41.7487845714894,4070.7293346991214,16151.792561545735
vid_000440_frame0000007.jpg,102.6135596707819,123.39267476399739,33.45626014491607,43.11652497125786,4227.028711899863,16679.64781061164
vid_000440_frame0000012.jpg,101.11343621399178,123.1195780436198,33.30903022252784,43.053901229185044,4114.917113334239,15994.95838569454
vid_000440_frame0000017.jpg,102.01120884773663,121.62132263183594,31.65852840322855,41.538887898220835,4251.806782338583,16019.398543020478
vid_000440_frame0000018.jpg,101.75775720164609,121.99295043945312,31.893893682476506,42.331091246976094,4231.7339386430585,16462.323304949095
vid_000440_frame0000020.jpg,101.18868827160493,121.59537251790364,32.29523184027043,42.42649436690616,4072.7482285662913,16255.706702109426
vid_000440_frame0000024.jpg,106.81139146090536,125.66847229003906,29.594038410331045,40.45982180689173,3717.4011828655484,16427.798512931913
vid_000440_frame0000025.jpg,105.0702109053498,125.01735432942708,25.692847667236407,36.71715967765,3577.1652279568666,14552.330870615086
vid_000440_frame0000026.jpg,104.6646116255144,123.87297058105469,26.024944838285265,37.85843083273383,3707.7688391165602,15309.575112685561
vid_000440_frame0000027.jpg,103.16488425925925,122.70907592773438,26.8239758607743,38.02251969841133,3691.3534761278765,15098.93210801389
vid_000440_frame0000028.jpg,102.33663323045268,121.50047810872395,28.12532274313672,39.42432826149001,3947.153768106758,16808.408825585386
vid_000440_frame0000033.jpg,99.51810442386831,118.75483703613281,29.065124591119957,40.53644582150207,3926.1254401862684,17753.099998084595
vid_000440_frame0000034.jpg,99.12014917695473,117.96808369954427,29.34471209538927,40.84659445524163,3987.9040870653766,18423.720868370496
vid_000440_frame0000038.jpg,98.3711445473251,118.30743408203125,31.43466289060499,42.90116283997655,3991.112257167353,19308.19590243604
vid_000440_frame0000039.jpg,99.32202160493827,118.55796305338542,35.68160124367025,45.63460683927207,4090.9267829637247,20143.118549599312
vid_000440_frame0000040.jpg,99.4308153292181,118.36567687988281,36.76826388223175,46.891804315406226,4395.164025277147,22003.82415714464
vid_000440_frame0000041.jpg,96.1384799382716,116.61940511067708,37.132551992052726,48.03510965184994,4307.3414123218645,21841.018965958618
vid_000440_frame0000042.jpg,91.91180812757202,113.46510314941406,36.91592525622046,48.55232727636602,4512.5483111796975,22496.308505400084
vid_000440_frame0000043.jpg,90.42999228395061,112.49790954589844,34.37969296285389,47.5330849058744,4352.342267189583,22327.779029385885
vid_000440_frame0000044.jpg,90.89940843621399,112.34147644042969,33.15732768604373,46.95340130171553,4236.389707110137,23210.31304749474
vid_000440_frame0000045.jpg,90.46213477366256,113.23615010579427,32.38039524566967,47.10744163577931,4140.206392703511,22182.709626748227
vid_000440_frame0000046.jpg,89.15051440329218,112.52308654785156,31.06808134963817,46.47957297556072,4036.903214676688,21776.76035831473
vid_000440_frame0000047.jpg,88.8107304526749,112.4894510904948,31.110870122766688,47.049963839497075,4325.68517120574,24275.94597308128
vid_000440_frame0000048.jpg,88.82299382716049,112.59664408365886,31.173495259191885,46.29720127035725,4200.119338271366,23569.99356433656
vid_000440_frame0000049.jpg,90.09469650205762,113.20078531901042,31.534862455102132,46.770377264754245,3951.0047105833114,21711.34066555556
vid_000440_frame0000050.jpg,89.2525462962963,112.91593933105469,30.274161798992907,45.944634094814,4097.71993525925,23419.85988886631
vid_000440_frame0000051.jpg,90.0916383744856,113.51936340332031,30.311973724435582,45.427464739188636,4130.275181133723,22070.501069340622
vid_000440_frame0000052.jpg,90.72345679012345,114.2531026204427,30.60066880413692,45.47573938549296,3850.847593627055,20712.70892947144
vid_000440_frame0000053.jpg,91.32829989711934,114.06356811523438,31.219184552054635,45.600011859339894,4073.0315103994603,22739.803632243536
vid_000440_frame0000054.jpg,91.10710648148148,113.94183858235677,30.993372398393387,45.37961578987644,4085.746818089611,22666.443383196136
vid_000440_frame0000055.jpg,90.17915380658437,113.57263692220052,30.988879013849235,44.8746909509139,4159.068038674554,21562.352007122478
vid_000440_frame0000056.jpg,90.39208333333333,113.42301432291667,31.132740746357147,44.40375003642509,3898.888761999826,19982.294234289788
vid_000440_frame0000057.jpg,91.12975565843621,113.44503275553386,30.995118631876267,44.82558656733106,3956.0257481974454,21825.856027263915
vid_000440_frame0000058.jpg,91.18582304526748,113.25521850585938,31.364310955110295,45.08948168781268,4232.988722980432,22621.74312898307
vid_000440_frame0000059.jpg,90.59827160493828,114.11346435546875,30.86926015182891,43.809290114489194,3863.8007468942897,19816.84715192928
vid_000440_frame0000060.jpg,89.6125,112.07009887695312,31.287367257774175,45.59681489636116,4107.497570897098,22019.73945858702
vid_000440_frame0000061.jpg,90.0451646090535,112.20289103190105,31.931403252222275,46.57362802418654,4162.464855056811,22045.092733498663
vid_000440_frame0000062.jpg,89.93509516460905,111.89930216471355,32.2436212120227,47.63620813116047,4189.318554983937,23126.287814246258
vid_000440_frame0000063.jpg,89.96844135802469,112.31418355305989,32.094717908596174,47.51044130202899,4217.166783226106,22611.73017122969
vid_000440_frame0000064.jpg,90.94409465020576,113.15056864420573,31.712849560813066,46.732719816229924,4210.6392019646755,22966.536360024475
vid_000440_frame0000065.jpg,91.08077932098766,112.58187866210938,31.844377405360678,46.97487904679333,3960.5130185098856,21531.8588433282
vid_000440_frame0000066.jpg,91.39292952674897,113.05332438151042,33.22085516678527,47.48777592004707,3933.0243814199794,20968.51377193234
vid_000440_frame0000067.jpg,91.41026491769547,113.44673156738281,33.46579280623698,47.405509371001244,4227.11319843369,22118.745160167804
vid_000440_frame0000068.jpg,91.59367026748971,114.07656351725261,34.05194193498427,47.73877952997148,4308.649810943395,22270.55832134839
vid_000440_frame0000069.jpg,92.05815329218107,113.9368184407552,35.08657360018491,48.35535368597546,3940.1770261044794,22013.67798018083
vid_000440_frame0000070.jpg,93.18206790123457,114.57778422037761,35.788063270852156,48.84135895898181,4127.02307591253,23281.933529726928
vid_000440_frame0000071.jpg,93.66410751028806,115.2870585123698,36.036010407526,49.49288164797015,4484.873428935186,24424.314573273063
vid_000440_frame0000072.jpg,98.08298868312757,118.1552225748698,35.11149877771622,48.87846784550694,4317.874948125047,23525.428352333372
vid_000440_frame0000073.jpg,100.95806841563785,119.0609639485677,38.05296508449318,49.15026554081791,4458.426870255999,23154.693419456482
vid_000440_frame0000074.jpg,102.06766203703704,120.31541951497395,39.28902947353371,49.47485810329751,4338.686918655455,22760.341353263706
vid_000440_frame0000075.jpg,99.2879475308642,116.87098693847656,39.05433540590913,49.506765119536794,4387.205388811729,22340.589427575236
vid_000440_frame0000076.jpg,98.30305298353909,116.33350118001302,38.769326362541015,49.0262982472253,4284.93610190609,21612.291714481777
vid_000440_frame0000077.jpg,97.07694958847736,116.26896667480469,36.89621789024526,49.274982952539844,4437.8950128598435,23045.625099814497
vid_000440_frame0000078.jpg,98.57538323045267,117.40748596191406,40.38779765047619,51.826384276431845,4169.499561896946,21401.057257316075
vid_000440_frame0000079.jpg,98.46545781893005,117.60308329264323,41.101186305086905,52.576584572749006,4445.366067063841,22923.33838146832
vid_000440_frame0000080.jpg,99.68968106995885,117.75356038411458,35.6745555412679,46.969246265461194,3575.7154604623315,18771.77376558236
vid_000440_frame0000081.jpg,105.01877829218107,121.15823872884114,34.684871685160836,46.58219945783894,3556.472824573236,18943.846981763607
vid_000440_frame0000082.jpg,101.80215277777778,119.35490417480469,27.52836088995054,38.35128564060726,3449.414966037713,15319.71260160557
vid_000440_frame0000083.jpg,100.8666049382716,120.14485677083333,26.10498379636607,38.06687186247642,3574.3858701602626,15873.543805952882
vid_000440_frame0000084.jpg,100.10419495884774,119.80059305826823,25.334540762629764,37.20772734549863,3601.057993207733,15646.159732580185
vid_000440_frame0000085.jpg,99.17894290123456,118.90506490071614,24.649033643981475,36.60801461137827,3612.7291248740194,15889.002438809723
vid_000440_frame0000086.jpg,99.47502314814815,119.22597757975261,24.14327707257161,35.662273412741854,3470.3268281604846,14924.979758145055
vid_000440_frame0000087.jpg,100.91956018518519,119.53968302408855,23.92294682702922,35.431175633215155,3478.9862454694407,15555.335918094963
vid_000440_frame0000088.jpg,101.75510030864197,120.26460774739583,24.310187515574768,35.12308317203303,3456.371518479879,15330.4297272095
vid_000440_frame0000089.jpg,100.9159799382716,120.32420857747395,23.75550143758363,34.63904656952264,3346.179024451065,15218.248875780962
vid_000440_frame0000090.jpg,102.01720164609054,119.87415059407552,23.66189706738772,34.662171911785876,3474.330144146282,15868.330054283142
vid_000440_frame0000091.jpg,102.80413065843621,120.76832580566406,23.89589753810584,34.848736277316384,3467.2034520745224,15848.874746288871
vid_000440_frame0000093.jpg,97.32983024691357,118.82086690266927,27.444993210737714,37.09198181421467,3668.0072881939086,15764.695888552582
vid_000440_frame0000095.jpg,89.96877314814814,112.4105224609375,29.842411624581654,38.44099309738202,4373.431920688955,16143.48373595043
vid_000440_frame0000097.jpg,92.52648148148148,114.51155090332031,29.96960889246559,38.423453708388436,4126.01401312151,15285.320715359412
vid_000440_frame0000098.jpg,103.53581275720164,122.96474711100261,26.624320415947345,35.16559993305191,3375.73174375,14070.351319830632
vid_000440_frame0000099.jpg,102.46497427983539,120.72740681966145,26.818179095327306,35.875514693594276,3384.0142630979935,13661.746911478927
vid_000440_frame0000100.jpg,100.72093106995885,119.20189412434895,27.263240943553967,36.91312953617561,3626.9406577798145,14307.07850199542
vid_000440_frame0000101.jpg,101.19143775720164,118.80686950683594,26.652355635989434,37.16298961670882,3608.146216210789,14238.375244951807
vid_000440_frame0000102.jpg,101.20623456790123,119.86336771647136,27.348551041179014,38.879452279120024,3598.0152373282936,13702.631243868731
vid_000440_frame0000103.jpg,98.44083333333333,118.08153279622395,27.377583071942478,39.29980024455422,3796.0153929392786,13401.39660993754
vid_000440_frame0000104.jpg,97.85950102880659,117.87111409505208,27.412305044596735,39.170998280339035,3981.6435106580907,13520.671236932278
vid_000440_frame0000105.jpg,97.42557613168724,117.63524881998698,27.661206533524425,40.36740495001653,3908.291754410473,14597.145044829696
vid_000440_frame0000106.jpg,97.88863940329217,117.78993225097656,28.1956876856092,40.966844317482064,3708.168105841097,14473.309921509586
vid_000440_frame0000107.jpg,98.25832047325103,116.62802124023438,29.109281227089593,41.05277717822659,3849.7529256315133,14801.732142552733
vid_000440_frame0000110.jpg,95.88238683127572,115.13855997721355,30.126146810856707,42.69765912497436,3971.4508771932988,15359.340481779538
vid_000440_frame0000114.jpg,95.36094135802469,114.97250874837239,30.49299655035592,44.09972515235567,3932.2556597391304,15755.225707420846
vid_000440_frame0000116.jpg,92.76845164609054,113.04880777994792,30.066669602011288,43.23670979545835,4056.702933363281,15190.226839270443
vid_000440_frame0000117.jpg,88.19601594650206,108.92281087239583,29.759507870860283,39.4692817434494,3999.1227828312544,15543.506624307483
vid_000440_frame0000118.jpg,82.9360262345679,106.49563598632812,30.609763186215343,38.074965183339906,4261.745734447636,14847.438860552153
vid_000440_frame0000119.jpg,85.97364197530864,109.49925740559895,33.789731981081175,42.45797949316374,4670.67747247728,17793.436894992134
vid_000440_frame0000121.jpg,88.5988091563786,111.53287760416667,29.248945852089008,37.52224298823075,4183.892983421865,16012.685503855115
vid_000440_frame0000122.jpg,89.78064814814815,112.16041564941406,27.695067547350952,34.7030176886767,3539.982498502277,13816.18559014704
vid_000440_frame0000123.jpg,85.17926183127572,108.16228739420573,25.68298668400275,32.400064113232716,3249.2541810027415,12169.027280744165
vid_000440_frame0000124.jpg,85.82833847736626,108.56676228841145,25.43928243806461,31.800718447185005,3576.397175923783,12821.063548343023
vid_000440_frame0000125.jpg,94.0881378600823,115.65792846679688,26.469678849285025,32.69122089599882,3431.976360691015,12714.809195186943
vid_000440_frame0000126.jpg,95.57989711934157,116.02079264322917,27.924042607490968,34.2521019357674,3545.3435072011107,13632.312239345163
vid_000441_frame0000001.jpg,41.791734182098764,67.89366149902344,43.68234088342661,59.93340436421147,2143.9729770703393,13826.062534434488
vid_000441_frame0000002.jpg,42.04437307098765,67.98015848795573,43.75637136777224,59.81602814032914,2157.5338430048855,13434.254716392606
vid_000441_frame0000003.jpg,37.998146219135805,63.707244873046875,43.16737623689554,60.29239040628379,2311.1650424687805,13480.962620100938
vid_000441_frame0000004.jpg,41.24093942901234,66.45741780598958,41.3884307148041,60.4657779092129,2282.899999710346,16255.115181006258
vid_000441_frame0000005.jpg,49.30366705246914,74.99662780761719,38.230373490612656,57.92441346086765,1843.8049511851366,13136.679014095804
vid_000441_frame0000006.jpg,47.90561728395062,73.98900858561198,37.19623740706064,57.559675094095454,1799.2886310908225,13108.15697919554
vid_000441_frame0000007.jpg,46.179600694444446,74.42317708333333,37.45886136686864,60.13708787687586,1905.0411353402765,14013.136948279804
vid_000441_frame0000008.jpg,45.922478780864196,74.64417012532552,37.48588282768698,61.10455831277494,1975.527956251574,16674.485727429157
vid_000441_frame0000009.jpg,48.73866705246913,75.84827168782552,38.21597274387096,60.25156573793311,1852.2111712935837,13987.141494039213
vid_000441_frame0000025.jpg,48.77906635802469,75.76337178548177,38.152482354054776,59.83212991758808,1951.289272134211,15995.571599263465
vid_000441_frame0000056.jpg,47.01674189814815,74.32581075032552,37.602772537434745,59.20345423736606,1843.4365057784637,14899.186667641392
vid_000441_frame0000066.jpg,30.230021219135804,53.588765462239586,39.62774118579997,57.38311266377704,2281.2458296486184,13945.293982583797
vid_000441_frame0000067.jpg,35.26959683641975,60.250996907552086,41.77902730695804,58.88221448381969,2385.9743708196356,14650.646809994942
vid_000441_frame0000068.jpg,42.515389660493824,68.53861490885417,44.00089459715232,59.64768544345926,2001.2432503724067,14220.0140046624
vid_000441_frame0000069.jpg,42.643557098765434,68.99206034342448,43.974201201359705,59.73637878026451,1972.1166548888407,13999.084083197406
vid_000441_frame0000070.jpg,45.38256944444444,72.28948465983073,44.327051457646256,61.11708276486523,2074.1270684999986,14681.438336815685
vid_000442_frame0000001.jpg,55.500725308641975,78.4647928873698,46.680930560811554,65.94044351800454,1864.0978095763405,18360.46884350083
vid_000442_frame0000002.jpg,55.7460725308642,78.18801879882812,46.73156746948719,65.38743286156912,1867.1369019525891,17683.654622789472
vid_000442_frame0000003.jpg,55.569895833333334,79.01957702636719,46.75720708860617,65.73185928972133,1953.6742263398264,17632.9380260685
vid_000442_frame0000004.jpg,52.26518518518518,75.00245157877605,46.67265868571092,65.77918746528134,2079.8319910831406,18458.648226201534
vid_000442_frame0000005.jpg,57.83548225308642,80.71866861979167,43.28701706885787,61.98130118485147,1625.5118514392243,13854.986042622244
vid_000442_frame0000013.jpg,61.669764660493826,84.17249552408855,43.88139918713328,61.8823356204895,1672.0228206435131,15064.384578186786
vid_000442_frame0000015.jpg,67.87368441358025,88.58739725748698,50.98786144810978,65.78789602079117,1661.839130086129,13845.07846799842
vid_000442_frame0000019.jpg,67.16965470679013,87.1006571451823,50.69142795512106,64.51230947428196,1604.7618017502773,13352.731743879383
vid_000442_frame0000027.jpg,62.45549575617284,86.49670918782552,45.47661294476356,64.54028559997356,1711.9264049949365,15404.720575913787
vid_000442_frame0000039.jpg,61.21930169753087,82.6516825358073,44.711586262593194,63.114754871810874,1483.7118762774348,15890.318827449344
vid_000443_frame0000001.jpg,71.36449266975309,93.14596048990886,52.47299196939545,72.24527494902931,1184.0060551790966,15304.317062338581
vid_000443_frame0000003.jpg,71.67869791666666,93.97512817382812,52.55074997778261,72.05143731406383,1165.9403066920318,13272.05969786644
vid_000443_frame0000005.jpg,71.52684220679012,94.09510803222656,52.222970452875046,70.56663111669103,1123.936401590598,11068.709872192703
vid_000443_frame0000010.jpg,71.59688850308642,94.4030253092448,52.69017311916755,72.13732166982956,1247.3259193564331,14540.277828216553
vid_000443_frame0000039.jpg,71.91943479938271,94.63856506347656,52.08069101064807,72.13156551392365,1186.52904217541,16231.458429834805
vid_000443_frame0000069.jpg,71.19661072530864,93.6703592936198,52.09188707251027,72.76104463672229,1197.3375708364144,18264.404216229683
vid_000443_frame0000084.jpg,67.20652391975308,91.56191507975261,48.79603178785074,71.25272719517557,1242.2036327425396,16198.3578905256
vid_000443_frame0000089.jpg,64.24290895061728,86.04962158203125,52.27601761437316,74.6737136657438,1790.5102313355999,27523.102643906837
vid_000444_frame0000001.jpg,83.71760030864198,105.63822428385417,31.61894928051249,47.25893039801483,4153.920412473743,27094.66943116393
vid_000444_frame0000007.jpg,87.57790380658436,110.65933736165364,31.387765481846934,42.89749373639789,3081.8874227344822,17469.080446391366
vid_000444_frame0000009.jpg,89.30493827160494,114.02161153157552,20.813460059451803,33.82078902279366,2689.9805760959052,13130.505239217542
vid_000444_frame0000016.jpg,89.67948302469136,115.12821451822917,25.244316229465007,40.65760272600915,2707.3978574567045,16425.970428678906
vid_000444_frame0000031.jpg,88.77872942386831,114.69212849934895,20.723934623687434,34.34393782841833,2823.556003477878,14949.172024031868
vid_000444_frame0000052.jpg,88.82890946502057,113.89405822753906,21.14409004597885,33.63610643855395,2836.4475617149988,14666.111810710281
vid_000444_frame0000108.jpg,92.96772633744855,118.08251444498698,21.275837658750067,34.7351888927197,2820.187156616512,15150.736692322185
vid_000444_frame0000112.jpg,96.46323302469136,116.26161702473958,34.293010542351624,43.67191736233571,2768.6501844678182,17258.650656080805
vid_000445_frame0000001.jpg,112.34934027777778,129.63691202799478,25.882490311686002,47.25722746306303,191.9034055164395,9482.826892805984
vid_000445_frame0000013.jpg,114.85842592592593,133.06339009602866,38.96855301675726,50.94539321718376,171.747887286603,8499.620353600942
vid_000445_frame0000017.jpg,113.10790316358025,130.4266815185547,47.35122186629785,61.29303290041535,224.10177438830888,12669.349123529159
vid_000445_frame0000031.jpg,108.45590084876544,128.74664815266928,43.41984046499481,60.93273858314198,219.88801768633053,12718.771746722749
vid_000446_frame0000007.jpg,158.66107831790123,164.2943369547526,30.282741166740475,34.529087502897944,434.7651307098765,8145.437240824103
vid_000446_frame0000011.jpg,160.27364390432098,163.65408833821616,33.29040762396581,38.019427228596385,195.32639964795524,5611.5422782504465
vid_000446_frame0000017.jpg,157.79580825617285,161.95398457845053,29.67565097167818,36.184932475679105,427.92498258661135,8422.124427713221
vid_000446_frame0000056.jpg,158.89617669753088,161.94715881347656,29.580675611649195,37.19821493267953,404.4884743666075,7876.460610485636
vid_000447_frame0000010.jpg,166.26400655864197,171.12911987304688,16.63335123941236,33.99612809838912,84.56445080536265,5114.566512580961
vid_000447_frame0000013.jpg,170.53629050925926,173.88230895996094,16.744568129902973,34.392447465138865,88.97074536916475,5335.615896976553
vid_000447_frame0000028.jpg,168.47004822530863,169.03893534342447,18.539434787583055,41.780247797102334,153.4535143976324,11551.558652162319
vid_000448_frame0000003.jpg,171.46407407407406,163.13473510742188,32.72538682925142,50.182405161328184,327.9647858205536,21568.497800068697
vid_000448_frame0000011.jpg,171.20325038580248,163.1969451904297,32.8238883976749,51.405085586190225,363.0734317705319,23826.19227778539
vid_000448_frame0000023.jpg,171.2361612654321,162.57322692871094,33.69200732349349,50.88656216151463,349.4976748392155,22644.313571583247
vid_000449_frame0000011.jpg,104.2459587191358,125.24195353190105,16.916677729511786,20.881043709590095,205.95702960628728,3375.419552318519
vid_000449_frame0000014.jpg,104.12983989197531,124.28191630045573,16.902746713583653,20.954720407071402,205.23614320987653,3697.071917042136
vid_000449_frame0000016.jpg,105.56096836419754,125.90954081217448,14.920142818237087,19.67288129429743,192.2247472908093,3491.809755380964
vid_000449_frame0000017.jpg,107.76603202160494,124.9979960123698,15.356845980728805,22.891500579904953,182.13384066358023,4566.419080636464
vid_000449_frame0000023.jpg,103.32174768518519,118.41035461425781,18.83590784684222,32.5789972592621,221.6973236025377,6387.070783581585
vid_000449_frame0000025.jpg,101.32373263888888,116.16322326660156,21.842182138196442,34.29420911079166,238.20463116627548,7772.476479246281
vid_000450_frame0000025.jpg,98.51822273662552,119.26308186848958,28.705411697626353,44.83884312048647,3071.523889298268,25844.84516380634
vid_000450_frame0000036.jpg,98.90340534979424,120.73500061035156,28.44372242515873,45.011447059023205,2997.998198693928,24824.3738206008
vid_000450_frame0000052.jpg,100.09487654320988,123.41782124837239,28.663648195326026,49.80976527617476,2945.11019552749,28412.550924777053
vid_000501_frame0000001.jpg,79.31889146090535,106.7236836751302,37.49519561961284,49.78425994678204,3958.0466593278456,20598.477978901705
vid_000501_frame0000003.jpg,79.62977109053497,106.64524332682292,37.599357824925384,49.69541620146229,3997.4371203360774,20352.754576790845
vid_000501_frame0000004.jpg,80.03059927983539,106.37583414713542,37.508930039618505,49.32514577384607,3928.132657143002,20655.503105430864
vid_000501_frame0000006.jpg,80.30163323045268,107.11873372395833,37.37370216593082,49.395516852889834,3874.880658919122,19563.612061794847
vid_000501_frame0000007.jpg,80.37644547325102,107.25511169433594,37.05217947471168,49.36773300389954,3910.175317678267,19875.899021681398
vid_000501_frame0000008.jpg,79.97133487654321,107.37795003255208,36.84118155337813,48.846584182109126,3866.288567286749,19879.91167526599
vid_000501_frame0000009.jpg,80.48482767489712,107.52086385091145,36.94097771601837,48.94693422761438,3869.7761820982296,19844.519600894302
vid_000501_frame0000010.jpg,80.48178240740741,108.11721801757812,37.143020593631164,49.99068407850483,3850.520372302002,20636.479326484492
vid_000501_frame0000011.jpg,80.77184156378601,107.40533955891927,36.82244799355785,49.266152472793216,3900.1736112182193,20201.789193946635
vid_000531_frame0000001.jpg,100.04146604938272,128.24156188964844,63.08847777114557,73.43384211098633,4200.193340034806,35862.83318742155
vid_000531_frame0000003.jpg,100.73694187242798,128.2671101888021,63.29053968071247,73.5242020061856,4210.837858448538,35108.51518808305
vid_000531_frame0000004.jpg,100.73553755144033,127.72809346516927,63.4521264925298,73.98457502656031,4291.280837934147,36680.17613502499
vid_000531_frame0000005.jpg,101.59587962962964,128.5075887044271,63.5913901946707,74.07759578395897,4295.112215911256,36841.05573723256
vid_000531_frame0000006.jpg,102.08854938271605,128.6312510172526,63.82854197885722,73.82895354292506,4182.506068921468,35276.38470798358
vid_000531_frame0000007.jpg,100.17470679012345,126.92120869954427,63.53042588017893,74.01608522345428,4329.159803336954,36614.58736621379
vid_000531_frame0000008.jpg,99.66477880658437,127.446044921875,63.44176478256885,74.25515971106708,4278.596018800487,36489.49526354647
vid_000531_frame0000009.jpg,103.02917952674898,128.92595926920572,62.09847300608048,71.47569787347625,3193.151380550733,26402.890539942076
vid_000531_frame0000010.jpg,106.69522119341563,131.90916951497397,61.13992919674984,73.8928576973913,4306.826779034969,37796.71866540029
vid_000531_frame0000011.jpg,109.10122170781894,133.4571787516276,60.08594233774174,73.4324632403927,4197.906723272403,37432.35568841337
vid_000531_frame0000012.jpg,114.34133487654321,135.8249969482422,57.66769302829583,72.26986508077574,3987.796444615912,40390.931847303174
vid_000531_frame0000013.jpg,116.91659722222222,136.80164082845053,55.66149127865234,70.74804185835627,4163.288317055267,39812.422141357325
vid_000531_frame0000014.jpg,110.39965277777777,133.75102742513022,51.281290381504576,71.38981781179466,4432.582460476442,45636.933738645166
vid_000531_frame0000015.jpg,111.8804140946502,134.73074340820312,52.06639217942426,73.1744895499178,4979.581785522167,54747.29034911818
vid_000531_frame0000016.jpg,114.79195730452675,136.51191202799478,52.253417717846055,72.71292326895633,4730.457755932547,52250.41182440147
vid_000531_frame0000017.jpg,117.21602366255144,137.61846415201822,53.40844258286335,73.90245296866912,5191.757601365966,56448.578264748445
vid_000531_frame0000018.jpg,115.22093106995885,136.4356943766276,50.19793615678436,73.35947418096565,5039.254104654814,58346.6879075428
vid_000531_frame0000019.jpg,113.41281378600823,135.3954620361328,50.909543422889314,72.34285299932772,4879.783916020745,53084.952054295456
vid_000531_frame0000020.jpg,113.63279063786008,135.18925984700522,52.446601399268374,74.0781307551852,5284.9669019346675,57341.86436275742
vid_000531_frame0000021.jpg,114.72131687242798,135.96996561686197,53.1892845898441,74.41305724547135,5247.855795112633,56977.47833095491
vid_000531_frame0000022.jpg,116.04061471193415,136.7745107014974,53.99443729095605,74.57238224435417,5282.308429398089,57038.555860299384
vid_000531_frame0000023.jpg,118.70489969135802,139.01732889811197,54.53313497640828,73.54252255879265,4941.686826611798,51918.16013115435
vid_000531_frame0000024.jpg,118.90475823045267,137.7498982747396,56.387404769679314,75.19581283647008,5131.310347161257,54040.70316612627
vid_000531_frame0000025.jpg,119.58303497942387,138.57614135742188,56.154100906414925,74.66295755905364,5028.184321552009,53249.174307187786
vid_000531_frame0000026.jpg,121.47264917695473,140.16364542643228,56.23439443222284,73.45753518228895,4341.39242376329,47416.54388615093
vid_000531_frame0000027.jpg,121.8343878600823,139.58887227376303,57.144974293654236,75.01842435692046,5130.523001577444,52108.66036089882
vid_000531_frame0000028.jpg,121.29434670781893,139.07634480794272,57.45235345596179,75.38025417336083,5022.425281774882,52668.77954477072
vid_000531_frame0000029.jpg,120.09950874485597,138.29789225260416,57.712683619649106,74.59908002729476,4783.484471734909,49149.45981976297
vid_000531_frame0000030.jpg,118.54885802469136,136.4951629638672,58.3677201533308,75.07922320644654,4937.96477929235,50204.91208235896
vid_000531_frame0000031.jpg,114.2577109053498,131.62857564290366,57.85445441613681,73.5534190723745,4360.209201407405,43837.77825712203
vid_000531_frame0000032.jpg,112.44369341563787,132.0420176188151,57.8090356449777,72.79505194495792,3484.3723047791277,34577.931634539505
vid_000531_frame0000033.jpg,115.10115226337449,134.0259246826172,63.61632199835365,73.48336295277086,3365.2230758399537,30675.87407848891
vid_000531_frame0000034.jpg,99.45332561728395,125.98306274414062,66.34738232561136,75.47752276852091,3790.8267835190304,32955.563867693534
vid_000531_frame0000035.jpg,94.83423611111111,122.51683553059895,67.13087345622498,75.36304197331182,3838.712546080473,31789.196942306124
vid_000531_frame0000036.jpg,105.9648611111111,129.26221211751303,66.70493646806888,73.22219099176958,3314.768925360023,27180.657188131474
vid_000531_frame0000037.jpg,94.2585982510288,122.77157084147136,65.31874645747453,74.79027997194534,4211.2607847364525,34738.56073810323
vid_000531_frame0000038.jpg,88.5463554526749,118.56423950195312,64.57058290177415,74.74069964555953,4224.209210009906,33168.97897472605
vid_000531_frame0000039.jpg,82.63725308641975,113.90102640787761,62.50269511938646,73.3142202406198,4271.581857138536,30796.864587398013
vid_000531_frame0000040.jpg,80.01734310699588,111.07626851399739,62.89008080386804,74.03204714915404,4387.22725216472,29650.933106001234
vid_000531_frame0000041.jpg,80.0135262345679,110.93611653645833,60.578046236802145,72.22713768276536,4216.793048932078,29256.558455467224
vid_000531_frame0000042.jpg,85.62181327160494,113.89800516764323,62.74377866626379,74.02412920526737,3598.1795422019677,23719.987905617803
vid_000531_frame0000043.jpg,87.86495884773663,114.41800435384114,63.06459834406875,76.40447712734303,4692.471216319921,34065.376375522465
vid_000531_frame0000044.jpg,88.75299639917695,114.56204732259114,63.41510944554719,77.18051967045255,4990.175836133735,36983.428057547426
vid_000531_frame0000045.jpg,90.0347427983539,116.08146667480469,65.03776535650339,77.88381652230237,4676.680742110339,36659.03113077488
vid_000531_frame0000046.jpg,92.92259516460905,118.40796915690105,67.91336316099459,78.4459671307817,4248.263510842419,33122.597259305185
vid_000531_frame0000047.jpg,96.7360853909465,121.5503641764323,71.23473798207883,80.6702988059783,4525.913749986604,35642.17081776168
vid_000531_frame0000048.jpg,95.17457561728395,121.14418538411458,70.96928720610875,80.78922230544268,4478.749534372082,35654.352051875554
vid_000531_frame0000049.jpg,91.46753086419753,116.95609537760417,64.38172666740952,77.52311913043492,4406.5472257620795,33245.60288661509
vid_000531_frame0000050.jpg,100.31197016460905,123.50008646647136,70.6454541721725,79.14751179567364,4447.171958314043,32032.778166116914
vid_000531_frame0000051.jpg,94.48263888888889,120.59361267089844,69.18674769503559,78.38279696074389,4249.911125810661,33345.084822859615
vid_000531_frame0000052.jpg,85.74125257201646,114.74508158365886,66.06048868657612,74.49296808851484,3581.948884022955,25134.783964312635
vid_000532_frame0000001.jpg,108.86324074074074,130.51309204101562,31.072488105551123,53.91851631939431,3815.417065257714,37707.599127063295
vid_000532_frame0000003.jpg,109.27741769547325,131.13660685221353,31.320469668995003,53.49856522739834,3691.739506058468,35110.68701828923
vid_000532_frame0000004.jpg,107.44855709876543,131.33944193522134,32.01032245300894,56.581474487015285,3936.6354835305206,41398.05293722055
vid_000532_frame0000005.jpg,107.64489711934156,130.69556172688803,31.889228813030694,55.081825878874874,3802.977418791914,37759.0171693319
vid_000532_frame0000006.jpg,107.29442386831276,130.40896606445312,31.800899817376568,54.41416656723407,3655.211519802384,35735.57619418367
vid_000532_frame0000007.jpg,106.72782664609053,129.85203552246094,31.710841400115545,54.7348907648115,3816.2583183296656,36786.3700514005
vid_000532_frame0000008.jpg,105.43836676954733,128.72759501139322,31.699285794216603,55.4742592722346,3925.572914737654,38870.2746782226
vid_000532_frame0000009.jpg,105.31989197530864,128.2007039388021,31.216377210707368,52.376264107929266,3545.5739475260416,31861.110098888865
vid_000532_frame0000010.jpg,104.72468621399177,128.75474548339844,31.706942786048486,56.50305937515561,3935.3204061642664,40118.76561522484
vid_000532_frame0000011.jpg,104.88354166666667,127.69021097819011,31.358528576994974,54.87314132427806,3626.1709043493274,35843.80376711115
vid_000532_frame0000041.jpg,98.19552983539094,127.81562805175781,36.99317224535942,66.26316500012646,4863.4647315323855,60227.379655428
vid_000532_frame0000042.jpg,98.22137345679012,126.73408508300781,36.45763094161404,62.814443568272985,3730.5798506510414,44716.925753630465
vid_000532_frame0000043.jpg,97.41050154320988,126.69951883951823,37.867616140525,62.564808987654665,3374.32194454679,37541.060928176856
vid_000532_frame0000044.jpg,97.86046553497943,126.69786071777344,40.75684859753275,70.50477901413261,4800.925593516375,60175.6390852218
vid_000532_frame0000046.jpg,103.67185699588477,131.43751525878906,37.666629686261246,62.914916471005505,2869.48976570353,37991.158380862325
vid_000532_frame0000047.jpg,106.31591306584362,134.13070678710938,39.15126904933622,66.95254540696328,3355.8996793971955,43536.101879938506
vid_000532_frame0000048.jpg,100.53673353909466,131.1206258138021,39.466244151123334,66.1712208512454,3637.718434827901,41243.21404666989
vid_000532_frame0000049.jpg,97.80020833333333,128.9236297607422,38.52319064601464,61.96530617545281,3317.04329266118,31048.380315167597
vid_000532_frame0000050.jpg,97.60075617283951,129.49138895670572,39.069594935184526,66.6439507027495,3872.961394070966,44627.168954929104
vid_000532_frame0000053.jpg,99.89273148148148,130.44598897298178,38.33766314312382,62.468754333909324,3149.5026508916317,32071.70049174782
vid_000532_frame0000054.jpg,100.6200591563786,132.0543212890625,36.73720339896258,58.285369126345074,2727.9676936325927,25168.88831577613
vid_000532_frame0000055.jpg,99.89826903292182,129.53436787923178,36.77400741677945,53.21019353207261,2503.7626785169946,18050.275448772823
vid_000532_frame0000060.jpg,98.55566615226337,128.98079935709634,38.9509418688805,64.64129140221586,3687.1797558841427,46095.57887038216
vid_000532_frame0000072.jpg,98.27461676954732,128.51042683919272,38.96224912297054,64.63714712215352,3639.6478704203223,46429.34701517876
vid_000532_frame0000073.jpg,97.89641203703704,129.12067159016928,38.3645501245919,61.58547988061362,2984.2383679688696,36333.40117083839
vid_000532_frame0000074.jpg,88.10317386831275,118.65467325846355,45.59728461665406,62.453177789659875,3671.4547985251397,25580.131921607768
vid_000532_frame0000075.jpg,96.09841820987654,126.52996826171875,39.49905202237978,61.37146903440596,3103.021585646005,32696.70885623037
vid_000532_frame0000076.jpg,96.30770576131687,127.52593485514323,37.885487971671886,60.547842052012264,3216.0616661520253,35451.22775833844
vid_000532_frame0000077.jpg,94.25222222222222,126.43343098958333,38.38726185382001,62.7659668382769,3572.5006091772766,42582.979480031645
vid_000532_frame0000116.jpg,89.11358281893004,123.79969278971355,27.435954277407014,49.00097642309477,2250.662138415864,19909.4505787557
vid_000532_frame0000117.jpg,97.09010030864198,132.41258239746094,28.822420983998327,59.09048917394204,3016.135834379049,38926.99880603608
vid_000532_frame0000118.jpg,105.76023662551441,135.36278279622397,33.17093275723733,57.5960383215893,2465.4791592056754,30068.37253070227
vid_000532_frame0000119.jpg,103.9341049382716,134.97357177734375,31.184403242285484,57.61018463264782,2627.7417874942253,32820.56062453217
vid_000532_frame0000120.jpg,104.94328446502058,135.41448974609375,32.078919303771535,58.716084462724915,2609.5258066486035,33972.25100967195
vid_000532_frame0000122.jpg,104.40691615226338,134.32181294759116,30.298484645556844,50.428754024338836,2291.9662973820205,20855.773553328356
vid_000532_frame0000123.jpg,107.01679526748971,135.75022888183594,29.513687551683777,49.66119440759673,2298.8822236451665,21189.733208259335
vid_000532_frame0000124.jpg,108.42665637860082,137.0285441080729,30.17131983301835,48.879031994608766,2321.1707368291327,18447.022605404258
vid_000532_frame0000125.jpg,105.16360853909465,135.24212137858072,30.03568289824007,50.892883871358364,2562.318832590247,21996.484684319934
vid_000532_frame0000134.jpg,104.14792695473251,135.1637725830078,30.234769408684272,54.67784344089816,2649.7472563669317,28364.720597233623
vid_000532_frame0000150.jpg,100.73043724279836,132.85242716471353,32.22386155654538,55.808372709900496,2479.649452989017,31030.005185514456
vid_000532_frame0000151.jpg,99.55613940329218,129.87869262695312,33.958815631099185,57.349083274210564,2770.3284701131092,30618.99878665409
vid_000532_frame0000152.jpg,92.1072968106996,124.77075703938802,36.62260283377384,62.67831605312822,3686.0969277539625,39912.54919057991
vid_000532_frame0000154.jpg,97.82733796296296,126.49442545572917,37.82645923929813,65.58919370896324,3858.502643582284,49292.575403302675
vid_000532_frame0000155.jpg,99.36265174897119,128.02928161621094,35.42898237088585,61.903834198252206,3511.7813432746534,43162.829931195825
vid_000532_frame0000156.jpg,98.29635030864198,127.11047871907552,35.2540310576756,60.09723233264659,3319.4177688609184,41420.86485944595
vid_000532_frame0000157.jpg,97.61177726337449,128.32451375325522,36.24703174564976,64.99706357039385,4575.924806925154,57583.05899429228
vid_000532_frame0000160.jpg,99.30713220164608,129.3401082356771,35.30733070334083,61.97200765244954,3495.707342152254,44146.90838052309
vid_000532_frame0000161.jpg,99.49532407407408,128.9525400797526,37.79405577606126,64.52575264711554,3745.394043228393,46063.49538315437
vid_000532_frame0000162.jpg,98.24604938271605,127.64776102701823,39.74568214027676,66.51782146065031,4081.4367466034496,50806.063253625296
vid_000532_frame0000168.jpg,105.8413425925926,132.3440907796224,27.09871923172596,51.12383583762569,2524.4512748435354,29194.686601266265
vid_000532_frame0000169.jpg,106.6617566872428,132.26037089029947,25.37093036149595,45.52867728242333,2201.045569500648,18028.152387714945
vid_000532_frame0000170.jpg,108.56026748971193,131.1087900797526,27.72610517099617,40.947093670078274,2377.5992196772945,12414.034184276126
vid_000532_frame0000172.jpg,107.41256687242799,129.68045552571616,27.323379313223565,39.70168745670654,2377.8711921290937,12336.820918308338
vid_000532_frame0000173.jpg,106.20396090534979,132.1754404703776,28.80632092541029,51.74997186739761,2826.635828196386,25650.29956630408
vid_000532_frame0000174.jpg,105.9319341563786,132.37662251790366,28.882801384324967,51.46622657023169,2755.3321863806377,24439.948943138123
vid_000532_frame0000178.jpg,105.66444701646091,132.54166666666666,28.358551764989404,52.971744546979735,2857.05765221759,28994.36247293558
vid_000532_frame0000198.jpg,105.72340534979423,132.41299438476562,28.97336549230893,52.61704925288199,2819.0304356966712,27153.613310512155
vid_000532_frame0000200.jpg,105.48654320987654,132.0898183186849,29.08391433473194,53.22422598498924,2897.7039729757275,28836.983657683944
vid_000532_frame0000201.jpg,105.25364454732511,131.8019765218099,28.918066165642625,52.748207452430066,2825.369176671275,27225.022948249243
vid_000532_frame0000203.jpg,105.25660751028806,131.95483907063803,26.58023655117704,47.52335787314446,2472.6789857438243,20822.471381995594
vid_000532_frame0000204.jpg,106.72757458847737,132.13943990071616,26.589743507726425,49.6945648483568,2481.4947249942256,24228.72530439403
vid_000532_frame0000205.jpg,107.07963220164609,133.4354451497396,26.92544363968665,50.61138098212103,2564.96264274096,26806.475910102716
vid_000532_frame0000206.jpg,108.24807613168724,133.90379842122397,26.541996216772368,50.05291910075667,2261.8148234736987,25771.862276693573
vid_000532_frame0000207.jpg,110.82498971193415,133.82911682128906,28.01766498907829,49.509060622569606,2341.262084857253,26359.869368059328
vid_000533_frame0000001.jpg,103.37206790123457,125.69642130533855,21.856178478844217,29.66242349993606,2170.5311592458634,10729.931879484793
vid_000533_frame0000003.jpg,108.77097479423868,130.09911600748697,23.38906161690382,30.626335397380704,2126.002415654769,10538.79265912599
vid_000533_frame0000004.jpg,107.63581790123457,128.97732543945312,24.272218301496096,31.3397864534778,2131.318717956902,10599.85065173707
vid_000533_frame0000005.jpg,107.28668209876543,128.4166056315104,25.103240523355236,31.06198475142346,2117.9878809055763,10308.998554243706
vid_000533_frame0000006.jpg,107.17495884773662,128.24822489420572,25.47505470132191,32.00740481219506,2182.893576593162,11343.834836747264
vid_000539_frame0000019.jpg,78.85038580246913,102.52779642740886,23.624723251701155,27.755354639491852,2872.213024971184,10891.648837478599
vid_000539_frame0000020.jpg,78.12042438271605,101.50458272298177,22.617289662829346,27.410999322629348,2918.7543962191357,11103.621346652275
vid_000539_frame0000021.jpg,80.57770576131688,103.83706665039062,23.178821881862742,27.761879571856387,2877.7711254343253,11071.36887973547
vid_000539_frame0000022.jpg,82.59445216049383,106.16339619954427,22.56961472490238,27.499585133246274,2778.4239437366036,11182.471595040523
vid_000539_frame0000046.jpg,81.28090020576131,103.41333516438802,23.165820315215957,30.310559508021974,2814.2734460061706,12051.065013769781
vid_000539_frame0000047.jpg,78.05773919753086,99.4552510579427,25.065014167520243,31.207861099002486,2891.1925462427125,11593.603119066916
vid_000539_frame0000048.jpg,79.51583847736626,101.68197123209636,26.26106990113905,33.32031414975552,2824.860427266173,11717.770364119671
vid_000539_frame0000049.jpg,79.56773919753087,101.34126281738281,26.77806976715491,34.35337876282651,2800.365156452666,12417.783317966154
vid_000539_frame0000050.jpg,76.37610339506173,98.05812581380208,26.981622583611486,35.25523014727639,2920.9475840182517,12619.743312949082
vid_000539_frame0000051.jpg,76.46174382716049,98.75807189941406,27.13410658505165,34.76932489162642,3032.562567565384,12641.881937666796
vid_000539_frame0000052.jpg,76.62737911522633,98.56058756510417,27.4129640051684,35.75032625069412,3109.5925932775112,13254.10374161508
vid_000539_frame0000053.jpg,75.98773919753087,97.9349873860677,27.513426228313897,36.28061206109053,3028.32837216072,13186.56136220321
vid_000539_frame0000054.jpg,76.10556841563786,98.14432271321614,27.491183020922666,36.46853353239754,3035.7478295524693,13401.696060850285
vid_000539_frame0000055.jpg,76.36459619341564,97.8818868001302,27.660225231224786,35.543137479169765,3001.1878628448408,13014.748410012573
vid_000539_frame0000056.jpg,76.7949279835391,98.79447937011719,27.692410081581933,36.10102518782762,2913.94477087239,11835.894238121575
vid_000539_frame0000057.jpg,77.43301183127572,99.37916564941406,27.79823974563176,36.842830118709294,2974.300778856537,13383.61206846591
vid_000539_frame0000058.jpg,77.64118569958848,99.29897562662761,27.732046517464077,36.83276230361839,2918.704923085039,13201.474008802092
vid_000539_frame0000059.jpg,73.78170524691357,96.32014465332031,26.602169285086127,33.27340632634682,2977.6156531587585,11144.519870266085
vid_000539_frame0000060.jpg,76.02131430041152,98.12845865885417,28.239786309087087,36.62803105459146,3035.9390458559574,13312.832380629145
vid_000539_frame0000061.jpg,76.14230195473252,97.69692993164062,28.340018268197095,37.136895720803125,3021.2786065348264,13300.258620977402
vid_000539_frame0000062.jpg,75.87875771604938,97.65665181477864,28.274200810658147,36.53910017331027,3099.3609484965614,13330.236417531967
vid_000539_frame0000063.jpg,75.6956841563786,98.20679728190105,28.06458123786317,36.605246643179804,2984.514375682061,13069.95446731802
vid_000539_frame0000064.jpg,75.35352366255144,98.14950052897136,28.040000004246135,36.70556395073875,3005.0496985853315,13149.648991338676
vid_000539_frame0000065.jpg,75.18009773662551,97.50758361816406,27.993008073789678,35.8381480704695,3065.2683691486027,12549.814492769307
vid_000539_frame0000066.jpg,75.10896090534979,97.46180725097656,27.932092844050864,35.41685909759167,2993.468634015394,12496.686626415467
vid_000539_frame0000067.jpg,75.72323559670782,97.43664042154948,27.992119724869138,35.18936148542581,2954.10767710691,12244.365522935754
vid_000539_frame0000068.jpg,76.13236625514403,98.0419921875,28.216433493483805,34.393328248329425,2880.9946477078092,12219.217304084217
vid_000539_frame0000069.jpg,76.74160751028806,98.96731567382812,28.431640461093956,34.495995328410416,2792.160889474677,11649.24729352817
vid_000539_frame0000070.jpg,76.79530092592593,98.96780395507812,28.783827996867803,35.27879828731391,2931.124133794808,12254.151682432741
vid_000539_frame0000071.jpg,75.86518775720165,98.65453592936198,28.743049742122384,35.14503834063772,3011.1774620482306,12281.65277075558
vid_000539_frame0000072.jpg,75.436512345679,97.17519632975261,28.197426172871506,34.4725017231562,3133.559857323043,12173.635550644249
vid_000539_frame0000073.jpg,74.17941358024692,97.34105936686198,27.22333259386503,33.03407095211561,3005.316541704711,11788.320030929288
vid_000539_frame0000074.jpg,76.0195396090535,97.89694213867188,26.68666989715208,31.653004734913278,2874.383885874807,11539.898449083557
vid_000539_frame0000075.jpg,77.2142103909465,100.3830057779948,27.12546696453746,32.73322492781507,2837.2553554488645,11814.182068029186
vid_000539_frame0000076.jpg,76.1224537037037,98.82480875651042,23.696047011671336,28.678217228343243,2886.3976991640347,11170.26206649444
vid_000542_frame0000008.jpg,89.57513374485596,112.30677795410156,30.63180071433425,34.322310300047924,2412.840185599506,12400.91056588199
vid_000547_frame0000009.jpg,92.33051697530864,114.04027811686198,36.38838040060644,35.036743353143855,2649.3134687928073,10501.587179232156
vid_000547_frame0000010.jpg,92.51830504115226,113.32181803385417,36.74512669330943,35.02317652537853,2703.861669439622,10687.836284100777
vid_000547_frame0000011.jpg,94.0822762345679,115.5883280436198,37.10472143184484,35.81813950941373,2648.528536734051,10404.713621722301
vid_000547_frame0000012.jpg,96.0701054526749,117.00583394368489,37.47701930060079,37.11088074716984,2647.0634620055416,10560.7368205206
vid_000547_frame0000013.jpg,98.45682613168724,119.25650024414062,37.96056952539032,37.29426260673301,2584.7170652603927,10618.906939711422
vid_000547_frame0000014.jpg,97.19117541152264,118.37827046712239,37.63251528388261,36.924111331143145,2625.0397601975096,10749.152011355152
vid_000547_frame0000015.jpg,97.99849794238683,119.16895548502605,37.49442788241234,37.414666882879494,2576.6841182784633,10573.463866930222
vid_000547_frame0000016.jpg,98.33793467078189,119.37239583333333,37.446155105086135,37.66819908603254,2524.6201172646606,10425.125093188137
vid_000547_frame0000017.jpg,98.56367026748971,119.92222086588542,37.26599774690524,36.98149722621428,2518.634413580247,10278.669678937411
vid_000547_frame0000018.jpg,97.44582304526749,118.60369364420573,37.088662081302324,37.35774177806263,2569.7556312290426,10387.69983964786
vid_000547_frame0000019.jpg,96.35797582304527,118.1094970703125,36.92698416307611,37.053470276905436,2549.639387264708,10142.527519497788
vid_000547_frame0000020.jpg,94.63148405349794,115.6477559407552,36.60908674796201,36.41825887822872,2600.0926060098855,10461.247980996035
vid_000547_frame0000021.jpg,93.89869855967078,115.768798828125,36.301927194838285,36.60966193232838,2678.7438855271675,10718.493845833233
vid_000547_frame0000022.jpg,93.63714248971193,115.83406575520833,36.11133637484248,36.31902093592797,2726.8578751597984,10482.267119965516
vid_000547_frame0000023.jpg,97.14436213991769,119.86927795410156,35.95655962614735,35.879544762218586,2535.60597126105,10224.013915603748
vid_000548_frame0000013.jpg,104.00650720164609,126.02235412597656,18.20486537423957,26.768585000180096,2462.385983530521,11355.443652914604
vid_000548_frame0000014.jpg,103.43243827160494,125.7263895670573,18.344137198822814,26.983527671269993,2475.8743267698687,11366.408829911612
vid_000548_frame0000015.jpg,103.53023148148148,125.76607259114583,18.42526590055316,27.042046970127362,2469.349282599773,11396.918897178024
vid_000548_frame0000016.jpg,103.44613940329218,126.29647827148438,18.383408052608605,26.914371698751843,2451.6923902219914,11364.925296402536
vid_000550_frame0000001.jpg,93.08544238683128,116.33388264973958,30.830101165421716,43.92950147324006,3839.8767183868217,23189.04683542787
vid_000550_frame0000003.jpg,93.67401748971193,116.30617268880208,30.7070245011747,43.557930888020486,3806.5056664065482,21994.734953071922
vid_000550_frame0000004.jpg,92.59699588477366,115.89372253417969,30.777511367813155,44.100146235721745,3847.054142018116,22711.470916444203
vid_000550_frame0000005.jpg,90.78400462962964,114.7602030436198,30.787699544171872,43.90557268744092,3972.3686074302095,23119.13592348993
vid_000550_frame0000011.jpg,89.68969650205761,112.76132202148438,29.77766968627542,40.06528992345739,3397.836377464313,18764.949341170257
vid_000550_frame0000020.jpg,89.22803755144032,112.42083740234375,29.21179079775423,38.62784279795971,3033.4571415171085,16314.451467475854
vid_000550_frame0000021.jpg,84.21374228395062,107.42956034342448,28.91115018247997,35.33706672770383,3097.287443209876,14742.43222021684
vid_000550_frame0000022.jpg,85.63096450617284,108.65561930338542,29.270303943559053,35.375016439358554,3020.2261033878576,14569.435651525855
vid_000550_frame0000023.jpg,86.7820781893004,109.144775390625,29.724797306276727,35.67879218981536,3190.9635610137075,15340.423066135496
vid_000550_frame0000025.jpg,91.6158024691358,113.42323303222656,29.2934573987521,37.328814279991626,3065.996697677981,17861.5635655215
vid_000550_frame0000026.jpg,94.50838991769547,113.03466288248698,33.092227115334836,44.566779661401355,2707.8569673353313,19900.219016111456
vid_000550_frame0000027.jpg,97.20723251028807,113.88409423828125,41.09777057268076,61.996360784372605,2847.6633012114667,19922.031057364307
vid_000550_frame0000028.jpg,94.14660751028806,114.61117553710938,40.96569477901771,67.6642879296649,2865.522993786913,27001.201300751185
vid_000550_frame0000029.jpg,80.18262602880658,103.65012105305989,38.497770486151325,58.65752116403217,2881.6034236867827,17467.83813638147
vid_000550_frame0000030.jpg,82.47260802469135,105.77245076497395,38.99013224177534,63.46269679899554,3198.3355910300925,23645.708055820083
vid_000550_frame0000031.jpg,85.96163065843622,108.80567423502605,39.12651289512934,63.922030940673345,3013.0318139045476,23577.05363506428
vid_000550_frame0000032.jpg,88.90253600823046,111.31390380859375,39.753789409001584,66.25357207691056,3090.3320191743232,27328.437451078556
vid_000550_frame0000033.jpg,90.02118827160494,111.83135986328125,39.78782168906524,65.79937022206842,2998.8329430912186,26203.35587945208
vid_000550_frame0000044.jpg,89.86463477366254,110.81551615397136,40.91441646424165,69.66380906225587,3481.6496325424387,38256.873780353926
vid_000551_frame0000001.jpg,76.75480452674897,100.33067830403645,29.4076062807471,38.60394202155241,2941.1982259828437,18244.163040339714
vid_000551_frame0000003.jpg,78.12611368312757,101.09670003255208,29.52107643494767,38.695702724690385,2970.4174104166664,19335.444569926476
vid_000551_frame0000004.jpg,77.88526234567901,101.42191060384114,29.529385498252854,39.44419718328957,2995.5463828294087,20415.413656934164
vid_000551_frame0000061.jpg,101.7804603909465,121.61454772949219,22.613603111242885,31.673802875041975,2328.8957376109183,13733.953990736743
vid_000551_frame0000062.jpg,99.63942644032922,119.60625712076823,22.734864715722914,32.554494404131994,2425.3666541994717,14863.1016811484
vid_000551_frame0000063.jpg,97.685329218107,118.18503316243489,22.426569013808635,31.485694315450626,2424.8686481766667,14306.1493188811
vid_000551_frame0000064.jpg,96.91957818930041,118.15589904785156,22.50586522609522,31.988776665759506,2485.0618224874615,14745.825727044605
vid_000551_frame0000065.jpg,97.15881944444445,118.11665852864583,22.41756079600327,31.713825780019075,2469.9858053811704,14314.20124447695
vid_000551_frame0000067.jpg,96.21110596707818,117.41445922851562,22.44250672583116,32.33231397053379,2538.707348731138,15145.477865021443
vid_000551_frame0000068.jpg,97.88588734567901,118.55452473958333,22.52449673347581,32.40525596080759,2492.4024979804312,15309.55967341899
vid_000551_frame0000069.jpg,97.99543981481482,118.41195170084636,22.670125854576202,32.011020177123676,2411.9732175866384,14698.53900149092
vid_000551_frame0000070.jpg,98.29309670781893,118.44700113932292,22.569531559465137,31.94559031413496,2429.400744091447,14597.336812143913
vid_000551_frame0000071.jpg,96.99028806584361,117.96738688151042,22.57195623218047,32.27642330315626,2488.138569554946,15151.2661169013
vid_000551_frame0000072.jpg,97.19176697530864,118.29160563151042,22.421985981742395,31.884507114822245,2448.6254085352844,14631.52268885076
vid_000551_frame0000075.jpg,99.58405092592592,118.63006591796875,23.022621686292894,33.859019730853504,2454.9800049323185,15483.355959513923
vid_000551_frame0000076.jpg,99.26963991769547,118.11434427897136,22.92305017880409,34.24437275168541,2424.7956815155367,16070.281691735378
vid_000551_frame0000082.jpg,88.7753883744856,110.63734436035156,23.029277856881517,29.125193433672077,2496.3243945015406,11090.416636507725
vid_000551_frame0000084.jpg,92.23195473251029,115.11462910970052,22.463730105507743,27.44455058755182,2384.764484447636,11150.8855420982
vid_000551_frame0000085.jpg,93.29957561728395,116.22235616048177,23.367093958530933,28.731013588878852,2387.3506835048015,11723.091698104283
vid_000551_frame0000086.jpg,84.06586676954733,106.73099263509114,26.636027354606316,29.291395622100772,2485.1957740731214,10873.995756555116
vid_000551_frame0000087.jpg,79.86394547325104,103.6029561360677,27.69347517656554,30.000808871227562,2638.627662023641,11639.59222383704
vid_000551_frame0000088.jpg,84.10863683127572,107.30103047688802,27.745031318304637,30.209132182709062,2607.3459838417825,11931.62931183516
vid_000551_frame0000089.jpg,91.80915380658436,114.67005920410156,26.523383484290587,29.160687462937336,2428.0677278118333,11763.070566168986
vid_000551_frame0000090.jpg,97.80829989711934,119.36563618977864,25.006449426134676,30.58406634329569,2293.9854964276956,12635.161938994192
vid_000551_frame0000091.jpg,98.8272762345679,116.87117004394531,28.87320940841193,33.26484366942391,2279.3862075214815,10841.992629549466
vid_000551_frame0000095.jpg,87.87581018518519,108.20645141601562,29.92684386604943,39.168057646403554,2722.750990840704,15022.961796224117
vid_000551_frame0000098.jpg,87.49179783950618,108.39434814453125,29.63357209780832,38.89643904231357,2608.4697890936977,14201.39857815113
vid_000551_frame0000103.jpg,88.75303755144033,109.38689676920573,29.614884666469003,39.298968821285186,2678.939745940441,15114.028999613365
vid_000551_frame0000109.jpg,84.91949588477367,107.00397237141927,26.896180534006763,35.22787148220219,2740.2572023488706,14058.020382544957
vid_000551_frame0000110.jpg,85.35054269547325,107.79532368977864,24.99875764328178,32.427633510682696,2747.8062160231266,13927.260624279967
vid_000551_frame0000111.jpg,88.91854166666667,110.69424438476562,24.60360772737368,30.551544643791598,2603.366515153404,13746.809074819088
vid_000551_frame0000114.jpg,89.62176697530865,112.19076029459636,24.986911964297292,31.124545585871576,2602.1301895618403,14297.711583481869
vid_000551_frame0000120.jpg,90.50127314814814,112.98642476399739,25.09590869350533,31.13138677332075,2692.245998611052,14191.695773955435
vid_000551_frame0000121.jpg,90.34251800411522,112.25058492024739,25.131405348923856,31.211260446996654,2630.26760653572,14378.64588332898
vid_000551_frame0000122.jpg,92.43188271604939,113.49955749511719,27.354107111716306,33.21637021058969,2644.2218809775572,14302.088190584444
vid_000551_frame0000123.jpg,95.41949074074074,114.65730794270833,30.75040607895269,37.38466222755949,2569.2947209228178,14452.460100864759
vid_000551_frame0000124.jpg,93.26474794238683,114.02795918782552,26.518853377416754,32.03055761036665,2475.8056798122907,13468.88986477605
vid_000551_frame0000125.jpg,95.1726646090535,116.36512247721355,26.241714677134855,29.549498271424333,2397.5498811118728,12220.436553715728
vid_000552_frame0000097.jpg,92.28293209876543,113.22836812337239,43.36014318851729,56.12539980828534,4600.540916279376,29099.247550485423
vid_000552_frame0000098.jpg,92.48200874485596,112.94884745279948,43.36780158574541,55.969787465758365,4439.288726840183,26911.653748452663
vid_000552_frame0000099.jpg,91.52581275720165,112.18674214680989,43.215145776015916,56.42666947937245,4386.049675205523,27817.40644819825
vid_000552_frame0000100.jpg,91.34671296296297,111.38108825683594,43.310256034519526,55.90445642068841,4460.010350165693,26643.724781549536
vid_000552_frame0000101.jpg,91.03788065843621,111.52112833658855,43.58994615264735,56.93724925875801,4636.125514013679,29241.72523649945
vid_000552_frame0000102.jpg,93.63856481481481,114.00641377766927,43.82235330954209,56.17806186012362,4271.630331056563,27029.124892640626
vid_000552_frame0000103.jpg,94.89235082304526,114.89366149902344,44.1386393849831,56.60973887509992,4237.345854740548,27845.246899161255
vid_000552_frame0000104.jpg,94.69441358024692,115.33382670084636,42.9936381151955,56.0723791110988,3842.2797990478184,25359.01052013575
vid_000552_frame0000105.jpg,96.8614274691358,118.08763122558594,41.73908870033399,54.82033862709351,3663.023405874676,25292.806338041788
vid_000552_frame0000106.jpg,99.69484567901235,118.41004943847656,40.919010244126156,53.132527003166196,3343.8040651934134,23218.842131266138
vid_000552_frame0000107.jpg,101.09795524691359,119.6615498860677,41.48689658689329,54.64841259625536,3682.3060221188057,26894.67857227451
vid_000552_frame0000108.jpg,98.81263374485597,118.69021097819011,41.391339684556215,54.54821355769462,3724.768491126007,26919.2097787261
vid_000552_frame0000109.jpg,95.57214763374486,116.02518717447917,41.055268009653275,53.834055449018635,3555.7899167523406,25020.147345124744
vid_000552_frame0000110.jpg,90.64830761316873,111.56783040364583,41.05123687650056,53.12379083976154,3588.2225709533604,23004.359978552908
vid_000552_frame0000111.jpg,85.20362397119341,107.57222493489583,41.41196933809627,52.79385546014366,3811.9288825064773,22703.420644495403
vid_000552_frame0000112.jpg,84.69725823045268,106.5452168782552,41.73924134675742,53.373984454054295,3906.161568329844,23390.691057129763
vid_000552_frame0000113.jpg,86.7917361111111,108.5628153483073,41.87375221555116,53.24180834834048,3922.8711918052104,23608.853855218505
vid_000552_frame0000114.jpg,87.56549897119342,109.4998067220052,42.04288534136494,54.27608546058645,4090.763791447509,26943.878585623344
vid_000552_frame0000115.jpg,87.64988683127572,109.67563374837239,42.009807215108324,54.43345929891577,4160.1647519280605,27592.341139643453
vid_000553_frame0000004.jpg,113.32758487654321,127.43277486165364,25.824989599998258,50.32350006144017,2688.6775717571163,34595.20070052147
vid_000553_frame0000005.jpg,112.56981738683128,126.73020935058594,23.19655472807677,49.541784895126725,2711.559931915628,33604.620117671555
vid_000553_frame0000006.jpg,111.56769290123457,127.0221659342448,22.818382078386662,45.84658415155233,2347.4664366702864,26459.13749044761
vid_000553_frame0000007.jpg,110.57747942386831,127.09928894042969,23.673738619640503,48.559436194096556,2515.9872175809237,29948.98341165483
vid_000553_frame0000008.jpg,110.97813528806584,127.20438130696614,24.49308665835553,49.01828265695522,2524.0846970269395,29365.710151295876
vid_000553_frame0000009.jpg,110.91654835390946,127.70097351074219,25.116482460180585,47.99994844506303,2238.5163627542843,25047.48547675996
vid_000553_frame0000010.jpg,109.57224022633744,125.96386210123698,26.69860322312289,52.93491586263247,2491.478612365624,30657.631115017226
vid_000553_frame0000011.jpg,108.10781635802469,124.9615478515625,26.930495312812873,52.99372986474157,2601.20325483676,32158.434702917002
vid_000553_frame0000012.jpg,106.29545267489712,123.99505106608073,27.76778731270544,54.43597618728036,2782.4542668028885,35459.615368962055
vid_000553_frame0000013.jpg,103.25435956790123,122.32486470540364,28.50258237301283,56.192101801974886,3020.3843096686387,39144.564670859836
vid_000553_frame0000014.jpg,102.91468621399177,122.48223876953125,28.304697318328575,54.513875797904845,2830.5057233066964,33588.65464782715
vid_000553_frame0000015.jpg,101.7870524691358,121.67663065592448,29.296064252990607,56.9116613320414,3098.1065690557243,39452.21740905102
vid_000553_frame0000016.jpg,100.51032921810699,120.60391235351562,29.6340667619984,54.548713078718926,2685.95502854456,32006.028491375735
vid_000553_frame0000017.jpg,99.07740997942386,119.46927897135417,30.018446368974857,55.49636473540724,2872.1001120139363,32530.63063788414
vid_000553_frame0000018.jpg,98.5767824074074,119.78393046061198,30.55372022328032,55.78033617027533,2894.96466340872,33049.1266128635
vid_000553_frame0000019.jpg,97.42644804526749,119.87939961751302,31.0597447414195,54.62718257751047,2844.043444844477,30966.363244749373
vid_000553_frame0000020.jpg,94.39772890946502,118.36688741048177,31.47644137464868,57.724692533829064,3351.3136013222065,39294.196670554345
vid_000553_frame0000021.jpg,95.6250925925926,118.73925272623698,31.096110470783636,55.507918233052415,3119.802720154547,33709.40708720661
vid_000553_frame0000022.jpg,95.90612654320988,119.04623413085938,31.23774236170749,56.82197717169005,3270.4930419121993,37593.270478233695
vid_000553_frame0000023.jpg,89.28190329218107,113.06104024251302,30.212731875239836,53.63394095036384,3168.7051449845676,32192.3905169731
vid_000553_frame0000024.jpg,88.16688271604939,113.20533243815105,29.381792270579957,51.9663810982877,3020.388509683106,30077.84458289272
vid_000553_frame0000025.jpg,87.15387088477367,112.21894836425781,28.534891539492,49.32538279122457,2874.4324471686386,27163.001121062553
vid_000553_frame0000026.jpg,91.53137088477366,115.9638163248698,27.561255821387217,49.0080705387634,2564.193831635267,27396.729284479283
vid_000553_frame0000027.jpg,97.23119598765432,119.65071614583333,29.280841475792993,52.79265481254382,2909.808284550516,33281.603477116674
vid_000553_frame0000028.jpg,98.50374228395061,119.71870422363281,29.121534418012875,52.69809882371887,2744.9032045795584,31368.385485007428
vid_000553_frame0000029.jpg,97.56442901234568,119.68009948730469,28.789424304473798,51.93203268861539,2580.183984177276,29260.802733210614
vid_000553_frame0000030.jpg,94.49084619341563,117.09500630696614,27.990653726614102,51.83286129214746,2832.870387331331,31779.3954793429
vid_000553_frame0000033.jpg,101.35762860082305,122.27992757161458,26.205919149911388,49.63814351562412,2612.312710796694,29261.61912230309
vid_000553_frame0000034.jpg,102.38587705761317,122.43741353352864,26.693607159708094,50.847774328301696,2640.4998831723437,30267.333204487106
vid_000553_frame0000035.jpg,99.9635390946502,119.96052551269531,25.35109428214036,50.652513533595126,2531.944834407626,31078.0898732543
vid_000553_frame0000036.jpg,97.67864969135802,119.68823750813802,27.262718988271452,49.31932296026598,2305.8646611394506,23961.505844795844
vid_000553_frame0000037.jpg,95.66219650205761,118.60398864746094,28.883473386823006,56.620039899433245,3350.9307876699795,39631.25396347046
vid_000555_frame0000018.jpg,107.42080761316872,130.6145782470703,28.819354067971165,51.1771276375325,2795.733434636488,24093.871211766964
vid_000555_frame0000019.jpg,106.61198559670783,129.5334014892578,27.88839992134063,48.93854933885246,2442.07081028753,20393.09059080109
vid_000555_frame0000020.jpg,104.9447890946502,129.03899637858072,27.732292799115044,49.64726889026173,2726.492624806563,22900.524141812464
vid_000555_frame0000021.jpg,106.81102109053498,130.02369181315103,27.691757725402603,49.53474720477888,2474.9984993596154,20769.98148021754
vid_000555_frame0000022.jpg,107.10750514403293,131.1165771484375,27.78966396156458,50.352234146860965,2667.1219343230237,23192.71741651534
vid_000555_frame0000023.jpg,106.67297325102881,130.5130360921224,27.404490485556323,49.37367093970485,2655.814721220505,21790.43313640356
vid_000555_frame0000024.jpg,107.02404835390946,130.28355916341147,26.801270198035667,48.71245401069231,2773.7751790349703,22113.205507364124
vid_000555_frame0000025.jpg,108.32676697530864,131.2462158203125,26.62319470859941,47.15802098045055,2544.7528262152778,20354.68083268311
vid_000555_frame0000026.jpg,108.62494341563786,131.26453653971353,26.59079235202142,47.1150674083888,2502.8518649669923,20431.057731108507
vid_000555_frame0000027.jpg,109.40571502057612,132.24871317545572,26.91900888507972,47.91393708830033,2721.612268397955,21346.01798713184
vid_000555_frame0000028.jpg,108.91130144032921,132.58851114908853,27.237099352265528,49.177718704851145,2749.88163278029,23290.333524914226
vid_000555_frame0000030.jpg,108.1856841563786,131.75129191080728,27.012333846416976,49.439252198614874,2832.9258080130217,24111.276397092035
vid_000555_frame0000032.jpg,109.57094393004115,132.60418701171875,27.766692193234903,50.161436355344755,2668.600475102643,22941.17661474622
vid_000555_frame0000033.jpg,111.50471193415638,132.95794169108072,27.821077981650006,51.33613472530995,2497.784704036577,23570.290344003355
vid_000555_frame0000034.jpg,112.1442438271605,133.07591756184897,27.87230123668683,54.23554665857561,2633.4825618426476,27571.02638579323
vid_000555_frame0000035.jpg,116.34950617283951,132.9820302327474,32.29820002824889,57.557462579408224,2418.382395118646,28261.124011716805
vid_000555_frame0000036.jpg,111.62036265432099,129.26209513346353,37.179308643740356,62.32874169277201,2737.8408455132003,32878.67112484202
vid_000555_frame0000037.jpg,111.5117695473251,128.30802408854166,38.65472829957507,66.66950072537985,3578.0944695692347,43844.286160096526
vid_000555_frame0000038.jpg,112.5291383744856,128.9189453125,39.194883646230565,67.46732028319768,3754.3655568806207,45322.98709355295
vid_000555_frame0000039.jpg,112.26779320987654,129.25694783528647,39.2704462323841,66.6945958511587,3538.1370977356737,43092.13384574652
vid_000555_frame0000040.jpg,110.83761574074074,129.50977579752603,39.40426745150051,67.8329989092501,3825.7274357633532,46794.935688497266
vid_000555_frame0000041.jpg,110.08236625514404,128.98907470703125,39.22327542597096,67.8965070651915,3871.485976328816,47790.83485820866
