image_name,brightness,contrast,sharpness
vid_000002_frame0000023.jpg,107.7344411,31.17159385,14149.91415
vid_000003_frame0000007.jpg,109.5048014,30.09534253,13469.69923
vid_000003_frame0000008.jpg,110.2526042,29.85787091,12996.02323
vid_000003_frame0000010.jpg,109.2692362,28.55967562,12477.41828
vid_000003_frame0000011.jpg,108.0074768,27.94610613,12239.13326
vid_000003_frame0000012.jpg,107.3827006,28.02654759,12221.74993
vid_000003_frame0000013.jpg,107.6786194,27.69557762,12036.25654
vid_000003_frame0000014.jpg,106.6265208,27.96444923,12061.65938
vid_000003_frame0000015.jpg,107.5716553,28.17619694,11993.99621
vid_000003_frame0000016.jpg,108.7944692,27.85827223,11760.54274
vid_000003_frame0000017.jpg,110.1362508,28.17857041,11883.30014
vid_000003_frame0000018.jpg,110.4013926,28.48017812,11860.13988
vid_000003_frame0000019.jpg,110.1718191,28.31088805,11633.51234
vid_000003_frame0000020.jpg,109.2936351,28.62057982,11903.80443
vid_000003_frame0000021.jpg,109.5867055,28.31448323,11747.16283
vid_000004_frame0000013.jpg,104.9546,29.97942688,13570.8612
vid_000004_frame0000014.jpg,104.604955,30.38453508,13981.0098
vid_000004_frame0000015.jpg,106.4295298,29.62973355,13894.4729
vid_000004_frame0000016.jpg,105.7372386,30.12814399,14509.63806
vid_000004_frame0000017.jpg,106.7298787,29.80601757,14034.38074
vid_000004_frame0000018.jpg,105.5189311,30.59340499,14775.0894
vid_000005_frame0000008.jpg,104.668752,29.33240373,13142.86579
vid_000005_frame0000009.jpg,108.1094869,28.60454024,12198.11361
vid_000005_frame0000010.jpg,107.8756358,29.26819344,12583.55254
vid_000005_frame0000011.jpg,109.787267,29.41080637,12638.09385
vid_000005_frame0000012.jpg,108.191803,29.45888375,12814.1559
vid_000020_frame0000002.jpg,96.66996257,27.9566073,12138.60378
vid_000020_frame0000003.jpg,97.73264058,28.25254457,12227.72561
vid_000020_frame0000004.jpg,97.88716125,28.46181743,11840.89203
vid_000021_frame0000010.jpg,103.3897298,32.16858052,11357.67449
vid_000021_frame0000013.jpg,104.8132172,32.38379932,11194.0893
vid_000021_frame0000016.jpg,105.911672,32.60669118,11441.98822
vid_000021_frame0000017.jpg,106.5091349,32.63648035,11335.05235
vid_000021_frame0000018.jpg,105.8996379,32.67854412,11345.16213
vid_000021_frame0000019.jpg,106.8981222,32.34747388,10959.53318
vid_000021_frame0000020.jpg,106.1417542,32.58308669,11279.47706
vid_000021_frame0000021.jpg,106.9575297,32.39414974,11276.85942
vid_000021_frame0000032.jpg,107.9172516,33.43927136,11944.66596
vid_000021_frame0000033.jpg,107.915507,32.70566642,11534.80484
vid_000021_frame0000034.jpg,106.8884786,32.5233162,11225.36676
vid_000022_frame0000013.jpg,114.5148926,35.40798002,11597.93697
vid_000022_frame0000014.jpg,114.3685048,35.72135069,11757.02625
vid_000022_frame0000015.jpg,115.238678,35.66822463,11350.96661
vid_000022_frame0000016.jpg,115.0956116,35.71655336,11540.27027
vid_000022_frame0000017.jpg,114.8687337,35.53690353,11267.34671
vid_000022_frame0000030.jpg,110.916982,34.49162014,11478.29562
vid_000022_frame0000033.jpg,109.7999725,33.98550155,11776.74622
vid_000022_frame0000040.jpg,108.110789,33.31190932,11908.7831
vid_000022_frame0000041.jpg,108.3019511,33.28766523,11711.73595
vid_000022_frame0000042.jpg,108.1894124,33.27004166,11974.53272
vid_000022_frame0000043.jpg,107.9155629,33.73160391,12190.55831
vid_000022_frame0000044.jpg,107.9055023,33.42105284,12087.43308
vid_000024_frame0000015.jpg,112.6217244,33.62307986,11507.08787
vid_000024_frame0000024.jpg,117.1608124,34.77575597,11437.85548
vid_000024_frame0000030.jpg,116.3373769,34.98330206,12352.53536
vid_000025_frame0000007.jpg,109.7980804,33.00559264,10568.46316
vid_000025_frame0000008.jpg,110.1321462,32.99939871,11026.5371
vid_000025_frame0000014.jpg,109.3166504,32.71664964,11092.07228
vid_000025_frame0000015.jpg,109.436264,32.49465251,11091.53571
vid_000025_frame0000016.jpg,107.6075948,32.34602086,11564.19461
vid_000025_frame0000017.jpg,108.6883138,32.49389246,11233.46207
vid_000025_frame0000018.jpg,107.6822357,32.54554137,11112.26531
vid_000025_frame0000019.jpg,108.9838664,32.98775408,10821.86573
vid_000026_frame0000005.jpg,108.0887553,32.60860504,11819.31444
vid_000026_frame0000006.jpg,108.0165049,32.53086017,12224.22418
vid_000026_frame0000007.jpg,108.8145905,32.51384626,11804.42418
vid_000026_frame0000008.jpg,111.0977071,33.17714433,11986.84674
vid_000026_frame0000018.jpg,116.4109243,36.14888184,10945.59175
vid_000026_frame0000019.jpg,120.2374624,36.64643787,10901.30824
vid_000026_frame0000020.jpg,122.5995076,37.39243765,11123.20885
vid_000026_frame0000021.jpg,122.9302266,37.1575461,11531.04127
vid_000027_frame0000047.jpg,127.2412313,33.94841015,12033.02166
vid_000027_frame0000048.jpg,128.9000244,34.1790764,12204.27637
vid_000027_frame0000049.jpg,128.5176239,33.45429714,11681.8181
vid_000027_frame0000068.jpg,124.7420705,32.97394536,12103.23557
vid_000027_frame0000069.jpg,126.0544688,33.22880362,12019.74439
vid_000027_frame0000070.jpg,123.4028829,32.13670978,11805.8537
vid_000027_frame0000071.jpg,121.4589233,32.12777538,11884.33383
vid_000028_frame0000009.jpg,113.5844625,30.17031794,10470.79353
vid_000028_frame0000010.jpg,113.2450307,29.97268999,10620.73142
vid_000028_frame0000011.jpg,113.5495555,30.08438375,10764.45797
vid_000028_frame0000012.jpg,112.5996501,29.99518374,11036.79882
vid_000028_frame0000013.jpg,112.2599945,29.57919946,10689.1322
vid_000028_frame0000014.jpg,113.2290853,29.84871778,11109.50759
vid_000028_frame0000015.jpg,112.7968547,29.12470717,10897.35737
vid_000028_frame0000016.jpg,112.4951274,29.05299598,11158.38478
vid_000028_frame0000017.jpg,111.9839528,28.65421892,11076.76986
vid_000028_frame0000018.jpg,110.3051351,28.42587763,11541.79266
vid_000028_frame0000028.jpg,114.0021159,29.27548969,11731.93923
vid_000028_frame0000029.jpg,115.0661672,29.42955669,11213.42277
vid_000028_frame0000030.jpg,116.028717,29.72158182,11430.57717
vid_000028_frame0000031.jpg,115.4011281,29.70218147,11386.25132
vid_000028_frame0000042.jpg,115.3468984,30.94818835,10596.92865
vid_000028_frame0000043.jpg,115.1667989,30.57795766,10719.87947
vid_000029_frame0000012.jpg,104.1770732,31.98098996,10248.5502
vid_000029_frame0000015.jpg,108.8625743,31.05549199,10187.83168
vid_000029_frame0000016.jpg,109.3405101,31.1100212,10771.27414
vid_000030_frame0000002.jpg,117.9324493,31.62857489,10268.51331
vid_000030_frame0000003.jpg,115.6817525,31.40254704,10289.82224
vid_000030_frame0000004.jpg,111.1897583,31.28732573,10706.02984
vid_000030_frame0000005.jpg,107.4752706,30.61102597,10226.70003
vid_000030_frame0000006.jpg,108.2817179,30.74705712,10182.24529
vid_000030_frame0000007.jpg,110.0751902,30.47057148,10329.64443
vid_000030_frame0000008.jpg,111.2750193,30.56287348,10129.61045
vid_000030_frame0000009.jpg,113.4542999,30.21044803,10197.15419
vid_000030_frame0000010.jpg,114.6479747,30.2734685,10361.46993
vid_000030_frame0000011.jpg,113.772583,30.34591004,10431.48321
vid_000030_frame0000012.jpg,112.9562073,30.33073534,10465.21824
vid_000030_frame0000013.jpg,112.5561778,30.26141205,10681.78773
vid_000031_frame0000018.jpg,103.8499959,27.74830453,11431.64194
vid_000031_frame0000019.jpg,105.5928701,27.54344069,11215.19514
vid_000031_frame0000020.jpg,107.6493327,28.3856912,11367.32863
vid_000031_frame0000021.jpg,109.5609894,28.90017379,11076.51367
vid_000031_frame0000022.jpg,109.0428009,29.03454469,10970.47062
vid_000031_frame0000023.jpg,109.266566,29.40758202,10447.95061
vid_000031_frame0000024.jpg,108.0665741,29.12251025,10397.04837
vid_000031_frame0000037.jpg,110.0056559,37.28169556,12005.04851
vid_000031_frame0000041.jpg,106.8621979,38.5333423,11825.27265
vid_000031_frame0000042.jpg,104.8075409,39.12306506,11881.29458
vid_000031_frame0000043.jpg,103.5735626,45.43871285,15892.41117
vid_000031_frame0000044.jpg,99.00634766,45.77546414,17789.39622
vid_000031_frame0000045.jpg,97.48404948,46.26838343,17707.44587
vid_000031_frame0000046.jpg,96.61958822,46.95169606,15389.85311
vid_000031_frame0000047.jpg,93.30141703,42.52347594,14209.71833
vid_000031_frame0000049.jpg,97.42805481,41.16731068,12101.48685
vid_000031_frame0000050.jpg,98.59181722,46.59387535,17025.108
vid_000032_frame0000006.jpg,116.3903707,47.19185698,17155.68927
vid_000032_frame0000007.jpg,114.4623515,48.40614731,18765.08449
vid_000032_frame0000008.jpg,113.8877614,49.62943647,20619.02633
vid_000032_frame0000009.jpg,115.6757609,48.8804961,17347.84636
vid_000032_frame0000010.jpg,114.8074849,48.67147316,20360.72023
vid_000034_frame0000005.jpg,114.5576121,44.48703188,17315.14709
vid_000034_frame0000006.jpg,113.7414907,44.07952966,16678.47974
vid_000034_frame0000007.jpg,113.1668701,44.26518683,16334.94298
vid_000034_frame0000008.jpg,112.5758718,44.58894313,16143.81792
vid_000034_frame0000009.jpg,111.5192413,43.23579336,14340.05751
vid_000034_frame0000010.jpg,110.0244548,42.82197817,15378.29237
vid_000034_frame0000011.jpg,110.8101807,42.45500715,15658.0856
vid_000034_frame0000012.jpg,111.3225708,42.56227011,15976.14689
vid_000034_frame0000013.jpg,111.7775167,41.72468211,14904.49932
vid_000034_frame0000014.jpg,110.6175232,41.05770278,16138.58425
vid_000034_frame0000015.jpg,111.0854034,40.42418837,15403.68758
vid_000034_frame0000016.jpg,111.3443095,39.4611944,15195.16082
vid_000034_frame0000017.jpg,111.2938232,39.0610039,14186.45116
vid_000035_frame0000021.jpg,118.6107788,60.79282143,36505.18297
vid_000035_frame0000031.jpg,121.5679881,61.60327051,33073.42678
vid_000035_frame0000032.jpg,122.9700317,63.05922226,37567.64385
vid_000035_frame0000033.jpg,124.2741903,60.8645905,35783.34299
vid_000035_frame0000036.jpg,127.0230204,49.55675963,24887.23499
vid_000035_frame0000037.jpg,126.2849172,48.78539009,27212.81815
vid_000035_frame0000048.jpg,128.9569499,50.50382823,31301.04386
vid_000035_frame0000049.jpg,129.8955943,49.04750073,27871.15221
vid_000035_frame0000069.jpg,124.9351145,56.95405097,35666.73034
vid_000035_frame0000070.jpg,123.1232096,56.13350066,31717.51101
vid_000035_frame0000071.jpg,122.6123861,58.5838913,38424.46784
vid_000035_frame0000072.jpg,123.2060343,57.62957317,33714.20221
vid_000035_frame0000122.jpg,127.6308289,41.92872098,17254.75228
vid_000036_frame0000004.jpg,118.7113139,50.62000154,25365.91727
vid_000036_frame0000005.jpg,118.4817149,49.87725189,24411.69469
vid_000036_frame0000006.jpg,118.403361,50.10309622,24577.59288
vid_000036_frame0000007.jpg,118.9467519,49.80393696,24271.07089
vid_000036_frame0000008.jpg,119.0870921,50.11582003,24961.07414
vid_000036_frame0000009.jpg,120.5315196,49.44596913,23706.69247
vid_000036_frame0000046.jpg,121.405721,52.39977453,24331.15013
vid_000036_frame0000047.jpg,122.5071106,53.57153985,26216.35586
vid_000036_frame0000048.jpg,122.9595439,53.9836599,26708.18471
vid_000036_frame0000049.jpg,122.0439351,52.70186935,24529.53446
vid_000036_frame0000050.jpg,121.100469,53.60523379,27118.22424
vid_000036_frame0000051.jpg,121.0779317,53.46938962,26088.98484
vid_000036_frame0000052.jpg,121.5829417,53.67684578,26497.17106
vid_000036_frame0000053.jpg,120.9042918,53.79894693,26419.25713
vid_000036_frame0000076.jpg,122.5278066,50.1268293,23096.28225
vid_000036_frame0000077.jpg,121.3128459,50.3891758,24804.00771
vid_000036_frame0000078.jpg,121.4366862,49.80700454,24404.7905
vid_000037_frame0000010.jpg,124.9430033,53.13129306,28967.74505
vid_000037_frame0000011.jpg,123.0157928,51.81322711,28093.22919
vid_000037_frame0000012.jpg,122.4891154,52.30106608,28729.28148
vid_000037_frame0000015.jpg,121.4522298,53.46198552,28864.3426
vid_000038_frame0000008.jpg,122.0982666,33.05870426,12735.24005
vid_000038_frame0000009.jpg,123.7727712,33.85010003,11936.05134
vid_000038_frame0000010.jpg,122.4113007,33.46054541,12995.91631
vid_000038_frame0000011.jpg,122.3128001,33.16078306,13011.81341
vid_000038_frame0000012.jpg,122.1668091,33.51599933,13776.18223
vid_000038_frame0000013.jpg,123.8479818,33.17871625,12637.13177
vid_000038_frame0000014.jpg,124.2386983,33.28419193,12641.39034
vid_000038_frame0000015.jpg,125.3376719,33.65632747,12577.9039
vid_000038_frame0000016.jpg,126.5127513,33.74411887,12751.99612
vid_000038_frame0000017.jpg,127.3569285,33.58678083,12750.0632
vid_000038_frame0000025.jpg,128.0280355,35.58035364,12908.75196
vid_000038_frame0000026.jpg,127.4000041,35.95613393,14075.52017
vid_000038_frame0000027.jpg,127.0565592,35.91363997,13515.23371
vid_000038_frame0000028.jpg,125.1946971,35.84488563,14013.6299
vid_000038_frame0000029.jpg,126.6113536,36.05046036,13034.73722
vid_000039_frame0000001.jpg,120.8033549,42.80123581,20654.4268
vid_000039_frame0000002.jpg,121.2214661,41.20806683,18328.64503
vid_000039_frame0000003.jpg,121.0338084,38.75086973,16529.91428
vid_000039_frame0000004.jpg,121.6251628,38.04909636,16897.64861
vid_000039_frame0000008.jpg,121.7178752,41.30453032,19515.88512
vid_000039_frame0000009.jpg,121.3172557,39.52090752,15389.46641
vid_000039_frame0000010.jpg,119.7741801,41.126541,17678.74641
vid_000039_frame0000011.jpg,119.0996908,39.44418371,15790.04888
vid_000039_frame0000012.jpg,118.3126628,39.88497446,16443.31401
vid_000039_frame0000013.jpg,119.7760468,39.04554854,15488.0332
vid_000039_frame0000014.jpg,118.0108185,38.66549229,16059.58083
vid_000039_frame0000015.jpg,115.5748901,37.22582574,14068.84438
vid_000039_frame0000016.jpg,114.2163493,36.94989177,14070.9614
vid_000039_frame0000017.jpg,114.0141602,36.89855567,13544.681
vid_000039_frame0000018.jpg,115.1202596,37.17514201,14815.18746
vid_000039_frame0000019.jpg,116.3683929,36.34229651,13680.61937
vid_000039_frame0000020.jpg,116.249588,37.09999713,14754.24313
vid_000040_frame0000001.jpg,105.5125732,36.45225718,13990.23364
vid_000040_frame0000002.jpg,106.0355835,35.84535607,13192.87197
vid_000040_frame0000004.jpg,105.4101919,35.40473659,14061.36335
vid_000040_frame0000005.jpg,105.5772756,32.51116532,13660.75434
vid_000040_frame0000006.jpg,106.2744548,33.548809,15453.34457
vid_000040_frame0000007.jpg,106.4004771,33.23069709,15029.9323
vid_000040_frame0000008.jpg,105.8831991,33.67257149,15415.76582
vid_000040_frame0000009.jpg,105.1678009,31.67054712,13251.05854
vid_000040_frame0000011.jpg,104.0132395,32.6881934,14064.80897
vid_000040_frame0000012.jpg,104.0552114,32.858221,14650.76386
vid_000040_frame0000013.jpg,103.7295888,32.04007711,13619.83791
vid_000040_frame0000014.jpg,103.1517792,32.64529164,14633.97241
vid_000040_frame0000017.jpg,105.1363017,32.88326751,14653.84355
vid_000040_frame0000018.jpg,106.13355,33.39904196,15307.78247
vid_000040_frame0000023.jpg,106.501709,31.63908814,13642.21948
vid_000040_frame0000024.jpg,106.3477478,31.52146999,13983.95734
vid_000040_frame0000041.jpg,110.1960754,37.12990395,13495.61082
vid_000040_frame0000042.jpg,108.8065847,37.07804009,13678.7846
vid_000040_frame0000043.jpg,108.767217,37.45443108,13901.47728
vid_000040_frame0000044.jpg,107.9363607,37.55978509,14048.38388
vid_000040_frame0000045.jpg,108.703776,37.74235244,14089.95512
vid_000040_frame0000046.jpg,108.9065348,37.85105258,13993.08389
vid_000040_frame0000047.jpg,109.3952637,37.82542791,14056.58953
vid_000040_frame0000048.jpg,110.0896759,37.77301536,14045.57918
vid_000040_frame0000049.jpg,110.3006744,37.16518505,13477.58007
vid_000040_frame0000050.jpg,109.691569,37.59627336,14237.36812
vid_000040_frame0000051.jpg,108.5291189,37.18937644,13919.63917
vid_000040_frame0000052.jpg,108.3825989,37.03978578,13807.57153
vid_000040_frame0000053.jpg,108.2809906,36.94527379,13715.28631
vid_000041_frame0000002.jpg,111.8700714,28.4134784,11860.21601
vid_000041_frame0000004.jpg,110.4469961,28.63540284,12063.19605
vid_000041_frame0000008.jpg,113.5182953,29.52372798,12524.89581
vid_000041_frame0000009.jpg,116.0871582,28.9787515,11734.28864
vid_000041_frame0000010.jpg,114.2417043,29.76605091,12257.64816
vid_000041_frame0000021.jpg,112.192627,29.4846171,11958.51766
vid_000041_frame0000022.jpg,111.3863017,29.9062303,12496.75546
vid_000041_frame0000023.jpg,112.1703033,29.44287844,11895.08173
vid_000041_frame0000024.jpg,112.1474813,30.74805241,13035.01519
vid_000041_frame0000025.jpg,113.1036631,30.94816918,12660.60345
vid_000041_frame0000026.jpg,111.5612742,31.33414938,13026.18324
vid_000041_frame0000027.jpg,111.219279,31.85550032,13213.20063
vid_000041_frame0000028.jpg,109.7273254,32.85174859,13818.32976
vid_000041_frame0000029.jpg,109.1074626,31.92459756,12678.55548
vid_000041_frame0000030.jpg,108.044576,33.99462649,14612.88833
vid_000041_frame0000045.jpg,111.6181335,28.42114129,11476.49991
vid_000042_frame0000004.jpg,106.6008301,29.24903065,10748.74262
vid_000042_frame0000008.jpg,106.7508138,28.92369897,10788.89171
vid_000042_frame0000009.jpg,106.8232218,28.65238608,10347.79608
vid_000042_frame0000010.jpg,107.4004161,29.08511894,10604.49971
vid_000042_frame0000016.jpg,104.9409281,28.74941405,10702.24571
vid_000042_frame0000017.jpg,106.1402842,28.47248805,10442.50128
vid_000043_frame0000008.jpg,107.134613,33.92651349,12243.40432
vid_000043_frame0000016.jpg,109.1027832,34.24206711,11406.55503
vid_000043_frame0000017.jpg,107.8535309,34.69661391,11180.56932
vid_000043_frame0000018.jpg,106.944102,34.0096812,11487.91395
vid_000043_frame0000019.jpg,106.6952209,33.31602627,11103.91122
vid_000044_frame0000011.jpg,81.72421265,31.01658812,10897.77094
vid_000044_frame0000012.jpg,81.81165059,30.93896614,10901.58628
vid_000044_frame0000013.jpg,81.68055216,31.14931328,10918.20409
vid_000044_frame0000014.jpg,80.82203166,30.84635528,10786.45531
vid_000044_frame0000015.jpg,80.91072591,30.88116081,10901.96306
vid_000044_frame0000016.jpg,80.97280375,30.86268768,10848.06804
vid_000044_frame0000022.jpg,80.17898051,30.64006599,10330.53594
vid_000044_frame0000023.jpg,80.7920634,30.97366733,10544.27423
vid_000044_frame0000024.jpg,80.53371175,31.01857017,10629.78216
vid_000044_frame0000025.jpg,80.54157511,30.68206065,10596.17126
vid_000045_frame0000006.jpg,99.31329346,28.49842682,10228.19127
vid_000045_frame0000007.jpg,99.84570313,28.60230789,10303.06478
vid_000045_frame0000008.jpg,100.4853261,28.54967071,10208.56874
vid_000045_frame0000009.jpg,100.1372426,28.51337461,10168.64528
vid_000045_frame0000010.jpg,99.88962809,28.62552976,10380.025
vid_000045_frame0000012.jpg,99.92626953,28.68475574,10276.08317
vid_000045_frame0000013.jpg,100.7955271,28.46358595,10110.18413
vid_000045_frame0000014.jpg,100.6493225,28.72221542,10264.38669
vid_000045_frame0000016.jpg,100.3913015,28.73950897,10291.93144
vid_000045_frame0000038.jpg,96.15495809,28.69583636,10237.51084
vid_000045_frame0000040.jpg,96.89212545,32.62264948,10741.94259
vid_000045_frame0000041.jpg,95.51955668,29.54812514,10692.61989
vid_000045_frame0000042.jpg,96.79007467,30.11553331,10536.44028
vid_000045_frame0000043.jpg,97.44999695,30.53353909,10929.25394
vid_000045_frame0000047.jpg,97.45188904,27.81388278,10015.51112
vid_000045_frame0000048.jpg,95.42018127,28.0127681,10022.50246
vid_000045_frame0000049.jpg,95.00208028,28.09752475,10231.64933
vid_000045_frame0000050.jpg,96.21742249,28.24685092,10314.30706
vid_000045_frame0000051.jpg,96.69850159,28.37402226,10463.46356
vid_000045_frame0000052.jpg,96.8156484,28.51618303,10500.74793
vid_000045_frame0000053.jpg,96.83307902,28.39770764,10464.19167
vid_000045_frame0000060.jpg,96.51624552,28.24293579,10625.0954
vid_000045_frame0000061.jpg,95.97290039,28.34139675,10453.36472
vid_000046_frame0000001.jpg,110.341863,28.05178453,10537.84903
vid_000046_frame0000002.jpg,110.1913808,27.6575331,10386.45391
vid_000046_frame0000004.jpg,109.3404388,27.82657251,10491.57879
vid_000046_frame0000005.jpg,108.7307841,27.60041043,10641.5077
vid_000046_frame0000006.jpg,108.2407379,27.82218646,10584.7199
vid_000046_frame0000012.jpg,110.1487935,28.34128239,10875.65724
vid_000046_frame0000013.jpg,112.6635284,28.23566088,10845.46887
vid_000046_frame0000014.jpg,113.6989237,28.47750181,10630.84002
vid_000046_frame0000015.jpg,114.3008626,28.51121018,10595.13052
vid_000047_frame0000007.jpg,102.6918844,34.2705672,12774.3018
vid_000047_frame0000015.jpg,101.1588084,34.7450311,13161.00083
vid_000047_frame0000016.jpg,100.0700633,35.03033745,13233.76844
vid_000047_frame0000022.jpg,103.4588877,34.60767223,12877.65476
vid_000047_frame0000023.jpg,106.1794942,34.42964596,12704.3653
vid_000047_frame0000024.jpg,105.8003031,34.49537513,13072.43325
vid_000047_frame0000025.jpg,105.1144409,34.26189007,12928.80904
vid_000048_frame0000001.jpg,102.9649302,31.78366932,11987.80218
vid_000048_frame0000002.jpg,103.3483124,31.42491431,11898.04416
vid_000048_frame0000003.jpg,104.0712077,31.51074868,11768.28419
vid_000048_frame0000024.jpg,105.1267395,31.55480049,11928.98657
vid_000049_frame0000015.jpg,96.19158427,32.01830234,11740.52656
vid_000049_frame0000016.jpg,95.88197327,32.09702693,11535.72222
vid_000049_frame0000018.jpg,94.27309672,32.49609521,11782.72508
vid_000050_frame0000004.jpg,104.1580658,37.23043745,12912.0882
vid_000050_frame0000016.jpg,112.1270091,43.32818531,17257.85918
vid_000050_frame0000017.jpg,112.9218852,43.54674362,17921.81969
vid_000050_frame0000018.jpg,110.0372467,41.54514344,16111.04766
vid_000050_frame0000019.jpg,105.5487315,39.31434603,14235.39926
vid_000050_frame0000020.jpg,102.8316091,38.89242716,15608.61388
vid_000050_frame0000021.jpg,103.4760895,38.65375809,14846.21009
vid_000050_frame0000022.jpg,102.7241007,38.73470512,15463.20159
vid_000051_frame0000016.jpg,105.0475108,33.87032101,11039.04319
vid_000052_frame0000021.jpg,116.2825063,35.21474169,14169.90797
vid_000052_frame0000022.jpg,116.9183706,35.91853645,15101.60067
vid_000052_frame0000023.jpg,116.5061696,34.61508595,13715.39237
vid_000052_frame0000025.jpg,127.2461344,38.10436821,15541.50131
vid_000052_frame0000027.jpg,122.7588908,38.41137221,15676.04784
vid_000052_frame0000029.jpg,120.5740916,36.46278628,13718.54469
vid_000052_frame0000031.jpg,118.9621989,36.46638655,14151.12706
vid_000052_frame0000033.jpg,119.7944285,37.57204088,16121.43107
vid_000052_frame0000037.jpg,123.3779297,38.44831108,16674.80956
vid_000052_frame0000039.jpg,122.7503967,37.8025837,16006.50806
vid_000052_frame0000043.jpg,125.1213735,40.08108914,17811.44345
vid_000052_frame0000064.jpg,138.2394002,55.89859782,29082.54785
vid_000052_frame0000084.jpg,141.0892843,66.17832748,32163.49067
vid_000052_frame0000086.jpg,138.6767527,65.21487037,28014.95477
vid_000052_frame0000087.jpg,137.6791636,68.6899371,35122.86238
vid_000052_frame0000089.jpg,136.546051,69.63516006,36797.65108
vid_000052_frame0000091.jpg,136.191625,69.32950775,38265.90392
vid_000053_frame0000003.jpg,137.3235728,62.14320833,39292.89189
vid_000053_frame0000004.jpg,136.8008219,62.44362009,40621.77225
vid_000053_frame0000005.jpg,136.7495982,62.4249955,40488.56448
vid_000053_frame0000013.jpg,137.153773,61.91532859,38855.7795
vid_000053_frame0000014.jpg,136.8105672,62.3610071,40580.19513
vid_000053_frame0000015.jpg,137.0359446,62.32525641,40326.25832
vid_000053_frame0000016.jpg,136.9759572,61.90046707,38641.36804
vid_000053_frame0000017.jpg,136.9868571,62.26895323,39833.5673
vid_000054_frame0000001.jpg,134.6125539,55.28688943,33393.2057
vid_000054_frame0000002.jpg,134.7842153,55.20591348,33090.45846
vid_000054_frame0000003.jpg,135.0143127,55.12993923,33034.18083
vid_000054_frame0000004.jpg,134.9408976,55.34970304,33768.60913
vid_000054_frame0000005.jpg,135.1874339,55.01455588,32742.90467
vid_000054_frame0000006.jpg,134.3576457,54.36197283,31758.9666
vid_000054_frame0000008.jpg,136.7292735,46.10695195,21478.65942
vid_000054_frame0000015.jpg,132.9037374,48.25194508,23266.38464
vid_000054_frame0000035.jpg,133.2535299,46.78144475,21487.87121
vid_000054_frame0000036.jpg,133.291687,46.14438968,20937.64108
vid_000054_frame0000041.jpg,131.3162791,55.67206146,31097.5232
vid_000055_frame0000001.jpg,104.6291809,66.95992219,28091.53536
vid_000055_frame0000005.jpg,107.9608612,68.28457186,23760.47271
vid_000055_frame0000015.jpg,105.4353485,70.42854299,27499.19708
vid_000055_frame0000020.jpg,103.0018768,68.67618649,25381.22153
vid_000055_frame0000025.jpg,104.2564596,64.61779677,29766.89046
vid_000055_frame0000030.jpg,105.7569427,65.50984999,30274.43642
vid_000055_frame0000045.jpg,108.1234945,65.27096169,29004.60159
vid_000055_frame0000049.jpg,108.4461924,65.08508205,28076.38997
vid_000055_frame0000060.jpg,107.8464508,65.04983572,29184.76764
vid_000055_frame0000070.jpg,108.0858612,64.9920697,28282.49228
vid_000055_frame0000075.jpg,105.9434255,64.88103666,28964.93386
vid_000055_frame0000080.jpg,105.6627401,65.09322378,30197.4451
vid_000055_frame0000095.jpg,107.2999929,65.43634866,29756.86128
vid_000055_frame0000175.jpg,109.0137736,70.33614789,28868.49629
vid_000055_frame0000245.jpg,107.509669,64.88474308,29034.32819
vid_000063_frame0000001.jpg,124.1800995,58.86688016,32649.23648
vid_000063_frame0000002.jpg,124.1195577,58.73652906,32145.15913
vid_000063_frame0000003.jpg,123.3678131,57.35970737,27004.47818
vid_000063_frame0000005.jpg,121.6524811,59.64544787,32075.13257
vid_000063_frame0000010.jpg,125.6557465,59.82103559,33677.85359
vid_000063_frame0000015.jpg,125.2112427,57.56162075,30446.67663
vid_000067_frame0000013.jpg,125.8009898,37.68869223,13894.81235
vid_000067_frame0000015.jpg,135.6875458,37.59402212,13798.48719
vid_000068_frame0000002.jpg,116.3780823,34.12980956,13736.94073
vid_000069_frame0000020.jpg,122.0706533,43.44543809,22119.70439
vid_000069_frame0000030.jpg,122.3643697,44.93864085,23773.38776
vid_000069_frame0000050.jpg,121.7235107,44.10673559,21824.28905
vid_000070_frame0000004.jpg,160.6854248,39.18473519,9392.798244
vid_000070_frame0000005.jpg,160.9201813,38.54388307,8393.601928
vid_000070_frame0000006.jpg,159.1275024,39.65702261,9746.89746
vid_000070_frame0000007.jpg,158.7588196,39.1393642,9018.92664
vid_000070_frame0000008.jpg,158.1904602,39.50774015,10173.89962
vid_000070_frame0000009.jpg,158.4917145,39.04537766,8595.156617
vid_000070_frame0000010.jpg,157.9786224,39.95484188,10399.55059
vid_000070_frame0000011.jpg,158.4534403,39.3332453,9387.943067
vid_000072_frame0000001.jpg,128.6887512,38.86577923,16376.1371
vid_000072_frame0000004.jpg,128.3719076,39.54905122,16785.86901
vid_000072_frame0000008.jpg,129.4027557,40.13506205,17424.51024
vid_000072_frame0000012.jpg,131.1046397,36.03452978,13420.12353
vid_000072_frame0000024.jpg,135.0481262,33.74266659,12808.12582
vid_000072_frame0000028.jpg,136.8050893,33.44888945,12742.3222
vid_000072_frame0000032.jpg,132.3416443,33.83305209,12708.10932
vid_000072_frame0000036.jpg,133.456248,33.85606522,12746.4763
vid_000072_frame0000040.jpg,133.0218506,39.46991006,16477.58808
vid_000072_frame0000044.jpg,127.4470418,44.68967801,23337.40294
vid_000073_frame0000001.jpg,112.9035136,35.925055,13617.18888
vid_000073_frame0000007.jpg,108.2389832,28.26373076,11825.37795
vid_000073_frame0000008.jpg,112.0983378,28.68648891,11775.1877
vid_000073_frame0000010.jpg,113.5376078,27.996689,11484.62679
vid_000073_frame0000011.jpg,109.6161652,28.28383453,11696.86403
vid_000073_frame0000012.jpg,107.4920858,27.7005877,11610.59304
vid_000073_frame0000014.jpg,105.0498098,26.97170152,11399.52818
vid_000073_frame0000021.jpg,105.6603088,27.21251201,11208.93441
vid_000073_frame0000030.jpg,115.5285288,27.81029478,11452.67852
vid_000073_frame0000035.jpg,114.0971527,27.11551561,11456.8013
vid_000073_frame0000042.jpg,116.3976542,30.27687603,13329.24219
vid_000073_frame0000049.jpg,117.4824219,30.80496813,12874.51641
vid_000073_frame0000051.jpg,115.7217712,31.19670654,14275.49416
vid_000073_frame0000052.jpg,114.6761017,31.43284034,14404.76143
vid_000074_frame0000001.jpg,90.84801229,45.41741862,20168.77433
vid_000074_frame0000024.jpg,100.0592041,45.89541019,20338.82809
vid_000074_frame0000025.jpg,100.2350006,45.38911006,20150.73764
vid_000074_frame0000026.jpg,100.2755534,45.52367378,20135.22036
vid_000074_frame0000027.jpg,100.9590251,45.71927287,20488.2484
vid_000074_frame0000037.jpg,100.240509,45.74741351,19913.50955
vid_000074_frame0000038.jpg,100.6953023,45.91183475,20346.12537
vid_000074_frame0000039.jpg,99.36487834,45.16126603,19647.11848
vid_000074_frame0000040.jpg,99.1803182,45.32255565,20105.06337
vid_000074_frame0000041.jpg,97.80399068,45.08741416,19982.60858
vid_000074_frame0000042.jpg,95.99694316,44.63193109,19725.9134
vid_000074_frame0000043.jpg,94.72610982,44.31946454,19438.22557
vid_000074_frame0000044.jpg,94.70470683,44.75009599,19982.68126
vid_000074_frame0000045.jpg,94.25406901,44.66657053,19506.23035
vid_000074_frame0000046.jpg,93.92733256,45.97790377,19053.5656
vid_000074_frame0000049.jpg,96.00268046,50.8079575,24790.53082
vid_000074_frame0000051.jpg,90.8682607,53.15616785,27083.48392
vid_000074_frame0000052.jpg,90.04001363,53.97734745,26280.9635
vid_000074_frame0000053.jpg,93.67635091,54.79980839,25809.74844
vid_000075_frame0000037.jpg,105.87146,26.51232293,11281.32546
vid_000075_frame0000038.jpg,105.9610901,26.61301649,11645.59699
vid_000075_frame0000040.jpg,107.5093333,26.56624637,11425.60851
vid_000075_frame0000041.jpg,107.2590586,26.25440718,11360.87552
vid_000075_frame0000042.jpg,107.5186768,26.30060782,11327.72363
vid_000075_frame0000043.jpg,107.6873627,27.27314584,11484.26364
vid_000075_frame0000044.jpg,107.6906738,27.97698719,12313.54572
vid_000075_frame0000051.jpg,107.2361247,34.12491982,12130.10398
vid_000075_frame0000052.jpg,108.8699036,34.46324702,12463.52365
vid_000075_frame0000053.jpg,109.6608734,34.66132864,12592.06218
vid_000075_frame0000054.jpg,111.3784637,35.06041422,12889.66013
vid_000075_frame0000055.jpg,110.9443868,35.00248549,12841.35426
vid_000075_frame0000056.jpg,110.8152568,34.46628576,12408.52959
vid_000075_frame0000057.jpg,111.5243683,35.23571988,13596.3899
vid_000075_frame0000063.jpg,111.2917074,32.84665075,15344.55226
vid_000075_frame0000095.jpg,107.7285767,31.7879855,14152.74479
vid_000075_frame0000100.jpg,105.2295329,29.10574474,12426.09542
vid_000075_frame0000105.jpg,104.6815389,28.54308471,12270.60106
vid_000075_frame0000110.jpg,103.8927002,44.46218719,15379.22863
vid_000075_frame0000115.jpg,95.57084147,38.3446883,11535.90167
vid_000075_frame0000147.jpg,105.3617605,25.88366778,10896.84453
vid_000075_frame0000150.jpg,103.7852325,26.14349173,10902.99132
vid_000075_frame0000157.jpg,112.148407,42.76459727,16532.2077
vid_000075_frame0000160.jpg,105.9583028,43.33251879,17020.61612
vid_000075_frame0000165.jpg,105.6625824,43.56959661,17074.12847
vid_000075_frame0000170.jpg,105.4869385,41.13994233,15412.54605
vid_000075_frame0000175.jpg,107.7739614,41.18771201,15865.58225
vid_000075_frame0000180.jpg,110.0190786,40.33633883,14923.56311
vid_000075_frame0000184.jpg,107.8755086,40.77526315,15978.30385
vid_000075_frame0000185.jpg,105.585556,39.91624831,14569.50896
vid_000075_frame0000190.jpg,102.427419,36.71761622,12166.87415
vid_000075_frame0000195.jpg,99.50149028,36.8371553,11988.13415
vid_000075_frame0000200.jpg,100.7435608,36.31798462,11718.15415
vid_000076_frame0000002.jpg,108.1121063,35.93239109,12971.79829
vid_000076_frame0000003.jpg,107.2351634,36.08638178,13052.30727
vid_000076_frame0000005.jpg,111.1254374,34.46839707,12052.98684
vid_000076_frame0000006.jpg,114.5645955,27.7814455,10840.94867
vid_000076_frame0000007.jpg,117.597758,26.79507566,11013.74834
vid_000076_frame0000008.jpg,115.4981333,26.72419491,10928.65918
vid_000076_frame0000009.jpg,116.3592173,26.71040197,10778.14501
vid_000076_frame0000010.jpg,115.737086,26.86368868,10907.88317
vid_000076_frame0000012.jpg,116.8599854,27.12672559,10895.18044
vid_000076_frame0000013.jpg,117.2039083,26.97526617,10898.43441
vid_000076_frame0000014.jpg,116.1041972,27.08634531,11251.38607
vid_000076_frame0000015.jpg,115.6955058,27.00391135,11080.86658
vid_000076_frame0000016.jpg,114.3529358,27.27340951,11235.90738
vid_000076_frame0000017.jpg,115.2843475,27.2732367,11309.82699
vid_000076_frame0000018.jpg,115.353302,27.5057649,11577.39567
vid_000076_frame0000019.jpg,116.4915873,27.17351791,11237.69214
vid_000076_frame0000020.jpg,115.976237,27.04107659,10982.72725
vid_000076_frame0000021.jpg,117.1320445,27.27300381,11250.63675
vid_000076_frame0000022.jpg,117.5914459,26.88875313,10825.68783
vid_000076_frame0000023.jpg,117.4723918,27.26060407,10748.65814
vid_000076_frame0000024.jpg,115.6103516,27.12742759,11096.91618
vid_000076_frame0000025.jpg,114.205719,27.24963561,11015.57586
vid_000076_frame0000026.jpg,112.0311584,27.22168468,11154.53175
vid_000076_frame0000027.jpg,112.0139058,27.14534661,11230.03287
vid_000076_frame0000028.jpg,111.2109172,27.10553618,11358.50499
vid_000076_frame0000029.jpg,110.3351593,26.8904415,11108.73903
vid_000076_frame0000030.jpg,109.8479207,26.76591962,11230.46167
vid_000076_frame0000031.jpg,113.4948273,26.9846054,11134.95305
vid_000076_frame0000032.jpg,112.5970357,27.24532031,11671.23457
vid_000076_frame0000033.jpg,114.6238963,27.12934299,11185.22838
vid_000076_frame0000034.jpg,116.7765757,27.41344639,11298.5872
vid_000076_frame0000039.jpg,112.5010885,40.04471199,13379.32563
vid_000076_frame0000040.jpg,110.1942647,42.6742971,15910.67282
vid_000077_frame0000001.jpg,112.1580607,31.6126574,12369.86787
vid_000077_frame0000002.jpg,113.1567942,31.37709973,12021.24152
vid_000077_frame0000003.jpg,112.7025299,31.78752898,12124.21733
vid_000077_frame0000004.jpg,112.5184987,32.18914405,12279.60306
vid_000077_frame0000005.jpg,112.0867208,32.1656319,12326.75805
vid_000077_frame0000006.jpg,114.1920369,30.04690542,12009.20099
vid_000077_frame0000013.jpg,109.250061,36.08557315,15039.30672
vid_000077_frame0000014.jpg,113.1652629,35.92348885,14650.62459
vid_000077_frame0000015.jpg,114.1053975,35.73629049,14483.85843
vid_000077_frame0000016.jpg,116.3131154,36.21649721,15647.2149
vid_000077_frame0000017.jpg,119.4316152,35.94010355,15217.82267
vid_000077_frame0000018.jpg,120.102656,34.00626997,13661.35451
vid_000077_frame0000019.jpg,109.3465474,34.22071751,13381.44048
vid_000077_frame0000020.jpg,111.519338,35.07509937,14924.30344
vid_000077_frame0000021.jpg,114.6868744,35.58729359,15270.46334
vid_000077_frame0000022.jpg,114.3831228,34.89380326,14761.33863
vid_000077_frame0000023.jpg,112.4945475,34.90892751,14659.70645
vid_000077_frame0000024.jpg,114.2152913,34.87795823,14846.32566
vid_000077_frame0000025.jpg,115.9210103,34.34364169,14137.27625
vid_000077_frame0000026.jpg,117.795934,34.47133855,14006.70972
vid_000077_frame0000027.jpg,108.3448944,34.73799596,14976.20776
vid_000077_frame0000028.jpg,110.2623596,35.48987467,15624.29168
vid_000077_frame0000029.jpg,113.0959574,34.67693316,14248.22181
vid_000077_frame0000030.jpg,115.1059774,34.74483167,14824.01101
vid_000077_frame0000031.jpg,115.560791,33.35553191,14291.04353
vid_000077_frame0000032.jpg,115.2322947,31.50859476,12461.20795
vid_000077_frame0000033.jpg,125.1105652,35.0083055,11524.63977
vid_000077_frame0000034.jpg,120.2585754,36.44551406,11985.70311
vid_000077_frame0000036.jpg,117.5391439,37.65097814,11878.78393
vid_000077_frame0000037.jpg,114.6423645,33.40952235,12553.2472
vid_000077_frame0000038.jpg,115.0078481,27.81057103,11220.65129
vid_000077_frame0000039.jpg,120.1421916,27.09515576,11257.70787
vid_000077_frame0000040.jpg,121.4877574,27.58328605,11660.40245
vid_000077_frame0000053.jpg,117.3160655,31.6538156,10586.72864
vid_000078_frame0000003.jpg,113.8326213,29.62883594,11805.22438
vid_000078_frame0000004.jpg,115.4427897,29.92872057,11646.31496
vid_000078_frame0000005.jpg,123.7693634,29.94854807,11217.12746
vid_000078_frame0000006.jpg,121.4936829,28.89356511,10759.66738
vid_000078_frame0000009.jpg,120.1958567,28.34652012,11385.6315
vid_000078_frame0000011.jpg,120.9055125,29.59225622,12128.84335
vid_000078_frame0000014.jpg,123.1442362,31.54178087,13933.47967
vid_000079_frame0000015.jpg,101.8071442,33.46384833,12788.10836
vid_000079_frame0000016.jpg,104.1152802,33.73450227,13392.5726
vid_000079_frame0000017.jpg,104.9414469,33.12364783,12655.64446
vid_000079_frame0000026.jpg,111.984314,33.86109326,13665.0781
vid_000079_frame0000027.jpg,114.0150909,34.24750328,12619.65007
vid_000079_frame0000039.jpg,115.912262,34.89104094,12394.67036
vid_000079_frame0000050.jpg,119.274292,34.02297242,11150.13194
vid_000079_frame0000055.jpg,117.61586,34.54563729,11287.09602
vid_000079_frame0000058.jpg,115.2953389,34.17377113,11289.89183
vid_000079_frame0000061.jpg,115.5124766,34.43442303,11329.61783
vid_000079_frame0000070.jpg,117.9418081,35.36196665,12161.13473
vid_000079_frame0000073.jpg,115.4110209,35.25123103,12288.19589
vid_000079_frame0000079.jpg,112.5728404,34.38377306,12143.24977
vid_000080_frame0000009.jpg,103.9599304,32.5882594,11479.14975
vid_000080_frame0000020.jpg,104.2378031,33.40547134,12800.97986
vid_000080_frame0000023.jpg,105.40684,33.37082387,12405.97195
vid_000080_frame0000029.jpg,105.5565389,33.40122868,11581.21503
vid_000080_frame0000030.jpg,105.1284485,33.94771327,12919.85749
vid_000080_frame0000031.jpg,105.5523783,33.79443468,12395.14531
vid_000080_frame0000034.jpg,109.088323,34.62380008,13470.4443
vid_000080_frame0000053.jpg,106.1657969,33.09133775,11681.21293
vid_000080_frame0000069.jpg,108.0211792,34.27148119,11539.63527
vid_000080_frame0000071.jpg,108.7450816,33.99502772,11250.44717
vid_000080_frame0000072.jpg,113.1253408,34.67852445,11388.48403
vid_000080_frame0000074.jpg,116.8335368,35.36677001,11492.40513
vid_000080_frame0000075.jpg,114.132019,34.87783385,11739.47094
vid_000080_frame0000079.jpg,116.1348979,35.53195402,11159.46814
vid_000080_frame0000080.jpg,115.4940796,34.85218224,10796.19819
vid_000080_frame0000081.jpg,112.7183889,34.63894868,11254.89755
vid_000080_frame0000082.jpg,112.3376821,34.37207891,11238.51884
vid_000080_frame0000089.jpg,112.7325389,34.79302237,11346.94239
vid_000080_frame0000090.jpg,112.5581818,35.29241357,11823.40209
vid_000080_frame0000091.jpg,111.3861949,34.55920811,11570.27481
vid_000080_frame0000105.jpg,107.1269836,34.85003766,12967.09763
vid_000080_frame0000122.jpg,105.6585439,34.60199158,13339.15334
vid_000081_frame0000010.jpg,106.3469086,29.63819766,13180.78809
vid_000081_frame0000014.jpg,109.0131327,27.99923343,11243.6135
vid_000081_frame0000016.jpg,108.8131866,27.84608002,10833.95979
vid_000081_frame0000017.jpg,109.4417419,27.68856478,10948.14837
vid_000081_frame0000018.jpg,109.0022888,27.99297817,10975.80874
vid_000081_frame0000024.jpg,107.498937,28.90525844,11868.63183
vid_000081_frame0000025.jpg,109.5068614,28.65497724,11487.7923
vid_000081_frame0000035.jpg,108.7260386,29.59152512,12424.54006
vid_000081_frame0000036.jpg,110.1104329,29.4802708,11844.28769
vid_000081_frame0000037.jpg,110.694046,29.94022118,12217.31477
vid_000081_frame0000039.jpg,109.5141958,30.04984283,12536.91365
vid_000081_frame0000040.jpg,108.0469869,30.29237562,12712.26398
vid_000081_frame0000041.jpg,105.4952037,31.33286779,13700.10135
vid_000081_frame0000042.jpg,106.223882,31.39715745,13908.85754
vid_000081_frame0000043.jpg,105.0015259,31.85253717,13703.1786
vid_000081_frame0000044.jpg,104.9045105,31.20447361,13568.01999
vid_000081_frame0000045.jpg,104.3033346,31.20471098,14015.47143
vid_000081_frame0000046.jpg,106.1652679,30.45596929,12535.22375
vid_000081_frame0000047.jpg,106.1509094,31.44662479,13779.349
vid_000081_frame0000048.jpg,106.7453664,30.97162776,13361.6407
vid_000081_frame0000049.jpg,108.7304688,30.11084809,12740.13897
vid_000083_frame0000008.jpg,107.8441416,32.96211419,15909.53468
vid_000083_frame0000042.jpg,107.5186056,30.6038659,13175.31871
vid_000084_frame0000008.jpg,104.5082245,27.97799805,11830.35539
vid_000084_frame0000012.jpg,106.8838806,27.89315018,11690.28328
vid_000084_frame0000041.jpg,103.1620026,32.51851444,14943.22323
vid_000084_frame0000047.jpg,108.0094503,29.7794381,12375.47407
vid_000084_frame0000056.jpg,109.7827199,30.05669378,11832.63471
vid_000084_frame0000064.jpg,108.6794179,32.51488956,12930.42411
vid_000084_frame0000065.jpg,106.0578308,32.18160789,12990.62875
vid_000084_frame0000127.jpg,105.0199178,30.58770482,13421.89072
vid_000084_frame0000128.jpg,105.3037567,30.54983138,13639.43777
vid_000085_frame0000010.jpg,110.8786112,31.47855652,11996.47279
vid_000085_frame0000011.jpg,107.5551605,34.09551613,13924.33823
vid_000085_frame0000012.jpg,108.5801442,32.80045873,13252.59362
vid_000085_frame0000013.jpg,107.0413361,31.06656638,12392.70209
vid_000085_frame0000036.jpg,98.91801453,30.94336568,11846.73888
vid_000085_frame0000037.jpg,99.50346375,32.7689404,11999.20324
vid_000085_frame0000038.jpg,103.1405792,38.0442159,11839.39982
vid_000085_frame0000039.jpg,102.2034963,32.99301315,11782.06801
vid_000085_frame0000040.jpg,100.1013082,32.43141584,11302.52377
vid_000085_frame0000042.jpg,97.37997945,31.56010136,11721.62404
vid_000086_frame0000014.jpg,102.8162333,30.09326074,11265.75149
vid_000086_frame0000015.jpg,103.5282949,30.40442032,11354.22519
vid_000086_frame0000016.jpg,102.7737834,30.34223104,11133.376
vid_000086_frame0000019.jpg,99.94164022,30.40456902,10992.05215
vid_000086_frame0000023.jpg,101.2500559,30.25113976,11142.14154
vid_000086_frame0000024.jpg,98.97587585,29.80719741,11075.13026
vid_000086_frame0000025.jpg,98.47508748,29.5520173,11048.84895
vid_000086_frame0000028.jpg,102.2273865,29.85369603,11071.92414
vid_000086_frame0000029.jpg,103.811259,29.61859638,10992.38095
vid_000086_frame0000031.jpg,104.643809,29.85753628,11021.35372
vid_000086_frame0000034.jpg,104.0689138,29.48586295,10961.33578
vid_000086_frame0000036.jpg,104.130127,29.27969069,10775.18117
vid_000086_frame0000038.jpg,103.6293793,29.28875938,11161.65789
vid_000086_frame0000040.jpg,102.678304,29.07125076,11054.28468
vid_000086_frame0000042.jpg,102.8901011,29.0521426,11088.95099
vid_000086_frame0000043.jpg,102.9661611,28.48073528,11337.53607
vid_000086_frame0000044.jpg,103.8893483,30.44380421,11621.44175
vid_000086_frame0000045.jpg,104.0997162,32.18479285,11108.59074
vid_000086_frame0000046.jpg,105.6554362,34.11871734,11282.24485
vid_000086_frame0000047.jpg,103.1228282,33.28886424,11216.89123
vid_000086_frame0000048.jpg,102.1212362,34.18935713,11511.52744
vid_000086_frame0000049.jpg,103.2001953,34.82505281,11515.63223
vid_000086_frame0000050.jpg,102.1944682,35.72459186,12218.32268
vid_000086_frame0000051.jpg,102.4911245,34.37886405,11992.32167
vid_000086_frame0000055.jpg,101.2039642,31.12076106,11840.91801
vid_000086_frame0000056.jpg,102.046224,30.88982427,11755.70528
vid_000086_frame0000057.jpg,102.9819641,29.90149556,11665.64043
vid_000086_frame0000058.jpg,101.880071,29.04348172,11808.32592
vid_000086_frame0000059.jpg,102.7326508,28.94995643,11495.22824
vid_000086_frame0000060.jpg,103.5727641,28.86423987,11584.30341
vid_000086_frame0000074.jpg,106.4433187,31.13452447,11177.2939
vid_000087_frame0000001.jpg,113.7189941,31.33024552,11322.22696
vid_000087_frame0000003.jpg,113.3973694,31.55975029,11126.24054
vid_000088_frame0000001.jpg,109.0647888,47.30681233,15355.05477
vid_000088_frame0000006.jpg,109.9157003,45.70439684,15188.18504
vid_000088_frame0000030.jpg,115.1016744,39.09881993,12178.10974
vid_000089_frame0000001.jpg,104.1351217,48.16947658,22666.89077
vid_000089_frame0000010.jpg,104.1026103,49.05362699,23803.83612
vid_000089_frame0000014.jpg,103.9339142,49.26669304,24510.9828
vid_000089_frame0000015.jpg,104.1725159,49.23978947,23992.9714
vid_000089_frame0000016.jpg,103.6671092,48.58039813,23068.65053
vid_000089_frame0000024.jpg,103.9398092,49.57356492,24842.67662
vid_000089_frame0000028.jpg,104.6172587,45.53943,20887.91703
vid_000089_frame0000029.jpg,106.8327281,45.82423612,20923.87917
vid_000089_frame0000030.jpg,110.1241455,54.25447103,27332.85876
vid_000089_frame0000038.jpg,111.6410573,64.0896415,51249.47011
vid_000089_frame0000039.jpg,112.5956319,64.34867997,52845.50555
vid_000089_frame0000044.jpg,113.0626373,66.03880516,58283.67794
vid_000089_frame0000047.jpg,113.3164571,66.37116095,59385.81768
vid_000090_frame0000018.jpg,122.5267893,74.2102429,67273.82285
vid_000090_frame0000030.jpg,122.0550791,74.83948224,71241.73559
vid_000090_frame0000084.jpg,113.8069661,55.58054169,33595.9155
vid_000091_frame0000007.jpg,100.4502106,51.8653847,19030.04652
vid_000091_frame0000009.jpg,95.3401591,52.10670297,18871.93715
vid_000091_frame0000011.jpg,94.41382345,52.87776829,20062.33039
vid_000091_frame0000012.jpg,94.13161723,53.61256897,20243.87921
vid_000091_frame0000017.jpg,98.9990387,55.35731769,22746.65699
vid_000091_frame0000019.jpg,96.87821452,53.69352748,20603.12065
vid_000091_frame0000030.jpg,100.9815267,51.8623985,21234.34394
vid_000092_frame0000051.jpg,107.9814097,44.78821369,19122.90642
vid_000092_frame0000056.jpg,110.1659648,45.49725404,19561.99911
vid_000092_frame0000060.jpg,113.4486643,50.54309257,27672.74425
vid_000092_frame0000063.jpg,109.3163961,50.97617967,28706.14933
vid_000092_frame0000093.jpg,103.3168793,56.5029879,33675.11046
vid_000092_frame0000112.jpg,104.7574158,54.72225905,30077.70574
vid_000092_frame0000113.jpg,107.5748291,55.83620099,31180.72271
vid_000094_frame0000004.jpg,109.4772135,58.42428923,33584.77962
vid_000094_frame0000007.jpg,109.0669301,57.46903924,32750.00781
vid_000094_frame0000010.jpg,109.2270355,57.68948681,33596.55216
vid_000094_frame0000024.jpg,109.3492991,59.06982449,34576.1912
vid_000094_frame0000027.jpg,108.6235046,58.32674202,32989.14303
vid_000094_frame0000036.jpg,109.1288249,55.98839763,29239.48485
vid_000094_frame0000039.jpg,108.5456238,55.39053036,29184.60944
vid_000094_frame0000041.jpg,108.0559642,55.1877488,29894.45123
vid_000094_frame0000065.jpg,110.5274658,49.74699077,23814.0518
vid_000094_frame0000066.jpg,110.1497599,49.7743286,23619.60955
vid_000094_frame0000068.jpg,110.0698191,49.32106009,24297.94074
vid_000095_frame0000001.jpg,122.8416697,72.76602609,55839.2975
vid_000095_frame0000008.jpg,118.2326253,73.26272832,53194.86557
vid_000095_frame0000012.jpg,122.2463989,77.06363705,64611.94199
vid_000095_frame0000019.jpg,121.5032806,76.01311634,61836.10782
vid_000095_frame0000021.jpg,122.0868429,75.61220478,59147.41127
vid_000098_frame0000009.jpg,103.2171224,27.38577625,11226.01949
vid_000098_frame0000010.jpg,101.4554698,27.7052097,11854.83538
vid_000098_frame0000011.jpg,99.79750061,27.56638484,11524.15979
vid_000098_frame0000012.jpg,98.1648407,27.91036014,11675.09676
vid_000098_frame0000013.jpg,98.63069153,27.80454316,11594.31672
vid_000098_frame0000015.jpg,99.51556396,27.62590625,11428.02946
vid_000098_frame0000016.jpg,100.6058757,27.90008904,11627.6815
vid_000098_frame0000019.jpg,99.98044332,27.74064958,11310.60159
vid_000099_frame0000025.jpg,145.3472341,50.61567225,19017.01951
vid_000100_frame0000007.jpg,135.9165802,31.02767995,7852.860863
vid_000100_frame0000008.jpg,131.572993,31.63094763,9015.218928
vid_000100_frame0000012.jpg,139.9236145,32.28885117,8497.941576
vid_000100_frame0000013.jpg,134.4644063,32.65660658,8996.235444
vid_000100_frame0000014.jpg,136.1193034,34.13924331,9708.185781
vid_000100_frame0000015.jpg,137.9913076,37.55005328,10544.9392
vid_000100_frame0000016.jpg,140.5626984,41.92476874,12150.25528
vid_000100_frame0000017.jpg,151.19782,50.37522078,15175.95328
vid_000100_frame0000018.jpg,144.900533,56.09280294,19718.3454
vid_000101_frame0000001.jpg,163.5892436,48.77586329,14195.22645
vid_000101_frame0000002.jpg,164.1756846,48.40149108,13496.44814
vid_000101_frame0000003.jpg,167.2815145,49.14643066,14082.93908
vid_000102_frame0000005.jpg,107.8204397,72.14022481,60523.1942
vid_000102_frame0000011.jpg,105.6423442,66.25473249,35206.93223
vid_000102_frame0000012.jpg,105.2897746,66.3327074,27782.10813
vid_000102_frame0000014.jpg,100.1948903,58.33352411,15637.86297
vid_000102_frame0000020.jpg,102.203654,69.17986019,43151.36514
vid_000102_frame0000023.jpg,102.1340434,68.85899694,41936.70786
vid_000102_frame0000027.jpg,101.4566854,67.58233297,39469.54151
vid_000103_frame0000001.jpg,127.6858114,57.65062721,36013.59235
vid_000103_frame0000008.jpg,119.7904256,59.25467878,34949.00585
vid_000103_frame0000009.jpg,115.683019,56.79675215,31261.25944
vid_000103_frame0000010.jpg,117.1805318,57.83255653,32046.26702
vid_000103_frame0000018.jpg,107.8712463,53.10742044,29958.02214
vid_000103_frame0000020.jpg,105.2806956,54.75689339,28471.88235
vid_000103_frame0000021.jpg,106.2647349,54.46194743,27005.98646
vid_000103_frame0000022.jpg,104.3327688,52.92279656,26425.84667
vid_000103_frame0000023.jpg,103.3938344,49.16209444,23336.92547
vid_000104_frame0000001.jpg,128.2140096,48.0316027,16535.96267
vid_000104_frame0000002.jpg,128.4680125,47.7846053,16131.89898
vid_000104_frame0000003.jpg,128.6638133,48.14138666,16553.62301
vid_000104_frame0000004.jpg,128.7425588,48.42441653,17149.52794
vid_000104_frame0000005.jpg,127.8670756,47.99501034,15388.10835
vid_000104_frame0000006.jpg,127.2898916,47.68940331,14708.72772
vid_000104_frame0000008.jpg,128.2858276,47.47630365,15576.43411
vid_000104_frame0000009.jpg,129.6753082,47.86384545,15773.15683
vid_000104_frame0000010.jpg,129.2155304,48.27561668,16052.08775
vid_000104_frame0000011.jpg,127.3103027,47.509991,14565.8027
vid_000104_frame0000012.jpg,125.8143921,47.88327249,15297.81847
vid_000104_frame0000013.jpg,127.1254781,46.86398484,14243.9003
vid_000104_frame0000014.jpg,128.2391663,46.95869188,14450.81588
vid_000104_frame0000015.jpg,128.6763967,47.04161731,14586.70251
vid_000104_frame0000016.jpg,128.0598907,46.26000658,13606.25347
vid_000104_frame0000017.jpg,128.457255,47.07393122,14230.0069
vid_000104_frame0000018.jpg,128.8468679,47.14226534,14401.41487
vid_000104_frame0000019.jpg,127.1894786,45.72744469,11544.55277
vid_000104_frame0000020.jpg,123.7352804,46.59457637,12491.8751
vid_000104_frame0000021.jpg,128.5817973,46.91703218,14904.59517
vid_000104_frame0000022.jpg,130.0326945,46.52096565,14465.22175
vid_000104_frame0000023.jpg,131.0036062,46.61370535,14517.65949
vid_000104_frame0000024.jpg,135.1616109,47.35089518,16407.92775
vid_000104_frame0000025.jpg,142.2557627,49.02678037,20259.37665
vid_000104_frame0000026.jpg,142.0591024,54.02087043,21526.25223
vid_000104_frame0000027.jpg,139.8005269,58.74576345,29198.25566
vid_000104_frame0000028.jpg,138.9692942,59.57693293,30158.76817
vid_000104_frame0000029.jpg,131.6018931,56.66814313,26884.67899
vid_000104_frame0000030.jpg,125.7332509,55.69424526,27218.18114
vid_000104_frame0000031.jpg,126.0185191,54.87796601,25505.83305
vid_000104_frame0000032.jpg,125.1804911,53.03095589,24799.62548
vid_000104_frame0000033.jpg,126.1737874,48.57631319,21830.8563
vid_000105_frame0000001.jpg,77.29818726,71.92514924,53146.96735
vid_000105_frame0000002.jpg,77.38787333,71.96510452,52896.61889
vid_000105_frame0000003.jpg,79.02941895,74.31383868,58205.24555
vid_000105_frame0000004.jpg,79.1648407,74.96361587,60387.99635
vid_000105_frame0000005.jpg,79.4771169,74.72724223,59010.71638
vid_000105_frame0000018.jpg,85.70171102,80.83987419,44935.13963
vid_000105_frame0000020.jpg,84.83457438,80.59302025,46225.38038
vid_000105_frame0000027.jpg,89.57952881,83.58905301,43806.61667
vid_000106_frame0000001.jpg,83.59531657,56.21496023,10328.66486
vid_000106_frame0000002.jpg,84.07767741,56.21439736,10021.72971
vid_000106_frame0000003.jpg,84.40422058,56.49543822,10136.87928
vid_000106_frame0000004.jpg,84.05789693,56.31937824,10180.9651
vid_000106_frame0000005.jpg,84.5978953,56.48753871,10019.05322
vid_000106_frame0000006.jpg,84.28770955,56.11596441,9505.016475
vid_000106_frame0000007.jpg,84.38857015,56.58016892,10036.31065
vid_000106_frame0000008.jpg,82.97753906,55.77951025,10460.33239
vid_000106_frame0000016.jpg,83.79329936,56.15253541,10175.85647
vid_000106_frame0000017.jpg,83.09487915,55.80069662,10409.5832
vid_000106_frame0000018.jpg,82.010849,55.26325629,10497.14954
vid_000106_frame0000019.jpg,83.24782817,55.79204738,10219.25043
vid_000106_frame0000020.jpg,83.25595093,55.86562046,10522.38341
vid_000106_frame0000021.jpg,84.00980632,56.40323886,10350.82012
vid_000106_frame0000022.jpg,84.85738118,56.99831647,10240.70922
vid_000106_frame0000023.jpg,85.94691976,57.80181173,9929.411819
vid_000106_frame0000024.jpg,85.80962626,57.85404658,10239.6295
vid_000106_frame0000025.jpg,86.3432312,58.08678784,9739.444112
vid_000106_frame0000037.jpg,82.17225647,54.67952459,10292.77674
vid_000106_frame0000038.jpg,82.47962443,54.86569825,10305.25883
vid_000106_frame0000039.jpg,82.931427,54.99001511,10116.39692
vid_000106_frame0000040.jpg,83.80570984,55.49226877,9957.77619
vid_000106_frame0000041.jpg,83.17219035,55.33032163,10377.17575
vid_000106_frame0000042.jpg,83.07478841,55.27586486,10541.89045
vid_000106_frame0000043.jpg,83.27646891,55.34669874,10352.40104
vid_000107_frame0000017.jpg,79.37509155,61.40966127,18745.63398
vid_000108_frame0000001.jpg,86.3245697,61.70714336,10936.51317
vid_000108_frame0000002.jpg,86.56008403,61.49221034,10334.50663
vid_000108_frame0000003.jpg,84.57407633,60.55241377,10869.20691
vid_000108_frame0000004.jpg,83.37812805,60.28751987,10847.66057
vid_000108_frame0000005.jpg,83.47395833,60.27361111,11132.37841
vid_000108_frame0000006.jpg,85.70053101,61.99003225,11602.30159
vid_000108_frame0000007.jpg,92.26028951,66.18710311,12528.82239
vid_000108_frame0000014.jpg,96.17048136,69.91492982,14338.51865
vid_000108_frame0000015.jpg,93.79852804,68.47260111,14600.6081
vid_000108_frame0000016.jpg,92.76224264,67.7962354,14627.37117
vid_000108_frame0000017.jpg,91.50667318,66.91607812,14909.71029
vid_000108_frame0000018.jpg,91.8085022,67.50950153,14821.6159
vid_000108_frame0000019.jpg,97.0488383,70.26651567,13303.89592
vid_000108_frame0000020.jpg,95.44774882,71.06546023,17305.8128
vid_000108_frame0000021.jpg,94.18084717,70.01936268,15286.78521
vid_000108_frame0000022.jpg,94.89399211,70.85521835,16751.60349
vid_000108_frame0000032.jpg,92.39183044,69.84358511,17338.37736
vid_000108_frame0000033.jpg,93.54995219,70.30896387,16748.68259
vid_000108_frame0000034.jpg,95.61081441,73.51828639,17410.28385
vid_000108_frame0000035.jpg,95.64902751,73.33516257,18139.42866
vid_000108_frame0000036.jpg,96.3232015,73.57838507,17842.0934
vid_000108_frame0000037.jpg,96.5833842,73.69990882,17456.3166
vid_000109_frame0000001.jpg,66.14035543,59.00404706,16611.19373
vid_000109_frame0000002.jpg,66.05707804,58.7617604,16273.19562
vid_000109_frame0000003.jpg,66.33851624,58.99809999,16370.0689
vid_000109_frame0000005.jpg,66.39706421,59.59346608,17400.86572
vid_000109_frame0000006.jpg,65.62167867,59.63284197,17568.08978
vid_000109_frame0000007.jpg,65.50446574,59.7070968,17483.59369
vid_000109_frame0000008.jpg,65.83581034,60.11906964,18169.68721
vid_000109_frame0000009.jpg,66.26651001,59.89332106,17541.66182
vid_000109_frame0000010.jpg,66.34673564,60.37737429,18530.79315
vid_000109_frame0000011.jpg,65.83094788,58.95981459,16779.68031
vid_000109_frame0000012.jpg,62.43208822,52.00223689,14874.5932
vid_000109_frame0000013.jpg,65.07030233,48.9169957,11757.86707
vid_000109_frame0000014.jpg,63.91639709,47.79871406,10620.08455
vid_000109_frame0000015.jpg,64.46995036,48.30884967,11059.82172
vid_000109_frame0000016.jpg,65.18736776,48.61601187,11342.29321
vid_000109_frame0000022.jpg,64.51280721,48.44137154,11755.56
vid_000109_frame0000023.jpg,64.15966797,48.1152376,11618.78315
vid_000109_frame0000024.jpg,66.00364685,53.79708179,13817.62219
vid_000109_frame0000025.jpg,69.66369629,60.2450122,15669.9695
vid_000109_frame0000026.jpg,67.75270081,60.77776093,17675.19871
vid_000109_frame0000027.jpg,66.15618388,59.94239055,17003.3889
vid_000109_frame0000028.jpg,65.58436076,60.1052615,17822.90748
vid_000109_frame0000029.jpg,65.29394023,59.38331441,16641.01775
vid_000109_frame0000030.jpg,64.86104329,59.74456736,17376.48015
vid_000109_frame0000031.jpg,65.14856974,59.81014155,17175.59739
vid_000109_frame0000032.jpg,65.2035319,60.31757064,18092.05145
vid_000109_frame0000033.jpg,65.32532247,59.96274262,17447.83102
vid_000109_frame0000034.jpg,64.9958903,59.50881434,16936.2641
vid_000109_frame0000035.jpg,65.03042094,59.51492811,16899.20775
vid_000109_frame0000036.jpg,64.96502177,59.29908706,16404.36655
vid_000109_frame0000037.jpg,64.6070811,59.05336196,16316.96633
vid_000109_frame0000038.jpg,64.91851807,59.20094841,16757.19819
vid_000109_frame0000039.jpg,64.92170715,58.90105438,16388.66266
vid_000109_frame0000040.jpg,64.63463847,59.28489394,17039.7079
vid_000109_frame0000041.jpg,64.51780701,59.05310021,16691.59398
vid_000109_frame0000042.jpg,64.55918884,58.85355134,16663.8452
vid_000110_frame0000001.jpg,129.4565786,48.2732261,15897.32314
vid_000110_frame0000002.jpg,129.673879,48.02721798,15093.45225
vid_000110_frame0000003.jpg,128.3824717,49.42844314,17715.5859
vid_000110_frame0000004.jpg,127.5182597,50.79728285,18177.67071
vid_000110_frame0000005.jpg,129.2989451,51.77089509,17497.4418
vid_000110_frame0000006.jpg,129.2968241,53.28942357,17857.45845
vid_000110_frame0000007.jpg,129.2363993,53.96396276,18772.58587
vid_000110_frame0000008.jpg,126.7559153,53.05649351,19915.24212
vid_000110_frame0000009.jpg,127.3149109,52.43862741,18193.00669
vid_000110_frame0000010.jpg,121.1707001,48.44037511,12472.46617
vid_000110_frame0000011.jpg,104.1799978,34.39311099,8845.563925
vid_000110_frame0000012.jpg,116.8067881,31.98843552,6631.694426
vid_000110_frame0000013.jpg,127.1902212,32.64035393,8361.524319
vid_000110_frame0000014.jpg,127.8963674,32.65016044,8192.092329
vid_000110_frame0000015.jpg,128.1448364,32.11074451,8298.062769
vid_000110_frame0000016.jpg,128.4306539,32.10198574,8021.544729
vid_000110_frame0000017.jpg,128.3940633,32.21452407,8279.064245
vid_000111_frame0000006.jpg,131.0674388,33.22511671,7265.391335
vid_000112_frame0000001.jpg,146.8334961,72.15493533,41283.38003
vid_000112_frame0000002.jpg,146.9365743,71.4008479,38480.48248
vid_000112_frame0000003.jpg,133.3833059,69.55279931,37588.01079
vid_000112_frame0000004.jpg,134.171285,71.05502422,40252.01135
vid_000112_frame0000006.jpg,136.283315,67.53368973,31746.93222
vid_000112_frame0000007.jpg,133.6128489,64.95636651,29262.02247
vid_000112_frame0000008.jpg,131.1495056,63.72113466,29131.37043
vid_000112_frame0000009.jpg,134.0269114,59.36397533,21875.88243
vid_000112_frame0000010.jpg,144.4042613,62.90855536,27478.87878
vid_000112_frame0000011.jpg,144.3299001,64.50376394,31104.5369
vid_000112_frame0000012.jpg,144.623291,66.14764872,34786.95538
vid_000112_frame0000013.jpg,144.2862295,65.63748763,34010.48316
vid_000112_frame0000014.jpg,145.7792511,58.58587891,23336.95285
vid_000112_frame0000021.jpg,147.26533,51.59935467,16352.01877
vid_000112_frame0000022.jpg,148.3523204,60.78781396,25282.60882
vid_000112_frame0000023.jpg,149.2073212,68.04643416,35019.79698
vid_000112_frame0000024.jpg,147.2886607,65.41778237,28765.15761
vid_000112_frame0000025.jpg,138.6426544,63.0935822,25647.55525
vid_000112_frame0000026.jpg,138.6965586,63.7495319,23192.52302
vid_000112_frame0000027.jpg,140.8093618,64.36789155,22543.9734
vid_000112_frame0000028.jpg,142.8342743,64.82746051,23173.57099
vid_000112_frame0000029.jpg,143.8955383,64.00603054,21053.76442
vid_000112_frame0000046.jpg,151.2292074,55.59618948,13875.06301
vid_000112_frame0000047.jpg,151.0320231,56.17642905,15174.347
vid_000112_frame0000048.jpg,151.1814473,55.80295806,14521.17259
vid_000112_frame0000049.jpg,151.5785929,54.8898241,12841.26631
vid_000112_frame0000050.jpg,151.427597,54.73547047,13150.0656
vid_000112_frame0000051.jpg,155.0358073,58.13605738,15451.20985
vid_000112_frame0000052.jpg,142.0256093,58.91184714,20472.64128
vid_000112_frame0000053.jpg,129.4476217,65.86728845,30108.28888
vid_000112_frame0000054.jpg,129.6028442,67.77716295,35425.54745
vid_000112_frame0000055.jpg,133.1520284,67.68509379,32236.53948
vid_000113_frame0000001.jpg,130.2211507,58.10043795,10792.39252
vid_000113_frame0000002.jpg,129.9874674,58.11539832,10628.42003
vid_000113_frame0000003.jpg,129.1563772,58.0219433,10789.50396
vid_000113_frame0000004.jpg,141.4931335,60.87241352,11179.39969
vid_000113_frame0000005.jpg,145.3167826,60.76845795,10512.88879
vid_000113_frame0000006.jpg,156.0859324,47.13598641,10463.12694
vid_000113_frame0000007.jpg,162.3025258,48.68411603,16604.66398
vid_000113_frame0000008.jpg,165.7984517,46.10703151,9788.083379
vid_000113_frame0000009.jpg,168.6888682,48.42398305,10462.89286
vid_000113_frame0000010.jpg,164.7201538,55.85208253,18180.94492
vid_000113_frame0000011.jpg,163.9317118,54.96877735,16940.84813
vid_000113_frame0000012.jpg,163.9061635,55.40198308,17982.52184
vid_000113_frame0000013.jpg,163.8279368,54.95605138,16875.31928
vid_000113_frame0000014.jpg,151.5295715,56.32573398,14820.06746
vid_000113_frame0000015.jpg,154.7056681,57.44773226,15369.18186
vid_000113_frame0000016.jpg,155.1659037,56.62705354,14345.50865
vid_000113_frame0000017.jpg,155.1701813,54.82857626,12665.66122
vid_000113_frame0000018.jpg,156.7428182,47.8410321,8535.213017
vid_000113_frame0000019.jpg,157.2983602,46.84993244,7786.139436
vid_000113_frame0000020.jpg,157.3772481,47.18690099,7827.382864
vid_000113_frame0000021.jpg,156.1830597,52.15142667,10106.40226
vid_000113_frame0000022.jpg,154.6731313,57.19979584,15581.14356
vid_000113_frame0000023.jpg,154.6731517,58.53212425,17034.32718
vid_000113_frame0000024.jpg,154.4743195,59.48694056,19204.86487
vid_000114_frame0000009.jpg,123.5568085,69.82289759,25514.44245
vid_000114_frame0000018.jpg,123.6387126,70.4566241,27175.6776
vid_000114_frame0000021.jpg,123.6761322,70.08049987,26297.03889
vid_000114_frame0000025.jpg,125.3833415,70.04255968,26989.5137
vid_000114_frame0000030.jpg,128.2277527,71.36520355,31452.92364
vid_000114_frame0000031.jpg,128.8946381,71.3712359,30891.37284
vid_000114_frame0000034.jpg,130.3943736,71.61348415,33211.66998
vid_000114_frame0000036.jpg,128.4876251,67.99943998,29621.05545
vid_000114_frame0000037.jpg,134.0156301,72.80901352,42819.31769
vid_000114_frame0000038.jpg,134.0725199,75.13165447,46902.23867
vid_000114_frame0000039.jpg,134.1525675,75.86384344,49419.65061
vid_000114_frame0000042.jpg,130.7441406,76.2414423,55629.84873
vid_000114_frame0000046.jpg,131.3168488,75.23525539,51623.47081
vid_000114_frame0000049.jpg,131.8278707,75.94606088,55051.80432
vid_000114_frame0000052.jpg,125.1053416,64.1468198,20661.23992
vid_000114_frame0000053.jpg,126.532664,66.51214513,18141.16372
vid_000114_frame0000054.jpg,128.3595378,67.66559079,25237.63307
vid_000114_frame0000056.jpg,116.2958679,40.94662458,19415.4272
vid_000114_frame0000057.jpg,118.905894,31.65494651,9951.310448
vid_000114_frame0000058.jpg,120.2269135,33.07325995,13111.19571
vid_000114_frame0000059.jpg,119.924998,32.77923615,12326.93598
vid_000114_frame0000060.jpg,117.6073608,27.64296922,8024.000647
vid_000114_frame0000061.jpg,117.7867839,27.78767454,8467.75148
vid_000114_frame0000062.jpg,118.830368,27.98716256,8856.801999
vid_000115_frame0000007.jpg,112.1871338,53.5842626,19508.06449
vid_000115_frame0000010.jpg,105.3656718,43.49488434,14072.94651
vid_000115_frame0000013.jpg,106.2816925,44.70374088,13778.7644
vid_000115_frame0000018.jpg,104.4980418,53.31292098,18498.04547
vid_000115_frame0000033.jpg,110.6288656,56.51071727,21014.41654
vid_000115_frame0000038.jpg,107.4332326,43.96667395,8598.945398
vid_000115_frame0000048.jpg,119.8589325,62.47196501,23644.34097
vid_000116_frame0000006.jpg,98.33055623,31.20398021,10398.54875
vid_000116_frame0000010.jpg,98.92554728,31.15588188,10497.42605
vid_000116_frame0000013.jpg,97.32814026,31.65627081,10470.11313
vid_000116_frame0000015.jpg,96.82336426,32.13951816,10724.12744
vid_000116_frame0000022.jpg,96.2322642,32.64816243,10809.42369
vid_000116_frame0000027.jpg,95.2896932,33.530813,11012.33354
vid_000116_frame0000028.jpg,95.38586934,34.0665575,11204.75742
vid_000116_frame0000033.jpg,104.1354065,41.23310837,11283.17578
vid_000116_frame0000034.jpg,99.53347778,39.42365117,10860.06494
vid_000116_frame0000036.jpg,100.2030487,39.49129104,10962.1881
vid_000116_frame0000042.jpg,101.5757802,39.92600673,10844.89162
vid_000116_frame0000046.jpg,101.4855143,39.8365776,10561.61178
vid_000116_frame0000048.jpg,101.0225576,39.70147898,10642.79265
vid_000116_frame0000054.jpg,98.80578105,41.39788823,11495.48612
vid_000116_frame0000064.jpg,99.83066813,43.05580295,13305.72729
vid_000117_frame0000001.jpg,111.8902384,30.53598396,8722.743392
vid_000117_frame0000002.jpg,112.350825,30.33121325,8639.773835
vid_000117_frame0000003.jpg,111.9616038,31.04839175,9405.604825
vid_000117_frame0000004.jpg,111.4787089,31.98225188,10618.953
vid_000117_frame0000006.jpg,112.1020915,31.38105744,9901.636204
vid_000117_frame0000007.jpg,115.0945791,31.35283311,9912.632694
vid_000117_frame0000008.jpg,115.5878499,32.79377525,11142.79276
vid_000117_frame0000009.jpg,114.3311971,32.36310623,10806.89601
vid_000117_frame0000015.jpg,114.1812236,32.20799252,10948.04121
vid_000117_frame0000021.jpg,113.5287272,32.73595982,11525.59551
vid_000117_frame0000022.jpg,113.6097717,32.81248426,11742.80418
vid_000117_frame0000023.jpg,113.8562063,32.57810719,11504.0329
vid_000117_frame0000024.jpg,113.0660553,32.28493775,11045.43179
vid_000117_frame0000025.jpg,111.7695719,31.4159494,10234.49316
vid_000118_frame0000001.jpg,95.14827474,34.88102304,9392.15712
vid_000118_frame0000005.jpg,93.78782654,34.24739263,9152.855638
vid_000118_frame0000008.jpg,97.09633891,34.6353273,9314.640342
vid_000118_frame0000010.jpg,98.52720133,34.8061765,9204.704631
vid_000118_frame0000012.jpg,96.51065063,34.73828672,9383.791455
vid_000118_frame0000014.jpg,93.46145121,34.0686252,9312.764015
vid_000118_frame0000018.jpg,99.38003031,34.89178685,9375.715792
vid_000118_frame0000019.jpg,100.2425995,35.22642401,9207.619039
vid_000118_frame0000021.jpg,97.32129415,34.90336181,9238.532778
vid_000118_frame0000024.jpg,92.31151326,34.41606338,9191.283497
vid_000118_frame0000026.jpg,88.88412984,33.81043304,8901.524691
vid_000118_frame0000028.jpg,89.59439596,33.91341236,9025.175743
vid_000118_frame0000029.jpg,88.95830282,33.68528471,8909.65714
vid_000118_frame0000031.jpg,88.49088033,33.72934584,8950.044737
vid_000118_frame0000036.jpg,85.30305481,33.25770224,8720.947573
vid_000118_frame0000037.jpg,85.59599813,33.47340409,8784.702665
vid_000118_frame0000038.jpg,85.66324361,33.13653484,8827.98224
vid_000118_frame0000039.jpg,85.90358988,33.27378523,8791.48852
vid_000119_frame0000002.jpg,128.6227061,31.87382824,9260.485348
vid_000119_frame0000005.jpg,129.1621195,32.67419969,10245.83442
vid_000119_frame0000006.jpg,129.6980794,32.9724416,10040.30875
vid_000119_frame0000007.jpg,129.9625804,33.51825044,10658.13972
vid_000119_frame0000009.jpg,129.482549,33.40667906,10553.76649
vid_000119_frame0000011.jpg,129.2306824,33.4408945,10626.40085
vid_000119_frame0000012.jpg,128.6069082,33.64820478,10876.96816
vid_000119_frame0000013.jpg,123.3320872,31.24596073,9636.329195
vid_000119_frame0000014.jpg,124.0259654,31.98215356,10029.83332
vid_000119_frame0000015.jpg,124.5127106,32.07682449,10144.58189
vid_000120_frame0000001.jpg,115.0143789,48.07611673,15506.70124
vid_000120_frame0000002.jpg,114.9458059,47.70929295,14963.52836
vid_000120_frame0000003.jpg,113.598938,48.27968418,15133.20277
vid_000120_frame0000004.jpg,111.6907501,49.74736746,15657.05752
vid_000120_frame0000005.jpg,109.0922038,49.68363334,15804.60972
vid_000120_frame0000007.jpg,107.7594503,49.3848668,16498.67931
vid_000120_frame0000008.jpg,108.4804433,50.27076248,16947.19369
vid_000120_frame0000012.jpg,108.6946309,49.58459695,17554.49915
vid_000120_frame0000013.jpg,108.5124054,49.8654318,18185.9223
vid_000120_frame0000015.jpg,107.4419912,50.39810963,18793.33422
vid_000120_frame0000017.jpg,112.6617076,48.61326073,18131.92121
vid_000120_frame0000018.jpg,114.5406342,45.43609185,16327.2076
vid_000120_frame0000019.jpg,116.4971466,45.40461948,14516.78906
vid_000121_frame0000001.jpg,115.9187978,64.6501306,25242.28632
vid_000121_frame0000002.jpg,116.2503408,64.40928629,24233.91363
vid_000121_frame0000003.jpg,118.9296672,63.0378472,23754.72231
vid_000121_frame0000004.jpg,118.2254842,62.00520622,23825.33133
vid_000121_frame0000007.jpg,112.6115011,56.70588014,18742.67226
vid_000121_frame0000008.jpg,117.276001,59.51721323,21603.35579
vid_000121_frame0000009.jpg,117.3436941,55.72998192,17895.51915
vid_000121_frame0000011.jpg,115.0301921,49.4206843,15413.99061
vid_000121_frame0000017.jpg,122.8488057,43.74601054,11511.09552
vid_000121_frame0000020.jpg,124.1200765,43.31609651,10956.66455
vid_000121_frame0000023.jpg,123.9102631,44.32063336,11720.65735
vid_000121_frame0000029.jpg,126.7855581,48.2904325,13535.00215
vid_000121_frame0000031.jpg,122.950414,48.97017917,14536.60817
vid_000121_frame0000032.jpg,122.6140544,48.62734075,14291.62115
vid_000122_frame0000004.jpg,128.4083303,66.06645432,9732.464874
vid_000122_frame0000005.jpg,128.4702657,65.96739833,10386.34244
vid_000122_frame0000007.jpg,126.5841217,65.42057044,10600.23414
vid_000122_frame0000010.jpg,116.3315023,59.19248968,9507.970368
vid_000122_frame0000014.jpg,125.7070669,62.19122408,10181.29837
vid_000122_frame0000017.jpg,125.9035339,62.4383552,10227.92747
vid_000122_frame0000018.jpg,125.4681905,62.41567786,10354.82454
vid_000122_frame0000019.jpg,125.8962758,62.06908603,9895.613167
vid_000122_frame0000020.jpg,125.5640259,62.15416681,10146.20329
vid_000122_frame0000021.jpg,125.7828725,62.120628,10075.82722
vid_000122_frame0000023.jpg,126.2346751,62.13722946,10023.54217
vid_000122_frame0000033.jpg,126.1542714,62.07865887,9867.17024
vid_000122_frame0000037.jpg,136.041687,66.42817623,10164.89814
vid_000122_frame0000038.jpg,129.7103526,65.92549909,10837.55082
vid_000122_frame0000039.jpg,127.9589742,65.88742441,10831.78309
vid_000122_frame0000041.jpg,128.1564891,65.84117345,10706.0552
vid_000122_frame0000043.jpg,128.3765818,65.72451305,10500.41846
vid_000122_frame0000045.jpg,128.0450389,65.75846633,10496.28363
vid_000122_frame0000046.jpg,128.2247467,65.65652254,10212.3684
vid_000122_frame0000049.jpg,128.5658671,65.68389714,10292.16567
vid_000122_frame0000050.jpg,128.2959391,65.8567156,10599.73698
vid_000122_frame0000051.jpg,128.3055216,65.87157491,10652.07027
vid_000122_frame0000053.jpg,128.239507,65.90161239,10673.22241
vid_000122_frame0000054.jpg,127.7008464,65.98723375,10829.21799
vid_000122_frame0000056.jpg,128.0324809,65.85316574,10595.06854
vid_000122_frame0000057.jpg,128.0124919,66.02023796,10948.5191
vid_000122_frame0000058.jpg,127.9114532,65.92469343,10911.46229
vid_000122_frame0000060.jpg,128.1536916,65.78389149,10787.41034
vid_000122_frame0000061.jpg,127.9696299,65.78603172,10631.20517
vid_000122_frame0000062.jpg,128.0021261,65.53887373,10655.966
vid_000122_frame0000064.jpg,127.8416799,65.75307795,10838.02724
vid_000122_frame0000065.jpg,127.8779755,65.74407698,10951.42112
vid_000122_frame0000066.jpg,128.0633138,65.55125041,10567.76189
vid_000122_frame0000067.jpg,128.616272,65.50489645,10723.43786
vid_000122_frame0000068.jpg,128.5738475,65.8204182,10576.17563
vid_000122_frame0000069.jpg,128.461441,65.73097237,10300.22199
vid_000122_frame0000072.jpg,127.9044444,66.07932523,10708.00238
vid_000122_frame0000075.jpg,127.1916707,65.7173067,10654.78198
vid_000122_frame0000076.jpg,129.3278351,65.93047317,9876.936267
vid_000122_frame0000077.jpg,129.4150187,66.34262401,10540.72617
vid_000122_frame0000078.jpg,128.3977865,65.89524211,10459.53519
vid_000122_frame0000079.jpg,126.6207479,64.76885435,10474.08934
vid_000122_frame0000080.jpg,134.7904002,67.73549849,10467.33963
vid_000122_frame0000081.jpg,133.6373088,72.24936153,15323.15464
vid_000122_frame0000082.jpg,126.2073415,72.65233562,15514.333
vid_000122_frame0000083.jpg,118.5682576,74.18474653,16553.31017
vid_000122_frame0000084.jpg,115.8656362,74.41331349,17137.89728
vid_000122_frame0000085.jpg,118.6662852,72.46885176,17054.92952
vid_000122_frame0000087.jpg,119.8704936,73.49639228,20264.66898
vid_000123_frame0000003.jpg,121.6649475,54.23809181,8475.871102
vid_000123_frame0000004.jpg,113.4950663,60.87830221,9438.50245
vid_000123_frame0000005.jpg,111.6337229,60.2941138,9513.197631
vid_000123_frame0000006.jpg,110.7654826,59.94045078,9072.054199
vid_000123_frame0000007.jpg,110.4608307,59.94501325,9447.924972
vid_000123_frame0000008.jpg,110.7905986,60.53700293,9556.050765
vid_000123_frame0000009.jpg,112.9382935,60.9763421,9110.996104
vid_000123_frame0000010.jpg,112.733134,61.49650039,9703.942978
vid_000123_frame0000011.jpg,112.2111867,60.91514223,9373.419607
vid_000123_frame0000012.jpg,110.2642314,60.49428551,9589.237365
vid_000123_frame0000013.jpg,127.2306468,63.57881595,9080.302868
vid_000123_frame0000014.jpg,131.0078176,58.62799949,9164.61527
vid_000123_frame0000015.jpg,125.958313,54.46065603,9161.405913
vid_000123_frame0000016.jpg,124.6999156,52.02780124,8991.562819
vid_000123_frame0000017.jpg,125.3805237,51.97578735,9425.050545
vid_000123_frame0000018.jpg,121.2458242,52.20979128,9795.858973
vid_000123_frame0000019.jpg,121.0555725,51.96101869,9321.909245
vid_000123_frame0000020.jpg,119.9474742,52.05714683,10051.61872
vid_000123_frame0000021.jpg,120.8392181,51.9336567,9736.125401
vid_000123_frame0000022.jpg,120.528361,52.44523113,9977.133085
vid_000123_frame0000031.jpg,124.4729818,54.53367384,9345.339308
vid_000123_frame0000032.jpg,122.2909393,53.97841255,9834.782884
vid_000123_frame0000033.jpg,119.1331075,53.03676086,9311.940677
vid_000123_frame0000034.jpg,113.6776937,51.87370693,9403.316558
vid_000123_frame0000035.jpg,116.2419688,53.14273074,9066.351978
vid_000123_frame0000036.jpg,117.7622528,53.34493012,8692.133356
vid_000123_frame0000037.jpg,119.6911672,53.86664414,9191.27888
vid_000123_frame0000038.jpg,123.8878428,54.76481671,9249.687754
vid_000123_frame0000039.jpg,126.0043691,54.81680302,8698.526456
vid_000123_frame0000040.jpg,124.1851247,54.42624665,8987.57201
vid_000123_frame0000041.jpg,122.3690694,53.63349813,8742.764633
vid_000123_frame0000042.jpg,121.0711924,53.97046723,8818.486766
vid_000123_frame0000045.jpg,119.1559804,55.09670793,8760.03769
vid_000123_frame0000046.jpg,120.2189331,54.54718263,8556.160377
vid_000124_frame0000001.jpg,73.43067424,37.5195642,7933.343945
vid_000124_frame0000002.jpg,73.61709595,37.56705798,7740.094023
vid_000124_frame0000003.jpg,74.3139801,37.83191063,7895.884455
vid_000124_frame0000004.jpg,74.505071,37.65826837,7450.010483
vid_000124_frame0000005.jpg,74.97088114,37.85577343,7563.167145
vid_000124_frame0000006.jpg,75.29494222,38.2841233,7449.493359
vid_000124_frame0000007.jpg,75.26385498,38.01433616,7522.451311
vid_000124_frame0000008.jpg,74.93196615,38.02360524,7624.021681
vid_000124_frame0000009.jpg,75.3247935,38.15425274,7596.199881
vid_000124_frame0000010.jpg,75.30919393,38.83918276,7935.774816
vid_000124_frame0000011.jpg,75.27003988,38.38079446,7543.746177
vid_000125_frame0000002.jpg,93.165212,39.55923293,9321.766629
vid_000125_frame0000003.jpg,93.33322652,39.88903751,9264.003012
vid_000125_frame0000004.jpg,95.46199544,41.19098019,9317.103282
vid_000125_frame0000005.jpg,99.12836711,43.09534254,9416.451137
vid_000125_frame0000006.jpg,101.9412537,44.18217656,9537.501511
vid_000125_frame0000007.jpg,99.98523966,43.72580462,9194.688774
vid_000125_frame0000008.jpg,98.22589111,43.15492949,9455.929208
vid_000125_frame0000009.jpg,95.57065837,41.81742306,9341.253838
vid_000125_frame0000010.jpg,94.41156514,41.87657998,9477.113949
vid_000125_frame0000011.jpg,95.97460429,42.66004282,9297.039407
vid_000125_frame0000012.jpg,98.90247091,44.6656928,9668.014959
vid_000125_frame0000013.jpg,103.525706,46.71854446,9355.894421
vid_000125_frame0000014.jpg,102.0203196,47.63414114,9532.625644
vid_000125_frame0000015.jpg,101.9499105,48.3026911,9118.949861
vid_000125_frame0000016.jpg,102.1952515,48.31998328,8944.895966
vid_000125_frame0000017.jpg,102.1300913,48.93409416,9206.241882
vid_000125_frame0000018.jpg,101.6062724,48.98301005,9185.593312
vid_000125_frame0000019.jpg,99.15220133,47.40614,8891.526913
vid_000125_frame0000020.jpg,95.14907328,44.70918568,9214.152255
vid_000125_frame0000021.jpg,96.11547343,43.72884751,9328.465378
vid_000125_frame0000022.jpg,95.45068359,42.69810205,9509.244382
vid_000125_frame0000023.jpg,94.62035116,41.40488956,9648.653979
vid_000125_frame0000024.jpg,94.04122416,40.17576263,9656.829864
vid_000125_frame0000025.jpg,93.62209574,39.86610759,9486.222248
vid_000125_frame0000026.jpg,93.47777303,39.18757871,9425.948815
vid_000126_frame0000001.jpg,104.1828156,47.15268586,9322.151719
vid_000126_frame0000002.jpg,104.3410848,46.44292176,9076.538187
vid_000126_frame0000003.jpg,104.0372925,45.48871674,9316.97032
vid_000126_frame0000004.jpg,103.4884745,45.20351566,9563.100057
vid_000126_frame0000005.jpg,104.1632385,44.81998675,9664.417116
vid_000126_frame0000006.jpg,103.8592326,44.01394872,9593.457029
vid_000126_frame0000007.jpg,101.7113546,42.96725384,9589.345689
vid_000126_frame0000008.jpg,101.8218282,43.00834579,9740.632488
vid_000126_frame0000009.jpg,103.1304474,42.96215157,9636.991435
vid_000126_frame0000010.jpg,104.2134857,44.46849061,10014.98209
vid_000126_frame0000011.jpg,107.1164093,45.64327036,9853.475644
vid_000126_frame0000012.jpg,113.2737885,49.0418074,9354.156015
vid_000126_frame0000016.jpg,110.9110362,51.01889122,9412.37619
vid_000126_frame0000017.jpg,112.0918783,52.2529999,9534.510765
vid_000126_frame0000018.jpg,111.1230977,51.05134754,9849.855021
vid_000126_frame0000019.jpg,116.0649719,50.59000044,9346.868288
vid_000126_frame0000020.jpg,119.0376943,50.73202089,11110.25357
vid_000126_frame0000021.jpg,113.8917084,47.54506547,9937.670436
vid_000126_frame0000022.jpg,113.3929291,47.68681728,10341.55623
vid_000126_frame0000023.jpg,111.2785238,45.20736558,9719.037989
vid_000126_frame0000024.jpg,109.4758199,45.48222205,10339.61732
vid_000126_frame0000026.jpg,108.7890981,46.37847596,10227.77877
vid_000127_frame0000002.jpg,100.7038523,33.42690854,9192.937369
vid_000127_frame0000003.jpg,99.11410014,33.3145776,9281.858034
vid_000127_frame0000004.jpg,99.88522339,33.43556537,9244.531104
vid_000127_frame0000005.jpg,99.94318644,33.34203688,9379.930222
vid_000127_frame0000006.jpg,99.88402812,33.33576957,9451.485396
vid_000127_frame0000007.jpg,100.3223979,33.77430543,9497.549975
vid_000127_frame0000008.jpg,99.81580098,33.86725435,9518.059431
vid_000127_frame0000009.jpg,101.3368734,33.55414076,9019.983693
vid_000127_frame0000010.jpg,101.5698751,33.72486797,9322.593889
vid_000127_frame0000038.jpg,105.0480448,38.71006599,9319.866299
vid_000127_frame0000039.jpg,99.47756958,35.56372047,8932.052761
vid_000127_frame0000040.jpg,99.71575419,34.20648458,9284.030495
vid_000127_frame0000041.jpg,101.6842753,33.70093273,9184.114624
vid_000127_frame0000042.jpg,101.1904144,33.81265948,9139.156402
vid_000127_frame0000043.jpg,100.3636983,33.73343833,9483.76968
vid_000127_frame0000044.jpg,100.8636322,34.12131778,9394.958214
vid_000127_frame0000045.jpg,101.3323364,34.39491515,9599.965252
vid_000128_frame0000005.jpg,126.6167399,41.34473151,8678.784316
vid_000128_frame0000006.jpg,130.7009176,44.35132634,8485.83059
vid_000128_frame0000007.jpg,136.027003,46.71485772,8281.023067
vid_000128_frame0000008.jpg,136.4992574,43.71512432,8381.828079
vid_000128_frame0000009.jpg,137.0790456,42.40871176,8340.6507
vid_000128_frame0000010.jpg,134.7126109,41.08431269,8679.720752
vid_000128_frame0000011.jpg,130.0262909,39.63361773,8927.290605
vid_000128_frame0000012.jpg,128.6602987,39.63051743,9069.675378
vid_000128_frame0000013.jpg,128.3150126,39.010772,8747.652751
vid_000128_frame0000014.jpg,128.8253276,39.44301692,8792.593118
vid_000128_frame0000015.jpg,128.7639516,39.20881415,8692.656905
vid_000128_frame0000016.jpg,123.4723256,38.89281671,8764.294852
vid_000128_frame0000017.jpg,114.9454041,40.2934928,9447.957217
vid_000128_frame0000018.jpg,113.4649099,41.86019006,9702.154209
vid_000128_frame0000019.jpg,113.7999217,42.93543527,9356.29567
vid_000130_frame0000001.jpg,113.0262655,33.64658533,9358.366748
vid_000130_frame0000002.jpg,113.7151286,33.52590282,9107.76598
vid_000130_frame0000003.jpg,115.8522441,34.47495158,9192.145284
vid_000130_frame0000004.jpg,116.4121653,34.67518984,9228.387682
vid_000130_frame0000005.jpg,112.8544871,33.64861088,8905.705561
vid_000130_frame0000006.jpg,104.2426249,31.73592518,8945.187833
vid_000130_frame0000007.jpg,103.9761047,31.55318903,9024.198009
vid_000130_frame0000008.jpg,102.6937256,31.12274573,9173.267195
vid_000130_frame0000009.jpg,104.1064809,31.62109977,9167.55571
vid_000130_frame0000010.jpg,106.3015238,32.27543036,9174.818669
vid_000130_frame0000011.jpg,108.2704976,32.59227002,8837.826662
vid_000130_frame0000012.jpg,108.0008138,31.63164899,9118.002002
vid_000130_frame0000013.jpg,108.4283396,32.17302326,8946.076349
vid_000130_frame0000014.jpg,109.2194265,32.77548529,9241.152736
vid_000130_frame0000015.jpg,110.5228678,33.88175818,9075.424245
vid_000130_frame0000016.jpg,112.6050669,34.01299932,8972.427885
vid_000130_frame0000017.jpg,117.4803416,33.92159566,8898.303327
vid_000130_frame0000018.jpg,115.5399373,33.3845264,9113.693511
vid_000130_frame0000019.jpg,113.8846842,33.33313514,9010.82474
vid_000130_frame0000020.jpg,111.8137004,32.5314317,8816.550563
vid_000130_frame0000021.jpg,111.7790324,33.67878034,8507.482082
vid_000130_frame0000022.jpg,109.4332682,33.0676249,8883.536802
vid_000130_frame0000023.jpg,108.7481028,33.66349061,9106.480004
vid_000130_frame0000024.jpg,107.684082,33.48042566,9394.200242
vid_000130_frame0000025.jpg,107.0903575,33.86206061,9432.991464
vid_000130_frame0000026.jpg,105.9372762,34.06687055,9587.163444
vid_000130_frame0000027.jpg,108.2561544,35.18303693,9484.700291
vid_000131_frame0000001.jpg,100.9042155,32.18343391,9325.039184
vid_000131_frame0000002.jpg,102.2646179,31.75724049,8993.210928
vid_000131_frame0000003.jpg,102.1703695,32.04158936,9038.141826
vid_000131_frame0000004.jpg,102.0693105,32.13771247,9185.119351
vid_000131_frame0000005.jpg,102.6754456,32.72605088,9392.211053
vid_000131_frame0000006.jpg,104.0164185,33.09673204,9567.118569
vid_000131_frame0000007.jpg,103.9952494,33.56043221,9740.959442
vid_000131_frame0000008.jpg,103.7038015,33.52317592,9861.037529
vid_000131_frame0000009.jpg,104.7724559,33.527617,9754.432552
vid_000131_frame0000010.jpg,103.745814,33.88667905,10487.62646
vid_000131_frame0000011.jpg,105.6048686,34.01259408,10127.56287
vid_000131_frame0000012.jpg,108.4052022,35.73156655,10371.46999
vid_000131_frame0000013.jpg,110.9974365,38.55249373,10791.69323
vid_000131_frame0000014.jpg,111.0630595,40.6344041,12319.69905
vid_000131_frame0000015.jpg,107.7616882,37.26440207,11375.92938
vid_000131_frame0000016.jpg,104.8240255,35.08822134,10508.2035
vid_000131_frame0000017.jpg,105.0714111,33.699255,10155.03113
vid_000131_frame0000018.jpg,105.0755514,32.63523763,9507.03134
vid_000131_frame0000019.jpg,106.8080139,32.79712587,9149.7811
vid_000131_frame0000020.jpg,107.3666382,33.21808802,9407.459867
vid_000131_frame0000021.jpg,108.4580536,33.34735922,9147.892956
vid_000131_frame0000022.jpg,107.0753174,32.31746513,8998.349698
vid_000131_frame0000023.jpg,105.5086009,31.49541876,9103.708501
vid_000131_frame0000024.jpg,104.7172597,31.77258617,9508.337275
vid_000131_frame0000025.jpg,106.2449544,31.5833019,9158.982124
vid_000131_frame0000026.jpg,108.8281301,31.97876157,9111.286795
vid_000131_frame0000027.jpg,109.5811412,32.3797159,8925.825729
vid_000131_frame0000028.jpg,110.5259603,32.9920114,8836.671584
vid_000132_frame0000001.jpg,127.8897654,44.06792535,9862.789094
vid_000132_frame0000002.jpg,128.5963338,44.6986785,9160.037243
vid_000132_frame0000003.jpg,127.9244944,45.01087843,9257.539353
vid_000132_frame0000004.jpg,124.9493815,44.87946528,9573.002994
vid_000132_frame0000005.jpg,117.820694,43.05825443,9692.448035
vid_000132_frame0000006.jpg,115.2074127,42.66335118,10416.53268
vid_000132_frame0000007.jpg,117.1180115,42.69521457,11179.27905
vid_000132_frame0000008.jpg,118.0644684,42.95899344,11770.27028
vid_000132_frame0000009.jpg,119.58874,42.7658324,11389.46383
vid_000132_frame0000010.jpg,116.1920624,42.99480794,13087.22493
vid_000132_frame0000011.jpg,111.3754934,41.40366456,13570.26185
vid_000132_frame0000012.jpg,109.965093,40.57783278,14506.0358
vid_000132_frame0000013.jpg,111.2082214,39.59170291,13924.29121
vid_000132_frame0000017.jpg,117.4257406,41.9923888,14836.58279
vid_000132_frame0000018.jpg,115.0854238,42.11298784,15358.75107
vid_000132_frame0000019.jpg,113.4380086,41.02254706,13435.46415
vid_000132_frame0000020.jpg,109.4688924,41.18139021,14257.42586
vid_000132_frame0000021.jpg,111.3445994,40.46383623,13134.09102
vid_000132_frame0000022.jpg,114.8160604,42.73579846,14305.91157
vid_000132_frame0000023.jpg,120.629186,45.35463226,15959.39782
vid_000132_frame0000024.jpg,121.3267059,47.09601453,17118.85493
vid_000132_frame0000025.jpg,120.5422312,45.6777824,14405.59184
vid_000132_frame0000026.jpg,120.1700795,44.12731303,13798.85302
vid_000132_frame0000027.jpg,116.2317251,42.12414126,13364.04512
vid_000132_frame0000028.jpg,114.3144786,42.33941525,14037.09672
vid_000132_frame0000029.jpg,113.3175557,40.84629766,11382.82468
vid_000132_frame0000030.jpg,111.8521525,39.1609881,11235.99525
vid_000132_frame0000031.jpg,112.303009,38.56331422,11126.82639
vid_000132_frame0000032.jpg,114.8304647,40.8978834,13246.56541
vid_000132_frame0000033.jpg,117.6738688,42.49108485,14182.08089
vid_000132_frame0000034.jpg,115.4841207,42.30948885,14598.75445
vid_000132_frame0000035.jpg,110.0624186,40.71396509,13172.87564
vid_000132_frame0000036.jpg,108.5295919,38.76350321,12110.37342
vid_000132_frame0000037.jpg,111.3116455,40.50669729,12956.70203
vid_000132_frame0000038.jpg,115.9730886,44.12868677,14631.17194
vid_000132_frame0000039.jpg,124.2472585,49.92743845,19187.15807
vid_000132_frame0000042.jpg,118.6191813,49.24860863,15153.8551
vid_000132_frame0000043.jpg,109.374232,44.46712581,13009.68172
vid_000132_frame0000052.jpg,110.3795268,42.33260734,9823.350052
vid_000132_frame0000053.jpg,115.1585134,42.27311209,11159.24144
vid_000132_frame0000054.jpg,120.4209442,44.29811754,11561.02931
vid_000132_frame0000055.jpg,132.4514058,48.93904691,11156.32853
vid_000132_frame0000056.jpg,126.8743744,48.09274932,11076.04615
vid_000132_frame0000057.jpg,117.2136332,44.81413126,11592.83156
vid_000132_frame0000058.jpg,115.1494293,42.86282724,11648.93188
vid_000132_frame0000059.jpg,114.1905162,40.59838025,12130.98638
vid_000132_frame0000060.jpg,113.7255096,39.09909702,11593.06997
vid_000132_frame0000061.jpg,113.1351624,38.21302223,10875.71566
vid_000132_frame0000062.jpg,110.1467082,35.60012955,10019.78637
vid_000132_frame0000063.jpg,111.5786743,34.96554854,9527.132049
vid_000132_frame0000073.jpg,115.4048513,35.33947725,10701.88734
vid_000132_frame0000074.jpg,113.9554189,35.00559417,10473.56266
vid_000132_frame0000075.jpg,109.2438609,33.62097092,10076.9815
vid_000132_frame0000079.jpg,115.5362295,34.44972893,9803.673105
vid_000132_frame0000080.jpg,120.1111196,37.51603114,11132.84099
vid_000132_frame0000081.jpg,119.5802561,39.19745513,12443.86053
vid_000132_frame0000082.jpg,121.5654551,39.3777982,10873.21621
vid_000132_frame0000083.jpg,120.9603322,39.09103604,10920.25292
vid_000132_frame0000084.jpg,117.0730082,38.14858683,10524.73767
vid_000132_frame0000085.jpg,109.9994151,36.6096471,11031.66816
vid_000132_frame0000086.jpg,111.6296539,35.89255193,10620.18253
vid_000132_frame0000087.jpg,111.9960887,37.2788283,12751.87336
vid_000132_frame0000088.jpg,117.629893,38.45060083,11553.35944
vid_000132_frame0000089.jpg,127.9381612,41.02246447,11538.71307
vid_000132_frame0000090.jpg,128.7283173,43.12981774,11403.26128
vid_000132_frame0000091.jpg,126.67512,43.10745573,12020.50137
vid_000132_frame0000095.jpg,111.4768321,40.12857452,14040.57955
vid_000132_frame0000096.jpg,111.0782013,39.10142245,13860.50819
vid_000132_frame0000097.jpg,109.5564524,40.00016361,15154.8802
vid_000132_frame0000102.jpg,122.0658315,44.51457764,13645.50459
vid_000132_frame0000103.jpg,118.2491608,43.80105544,13782.40475
vid_000132_frame0000104.jpg,112.5538483,41.80666892,12655.83237
vid_000132_frame0000105.jpg,113.6172994,41.9405668,14208.31356
vid_000132_frame0000106.jpg,114.0939535,40.78529938,12933.23824
vid_000132_frame0000107.jpg,113.8539378,41.13088558,13616.75102
vid_000132_frame0000108.jpg,116.7911631,42.71336109,13539.76291
vid_000132_frame0000109.jpg,123.7495778,44.08529104,13339.41947
vid_000132_frame0000110.jpg,127.7093506,47.34978019,14255.61579
vid_000132_frame0000113.jpg,116.717158,49.6693521,17307.46114
vid_000132_frame0000114.jpg,113.1192017,45.09769817,13667.77537
vid_000132_frame0000115.jpg,114.0166219,40.17822169,10262.19127
vid_000132_frame0000116.jpg,114.5936534,36.84424543,9239.326693
vid_000132_frame0000117.jpg,113.5341695,36.28170649,9247.558608
vid_000132_frame0000118.jpg,114.0834707,36.6727257,9255.39855
vid_000132_frame0000119.jpg,115.026474,36.94560499,9421.119259
vid_000132_frame0000120.jpg,117.9485931,38.72775539,9643.080079
vid_000132_frame0000121.jpg,119.2343496,39.4450155,9560.548401
vid_000132_frame0000122.jpg,118.2456818,39.87577246,9623.254867
vid_000132_frame0000123.jpg,115.2327067,39.27902316,9651.868961
vid_000132_frame0000124.jpg,110.0462189,36.9055195,9448.209019
vid_000132_frame0000129.jpg,120.1210073,42.22784144,11885.44624
vid_000132_frame0000130.jpg,117.9031881,43.15105333,11534.28341
vid_000133_frame0000001.jpg,88.86777751,77.26666155,28930.71005
vid_000133_frame0000002.jpg,88.7988739,76.87554723,27406.93807
vid_000133_frame0000003.jpg,88.67212423,76.85777852,26983.33899
vid_000133_frame0000004.jpg,87.8110555,77.02497594,28812.59166
vid_000133_frame0000005.jpg,87.67126973,76.99061808,28547.95451
vid_000133_frame0000006.jpg,86.73184204,75.6341747,24902.15792
vid_000133_frame0000007.jpg,86.60348002,76.4225841,28034.5715
vid_000133_frame0000008.jpg,86.63735453,76.50891835,28329.44857
vid_000133_frame0000009.jpg,86.46414185,76.1872794,27108.57707
vid_000133_frame0000010.jpg,86.73860168,76.57068737,28332.30717
vid_000133_frame0000011.jpg,87.38593038,76.30456131,27042.0443
vid_000133_frame0000012.jpg,89.02575684,77.57684584,29045.73064
vid_000133_frame0000013.jpg,89.41983541,76.68031454,25148.52738
vid_000133_frame0000014.jpg,89.978302,78.24857588,29923.44948
vid_000133_frame0000015.jpg,89.85462443,77.91770294,29839.90374
vid_000133_frame0000016.jpg,89.88912455,77.16622824,25876.6813
vid_000133_frame0000017.jpg,89.47309875,77.80219056,28974.67799
vid_000133_frame0000018.jpg,89.17816162,77.69610839,29169.95047
vid_000133_frame0000019.jpg,89.10844421,77.49143659,28718.41768
vid_000133_frame0000020.jpg,89.18107605,77.99260626,30461.28776
vid_000133_frame0000021.jpg,89.17718506,77.6263151,29751.61818
vid_000133_frame0000022.jpg,89.39906311,77.76994426,29620.32597
vid_000133_frame0000023.jpg,90.19014486,77.59845076,27453.83084
vid_000133_frame0000024.jpg,90.35261027,78.48810006,31230.71702
vid_000133_frame0000025.jpg,90.54044596,78.1476451,29299.27597
vid_000133_frame0000026.jpg,90.04441833,77.55665638,26992.32834
vid_000133_frame0000027.jpg,89.33125305,77.67934877,29330.40599
vid_000133_frame0000028.jpg,88.67323303,77.32040327,29314.79389
vid_000133_frame0000029.jpg,89.57798258,76.95558935,26273.4725
vid_000133_frame0000030.jpg,90.76768494,78.5224802,30436.29159
vid_000133_frame0000031.jpg,91.0253245,78.37997873,29145.66011
vid_000133_frame0000032.jpg,91.53528341,79.14447618,31197.52469
vid_000133_frame0000033.jpg,91.61564128,78.1894876,27097.22771
vid_000133_frame0000034.jpg,91.0308787,78.86631859,31123.00806
vid_000133_frame0000035.jpg,90.36709086,78.02638871,28697.92735
vid_000133_frame0000036.jpg,89.76416016,77.08151523,25975.15423
vid_000133_frame0000037.jpg,89.31744893,77.43439987,28086.32534
vid_000133_frame0000038.jpg,89.93567403,77.81598781,29168.20622
vid_000133_frame0000039.jpg,90.68870544,78.1642146,29429.62638
vid_000133_frame0000040.jpg,89.94119263,77.86170463,29250.12766
vid_000133_frame0000041.jpg,89.11848958,77.48910215,29014.39803
vid_000133_frame0000042.jpg,89.07152812,76.99701956,26800.0635
vid_000133_frame0000086.jpg,83.85098267,75.17999472,24933.06338
vid_000133_frame0000087.jpg,84.18189494,75.66675942,26553.5495
vid_000133_frame0000088.jpg,84.54299927,75.6573851,25859.09052
vid_000133_frame0000470.jpg,84.81470235,75.12049662,22764.06017
vid_000133_frame0000471.jpg,84.11435954,75.86309184,27730.53566
vid_000138_frame0000010.jpg,118.9781087,86.29205104,15854.07676
vid_000138_frame0000011.jpg,113.6906942,82.74567083,14978.15725
vid_000138_frame0000012.jpg,115.6622416,78.92849034,14225.78927
vid_000138_frame0000013.jpg,112.249354,77.91060852,15039.46361
vid_000138_frame0000015.jpg,111.3220876,76.36540968,14855.05688
vid_000138_frame0000016.jpg,110.7400513,76.30593013,14387.30193
vid_000138_frame0000029.jpg,108.361323,75.85733217,15531.64789
vid_000138_frame0000030.jpg,108.2742513,75.89883055,16138.9647
vid_000138_frame0000031.jpg,108.4869181,76.08471577,15972.03162
vid_000139_frame0000001.jpg,127.5601603,44.30408217,9313.010636
vid_000139_frame0000002.jpg,127.9102834,44.29013239,8908.904497
vid_000139_frame0000003.jpg,122.3518982,46.00191591,9714.950693
vid_000139_frame0000004.jpg,120.1506805,42.55309537,9287.483148
vid_000139_frame0000016.jpg,132.9994812,41.57482207,11965.88762
vid_000139_frame0000017.jpg,132.1167247,38.32927501,10068.22801
vid_000139_frame0000018.jpg,129.0473633,37.01807718,10381.23646
vid_000139_frame0000019.jpg,127.5863037,35.39639434,9688.999875
vid_000139_frame0000020.jpg,128.617157,35.80055837,10517.37973
vid_000139_frame0000021.jpg,129.1913961,35.66219188,10419.58056
vid_000139_frame0000022.jpg,128.8105977,35.7244367,10544.56035
vid_000139_frame0000023.jpg,128.9521077,35.84799706,10345.54791
vid_000139_frame0000024.jpg,128.291626,35.74393192,10574.29522
vid_000139_frame0000025.jpg,128.964503,35.46429089,10351.16972
vid_000140_frame0000002.jpg,123.2433726,32.74070176,9210.898175
vid_000140_frame0000003.jpg,115.7437032,30.77591324,8975.947798
vid_000140_frame0000004.jpg,118.244695,30.76747201,9309.886037
vid_000140_frame0000005.jpg,126.6473643,32.51376289,9459.051618
vid_000140_frame0000006.jpg,125.3084005,32.7326293,9187.111233
vid_000140_frame0000007.jpg,124.9280141,32.0661938,9572.663997
vid_000140_frame0000008.jpg,124.1433462,31.87290535,9716.965675
vid_000140_frame0000009.jpg,127.1849467,33.21187346,9485.937905
vid_000140_frame0000010.jpg,122.8868968,34.19358883,9493.45451
vid_000140_frame0000011.jpg,120.9787699,35.10506382,11278.042
vid_000140_frame0000012.jpg,121.285497,35.22854948,11153.87977
vid_000140_frame0000013.jpg,121.1392008,35.72907108,12351.42159
vid_000140_frame0000014.jpg,121.0019226,35.89051186,12359.57619
vid_000140_frame0000015.jpg,120.9249217,35.65168077,12369.70624
vid_000140_frame0000016.jpg,121.3693085,35.70505983,12159.5685
vid_000140_frame0000017.jpg,120.7204285,35.7354504,12384.44814
vid_000140_frame0000018.jpg,120.98821,36.02952444,12504.37736
vid_000140_frame0000019.jpg,120.5883942,35.69897873,12276.69546
vid_000140_frame0000020.jpg,120.8215739,35.91767773,12510.37877
vid_000140_frame0000021.jpg,120.9992574,35.69037826,12197.32633
vid_000140_frame0000022.jpg,120.9664205,35.88383124,12445.28584
vid_000140_frame0000033.jpg,119.8647257,31.89367641,10293.14941
vid_000140_frame0000034.jpg,121.1987,31.77019186,10129.10026
vid_000140_frame0000035.jpg,122.3846995,33.60088892,8902.867248
vid_000140_frame0000037.jpg,125.6789754,46.60497334,10005.37031
vid_000141_frame0000002.jpg,116.7526754,52.88856824,16561.30416
vid_000141_frame0000003.jpg,116.3861135,52.82464611,16699.5568
vid_000141_frame0000004.jpg,116.1252899,53.60131041,17262.22972
vid_000141_frame0000005.jpg,117.047053,53.06241956,16462.6759
vid_000141_frame0000006.jpg,117.7488658,53.25604201,16628.63863
vid_000141_frame0000007.jpg,119.39328,52.61526744,17024.64143
vid_000141_frame0000008.jpg,121.130071,53.22822638,16961.68616
vid_000141_frame0000009.jpg,123.3826955,54.03258438,16667.77176
vid_000141_frame0000010.jpg,121.8032328,55.88437841,17518.89639
vid_000141_frame0000011.jpg,120.7531789,56.54035123,17294.19247
vid_000141_frame0000015.jpg,116.0379079,70.73489605,23669.22724
vid_000141_frame0000016.jpg,116.3023936,70.74081382,22761.14525
vid_000141_frame0000017.jpg,115.0718994,71.5755303,23511.27029
vid_000142_frame0000006.jpg,140.0062663,51.55858493,17698.20406
vid_000142_frame0000007.jpg,142.2831014,51.07137797,16983.70733
vid_000142_frame0000008.jpg,145.8217468,50.559877,20628.05352
vid_000142_frame0000009.jpg,147.9293722,50.26012299,22244.50697
vid_000142_frame0000010.jpg,147.3641154,50.68239054,22008.56064
vid_000142_frame0000011.jpg,148.1576691,50.88470329,22102.22719
vid_000142_frame0000012.jpg,147.1111908,51.75509674,25790.60815
vid_000142_frame0000013.jpg,147.2806142,51.31346561,24619.20188
vid_000142_frame0000014.jpg,147.0750987,51.56897204,25813.74265
vid_000142_frame0000015.jpg,147.3598938,51.74456152,25526.3074
vid_000142_frame0000019.jpg,147.3233999,51.22711516,24306.08113
vid_000142_frame0000020.jpg,147.056132,51.76046212,25503.41271
vid_000142_frame0000021.jpg,147.4118347,51.7995981,25635.71176
vid_000142_frame0000022.jpg,147.3042806,51.88856738,26153.10906
vid_000142_frame0000023.jpg,147.7522125,51.45121126,24496.72073
vid_000142_frame0000024.jpg,146.9993388,51.88533533,26046.25561
vid_000142_frame0000032.jpg,147.2588806,51.87443855,25881.47142
vid_000142_frame0000097.jpg,146.2714793,37.27253092,10515.15618
vid_000142_frame0000099.jpg,138.3274129,52.51752675,19605.76269
vid_000142_frame0000115.jpg,140.0250498,40.48081934,12979.50742
vid_000142_frame0000116.jpg,141.7702688,39.18112981,10947.88031
vid_000142_frame0000117.jpg,139.9983419,40.55076008,13070.41159
vid_000142_frame0000118.jpg,139.5534668,40.66664494,13238.14641
vid_000142_frame0000119.jpg,139.9445089,40.83415576,13411.4001
vid_000142_frame0000120.jpg,139.7819417,40.88753147,13575.62632
vid_000142_frame0000121.jpg,140.2338613,40.52242636,13069.13922
vid_000142_frame0000122.jpg,140.1648865,40.41124382,13039.65129
vid_000142_frame0000125.jpg,147.1237284,39.48963465,11943.47332
vid_000142_frame0000127.jpg,139.0641785,50.273195,16208.11141
vid_000143_frame0000002.jpg,115.8821665,60.44141282,17701.29921
vid_000143_frame0000003.jpg,115.1356506,60.28218581,17914.95605
vid_000143_frame0000004.jpg,115.3004252,60.34232834,19120.1434
vid_000143_frame0000005.jpg,116.6496379,57.89985867,18035.72251
vid_000143_frame0000006.jpg,116.6861725,57.44602594,17656.39672
vid_000143_frame0000007.jpg,116.0053762,56.63047913,17545.30184
vid_000143_frame0000008.jpg,116.3207194,57.00477744,18147.23873
vid_000143_frame0000009.jpg,115.3708089,56.92823068,17028.20544
vid_000143_frame0000010.jpg,114.6054586,57.33453726,17561.45686
vid_000143_frame0000011.jpg,114.6487122,57.55830289,17261.37382
vid_000143_frame0000021.jpg,114.9594472,53.28876202,16036.75382
vid_000143_frame0000022.jpg,114.3093872,54.40936772,16268.399
vid_000143_frame0000023.jpg,114.5352783,54.6198169,15989.77152
vid_000143_frame0000024.jpg,114.8119761,55.29267997,16673.86232
vid_000143_frame0000025.jpg,114.8948313,55.2575373,16063.23438
vid_000143_frame0000026.jpg,115.8565674,55.45727816,16006.5562
vid_000143_frame0000027.jpg,115.3478038,55.30502658,16055.1834
vid_000143_frame0000028.jpg,113.4992778,55.64372773,16750.05159
vid_000143_frame0000029.jpg,115.0741018,55.91725055,16323.09529
vid_000143_frame0000030.jpg,114.4438426,56.74845868,17795.82881
vid_000143_frame0000032.jpg,112.2288767,56.97928594,17748.4546
vid_000143_frame0000033.jpg,111.0485179,57.59264591,17092.04312
vid_000143_frame0000034.jpg,109.1326141,58.51245182,17367.81958
vid_000143_frame0000035.jpg,111.1354116,59.94441785,17568.67081
vid_000143_frame0000036.jpg,112.9050344,59.35163122,17413.47884
vid_000143_frame0000037.jpg,113.9288177,59.61255251,18360.17396
vid_000143_frame0000040.jpg,113.3259023,60.99565629,18239.56324
vid_000143_frame0000042.jpg,110.5367177,60.49323813,18087.22108
vid_000143_frame0000043.jpg,109.1642507,62.8546347,18279.56761
vid_000143_frame0000045.jpg,102.5961812,64.3293086,18710.28743
vid_000143_frame0000046.jpg,103.0529683,64.66796432,18240.93874
vid_000143_frame0000054.jpg,108.5679067,66.65564266,18515.77292
vid_000143_frame0000055.jpg,109.1601715,66.69162002,19234.21117
vid_000143_frame0000056.jpg,109.508021,65.78722174,16919.34934
vid_000143_frame0000062.jpg,115.2247925,66.15735014,18251.09778
vid_000143_frame0000063.jpg,114.5222168,65.79775504,17597.85114
vid_000143_frame0000068.jpg,122.1122996,62.37208939,17292.20151
vid_000143_frame0000069.jpg,117.6592814,62.70001272,16485.65636
vid_000143_frame0000070.jpg,117.6302694,62.8947332,15970.12119
vid_000143_frame0000071.jpg,121.6305033,63.96204234,17696.3246
vid_000143_frame0000072.jpg,121.3742371,62.8134437,16661.14961
vid_000143_frame0000073.jpg,120.0429637,63.41662619,17238.37372
vid_000144_frame0000010.jpg,120.5702566,38.27145373,15604.64451
vid_000144_frame0000011.jpg,120.9073435,37.919347,15008.24609
vid_000144_frame0000012.jpg,120.2275136,37.69298164,14682.07394
vid_000144_frame0000013.jpg,119.8366394,31.62747872,9817.605893
vid_000144_frame0000014.jpg,120.2353465,32.85139817,10651.015
vid_000144_frame0000015.jpg,121.1633504,33.77095747,10760.73845
vid_000144_frame0000016.jpg,122.66981,35.38661194,11505.3798
vid_000144_frame0000017.jpg,122.4939423,36.52868882,12983.98827
vid_000144_frame0000018.jpg,121.7776184,36.74898557,13488.12254
vid_000144_frame0000019.jpg,121.6646881,31.34032613,9444.329085
vid_000144_frame0000031.jpg,119.845047,37.99728748,14893.27284
vid_000144_frame0000032.jpg,119.7664948,38.45271145,15703.68487
vid_000144_frame0000033.jpg,118.91539,36.91177293,14153.41116
vid_000144_frame0000034.jpg,118.878418,36.23320525,13050.52851
vid_000144_frame0000035.jpg,119.3917745,35.64756552,11898.97056
vid_000144_frame0000036.jpg,120.3976796,35.13905364,10572.75343
vid_000144_frame0000037.jpg,121.9111735,36.15742959,10849.34032
vid_000144_frame0000038.jpg,122.2744293,40.8028671,15331.78799
vid_000144_frame0000039.jpg,121.2973277,41.44773657,16208.68909
vid_000144_frame0000040.jpg,122.0619253,42.97261187,18344.18562
vid_000144_frame0000041.jpg,122.1435191,42.71436961,17847.14869
vid_000144_frame0000042.jpg,122.0315959,42.970693,18547.37805
vid_000144_frame0000043.jpg,122.3102264,41.92676404,16827.2738
vid_000144_frame0000044.jpg,119.2507324,38.17168059,13010.68014
vid_000144_frame0000045.jpg,119.6745504,42.02558954,18520.90843
vid_000145_frame0000001.jpg,118.0137634,66.95069342,15131.60426
vid_000145_frame0000003.jpg,117.8328959,66.84910353,14906.44969
vid_000145_frame0000004.jpg,117.4834188,67.12913617,15267.55011
vid_000145_frame0000005.jpg,117.7769623,66.66493932,14851.6568
vid_000145_frame0000006.jpg,118.0084076,66.51806239,14532.13171
vid_000145_frame0000007.jpg,118.196757,66.83678201,14878.02207
vid_000145_frame0000008.jpg,118.1432088,66.77524701,15172.98686
vid_000145_frame0000009.jpg,118.6265869,66.54444274,14335.22671
vid_000145_frame0000010.jpg,118.3048401,66.61693049,15074.34022
vid_000145_frame0000011.jpg,118.749649,66.79638076,14993.76525
vid_000145_frame0000012.jpg,118.4746552,66.94180578,15243.12144
vid_000145_frame0000015.jpg,118.6467234,66.90154269,15499.15695
vid_000145_frame0000016.jpg,118.8419495,66.85110976,15140.15482
vid_000145_frame0000017.jpg,118.3779144,67.58605436,15514.21196
vid_000145_frame0000018.jpg,118.2048289,67.68308009,15529.02281
vid_000145_frame0000019.jpg,118.244339,68.08486651,15059.42832
vid_000145_frame0000020.jpg,118.4098155,67.01467526,14322.846
vid_000145_frame0000021.jpg,118.9816793,65.69860634,13443.47287
vid_000145_frame0000022.jpg,119.0463664,64.45938351,12914.57085
vid_000145_frame0000023.jpg,119.3825022,63.9565546,12706.29062
vid_000145_frame0000024.jpg,119.1066386,64.11266155,12805.1388
vid_000145_frame0000025.jpg,118.7926178,64.09598764,12729.63047
vid_000145_frame0000026.jpg,118.5244853,64.09540782,12905.06628
vid_000145_frame0000027.jpg,118.5819702,64.45631475,13136.12041
vid_000145_frame0000028.jpg,118.7883148,64.67177735,13312.02666
vid_000145_frame0000029.jpg,118.9694926,65.26234208,13441.73207
vid_000145_frame0000030.jpg,118.4283396,65.81418896,14072.80211
vid_000145_frame0000031.jpg,118.3417664,65.90765615,13841.86448
vid_000145_frame0000032.jpg,118.5941315,65.81987295,14380.04476
vid_000145_frame0000033.jpg,118.8004252,65.306364,13668.30343
vid_000145_frame0000034.jpg,119.0494588,64.95848703,13408.80905
vid_000145_frame0000035.jpg,119.2871246,64.82723381,13244.30966
vid_000145_frame0000036.jpg,119.4765116,64.73201057,13208.03214
vid_000145_frame0000037.jpg,118.8148702,65.02796411,13431.27911
vid_000145_frame0000038.jpg,118.5242818,65.44911776,13711.48684
vid_000145_frame0000039.jpg,118.4345347,65.5993571,13803.40914
vid_000145_frame0000040.jpg,118.2930196,65.48169315,13748.47366
vid_000145_frame0000041.jpg,118.5298157,65.35745971,13568.68459
vid_000145_frame0000042.jpg,118.5621389,65.29875507,13755.46385
vid_000145_frame0000043.jpg,118.7454274,65.24449582,13882.21981
vid_000145_frame0000044.jpg,119.2737122,65.15798017,13746.03201
vid_000145_frame0000045.jpg,119.2133687,65.51627112,13929.78965
vid_000145_frame0000046.jpg,119.1721242,65.28551015,13587.22005
vid_000145_frame0000047.jpg,118.9650319,65.58521071,14152.12556
vid_000145_frame0000048.jpg,118.6953532,65.52300648,14000.11532
vid_000145_frame0000049.jpg,118.9828847,65.37433337,13953.05755
vid_000145_frame0000050.jpg,118.3445536,65.94855865,14439.53598
vid_000145_frame0000051.jpg,118.0837148,66.13322393,14277.95418
vid_000145_frame0000052.jpg,117.8639221,66.24520428,14272.64969
vid_000145_frame0000053.jpg,117.5874074,66.80581027,14474.5577
vid_000145_frame0000054.jpg,117.2406108,67.36678175,14884.47886
vid_000145_frame0000055.jpg,118.325765,66.58061855,14313.97923
vid_000145_frame0000056.jpg,118.7136434,65.41583739,13670.32617
vid_000145_frame0000057.jpg,118.4431305,65.64833555,14244.94645
vid_000145_frame0000058.jpg,118.8857676,65.51728726,13834.29095
vid_000145_frame0000059.jpg,118.9081523,65.60370808,13849.10479
vid_000145_frame0000060.jpg,118.3731689,66.19221456,14296.23829
vid_000145_frame0000061.jpg,117.7282461,66.95662031,14730.21587
vid_000145_frame0000062.jpg,117.5159658,67.45234712,15565.50942
vid_000145_frame0000063.jpg,118.123469,67.95661559,15124.81114
vid_000145_frame0000064.jpg,117.9337819,68.71794178,15817.84259
vid_000145_frame0000065.jpg,118.5216522,67.00090299,14568.03114
vid_000145_frame0000066.jpg,119.0361888,66.36469056,13319.41458
vid_000145_frame0000067.jpg,120.6754964,66.78391865,12509.47224
vid_000145_frame0000068.jpg,123.7274323,66.76477483,13388.12633
vid_000145_frame0000069.jpg,119.700297,65.66824183,15536.41461
vid_000145_frame0000070.jpg,117.7539571,68.28038278,17367.62433
vid_000145_frame0000081.jpg,113.6086426,59.0682646,10580.07696
vid_000146_frame0000001.jpg,115.7632904,43.67642907,9054.04653
vid_000146_frame0000002.jpg,116.4813944,44.15842734,8876.841259
vid_000146_frame0000003.jpg,116.5936381,44.5006115,8996.402119
vid_000146_frame0000004.jpg,117.2883759,44.96518988,9195.364092
vid_000146_frame0000005.jpg,119.2158152,45.80306702,9464.317035
vid_000146_frame0000006.jpg,120.6295776,46.88281439,9667.009539
vid_000146_frame0000007.jpg,121.8856862,47.52377537,9700.120286
vid_000146_frame0000008.jpg,122.1190287,47.95850627,10245.51948
vid_000146_frame0000009.jpg,121.2082062,47.35082037,9648.347613
vid_000146_frame0000018.jpg,111.7958171,47.64411684,10674.06401
vid_000146_frame0000019.jpg,112.3965302,46.58227038,9900.64235
vid_000146_frame0000027.jpg,109.7351583,43.05634134,9603.525542
vid_000146_frame0000028.jpg,112.3025309,44.45240744,9756.561219
vid_000146_frame0000029.jpg,116.4417674,46.21285477,9292.985079
vid_000146_frame0000030.jpg,118.550827,48.06481362,9521.335984
vid_000146_frame0000031.jpg,120.7208303,50.04301282,9921.636793
vid_000147_frame0000001.jpg,113.7093201,59.72947443,19236.44218
vid_000147_frame0000002.jpg,113.7124583,59.65294284,18910.75232
vid_000147_frame0000003.jpg,113.3183543,60.1027105,19398.75026
vid_000147_frame0000004.jpg,111.8655446,60.33583932,19297.24612
vid_000147_frame0000005.jpg,107.79599,60.89951195,20331.60027
vid_000147_frame0000006.jpg,106.3666433,60.32767847,18352.21319
vid_000147_frame0000007.jpg,106.4931641,60.45240222,18393.23804
vid_000147_frame0000008.jpg,107.304011,61.07181736,19157.42951
vid_000147_frame0000009.jpg,108.4746246,61.56539052,19190.55756
vid_000147_frame0000010.jpg,109.0198212,62.5059591,21548.40554
vid_000147_frame0000011.jpg,108.0628153,62.8883625,21410.39212
vid_000147_frame0000012.jpg,106.3697917,63.53808584,22430.72082
vid_000147_frame0000013.jpg,104.2438711,63.68320516,21381.42483
vid_000147_frame0000014.jpg,102.4926961,63.36081761,21108.87021
vid_000147_frame0000015.jpg,103.8379415,62.76379164,20692.74321
vid_000147_frame0000016.jpg,105.8057556,62.49644789,20413.64556
vid_000147_frame0000017.jpg,107.1297557,62.74135879,21126.52977
vid_000147_frame0000018.jpg,106.9342753,63.33972738,21795.92289
vid_000147_frame0000019.jpg,107.668162,63.37490145,21891.84225
vid_000147_frame0000020.jpg,108.5436961,62.98343633,21878.5878
vid_000147_frame0000021.jpg,108.2294057,63.0334664,21276.56152
vid_000147_frame0000022.jpg,106.4121501,63.46898435,22263.09497
vid_000148_frame0000020.jpg,92.0820516,44.91031873,14008.7762
vid_000148_frame0000021.jpg,92.6550649,45.65723884,13854.92989
vid_000148_frame0000022.jpg,93.17508952,46.78585516,15381.8433
vid_000148_frame0000023.jpg,104.310201,46.90301623,14387.63569
vid_000148_frame0000024.jpg,103.343633,42.0582856,11662.90333
vid_000148_frame0000025.jpg,104.7649129,39.27993807,9791.114452
vid_000148_frame0000026.jpg,98.69738261,27.57008136,7780.609669
vid_000148_frame0000027.jpg,99.99880981,27.59675599,8055.582537
vid_000148_frame0000028.jpg,100.0072327,28.34252395,8621.585565
vid_000148_frame0000029.jpg,101.5225932,26.70112605,8087.473608
vid_000148_frame0000030.jpg,100.2762807,31.91372046,9405.611191
vid_000148_frame0000031.jpg,100.730423,28.89372715,9018.748611
vid_000148_frame0000032.jpg,101.1114553,29.66648796,8830.612933
vid_000148_frame0000033.jpg,100.7207591,29.18207285,8981.066119
vid_000148_frame0000034.jpg,102.175354,32.28381267,8835.139577
vid_000148_frame0000035.jpg,101.4542796,28.28297692,8150.122415
vid_000148_frame0000036.jpg,102.4523315,29.08519265,8523.372933
vid_000148_frame0000037.jpg,102.4509328,28.80852839,8605.553701
vid_000148_frame0000038.jpg,101.7219849,29.63839137,9142.149344
vid_000148_frame0000039.jpg,101.6792145,28.95173429,8579.796199
vid_000148_frame0000044.jpg,103.8414307,28.54535287,9266.205444
vid_000148_frame0000045.jpg,102.7640686,28.14960983,7735.452249
vid_000148_frame0000046.jpg,103.3725688,31.52784083,9016.731541
vid_000148_frame0000047.jpg,103.9788615,32.1356763,7622.543977
vid_000148_frame0000048.jpg,110.5372721,43.1032303,11285.42415
vid_000148_frame0000050.jpg,104.2722117,37.81234575,8906.412526
vid_000148_frame0000051.jpg,111.5983124,42.75874639,9101.288528
vid_000148_frame0000052.jpg,107.5158691,43.72014214,9415.865142
vid_000148_frame0000053.jpg,104.6167501,42.05685295,9786.868524
vid_000148_frame0000054.jpg,101.7353312,41.23960987,11502.72794
vid_000148_frame0000055.jpg,102.3503672,41.95570702,12230.10487
vid_000148_frame0000056.jpg,103.3069356,42.19675352,12579.31928
vid_000148_frame0000057.jpg,103.1929067,43.26608739,13316.51963
vid_000148_frame0000063.jpg,102.8547414,43.23860166,13700.29881
vid_000148_frame0000064.jpg,103.0246023,43.23553848,14211.39651
vid_000148_frame0000065.jpg,102.8550771,42.73702513,13655.62222
vid_000148_frame0000066.jpg,102.6132507,41.71759922,12260.43927
vid_000148_frame0000067.jpg,102.1307831,41.30410333,12679.2751
vid_000148_frame0000078.jpg,101.7988637,41.94991411,13414.38408
vid_000148_frame0000079.jpg,102.1881816,42.34645076,13863.07537
vid_000148_frame0000080.jpg,102.0991923,42.7067595,14210.59914
vid_000148_frame0000081.jpg,101.5863698,43.07136618,15166.32939
vid_000148_frame0000082.jpg,102.5017395,42.66816761,13978.20103
vid_000148_frame0000083.jpg,102.1130829,43.64750089,15375.55044
vid_000148_frame0000084.jpg,102.5201009,42.81532508,14149.42439
vid_000148_frame0000085.jpg,102.7718455,44.69440009,16372.34784
vid_000148_frame0000086.jpg,102.7069194,44.18718623,15027.71208
vid_000148_frame0000087.jpg,102.7177124,46.09484589,17572.6484
vid_000148_frame0000088.jpg,103.5920156,45.92611551,16927.70837
vid_000148_frame0000100.jpg,83.50074768,60.48760884,27271.05798
vid_000149_frame0000001.jpg,99.69217936,38.73555486,13071.92612
vid_000149_frame0000002.jpg,99.64255269,37.78909862,11531.99117
vid_000149_frame0000003.jpg,100.955068,37.6480574,11402.47356
vid_000149_frame0000004.jpg,102.5963491,38.10266439,11893.41577
vid_000149_frame0000005.jpg,103.5453593,37.63994595,11429.10333
vid_000149_frame0000006.jpg,102.4865672,37.82018316,11710.50563
vid_000149_frame0000008.jpg,100.0729879,37.66190139,11802.87778
vid_000149_frame0000009.jpg,100.6927287,35.91191126,10262.60956
vid_000149_frame0000010.jpg,100.6863454,37.46144427,11895.30485
vid_000149_frame0000011.jpg,100.8021037,36.39323832,11028.55842
vid_000149_frame0000012.jpg,99.99549357,37.04668581,11970.65294
vid_000149_frame0000013.jpg,99.63838196,35.93880935,11257.24464
vid_000149_frame0000014.jpg,99.26516724,36.56417262,11835.97323
vid_000149_frame0000015.jpg,99.34780375,36.19845598,11487.39528
vid_000149_frame0000016.jpg,99.45310974,36.64124784,12060.3938
vid_000149_frame0000017.jpg,99.50252787,36.26866807,11582.20917
vid_000149_frame0000018.jpg,100.1790771,36.76230276,12159.28957
vid_000149_frame0000019.jpg,102.0071411,36.08615343,10860.29211
vid_000149_frame0000020.jpg,103.563619,37.03147458,12087.25895
vid_000149_frame0000021.jpg,105.2352397,37.17363899,11678.04413
vid_000149_frame0000022.jpg,105.5513153,37.64238203,12378.1761
vid_000150_frame0000006.jpg,113.7766418,62.88675436,30431.64879
vid_000150_frame0000007.jpg,113.5187225,63.09456199,30680.96206
vid_000150_frame0000008.jpg,113.6506704,63.86721269,32727.33592
vid_000150_frame0000009.jpg,112.4601796,62.84601526,30860.62136
vid_000150_frame0000010.jpg,112.1737722,63.71433345,32863.3759
vid_000150_frame0000011.jpg,112.1582947,62.81110978,30735.84334
vid_000150_frame0000012.jpg,112.2684479,63.13770212,31996.70603
vid_000150_frame0000013.jpg,111.7894948,62.88600724,31901.55618
vid_000150_frame0000014.jpg,111.6068166,63.66762562,33295.69698
vid_000150_frame0000015.jpg,111.4529622,62.90065982,31725.7407
vid_000150_frame0000016.jpg,111.1429494,62.27837526,30169.20492
vid_000150_frame0000017.jpg,111.3934123,62.92208535,31801.20247
vid_000150_frame0000018.jpg,111.2870483,63.43589202,32666.90643
vid_000150_frame0000019.jpg,111.1760203,62.37723961,30544.26174
vid_000150_frame0000020.jpg,110.7944285,63.29668345,32610.00572
vid_000150_frame0000021.jpg,110.6486359,62.9044627,31169.71439
vid_000150_frame0000024.jpg,107.1965586,60.67343481,26322.08649
vid_000150_frame0000025.jpg,109.923172,64.14519063,28451.02157
vid_000150_frame0000026.jpg,102.8991547,64.90420929,24862.28309
vid_000150_frame0000027.jpg,99.08839925,68.37184252,34618.0982
vid_000150_frame0000028.jpg,99.25307719,67.08541423,28724.42049
vid_000150_frame0000029.jpg,99.03684489,68.38164158,30597.23659
vid_000150_frame0000030.jpg,100.6306814,70.69023257,34962.7044
vid_000150_frame0000039.jpg,98.48474121,67.89596993,30557.77724
vid_000150_frame0000040.jpg,98.81434123,68.85512135,33513.508
vid_000150_frame0000041.jpg,98.98343404,69.08479815,33908.03603
vid_000150_frame0000042.jpg,99.1539917,68.8055912,33379.32817
vid_000150_frame0000043.jpg,99.20857747,69.03913981,33575.913
vid_000150_frame0000044.jpg,99.04034932,68.94694052,33370.95859
vid_000150_frame0000045.jpg,99.80548604,68.7040704,32158.15388
vid_000150_frame0000047.jpg,99.51911926,69.90544027,32781.77373
vid_000150_frame0000048.jpg,99.69972738,69.7924369,32026.64252
vid_000150_frame0000049.jpg,98.69853719,68.59959838,29932.49503
vid_000150_frame0000050.jpg,97.8018748,69.17468549,30403.19595
vid_000150_frame0000051.jpg,98.44289653,69.69828759,32690.43572
vid_000150_frame0000052.jpg,97.8413798,69.45749978,32948.7269
vid_000150_frame0000053.jpg,98.57214355,69.6670138,33604.67042
vid_000150_frame0000054.jpg,98.05012004,69.53464368,32488.05221
vid_000150_frame0000055.jpg,97.83357747,69.86185501,33824.65451
vid_000151_frame0000001.jpg,118.2136434,59.72922103,36703.74132
vid_000151_frame0000002.jpg,118.6270955,57.84909676,31228.20249
vid_000151_frame0000003.jpg,117.4895884,58.70644253,32252.30886
vid_000151_frame0000004.jpg,114.8718313,61.81229755,37271.15051
vid_000151_frame0000005.jpg,114.9156392,63.26040483,41453.83769
vid_000151_frame0000006.jpg,114.7416382,61.86317105,37823.95406
vid_000151_frame0000007.jpg,114.5276184,63.22912519,41923.63243
vid_000151_frame0000008.jpg,114.602356,63.27189224,41282.80839
vid_000151_frame0000009.jpg,114.8013611,62.47366146,40108.58873
vid_000151_frame0000010.jpg,114.9469198,63.60979671,43032.84646
vid_000151_frame0000011.jpg,114.9784342,63.32930317,41842.38235
vid_000151_frame0000012.jpg,112.1872508,62.42409117,36595.54282
vid_000151_frame0000013.jpg,107.2440999,57.78477662,24497.82521
vid_000151_frame0000014.jpg,107.4800924,60.27208283,31077.88997
vid_000151_frame0000015.jpg,108.5554759,60.9595324,32642.89949
vid_000151_frame0000016.jpg,109.6933238,60.55014306,30227.39243
vid_000151_frame0000017.jpg,109.3247172,60.17636667,29996.18766
vid_000151_frame0000018.jpg,109.848999,60.97483211,31064.18658
vid_000151_frame0000019.jpg,109.3426412,60.4661853,31142.84253
vid_000151_frame0000020.jpg,109.3617452,60.5848321,31110.35441
vid_000151_frame0000021.jpg,108.4291738,55.82383629,21635.93427
vid_000151_frame0000022.jpg,104.8278351,54.72617491,22716.94338
vid_000151_frame0000023.jpg,108.0546468,54.66341196,22800.8866
vid_000151_frame0000024.jpg,110.7526398,56.9232159,25119.50335
vid_000151_frame0000025.jpg,110.6722768,58.45635057,28837.9304
vid_000151_frame0000026.jpg,110.9365692,57.89437149,26985.13565
vid_000151_frame0000027.jpg,113.3218892,58.19274887,24163.00782
vid_000151_frame0000028.jpg,115.5679525,58.69325727,28123.47614
vid_000151_frame0000029.jpg,116.7061513,59.31592724,29698.03999
vid_000151_frame0000030.jpg,115.4192657,61.60500044,36194.02331
vid_000151_frame0000031.jpg,115.337031,61.53170151,35856.93357
vid_000152_frame0000007.jpg,67.54082235,55.64634122,21468.802
vid_000152_frame0000008.jpg,68.94066366,55.42398069,21550.42887
vid_000152_frame0000009.jpg,70.65006002,54.15773045,20228.86186
vid_000152_frame0000010.jpg,72.8781484,55.17261075,21624.79167
vid_000152_frame0000011.jpg,76.1186676,55.23801613,22206.52472
vid_000152_frame0000012.jpg,78.50333659,54.75680271,22446.68593
vid_000152_frame0000013.jpg,80.17347717,53.54376029,21116.04872
vid_000152_frame0000014.jpg,79.20226542,52.11844407,20721.83588
vid_000152_frame0000015.jpg,79.44055176,51.92054788,20662.23717
vid_000152_frame0000016.jpg,79.38910929,51.92665857,20473.28777
vid_000152_frame0000017.jpg,79.92883301,51.68645928,20684.57007
vid_000152_frame0000018.jpg,78.92398071,52.01095171,20700.84917
vid_000152_frame0000019.jpg,78.71813456,52.22224406,20882.55778
vid_000152_frame0000020.jpg,77.10383097,52.6161151,21137.4524
vid_000152_frame0000021.jpg,76.54278564,52.62928853,20877.01749
vid_000152_frame0000022.jpg,75.92836507,52.77190134,21268.65496
vid_000152_frame0000023.jpg,75.37623596,52.64510405,20950.37997
vid_000152_frame0000024.jpg,74.28166199,52.85207445,20920.75237
vid_000152_frame0000025.jpg,73.16608683,52.88094228,19951.40559
vid_000152_frame0000029.jpg,78.15940857,27.90494962,7582.605811
vid_000153_frame0000003.jpg,81.52274068,28.49170357,7425.558385
vid_000153_frame0000004.jpg,81.42286174,28.07127719,7398.621939
vid_000153_frame0000005.jpg,80.45860799,28.35475395,7284.829463
vid_000153_frame0000006.jpg,79.59132385,28.80526599,7812.101462
vid_000153_frame0000007.jpg,80.25607808,28.53812096,7602.805706
vid_000153_frame0000008.jpg,79.62364197,30.35032511,8147.846895
vid_000153_frame0000009.jpg,79.8214976,29.99162281,7796.398132
vid_000153_frame0000010.jpg,78.81108093,29.90610288,8135.607073
vid_000153_frame0000011.jpg,79.66674805,31.28852178,7646.550445
vid_000153_frame0000012.jpg,79.12939962,29.52373769,7322.480083
vid_000154_frame0000002.jpg,79.50963338,28.68882189,7463.480498
vid_000154_frame0000003.jpg,78.63032023,28.64302492,7590.85271
vid_000154_frame0000004.jpg,79.38753255,27.80307157,7976.038278
vid_000154_frame0000005.jpg,81.22794088,27.03856531,7331.45383
vid_000154_frame0000009.jpg,83.18730672,29.63146132,7449.906993
vid_000155_frame0000001.jpg,99.85584513,71.02040911,13401.83848
vid_000155_frame0000002.jpg,99.39343262,71.26901485,13281.25149
vid_000155_frame0000003.jpg,99.69390869,71.54866984,13230.64522
vid_000155_frame0000004.jpg,99.35698446,71.62442163,13360.50258
vid_000155_frame0000005.jpg,100.0686391,71.71047479,13325.01111
vid_000155_frame0000006.jpg,100.0389862,71.76857937,13664.96131
vid_000155_frame0000007.jpg,99.99482218,71.76898292,13765.6329
vid_000155_frame0000008.jpg,99.63150024,71.57655814,13667.981
vid_000155_frame0000009.jpg,99.80152893,71.58388027,13235.54915
vid_000155_frame0000010.jpg,99.36910502,71.50434558,13413.75302
vid_000155_frame0000011.jpg,99.4765625,71.61438698,13191.20731
vid_000155_frame0000012.jpg,99.31627401,71.61692634,13319.72038
vid_000155_frame0000013.jpg,99.80426025,71.94648446,13622.34451
vid_000155_frame0000014.jpg,100.176239,71.87120593,13823.80586
vid_000155_frame0000015.jpg,100.2745107,71.81972057,13387.07134
vid_000155_frame0000016.jpg,99.71381632,71.50346098,13107.01547
vid_000155_frame0000017.jpg,99.70111593,71.09286478,12759.95047
vid_000155_frame0000018.jpg,99.28492228,70.75397232,12582.0908
vid_000155_frame0000019.jpg,99.38624573,70.86029025,12595.68598
vid_000155_frame0000020.jpg,99.3757019,71.29374601,13115.19595
vid_000155_frame0000021.jpg,99.42812093,71.44594005,13174.89235
vid_000155_frame0000022.jpg,99.2959137,71.51582738,13280.45421
vid_000155_frame0000023.jpg,99.55857849,71.56241895,13302.39637
vid_000155_frame0000024.jpg,99.29441325,71.30408975,13287.69133
vid_000155_frame0000025.jpg,99.22324626,71.35055165,13036.56407
vid_000155_frame0000026.jpg,99.30172221,71.22756246,12970.48492
vid_000155_frame0000027.jpg,99.43722534,71.30096858,12929.95706
vid_000155_frame0000028.jpg,99.38333639,70.99201906,13307.30362
vid_000155_frame0000029.jpg,99.57051595,71.44711206,13551.11835
vid_000155_frame0000030.jpg,99.7000529,71.90332158,14205.56309
vid_000155_frame0000031.jpg,99.57835388,71.61467082,13753.06096
vid_000155_frame0000032.jpg,99.29118856,71.7569619,13515.7914
vid_000155_frame0000033.jpg,99.54637655,71.76091699,13547.82989
vid_000155_frame0000034.jpg,99.71544393,71.56429085,13764.26574
vid_000155_frame0000035.jpg,100.7759755,71.47827394,13578.30421
vid_000155_frame0000044.jpg,103.4091034,75.39579401,23361.88178
vid_000155_frame0000045.jpg,105.1324005,75.78207126,23795.99095
vid_000155_frame0000046.jpg,105.2623494,75.3309283,24017.2064
vid_000155_frame0000047.jpg,105.5793864,75.41968915,24362.4281
vid_000155_frame0000048.jpg,105.9061635,75.41564547,24070.57353
vid_000155_frame0000049.jpg,106.0549825,75.40073448,23714.30181
vid_000155_frame0000050.jpg,106.1677755,75.68328369,24237.83467
vid_000155_frame0000051.jpg,107.2331848,75.05854138,23078.46319
vid_000155_frame0000052.jpg,108.1243998,74.913612,23126.31977
vid_000155_frame0000053.jpg,113.1174418,75.0448366,20236.75418
vid_000155_frame0000054.jpg,110.8720194,74.75798394,21253.94035
vid_000155_frame0000055.jpg,104.5955963,74.03885996,20718.48877
vid_000155_frame0000056.jpg,92.05303955,66.65993764,10574.90425
vid_000155_frame0000057.jpg,86.15988668,60.22782542,12079.51756
vid_000155_frame0000058.jpg,108.7777863,69.4351612,21011.36891
vid_000155_frame0000059.jpg,112.6106618,70.35284029,21784.83156
vid_000155_frame0000060.jpg,112.7946167,68.69099425,20752.00559
vid_000156_frame0000001.jpg,149.1918589,51.43909761,8710.751022
vid_000156_frame0000002.jpg,149.3775177,51.38696449,8458.722931
vid_000156_frame0000003.jpg,149.8694967,51.76619908,8569.497538
vid_000156_frame0000004.jpg,149.5875193,51.76763704,8626.561459
vid_000156_frame0000005.jpg,149.6930084,51.90541238,8635.87878
vid_000156_frame0000006.jpg,149.356959,51.72258693,8591.492095
vid_000156_frame0000007.jpg,149.2486318,51.77780968,8565.645013
vid_000156_frame0000008.jpg,149.0941823,51.96980686,8745.832027
vid_000156_frame0000009.jpg,149.5295868,51.45927394,8558.495937
vid_000156_frame0000010.jpg,149.5094554,51.77878989,8594.849264
vid_000156_frame0000011.jpg,149.624054,51.69996779,8530.587495
vid_000156_frame0000012.jpg,148.6126506,51.84523871,8761.667669
vid_000156_frame0000013.jpg,148.5452423,51.69871113,8579.462654
vid_000156_frame0000014.jpg,148.2037455,51.55626079,8798.524063
vid_000156_frame0000015.jpg,147.5815074,51.41125921,8848.109846
vid_000156_frame0000016.jpg,147.2751973,51.29897761,8895.665657
vid_000156_frame0000017.jpg,147.2013804,51.34616647,8739.074889
vid_000156_frame0000018.jpg,147.2053731,51.18283505,8755.574446
vid_000156_frame0000019.jpg,147.1502482,51.37309682,8779.542897
vid_000156_frame0000020.jpg,147.2052307,51.35263552,8992.400988
vid_000156_frame0000029.jpg,149.651886,51.71878965,8659.771747
vid_000156_frame0000030.jpg,150.3207448,51.82142349,8629.219838
vid_000156_frame0000031.jpg,149.2905324,51.62761334,8528.794854
vid_000156_frame0000032.jpg,148.97995,51.72242948,8604.006788
vid_000157_frame0000001.jpg,152.6527761,44.42571073,8734.882064
vid_000157_frame0000002.jpg,152.9843801,44.44435458,8032.834814
vid_000157_frame0000003.jpg,152.8260956,44.20006892,8136.954381
vid_000157_frame0000004.jpg,152.7388713,44.28840948,8603.749239
vid_000157_frame0000005.jpg,152.8978882,44.00230344,7916.816974
vid_000157_frame0000006.jpg,152.573054,44.39537091,8529.27847
vid_000157_frame0000007.jpg,153.0375417,44.4050724,8155.509179
vid_000157_frame0000008.jpg,152.2761892,44.63298604,8546.079552
vid_000157_frame0000009.jpg,153.0166016,44.76947131,7948.857957
vid_000157_frame0000010.jpg,152.2757568,44.85538351,8700.541373
vid_000157_frame0000011.jpg,152.271047,44.76624138,8140.649797
vid_000157_frame0000012.jpg,152.1206512,44.61919695,8408.594949
vid_000157_frame0000013.jpg,152.0382233,44.56773575,8063.934007
vid_000157_frame0000014.jpg,151.5422719,44.67204833,8608.500533
vid_000157_frame0000015.jpg,151.5662689,44.52179659,8160.014062
vid_000157_frame0000016.jpg,151.5767212,44.74015093,8775.573931
vid_000157_frame0000017.jpg,151.521169,44.90496998,8239.350532
vid_000157_frame0000018.jpg,151.1130168,44.8537431,8974.199888
vid_000157_frame0000019.jpg,153.5302633,44.10870919,8122.388305
vid_000157_frame0000020.jpg,157.1862437,43.32517228,8314.239078
vid_000157_frame0000021.jpg,162.6528676,42.72884457,8390.258296
vid_000157_frame0000022.jpg,166.248998,42.9195306,8197.853975
vid_000157_frame0000023.jpg,172.2492218,43.42907799,8356.879702
vid_000157_frame0000024.jpg,183.5767721,40.58293027,7892.830801
vid_000157_frame0000025.jpg,175.0232646,37.84903038,7934.211863
vid_000157_frame0000026.jpg,150.0581156,35.39933581,9766.783329
vid_000157_frame0000027.jpg,146.3704987,35.75172678,9572.788464
vid_000157_frame0000028.jpg,143.7480774,36.67768581,9675.094541
vid_000157_frame0000029.jpg,144.6570435,36.75609866,8822.887825
vid_000157_frame0000030.jpg,143.5004222,36.55150951,9178.754335
vid_000157_frame0000031.jpg,144.9883779,36.82196199,9091.281285
vid_000157_frame0000032.jpg,143.8029989,36.90206028,9246.639623
vid_000157_frame0000033.jpg,143.7485962,37.02030907,9139.147398
vid_000158_frame0000001.jpg,143.9541219,41.48958204,8621.441539
vid_000158_frame0000002.jpg,146.2644043,41.83672708,8169.160307
vid_000158_frame0000003.jpg,145.3647919,41.91376154,8282.468822
vid_000158_frame0000004.jpg,144.1522624,41.42053544,8346.944546
vid_000158_frame0000005.jpg,145.723704,41.71762304,8244.595037
vid_000158_frame0000006.jpg,145.1803945,41.62258864,8205.248984
vid_000158_frame0000007.jpg,145.5007426,41.72341712,8504.77174
vid_000158_frame0000008.jpg,144.3137258,41.93044711,8852.277248
vid_000158_frame0000009.jpg,146.3770091,41.66070998,8463.220221
vid_000158_frame0000010.jpg,145.4659373,41.71953562,8763.560322
vid_000158_frame0000011.jpg,145.9037882,41.54216772,8605.165723
vid_000158_frame0000012.jpg,145.9965007,41.54242199,8576.275353
vid_000158_frame0000013.jpg,146.7891744,41.53984243,8601.644135
vid_000158_frame0000014.jpg,146.4161275,41.71181613,8759.54754
vid_000158_frame0000015.jpg,147.5457357,41.7414339,8480.096874
vid_000158_frame0000016.jpg,147.8664195,42.07852261,8592.383023
vid_000158_frame0000017.jpg,148.6448619,42.25615954,8626.858758
vid_000158_frame0000018.jpg,147.7037608,42.34566964,8894.518655
vid_000158_frame0000019.jpg,149.0542959,42.1684492,8643.074622
vid_000158_frame0000020.jpg,148.1649475,42.21864933,9104.525091
vid_000158_frame0000021.jpg,148.6115926,42.25397286,8910.077296
vid_000158_frame0000022.jpg,148.2534688,42.13305651,9049.372359
vid_000158_frame0000023.jpg,148.3905538,41.94110974,8999.118044
vid_000158_frame0000024.jpg,148.4817098,42.11110271,9188.212025
vid_000158_frame0000025.jpg,148.8616384,42.19972655,8891.316506
vid_000158_frame0000026.jpg,149.291748,42.16953016,8702.710468
vid_000158_frame0000027.jpg,149.1039836,42.32995721,8774.497685
vid_000158_frame0000028.jpg,148.7023468,42.26446322,8888.806411
vid_000158_frame0000029.jpg,149.3935038,42.62210483,8844.91973
vid_000158_frame0000030.jpg,149.149058,42.41410194,9040.256108
vid_000158_frame0000031.jpg,149.5805969,42.262728,8872.383623
vid_000158_frame0000032.jpg,149.0535278,42.10999238,9026.647078
vid_000158_frame0000033.jpg,149.5996399,42.01833997,8918.504931
vid_000158_frame0000034.jpg,149.3583934,42.15702986,8896.411568
vid_000158_frame0000035.jpg,150.2586873,42.28720021,8838.265241
vid_000158_frame0000036.jpg,150.4790497,42.28147782,8627.325967
vid_000158_frame0000037.jpg,149.7099406,42.30809866,8998.492546
vid_000158_frame0000038.jpg,149.7803243,42.42433415,8935.596191
vid_000158_frame0000039.jpg,149.6902974,42.21797765,8885.979247
vid_000158_frame0000040.jpg,149.58579,42.11656163,8886.019228
vid_000158_frame0000041.jpg,149.6485596,42.1960458,8982.209366
vid_000158_frame0000042.jpg,149.6970825,42.08150345,8894.568014
vid_000158_frame0000043.jpg,149.3290202,41.94001024,9023.340282
vid_000158_frame0000044.jpg,150.1240234,41.85806134,8801.231649
vid_000158_frame0000045.jpg,150.1828613,41.81329821,8887.23828
vid_000158_frame0000046.jpg,150.3105011,42.16625139,8739.883977
vid_000158_frame0000047.jpg,150.0144857,41.87169223,8750.501763
vid_000158_frame0000048.jpg,150.2824504,41.96535037,8851.606624
vid_000158_frame0000049.jpg,150.5458628,41.81994693,8795.843326
vid_000158_frame0000050.jpg,150.2565409,41.76957847,9047.874299
vid_000158_frame0000051.jpg,150.710734,41.73868777,8810.362782
vid_000158_frame0000052.jpg,150.7295176,42.16657196,8977.744005
vid_000158_frame0000053.jpg,150.1974742,42.05059468,8962.0274
vid_000158_frame0000054.jpg,150.5508881,42.25719328,8942.334747
vid_000158_frame0000055.jpg,150.3617147,42.15339564,8976.480426
vid_000158_frame0000056.jpg,150.9222209,42.01686343,8617.503229
vid_000158_frame0000057.jpg,150.0503693,41.79965967,8906.453933
vid_000158_frame0000058.jpg,150.2330271,42.17962111,8820.897158
vid_000158_frame0000059.jpg,150.4619191,41.93930202,8648.610196
vid_000158_frame0000060.jpg,150.4010468,42.09280526,8856.629357
vid_000158_frame0000061.jpg,150.5750224,42.14818658,8833.008765
vid_000158_frame0000062.jpg,150.3066661,42.11169074,8916.19414
vid_000158_frame0000063.jpg,149.9221903,41.99220105,8911.110488
vid_000158_frame0000064.jpg,150.0092163,41.98250405,8698.090434
vid_000158_frame0000065.jpg,150.4563599,41.77403701,8536.166625
vid_000158_frame0000066.jpg,150.3463236,41.57189944,8381.299729
vid_000158_frame0000067.jpg,150.3864136,41.50830996,8449.972736
vid_000158_frame0000068.jpg,150.6020101,41.64740848,8340.059976
vid_000158_frame0000069.jpg,150.6232045,41.43893423,8348.639759
vid_000158_frame0000070.jpg,150.5430298,41.03250471,8273.067721
vid_000158_frame0000071.jpg,149.9562887,40.92312103,8213.380483
vid_000158_frame0000072.jpg,151.0921834,40.6420991,7769.829638
vid_000158_frame0000073.jpg,150.5659892,40.10192359,7776.195994
vid_000158_frame0000074.jpg,152.0490621,39.68211231,7444.236862
vid_000158_frame0000075.jpg,151.1702881,39.53005937,7451.527835
vid_000158_frame0000076.jpg,152.7426707,39.69113579,7060.02172
vid_000158_frame0000077.jpg,151.7120667,39.89161048,7439.519913
vid_000158_frame0000078.jpg,152.338618,39.82940456,7239.392909
vid_000158_frame0000079.jpg,152.4200439,39.77660953,7193.078989
vid_000158_frame0000080.jpg,152.0433553,39.34021167,7063.757756
vid_000158_frame0000081.jpg,151.3562012,39.45792144,7187.911071
vid_000158_frame0000082.jpg,152.6260681,39.42526626,6861.429824
vid_000158_frame0000083.jpg,151.6430054,39.07756098,6965.772425
vid_000158_frame0000084.jpg,152.5105387,39.1821793,6708.531247
vid_000158_frame0000085.jpg,152.075292,39.15124363,6952.243839
vid_000158_frame0000086.jpg,152.9810486,39.41447618,6631.366737
vid_000158_frame0000087.jpg,151.7352753,38.56029112,6485.437659
vid_000158_frame0000088.jpg,152.3606873,38.08943121,6183.126928
vid_000158_frame0000089.jpg,152.3775177,38.45993801,6150.594158
vid_000158_frame0000090.jpg,151.331604,38.60919549,6137.229601
vid_000158_frame0000091.jpg,151.646581,39.25911545,6286.360543
vid_000158_frame0000092.jpg,151.5266317,39.15290843,6187.068513
vid_000158_frame0000093.jpg,149.7138214,39.78128472,6288.239967
vid_000158_frame0000094.jpg,150.5236308,41.24022904,6240.974689
vid_000158_frame0000095.jpg,149.5375519,41.80812463,6361.259899
vid_000158_frame0000096.jpg,150.2359314,42.42944883,6221.976844
vid_000158_frame0000097.jpg,148.4850515,42.31610005,6387.838803
vid_000158_frame0000098.jpg,148.5203654,42.31701753,6231.93225
vid_000158_frame0000099.jpg,149.046107,43.07511888,6177.567791
vid_000158_frame0000100.jpg,148.7639821,43.18013517,6436.480289
vid_000158_frame0000101.jpg,147.7529399,43.24855838,6524.915063
vid_000158_frame0000102.jpg,148.1215668,42.76137039,6213.198235
vid_000158_frame0000103.jpg,147.4444326,42.54221135,6422.992464
vid_000158_frame0000104.jpg,147.0546366,42.17469032,6458.686279
vid_000158_frame0000105.jpg,146.9317983,42.12525286,6543.963133
vid_000158_frame0000106.jpg,147.3834991,42.18749563,6392.278192
vid_000158_frame0000107.jpg,149.3078664,41.99395673,6727.099734
vid_000158_frame0000108.jpg,150.7119548,41.70863162,6445.384184
vid_000158_frame0000109.jpg,150.689443,41.35369232,6426.787202
vid_000158_frame0000110.jpg,150.9365896,41.28783767,6440.316717
vid_000158_frame0000111.jpg,150.8379211,41.33998993,6518.711945
vid_000158_frame0000112.jpg,151.6064606,41.0105515,6596.399493
vid_000158_frame0000113.jpg,150.9586589,40.56932282,6641.102017
vid_000158_frame0000114.jpg,152.4062551,40.60098337,6428.907581
vid_000158_frame0000115.jpg,152.5972239,40.1715982,6444.630018
vid_000158_frame0000116.jpg,152.5427704,39.90706662,6440.744757
vid_000158_frame0000117.jpg,152.3094381,39.84713772,6525.262875
vid_000158_frame0000118.jpg,152.3987732,39.37972464,6477.939742
vid_000158_frame0000119.jpg,151.7207489,39.39492234,6524.987607
vid_000158_frame0000120.jpg,152.763972,39.46149729,6484.918772
vid_000158_frame0000121.jpg,152.4103699,39.22273299,6528.221076
vid_000158_frame0000122.jpg,153.0519765,39.42648272,6530.673842
vid_000158_frame0000123.jpg,152.7602081,39.68357677,6741.552227
vid_000158_frame0000124.jpg,152.9875387,39.8545868,6696.376003
vid_000159_frame0000001.jpg,132.2845306,51.05702702,6490.595283
vid_000159_frame0000002.jpg,133.3830617,51.28242836,5998.528745
vid_000159_frame0000003.jpg,132.9549967,51.08564348,6123.866962
vid_000159_frame0000004.jpg,133.0220591,51.10498786,6254.729961
vid_000159_frame0000005.jpg,133.2513987,51.01275042,6047.288821
vid_000159_frame0000006.jpg,133.0255381,51.33447027,6149.754591
vid_000159_frame0000007.jpg,133.848231,50.96509471,6106.313976
vid_000159_frame0000008.jpg,133.0926514,50.90837734,6280.539048
vid_000159_frame0000009.jpg,133.1316732,51.23440197,5890.671881
vid_000159_frame0000010.jpg,133.5552521,50.9647886,6262.66239
vid_000159_frame0000011.jpg,133.9991811,51.21189667,6067.755426
vid_000159_frame0000012.jpg,133.5730031,50.9379128,6289.181204
vid_000159_frame0000013.jpg,133.6722056,51.40317802,6284.629103
vid_000159_frame0000014.jpg,133.5061747,51.25162135,6430.312987
vid_000159_frame0000015.jpg,133.449763,51.20468125,6458.22004
vid_000159_frame0000016.jpg,133.1232503,51.08978364,6508.32363
vid_000159_frame0000017.jpg,133.0711517,51.24969957,6461.713404
vid_000159_frame0000018.jpg,132.9679972,51.30747285,6411.271594
vid_000159_frame0000020.jpg,132.9680227,51.43958064,6604.953777
vid_000159_frame0000025.jpg,133.5541433,50.77281729,6425.740837
vid_000159_frame0000026.jpg,133.5089162,51.08624845,6535.543417
vid_000159_frame0000027.jpg,133.3086294,51.42943836,6440.932008
vid_000159_frame0000028.jpg,133.0684916,51.35778776,6617.614746
vid_000159_frame0000029.jpg,133.4491221,51.76415169,6314.080664
vid_000159_frame0000030.jpg,132.6098735,51.32530307,6594.232885
vid_000160_frame0000001.jpg,153.365804,36.27974134,8508.303819
vid_000160_frame0000002.jpg,154.3462524,36.0904376,7658.848667
vid_000160_frame0000003.jpg,154.0284831,35.9797667,7538.020537
vid_000160_frame0000004.jpg,154.5455119,36.83844815,8049.740944
vid_000160_frame0000005.jpg,154.3300374,37.02735622,7742.950978
vid_000160_frame0000006.jpg,153.7474874,37.69886815,7916.738313
vid_000160_frame0000007.jpg,152.7292735,37.88073493,8128.246382
vid_000160_frame0000008.jpg,152.3779449,38.26017284,8492.129494
vid_000160_frame0000009.jpg,153.8628794,38.63328201,8012.992992
vid_000160_frame0000010.jpg,152.2278951,38.99359684,8845.944854
vid_000160_frame0000011.jpg,152.0463969,39.08906328,8676.379408
vid_000160_frame0000012.jpg,144.5069682,39.62538896,8902.429318
vid_000160_frame0000013.jpg,137.0725352,42.63013813,8326.927544
vid_000160_frame0000014.jpg,137.3352865,36.70747014,8666.710905
vid_000160_frame0000015.jpg,151.8138021,37.59812247,8570.396369
vid_000160_frame0000016.jpg,152.4445903,37.79700448,8155.062278
vid_000160_frame0000018.jpg,152.1067708,37.80347639,8380.274107
vid_000160_frame0000019.jpg,153.13591,38.18090719,7648.197526
vid_000160_frame0000020.jpg,151.3849335,37.70802428,8553.136467
vid_000161_frame0000007.jpg,138.698171,29.69222575,8105.416497
vid_000161_frame0000008.jpg,138.5000712,31.05414128,7992.788069
vid_000161_frame0000009.jpg,140.1719462,32.02211976,7718.029408
vid_000161_frame0000010.jpg,137.6799367,36.03787375,9170.3539
vid_000161_frame0000011.jpg,140.6742045,37.01932904,9183.074763
vid_000161_frame0000012.jpg,137.4735158,37.99358395,9624.438987
vid_000161_frame0000013.jpg,132.2768809,37.14640138,9459.875246
vid_000161_frame0000014.jpg,136.2269694,42.35650692,8083.20391
vid_000161_frame0000015.jpg,149.5125682,55.38973525,10181.30476
vid_000161_frame0000016.jpg,125.6431529,37.51146451,7407.795506
vid_000161_frame0000017.jpg,114.2190094,28.68266134,8449.121174
vid_000162_frame0000001.jpg,100.82459,70.26419462,12007.6624
vid_000162_frame0000002.jpg,101.01592,70.06902703,11156.60734
vid_000162_frame0000003.jpg,99.89749146,70.00690339,11286.67058
vid_000162_frame0000004.jpg,83.45691427,60.34671556,8363.705117
vid_000162_frame0000005.jpg,71.08518473,35.74478469,9296.805007
vid_000162_frame0000006.jpg,127.2373199,38.1523898,11500.00949
vid_000162_frame0000007.jpg,140.5043589,39.0488307,11555.56557
vid_000162_frame0000008.jpg,140.3900909,38.56504334,12192.17005
vid_000162_frame0000009.jpg,140.5465851,37.46087323,10666.21047
vid_000162_frame0000010.jpg,139.7113851,35.16894916,9179.22799
vid_000162_frame0000011.jpg,140.3401947,34.61903222,9709.150714
vid_000162_frame0000012.jpg,139.49587,33.18666555,8393.318929
vid_000162_frame0000013.jpg,139.5876109,32.72186398,8006.573246
vid_000162_frame0000014.jpg,146.1147868,36.15527015,8064.365099
vid_000162_frame0000015.jpg,137.4572296,31.32712588,7737.709734
vid_000162_frame0000016.jpg,139.2905375,30.07443632,7501.628374
vid_000162_frame0000017.jpg,140.256546,30.33287471,7536.147512
vid_000162_frame0000018.jpg,139.8917033,31.0416646,7511.567638
vid_000162_frame0000019.jpg,130.9079437,29.78939501,7779.989558
vid_000162_frame0000020.jpg,138.1201731,33.82933066,7976.030898
vid_000162_frame0000021.jpg,144.41863,32.98657063,7544.923679
vid_000162_frame0000022.jpg,142.4571075,32.55729846,7512.090514
vid_000162_frame0000023.jpg,138.9999339,32.90665473,7793.52319
vid_000162_frame0000024.jpg,137.1631622,35.22220498,8069.544876
vid_000162_frame0000025.jpg,136.6449941,32.41088878,7609.130967
vid_000162_frame0000026.jpg,141.8014272,31.08013538,7562.182239
vid_000162_frame0000027.jpg,143.1455943,32.27850323,7447.969127
vid_000162_frame0000028.jpg,141.1194356,33.43573981,7778.446645
vid_000162_frame0000029.jpg,147.302063,47.46754761,8888.023937
vid_000162_frame0000030.jpg,136.1225942,48.61281362,8822.105075
vid_000162_frame0000031.jpg,126.2495473,49.96154066,8305.034426
vid_000162_frame0000032.jpg,126.1813507,51.08718535,8861.043756
vid_000162_frame0000033.jpg,128.0935618,50.56618229,8467.59993
vid_000162_frame0000034.jpg,126.485672,49.98056627,8628.108441
vid_000162_frame0000035.jpg,127.2580261,49.81707936,8503.969216
vid_000162_frame0000036.jpg,127.351532,49.38473707,8473.302249
vid_000162_frame0000037.jpg,127.0250854,49.83650486,8527.884663
vid_000162_frame0000038.jpg,127.195694,50.93148768,8676.236075
vid_000162_frame0000039.jpg,126.2453664,50.90115733,8775.075963
vid_000162_frame0000040.jpg,126.0911764,51.51654101,9048.158944
vid_000162_frame0000041.jpg,126.9404449,50.39221905,8736.776884
vid_000162_frame0000042.jpg,125.5984039,50.77674731,8730.137826
vid_000162_frame0000043.jpg,125.5187174,50.97606856,8564.181122
vid_000162_frame0000044.jpg,125.7219289,51.32929996,8715.255831
vid_000162_frame0000045.jpg,125.5125427,51.32191669,8848.634322
vid_000162_frame0000046.jpg,125.7240041,50.95062931,8481.062886
vid_000162_frame0000047.jpg,124.2627818,51.55003994,8698.363482
vid_000163_frame0000009.jpg,133.6660716,29.72332898,9181.885484
vid_000163_frame0000010.jpg,133.334081,31.53789453,10334.73299
vid_000163_frame0000011.jpg,132.3454183,31.55759086,10590.81887
vid_000163_frame0000012.jpg,133.4961344,32.20498655,10536.09932
vid_000164_frame0000010.jpg,156.2533112,42.82888621,10807.58083
vid_000164_frame0000011.jpg,156.7620697,42.93828542,10935.98451
vid_000164_frame0000012.jpg,157.294342,43.43613457,10972.00302
vid_000164_frame0000013.jpg,156.3874766,43.7067716,11509.12448
vid_000164_frame0000014.jpg,155.9483897,44.47232826,12386.61136
vid_000164_frame0000015.jpg,155.9980469,44.72742319,12493.14173
vid_000164_frame0000016.jpg,156.1849721,45.11247518,12813.23898
vid_000164_frame0000017.jpg,156.1640472,45.20833056,12884.50002
vid_000164_frame0000018.jpg,155.2621969,46.21781765,14239.19261
vid_000164_frame0000019.jpg,156.0383606,45.38219646,12428.26861
vid_000164_frame0000020.jpg,155.0239105,46.4243104,13997.0006
vid_000164_frame0000021.jpg,155.5487773,46.04248232,12999.4674
vid_000164_frame0000022.jpg,155.0205078,45.60850054,13033.17547
vid_000164_frame0000023.jpg,155.5856883,45.16121479,12401.32712
vid_000165_frame0000013.jpg,156.3557078,41.44214213,11768.67296
vid_000165_frame0000014.jpg,155.3201548,41.55891709,12081.73717
vid_000165_frame0000015.jpg,156.6141713,42.04476113,11873.79941
vid_000166_frame0000007.jpg,163.6466471,42.04523163,12540.92083
vid_000166_frame0000008.jpg,162.282547,42.19117625,12825.16552
vid_000166_frame0000009.jpg,163.1279449,41.72090878,11778.21673
vid_000166_frame0000010.jpg,161.552475,42.13740724,12958.75258
vid_000168_frame0000003.jpg,123.4194946,31.78324513,7329.637794
vid_000168_frame0000004.jpg,130.212026,31.51771891,8315.311025
vid_000168_frame0000005.jpg,130.7595317,31.19889271,8467.501534
vid_000168_frame0000006.jpg,128.3864594,30.55620424,8780.992937
vid_000168_frame0000007.jpg,125.6519063,27.62863307,8296.512483
vid_000168_frame0000009.jpg,132.1463979,28.63708234,8047.21521
vid_000168_frame0000010.jpg,141.3126322,38.91604549,15499.17022
vid_000168_frame0000011.jpg,137.1544342,42.8644634,19213.69822
vid_000168_frame0000012.jpg,135.1447093,43.12386514,19320.21004
vid_000168_frame0000013.jpg,135.5658569,42.91472452,19850.30021
vid_000168_frame0000014.jpg,137.0821025,53.60393872,21369.66082
vid_000169_frame0000003.jpg,93.13732402,63.10198129,8324.150821
vid_000169_frame0000004.jpg,90.47581482,61.32539625,8220.119374
vid_000169_frame0000005.jpg,86.65235901,58.81471167,8864.344175
vid_000169_frame0000006.jpg,82.939092,56.51569464,9624.72839
vid_000169_frame0000007.jpg,83.55494181,56.4497643,9514.586003
vid_000169_frame0000008.jpg,83.55936686,56.69303731,9725.197693
vid_000169_frame0000009.jpg,85.01602681,57.2472651,9514.082119
vid_000169_frame0000010.jpg,86.29901123,58.6443782,9807.620953
vid_000169_frame0000011.jpg,87.38567607,58.81788833,9220.514969
vid_000170_frame0000006.jpg,132.5092773,39.68769846,7204.535257
vid_000170_frame0000007.jpg,132.4653168,39.02966129,7598.972119
vid_000170_frame0000008.jpg,126.460907,38.85347392,7913.174704
vid_000170_frame0000009.jpg,121.851944,36.78030919,7115.92909
vid_000170_frame0000010.jpg,120.391098,36.86753201,8022.199986
vid_000170_frame0000011.jpg,121.2343394,36.86790243,7672.82659
vid_000170_frame0000012.jpg,120.9427795,36.2916202,8119.185677
vid_000170_frame0000013.jpg,118.698644,35.25452295,8131.36996
vid_000171_frame0000001.jpg,74.15350342,54.8327086,10388.85019
vid_000171_frame0000002.jpg,74.29811096,54.60246833,9828.790855
vid_000171_frame0000003.jpg,74.13139343,54.66993387,9901.636478
vid_000171_frame0000004.jpg,74.17166138,54.47455875,10104.00365
vid_000171_frame0000005.jpg,73.61866252,53.9267621,10007.31028
vid_000171_frame0000006.jpg,72.70396423,53.28137337,9987.490598
vid_000171_frame0000007.jpg,71.37249247,52.34817143,10345.14761
vid_000171_frame0000008.jpg,70.16005452,51.49999108,10201.55954
vid_000171_frame0000009.jpg,70.97366333,51.47296083,10167.9524
vid_000171_frame0000010.jpg,70.74381002,51.81719083,10781.76651
vid_000171_frame0000011.jpg,71.02244059,51.8475815,10790.41362
vid_000171_frame0000012.jpg,71.63844299,52.39902611,10883.29737
vid_000171_frame0000013.jpg,72.16300456,52.64119555,10615.755
vid_000171_frame0000014.jpg,71.61409505,52.53338165,10706.80069
vid_000171_frame0000015.jpg,71.36898295,52.34282207,10866.90549
vid_000171_frame0000016.jpg,70.09833272,51.55271963,10793.17714
vid_000171_frame0000017.jpg,70.11580912,51.48198931,10418.69333
vid_000171_frame0000018.jpg,70.62397766,51.28754877,10249.75904
vid_000172_frame0000001.jpg,88.30877686,63.56425732,15781.14282
vid_000172_frame0000002.jpg,88.44048564,63.58842234,15580.86549
vid_000172_frame0000003.jpg,88.00083415,63.43701203,15504.53508
vid_000172_frame0000004.jpg,85.92243449,62.98069609,16164.71645
vid_000172_frame0000005.jpg,84.51027425,62.29681529,15978.6694
vid_000172_frame0000006.jpg,83.96650696,61.82849776,15752.44963
vid_000172_frame0000007.jpg,84.61684163,62.26392181,15885.5711
vid_000172_frame0000008.jpg,84.79384359,62.50615066,16139.71408
vid_000172_frame0000009.jpg,84.90196737,62.51253555,16488.11596
vid_000172_frame0000010.jpg,84.7278951,62.58318638,16492.88529
vid_000172_frame0000011.jpg,85.22628784,60.50788977,12831.19669
vid_000172_frame0000012.jpg,87.92767843,60.52915402,13042.83201
vid_000172_frame0000013.jpg,87.82540894,62.68922937,14042.23186
vid_000172_frame0000014.jpg,85.5712382,66.89863473,19176.16248
vid_000172_frame0000015.jpg,82.7315623,65.81535465,18906.5612
vid_000172_frame0000016.jpg,81.64673869,65.28022351,18229.78418
vid_000172_frame0000017.jpg,81.92061869,65.61459538,19293.30317
vid_000172_frame0000018.jpg,81.7051239,65.51640877,19250.43925
vid_000172_frame0000019.jpg,80.26455688,61.23224738,12244.84568
vid_000172_frame0000020.jpg,81.12417603,53.48747294,9927.652051
vid_000172_frame0000021.jpg,88.43851217,57.84243474,10426.27205
vid_000172_frame0000022.jpg,90.0582428,58.43141175,9880.215692
vid_000172_frame0000023.jpg,93.11840312,62.46860143,10858.08012
vid_000172_frame0000024.jpg,90.83987427,62.84963722,12462.47764
vid_000172_frame0000025.jpg,87.52102153,63.75807062,15996.37278
vid_000172_frame0000026.jpg,86.38530986,63.26654133,16617.15573
vid_000172_frame0000027.jpg,86.02582296,63.06259904,16833.22008
vid_000172_frame0000028.jpg,86.1200002,63.17421052,16862.10919
vid_000173_frame0000001.jpg,100.5160777,62.9511403,28711.26801
vid_000173_frame0000002.jpg,100.1954702,62.39516056,27634.8791
vid_000182_frame0000046.jpg,102.2865499,72.76189845,18763.42606
vid_000201_frame0000001.jpg,71.21905518,59.41132523,14858.64446
vid_000201_frame0000003.jpg,79.32606506,64.7511346,13957.79898
vid_000201_frame0000004.jpg,90.00728861,71.2289245,11961.5722
vid_000201_frame0000005.jpg,90.68834432,73.12626805,16135.55401
vid_000201_frame0000006.jpg,90.62369283,72.89612934,15845.50208
vid_000201_frame0000007.jpg,91.41412862,73.29030413,15973.79641
vid_000201_frame0000009.jpg,87.95519511,69.84389908,13270.35035
vid_000201_frame0000010.jpg,85.41508484,71.12680687,13951.69106
vid_000201_frame0000011.jpg,85.67551168,71.27766225,16097.5145
vid_000201_frame0000014.jpg,83.98369853,69.89424591,13456.13755
vid_000201_frame0000015.jpg,81.71797689,69.06551521,16823.50662
vid_000201_frame0000020.jpg,86.40640767,70.47244308,13974.89463
vid_000201_frame0000022.jpg,77.63137309,65.36826014,15163.13156
vid_000201_frame0000024.jpg,78.79486593,66.9128548,15657.21482
vid_000201_frame0000026.jpg,81.43477376,67.42928559,14602.36721
vid_000201_frame0000029.jpg,80.11035156,66.41614968,13236.63124
vid_000202_frame0000011.jpg,172.9739482,31.31194321,5696.777274
vid_000202_frame0000012.jpg,173.6184591,31.33404657,5854.290041
vid_000202_frame0000013.jpg,174.8866577,31.50508345,5917.750377
vid_000202_frame0000014.jpg,173.5968984,31.79685084,6305.787413
vid_000202_frame0000015.jpg,176.5851898,32.98466823,5930.509598
vid_000202_frame0000016.jpg,179.7682648,34.78819689,5368.482676
vid_000202_frame0000018.jpg,177.6810506,36.88244039,6011.997711
vid_000202_frame0000019.jpg,177.2874908,36.21365444,5542.813617
vid_000202_frame0000020.jpg,176.5858002,36.20599758,5774.628171
vid_000202_frame0000021.jpg,177.1006724,36.54500884,5793.667134
vid_000202_frame0000022.jpg,177.0233866,37.54538977,6223.58313
vid_000203_frame0000001.jpg,84.79739889,63.987182,14668.52588
vid_000203_frame0000003.jpg,84.85898336,64.03440835,14707.56147
vid_000203_frame0000004.jpg,82.81322734,62.34447171,13711.81983
vid_000203_frame0000005.jpg,83.75139872,61.00977535,12009.86654
vid_000203_frame0000006.jpg,87.84215291,60.80121786,11296.23545
vid_000203_frame0000008.jpg,84.6696167,60.11530125,12047.05051
vid_000203_frame0000009.jpg,85.6940155,61.11616991,13041.07135
vid_000203_frame0000010.jpg,86.93200684,62.1700397,14417.67761
vid_000203_frame0000011.jpg,88.38819885,63.0145934,13672.44768
vid_000203_frame0000012.jpg,89.02654521,61.63670965,11481.54437
vid_000203_frame0000013.jpg,89.37187703,64.84010118,14653.11294
vid_000203_frame0000015.jpg,89.81555176,63.50721917,12307.265
vid_000203_frame0000016.jpg,90.09218852,64.8996402,14099.25865
vid_000203_frame0000017.jpg,90.41236877,65.42265518,15185.02434
vid_000203_frame0000018.jpg,90.00890096,65.31770752,15667.1697
vid_000203_frame0000019.jpg,90.34804281,65.24489982,15100.04201
vid_000204_frame0000001.jpg,61.95126343,51.03552619,13102.58565
vid_000204_frame0000002.jpg,61.81116231,50.75380138,12786.51714
vid_000204_frame0000003.jpg,64.74335734,52.24895131,12321.67665
vid_000204_frame0000004.jpg,64.37569682,51.07211253,11032.43475
vid_000204_frame0000008.jpg,65.34026591,52.52035068,12714.27084
vid_000204_frame0000010.jpg,65.54790243,52.86814423,13421.55203
vid_000204_frame0000012.jpg,66.79393514,53.54773774,13398.62907
vid_000204_frame0000016.jpg,73.48863729,57.34506167,14085.39556
vid_000204_frame0000020.jpg,74.38918559,57.99896361,14535.41798
vid_000204_frame0000024.jpg,74.25279236,57.90803212,14473.40346
vid_000204_frame0000032.jpg,67.94230143,53.37987189,11610.7145
vid_000205_frame0000009.jpg,92.34474691,67.94344929,14633.16445
vid_000205_frame0000011.jpg,91.80935669,69.02250261,18279.20497
vid_000205_frame0000013.jpg,91.59252421,68.8098369,18257.46845
vid_000205_frame0000015.jpg,91.79428101,68.70503092,17519.52384
vid_000205_frame0000017.jpg,91.65333557,68.66505314,17823.34005
vid_000205_frame0000019.jpg,91.95431519,68.59792958,16940.0205
vid_000205_frame0000021.jpg,91.43648783,67.40949528,14712.33628
vid_000205_frame0000023.jpg,91.48832703,68.85558074,18949.03328
vid_000205_frame0000025.jpg,91.95652262,69.06000171,18659.57443
vid_000205_frame0000027.jpg,91.90439351,69.03884074,18676.41809
vid_000205_frame0000029.jpg,91.897288,69.16924776,19081.72116
vid_000205_frame0000031.jpg,91.57916768,68.86889835,18436.05046
vid_000205_frame0000033.jpg,91.17354838,68.70636871,18988.43093
vid_000205_frame0000035.jpg,91.09881083,68.64792424,18878.1505
vid_000205_frame0000037.jpg,91.05209859,68.71819108,19093.84691
vid_000205_frame0000039.jpg,91.08200582,68.18937063,17461.43945
vid_000205_frame0000041.jpg,91.00150045,68.61611218,19021.05903
vid_000205_frame0000042.jpg,90.98902384,68.70946819,19149.78523
vid_000205_frame0000043.jpg,91.01200358,68.61932019,19117.11613
vid_000205_frame0000044.jpg,90.83539836,68.5153013,19088.8588
vid_000205_frame0000045.jpg,89.36227417,67.71962736,18969.51572
vid_000205_frame0000046.jpg,89.36480713,67.00308443,16965.95456
vid_000205_frame0000047.jpg,89.33175659,66.20874324,14655.2035
vid_000205_frame0000048.jpg,89.5332489,66.25702768,14751.48556
vid_000205_frame0000049.jpg,89.49455261,67.46196032,18384.42508
vid_000205_frame0000050.jpg,86.60875956,63.26527843,13752.98307
vid_000205_frame0000051.jpg,80.02175903,60.56172276,16384.34773
vid_000205_frame0000052.jpg,80.66896057,61.19960614,17427.24977
vid_000206_frame0000003.jpg,52.29972331,47.07484515,11961.58979
vid_000206_frame0000004.jpg,52.497111,47.79924406,13199.88211
vid_000206_frame0000007.jpg,57.00261434,50.60934468,13820.55727
vid_000206_frame0000008.jpg,64.18080139,55.84438747,15684.23817
vid_000206_frame0000009.jpg,70.97931925,60.29219049,17724.76108
vid_000206_frame0000010.jpg,74.54339091,62.75538229,18675.68703
vid_000206_frame0000011.jpg,74.44395955,62.42511418,18263.12211
vid_000206_frame0000013.jpg,69.73902893,60.74677672,19065.81818
vid_000206_frame0000014.jpg,65.65478007,57.73220238,14071.98152
vid_000206_frame0000015.jpg,69.75150045,61.04704005,18342.77944
vid_000206_frame0000016.jpg,70.4956665,61.35381861,17394.50858
vid_000206_frame0000017.jpg,76.81840007,63.80418226,15951.95438
vid_000206_frame0000018.jpg,80.07465108,67.72607222,23467.09548
vid_000206_frame0000021.jpg,73.50369263,61.78103699,20879.08996
vid_000207_frame0000001.jpg,80.34196472,54.98384688,10920.69533
vid_000207_frame0000002.jpg,80.70753479,55.00318807,10625.01942
vid_000207_frame0000003.jpg,80.30605062,54.79441931,10766.42668
vid_000207_frame0000004.jpg,81.35828654,55.52626665,11088.27318
vid_000207_frame0000005.jpg,82.29744466,56.07869647,11189.36527
vid_000207_frame0000006.jpg,81.15016174,55.36030055,11105.80288
vid_000207_frame0000007.jpg,79.84448751,54.54924293,11059.51076
vid_000207_frame0000008.jpg,78.69748942,54.07175792,11408.35231
vid_000207_frame0000009.jpg,79.28880819,54.10595109,10795.54811
vid_000207_frame0000010.jpg,81.12917582,55.55992691,10999.88307
vid_000207_frame0000011.jpg,85.01124573,58.02377122,10918.00069
vid_000207_frame0000012.jpg,87.80082194,60.07670692,11359.13378
vid_000207_frame0000013.jpg,89.70181783,61.33540413,11424.51423
vid_000207_frame0000014.jpg,91.08121745,62.65509764,12024.52337
vid_000207_frame0000015.jpg,92.57346598,63.57294921,12035.22251
vid_000207_frame0000016.jpg,93.86610921,64.3803827,12077.48302
vid_000207_frame0000017.jpg,95.4974467,65.41916134,12475.34386
vid_000207_frame0000018.jpg,94.75961304,64.93554406,12466.73208
vid_000207_frame0000019.jpg,94.49836222,64.27694448,11114.4466
vid_000208_frame0000001.jpg,85.86494954,57.47782635,9954.271595
vid_000208_frame0000002.jpg,86.13111877,58.05709987,10680.70374
vid_000208_frame0000003.jpg,86.99898275,58.60304752,10815.41278
vid_000208_frame0000004.jpg,87.73363241,59.28481631,11055.45687
vid_000208_frame0000005.jpg,88.96412659,60.10027394,11010.51679
vid_000208_frame0000006.jpg,89.31959534,60.17615249,10952.25992
vid_000208_frame0000007.jpg,90.38720703,61.14393264,11346.76674
vid_000208_frame0000008.jpg,91.86908468,62.45343714,11566.80024
vid_000208_frame0000009.jpg,95.3351237,64.76183806,11238.01916
vid_000208_frame0000010.jpg,98.14406331,67.06912096,12382.01201
vid_000208_frame0000011.jpg,101.9390157,69.3975831,12310.04233
vid_000208_frame0000012.jpg,86.77898661,61.14074726,13214.42376
vid_000208_frame0000013.jpg,86.0743866,61.30470887,14013.74524
vid_000208_frame0000014.jpg,87.27135722,62.49457373,14496.53335
vid_000208_frame0000015.jpg,88.83778381,63.55858625,14616.79798
vid_000208_frame0000016.jpg,88.81507365,63.96471388,14940.36942
vid_000208_frame0000017.jpg,87.99337769,63.08156531,14095.36365
vid_000208_frame0000018.jpg,86.66910807,62.02174987,13492.8258
vid_000209_frame0000001.jpg,137.6908417,54.77272579,14437.6273
vid_000209_frame0000002.jpg,137.662735,54.63734983,13859.58869
vid_000209_frame0000003.jpg,138.0090892,54.01014354,13244.78658
vid_000209_frame0000004.jpg,135.9057872,53.38589821,14037.62457
vid_000209_frame0000005.jpg,135.142278,52.31587533,13517.21486
vid_000209_frame0000006.jpg,133.8123169,51.75419467,12700.46865
vid_000209_frame0000007.jpg,140.8895213,52.70634514,13178.8228
vid_000209_frame0000008.jpg,141.6661326,51.97549906,12778.47419
vid_000209_frame0000009.jpg,142.7288971,52.10576257,11998.36564
vid_000209_frame0000010.jpg,143.8047333,53.89317967,13214.15825
vid_000209_frame0000011.jpg,142.7808126,54.06650321,12563.9171
vid_000209_frame0000012.jpg,138.1644033,54.16797128,13366.20066
vid_000209_frame0000013.jpg,138.7996216,55.09410469,13294.02005
vid_000209_frame0000014.jpg,139.0434113,55.6321452,13765.75208
vid_000209_frame0000015.jpg,141.4523875,56.20145087,13325.2776
vid_000209_frame0000016.jpg,141.5294393,55.96167259,13034.26533
vid_000210_frame0000001.jpg,98.35205587,56.42132631,28718.24349
vid_000210_frame0000002.jpg,98.28579712,55.5406758,26250.83725
vid_000210_frame0000003.jpg,97.91467794,54.59774562,24313.82933
vid_000210_frame0000005.jpg,100.6322835,56.26681857,25936.05487
vid_000210_frame0000006.jpg,105.2320302,58.50512421,29376.18707
vid_000210_frame0000007.jpg,105.9326782,60.27512887,31789.12065
vid_000210_frame0000008.jpg,105.6546224,61.51072725,34079.06567
vid_000210_frame0000009.jpg,106.3240306,59.88307444,28701.65325
vid_000210_frame0000010.jpg,105.4103241,63.48663754,34478.08699
vid_000210_frame0000011.jpg,105.1910706,63.23653506,32114.0411
vid_000210_frame0000012.jpg,104.1415812,64.7175832,36049.43636
vid_000210_frame0000013.jpg,103.6621857,64.29012534,33619.64831
vid_000210_frame0000014.jpg,102.3788147,64.86038953,35160.12097
vid_000210_frame0000020.jpg,100.0103811,66.56607146,35830.79014
vid_000210_frame0000025.jpg,102.8432363,68.50714695,36130.80126
vid_000210_frame0000030.jpg,107.7495982,71.39360469,39578.94075
vid_000210_frame0000045.jpg,117.3062541,71.66377477,35791.43425
vid_000210_frame0000048.jpg,116.0220795,79.8933153,52391.98951
vid_000210_frame0000050.jpg,124.464564,79.56849554,50221.33671
vid_000210_frame0000052.jpg,113.3207652,77.82696903,46503.5895
vid_000210_frame0000054.jpg,121.1723785,77.3549451,47883.34843
vid_000210_frame0000064.jpg,107.4228872,72.72474352,39698.53195
vid_000210_frame0000066.jpg,115.6043142,76.56476628,40769.29528
vid_000210_frame0000072.jpg,100.9041595,62.75296841,23551.93319
vid_000210_frame0000074.jpg,96.86240641,60.3236854,25168.80034
vid_000210_frame0000076.jpg,94.18276469,56.86102198,22334.16294
vid_000210_frame0000078.jpg,86.16697184,50.14577427,17986.83397
vid_000210_frame0000084.jpg,81.0450592,46.97184667,16900.54319
vid_000211_frame0000008.jpg,101.5703888,48.37785989,6698.923934
vid_000211_frame0000009.jpg,101.1369934,47.56597838,6538.515347
vid_000211_frame0000010.jpg,101.0888977,47.02037041,6794.212348
vid_000211_frame0000011.jpg,100.5368144,45.57039585,6748.036349
vid_000211_frame0000012.jpg,98.06231181,44.20537745,6821.900726
vid_000211_frame0000013.jpg,95.28582255,42.79318639,6637.261268
vid_000211_frame0000014.jpg,92.41310628,42.17406081,6995.877833
vid_000211_frame0000015.jpg,91.45653788,41.97110909,6846.369481
vid_000211_frame0000016.jpg,91.65175883,42.12529859,7208.138326
vid_000211_frame0000017.jpg,95.06581624,44.50112721,6702.204306
vid_000211_frame0000018.jpg,95.68107096,45.38199815,7178.485022
vid_000211_frame0000019.jpg,98.15370178,46.10139085,6509.745721
vid_000211_frame0000020.jpg,100.7470449,47.70486393,7123.25833
vid_000211_frame0000021.jpg,102.9905955,47.7153385,7033.900426
vid_000211_frame0000022.jpg,103.1656494,47.17140096,7039.65052
vid_000211_frame0000023.jpg,101.0576681,46.67360655,7136.807406
vid_000211_frame0000024.jpg,98.75772603,45.51930474,6680.252327
vid_000212_frame0000006.jpg,101.5661265,49.93669272,6943.601337
vid_000212_frame0000007.jpg,101.1085256,49.45862478,7033.97631
vid_000212_frame0000008.jpg,99.45658366,49.04878429,7228.343309
vid_000212_frame0000009.jpg,96.31599426,47.42691345,7101.694815
vid_000212_frame0000010.jpg,87.6592509,42.9866421,7907.757645
vid_000212_frame0000011.jpg,78.43323771,35.78756026,7384.821395
vid_000212_frame0000013.jpg,81.65813192,37.23397296,7332.801539
vid_000212_frame0000014.jpg,97.41788737,47.68606822,7769.761295
vid_000212_frame0000015.jpg,116.8482615,56.3002136,8439.910188
vid_000212_frame0000016.jpg,120.0728149,58.39087167,8909.133089
vid_000212_frame0000017.jpg,101.478892,50.3766798,7473.124141
vid_000213_frame0000002.jpg,79.22778829,39.42572013,7316.440898
vid_000213_frame0000003.jpg,78.38360596,39.2005405,7257.701743
vid_000213_frame0000004.jpg,77.60888163,38.6180392,7700.831956
vid_000213_frame0000005.jpg,77.86983236,38.30217917,7466.786438
vid_000213_frame0000006.jpg,76.56539408,38.13423588,7876.567906
vid_000213_frame0000007.jpg,76.81818644,37.89252243,7518.069243
vid_000213_frame0000008.jpg,77.04802958,38.58178858,7820.4236
vid_000213_frame0000009.jpg,77.50339762,37.72305325,7268.983197
vid_000213_frame0000010.jpg,77.44008891,38.67617797,7692.006015
vid_000213_frame0000011.jpg,78.4311676,38.27297041,7388.68337
vid_000213_frame0000012.jpg,79.43573507,39.66437847,7780.371108
vid_000213_frame0000013.jpg,78.15198263,38.56579646,7536.93567
vid_000213_frame0000014.jpg,77.4048818,38.82332594,7853.068705
vid_000213_frame0000015.jpg,77.49287415,38.87600494,7815.091787
vid_000213_frame0000016.jpg,77.7096049,39.0345744,7879.629828
vid_000213_frame0000017.jpg,77.87674459,39.48748144,7655.334243
vid_000213_frame0000018.jpg,78.25158691,39.6850763,7773.689386
vid_000214_frame0000005.jpg,75.15988668,66.15847944,24437.1687
vid_000214_frame0000006.jpg,75.20266724,65.78310276,23388.298
vid_000214_frame0000007.jpg,76.0555013,66.34759666,23931.6565
vid_000214_frame0000008.jpg,76.21164958,66.65261487,24361.69955
vid_000214_frame0000009.jpg,75.83297221,65.94187441,22452.81055
vid_000214_frame0000011.jpg,76.05018107,66.21292159,23731.26936
vid_000214_frame0000012.jpg,75.73279317,66.36801761,24095.11882
vid_000214_frame0000013.jpg,75.77230326,66.37475393,23987.08691
vid_000214_frame0000014.jpg,76.10359701,66.64130267,24787.62424
vid_000214_frame0000015.jpg,76.56533813,66.74809747,24171.22095
vid_000214_frame0000016.jpg,76.66536458,66.66227818,23879.67582
vid_000214_frame0000017.jpg,76.28649902,66.59668635,24461.22885
vid_000214_frame0000018.jpg,76.04276021,66.51727115,24186.22647
vid_000214_frame0000019.jpg,75.810908,66.15774762,23035.91572
vid_000214_frame0000020.jpg,76.14238485,66.24060376,23416.53406
vid_000233_frame0000020.jpg,152.9679108,51.5027491,20864.11115
vid_000233_frame0000021.jpg,152.9538574,50.82033139,19935.00618
vid_000233_frame0000022.jpg,144.7462413,45.82628619,11472.15777
vid_000234_frame0000062.jpg,79.51386515,55.28449252,11539.1999
vid_000235_frame0000006.jpg,109.5543416,39.05768104,6367.895487
vid_000235_frame0000007.jpg,113.3075765,40.85786925,6456.110251
vid_000235_frame0000011.jpg,128.3519541,45.67150464,7295.654439
vid_000235_frame0000012.jpg,137.0563354,46.89760002,7489.290533
vid_000235_frame0000014.jpg,150.8892771,48.39443296,7365.571636
vid_000235_frame0000017.jpg,145.957077,46.51588167,7683.614942
vid_000235_frame0000020.jpg,146.7348938,45.33014194,7092.238221
vid_000235_frame0000021.jpg,135.7235209,47.08576073,7862.994406
vid_000235_frame0000023.jpg,131.0262349,48.43348315,9539.349875
vid_000235_frame0000027.jpg,139.0417938,53.96990786,15454.85794
vid_000235_frame0000032.jpg,139.9229126,56.3581829,17534.89988
vid_000235_frame0000037.jpg,140.9648692,58.58041117,17285.88855
vid_000235_frame0000039.jpg,133.4780935,56.075492,14384.83737
vid_000235_frame0000048.jpg,129.8488007,53.09113343,13046.78799
vid_000235_frame0000070.jpg,138.830424,48.94482442,11326.88988
vid_000235_frame0000089.jpg,139.6151886,47.47267652,11053.4465
vid_000235_frame0000116.jpg,153.6923726,45.92885551,9479.034505
vid_000235_frame0000126.jpg,153.5712331,49.84165419,12570.54521
vid_000235_frame0000132.jpg,144.5227153,45.45542533,8090.698579
vid_000235_frame0000135.jpg,138.0549266,50.70439947,11922.62204
vid_000235_frame0000139.jpg,141.8904419,51.97612802,14350.19327
vid_000235_frame0000143.jpg,142.1626689,52.08038013,14264.80648
vid_000235_frame0000147.jpg,140.6260325,52.20295201,14639.32204
vid_000235_frame0000149.jpg,139.5654297,51.44682319,14385.68932
vid_000235_frame0000151.jpg,139.7124583,51.86208028,14800.07682
vid_000235_frame0000156.jpg,139.0030721,50.68374494,12616.57843
vid_000235_frame0000161.jpg,135.6067912,49.8913952,11640.56555
vid_000236_frame0000001.jpg,94.71799723,65.73976652,12500.68299
vid_000236_frame0000003.jpg,95.44781494,66.25822651,12728.37374
vid_000236_frame0000007.jpg,95.12844849,65.94740096,12403.21394
vid_000236_frame0000009.jpg,102.1981506,68.1696699,13012.8547
vid_000236_frame0000010.jpg,98.89717102,66.27428647,12904.47287
vid_000236_frame0000012.jpg,94.9032135,63.85353405,12063.6504
vid_000236_frame0000016.jpg,95.38584391,64.13890372,11766.52061
vid_000236_frame0000020.jpg,100.9837799,68.58138433,13714.57211
vid_000236_frame0000023.jpg,102.6969452,70.68580006,17566.14711
vid_000236_frame0000030.jpg,105.7075602,73.32030507,17674.0975
vid_000236_frame0000031.jpg,106.920634,74.94948445,22611.56102
vid_000236_frame0000037.jpg,107.3494263,73.33273939,15163.52909
vid_000236_frame0000044.jpg,107.7157796,74.45775298,17467.21465
vid_000236_frame0000045.jpg,107.2795715,74.667114,21597.31168
vid_000236_frame0000048.jpg,107.4388123,75.35621313,24169.1795
vid_000236_frame0000050.jpg,106.8647003,70.52722306,13549.35859
vid_000236_frame0000052.jpg,103.9603373,69.52453359,13152.71847
vid_000236_frame0000053.jpg,103.0373128,69.47182482,14105.4203
vid_000236_frame0000057.jpg,98.53311157,68.90237259,13570.52133
vid_000236_frame0000060.jpg,99.54903158,69.95859085,14414.97982
vid_000236_frame0000064.jpg,100.6501261,69.84507271,14335.29319
vid_000239_frame0000013.jpg,141.0420431,47.33962325,6498.597011
vid_000239_frame0000017.jpg,149.5218557,49.05331583,6697.29622
vid_000239_frame0000045.jpg,141.026179,48.38775841,6615.497272
vid_000239_frame0000053.jpg,143.5829569,49.37908053,6884.808799
vid_000239_frame0000063.jpg,145.4601695,48.24691399,7363.466551
vid_000239_frame0000065.jpg,147.1366781,48.69656063,7767.98476
vid_000239_frame0000067.jpg,148.0517069,49.07418679,7779.813759
vid_000239_frame0000073.jpg,145.4362437,48.47437371,7937.78371
vid_000240_frame0000016.jpg,150.9181468,48.26083235,12561.51427
vid_000240_frame0000018.jpg,150.525294,48.37643476,14005.65487
vid_000240_frame0000021.jpg,153.0509237,47.52203159,12438.1393
vid_000240_frame0000028.jpg,153.7666423,48.84321567,12183.8679
vid_000240_frame0000030.jpg,154.0619659,51.28770883,14675.29592
vid_000240_frame0000032.jpg,153.1849416,53.22099144,16740.32034
vid_000240_frame0000043.jpg,152.8874461,57.66638226,19407.76905
vid_000240_frame0000052.jpg,157.3471781,60.69247498,19146.88026
vid_000240_frame0000057.jpg,154.8655294,56.16409505,13533.47021
vid_000240_frame0000058.jpg,149.4677429,53.73455794,11362.51293
vid_000240_frame0000060.jpg,148.9539998,53.32425189,11467.20997
vid_000240_frame0000063.jpg,142.8627625,52.28446235,10343.5983
vid_000240_frame0000064.jpg,135.3556671,52.04981136,9203.219948
vid_000240_frame0000066.jpg,150.3312937,58.61025142,9550.112166
vid_000240_frame0000068.jpg,139.8035634,60.32917323,12035.1047
vid_000240_frame0000069.jpg,136.8582357,62.40683603,10944.25113
vid_000240_frame0000072.jpg,140.694753,70.96353513,17427.58069
vid_000240_frame0000077.jpg,138.2094625,68.52352182,17236.60378
vid_000240_frame0000085.jpg,135.2580668,66.18358012,16048.00431
vid_000240_frame0000108.jpg,134.0449066,65.52422448,13632.87715
vid_000240_frame0000126.jpg,148.3726603,51.87438376,11141.27432
vid_000240_frame0000127.jpg,143.5720469,51.49379851,11735.73437
vid_000240_frame0000131.jpg,135.6361796,43.49126174,6607.382871
vid_000241_frame0000005.jpg,139.5371246,87.97335039,6036.413456
vid_000241_frame0000006.jpg,137.9014384,87.65583744,6295.161061
vid_000241_frame0000007.jpg,136.6399434,87.12344978,6190.719027
vid_000241_frame0000008.jpg,135.8974355,86.81250155,6539.725253
vid_000241_frame0000009.jpg,135.5247447,86.5792715,6821.486084
vid_000241_frame0000010.jpg,132.3443756,84.72101896,7075.559349
vid_000241_frame0000011.jpg,130.1756643,83.43389329,7004.722536
vid_000241_frame0000012.jpg,129.7174937,83.11257775,7262.949829
vid_000241_frame0000013.jpg,131.8390961,84.19250582,6912.185726
vid_000241_frame0000014.jpg,132.6170959,84.12956509,5699.170901
vid_000241_frame0000015.jpg,131.3240712,83.00866019,6236.622351
vid_000242_frame0000008.jpg,169.7971547,36.10094902,8785.763983
vid_000242_frame0000010.jpg,173.1749776,36.35553586,9198.851161
vid_000242_frame0000011.jpg,165.6647644,38.95206228,11695.70291
vid_000242_frame0000012.jpg,157.193985,37.48171569,10959.42544
vid_000242_frame0000014.jpg,163.5763753,37.50795754,11143.4567
vid_000242_frame0000015.jpg,165.2848969,39.03736972,10367.56117
vid_000242_frame0000055.jpg,165.1518402,40.35347765,10680.0022
vid_000242_frame0000057.jpg,165.318807,39.15209083,8697.784443
vid_000242_frame0000060.jpg,172.4878693,38.19513826,10400.16195
vid_000243_frame0000012.jpg,161.9338125,43.88444846,10165.73105
vid_000243_frame0000013.jpg,163.0717977,44.34155862,10710.77358
vid_000243_frame0000014.jpg,163.6010946,43.87687557,11067.27442
vid_000243_frame0000015.jpg,163.0528056,44.00936719,11706.44701
vid_000244_frame0000006.jpg,174.0977275,37.86545141,6807.619802
vid_000244_frame0000007.jpg,180.8882039,30.13487314,5675.529835
vid_000244_frame0000008.jpg,179.8395386,28.67779867,5232.84433
vid_000244_frame0000009.jpg,179.7979736,28.47194674,5009.780483
vid_000244_frame0000010.jpg,178.9243266,29.35525746,5708.01961
vid_000244_frame0000011.jpg,184.1793264,28.6080708,4701.51448
vid_000244_frame0000012.jpg,184.5526988,28.29548427,4436.769374
vid_000244_frame0000013.jpg,186.2754822,28.05612854,4230.522053
vid_000245_frame0000004.jpg,129.847875,80.48388116,30947.013
vid_000245_frame0000005.jpg,143.2472534,63.22824468,13837.05861
vid_000245_frame0000006.jpg,159.573583,46.73381807,11236.13536
vid_000245_frame0000011.jpg,144.0775452,48.34138522,13109.0551
vid_000245_frame0000014.jpg,146.9979451,70.11936152,37280.90047
vid_000245_frame0000015.jpg,149.8622487,68.29273315,34640.94684
vid_000246_frame0000001.jpg,151.3758901,76.84918331,49086.51667
vid_000246_frame0000005.jpg,149.4194997,76.20099944,45892.31869
vid_000246_frame0000008.jpg,149.4614817,76.18239926,46343.24024
vid_000246_frame0000011.jpg,149.1377055,74.52971511,41251.85064
vid_000246_frame0000014.jpg,154.0190989,75.16726152,44407.44162
vid_000246_frame0000020.jpg,146.3204803,75.15139389,35807.12468
vid_000246_frame0000021.jpg,145.0029246,75.77099189,37978.41436
vid_000246_frame0000024.jpg,143.2639923,77.32634823,42008.40194
vid_000246_frame0000027.jpg,156.8766276,61.98430055,21237.50937
vid_000246_frame0000029.jpg,153.2776286,59.00986807,23453.43729
vid_000246_frame0000030.jpg,149.5257467,59.23478397,22272.72467
vid_000246_frame0000031.jpg,151.3476766,59.60594615,23037.51463
vid_000246_frame0000032.jpg,140.7704213,62.1982955,22923.165
vid_000246_frame0000036.jpg,151.6186727,57.83703762,22473.00698
vid_000246_frame0000044.jpg,138.403712,67.927974,31144.16298
vid_000246_frame0000046.jpg,145.0312449,72.73888743,36830.93557
vid_000247_frame0000006.jpg,150.5639242,75.63844425,38124.69287
vid_000247_frame0000007.jpg,151.8118998,74.4943063,39905.92078
vid_000247_frame0000008.jpg,153.431249,75.70640724,41550.94366
vid_000247_frame0000012.jpg,152.7415263,77.33233597,45472.89629
vid_000247_frame0000014.jpg,153.6781718,71.99285757,37076.32678
vid_000247_frame0000016.jpg,165.8647614,71.67538656,29130.85674
vid_000249_frame0000001.jpg,65.87841288,69.63224007,14324.94193
vid_000249_frame0000005.jpg,58.99795024,65.81909047,13035.1555
vid_000249_frame0000006.jpg,58.23428853,65.04678613,13700.28899
vid_000249_frame0000040.jpg,74.09173584,75.71204903,18193.79056
vid_000249_frame0000048.jpg,71.74663798,74.96014764,18478.13808
vid_000250_frame0000001.jpg,34.34877523,51.78786656,11809.35656
vid_000250_frame0000002.jpg,34.46076457,51.80661002,11964.93712
vid_000250_frame0000003.jpg,33.10122681,51.13881095,12169.99741
vid_000250_frame0000004.jpg,24.47982279,45.72584972,11423.84196
vid_000250_frame0000006.jpg,28.66511536,51.04654718,12076.58784
vid_000250_frame0000007.jpg,32.02030945,55.66064819,12309.11276
vid_000250_frame0000008.jpg,42.92349243,64.41258333,12478.13117
vid_000250_frame0000011.jpg,43.1175588,64.27233545,12836.63474
vid_000250_frame0000015.jpg,70.29205831,70.49746522,15265.78101
vid_000250_frame0000055.jpg,47.17926534,57.65070339,14468.30739
vid_000250_frame0000063.jpg,40.29275004,56.91061698,12876.45309
vid_000250_frame0000070.jpg,27.23497009,49.52720239,12546.41568
vid_000250_frame0000071.jpg,25.32889303,48.10131442,12414.83357
vid_000250_frame0000075.jpg,32.08585612,52.88977387,12481.43572
vid_000250_frame0000076.jpg,35.02835592,55.50691803,12352.49873
vid_000251_frame0000001.jpg,56.41263835,53.17979947,13012.23324
vid_000251_frame0000002.jpg,56.49109395,53.10069845,12794.37829
vid_000251_frame0000003.jpg,56.85475667,54.24537596,13223.02887
vid_000251_frame0000004.jpg,55.43245443,53.63913036,12227.02592
vid_000251_frame0000005.jpg,56.89854431,54.9831897,14480.82854
vid_000251_frame0000006.jpg,63.1373291,53.6171212,12497.37663
vid_000251_frame0000007.jpg,71.17634583,57.82522598,12507.25096
vid_000251_frame0000008.jpg,73.79671224,58.9395453,12215.98019
vid_000251_frame0000009.jpg,74.69784037,59.12705334,11565.23431
vid_000251_frame0000010.jpg,74.21364339,55.21238209,10378.30935
vid_000251_frame0000011.jpg,79.01402283,59.52742259,11026.30111
vid_000251_frame0000012.jpg,82.81614685,63.96211501,11717.17892
vid_000251_frame0000013.jpg,82.46089172,63.92095307,11665.41982
vid_000251_frame0000024.jpg,73.30659993,63.32821657,13178.37535
vid_000251_frame0000025.jpg,72.72721863,62.89801423,13059.00096
vid_000251_frame0000031.jpg,73.5525767,62.93445518,13202.35795
vid_000251_frame0000032.jpg,70.88387044,62.07212501,13217.59231
vid_000251_frame0000033.jpg,70.82852681,61.68913567,13412.11636
vid_000251_frame0000034.jpg,70.13771057,60.90476044,13254.94033
vid_000251_frame0000035.jpg,70.23159281,60.75790517,13025.98285
vid_000251_frame0000036.jpg,70.82415771,61.3083568,12861.20346
vid_000251_frame0000037.jpg,70.57591248,61.71397047,13275.22358
vid_000251_frame0000038.jpg,71.40423075,62.79284149,13535.94271
vid_000251_frame0000039.jpg,71.78182475,63.43822201,13760.50515
vid_000251_frame0000040.jpg,71.63778687,63.09983502,13469.53255
vid_000251_frame0000041.jpg,71.186203,62.61541038,13829.32118
vid_000252_frame0000001.jpg,108.3289948,39.38795093,9197.573374
vid_000252_frame0000002.jpg,109.3050741,39.07997992,8555.3566
vid_000252_frame0000003.jpg,109.154775,39.45178475,8889.784635
vid_000252_frame0000004.jpg,109.0992635,39.60667384,9115.516095
vid_000252_frame0000005.jpg,109.6074371,40.11713404,9382.040038
vid_000252_frame0000006.jpg,111.8640289,41.29748934,9596.430892
vid_000252_frame0000007.jpg,114.5592499,43.17112816,10205.79777
vid_000252_frame0000008.jpg,115.2809906,45.69566243,11571.22641
vid_000252_frame0000009.jpg,119.9049276,48.81662911,11285.37219
vid_000252_frame0000010.jpg,121.1683044,52.50661777,12282.41776
vid_000252_frame0000011.jpg,116.5995382,51.3273707,12681.84791
vid_000252_frame0000012.jpg,116.3263397,50.90487879,12208.34521
vid_000252_frame0000013.jpg,115.7015432,50.327289,12039.80675
vid_000252_frame0000014.jpg,115.9183095,50.06991688,12375.18693
vid_000252_frame0000015.jpg,117.7805176,50.45291193,12951.89448
vid_000252_frame0000016.jpg,118.9830933,49.75896501,12200.92819
vid_000252_frame0000017.jpg,120.3279928,49.63439571,13076.51758
vid_000252_frame0000018.jpg,120.7621155,49.24293739,12858.82836
vid_000252_frame0000019.jpg,122.4664052,47.52525895,10856.64582
vid_000252_frame0000020.jpg,120.4710083,46.59885483,11457.9773
vid_000252_frame0000021.jpg,119.8263448,45.50429065,11370.33429
vid_000252_frame0000022.jpg,121.4727173,42.35376907,9662.650602
vid_000252_frame0000023.jpg,126.7948812,38.68998944,7488.392688
vid_000252_frame0000024.jpg,130.9108938,37.69108487,6556.504708
vid_000252_frame0000025.jpg,126.4681396,38.60265812,7124.472096
vid_000252_frame0000026.jpg,122.0832214,40.24189619,7427.383976
vid_000252_frame0000027.jpg,115.6997375,39.25176689,8179.82961
vid_000252_frame0000028.jpg,108.6363831,39.01106255,8627.380585
vid_000252_frame0000029.jpg,108.6601563,38.9718373,8326.313366
vid_000252_frame0000030.jpg,107.5182851,39.09103686,8651.903194
vid_000253_frame0000001.jpg,179.7360229,32.18375942,7165.719702
vid_000253_frame0000002.jpg,181.8216604,31.5365316,6254.428208
vid_000253_frame0000003.jpg,181.7981923,32.09738677,7005.392771
vid_000253_frame0000005.jpg,178.3409678,32.24194153,4127.906105
vid_000253_frame0000006.jpg,176.7677714,35.34572084,4314.592534
vid_000253_frame0000007.jpg,176.1391398,33.42829027,5415.692217
vid_000253_frame0000008.jpg,176.7233938,33.6052111,5654.861615
vid_000253_frame0000009.jpg,171.318929,36.65617923,5626.349696
vid_000253_frame0000010.jpg,171.615977,38.22095841,5654.521533
vid_000253_frame0000011.jpg,172.0958659,37.54239812,5346.190274
vid_000253_frame0000012.jpg,175.4953461,37.71302205,5280.740458
vid_000253_frame0000013.jpg,185.098587,41.82809886,5550.545902
vid_000253_frame0000014.jpg,207.8478597,45.63408409,6538.008474
vid_000253_frame0000015.jpg,214.5201619,39.88422233,4506.468553
vid_000253_frame0000016.jpg,201.0498708,34.33867873,3488.592125
vid_000254_frame0000001.jpg,161.4812927,36.06436007,7334.847625
vid_000254_frame0000002.jpg,162.5547028,35.86703773,7456.828069
vid_000254_frame0000003.jpg,161.7595062,35.83242265,7402.525264
vid_000254_frame0000004.jpg,163.0086619,34.95527001,7342.287109
vid_000254_frame0000005.jpg,163.0621847,35.26302418,7391.743873
vid_000254_frame0000006.jpg,156.6957448,45.96669452,14585.19643
vid_000254_frame0000007.jpg,166.2696686,34.06265242,7069.666915
vid_000254_frame0000008.jpg,161.0195821,38.16978501,7872.318955
vid_000254_frame0000009.jpg,160.5174967,45.98781888,13020.55261
vid_000254_frame0000010.jpg,161.016922,46.45371005,13054.98888
vid_000254_frame0000011.jpg,162.7632294,39.03014044,7121.783798
vid_000254_frame0000012.jpg,163.0595754,42.01788005,10490.93462
vid_000254_frame0000013.jpg,163.8244476,43.26205798,8122.234649
vid_000254_frame0000014.jpg,161.5658671,36.7975807,8102.150134
vid_000254_frame0000017.jpg,155.7811381,37.46294952,12090.5399
vid_000254_frame0000018.jpg,153.5060476,42.33972493,13853.79373
vid_000254_frame0000019.jpg,169.8646037,43.33604793,12525.82911
vid_000254_frame0000020.jpg,175.4554392,41.33056969,9628.844597
vid_000255_frame0000006.jpg,156.0315399,48.76259172,13118.52596
vid_000255_frame0000007.jpg,156.8176524,48.55359416,12001.17058
vid_000255_frame0000008.jpg,156.4101206,48.77288071,12866.94848
vid_000255_frame0000009.jpg,157.8368683,47.27525819,10970.80448
vid_000255_frame0000010.jpg,157.416097,48.31921219,12358.79311
vid_000255_frame0000011.jpg,157.0063273,47.97576007,12568.84282
vid_000255_frame0000012.jpg,156.8763224,48.95044567,12535.13631
vid_000255_frame0000013.jpg,157.3735911,48.65714096,11923.02371
vid_000255_frame0000014.jpg,155.8351746,49.2323042,13293.33278
vid_000255_frame0000015.jpg,156.860733,49.18733981,12763.49623
vid_000255_frame0000016.jpg,157.0931702,49.40584569,13095.85013
vid_000255_frame0000017.jpg,156.7188009,49.79657755,13533.47837
vid_000255_frame0000018.jpg,156.2765503,49.50526793,13476.71
vid_000255_frame0000019.jpg,157.6152903,48.17119063,12110.70391
vid_000255_frame0000020.jpg,155.9962972,49.58086283,13315.72405
vid_000255_frame0000021.jpg,156.6135457,49.2058961,12434.85528
vid_000255_frame0000022.jpg,156.6171672,48.72796555,12592.44041
vid_000255_frame0000023.jpg,157.0320689,49.07810027,12599.2476
vid_000255_frame0000024.jpg,156.8958333,49.53595148,12566.36089
vid_000255_frame0000025.jpg,157.570933,49.23704009,12832.45728
vid_000255_frame0000026.jpg,157.0097809,49.48528239,13351.33627
vid_000255_frame0000027.jpg,156.6483816,49.78953933,13079.76596
vid_000255_frame0000028.jpg,156.111028,49.71405148,13789.88823
vid_000255_frame0000029.jpg,158.1220449,48.66274548,11766.93282
vid_000255_frame0000030.jpg,156.9843343,49.06117653,13231.58915
vid_000255_frame0000031.jpg,156.1530304,50.19927943,14066.94649
vid_000255_frame0000032.jpg,158.0234324,49.50884453,12815.57781
vid_000255_frame0000033.jpg,160.2474569,51.37592451,13336.06562
vid_000255_frame0000034.jpg,160.3033295,51.62380201,12208.75942
vid_000255_frame0000035.jpg,159.7244924,51.39799533,13072.41297
vid_000255_frame0000036.jpg,160.6306712,51.78446645,13415.24071
vid_000255_frame0000037.jpg,159.0663859,51.60300441,13301.73359
vid_000255_frame0000038.jpg,159.5759226,52.14622746,13484.82902
vid_000255_frame0000039.jpg,162.2429708,52.28473086,12284.92895
vid_000255_frame0000040.jpg,167.6621043,56.32238749,12788.84882
vid_000255_frame0000041.jpg,175.9055227,58.32847442,12610.93779
vid_000255_frame0000042.jpg,170.9759572,58.92740149,13449.21009
vid_000255_frame0000043.jpg,166.9934031,58.67172773,13238.30599
vid_000255_frame0000044.jpg,170.072937,57.49108119,12840.13789
vid_000255_frame0000045.jpg,164.6454824,57.08760953,13099.44485
vid_000255_frame0000046.jpg,159.5508626,56.10551364,13659.95699
vid_000255_frame0000047.jpg,158.6838938,55.73774132,13269.11172
vid_000255_frame0000048.jpg,158.964859,55.15096037,13085.14163
vid_000255_frame0000049.jpg,158.953654,54.80907337,12233.00779
vid_000255_frame0000050.jpg,158.6842041,54.88457102,13028.61732
vid_000255_frame0000051.jpg,159.1338247,54.87126463,12798.63387
vid_000255_frame0000052.jpg,154.1916148,55.3088284,12921.57576
vid_000255_frame0000053.jpg,143.7138875,53.74528625,13564.60428
vid_000255_frame0000054.jpg,142.4979197,52.98734795,13614.85535
vid_000255_frame0000055.jpg,146.9190572,52.6907663,12801.92447
vid_000255_frame0000056.jpg,151.3199921,53.4942286,13026.00162
vid_000255_frame0000057.jpg,154.5981089,54.02432069,12736.67469
vid_000255_frame0000058.jpg,154.0265605,54.15396958,12904.29674
vid_000255_frame0000059.jpg,154.6317139,53.787565,12010.06223
vid_000255_frame0000060.jpg,153.8797709,54.64166681,12926.2345
vid_000255_frame0000061.jpg,153.0211334,54.72498191,13607.81639
vid_000255_frame0000062.jpg,153.3780568,54.46161835,13451.30512
vid_000255_frame0000063.jpg,153.6058044,53.88838968,13046.25862
vid_000255_frame0000064.jpg,154.3731791,53.8286154,12586.07169
vid_000255_frame0000065.jpg,153.2316895,53.94037879,13350.64951
vid_000255_frame0000066.jpg,153.9421946,54.07383992,12664.78819
vid_000255_frame0000067.jpg,153.4404195,54.08551799,13064.2562
vid_000255_frame0000068.jpg,153.8118286,54.07905925,12936.12726
vid_000255_frame0000069.jpg,156.0690206,54.1813794,11601.77278
vid_000255_frame0000070.jpg,166.5615336,55.15017402,12067.1084
vid_000255_frame0000071.jpg,167.7073008,54.80351789,12199.96387
vid_000255_frame0000072.jpg,172.6254578,54.2133378,11891.0952
vid_000255_frame0000073.jpg,166.5944214,53.33007576,12220.51812
vid_000255_frame0000074.jpg,161.4855754,53.22328956,12728.94227
vid_000255_frame0000075.jpg,158.1115011,52.73294952,12127.11966
vid_000255_frame0000076.jpg,153.8462321,52.44506283,13092.5756
vid_000255_frame0000077.jpg,152.39593,52.15974248,13944.49982
vid_000255_frame0000078.jpg,153.3431549,51.32906218,12362.21271
vid_000255_frame0000079.jpg,153.940033,51.49815188,13075.30831
vid_000255_frame0000080.jpg,152.8150075,52.33439421,13065.03296
vid_000255_frame0000081.jpg,152.2265676,52.31347639,14299.13088
vid_000255_frame0000082.jpg,152.7510427,52.25652389,13446.00769
vid_000255_frame0000083.jpg,152.3457336,53.24285588,14903.0277
vid_000255_frame0000084.jpg,152.7563782,52.56407257,13663.82969
vid_000255_frame0000085.jpg,151.9893239,52.43860607,13723.27282
vid_000255_frame0000086.jpg,153.249883,51.99876884,13371.91847
vid_000255_frame0000087.jpg,152.9890289,52.60234501,13651.59873
vid_000255_frame0000088.jpg,152.8592173,52.50919808,13064.65816
vid_000255_frame0000089.jpg,153.4691874,51.97204579,13254.89348
vid_000255_frame0000090.jpg,152.8361511,52.29798585,13415.48445
vid_000255_frame0000091.jpg,152.6764933,51.61126825,13336.31088
vid_000255_frame0000092.jpg,153.0604858,51.63599623,12960.11863
vid_000255_frame0000093.jpg,152.4966685,51.5106911,13466.74228
vid_000255_frame0000094.jpg,153.3785604,50.99853785,12320.52465
vid_000255_frame0000095.jpg,153.4498342,51.78546928,12928.17514
vid_000255_frame0000096.jpg,153.0969696,51.90106474,13107.22571
vid_000255_frame0000097.jpg,152.9086049,52.00204614,12764.01712
vid_000256_frame0000006.jpg,149.7375488,33.6514466,9572.606575
vid_000256_frame0000007.jpg,160.6046295,34.59621026,10215.05663
vid_000256_frame0000008.jpg,158.9483236,34.02898944,10429.21939
vid_000256_frame0000009.jpg,159.7591807,36.10895151,11491.42747
vid_000256_frame0000010.jpg,158.8412374,39.21597068,14156.61137
vid_000256_frame0000011.jpg,155.2334747,40.99544703,14689.29878
vid_000256_frame0000012.jpg,155.9366557,41.00156251,14040.11125
vid_000256_frame0000013.jpg,155.833079,41.92021885,14697.63592
vid_000256_frame0000014.jpg,155.0840251,41.5242071,14896.78178
vid_000256_frame0000015.jpg,157.5721385,40.17368431,14204.13547
vid_000256_frame0000016.jpg,155.71639,39.45721964,13751.46686
vid_000256_frame0000017.jpg,154.4844564,39.78090175,11525.7233
vid_000256_frame0000018.jpg,156.8155467,38.12745746,11169.91006
vid_000256_frame0000019.jpg,156.8030141,32.65166076,7534.4168
vid_000256_frame0000020.jpg,157.1277212,33.52413343,7827.133478
vid_000256_frame0000021.jpg,158.2443237,34.0744536,9495.746385
vid_000256_frame0000022.jpg,162.8659515,33.20633319,9224.495949
vid_000256_frame0000023.jpg,163.5526021,34.621851,10246.75239
vid_000256_frame0000024.jpg,162.0764008,34.12842401,9317.752166
vid_000256_frame0000025.jpg,160.6345367,33.43684206,9502.747386
vid_000256_frame0000026.jpg,160.0566508,30.69244598,7671.946067
vid_000256_frame0000027.jpg,161.3137309,28.88318111,7118.933719
vid_000256_frame0000028.jpg,161.181071,29.39650004,7332.958022
vid_000256_frame0000029.jpg,163.013031,27.59579877,6339.244389
vid_000256_frame0000030.jpg,162.5247447,28.99202817,6243.483979
vid_000256_frame0000031.jpg,161.6610057,28.75578585,6533.956512
vid_000256_frame0000032.jpg,164.5336049,27.28157682,6084.797437
vid_000256_frame0000033.jpg,163.0051168,26.99189739,5914.732724
vid_000256_frame0000034.jpg,163.2536825,29.00250385,6765.145499
vid_000256_frame0000035.jpg,164.2018229,28.22356766,6555.233575
vid_000256_frame0000036.jpg,162.796936,27.45866986,6515.459104
vid_000257_frame0000004.jpg,162.0457916,48.07926557,10823.35251
vid_000257_frame0000005.jpg,162.9277293,46.88639402,10437.09697
vid_000257_frame0000006.jpg,163.1207581,48.25617886,11068.14348
vid_000257_frame0000007.jpg,164.1160329,49.04691928,11228.45346
vid_000257_frame0000008.jpg,164.4572398,48.21821892,10337.94238
vid_000257_frame0000009.jpg,163.9742788,48.78217687,10239.60144
vid_000257_frame0000010.jpg,164.0735931,48.20348366,10618.44244
vid_000257_frame0000011.jpg,164.4230092,49.08926164,11329.17035
vid_000257_frame0000012.jpg,162.81309,49.28129745,11818.11207
vid_000257_frame0000013.jpg,165.0588379,48.88854519,11092.04882
vid_000257_frame0000014.jpg,162.8391164,48.86829442,11691.92887
vid_000257_frame0000015.jpg,164.3361664,49.71940752,12010.98224
vid_000257_frame0000016.jpg,155.5437724,47.05051804,11707.48633
vid_000257_frame0000017.jpg,165.9035136,49.27941035,11357.73364
vid_000257_frame0000018.jpg,167.2200673,49.19672009,10935.21201
vid_000257_frame0000019.jpg,167.1921082,48.34656819,10228.62635
vid_000257_frame0000020.jpg,168.0881856,49.11955277,10750.8209
vid_000257_frame0000021.jpg,167.1254679,47.75663527,10701.85951
vid_000258_frame0000001.jpg,165.9951121,49.19099335,11727.63546
vid_000258_frame0000002.jpg,167.6062012,49.06662329,10502.09704
vid_000258_frame0000003.jpg,168.1608836,49.91169938,10722.2083
vid_000258_frame0000004.jpg,167.0187937,49.26895823,10955.58834
vid_000258_frame0000005.jpg,166.6507924,49.00130017,10446.77631
vid_000258_frame0000006.jpg,166.6718241,49.80244222,11507.26036
vid_000258_frame0000007.jpg,167.4959005,49.58484059,10596.08967
vid_000258_frame0000008.jpg,166.4794057,49.82987377,10825.0354
vid_000258_frame0000009.jpg,168.2128754,49.81015705,10014.90562
vid_000258_frame0000010.jpg,167.4623413,49.60389729,11125.16194
vid_000258_frame0000011.jpg,166.4446055,49.1083994,10458.33317
vid_000258_frame0000012.jpg,166.8584544,49.18482286,10676.30366
vid_000258_frame0000013.jpg,167.1695608,49.02522015,10679.91198
vid_000258_frame0000014.jpg,165.6420746,49.51237469,10597.88263
vid_000258_frame0000015.jpg,165.1033173,48.54138025,10656.02582
vid_000258_frame0000016.jpg,165.2286936,50.09642671,11054.19589
vid_000258_frame0000017.jpg,165.7439931,50.69317198,11532.39269
vid_000258_frame0000018.jpg,167.0209096,47.37925279,9945.665285
vid_000258_frame0000019.jpg,166.6636403,48.76820528,9988.414519
vid_000258_frame0000020.jpg,165.2421265,49.44002498,11724.73667
vid_000258_frame0000021.jpg,164.6672058,48.57339489,11343.21861
vid_000259_frame0000001.jpg,151.1911214,48.46511711,16878.5211
vid_000259_frame0000002.jpg,152.3339539,46.76804591,12461.51016
vid_000259_frame0000003.jpg,152.2402547,49.20174885,14294.83334
vid_000259_frame0000004.jpg,152.0821279,48.29442657,12675.62215
vid_000259_frame0000005.jpg,152.5536346,49.52209978,13141.44115
vid_000259_frame0000006.jpg,152.0896912,49.34960451,14568.94611
vid_000259_frame0000007.jpg,152.6520487,48.10034619,13260.45808
vid_000259_frame0000008.jpg,152.87913,48.1462406,11973.24576
vid_000259_frame0000009.jpg,152.7955933,48.31279064,11368.72071
vid_000259_frame0000010.jpg,151.2042287,49.00241999,13949.2947
vid_000259_frame0000011.jpg,151.0782979,48.5396967,12701.26239
vid_000259_frame0000012.jpg,151.3429667,48.88370408,12733.26453
vid_000259_frame0000013.jpg,151.3082275,47.90447932,12317.91511
vid_000259_frame0000014.jpg,151.4342601,50.83828109,14001.86548
vid_000259_frame0000015.jpg,151.583313,50.23670094,12497.23842
vid_000259_frame0000016.jpg,151.6018473,52.21441522,14642.68532
vid_000259_frame0000017.jpg,152.8016713,51.99678458,13218.38406
vid_000260_frame0000001.jpg,68.00689189,50.77253429,12461.21559
vid_000260_frame0000002.jpg,67.56304932,50.53294866,12299.52189
vid_000260_frame0000003.jpg,68.14379374,50.73975778,12225.94387
vid_000260_frame0000004.jpg,69.26609294,51.27293868,12572.25206
vid_000260_frame0000005.jpg,70.35519409,51.80614849,12481.4711
vid_000260_frame0000006.jpg,72.87225342,52.89530756,12401.53128
vid_000260_frame0000007.jpg,76.43029277,54.66516623,12376.99986
vid_000260_frame0000008.jpg,79.60703023,56.80248666,12933.69577
vid_000260_frame0000009.jpg,79.97448222,57.11657559,12832.35315
vid_000260_frame0000010.jpg,79.90657043,57.18187243,12979.8722
vid_000260_frame0000011.jpg,78.49361165,56.41771781,12759.10792
vid_000260_frame0000012.jpg,78.69192505,56.70045618,12887.52748
vid_000260_frame0000013.jpg,79.18101501,56.99079717,12590.92352
vid_000260_frame0000014.jpg,78.22654724,56.43742819,12947.76133
vid_000260_frame0000015.jpg,76.26698303,55.3574635,12877.15043
vid_000260_frame0000016.jpg,74.90404765,54.52611804,12919.25768
vid_000260_frame0000017.jpg,74.43345642,54.31436241,12625.23234
vid_000260_frame0000018.jpg,74.61125183,54.64124535,12911.21942
vid_000260_frame0000019.jpg,73.88176982,53.92694409,12493.017
vid_000260_frame0000020.jpg,72.81766764,53.18031576,12553.22525
vid_000260_frame0000021.jpg,72.94566854,53.36625366,12785.68409
vid_000260_frame0000022.jpg,73.76107279,53.96472746,13032.16048
vid_000260_frame0000023.jpg,73.89318339,53.72709358,12725.71914
vid_000260_frame0000024.jpg,71.92721558,52.66494052,12878.09943
vid_000260_frame0000025.jpg,69.59347534,51.2693445,12334.65938
vid_000260_frame0000026.jpg,67.8028005,50.48460175,12410.18649
vid_000260_frame0000027.jpg,67.89363607,50.50795609,12359.78633
vid_000260_frame0000028.jpg,69.53043111,51.32477237,12545.44681
vid_000260_frame0000029.jpg,70.12038676,51.54444728,12170.97757
vid_000260_frame0000030.jpg,69.96702067,51.50854866,12564.80716
vid_000260_frame0000031.jpg,69.06389872,50.8873776,12268.82784
vid_000260_frame0000032.jpg,68.14746094,50.64019325,12544.21756
vid_000260_frame0000033.jpg,67.80518595,50.35279246,12350.88345
vid_000260_frame0000034.jpg,67.5516866,50.38226537,12380.75311
vid_000260_frame0000035.jpg,66.61872355,50.03389023,12470.02805
vid_000260_frame0000036.jpg,66.13386027,49.95702402,12789.91637
vid_000260_frame0000037.jpg,65.33488973,49.4728644,12581.43961
vid_000260_frame0000038.jpg,65.61376444,49.84131085,12711.27944
vid_000260_frame0000039.jpg,65.61673991,49.62042869,12302.16334
vid_000260_frame0000040.jpg,64.76000977,49.22534411,12562.72638
vid_000260_frame0000041.jpg,63.68890889,48.84839265,12578.93853
vid_000260_frame0000042.jpg,63.89366659,48.89086995,12691.3407
vid_000260_frame0000043.jpg,64.88610331,49.26845242,12580.10301
vid_000260_frame0000044.jpg,65.85094706,49.78434475,12758.23582
vid_000260_frame0000045.jpg,66.78466288,50.12091897,12295.80323
vid_000260_frame0000046.jpg,67.00557963,50.24862891,12520.67049
vid_000260_frame0000047.jpg,68.06915792,50.6217196,12358.57449
vid_000260_frame0000048.jpg,68.61284892,50.97553899,12418.02473
vid_000260_frame0000049.jpg,69.01235962,51.17993346,12326.93947
vid_000260_frame0000050.jpg,68.6648763,50.98880387,12370.6697
vid_000260_frame0000051.jpg,68.16209412,50.64869324,12220.45528
vid_000260_frame0000052.jpg,69.28036499,51.25220375,12519.80627
vid_000260_frame0000053.jpg,70.83826701,52.12602686,12198.7226
vid_000260_frame0000054.jpg,73.05436707,53.54012659,12670.39243
vid_000260_frame0000055.jpg,74.96008809,54.56622555,12546.50397
vid_000260_frame0000056.jpg,76.17920431,55.52222825,12557.47063
vid_000260_frame0000057.jpg,74.43446859,54.54324574,12385.87008
vid_000260_frame0000058.jpg,74.21282959,54.54898606,12757.355
vid_000260_frame0000059.jpg,75.06559753,54.99615349,12554.90372
vid_000260_frame0000060.jpg,78.2835439,57.16177942,13165.135
vid_000260_frame0000061.jpg,81.66942342,59.24245805,12926.83743
vid_000260_frame0000062.jpg,82.27893066,59.56066902,13051.93511
vid_000260_frame0000063.jpg,80.42301941,58.24566848,13030.6272
vid_000260_frame0000064.jpg,76.65447489,56.05875405,13099.17563
vid_000260_frame0000065.jpg,73.46179708,54.37488443,12995.01438
vid_000260_frame0000066.jpg,73.17160543,53.95055637,12931.13868
vid_000260_frame0000067.jpg,75.86525472,55.92644276,12825.8472
vid_000260_frame0000068.jpg,77.4035085,56.67199614,13005.07388
vid_000260_frame0000069.jpg,76.70626831,55.98546698,12965.33196
vid_000260_frame0000070.jpg,74.13589478,54.60073331,13033.48325
vid_000260_frame0000071.jpg,69.65112813,51.83253409,12630.43027
vid_000260_frame0000072.jpg,67.94035339,50.8268624,12781.59833
vid_000260_frame0000073.jpg,68.96622721,51.24423427,12789.33127
vid_000260_frame0000074.jpg,70.45109558,51.73071066,12589.89165
vid_000260_frame0000075.jpg,70.85255432,51.83526951,12355.94913
vid_000260_frame0000076.jpg,70.23579407,51.5482999,12340.22871
vid_000260_frame0000077.jpg,68.75585429,50.66200441,12223.00033
vid_000260_frame0000078.jpg,67.880071,50.59315742,12465.25708
vid_000260_frame0000079.jpg,68.16627502,50.62308056,12179.9264
vid_000260_frame0000080.jpg,68.60934448,50.73563563,12387.73622
vid_000261_frame0000011.jpg,110.9497884,46.07520407,7874.477808
vid_000261_frame0000012.jpg,112.154307,46.72669381,8549.865329
vid_000261_frame0000013.jpg,112.015564,46.65129499,7851.925002
vid_000261_frame0000014.jpg,109.0015564,45.93192703,8439.480997
vid_000261_frame0000015.jpg,107.1839854,44.50145234,8018.621612
vid_000261_frame0000016.jpg,107.2558289,44.54963004,8357.937484
vid_000261_frame0000017.jpg,107.8035685,44.80309386,7851.754396
vid_000261_frame0000018.jpg,109.0713399,45.83451818,8529.798562
vid_000261_frame0000019.jpg,108.6493785,43.96755056,7643.828958
vid_000261_frame0000020.jpg,108.2498678,44.12140858,8339.016214
vid_000261_frame0000021.jpg,110.46433,44.34639032,8235.966528
vid_000261_frame0000022.jpg,109.9995728,44.42380656,8601.233455
vid_000261_frame0000023.jpg,109.4545186,44.05271501,7717.221192
vid_000261_frame0000024.jpg,108.2430369,43.81098289,8065.057539
vid_000261_frame0000025.jpg,109.27388,43.95285973,7239.558726
vid_000261_frame0000026.jpg,109.4387563,44.16052007,7702.952315
vid_000261_frame0000027.jpg,112.2577006,44.50391758,7279.309851
vid_000262_frame0000001.jpg,86.38086955,60.80470313,10854.6319
vid_000262_frame0000002.jpg,86.7097524,60.83661713,10559.96679
vid_000262_frame0000003.jpg,86.91314697,61.11770517,10822.82296
vid_000262_frame0000004.jpg,90.37630717,61.19979457,10148.25523
vid_000262_frame0000005.jpg,97.78470357,66.76063945,10769.67747
vid_000262_frame0000006.jpg,100.0187174,68.52547793,11512.8867
vid_000262_frame0000007.jpg,102.046285,68.72689667,9875.734045
vid_000262_frame0000008.jpg,103.3477885,69.43656221,9639.893981
vid_000262_frame0000009.jpg,104.8977153,71.60296306,11363.80575
vid_000262_frame0000010.jpg,105.31692,72.22118587,11775.50387
vid_000262_frame0000011.jpg,104.4890798,71.36152548,11545.51098
vid_000262_frame0000012.jpg,103.8133545,71.2083541,12377.21812
vid_000262_frame0000013.jpg,100.5694631,67.01358006,10471.9252
vid_000262_frame0000014.jpg,94.54805501,66.33457376,10430.87738
vid_000263_frame0000007.jpg,188.8186239,29.17312511,5121.182315
vid_000263_frame0000008.jpg,188.0321045,28.20201148,4814.518952
vid_000263_frame0000009.jpg,189.3207245,28.69309014,4941.348975
vid_000263_frame0000010.jpg,187.2309011,28.46676918,5042.913972
vid_000263_frame0000011.jpg,187.2528941,28.87147796,5095.77006
vid_000263_frame0000012.jpg,188.6081543,30.65016772,5229.149778
vid_000263_frame0000013.jpg,199.5313721,27.8895022,4298.48771
vid_000263_frame0000014.jpg,207.1731974,33.44983696,3346.789225
vid_000263_frame0000015.jpg,205.4953257,35.57513069,3831.412086
vid_000263_frame0000016.jpg,206.3459574,37.0614237,2858.483396
vid_000264_frame0000007.jpg,178.8801931,44.90300957,7647.707289
vid_000264_frame0000008.jpg,178.9128265,45.91862892,7919.884703
vid_000264_frame0000009.jpg,178.8856761,46.71457941,8204.051752
vid_000264_frame0000010.jpg,177.4379781,46.63557352,8413.440152
vid_000264_frame0000011.jpg,176.5975901,47.06093849,8240.701376
vid_000264_frame0000012.jpg,177.1320343,46.67608127,8311.700804
vid_000264_frame0000013.jpg,177.5910695,46.83579108,8185.858501
vid_000264_frame0000014.jpg,176.7166595,47.44647944,8237.421531
vid_000264_frame0000015.jpg,175.0403188,46.90928788,8569.58566
vid_000264_frame0000016.jpg,178.2452952,42.56780331,7729.77355
vid_000264_frame0000017.jpg,179.4738312,41.89856942,7334.497513
vid_000264_frame0000018.jpg,182.4765167,42.5666222,8404.378471
vid_000264_frame0000019.jpg,189.029836,42.31177076,6876.954244
vid_000264_frame0000020.jpg,185.4172465,43.50134051,7436.003202
vid_000264_frame0000021.jpg,171.7951914,46.21325841,10228.01002
vid_000264_frame0000022.jpg,167.1174215,47.68242009,10993.37982
vid_000264_frame0000023.jpg,167.8220571,47.20248902,11536.9441
vid_000264_frame0000024.jpg,168.5385081,47.71861999,11201.49412
vid_000264_frame0000025.jpg,171.2875468,47.24423941,10931.58503
vid_000264_frame0000026.jpg,170.0203654,45.48980668,10624.34269
vid_000264_frame0000027.jpg,175.9894765,49.19772737,12092.05171
vid_000264_frame0000028.jpg,171.1582184,48.50847503,12245.18581
vid_000264_frame0000029.jpg,161.9991506,39.60302246,11668.38003
vid_000264_frame0000032.jpg,176.9042714,40.30694856,8296.113737
vid_000264_frame0000033.jpg,207.3920746,43.62849477,5393.851025
vid_000264_frame0000034.jpg,193.5836131,49.58324994,9364.444702
vid_000264_frame0000035.jpg,159.2908478,51.95960914,20070.02603
vid_000264_frame0000036.jpg,142.4114736,47.35358343,11562.31673
vid_000264_frame0000062.jpg,173.8068237,38.07656303,8480.00324
vid_000264_frame0000063.jpg,174.4490509,38.05960653,8738.548606
vid_000264_frame0000064.jpg,174.3050791,38.11816359,8913.65348
vid_000264_frame0000065.jpg,173.9273529,38.41466,8978.334808
vid_000264_frame0000066.jpg,174.6228739,35.35658931,7700.082475
vid_000264_frame0000067.jpg,175.0216064,33.4557417,8559.628335
vid_000264_frame0000068.jpg,180.0158335,27.48099853,5756.6356
vid_000264_frame0000069.jpg,177.1831258,29.73037327,7017.112238
vid_000264_frame0000070.jpg,179.1805522,29.05633272,6243.562357
vid_000264_frame0000071.jpg,179.0204213,29.74890366,6670.595096
vid_000264_frame0000072.jpg,178.7826131,28.35547681,5903.808361
vid_000264_frame0000073.jpg,176.2975972,31.0561605,7787.659522
vid_000264_frame0000074.jpg,176.8449198,29.73905608,6750.930643
vid_000264_frame0000075.jpg,178.3702799,31.01113557,7042.930581
vid_000264_frame0000076.jpg,176.1406962,33.04262034,8278.806011
vid_000265_frame0000011.jpg,181.6653493,35.19817225,6072.099037
vid_000265_frame0000012.jpg,181.1465302,34.25706803,6583.9146
vid_000265_frame0000013.jpg,180.7813263,33.53320046,6433.944131
vid_000265_frame0000014.jpg,182.5040995,34.61257412,6556.654348
vid_000265_frame0000015.jpg,181.2698263,35.79685523,7195.166139
vid_000265_frame0000016.jpg,180.4151103,35.57295926,7223.664218
vid_000265_frame0000017.jpg,180.8175557,36.14341664,7198.656406
vid_000265_frame0000018.jpg,179.2060852,36.40081464,7720.03565
vid_000265_frame0000019.jpg,180.3417308,36.50337664,7474.306904
vid_000265_frame0000020.jpg,179.8344014,37.67850246,8375.273177
vid_000265_frame0000021.jpg,178.4062653,38.2293453,8177.96742
vid_000265_frame0000022.jpg,180.6397705,38.56509162,8040.467946
vid_000265_frame0000023.jpg,180.8310598,37.66406018,7892.957276
vid_000265_frame0000024.jpg,181.6319071,37.47890935,7425.594112
vid_000265_frame0000025.jpg,184.00236,36.3911341,6961.275703
vid_000265_frame0000026.jpg,183.429891,36.29367862,6746.342361
vid_000265_frame0000027.jpg,182.3946838,35.96713108,6492.403178
vid_000265_frame0000028.jpg,183.9888204,34.81484179,5794.25295
vid_000266_frame0000006.jpg,185.3266347,30.89937848,5780.125451
vid_000266_frame0000007.jpg,187.4797668,30.0307969,5280.478153
vid_000266_frame0000008.jpg,181.4651388,30.31562526,5980.538485
vid_000266_frame0000009.jpg,182.6439056,30.67270832,6111.128717
vid_000266_frame0000010.jpg,183.2559814,29.70468364,6038.074484
vid_000266_frame0000011.jpg,191.0782522,28.32017808,4662.472576
vid_000266_frame0000012.jpg,188.9084066,28.9075558,4693.536272
vid_000266_frame0000013.jpg,178.7039998,30.89828474,6650.105252
vid_000266_frame0000014.jpg,181.5990295,29.69959251,5971.375558
vid_000266_frame0000015.jpg,182.5226135,29.84230928,5774.710179
vid_000266_frame0000016.jpg,180.83461,30.36412852,6156.12186
vid_000266_frame0000017.jpg,180.785258,31.30385753,6424.381058
vid_000267_frame0000004.jpg,161.7930501,41.63362673,8443.743143
vid_000267_frame0000005.jpg,167.2542572,42.76285156,8268.331848
vid_000267_frame0000006.jpg,168.2291718,42.70423895,8448.789309
vid_000267_frame0000007.jpg,167.9604187,42.72584598,8349.381058
vid_000267_frame0000008.jpg,172.09198,42.91431653,8456.814134
vid_000267_frame0000009.jpg,178.2727814,43.57745385,8380.749364
vid_000267_frame0000010.jpg,179.0103505,42.81555206,8466.459387
vid_000267_frame0000011.jpg,166.4617208,40.24965261,8421.689526
vid_000267_frame0000012.jpg,164.9325256,39.0384119,9405.718979
vid_000267_frame0000013.jpg,170.1565806,37.5363988,8322.78225
vid_000267_frame0000014.jpg,173.0324656,37.16864454,8340.607933
vid_000267_frame0000015.jpg,170.8909098,37.05575761,8299.297307
vid_000267_frame0000016.jpg,167.3172302,37.37679456,8811.848539
vid_000267_frame0000017.jpg,165.9127096,37.31395527,8741.693366
vid_000267_frame0000018.jpg,162.4195201,37.31156027,9143.589687
vid_000267_frame0000019.jpg,165.8285726,37.57809131,8651.057634
vid_000268_frame0000001.jpg,178.3489431,45.84135523,11142.95982
vid_000268_frame0000002.jpg,178.9684397,45.01993934,9795.528761
vid_000268_frame0000003.jpg,179.4879608,44.32531246,9354.730631
vid_000268_frame0000004.jpg,178.2584381,41.43385353,9628.093093
vid_000268_frame0000005.jpg,186.9806519,41.81804701,9674.739425
vid_000268_frame0000006.jpg,181.2910461,41.32867757,9270.186977
vid_000268_frame0000007.jpg,184.9105225,43.33334147,11018.13552
vid_000268_frame0000008.jpg,179.1768392,45.79122783,15329.08247
vid_000268_frame0000009.jpg,176.4705658,42.70427995,11988.36884
vid_000268_frame0000010.jpg,170.5400594,43.54389151,14601.95411
vid_000268_frame0000011.jpg,173.7977091,39.23191443,11166.43275
vid_000268_frame0000012.jpg,176.6947021,45.44710951,17743.05703
vid_000268_frame0000013.jpg,173.4910177,44.63239155,16335.5533
vid_000268_frame0000014.jpg,172.5467529,42.17774218,12893.7553
vid_000268_frame0000015.jpg,177.6549581,44.32838633,12970.65555
vid_000268_frame0000016.jpg,181.9400279,47.11098929,8979.197899
vid_000268_frame0000017.jpg,174.4944356,59.18395482,15576.41222
vid_000268_frame0000018.jpg,169.7651622,61.50589417,16841.39095
vid_000269_frame0000001.jpg,184.6718597,25.5692665,4282.20729
vid_000269_frame0000002.jpg,186.3933868,25.91240091,4071.879478
vid_000269_frame0000003.jpg,185.5538991,25.51283638,4221.088922
vid_000269_frame0000004.jpg,184.8234965,25.93401012,4210.068381
vid_000269_frame0000005.jpg,183.917689,25.87290221,4246.763991
vid_000269_frame0000006.jpg,185.0193532,26.42436156,4375.160911
vid_000269_frame0000007.jpg,184.0181834,28.09870389,4830.897404
vid_000269_frame0000008.jpg,183.5885773,28.4029847,5061.283089
vid_000269_frame0000009.jpg,183.7920837,27.87622695,4598.334793
vid_000269_frame0000010.jpg,182.9940847,28.07807103,4809.915995
vid_000269_frame0000011.jpg,182.5083059,30.9051571,4421.55236
vid_000269_frame0000012.jpg,180.6532949,34.17486453,5438.256093
vid_000269_frame0000013.jpg,181.1723684,34.54117457,5512.452113
vid_000269_frame0000014.jpg,181.1854197,34.76321325,5588.572965
vid_000269_frame0000015.jpg,182.5628103,34.50086099,5202.599379
vid_000269_frame0000016.jpg,181.565211,35.05257325,5532.268217
vid_000269_frame0000017.jpg,181.8942006,33.6110672,4966.496904
vid_000269_frame0000018.jpg,181.9407705,31.91878561,5247.523042
vid_000269_frame0000019.jpg,183.0398458,34.26000859,4931.174611
vid_000269_frame0000020.jpg,181.9554036,35.07643363,5675.867937
vid_000269_frame0000021.jpg,181.8207753,35.17923103,5592.096556
vid_000269_frame0000022.jpg,127.9638774,40.42134522,10557.39409
vid_000269_frame0000023.jpg,180.9706217,35.92022968,5934.345523
vid_000269_frame0000024.jpg,181.800176,34.46811212,5406.795344
vid_000269_frame0000025.jpg,180.9259949,38.06530352,6225.623388
vid_000269_frame0000026.jpg,179.5177612,38.52235114,6830.900767
vid_000269_frame0000027.jpg,180.2107798,39.22532653,6468.227813
vid_000269_frame0000028.jpg,179.3124847,39.45497526,6949.249492
vid_000269_frame0000029.jpg,180.2089691,42.07162082,7065.054599
vid_000269_frame0000030.jpg,177.8574015,43.36463475,7956.41712
vid_000269_frame0000031.jpg,177.2245433,44.17039569,8465.201781
vid_000269_frame0000032.jpg,178.6892192,43.22082339,7563.018216
vid_000269_frame0000033.jpg,176.8902893,43.43051992,8144.195653
vid_000269_frame0000034.jpg,176.4232788,42.5925307,7878.56977
vid_000269_frame0000049.jpg,169.9290059,50.31425652,14779.46558
vid_000269_frame0000051.jpg,175.0915833,49.27213824,10710.16165
vid_000269_frame0000053.jpg,179.4909312,43.57235522,8760.707914
vid_000269_frame0000054.jpg,179.5242869,43.65117279,9790.835798
vid_000269_frame0000055.jpg,176.7472788,43.46591711,10095.71195
vid_000269_frame0000056.jpg,168.5093892,41.92024571,11492.98434
vid_000269_frame0000057.jpg,165.5175527,34.36611076,8333.229179
vid_000269_frame0000058.jpg,173.3815969,31.44803687,6345.283954
vid_000269_frame0000059.jpg,177.0378367,33.56131728,6853.673895
vid_000269_frame0000060.jpg,176.1101227,40.56213064,9040.178454
vid_000269_frame0000061.jpg,177.4054972,44.90528839,9561.622084
vid_000269_frame0000062.jpg,177.6891479,45.7442183,10329.22503
vid_000269_frame0000063.jpg,176.4262644,46.9439098,11239.59074
vid_000269_frame0000064.jpg,176.2391713,47.38448116,11233.0379
vid_000269_frame0000065.jpg,177.2658844,46.65059446,10777.36927
vid_000269_frame0000066.jpg,178.4812622,46.80664096,10423.38885
vid_000270_frame0000011.jpg,158.7671661,43.24794807,10167.59205
vid_000270_frame0000012.jpg,157.9202118,43.65255187,10588.31408
vid_000270_frame0000013.jpg,158.6451823,43.32361055,9965.186536
vid_000270_frame0000014.jpg,155.9243774,43.27532533,10773.774
vid_000270_frame0000015.jpg,155.2146403,42.9748438,10522.97073
vid_000270_frame0000016.jpg,155.3255971,42.91321197,10219.01245
vid_000270_frame0000017.jpg,154.4531301,43.02711898,10482.71734
vid_000270_frame0000018.jpg,153.6086477,42.97047506,10961.68407
vid_000270_frame0000019.jpg,155.170105,42.55083743,9181.816818
vid_000270_frame0000020.jpg,153.47288,43.19408949,10849.77082
vid_000270_frame0000021.jpg,153.6377462,43.14007143,10228.82767
vid_000270_frame0000022.jpg,152.3302002,42.91791675,10908.65728
vid_000270_frame0000023.jpg,151.4045308,43.01894772,9994.142117
vid_000270_frame0000024.jpg,142.6645355,44.01798964,10413.87078
vid_000270_frame0000025.jpg,135.7772776,44.15847412,10916.92015
vid_000270_frame0000026.jpg,136.2740835,42.92771582,10507.4455
vid_000270_frame0000027.jpg,145.2088064,43.91401819,10486.26756
vid_000270_frame0000028.jpg,149.2187856,44.52250839,10423.28798
vid_000270_frame0000029.jpg,153.8614146,45.31336189,9610.388012
vid_000270_frame0000030.jpg,154.0370687,44.76755012,10062.25647
vid_000270_frame0000031.jpg,154.6807404,45.24009511,10010.62319
vid_000270_frame0000032.jpg,153.4354553,45.07276814,10449.38586
vid_000270_frame0000033.jpg,154.066452,44.82070451,10236.35799
vid_000270_frame0000041.jpg,154.0239156,45.28277792,10471.38805
vid_000270_frame0000042.jpg,155.1329397,45.88350235,10352.36395
vid_000270_frame0000043.jpg,155.7445017,46.17191744,10510.4225
vid_000270_frame0000044.jpg,156.1819255,46.98211324,10628.95176
vid_000270_frame0000045.jpg,156.7016347,47.16326827,10630.00053
vid_000270_frame0000046.jpg,157.9914246,48.25279339,10736.93506
vid_000270_frame0000047.jpg,158.8992513,49.25905263,10945.48328
vid_000270_frame0000048.jpg,160.573232,49.45015355,10712.0121
vid_000270_frame0000049.jpg,160.6967417,49.64471018,9952.021971
vid_000270_frame0000050.jpg,155.9117584,49.0338929,10398.58114
vid_000270_frame0000051.jpg,156.5812124,47.9015421,9757.469248
vid_000271_frame0000003.jpg,179.9113261,37.02999309,6046.476942
vid_000271_frame0000004.jpg,183.0245921,34.37820239,5708.433248
vid_000271_frame0000005.jpg,181.0278982,33.74315041,6194.521627
vid_000271_frame0000006.jpg,180.5396118,27.1779798,4431.392413
vid_000271_frame0000007.jpg,181.0246226,26.49123922,3966.286599
vid_000271_frame0000008.jpg,182.8347778,25.416977,4368.922163
vid_000271_frame0000009.jpg,183.0783488,26.26997,4492.210551
vid_000271_frame0000010.jpg,183.6534678,26.4843133,4481.086782
vid_000271_frame0000011.jpg,180.3950094,27.03286521,5072.510898
vid_000271_frame0000012.jpg,178.634201,27.01341415,5058.555498
vid_000271_frame0000013.jpg,178.882014,26.9500974,4868.705192
vid_000271_frame0000014.jpg,179.7000173,27.61767024,5749.680943
vid_000271_frame0000015.jpg,181.4588979,27.29594648,5287.69313
vid_000271_frame0000016.jpg,180.2955983,27.89667518,5514.113266
vid_000271_frame0000017.jpg,182.558197,29.4605406,6513.845741
vid_000271_frame0000018.jpg,181.8447418,27.96108791,5995.788063
vid_000271_frame0000019.jpg,182.4030304,26.60318339,4760.575682
vid_000271_frame0000020.jpg,180.0400696,29.99985982,5293.753238
vid_000271_frame0000021.jpg,180.4465332,30.03272632,5227.787745
vid_000271_frame0000022.jpg,179.1697744,29.84897152,5238.407513
vid_000271_frame0000023.jpg,181.5638529,26.69124193,4945.954999
vid_000271_frame0000024.jpg,120.9524892,38.66905866,12882.28022
vid_000271_frame0000025.jpg,168.4880625,33.59360949,9361.356935
vid_000271_frame0000026.jpg,173.454071,34.44716659,7733.953493
vid_000271_frame0000027.jpg,169.8302968,38.37616189,8011.552062
vid_000271_frame0000028.jpg,171.6471252,37.99417192,7214.200752
vid_000271_frame0000029.jpg,165.3414408,43.13294381,11226.03691
vid_000271_frame0000030.jpg,166.7366231,38.76322831,7417.909241
vid_000271_frame0000031.jpg,165.9709422,39.46694806,8404.680186
vid_000271_frame0000032.jpg,159.7965953,40.41758025,8220.020322
vid_000271_frame0000033.jpg,167.2133586,37.68718217,7790.413023
vid_000271_frame0000034.jpg,172.5695953,32.56896321,7754.48907
vid_000271_frame0000035.jpg,175.0546112,30.80821665,7698.772099
vid_000271_frame0000036.jpg,174.6835022,30.85990058,6819.50287
vid_000271_frame0000037.jpg,176.9691518,29.71504769,5870.481233
vid_000271_frame0000038.jpg,176.6661072,27.77339183,5391.270763
vid_000271_frame0000039.jpg,177.9634247,29.22867478,5361.340744
vid_000271_frame0000040.jpg,178.1299947,28.77234943,5091.419794
vid_000271_frame0000041.jpg,177.2232463,29.04715003,4615.68345
vid_000271_frame0000042.jpg,177.6299235,29.58806687,3668.227956
vid_000271_frame0000043.jpg,175.0844777,30.12164093,4743.118037
vid_000271_frame0000044.jpg,178.5726522,35.68461853,3270.09085
vid_000271_frame0000045.jpg,180.4570465,37.11964505,2883.828262
vid_000271_frame0000046.jpg,180.019872,36.72440126,2718.363929
vid_000271_frame0000047.jpg,177.911087,37.1410289,3514.39508
vid_000271_frame0000048.jpg,178.5166829,37.07905267,3234.748163
vid_000271_frame0000049.jpg,180.2551168,37.01781371,3547.458804
vid_000271_frame0000050.jpg,182.2043559,31.99011804,3704.572203
vid_000271_frame0000051.jpg,182.2071838,33.6613992,3582.806667
vid_000271_frame0000052.jpg,176.8749135,41.2666456,4857.559964
vid_000271_frame0000053.jpg,169.1705729,42.58207262,6539.604244
vid_000271_frame0000054.jpg,177.7970072,32.75753492,4549.408996
vid_000272_frame0000006.jpg,183.1234538,35.52864814,5025.527458
vid_000272_frame0000007.jpg,180.5728404,36.07342578,5703.749165
vid_000272_frame0000008.jpg,181.6102905,34.21146592,5724.994695
vid_000272_frame0000009.jpg,181.514033,34.34051917,5441.327184
vid_000272_frame0000010.jpg,182.8942261,34.77684644,5627.07927
vid_000272_frame0000011.jpg,184.5001424,30.01553621,4810.015654
vid_000272_frame0000012.jpg,185.2766622,27.2599905,4621.600837
vid_000272_frame0000013.jpg,190.8530935,26.26247474,4165.501353
vid_000272_frame0000014.jpg,185.9037272,27.07183209,4580.567706
vid_000272_frame0000015.jpg,186.9430186,27.42419942,4433.08701
vid_000272_frame0000016.jpg,186.4114431,28.19132192,4605.304571
vid_000272_frame0000017.jpg,186.1091359,28.47400906,4795.189238
vid_000272_frame0000018.jpg,185.645284,28.87630823,4631.572902
vid_000272_frame0000019.jpg,185.4528046,29.0552076,4767.517431
vid_000272_frame0000020.jpg,184.6656799,29.99031751,5184.486886
vid_000273_frame0000003.jpg,179.4736328,52.0091381,14417.02864
vid_000273_frame0000004.jpg,168.6296488,35.95577018,7971.879778
vid_000273_frame0000005.jpg,153.1238861,38.64676923,11771.95113
vid_000273_frame0000006.jpg,145.7815399,37.85475347,11298.40653
vid_000273_frame0000008.jpg,175.3650869,36.84370565,8507.414801
vid_000273_frame0000009.jpg,176.0028992,36.45435858,7678.42868
vid_000273_frame0000010.jpg,174.6582591,33.10217879,8916.936938
vid_000273_frame0000011.jpg,173.4942118,40.85508732,7937.273006
vid_000273_frame0000012.jpg,177.9134318,52.91398448,12153.19189
vid_000273_frame0000013.jpg,180.3628693,55.03779334,11850.96081
vid_000273_frame0000014.jpg,183.7773387,52.67856197,9328.464618
vid_000273_frame0000015.jpg,182.4501495,55.99667982,10138.23945
vid_000273_frame0000016.jpg,165.7810109,61.71377421,16837.89187
vid_000274_frame0000005.jpg,185.03184,30.88727746,4984.263608
vid_000274_frame0000006.jpg,182.1382294,31.74936804,5122.632617
vid_000274_frame0000007.jpg,181.7628276,33.15213154,6120.801372
vid_000274_frame0000008.jpg,179.637085,31.95359611,5507.236669
vid_000274_frame0000009.jpg,175.3849589,36.72608097,6307.665509
vid_000274_frame0000010.jpg,176.6243591,37.54199955,6363.825344
vid_000274_frame0000011.jpg,164.6187795,49.11155242,8354.991409
vid_000274_frame0000012.jpg,169.3069814,56.48078124,11669.92334
vid_000274_frame0000013.jpg,156.221873,42.13778353,7824.232933
vid_000275_frame0000001.jpg,92.20652771,70.49833756,11704.88355
vid_000275_frame0000002.jpg,92.82078044,70.97124508,11531.77266
vid_000275_frame0000003.jpg,92.58452352,71.09242971,11252.39712
vid_000275_frame0000004.jpg,81.9229482,67.14357287,11846.45065
vid_000275_frame0000005.jpg,82.84459432,67.37678776,11344.43726
vid_000275_frame0000006.jpg,79.84043884,65.62477994,10646.52562
vid_000275_frame0000007.jpg,83.53173319,58.83077009,9799.589067
vid_000275_frame0000008.jpg,93.96407064,63.38823326,11187.77087
vid_000275_frame0000009.jpg,93.77090963,63.28218044,11158.78461
vid_000275_frame0000010.jpg,93.70821635,63.38222614,11525.82331
vid_000275_frame0000011.jpg,93.4579366,63.2214365,11446.70941
vid_000275_frame0000019.jpg,91.75096639,61.83460089,10924.53312
vid_000275_frame0000020.jpg,91.38379924,61.93461357,11669.61137
vid_000275_frame0000021.jpg,91.45373535,61.97152914,11736.05554
vid_000275_frame0000022.jpg,91.43528239,62.02275794,11597.43197
vid_000275_frame0000023.jpg,89.00310771,61.94242274,9908.23619
vid_000275_frame0000024.jpg,81.1055247,66.22782585,11920.13467
vid_000275_frame0000025.jpg,81.45184835,66.57030532,12158.33152
vid_000275_frame0000026.jpg,83.50328573,66.76231676,11828.73518
vid_000275_frame0000027.jpg,87.59500122,68.5732259,11774.77522
vid_000275_frame0000028.jpg,90.50887553,69.59301778,11892.66311
vid_000276_frame0000001.jpg,91.13338216,74.13713729,14014.04359
vid_000276_frame0000002.jpg,91.85510763,74.82328042,13826.67768
vid_000276_frame0000003.jpg,82.50976054,68.75417354,13811.6829
vid_000276_frame0000007.jpg,66.15740458,54.84593353,11941.17247
vid_000276_frame0000008.jpg,58.07720439,51.58088417,11028.39253
vid_000276_frame0000009.jpg,59.2833608,48.57775711,10152.67551
vid_000276_frame0000010.jpg,70.25657654,50.04922778,10952.30016
vid_000276_frame0000011.jpg,72.68602498,51.88047152,11423.06363
vid_000276_frame0000012.jpg,72.39182027,51.71364631,11321.81622
vid_000276_frame0000013.jpg,72.74651591,52.34109427,12475.40659
vid_000276_frame0000014.jpg,72.32061768,52.01670068,12086.26423
vid_000276_frame0000015.jpg,72.32378133,51.93501098,11907.36521
vid_000276_frame0000019.jpg,72.16365051,51.63630015,11455.8798
vid_000276_frame0000020.jpg,65.83844503,47.94093374,10527.76827
vid_000276_frame0000021.jpg,57.96911112,50.14873302,10850.53272
vid_000276_frame0000022.jpg,58.62872314,50.62038916,11241.88059
vid_000276_frame0000023.jpg,60.15095011,51.3474572,11052.49742
vid_000276_frame0000024.jpg,61.3455658,52.90159814,11596.09372
vid_000276_frame0000025.jpg,59.6246287,52.01873198,11456.1264
vid_000277_frame0000001.jpg,92.56298828,74.39416175,12570.85641
vid_000277_frame0000002.jpg,92.67340088,74.47467356,12386.47033
vid_000277_frame0000003.jpg,88.02614848,70.63472126,12692.48077
vid_000277_frame0000006.jpg,67.31589254,55.464469,11529.79853
vid_000277_frame0000007.jpg,70.74620056,55.11640738,12113.33122
vid_000277_frame0000008.jpg,78.95222982,55.45519335,11226.87477
vid_000277_frame0000009.jpg,83.43595886,57.20913218,11225.879
vid_000277_frame0000010.jpg,84.10340373,58.17372439,11385.30993
vid_000277_frame0000011.jpg,84.79857381,58.62859091,11218.49477
vid_000277_frame0000012.jpg,85.87701416,59.69381486,11907.39085
vid_000277_frame0000013.jpg,86.35298157,60.07729534,12175.76105
vid_000277_frame0000014.jpg,87.06530253,60.95517917,13317.11829
vid_000277_frame0000015.jpg,87.87914022,61.26875776,13329.41314
vid_000277_frame0000016.jpg,87.9357605,61.4280327,13543.84768
vid_000277_frame0000017.jpg,87.07362366,60.68747868,12502.76255
vid_000277_frame0000018.jpg,86.22672017,60.60981267,13988.67532
vid_000277_frame0000019.jpg,86.34351095,60.13086972,12742.43796
vid_000277_frame0000020.jpg,86.43245443,60.73190767,13570.51258
vid_000277_frame0000022.jpg,87.30560303,60.98200307,13525.4168
vid_000277_frame0000023.jpg,87.72910563,61.11517776,12951.91682
vid_000277_frame0000024.jpg,87.16052246,61.11179176,13826.27132
vid_000277_frame0000025.jpg,86.80875142,60.64016594,12785.57146
vid_000277_frame0000026.jpg,86.7506663,60.5257665,12691.33262
vid_000278_frame0000001.jpg,69.03014119,48.46532632,11092.61942
vid_000278_frame0000002.jpg,69.13892619,48.43401834,11073.36171
vid_000278_frame0000003.jpg,71.75080872,50.15954903,11050.61313
vid_000278_frame0000004.jpg,72.08036296,50.46602,10756.46998
vid_000278_frame0000005.jpg,73.01481628,50.82850395,11059.09213
vid_000278_frame0000006.jpg,72.58200582,50.3437995,10744.46486
vid_000278_frame0000007.jpg,71.59963481,49.95557425,11018.46904
vid_000278_frame0000008.jpg,69.78675842,49.27842493,11100.05929
vid_000278_frame0000009.jpg,66.19667053,47.77002898,11250.41344
vid_000278_frame0000010.jpg,66.26485189,47.30530019,11088.29002
vid_000278_frame0000011.jpg,64.385849,46.4274036,10974.3238
vid_000278_frame0000012.jpg,63.53784688,46.59553304,11360.58471
vid_000278_frame0000013.jpg,65.25672404,47.01374195,11418.56555
vid_000278_frame0000014.jpg,67.14406331,47.3655526,11022.93195
vid_000278_frame0000015.jpg,69.88618978,48.9111108,10891.38244
vid_000278_frame0000016.jpg,72.50904846,51.05095495,10812.0635
vid_000279_frame0000001.jpg,74.62477112,53.00190872,11540.87863
vid_000279_frame0000002.jpg,75.33283997,53.22888081,11370.47138
vid_000279_frame0000003.jpg,71.81159973,50.69669987,10924.35831
vid_000279_frame0000004.jpg,70.34234619,49.60464531,11020.31854
vid_000279_frame0000005.jpg,75.91148885,54.35640096,11212.15208
vid_000279_frame0000006.jpg,74.41408285,53.94693658,11187.90547
vid_000279_frame0000007.jpg,70.18809001,50.0652877,10601.49326
vid_000279_frame0000008.jpg,66.196462,47.86962061,10957.31768
vid_000279_frame0000009.jpg,63.20709229,50.8835674,13566.68226
vid_000279_frame0000010.jpg,59.32199097,48.96463782,13442.41833
vid_000280_frame0000001.jpg,49.08410645,57.01365932,15349.69713
vid_000280_frame0000002.jpg,48.92961121,56.8555141,15247.24225
vid_000280_frame0000003.jpg,48.82452901,57.02602927,15186.09169
vid_000280_frame0000004.jpg,48.70366923,56.92185983,14821.68279
vid_000280_frame0000005.jpg,71.98210144,60.88150882,12395.48694
vid_000280_frame0000006.jpg,81.06621297,63.78718438,15232.80584
vid_000280_frame0000007.jpg,79.41954041,65.6481639,16680.65816
vid_000280_frame0000008.jpg,79.41752625,65.95924039,17621.98703
vid_000280_frame0000009.jpg,79.86306254,61.97384462,12248.54256
vid_000280_frame0000010.jpg,71.87450663,56.23045806,11540.44317
vid_000280_frame0000011.jpg,79.0175883,56.08916374,11260.78384
vid_000280_frame0000012.jpg,77.28545634,55.19447809,11288.19891
vid_000280_frame0000013.jpg,76.43255615,54.71912347,11287.20603
vid_000280_frame0000014.jpg,76.30229187,54.83204943,11603.02526
vid_000280_frame0000031.jpg,74.42726135,53.81690767,11510.85018
vid_000281_frame0000001.jpg,71.48819478,51.7502026,12876.95977
vid_000281_frame0000002.jpg,71.55781555,51.6899836,12875.62971
vid_000281_frame0000003.jpg,71.52819316,51.6747101,12446.71333
vid_000281_frame0000004.jpg,72.87955221,52.40445508,12448.42547
vid_000281_frame0000005.jpg,73.84361776,52.99437362,12357.32036
vid_000281_frame0000006.jpg,75.09631856,53.96245499,12420.88229
vid_000281_frame0000007.jpg,76.74648539,54.90884202,12460.82377
vid_000281_frame0000008.jpg,78.00893148,55.60836451,12172.05945
vid_000281_frame0000009.jpg,79.5216217,56.39869309,12292.4773
vid_000281_frame0000010.jpg,79.49151611,56.70664731,12555.35653
vid_000281_frame0000011.jpg,78.71608988,56.26182138,12458.02156
vid_000281_frame0000012.jpg,78.78231303,56.43874855,12893.99726
vid_000281_frame0000013.jpg,80.51358032,57.38348639,12556.86829
vid_000281_frame0000014.jpg,82.26178996,58.51705187,12617.66849
vid_000281_frame0000015.jpg,83.82601929,59.19153943,12542.1492
vid_000281_frame0000016.jpg,85.12694295,59.99428649,12732.33354
vid_000281_frame0000017.jpg,85.48281352,60.08106435,12387.31251
vid_000281_frame0000018.jpg,84.59411112,59.9542251,13315.58753
vid_000281_frame0000019.jpg,84.60112,59.71759217,12722.24275
vid_000281_frame0000020.jpg,83.83958435,59.43069832,13272.12033
vid_000281_frame0000021.jpg,84.07670085,59.39131652,13036.00614
vid_000281_frame0000022.jpg,83.65882874,59.16051413,12950.48919
vid_000281_frame0000023.jpg,83.98031108,59.35069579,13008.15075
vid_000281_frame0000024.jpg,84.14501953,59.85457472,13528.62088
vid_000281_frame0000025.jpg,84.44315592,59.83722549,12843.27296
vid_000281_frame0000026.jpg,83.70983378,59.45356068,13166.27291
vid_000281_frame0000027.jpg,82.82322693,58.94785152,13209.63925
vid_000281_frame0000028.jpg,82.31733195,58.61404664,13360.07304
vid_000281_frame0000029.jpg,83.06468709,58.934598,12925.5884
vid_000281_frame0000030.jpg,82.47243754,58.8533827,13471.46604
vid_000281_frame0000031.jpg,81.62944539,58.48012888,13389.08017
vid_000281_frame0000032.jpg,82.00604248,58.73924656,13434.42181
vid_000281_frame0000033.jpg,83.88174438,59.74701408,13307.26787
vid_000281_frame0000034.jpg,84.55704244,60.42431178,13518.44213
vid_000281_frame0000035.jpg,84.25840759,60.23955873,13485.65817
vid_000281_frame0000036.jpg,83.12880961,59.29803378,13165.82605
vid_000281_frame0000037.jpg,82.417099,59.148625,13146.00368
vid_000281_frame0000038.jpg,82.43040466,58.50915759,12361.66821
vid_000281_frame0000039.jpg,82.5977478,58.13747484,11951.75298
vid_000282_frame0000011.jpg,77.59407552,33.88868292,6865.182928
vid_000282_frame0000012.jpg,75.97654215,34.02758148,6801.574959
vid_000282_frame0000013.jpg,74.61624654,33.98635225,6663.865487
vid_000282_frame0000014.jpg,74.64257304,34.48824575,7289.954352
vid_000282_frame0000015.jpg,74.57247925,33.89246425,6805.226486
vid_000282_frame0000016.jpg,74.3782196,33.85466493,6866.413074
vid_000282_frame0000017.jpg,73.86961365,33.64033883,6688.361842
vid_000282_frame0000018.jpg,73.8481547,33.97076047,6882.169554
vid_000282_frame0000019.jpg,74.4529012,33.34478648,6209.809004
vid_000282_frame0000020.jpg,74.31531779,34.53482908,7396.97618
vid_000282_frame0000021.jpg,74.698644,34.22153851,7021.920627
vid_000282_frame0000022.jpg,73.45269267,33.84499675,6938.865959
vid_000282_frame0000023.jpg,73.0223643,33.20706722,6761.842235
vid_000282_frame0000024.jpg,71.99915568,32.67359782,7063.126995
vid_000282_frame0000025.jpg,71.54670207,32.41070992,6961.759381
vid_000282_frame0000026.jpg,71.35539246,31.50332436,6879.771412
vid_000282_frame0000033.jpg,72.0492452,30.58884162,6674.144885
vid_000282_frame0000034.jpg,77.21510824,32.09666487,6288.293733
vid_000282_frame0000035.jpg,77.80391947,31.5529466,6312.290316
vid_000282_frame0000036.jpg,79.30774943,31.39336461,6338.551775
vid_000282_frame0000037.jpg,83.9651947,32.46731715,6994.175607
vid_000282_frame0000038.jpg,90.94030253,32.69128935,6504.252888
vid_000282_frame0000039.jpg,93.04874674,32.63566645,6148.989325
vid_000282_frame0000040.jpg,93.15001933,32.93480972,6682.031286
vid_000282_frame0000041.jpg,92.90223694,32.73025437,6740.729849
vid_000282_frame0000042.jpg,92.93830363,33.02083798,6694.073697
vid_000282_frame0000043.jpg,95.68822734,33.37761049,6821.216708
vid_000282_frame0000044.jpg,102.2089589,33.81324733,7000.787202
vid_000282_frame0000045.jpg,102.2163951,33.54071929,6821.734956
vid_000282_frame0000046.jpg,101.9574636,33.60651097,7092.415455
vid_000282_frame0000052.jpg,117.5819651,38.98405229,9438.12754
vid_000282_frame0000058.jpg,120.581543,41.73565066,11712.15081
vid_000282_frame0000059.jpg,120.6297201,41.42258299,11049.76935
vid_000282_frame0000060.jpg,120.137502,41.71546594,11688.78699
vid_000282_frame0000061.jpg,120.2637939,41.41989608,11422.95242
vid_000282_frame0000081.jpg,119.4457296,45.09471251,12982.55967
vid_000282_frame0000082.jpg,119.6437734,44.90752896,12373.39801
vid_000282_frame0000083.jpg,119.2318929,44.84913413,12433.31986
vid_000282_frame0000101.jpg,102.6848297,36.69993406,8707.230682
vid_000282_frame0000102.jpg,102.3249054,36.69928676,8525.660273
vid_000282_frame0000103.jpg,101.7987925,37.042935,8469.293458
vid_000282_frame0000104.jpg,100.5551758,35.909707,7800.971522
vid_000282_frame0000105.jpg,99.04006449,34.12629799,7429.658413
vid_000283_frame0000007.jpg,83.88428752,40.54621414,7000.413558
vid_000283_frame0000008.jpg,84.51707967,40.99738636,7059.855331
vid_000283_frame0000009.jpg,85.52939351,41.33348794,6777.143549
vid_000283_frame0000010.jpg,84.78007507,41.39094423,7316.898992
vid_000283_frame0000011.jpg,84.70859782,41.05602444,6959.5131
vid_000283_frame0000012.jpg,83.54879761,41.03162894,7383.646625
vid_000283_frame0000013.jpg,82.83538818,40.52130838,7250.165257
vid_000283_frame0000014.jpg,81.50958761,39.88943217,7088.508524
vid_000283_frame0000015.jpg,78.96985881,39.15188454,7355.192428
vid_000283_frame0000016.jpg,87.38992818,43.42800921,7293.428487
vid_000283_frame0000017.jpg,97.8482666,46.57927951,7366.433384
vid_000283_frame0000018.jpg,100.8187103,47.53802324,7379.086155
vid_000283_frame0000030.jpg,114.0631307,45.54952881,7826.603325
vid_000283_frame0000031.jpg,114.6375987,45.99565477,7625.802687
vid_000283_frame0000032.jpg,113.8655904,45.0459191,7725.311212
vid_000283_frame0000054.jpg,109.4223938,42.76870026,6772.204595
vid_000283_frame0000055.jpg,103.2315776,41.81619943,6859.358708
vid_000283_frame0000056.jpg,100.3072459,40.36764911,6893.588882
vid_000283_frame0000071.jpg,100.1716614,40.94150051,6837.022677
vid_000283_frame0000072.jpg,99.86345418,40.197361,6788.833738
vid_000283_frame0000073.jpg,99.38756307,40.7856109,7294.864202
vid_000283_frame0000074.jpg,100.3221639,41.04559001,6895.767722
vid_000284_frame0000016.jpg,70.3563741,33.96828614,7520.476044
vid_000284_frame0000017.jpg,70.38909403,33.67247027,7287.533277
vid_000284_frame0000018.jpg,70.16085815,33.92663203,7225.529291
vid_000284_frame0000019.jpg,70.98651123,33.75667314,6833.95498
vid_000284_frame0000020.jpg,73.74622091,35.66054675,7628.880626
vid_000284_frame0000021.jpg,76.27518209,35.22544369,7155.174393
vid_000284_frame0000022.jpg,76.79252625,35.04471775,7130.586382
vid_000284_frame0000023.jpg,82.95795186,36.50529402,6806.353395
vid_000284_frame0000024.jpg,84.78257243,37.37090677,6949.390426
vid_000284_frame0000025.jpg,84.36410014,36.79278046,6590.421859
vid_000284_frame0000026.jpg,83.94302368,36.85079136,6863.307287
vid_000284_frame0000027.jpg,84.45826213,37.12885135,6943.953794
vid_000284_frame0000028.jpg,84.49667867,37.55871663,7159.312405
vid_000284_frame0000029.jpg,85.66320801,37.83500663,6821.122404
vid_000284_frame0000030.jpg,86.20098877,39.19785026,7286.169951
vid_000284_frame0000031.jpg,87.72861226,40.16251639,7475.949106
vid_000284_frame0000032.jpg,88.52771505,40.59867919,7752.813533
vid_000284_frame0000033.jpg,90.00902812,41.43334087,7373.563535
vid_000284_frame0000034.jpg,89.46503703,41.75573823,7940.171303
vid_000284_frame0000035.jpg,89.65973409,41.64064378,7772.14251
vid_000284_frame0000036.jpg,89.62171427,41.39788483,7487.395115
vid_000284_frame0000037.jpg,89.97227987,41.70326812,7407.984028
vid_000284_frame0000038.jpg,90.59593201,42.39293698,7657.977823
vid_000284_frame0000039.jpg,91.96612549,42.3837907,7219.769514
vid_000284_frame0000040.jpg,94.95133972,44.38989372,7491.913367
vid_000284_frame0000041.jpg,106.3626912,46.65150197,7508.973108
vid_000284_frame0000042.jpg,111.9101308,47.21471815,7629.665193
vid_000284_frame0000043.jpg,114.402654,46.79572403,7803.872469
vid_000284_frame0000044.jpg,117.3905487,47.90679714,8186.77917
vid_000284_frame0000045.jpg,126.9971364,47.13561123,7410.19555
vid_000284_frame0000046.jpg,126.8837992,46.96123812,7459.610423
vid_000284_frame0000047.jpg,127.313563,47.07933006,7608.777472
vid_000284_frame0000048.jpg,127.391571,46.86102323,7511.121788
vid_000284_frame0000049.jpg,127.973526,46.51223382,7076.146352
vid_000284_frame0000050.jpg,127.4390055,46.68592665,7589.025422
vid_000284_frame0000051.jpg,125.5935822,46.26408995,7621.660185
vid_000284_frame0000052.jpg,125.4014384,46.32201733,7754.056112
vid_000284_frame0000053.jpg,125.5207113,46.33781175,7615.574404
vid_000284_frame0000054.jpg,125.5817108,45.83372174,7358.037807
vid_000284_frame0000055.jpg,124.7299245,46.14616008,7537.583141
vid_000284_frame0000056.jpg,123.736084,45.83665733,7515.765929
vid_000284_frame0000057.jpg,121.9559733,46.23682085,7460.924256
vid_000284_frame0000058.jpg,120.1152344,46.3691797,8070.679799
vid_000284_frame0000059.jpg,117.3636475,46.39274619,7525.843217
vid_000284_frame0000060.jpg,115.3160655,45.33077242,7352.679694
vid_000284_frame0000061.jpg,113.9096832,45.06725001,7321.859008
vid_000285_frame0000001.jpg,124.7888845,60.3451405,10093.31758
vid_000285_frame0000002.jpg,124.8266296,60.24509945,9774.743642
vid_000285_frame0000003.jpg,125.6961263,60.48988713,9533.856157
vid_000285_frame0000004.jpg,129.3995514,61.94005329,9879.039735
vid_000285_frame0000005.jpg,132.4983927,62.73268914,9642.324411
vid_000285_frame0000006.jpg,136.9821421,64.11722884,9335.147331
vid_000285_frame0000007.jpg,139.9706217,65.24736796,9543.954835
vid_000285_frame0000008.jpg,141.8672434,66.56090913,10028.2089
vid_000285_frame0000009.jpg,144.8228099,66.78959688,8396.15512
vid_000285_frame0000010.jpg,131.5157471,63.09147564,8092.937305
vid_000285_frame0000011.jpg,122.7851461,61.26145602,8921.832693
vid_000285_frame0000012.jpg,131.7486216,63.05559985,9098.129155
vid_000285_frame0000013.jpg,134.516271,63.9265728,10067.64412
vid_000285_frame0000014.jpg,135.4049327,64.63519467,12262.83315
vid_000285_frame0000015.jpg,144.8678284,65.99953204,10878.43753
vid_000285_frame0000016.jpg,133.9033661,59.75673694,9526.303276
vid_000285_frame0000017.jpg,134.6214956,62.11351155,15373.27566
vid_000285_frame0000018.jpg,144.5086416,63.19936129,14373.33963
vid_000285_frame0000019.jpg,146.0848287,63.45876214,14090.7328
vid_000285_frame0000020.jpg,145.7190959,64.01820124,15638.98917
vid_000285_frame0000021.jpg,139.5444946,62.29044127,14874.32915
vid_000285_frame0000022.jpg,138.3352203,62.30666442,15251.47553
vid_000285_frame0000023.jpg,138.416982,62.16663769,14993.04842
vid_000285_frame0000024.jpg,138.5863647,62.20487006,15338.16212
vid_000285_frame0000025.jpg,138.2881215,62.24229577,15051.95146
vid_000285_frame0000026.jpg,138.6688944,62.0640893,14706.67805
vid_000285_frame0000027.jpg,138.3611348,62.10385649,14763.91957
vid_000285_frame0000028.jpg,138.0870005,62.35008024,15594.77284
vid_000285_frame0000029.jpg,138.2309062,61.78525291,14251.62138
vid_000285_frame0000030.jpg,137.9126078,62.11427344,15529.63515
vid_000285_frame0000031.jpg,137.9312286,62.21547538,14846.27995
vid_000285_frame0000032.jpg,145.4645793,60.97566619,15128.14478
vid_000285_frame0000033.jpg,147.1339569,59.33179525,12608.04993
vid_000285_frame0000034.jpg,147.6268819,58.37365437,13166.60976
vid_000285_frame0000035.jpg,147.8388062,57.9324368,13539.42958
vid_000285_frame0000036.jpg,147.5030111,57.63155613,12292.89963
vid_000285_frame0000037.jpg,147.70696,58.0598994,13267.58331
vid_000285_frame0000038.jpg,147.873057,58.00718942,13373.49927
vid_000285_frame0000039.jpg,148.0028585,57.70148047,13113.75647
vid_000285_frame0000040.jpg,148.0329641,58.0549136,13363.41423
vid_000285_frame0000041.jpg,148.0584666,58.15732026,13615.0861
vid_000285_frame0000042.jpg,147.714091,58.16514869,13352.88548
vid_000285_frame0000043.jpg,148.1208852,57.80338813,13338.66897
vid_000285_frame0000044.jpg,148.3205566,57.97426645,13498.27308
vid_000285_frame0000045.jpg,148.214625,58.14282778,13738.32006
vid_000285_frame0000046.jpg,147.7915192,57.77436205,12837.30596
vid_000285_frame0000047.jpg,148.0536397,58.17222073,13471.43596
vid_000285_frame0000048.jpg,147.9868266,58.11940243,13443.47184
vid_000285_frame0000049.jpg,147.8006744,57.90097747,13001.85263
vid_000285_frame0000050.jpg,147.9369405,57.96889285,13415.53956
vid_000285_frame0000051.jpg,148.1804555,58.22506152,13597.20881
vid_000285_frame0000052.jpg,148.2611643,58.30316517,13524.79908
vid_000285_frame0000053.jpg,147.6893107,58.24596664,13518.75107
vid_000285_frame0000054.jpg,147.463679,57.9226656,13480.20903
vid_000285_frame0000055.jpg,147.8363139,58.05761787,13723.8097
vid_000285_frame0000056.jpg,147.8803151,57.88094672,12998.31229
vid_000285_frame0000057.jpg,147.8337148,57.96340343,13716.93744
vid_000285_frame0000058.jpg,147.569514,58.21453852,13764.62362
vid_000285_frame0000059.jpg,147.888092,57.4934363,12870.22353
vid_000285_frame0000060.jpg,147.631897,57.91244421,13573.72134
vid_000285_frame0000061.jpg,147.551,57.75187791,13335.22762
vid_000285_frame0000062.jpg,147.5807088,58.05675533,13507.27385
vid_000285_frame0000063.jpg,147.5655111,57.91002491,13448.79175
vid_000285_frame0000064.jpg,147.6547394,58.01212957,13611.49678
vid_000285_frame0000065.jpg,147.7436523,58.02522186,13565.26291
vid_000285_frame0000066.jpg,148.0676473,57.39141493,12731.48525
vid_000285_frame0000067.jpg,138.3521372,59.4475812,11651.36401
vid_000285_frame0000068.jpg,126.5886485,60.57848994,10575.72091
vid_000285_frame0000069.jpg,134.7617493,61.75367254,10289.52758
vid_000285_frame0000070.jpg,139.3098958,63.44091726,11270.38751
vid_000285_frame0000071.jpg,139.2847188,63.55194482,11558.19818
vid_000285_frame0000072.jpg,135.3992615,62.73561962,11488.90572
vid_000285_frame0000073.jpg,132.9306691,61.92580305,11603.92695
vid_000285_frame0000074.jpg,132.6997833,61.97883929,11064.84483
vid_000285_frame0000075.jpg,132.8422445,61.99238101,11624.80753
vid_000285_frame0000076.jpg,132.9938507,61.35422222,10471.03877
vid_000285_frame0000077.jpg,132.7900747,61.85726581,11116.1276
vid_000285_frame0000078.jpg,132.7401428,61.8098153,10937.52313
vid_000285_frame0000079.jpg,133.0375264,61.60916766,11066.20543
vid_000285_frame0000080.jpg,132.9016113,61.80414767,11188.50376
vid_000285_frame0000081.jpg,132.674708,62.01837915,11458.385
vid_000285_frame0000082.jpg,132.7410278,61.99727133,10888.32816
vid_000285_frame0000083.jpg,132.6512502,61.97702406,11051.47867
vid_000285_frame0000084.jpg,132.6542308,61.9698182,11139.46549
vid_000285_frame0000085.jpg,133.1542918,62.25078359,11345.07696
vid_000285_frame0000086.jpg,133.3924306,61.60677776,10311.91744
vid_000285_frame0000087.jpg,133.7176107,62.05371489,11731.63676
vid_000285_frame0000088.jpg,133.7619934,61.9848064,11831.40792
vid_000285_frame0000089.jpg,133.7680257,61.82732086,11840.3511
vid_000285_frame0000090.jpg,133.3411967,61.70636173,11902.8069
vid_000285_frame0000091.jpg,133.036204,61.96445194,12219.192
vid_000285_frame0000092.jpg,133.113327,61.80706753,11921.48831
vid_000285_frame0000093.jpg,132.6171163,61.74541689,12623.28409
vid_000285_frame0000094.jpg,132.5602264,61.72100795,12339.91589
vid_000285_frame0000095.jpg,132.145401,62.07391727,12332.73098
vid_000285_frame0000096.jpg,132.7550405,61.57091181,11008.06041
vid_000285_frame0000097.jpg,132.9026693,61.94353586,12616.9171
vid_000285_frame0000098.jpg,132.957901,61.66384072,11877.07528
vid_000285_frame0000099.jpg,132.8827362,61.6007837,12295.3259
vid_000285_frame0000100.jpg,132.4901326,62.05285503,12642.21918
vid_000285_frame0000101.jpg,132.7697906,62.04640043,12676.8052
vid_000285_frame0000102.jpg,132.6693878,61.86090132,12510.61869
vid_000285_frame0000103.jpg,132.7425232,61.90845064,12072.48406
vid_000285_frame0000104.jpg,132.9406077,61.88298155,12095.15875
vid_000285_frame0000105.jpg,132.6101939,61.94055109,12116.49659
vid_000285_frame0000106.jpg,132.8367106,61.57734674,11346.70692
vid_000285_frame0000107.jpg,132.5180918,61.86572359,12415.04877
vid_000285_frame0000108.jpg,132.6381582,61.85715524,11845.72716
vid_000285_frame0000109.jpg,132.903656,61.25825958,11748.94654
vid_000285_frame0000110.jpg,132.7387695,61.95025465,12416.47853
vid_000285_frame0000111.jpg,132.9266612,61.79916395,12184.69443
vid_000285_frame0000112.jpg,132.5247752,61.87757811,12147.46723
vid_000285_frame0000113.jpg,132.9777222,61.92865432,12220.81759
vid_000285_frame0000114.jpg,132.7325745,61.94291723,12437.37397
vid_000285_frame0000115.jpg,132.8495738,61.89708849,12443.01535
vid_000285_frame0000116.jpg,132.9826152,61.51361589,11215.51681
vid_000285_frame0000117.jpg,132.9353078,61.96252639,12251.96446
vid_000285_frame0000118.jpg,133.0208435,61.97277688,12201.60784
vid_000285_frame0000119.jpg,133.1941376,61.31354901,12063.7301
vid_000285_frame0000120.jpg,132.5035146,61.7939188,12307.00012
vid_000285_frame0000121.jpg,133.1984049,61.7334904,12378.81333
vid_000285_frame0000122.jpg,132.6679637,61.95349031,12599.14902
vid_000285_frame0000123.jpg,132.950887,61.79098743,12307.83783
vid_000285_frame0000124.jpg,132.8553619,62.06752414,12516.4251
vid_000285_frame0000125.jpg,132.9204814,61.95163739,12267.2332
vid_000285_frame0000126.jpg,132.6509755,61.44271923,11450.55919
vid_000285_frame0000127.jpg,132.8659058,61.81897078,12383.00281
vid_000285_frame0000128.jpg,132.750295,61.81893277,11944.13541
vid_000285_frame0000129.jpg,132.9887695,61.40740319,12185.07893
vid_000285_frame0000130.jpg,132.6224314,61.95904924,12414.79172
vid_000285_frame0000131.jpg,132.9491984,62.10941507,12343.98487
vid_000285_frame0000132.jpg,132.6707967,61.85114832,12616.70785
vid_000285_frame0000133.jpg,132.6179199,61.81955458,12174.16586
vid_000285_frame0000134.jpg,132.4999949,62.0307149,12496.63631
vid_000285_frame0000135.jpg,132.6400604,62.07215641,12680.60902
vid_000285_frame0000136.jpg,133.2513123,61.71240633,11629.82954
vid_000285_frame0000137.jpg,132.6093445,61.80823242,12106.83212
vid_000285_frame0000138.jpg,132.7994029,62.03109698,12267.27316
vid_000285_frame0000139.jpg,132.7215627,61.46230695,11927.62276
vid_000285_frame0000140.jpg,132.6441294,61.98750991,12854.52322
vid_000285_frame0000141.jpg,132.496287,61.86182352,12044.81432
vid_000285_frame0000142.jpg,132.4557749,61.98078553,12227.67547
vid_000285_frame0000143.jpg,132.711024,61.70240813,12042.0132
vid_000285_frame0000144.jpg,132.6364797,61.95364164,12434.64974
vid_000285_frame0000145.jpg,132.8553569,61.85941712,12134.64529
vid_000285_frame0000146.jpg,132.8123678,61.51643265,11294.85371
vid_000285_frame0000147.jpg,133.0462596,62.41918621,11576.41668
vid_000285_frame0000148.jpg,131.8787333,64.8709414,15155.90058
vid_000285_frame0000149.jpg,138.7981618,66.97639662,15523.6097
vid_000285_frame0000150.jpg,149.2225698,69.09241645,17121.96956
vid_000285_frame0000151.jpg,129.6693522,64.93741812,18202.8237
vid_000285_frame0000152.jpg,134.2121328,65.55432546,17437.78178
vid_000285_frame0000153.jpg,143.6387431,67.11106622,16398.21942
vid_000285_frame0000154.jpg,144.2078247,67.95001097,18129.13595
vid_000285_frame0000155.jpg,141.6730754,66.76530247,17631.0211
vid_000285_frame0000156.jpg,137.4766032,65.818751,17029.67601
vid_000285_frame0000157.jpg,136.9804637,65.59855137,17577.95026
vid_000285_frame0000158.jpg,136.8142904,65.8914368,18203.27671
vid_000285_frame0000159.jpg,137.2700399,65.27612464,17216.75542
vid_000285_frame0000160.jpg,136.7881673,65.75450839,18246.5021
vid_000285_frame0000161.jpg,136.9121806,65.60977423,17103.79496
vid_000285_frame0000162.jpg,137.1309153,66.08733498,18437.37303
vid_000285_frame0000163.jpg,137.3838704,65.80290774,17208.71773
vid_000285_frame0000164.jpg,137.4303589,66.09007646,18052.56579
vid_000285_frame0000165.jpg,137.2052104,65.61425192,17359.26835
vid_000285_frame0000166.jpg,137.714325,65.62418971,17022.3719
vid_000285_frame0000167.jpg,137.1207937,66.6849231,17884.77389
vid_000285_frame0000168.jpg,137.2220561,66.96378177,19076.80943
vid_000285_frame0000169.jpg,137.7139537,66.71801601,18182.9792
vid_000285_frame0000170.jpg,137.2121277,67.02111267,18428.76224
vid_000285_frame0000171.jpg,137.4234467,67.23149003,18132.39706
vid_000285_frame0000172.jpg,137.5335134,67.01445752,18217.96205
vid_000285_frame0000173.jpg,137.7001597,66.55149164,17823.61425
vid_000285_frame0000174.jpg,137.8370514,67.21766192,18676.08735
vid_000285_frame0000175.jpg,138.1356506,67.1419873,18747.56285
vid_000285_frame0000176.jpg,138.5300903,66.99153395,18297.96597
vid_000285_frame0000177.jpg,138.5185038,67.06214834,18855.89243
vid_000285_frame0000178.jpg,137.7424978,66.72429904,18327.75777
vid_000285_frame0000179.jpg,137.8868612,66.13994786,17826.68436
vid_000285_frame0000180.jpg,137.8934021,66.4522885,18059.47893
vid_000285_frame0000181.jpg,137.2662608,66.5248032,18226.8369
vid_000285_frame0000182.jpg,137.4545339,66.65275295,18597.48029
vid_000285_frame0000183.jpg,137.5164591,66.5518,17801.0002
vid_000285_frame0000184.jpg,137.4810384,66.81827163,18380.25913
vid_000285_frame0000185.jpg,137.631546,66.56178186,18289.38132
vid_000285_frame0000186.jpg,137.8066661,66.38383009,17208.11045
vid_000285_frame0000187.jpg,137.341507,66.95541634,18359.54811
vid_000285_frame0000188.jpg,137.4040883,66.93998062,18370.0295
vid_000285_frame0000189.jpg,137.5816701,66.60510937,18287.05897
vid_000286_frame0000001.jpg,56.64009094,52.54209387,12950.80881
vid_000286_frame0000002.jpg,56.62889099,52.28969874,12742.59181
vid_000286_frame0000003.jpg,56.62406413,52.27953791,12840.85716
vid_000286_frame0000004.jpg,62.54590861,54.19735557,14718.2159
vid_000286_frame0000005.jpg,62.87823486,54.46295367,14468.13723
vid_000286_frame0000006.jpg,65.4640859,55.53570775,14522.96737
vid_000286_frame0000007.jpg,65.55505371,55.06851849,14796.35391
vid_000286_frame0000008.jpg,65.4601593,55.30911797,15010.92982
vid_000286_frame0000009.jpg,73.30769857,57.02251527,14114.93174
vid_000286_frame0000010.jpg,72.56165568,56.58471974,14698.95193
vid_000286_frame0000011.jpg,71.56523641,56.1731707,14762.60387
vid_000286_frame0000012.jpg,70.3977712,56.34356085,15107.81477
vid_000286_frame0000013.jpg,69.92790222,56.23493727,14970.33473
vid_000286_frame0000014.jpg,69.39872742,55.32791437,14184.34618
vid_000286_frame0000015.jpg,69.38777669,55.62289459,15650.8694
vid_000286_frame0000016.jpg,68.58743795,55.06786893,15050.2586
vid_000286_frame0000017.jpg,67.86099752,54.00467022,14410.46989
vid_000286_frame0000018.jpg,66.04603577,54.10322051,14434.2133
vid_000286_frame0000019.jpg,64.58251444,52.86331312,14269.45978
vid_000286_frame0000020.jpg,63.03004964,52.53987504,14125.51815
vid_000286_frame0000021.jpg,63.06877136,52.20427387,14346.17593
vid_000286_frame0000022.jpg,63.92796834,52.39584841,13878.78476
vid_000286_frame0000023.jpg,63.36848958,51.81773662,14367.01687
vid_000286_frame0000024.jpg,60.26998393,51.1175469,13305.50508
vid_000286_frame0000025.jpg,52.64588928,56.1859387,14761.82431
vid_000286_frame0000026.jpg,54.40599569,57.14751689,15046.23625
vid_000287_frame0000001.jpg,88.35698446,64.32326638,13398.33062
vid_000287_frame0000002.jpg,88.39986674,64.17636598,12973.23053
vid_000287_frame0000003.jpg,91.78490702,65.90499563,12660.48202
vid_000287_frame0000004.jpg,92.96071879,67.24740953,14214.40396
vid_000287_frame0000005.jpg,88.92696635,65.02306776,13537.40013
vid_000287_frame0000006.jpg,87.73938497,63.9836186,12498.6538
vid_000287_frame0000007.jpg,93.72936503,65.91143454,11957.47503
vid_000287_frame0000008.jpg,96.18239848,66.18673707,11273.91378
vid_000287_frame0000009.jpg,90.2253418,63.14216641,10921.03383
vid_000287_frame0000010.jpg,70.55872599,59.34585248,11386.86997
vid_000288_frame0000007.jpg,123.0118001,61.37055553,9037.738302
vid_000288_frame0000008.jpg,116.9551748,58.18965806,9098.8974
vid_000288_frame0000009.jpg,113.0887756,55.48665995,8081.940986
vid_000288_frame0000010.jpg,103.676712,55.15996157,8366.675727
vid_000288_frame0000011.jpg,99.18017578,52.92229372,7954.046498
vid_000288_frame0000012.jpg,98.30127462,52.2562468,8396.90401
vid_000288_frame0000013.jpg,97.80875651,52.06314279,7968.507382
vid_000288_frame0000014.jpg,96.99931844,51.86853026,8203.43395
vid_000288_frame0000015.jpg,95.96690369,51.44280594,7936.379667
vid_000288_frame0000016.jpg,94.68713379,50.95857925,7719.222507
vid_000288_frame0000017.jpg,94.08150736,50.88182722,7669.638622
vid_000288_frame0000018.jpg,92.78712463,49.98479086,7729.146726
vid_000288_frame0000019.jpg,92.32051595,49.44897391,7250.805493
vid_000288_frame0000020.jpg,91.24014282,49.11306123,7472.065691
vid_000288_frame0000021.jpg,90.40175374,48.12290543,7113.163591
vid_000288_frame0000022.jpg,88.99487305,47.53753201,7298.942649
vid_000288_frame0000023.jpg,88.23925781,46.95610666,7235.151021
vid_000288_frame0000024.jpg,87.41801961,46.44808176,7396.668333
vid_000288_frame0000025.jpg,86.73297119,45.8727942,7335.250943
vid_000288_frame0000026.jpg,86.61890157,45.78254765,7146.153199
vid_000288_frame0000027.jpg,86.12189229,45.29719389,7215.049425
vid_000288_frame0000028.jpg,86.45046488,45.85320786,7612.865088
vid_000288_frame0000029.jpg,87.16688029,45.83581814,7352.850324
vid_000288_frame0000030.jpg,87.34409587,46.06840533,7454.77359
vid_000288_frame0000031.jpg,87.68559265,46.41913138,7480.337019
vid_000288_frame0000032.jpg,88.24546305,46.81103198,7431.635714
vid_000288_frame0000033.jpg,88.78237915,47.41342877,7227.510576
vid_000288_frame0000034.jpg,88.11657715,47.3109673,7530.13325
vid_000288_frame0000035.jpg,88.57765198,47.63085039,7268.446492
vid_000288_frame0000036.jpg,89.54779053,47.76770857,7126.537847
vid_000288_frame0000037.jpg,91.08073425,48.72107742,7554.895051
vid_000288_frame0000038.jpg,92.000295,49.38294361,7422.304489
vid_000288_frame0000039.jpg,92.53222148,49.19607323,7119.89255
vid_000288_frame0000040.jpg,92.2317454,49.1028339,7283.139833
vid_000288_frame0000041.jpg,92.34272766,49.78251319,7547.251106
vid_000288_frame0000042.jpg,92.47645569,49.90338041,7685.384432
vid_000288_frame0000043.jpg,92.7297465,50.03718986,7827.340136
vid_000288_frame0000044.jpg,93.69829305,49.95167105,7646.932709
vid_000288_frame0000045.jpg,93.79427083,50.19311374,7539.384093
vid_000288_frame0000046.jpg,93.67874146,49.91309732,7572.861112
vid_000288_frame0000047.jpg,93.4530131,49.87504507,7884.598362
vid_000288_frame0000048.jpg,92.61252848,49.99895183,7586.183807
vid_000288_frame0000049.jpg,88.30816142,47.34718183,7742.465685
vid_000288_frame0000050.jpg,84.03292847,45.78331178,7664.455083
vid_000288_frame0000051.jpg,81.0533549,44.43920748,7812.779015
vid_000288_frame0000052.jpg,89.18447367,45.79769609,7746.25592
vid_000288_frame0000053.jpg,97.98647054,46.56543539,7697.478307
vid_000288_frame0000054.jpg,106.8099518,46.79505139,7945.677164
vid_000288_frame0000055.jpg,107.8483887,46.73559755,7869.048553
vid_000288_frame0000056.jpg,107.9434052,46.74483954,7848.150839
vid_000288_frame0000057.jpg,107.456665,46.58321724,8003.283115
vid_000288_frame0000058.jpg,106.93809,46.21187979,7771.877308
vid_000288_frame0000059.jpg,106.832489,46.07433114,7805.279236
vid_000288_frame0000060.jpg,106.7324677,46.96105616,7868.93747
vid_000288_frame0000061.jpg,106.6630605,47.13320015,7995.748093
vid_000288_frame0000062.jpg,106.0432383,47.40233036,8267.031144
vid_000288_frame0000063.jpg,105.17276,47.00431382,8110.200746
vid_000288_frame0000064.jpg,104.9735667,46.97458333,8040.412269
vid_000288_frame0000065.jpg,105.0502981,46.93991206,8073.283849
vid_000288_frame0000066.jpg,104.3677114,46.62137611,7821.593926
vid_000288_frame0000067.jpg,103.6669108,46.32676826,7623.660951
vid_000288_frame0000068.jpg,102.4429576,46.05341656,7700.918068
vid_000288_frame0000069.jpg,101.9415334,45.79353531,7714.797706
vid_000288_frame0000070.jpg,99.97042338,45.27863851,7624.75044
vid_000288_frame0000071.jpg,98.35109965,44.96998935,7843.25312
vid_000288_frame0000072.jpg,97.60169474,44.71894021,7733.240055
vid_000288_frame0000073.jpg,98.15813192,44.32970448,7730.45899
vid_000288_frame0000074.jpg,99.21814982,44.37743363,7247.044129
vid_000288_frame0000075.jpg,98.09072876,44.05423628,7526.161994
vid_000288_frame0000076.jpg,96.57128398,44.48225243,7185.837506
vid_000288_frame0000077.jpg,94.72797648,43.98393856,7485.636916
vid_000288_frame0000078.jpg,94.9907074,43.42331317,7447.642594
vid_000288_frame0000079.jpg,94.59732564,43.24773856,7576.722208
vid_000288_frame0000080.jpg,93.7440033,42.797368,7273.131356
vid_000288_frame0000081.jpg,93.04616292,43.07321694,7521.981289
vid_000288_frame0000082.jpg,91.83241781,42.87885581,7242.686969
vid_000288_frame0000083.jpg,91.34667969,42.48505407,7157.990333
vid_000288_frame0000084.jpg,90.58741252,42.1024915,7147.779123
vid_000288_frame0000085.jpg,90.15455627,42.11120914,7477.52129
vid_000288_frame0000086.jpg,89.71718852,41.75794294,7118.101402
vid_000288_frame0000087.jpg,92.62013245,42.11296032,7245.500847
vid_000288_frame0000088.jpg,98.62534587,43.54954969,7327.084064
vid_000288_frame0000089.jpg,102.4234161,42.70547879,7341.260051
vid_000288_frame0000090.jpg,105.7069651,41.6383352,7261.838056
vid_000288_frame0000091.jpg,107.4314575,41.40101273,7423.571406
vid_000288_frame0000092.jpg,111.1140493,40.62925782,7340.52852
vid_000288_frame0000093.jpg,112.3456879,39.94330994,7226.637082
vid_000289_frame0000013.jpg,100.3555857,45.16636962,6559.952235
vid_000289_frame0000014.jpg,102.0924886,46.41349212,7134.608665
vid_000289_frame0000015.jpg,106.701594,48.77251301,7184.518272
vid_000289_frame0000016.jpg,108.3828634,49.81870668,7377.779825
vid_000289_frame0000017.jpg,105.8312683,47.59608226,6843.939861
vid_000289_frame0000018.jpg,103.2640279,46.70519996,7329.758991
vid_000289_frame0000019.jpg,104.2825928,46.80882042,6826.489316
vid_000289_frame0000020.jpg,107.205012,49.53858238,7511.423415
vid_000289_frame0000021.jpg,109.9771779,50.82944161,6942.192557
vid_000289_frame0000022.jpg,109.9491526,51.25305587,7487.703326
vid_000289_frame0000023.jpg,108.7342275,50.56710474,7146.834553
vid_000289_frame0000024.jpg,108.3555196,50.88400311,7599.957099
vid_000289_frame0000025.jpg,110.9581706,52.18664935,7466.980423
vid_000289_frame0000026.jpg,118.8199717,56.25952244,7353.545095
vid_000289_frame0000027.jpg,126.2359161,60.36741105,8163.136016
vid_000289_frame0000028.jpg,126.9778646,61.98418117,8079.335358
vid_000289_frame0000029.jpg,124.8635508,61.27591264,7497.550133
vid_000289_frame0000030.jpg,124.9332682,62.67615509,9239.63919
vid_000289_frame0000031.jpg,129.7549642,64.32597003,8458.395196
vid_000289_frame0000032.jpg,133.4165344,66.53964797,9178.514293
vid_000289_frame0000035.jpg,112.7306264,64.95227226,9808.584534
vid_000289_frame0000038.jpg,126.2583313,67.02548444,9941.716385
vid_000289_frame0000040.jpg,131.6503143,68.77272528,10853.53186
vid_000289_frame0000041.jpg,118.9132385,66.04532986,9684.520229
vid_000289_frame0000046.jpg,128.4749044,66.34187191,8859.857118
vid_000289_frame0000047.jpg,131.5385895,66.82705798,9697.435869
vid_000289_frame0000048.jpg,132.453125,67.02591679,9819.576379
vid_000289_frame0000049.jpg,128.0904541,66.29312643,9062.142514
vid_000289_frame0000050.jpg,125.6846161,65.42898262,9964.923289
vid_000289_frame0000051.jpg,130.2613373,66.00408997,9230.35975
vid_000289_frame0000052.jpg,134.1295776,67.05650266,9696.66259
vid_000289_frame0000054.jpg,123.1894582,65.40552982,9556.758422
vid_000289_frame0000055.jpg,121.7087606,65.50057174,9883.183434
vid_000289_frame0000056.jpg,131.4869283,67.5126203,9462.840779
vid_000289_frame0000057.jpg,136.2373301,68.34142015,10495.01157
vid_000289_frame0000064.jpg,127.1980998,66.72204379,9863.738566
vid_000289_frame0000065.jpg,128.9851023,66.96018503,10021.68695
vid_000289_frame0000066.jpg,128.5058289,65.90878124,8526.761911
vid_000289_frame0000067.jpg,123.6602783,64.26916999,8537.865496
vid_000289_frame0000068.jpg,122.8604279,62.4467319,7803.11119
vid_000289_frame0000069.jpg,123.2284241,62.4768939,8444.368678
vid_000289_frame0000070.jpg,131.3780111,66.04666277,8339.179758
vid_000289_frame0000071.jpg,138.9954274,68.30010462,9937.134825
vid_000290_frame0000001.jpg,87.82747396,66.56483454,15514.06586
vid_000290_frame0000002.jpg,87.80045573,65.95482852,14238.6331
vid_000290_frame0000003.jpg,88.94825745,68.23123782,16400.79193
vid_000290_frame0000004.jpg,89.92949931,69.95860584,18021.82145
vid_000290_frame0000005.jpg,90.7285258,69.37150747,14954.41169
vid_000290_frame0000006.jpg,88.20212301,68.83963118,17624.18045
vid_000290_frame0000007.jpg,87.35403951,65.5158762,14919.0418
vid_000290_frame0000010.jpg,87.04273478,65.23487528,14630.14452
vid_000290_frame0000011.jpg,88.21366882,67.47173575,15196.87931
vid_000290_frame0000012.jpg,89.24984741,69.94199428,18575.66981
vid_000290_frame0000013.jpg,90.59943644,70.62173622,19023.02192
vid_000290_frame0000014.jpg,90.58669027,70.67069153,19637.77115
vid_000290_frame0000015.jpg,93.05912781,70.00238991,17448.44625
vid_000290_frame0000016.jpg,95.08729553,70.32137273,17028.01769
vid_000290_frame0000017.jpg,96.13213603,70.32102901,16337.25888
vid_000290_frame0000018.jpg,98.00649516,72.00581459,18295.42658
vid_000290_frame0000019.jpg,100.6401622,71.20354158,14413.48631
vid_000291_frame0000001.jpg,115.5466309,54.1986474,15370.07732
vid_000291_frame0000002.jpg,115.611618,53.42073964,13472.92103
vid_000291_frame0000003.jpg,119.1375427,51.05412634,12857.46139
vid_000291_frame0000004.jpg,123.009491,48.05594301,13888.17454
vid_000291_frame0000005.jpg,125.9990489,44.22407953,11931.20747
vid_000291_frame0000006.jpg,124.3964335,41.51645302,11036.61535
vid_000291_frame0000009.jpg,115.3997955,42.07451256,9229.734928
vid_000291_frame0000010.jpg,111.8275503,44.64015626,10375.09308
vid_000291_frame0000011.jpg,111.9048818,44.8671747,10263.94472
vid_000291_frame0000012.jpg,108.1139832,44.86121752,10634.16891
vid_000291_frame0000013.jpg,106.8562724,44.52400278,9472.370809
vid_000291_frame0000014.jpg,106.1411235,44.58316626,10338.13907
vid_000291_frame0000015.jpg,107.1815694,44.33390863,9390.882105
vid_000291_frame0000016.jpg,110.5603434,43.40917432,9723.990009
vid_000291_frame0000017.jpg,113.5143077,43.21015555,9366.012299
vid_000291_frame0000018.jpg,116.7050629,44.27717394,10826.19208
vid_000291_frame0000019.jpg,118.146347,43.28774067,10038.12519
vid_000291_frame0000020.jpg,125.8961792,45.18887043,12516.63823
vid_000291_frame0000021.jpg,133.7539469,46.49291167,13639.47352
vid_000291_frame0000022.jpg,138.7833761,49.96935533,17798.40173
vid_000291_frame0000023.jpg,139.7531026,51.8893058,17665.19701
vid_000291_frame0000024.jpg,139.3132528,54.77081903,19770.14231
vid_000291_frame0000025.jpg,141.4965668,56.75620435,19536.05444
vid_000291_frame0000026.jpg,143.195989,57.32938115,20187.31699
vid_000291_frame0000027.jpg,144.2555237,58.9374997,22406.33333
vid_000291_frame0000028.jpg,145.812439,61.17854675,24979.99698
vid_000291_frame0000029.jpg,148.7992605,61.56584098,22415.95598
vid_000291_frame0000030.jpg,151.4794617,65.40154514,27632.1194
vid_000291_frame0000031.jpg,139.5093892,65.57106533,30699.41403
vid_000291_frame0000032.jpg,137.7393087,67.10326511,31856.67348
vid_000291_frame0000033.jpg,143.6090088,69.14315944,31489.38711
vid_000291_frame0000034.jpg,147.5594533,71.0687256,33146.95474
vid_000291_frame0000035.jpg,139.0006765,69.97494018,33422.2269
vid_000291_frame0000036.jpg,138.2033285,70.07951989,32193.2163
vid_000291_frame0000037.jpg,138.765035,73.46060819,39015.25625
vid_000291_frame0000038.jpg,138.9696452,73.83275279,39832.03274
vid_000291_frame0000039.jpg,138.6862488,73.50536951,40100.58938
vid_000291_frame0000040.jpg,138.7266337,73.76444453,40948.35858
vid_000291_frame0000041.jpg,138.6469371,73.59072021,39743.88723
vid_000291_frame0000042.jpg,138.4097646,73.32985043,39631.66812
vid_000291_frame0000043.jpg,138.5629781,72.64452219,37786.33295
vid_000291_frame0000044.jpg,137.8224284,72.80808209,38966.75513
vid_000291_frame0000045.jpg,136.9815826,72.2241814,39103.55885
vid_000291_frame0000046.jpg,138.0662537,70.29450598,34619.56307
vid_000291_frame0000047.jpg,142.016866,71.24578395,36016.92884
vid_000291_frame0000048.jpg,140.8124441,71.65280934,38074.06639
vid_000291_frame0000049.jpg,140.3381704,69.72773637,32682.45806
vid_000291_frame0000050.jpg,139.4430644,70.3373289,36021.15834
vid_000291_frame0000051.jpg,138.4186351,69.0564374,33688.93059
vid_000291_frame0000052.jpg,140.1893667,68.53316312,33368.78959
vid_000291_frame0000053.jpg,140.364624,66.96686865,31319.60571
vid_000291_frame0000054.jpg,139.3134155,66.74410277,31361.33387
vid_000291_frame0000055.jpg,140.3326976,66.73513072,31803.31124
vid_000291_frame0000056.jpg,140.3894552,63.57505994,25242.9022
vid_000291_frame0000057.jpg,140.6816711,64.20460108,27734.85904
vid_000291_frame0000058.jpg,141.1545105,64.465503,28210.80066
vid_000291_frame0000059.jpg,141.3725688,63.35940732,25740.65681
vid_000291_frame0000060.jpg,141.2173055,65.14193924,29767.05872
vid_000291_frame0000061.jpg,140.6332855,64.74943918,28959.55546
vid_000291_frame0000062.jpg,140.4740855,63.28627873,27619.14434
vid_000291_frame0000063.jpg,141.9707591,62.53303753,27194.41541
vid_000291_frame0000064.jpg,140.8534241,62.00470232,27342.74649
vid_000291_frame0000065.jpg,142.8973643,62.4824277,27415.00222
vid_000291_frame0000066.jpg,144.4849141,62.12532647,24517.04342
vid_000291_frame0000067.jpg,146.7438049,64.41877642,27496.4964
vid_000291_frame0000068.jpg,148.0133718,66.06663909,30036.52651
vid_000291_frame0000069.jpg,143.8000539,64.95250437,27532.53198
vid_000291_frame0000070.jpg,140.2822418,66.35100088,31259.37026
vid_000291_frame0000071.jpg,141.5986735,67.50424956,34369.96041
vid_000291_frame0000072.jpg,144.0942485,68.20054448,32578.02304
vid_000291_frame0000073.jpg,143.5825704,68.07232095,31036.07989
vid_000291_frame0000074.jpg,143.0173238,69.04265153,33109.79913
vid_000291_frame0000075.jpg,142.5180206,69.903466,35606.34518
vid_000291_frame0000076.jpg,143.8800913,67.92518734,28512.19944
vid_000291_frame0000077.jpg,141.4881744,69.94946109,35518.83343
vid_000291_frame0000078.jpg,140.7388763,69.43334535,34211.17818
vid_000291_frame0000079.jpg,140.4624532,68.92245279,33549.57461
vid_000291_frame0000080.jpg,140.704717,68.9343056,33506.54821
vid_000291_frame0000081.jpg,139.8811544,69.41695864,34962.3544
vid_000291_frame0000082.jpg,140.5484619,68.73784273,32347.71079
vid_000291_frame0000083.jpg,140.5590668,69.08405194,34004.88783
vid_000291_frame0000084.jpg,139.638855,68.71768925,33863.61101
vid_000291_frame0000085.jpg,137.2179159,67.46967053,33637.83294
vid_000291_frame0000086.jpg,135.7142487,63.62244851,25521.66543
vid_000291_frame0000087.jpg,138.3807831,62.03233387,23483.50159
vid_000291_frame0000088.jpg,132.7100677,60.47946256,18952.97175
vid_000291_frame0000089.jpg,128.1985931,57.82523697,15162.4421
vid_000291_frame0000090.jpg,130.0115662,57.13737164,15183.85258
vid_000291_frame0000091.jpg,129.1034495,58.26378275,17716.69441
vid_000291_frame0000092.jpg,128.0914001,58.15967397,17973.99121
vid_000291_frame0000093.jpg,124.81545,59.20938722,19573.23946
vid_000291_frame0000094.jpg,122.9878082,57.96573082,17629.93239
vid_000291_frame0000095.jpg,120.8694356,58.81179769,19975.76449
vid_000291_frame0000096.jpg,118.3439433,57.00846728,15763.99591
vid_000292_frame0000001.jpg,78.05652364,60.06752101,13879.19533
vid_000292_frame0000002.jpg,77.90450541,59.85630155,13346.15501
vid_000292_frame0000003.jpg,77.45900981,59.99744688,14427.78685
vid_000292_frame0000004.jpg,78.04738363,60.97601691,15534.1332
vid_000292_frame0000005.jpg,77.80313619,60.52111941,14884.74797
vid_000292_frame0000006.jpg,77.00720723,58.75878489,13652.40023
vid_000292_frame0000007.jpg,76.0554657,58.27632667,14465.41625
vid_000292_frame0000008.jpg,76.65927633,59.41091466,15595.40019
vid_000292_frame0000009.jpg,77.20594788,59.75759912,14506.68849
vid_000292_frame0000010.jpg,75.51790365,58.74051744,14679.73209
vid_000292_frame0000011.jpg,71.1065979,64.7410716,18051.34996
vid_000292_frame0000012.jpg,70.65160116,65.56302417,19581.81504
vid_000292_frame0000013.jpg,70.26161702,65.00382622,19514.57639
vid_000293_frame0000001.jpg,76.41705831,55.3046861,11117.78732
vid_000293_frame0000002.jpg,76.32805888,55.08376197,11044.28333
vid_000293_frame0000003.jpg,73.4046936,52.91257508,11510.21001
vid_000293_frame0000004.jpg,70.28194173,51.08734836,11546.95858
vid_000293_frame0000005.jpg,70.97320048,51.2996637,11014.05078
vid_000293_frame0000006.jpg,76.90533956,62.84605253,11988.86175
vid_000293_frame0000007.jpg,68.6767629,68.7856936,19716.96793
vid_000293_frame0000008.jpg,69.35446676,64.8717872,18922.65398
vid_000293_frame0000009.jpg,60.87376404,56.75467881,15199.84899
vid_000293_frame0000010.jpg,58.59440613,56.10392626,15769.37069
vid_000294_frame0000001.jpg,76.11612447,53.82379525,11250.5184
vid_000294_frame0000002.jpg,75.76035563,53.61327726,11134.42241
vid_000294_frame0000003.jpg,76.85821025,54.30547015,11004.14121
vid_000294_frame0000004.jpg,77.55862427,54.94248102,11580.93674
vid_000294_frame0000005.jpg,78.7183431,56.0134901,12408.85269
vid_000294_frame0000006.jpg,78.20265706,55.58241286,12357.37263
vid_000294_frame0000007.jpg,79.96009318,56.34549001,11962.15582
vid_000294_frame0000008.jpg,81.13571167,57.32480958,12631.01497
vid_000294_frame0000009.jpg,81.11128743,57.01197649,11757.9542
vid_000294_frame0000010.jpg,80.16730245,56.68560974,12846.33236
vid_000294_frame0000011.jpg,80.41650899,56.80292791,12154.46647
vid_000294_frame0000012.jpg,79.93834432,56.73058053,13103.37388
vid_000294_frame0000013.jpg,79.37534587,56.08400506,12340.59117
vid_000294_frame0000014.jpg,80.04003906,56.42323849,12194.22798
vid_000294_frame0000015.jpg,82.18611145,57.28222926,10937.81363
vid_000294_frame0000016.jpg,79.02841695,66.17140744,16522.88758
vid_000294_frame0000017.jpg,75.5464681,64.09395519,15599.18829
vid_000295_frame0000001.jpg,98.84940084,48.29019235,7006.451329
vid_000295_frame0000002.jpg,99.04693095,48.44292823,6635.940285
vid_000295_frame0000003.jpg,101.0704244,49.3609613,6921.348256
vid_000295_frame0000004.jpg,101.382014,50.17556159,7097.713865
vid_000295_frame0000005.jpg,100.7694092,49.9740978,7013.273519
vid_000295_frame0000006.jpg,99.40953573,49.60121196,7172.115667
vid_000295_frame0000007.jpg,99.54991659,49.49941102,6915.242355
vid_000295_frame0000008.jpg,98.53590393,49.90350718,7233.73416
vid_000295_frame0000009.jpg,99.11140951,50.28321936,6805.726475
vid_000295_frame0000010.jpg,100.3031718,50.85757841,7473.644752
vid_000295_frame0000011.jpg,103.0488485,52.13917993,7431.341613
vid_000295_frame0000012.jpg,104.9800822,53.31810101,8127.72224
vid_000295_frame0000013.jpg,104.969691,52.9156714,7678.56912
vid_000295_frame0000014.jpg,104.0425568,52.78936085,7879.841543
vid_000295_frame0000015.jpg,100.8070323,50.71199474,7923.906244
vid_000295_frame0000016.jpg,98.27443949,49.91559511,7355.000687
vid_000295_frame0000017.jpg,99.80119324,50.65266755,7364.309635
vid_000295_frame0000018.jpg,101.040507,51.34431373,7651.296333
vid_000295_frame0000019.jpg,102.0863393,51.41457946,6645.361004
vid_000295_frame0000020.jpg,101.0581411,51.24424095,7348.634793
vid_000295_frame0000021.jpg,100.5508372,51.20303897,7295.195244
vid_000295_frame0000022.jpg,103.1915944,51.80303772,7495.132112
vid_000295_frame0000023.jpg,106.8188019,53.92702299,7387.086486
vid_000295_frame0000024.jpg,108.0007222,55.20902727,7950.037356
vid_000295_frame0000025.jpg,105.3759969,53.6858276,7746.175086
vid_000296_frame0000003.jpg,67.6531016,36.16762593,6894.915545
vid_000296_frame0000004.jpg,69.26615397,36.86182044,7068.575786
vid_000296_frame0000005.jpg,67.92356364,36.2958796,6685.77551
vid_000296_frame0000006.jpg,67.24846395,36.30643285,7067.005208
vid_000296_frame0000007.jpg,66.11745707,34.54726652,6655.2718
vid_000296_frame0000008.jpg,65.38095093,35.06063499,7140.207461
vid_000296_frame0000009.jpg,66.37909444,35.33967831,6752.890353
vid_000296_frame0000010.jpg,68.26131694,37.0099615,7073.688417
vid_000296_frame0000011.jpg,69.66237895,38.03858301,7223.752829
vid_000296_frame0000012.jpg,67.74841817,36.6999221,7072.211516
vid_000296_frame0000013.jpg,65.63322957,34.4334606,6964.359334
vid_000296_frame0000014.jpg,65.73129272,34.28405926,7114.302829
vid_000296_frame0000015.jpg,64.8420461,34.51533748,7300.150237
vid_000296_frame0000016.jpg,66.46177673,35.98154123,7456.786724
vid_000296_frame0000017.jpg,66.5957133,35.83625676,7021.827528
vid_000296_frame0000018.jpg,66.83828227,35.87615938,7627.739382
vid_000296_frame0000019.jpg,66.97470093,35.95759106,6972.867651
vid_000296_frame0000020.jpg,66.50184123,35.86023364,7441.246422
vid_000296_frame0000021.jpg,66.92407227,36.26890941,7319.551097
vid_000296_frame0000022.jpg,67.9533488,37.12371215,7224.836498
vid_000296_frame0000023.jpg,68.18230693,37.46731965,7185.587105
vid_000296_frame0000024.jpg,67.82367961,37.48967046,7553.80656
vid_000296_frame0000025.jpg,67.93305461,37.60953924,7343.474672
vid_000296_frame0000026.jpg,68.46551514,37.89095496,7569.801071
vid_000296_frame0000027.jpg,69.29267883,38.61292114,7521.661671
vid_000296_frame0000028.jpg,69.15096029,38.78887876,7929.4959
vid_000296_frame0000029.jpg,69.78368123,38.69671629,7273.05072
vid_000296_frame0000030.jpg,69.26704915,37.94129765,7144.26648
vid_000296_frame0000031.jpg,69.93610636,38.59859016,7000.051753
vid_000296_frame0000032.jpg,71.55403646,40.02949898,7561.026025
vid_000296_frame0000033.jpg,72.36672974,40.26615124,7311.372848
vid_000296_frame0000034.jpg,70.47762044,39.34515985,6941.020682
vid_000296_frame0000035.jpg,68.71606445,38.06036532,6983.474003
vid_000297_frame0000001.jpg,129.3768768,48.08652674,10202.09813
vid_000297_frame0000002.jpg,129.7295787,47.17483109,8068.433528
vid_000297_frame0000003.jpg,129.7066854,46.54223493,7190.760919
vid_000297_frame0000004.jpg,131.6338755,43.59888186,5865.979115
vid_000297_frame0000005.jpg,133.4749654,42.68873765,5472.217544
vid_000297_frame0000006.jpg,136.3006948,41.8626301,5644.411787
vid_000297_frame0000007.jpg,136.7029063,41.76751667,5342.948333
vid_000297_frame0000008.jpg,136.3618978,42.43729734,6433.608367
vid_000297_frame0000009.jpg,138.1461182,40.27968969,3651.169867
vid_000297_frame0000010.jpg,137.5386759,41.58521502,6334.343446
vid_000297_frame0000011.jpg,137.9401906,40.86372826,5196.812909
vid_000297_frame0000012.jpg,137.8009644,41.94930328,6702.138586
vid_000297_frame0000013.jpg,137.7758636,40.99707492,5230.763661
vid_000297_frame0000014.jpg,137.7882029,41.91543091,6828.810052
vid_000297_frame0000015.jpg,138.4798126,40.60467239,5002.344076
vid_000297_frame0000016.jpg,138.0274251,40.81345612,4867.228762
vid_000297_frame0000017.jpg,137.0229085,41.46860556,4292.947494
vid_000297_frame0000018.jpg,136.8200175,45.48142023,5856.442235
vid_000297_frame0000019.jpg,154.8598124,42.92560275,2980.599801
vid_000297_frame0000020.jpg,172.1545664,41.11189829,3113.311822
vid_000298_frame0000001.jpg,77.1348877,52.00384834,10208.55702
vid_000298_frame0000002.jpg,76.76346334,51.73344851,10062.11976
vid_000298_frame0000003.jpg,76.3025411,51.58542697,10193.68019
vid_000298_frame0000004.jpg,76.07555644,51.46055147,10165.51897
vid_000298_frame0000005.jpg,76.84153748,51.93786646,10090.25249
vid_000298_frame0000006.jpg,78.22690837,52.84357777,10111.09075
vid_000298_frame0000007.jpg,78.42533366,53.0319393,10216.67113
vid_000298_frame0000008.jpg,78.33463542,53.09141256,10217.83378
vid_000298_frame0000009.jpg,78.20500692,53.00972774,10199.63874
vid_000298_frame0000010.jpg,78.55973307,53.00020875,10101.82161
vid_000298_frame0000011.jpg,79.45898946,53.74942321,10193.69054
vid_000298_frame0000012.jpg,80.17589315,54.13393094,10230.87744
vid_000298_frame0000013.jpg,82.13923645,55.30188403,10298.51366
vid_000298_frame0000014.jpg,83.79010518,56.44993021,10370.14259
vid_000298_frame0000015.jpg,84.51468913,56.77920733,9969.69656
vid_000298_frame0000016.jpg,85.93068441,57.7842471,10100.91832
vid_000298_frame0000017.jpg,87.77142334,58.82684044,10172.23296
vid_000298_frame0000018.jpg,88.14118449,59.07269554,10134.32019
vid_000298_frame0000019.jpg,83.41584269,55.60242419,9682.773774
vid_000298_frame0000020.jpg,78.30652364,53.75908611,10149.07707
vid_000298_frame0000021.jpg,79.38422648,54.50288382,10487.30933
vid_000298_frame0000023.jpg,79.37720744,54.47599126,10385.47856
vid_000299_frame0000001.jpg,67.8419342,56.86356389,12972.30749
vid_000299_frame0000002.jpg,68.03136698,56.64585265,12776.96315
vid_000299_frame0000003.jpg,68.59163411,58.24703798,16491.90427
vid_000299_frame0000004.jpg,68.51188151,57.25001094,12505.9367
vid_000299_frame0000005.jpg,70.24868266,59.71800749,16202.94868
vid_000299_frame0000006.jpg,70.24974569,59.48863359,15429.65121
vid_000299_frame0000007.jpg,70.26565043,59.69400778,16034.63711
vid_000299_frame0000008.jpg,70.14377848,59.82738246,16558.36943
vid_000299_frame0000009.jpg,70.25689697,59.6095822,15943.13908
vid_000299_frame0000010.jpg,69.98242188,59.57152224,16247.72049
vid_000299_frame0000011.jpg,70.45106506,59.7305855,16147.17924
vid_000299_frame0000012.jpg,69.86945089,59.58932706,16643.46902
vid_000299_frame0000013.jpg,69.67832438,60.35544924,14210.20967
vid_000300_frame0000001.jpg,85.39039103,60.84114603,10060.14835
vid_000300_frame0000002.jpg,85.50490316,60.8367028,9988.664782
vid_000300_frame0000003.jpg,86.27950541,62.02946048,10271.87642
vid_000300_frame0000004.jpg,83.89507039,61.1998848,10775.07773
vid_000300_frame0000005.jpg,82.54839579,60.61009063,10548.17086
vid_000300_frame0000006.jpg,80.84399923,59.67438767,10558.55994
vid_000300_frame0000007.jpg,77.95303853,57.97819054,10779.41792
vid_000300_frame0000008.jpg,77.06899007,57.73684856,10444.24194
vid_000300_frame0000009.jpg,77.34833272,57.43915651,10138.3327
vid_000300_frame0000010.jpg,79.55936686,58.41956188,9962.001692
vid_000300_frame0000011.jpg,79.0813446,56.7800872,9969.815654
vid_000300_frame0000012.jpg,76.23356628,55.31158464,10192.6137
vid_000300_frame0000013.jpg,73.39996847,54.46504358,10309.88984
vid_000300_frame0000014.jpg,71.60855611,54.12940991,10481.60901
vid_000300_frame0000015.jpg,69.72670492,52.91898028,10564.71724
vid_000300_frame0000016.jpg,67.55988566,51.15303838,10376.3005
vid_000300_frame0000017.jpg,66.75905355,50.77612544,10501.34745
vid_000300_frame0000018.jpg,68.05027771,51.69251522,10511.53235
vid_000300_frame0000019.jpg,69.81535848,53.41224881,10720.65347
vid_000300_frame0000020.jpg,69.27314758,53.78274566,10560.63719
vid_000300_frame0000021.jpg,68.39468384,52.90841916,10470.28005
vid_000300_frame0000022.jpg,69.07648722,53.24618559,10369.5781
vid_000300_frame0000023.jpg,67.48928833,51.93996277,10387.6491
vid_000300_frame0000024.jpg,66.69956462,51.14845917,10194.69681
vid_000300_frame0000025.jpg,64.95486959,50.14739822,10410.95904
vid_000300_frame0000026.jpg,63.63676961,49.10860351,10333.79037
vid_000300_frame0000027.jpg,61.59895325,46.77989195,10328.82863
vid_000300_frame0000028.jpg,58.70481873,43.8112469,10146.02564
vid_000300_frame0000029.jpg,53.55600993,41.10275735,9823.626156
vid_000300_frame0000030.jpg,57.2146759,43.26915187,9937.939371
vid_000300_frame0000031.jpg,62.40227254,45.96428091,9993.099275
vid_000300_frame0000032.jpg,64.79779561,47.32745398,9955.193184
vid_000301_frame0000001.jpg,84.5107371,57.28514534,10658.71879
vid_000301_frame0000002.jpg,84.72596741,57.4464934,10584.55462
vid_000301_frame0000003.jpg,85.74686178,57.88117835,9988.271818
vid_000301_frame0000004.jpg,83.84503174,56.92044603,10118.46102
vid_000301_frame0000005.jpg,81.8266805,55.67820233,10116.01034
vid_000301_frame0000006.jpg,81.06672668,54.64203223,9214.508197
vid_000301_frame0000007.jpg,80.69429525,55.16144536,10422.34206
vid_000301_frame0000008.jpg,78.92152913,53.84678509,9953.856908
vid_000301_frame0000009.jpg,75.87360128,51.97788599,10072.6275
vid_000301_frame0000010.jpg,74.10843404,50.89218098,10164.6939
vid_000301_frame0000011.jpg,69.57949829,48.6798932,10045.7892
vid_000302_frame0000001.jpg,90.77266947,59.84339722,9270.43784
vid_000302_frame0000004.jpg,86.87030029,57.40272129,9032.808475
vid_000302_frame0000006.jpg,83.25958252,55.54780348,9355.65383
vid_000302_frame0000009.jpg,94.6146342,62.17689891,9016.287004
vid_000302_frame0000010.jpg,95.88688151,63.09065539,8904.619933
vid_000302_frame0000011.jpg,88.25479126,58.67686035,8997.04794
vid_000302_frame0000012.jpg,83.19753011,55.5820693,9511.011545
vid_000302_frame0000013.jpg,84.35911051,56.23818983,9539.396427
vid_000302_frame0000014.jpg,88.98515828,58.80880477,9187.372127
vid_000302_frame0000015.jpg,92.10911051,60.69953844,9204.71414
vid_000302_frame0000016.jpg,91.22868856,60.33245137,9140.484496
vid_000302_frame0000017.jpg,89.85214233,59.71731358,9468.967241
vid_000303_frame0000003.jpg,87.46725464,57.72875177,9351.739417
vid_000303_frame0000004.jpg,88.20106506,58.10182533,9394.650601
vid_000303_frame0000005.jpg,89.62562052,58.93514715,9178.301018
vid_000303_frame0000006.jpg,88.99883016,58.68173176,9272.299686
vid_000303_frame0000007.jpg,87.35674032,57.67598769,9310.426762
vid_000303_frame0000008.jpg,86.63091024,57.18175616,9531.991721
vid_000304_frame0000021.jpg,160.7518667,63.31254803,9875.198194
vid_000304_frame0000022.jpg,160.5957235,63.39638584,10175.24291
vid_000304_frame0000023.jpg,159.4435221,62.46959673,8883.90656
vid_000304_frame0000024.jpg,156.8613688,61.92987301,9565.81119
vid_000304_frame0000025.jpg,157.433548,61.88473,9211.417395
vid_000304_frame0000026.jpg,164.7362467,61.90876689,8984.237809
vid_000304_frame0000027.jpg,165.3347829,61.93553154,8861.785498
vid_000305_frame0000001.jpg,89.56109619,61.04138565,9997.568052
vid_000305_frame0000002.jpg,89.80131022,61.02691825,9915.586826
vid_000305_frame0000004.jpg,90.39205933,60.39569454,9550.394517
vid_000305_frame0000005.jpg,90.55518087,60.63041,9663.788753
vid_000305_frame0000006.jpg,91.48228455,61.33102909,9697.821491
vid_000305_frame0000007.jpg,91.03716532,61.00310927,9799.78946
vid_000305_frame0000008.jpg,89.52114868,60.4932713,10379.01954
vid_000305_frame0000009.jpg,86.57760111,60.20426427,9861.865405
vid_000305_frame0000010.jpg,84.1952006,62.01839406,12593.32464
vid_000306_frame0000003.jpg,123.869456,69.02367476,34476.70426
vid_000306_frame0000004.jpg,121.8205872,68.23434516,36172.31001
vid_000306_frame0000005.jpg,121.3613332,66.78715875,32759.45884
vid_000306_frame0000006.jpg,120.9535929,66.02309763,32173.29955
vid_000306_frame0000007.jpg,118.1026713,65.55488634,32630.1571
vid_000306_frame0000008.jpg,116.2182058,64.74932428,33831.10762
vid_000306_frame0000009.jpg,115.6849569,61.94243789,26748.59338
vid_000306_frame0000010.jpg,114.0244039,63.4577628,31574.34734
vid_000307_frame0000001.jpg,134.0064545,75.14263715,31647.50705
vid_000307_frame0000015.jpg,133.4760895,74.8492254,29928.68988
vid_000307_frame0000020.jpg,134.46698,75.75680373,31366.3624
vid_000308_frame0000007.jpg,61.44651794,50.87392243,14181.11844
vid_000308_frame0000010.jpg,63.22908529,52.56676401,15949.36431
vid_000308_frame0000014.jpg,63.37371826,52.80904795,13213.27064
vid_000308_frame0000019.jpg,60.35171,50.579338,12540.45909
vid_000308_frame0000021.jpg,70.04865011,57.37329824,17084.12546
vid_000309_frame0000002.jpg,63.95239766,58.47986491,18866.98285
vid_000309_frame0000004.jpg,64.44441732,60.17783706,18839.28706
vid_000309_frame0000006.jpg,66.14010111,59.91509113,18282.16561
vid_000309_frame0000008.jpg,69.97625732,63.73229356,20725.98626
vid_000309_frame0000009.jpg,70.91424052,62.6293141,18934.70599
vid_000309_frame0000012.jpg,64.95659383,60.77946453,20210.28361
vid_000309_frame0000017.jpg,63.42595418,56.79014523,17249.84829
vid_000309_frame0000019.jpg,62.07504272,57.73427258,17209.64988
vid_000309_frame0000021.jpg,62.69019572,60.83801156,15902.07981
vid_000309_frame0000030.jpg,62.7008311,57.26361794,14845.75872
vid_000309_frame0000031.jpg,76.70036316,68.04876954,16673.35278
vid_000309_frame0000032.jpg,72.43247986,68.71081305,19240.55742
vid_000309_frame0000034.jpg,63.73933919,65.23178511,18478.27426
vid_000309_frame0000035.jpg,73.73579915,70.19341255,16891.977
vid_000309_frame0000036.jpg,61.34709167,58.57658451,14110.65584
vid_000309_frame0000037.jpg,77.32062785,71.84269939,15777.96213
vid_000309_frame0000038.jpg,77.22640991,74.46110163,20940.9868
vid_000309_frame0000041.jpg,79.21881612,75.88819295,21062.48504
vid_000309_frame0000045.jpg,77.26712036,75.4068482,21991.47713
vid_000309_frame0000049.jpg,76.87783305,73.61216971,19072.02698
vid_000309_frame0000050.jpg,76.3467865,70.82827468,14605.90488
vid_000309_frame0000051.jpg,55.97952271,56.02073238,13660.74169
vid_000309_frame0000054.jpg,43.01959229,43.65261661,12281.84522
vid_000309_frame0000055.jpg,44.98346456,45.12520341,11937.73821
vid_000309_frame0000056.jpg,50.83589681,51.678683,13031.88518
vid_000309_frame0000061.jpg,58.1804657,60.48936238,15415.76525
vid_000309_frame0000062.jpg,58.94585673,60.57004558,14931.14731
vid_000310_frame0000018.jpg,63.77128092,62.45159555,22645.80504
vid_000311_frame0000001.jpg,53.84587097,41.80917815,11249.17674
vid_000311_frame0000002.jpg,54.01902771,41.8351538,11294.36341
vid_000311_frame0000003.jpg,54.04468791,43.09398873,11492.67964
vid_000311_frame0000004.jpg,54.47972107,43.96836971,11496.29404
vid_000311_frame0000005.jpg,56.56051636,45.16134259,11373.14861
vid_000311_frame0000006.jpg,57.94238281,45.48789875,11142.49991
vid_000311_frame0000007.jpg,59.22433472,46.36347041,11557.03169
vid_000311_frame0000008.jpg,58.8015391,47.30913369,11997.64233
vid_000311_frame0000009.jpg,58.47891235,46.97735941,11757.75007
vid_000311_frame0000010.jpg,59.39511108,47.97189838,11921.92012
vid_000311_frame0000011.jpg,60.21003723,45.11041782,11475.64252
vid_000311_frame0000012.jpg,60.58306885,45.69111595,11700.22343
vid_000311_frame0000013.jpg,59.75813802,45.27598817,11421.83511
vid_000311_frame0000014.jpg,58.17341105,44.35833902,11342.90545
vid_000311_frame0000015.jpg,57.86816915,43.95832354,11287.30056
vid_000312_frame0000006.jpg,90.57012431,45.16317018,7273.884365
vid_000312_frame0000007.jpg,91.29923503,44.55508816,7067.918667
vid_000312_frame0000008.jpg,89.61049398,44.41784901,7469.037343
vid_000312_frame0000009.jpg,86.2648468,42.46293335,6835.775295
vid_000312_frame0000010.jpg,83.88441467,42.35042051,7710.655099
vid_000312_frame0000011.jpg,81.18969727,41.1332346,7582.046926
vid_000312_frame0000012.jpg,77.17076111,39.78861177,7949.310398
vid_000312_frame0000013.jpg,76.61665853,39.93240152,8080.610956
vid_000312_frame0000014.jpg,77.25521342,41.09055279,8885.135174
vid_000312_frame0000015.jpg,80.17301432,41.65784795,8235.067494
vid_000312_frame0000016.jpg,83.50268555,43.73276252,8990.247409
vid_000312_frame0000017.jpg,83.14163208,42.28225182,8076.252982
vid_000312_frame0000018.jpg,80.30355326,39.88222972,7685.99456
vid_000312_frame0000019.jpg,77.43868001,36.54694979,6363.408397
vid_000313_frame0000001.jpg,84.26530457,42.9571604,8169.677029
vid_000313_frame0000002.jpg,84.62400309,42.15481872,7371.479064
vid_000313_frame0000003.jpg,82.99154154,41.45989725,7040.388801
vid_000313_frame0000004.jpg,81.86437988,41.62051944,7781.53616
vid_000313_frame0000005.jpg,81.77116903,41.56198607,7808.73707
vid_000313_frame0000006.jpg,82.08765666,42.55806528,7974.409215
vid_000313_frame0000007.jpg,83.91737366,43.79788365,8088.224042
vid_000313_frame0000008.jpg,85.97515361,44.65537728,8272.087986
vid_000313_frame0000009.jpg,87.66401164,44.11603443,7344.247834
vid_000313_frame0000010.jpg,87.85574341,45.92835797,8629.789738
vid_000313_frame0000011.jpg,86.78531392,44.40389875,8330.875192
vid_000313_frame0000012.jpg,85.80792236,44.19278551,8297.439071
vid_000313_frame0000013.jpg,84.47990417,42.94205472,7483.229595
vid_000313_frame0000014.jpg,84.0177358,42.75384963,7711.975041
vid_000313_frame0000015.jpg,83.20278931,42.00173564,7381.267125
vid_000313_frame0000016.jpg,82.42664083,41.48375448,7351.684759
vid_000313_frame0000017.jpg,81.62340291,40.96917459,7535.494919
vid_000313_frame0000018.jpg,80.02026367,40.59986936,8254.385659
vid_000313_frame0000019.jpg,78.9162089,38.73474777,6953.182145
vid_000313_frame0000020.jpg,77.95226034,39.12438561,8173.79418
vid_000313_frame0000021.jpg,76.50071208,37.8354362,7381.108318
vid_000314_frame0000001.jpg,68.34718323,58.62092784,14541.91271
vid_000314_frame0000002.jpg,68.18338521,58.57837563,14235.35293
vid_000314_frame0000003.jpg,70.22853597,57.57971042,12653.29101
vid_000314_frame0000004.jpg,69.83836873,56.93704815,12374.68625
vid_000314_frame0000005.jpg,70.6831309,59.85730009,16139.42448
vid_000314_frame0000006.jpg,70.80979919,59.87708401,16318.62308
vid_000314_frame0000022.jpg,71.63108826,60.61333606,16921.64593
vid_000314_frame0000023.jpg,67.77653503,55.5243841,13437.72809
vid_000314_frame0000024.jpg,71.02414958,58.06817923,16020.84924
vid_000314_frame0000025.jpg,74.29546102,61.45953869,16005.73189
vid_000314_frame0000026.jpg,72.8338267,60.81392351,15753.9213
vid_000315_frame0000008.jpg,169.1755422,49.68416128,14018.12574
vid_000315_frame0000009.jpg,174.3352203,64.43461144,14360.15616
vid_000315_frame0000014.jpg,181.7307739,72.90685295,20835.78383
vid_000315_frame0000015.jpg,143.5050659,83.01361545,28955.92864
vid_000315_frame0000016.jpg,158.7828217,75.79855398,28677.94772
vid_000315_frame0000017.jpg,145.1088816,79.42112457,28935.78178
vid_000315_frame0000018.jpg,142.4049225,84.40684972,44066.47805
vid_000315_frame0000019.jpg,144.0468547,83.79727689,44812.53635
vid_000315_frame0000020.jpg,144.4161835,86.90139763,55344.75517
vid_000315_frame0000021.jpg,150.4716492,84.92838415,48925.48233
vid_000315_frame0000022.jpg,149.3401337,84.70762823,49757.37186
vid_000315_frame0000023.jpg,149.1298269,81.79787273,39701.91234
vid_000315_frame0000024.jpg,117.8804779,84.28898575,34188.0555
vid_000315_frame0000025.jpg,115.6486715,86.22064501,38213.07005
vid_000315_frame0000026.jpg,159.2779388,74.85351699,21609.80101
vid_000315_frame0000027.jpg,155.2620951,82.35135122,38967.74068
vid_000315_frame0000028.jpg,153.7404734,82.61812003,39975.94216
vid_000316_frame0000011.jpg,123.6268107,61.20470431,24362.62339
vid_000316_frame0000012.jpg,118.0549774,62.61572574,25056.42645
vid_000316_frame0000013.jpg,113.2468669,67.93486494,29666.21324
vid_000316_frame0000014.jpg,122.0056051,67.4982307,26335.53438
vid_000316_frame0000015.jpg,105.7407837,68.73354677,32150.79572
vid_000316_frame0000016.jpg,107.0808258,67.53274362,27530.94084
vid_000316_frame0000017.jpg,120.611852,69.48613991,34031.55047
vid_000316_frame0000018.jpg,108.0025787,69.16612405,33516.96438
vid_000316_frame0000019.jpg,107.4593302,68.55288536,31860.39525
vid_000316_frame0000020.jpg,119.6290639,69.38665615,33727.06587
vid_000316_frame0000031.jpg,111.5593872,69.55699819,34190.69114
vid_000316_frame0000032.jpg,103.3546448,65.00643498,24607.10945
vid_000316_frame0000033.jpg,108.6409963,58.19376425,19272.73773
vid_000316_frame0000034.jpg,102.0467173,64.71771511,31194.53046
vid_000317_frame0000001.jpg,108.6029104,66.23191154,33879.49545
vid_000317_frame0000002.jpg,109.0588277,65.47460607,31214.41402
vid_000317_frame0000003.jpg,118.2831472,66.78156838,33133.38292
vid_000317_frame0000004.jpg,112.5158437,72.07291756,48631.49203
vid_000317_frame0000021.jpg,95.32904053,64.31482668,26581.53832
vid_000317_frame0000022.jpg,106.5851288,68.23980492,31362.56304
vid_000317_frame0000023.jpg,107.3153737,68.8926148,29288.59401
vid_000317_frame0000024.jpg,100.9045817,71.52832885,34857.79602
vid_000317_frame0000025.jpg,98.44399516,70.77358538,32962.91193
vid_000317_frame0000026.jpg,99.610967,70.68343156,29189.46976
vid_000317_frame0000027.jpg,103.1965179,72.90729925,34820.9581
vid_000317_frame0000028.jpg,103.1908875,73.40395961,37382.20624
vid_000317_frame0000029.jpg,101.1710358,71.94782668,33758.80137
vid_000317_frame0000030.jpg,97.84005737,72.42082948,36473.97993
vid_000317_frame0000031.jpg,97.55338033,72.62277685,36767.88073
vid_000317_frame0000032.jpg,101.7826182,73.18457186,37016.33768
vid_000317_frame0000033.jpg,103.7607524,72.75750485,35347.35425
vid_000317_frame0000034.jpg,104.5275116,73.78059589,38089.35222
vid_000317_frame0000035.jpg,100.4267629,73.4676085,38019.97033
vid_000317_frame0000036.jpg,98.3114268,71.97117365,35377.66105
vid_000317_frame0000037.jpg,97.6722463,72.58530218,36923.10227
vid_000317_frame0000038.jpg,101.4911652,72.94441401,36627.02664
vid_000317_frame0000039.jpg,104.4183095,72.9766821,36082.27761
vid_000317_frame0000040.jpg,104.0566406,73.36278229,37269.1227
vid_000317_frame0000041.jpg,100.0500387,73.07494829,37611.25321
vid_000317_frame0000042.jpg,98.08043416,72.70629171,37241.98253
vid_000317_frame0000043.jpg,98.01223246,72.09450099,35319.25901
vid_000317_frame0000044.jpg,103.7891032,73.22260153,37073.4525
vid_000317_frame0000045.jpg,105.3924764,73.45603001,37179.29666
vid_000317_frame0000046.jpg,105.7418874,73.06187125,36056.81702
vid_000317_frame0000047.jpg,100.8115082,73.1362015,37867.741
vid_000317_frame0000048.jpg,98.30771383,72.8002249,37726.94558
vid_000317_frame0000049.jpg,98.36353556,72.0756877,35786.45425
vid_000317_frame0000050.jpg,98.23277791,72.49105024,36665.26048
vid_000317_frame0000051.jpg,103.970754,73.26340484,36899.46353
vid_000317_frame0000052.jpg,104.6282094,73.39507959,37398.7744
vid_000317_frame0000053.jpg,103.0169373,71.72016567,30206.32195
vid_000317_frame0000054.jpg,96.75834147,72.30508679,32197.2438
vid_000317_frame0000055.jpg,94.62729899,72.29244751,32608.14847
vid_000317_frame0000056.jpg,103.5358531,69.81744913,27523.51335
vid_000317_frame0000057.jpg,101.3133138,68.21175243,29959.71546
vid_000317_frame0000058.jpg,101.1094055,69.03660065,34326.79738
vid_000317_frame0000059.jpg,100.7207591,68.55314073,34141.46044
vid_000317_frame0000060.jpg,102.8332621,66.44552377,28505.18609
vid_000319_frame0000001.jpg,108.7165578,51.08149648,30474.77305
vid_000319_frame0000002.jpg,109.5483907,49.37010075,27125.96897
vid_000319_frame0000003.jpg,110.9435984,48.93960376,28530.17607
vid_000319_frame0000004.jpg,112.3603363,50.40297203,31736.89521
vid_000319_frame0000005.jpg,111.9229787,46.79612182,28202.12121
vid_000319_frame0000008.jpg,113.6358236,39.19276632,16772.27353
vid_000319_frame0000009.jpg,112.9585215,37.49240285,15966.16428
vid_000319_frame0000010.jpg,116.9311829,35.11434343,11957.16344
vid_000319_frame0000011.jpg,120.8008169,36.63142214,11916.99606
vid_000319_frame0000012.jpg,118.745636,39.54181523,12756.84439
vid_000319_frame0000013.jpg,117.033076,39.23755359,12779.72342
vid_000319_frame0000015.jpg,115.1488088,43.8943315,16408.5188
vid_000319_frame0000016.jpg,114.6885223,49.17492005,25046.10193
vid_000319_frame0000017.jpg,113.9408315,49.79609447,26740.23332
vid_000319_frame0000021.jpg,108.3132985,37.49914121,17784.66582
vid_000319_frame0000022.jpg,109.9496663,41.86715081,22978.61119
vid_000319_frame0000023.jpg,109.5367025,41.93401913,23141.6639
vid_000319_frame0000024.jpg,109.6005452,42.21052133,23634.52698
vid_000319_frame0000025.jpg,108.9852753,38.20395473,15129.08477
vid_000319_frame0000026.jpg,107.6252441,39.59618696,19477.80561
vid_000319_frame0000027.jpg,108.7467143,43.10447639,26754.6173
vid_000319_frame0000028.jpg,108.4947255,41.59248107,24429.4783
vid_000319_frame0000029.jpg,110.0083567,38.86606032,20404.18317
vid_000319_frame0000030.jpg,109.8595734,41.3042538,24315.53334
vid_000319_frame0000031.jpg,109.8773295,41.19643748,23444.79749
vid_000319_frame0000032.jpg,109.7104594,41.37276688,24282.22254
vid_000319_frame0000036.jpg,109.872167,40.72679355,22359.88267
vid_000319_frame0000039.jpg,110.1703033,40.66130018,22488.86902
vid_000320_frame0000051.jpg,122.2098185,46.65996612,17103.78241
vid_000320_frame0000052.jpg,114.0456492,50.9751525,24340.43727
vid_000320_frame0000053.jpg,117.4714101,47.7611158,17922.26422
vid_000320_frame0000054.jpg,118.7840983,47.58477913,20963.56095
vid_000320_frame0000055.jpg,119.0314382,49.90540861,25476.55682
vid_000320_frame0000056.jpg,120.0519206,46.88622967,19404.62435
vid_000320_frame0000057.jpg,116.4651438,50.07493445,25750.18695
vid_000320_frame0000058.jpg,118.0593109,52.8757118,28098.54761
vid_000320_frame0000059.jpg,116.973938,53.61965161,24695.09649
vid_000320_frame0000060.jpg,115.5091349,61.15041129,43073.58909
vid_000321_frame0000003.jpg,88.10996501,33.84503362,8653.296096
vid_000321_frame0000007.jpg,86.26020813,34.27393175,8793.156065
vid_000321_frame0000013.jpg,89.86672465,36.89751495,9268.366197
vid_000321_frame0000014.jpg,87.59164937,36.43208834,9281.29863
vid_000321_frame0000015.jpg,86.99094645,36.13256868,9352.432141
vid_000321_frame0000020.jpg,88.74688721,37.20783977,9277.952548
vid_000322_frame0000002.jpg,109.3764445,35.80463441,14907.11246
vid_000324_frame0000025.jpg,113.0373688,53.32120966,19166.11237
vid_000325_frame0000005.jpg,94.26296488,30.83364165,11236.87665
vid_000325_frame0000012.jpg,90.34326681,29.75207703,11269.89081
vid_000325_frame0000019.jpg,92.59475708,29.92057193,10906.28173
vid_000325_frame0000025.jpg,92.16104635,30.27907775,11092.33278
vid_000325_frame0000034.jpg,91.1414032,31.12304746,11277.72868
vid_000325_frame0000043.jpg,93.89676921,30.81541476,11525.26713
vid_000325_frame0000049.jpg,95.29685465,31.43529169,11004.16169
vid_000325_frame0000060.jpg,86.60091654,31.50533025,11533.80916
vid_000326_frame0000004.jpg,99.35775248,30.46182729,10999.27665
vid_000326_frame0000006.jpg,103.3080088,29.30116036,10596.87205
vid_000326_frame0000008.jpg,101.9691976,29.10925771,11353.80632
vid_000326_frame0000010.jpg,99.45446777,29.07065791,11589.22767
vid_000326_frame0000013.jpg,100.5639598,29.4154145,12054.75628
vid_000326_frame0000022.jpg,102.7370605,30.85861954,12766.75406
vid_000326_frame0000032.jpg,97.43332926,30.3587392,10519.85464
vid_000329_frame0000001.jpg,99.31521606,43.11421488,21172.52239
vid_000329_frame0000016.jpg,104.383901,44.64184172,22778.7036
vid_000329_frame0000028.jpg,105.4603628,43.9656331,23077.49652
vid_000330_frame0000006.jpg,107.3894145,29.26397212,11410.36113
vid_000330_frame0000016.jpg,108.3608907,31.37762232,12812.6558
vid_000330_frame0000020.jpg,105.2004395,33.0574252,15053.86546
vid_000331_frame0000158.jpg,96.17699687,28.840569,11647.08575
vid_000331_frame0000159.jpg,96.23608907,28.55639765,11488.65207
vid_000331_frame0000160.jpg,95.21170044,28.27767737,11469.11831
vid_000331_frame0000161.jpg,95.48106893,28.22506645,11463.41813
vid_000331_frame0000162.jpg,96.41934204,28.93980975,11872.97035
vid_000331_frame0000163.jpg,96.72280884,28.54335799,11627.07088
vid_000331_frame0000164.jpg,95.49245707,27.96683253,11299.41303
vid_000331_frame0000165.jpg,95.16907247,27.82735431,11488.21625
vid_000331_frame0000166.jpg,96.90004985,30.57517029,11510.94346
vid_000331_frame0000167.jpg,97.80141195,29.06417571,11267.74562
vid_000331_frame0000168.jpg,96.53645833,28.6991551,11684.17889
vid_000331_frame0000169.jpg,97.23345947,28.7918669,11666.12357
vid_000331_frame0000170.jpg,97.71750387,28.59678331,11706.76565
vid_000331_frame0000171.jpg,97.12360128,27.52222496,11174.74827
vid_000331_frame0000172.jpg,97.81250509,27.48443583,11374.15475
vid_000331_frame0000173.jpg,98.49714661,27.45240951,11299.49268
vid_000331_frame0000174.jpg,98.7756602,27.3590506,11134.24397
vid_000331_frame0000175.jpg,98.03946431,27.53852437,11441.81771
vid_000331_frame0000176.jpg,98.4832255,27.73109564,11150.65354
vid_000331_frame0000177.jpg,98.10881551,28.38790622,11404.45418
vid_000331_frame0000178.jpg,98.23805237,29.1331639,11645.41766
vid_000331_frame0000179.jpg,95.33149211,29.6732975,11189.01364
vid_000331_frame0000180.jpg,94.24519348,31.47122937,11820.12455
vid_000331_frame0000181.jpg,94.3017985,30.66974905,11538.96096
vid_000331_frame0000182.jpg,93.80803426,30.24165526,11460.67703
vid_000331_frame0000183.jpg,93.28915914,30.08863622,11399.10554
vid_000331_frame0000184.jpg,94.06944275,29.96548824,11189.18685
vid_000331_frame0000185.jpg,95.00337219,29.50710515,11211.45333
vid_000331_frame0000186.jpg,96.07116699,29.84642769,11383.27179
vid_000331_frame0000187.jpg,96.91048686,30.08520527,11387.91545
vid_000331_frame0000188.jpg,96.82027181,30.11916193,11599.11626
vid_000331_frame0000189.jpg,96.59102376,29.59608845,11568.84318
vid_000331_frame0000190.jpg,95.59876506,29.99303103,11635.4784
vid_000331_frame0000191.jpg,93.97304281,29.39810178,11409.45084
vid_000331_frame0000192.jpg,93.70715841,28.92986073,11240.65309
vid_000331_frame0000193.jpg,94.64605713,29.30539458,11503.6697
vid_000331_frame0000194.jpg,95.0164032,29.13575261,11168.64216
vid_000331_frame0000195.jpg,95.42096456,29.232961,11263.02616
vid_000331_frame0000196.jpg,96.40655009,29.05436426,11324.83128
vid_000331_frame0000197.jpg,96.74064636,29.79357508,11648.9965
vid_000331_frame0000198.jpg,95.51942444,29.80673337,11387.98686
vid_000331_frame0000199.jpg,94.85342916,29.64051271,11263.45098
vid_000331_frame0000200.jpg,94.65259806,30.24625962,11302.2562
vid_000331_frame0000201.jpg,94.347229,30.2736147,11508.28439
vid_000331_frame0000202.jpg,93.95650228,30.32323408,11545.43138
vid_000331_frame0000203.jpg,92.93639628,30.28124375,11589.53404
vid_000331_frame0000204.jpg,93.6692454,29.92560987,11438.40288
vid_000331_frame0000205.jpg,94.59601339,30.32686042,11775.55356
vid_000331_frame0000206.jpg,95.90560404,30.50940156,11419.00965
vid_000331_frame0000207.jpg,98.21047974,30.82883328,11935.83979
vid_000331_frame0000208.jpg,97.93379211,31.11201953,12114.10654
vid_000331_frame0000209.jpg,96.57906087,30.79337195,11809.20425
vid_000331_frame0000210.jpg,94.81944275,30.12357357,11377.53354
vid_000331_frame0000211.jpg,92.71992493,28.55589272,11330.30962
vid_000331_frame0000212.jpg,95.9544576,29.97858582,11876.16393
vid_000331_frame0000213.jpg,97.32574972,29.97947061,11546.3709
vid_000331_frame0000244.jpg,94.36397807,30.56940692,10764.80055
vid_000331_frame0000245.jpg,94.29264832,32.05550553,11420.51607
vid_000331_frame0000246.jpg,93.46114095,31.85124433,11208.67874
vid_000331_frame0000247.jpg,93.05721029,31.83867835,11513.49724
vid_000331_frame0000248.jpg,92.78594462,31.44797353,11498.54409
vid_000331_frame0000249.jpg,93.10451762,31.26479104,11416.82097
vid_000331_frame0000250.jpg,93.90227254,30.70945008,11291.81347
vid_000331_frame0000251.jpg,95.02574158,30.60322162,11240.77444
vid_000331_frame0000252.jpg,95.84622192,29.90871534,10975.72785
vid_000331_frame0000253.jpg,96.40696208,29.87263325,11241.47683
vid_000331_frame0000254.jpg,97.22811381,29.563698,11257.72695
vid_000331_frame0000255.jpg,96.85140991,29.22969303,11088.64544
vid_000331_frame0000256.jpg,97.23993937,28.78918662,11069.93878
vid_000331_frame0000257.jpg,98.56578064,28.47993872,11250.26441
vid_000331_frame0000258.jpg,101.0868734,28.41139002,11191.982
vid_000331_frame0000259.jpg,102.5627848,28.04635226,11306.61983
vid_000331_frame0000260.jpg,102.6250916,27.96185825,11019.60544
vid_000331_frame0000261.jpg,100.4628805,28.21152355,11182.38678
vid_000331_frame0000262.jpg,98.56052653,28.18826884,11047.78266
vid_000331_frame0000263.jpg,97.41236369,28.03986192,11059.91264
vid_000331_frame0000264.jpg,96.58282471,28.07070599,10944.15032
vid_000331_frame0000265.jpg,95.85069275,27.94319258,11074.46056
vid_000331_frame0000266.jpg,95.46753947,28.17986338,11293.71859
vid_000331_frame0000267.jpg,97.38153076,27.97201489,11647.7602
vid_000331_frame0000268.jpg,98.15481059,28.29805888,11396.74734
vid_000331_frame0000269.jpg,98.18054708,28.65834417,11267.2529
vid_000331_frame0000270.jpg,96.4008433,29.04526705,11652.23352
vid_000331_frame0000271.jpg,96.5910085,28.73093546,11366.42277
vid_000331_frame0000272.jpg,96.85618591,29.17150874,11450.59557
vid_000331_frame0000273.jpg,97.89885457,29.31483361,11480.17102
vid_000331_frame0000274.jpg,96.97205098,29.74534074,11872.21528
vid_000331_frame0000275.jpg,96.2849884,29.4119617,11537.23298
vid_000331_frame0000276.jpg,94.32192993,29.70122145,11432.88094
vid_000331_frame0000277.jpg,93.44668579,30.11469006,11701.57905
vid_000331_frame0000278.jpg,93.82948303,30.37546437,11899.59588
vid_000331_frame0000279.jpg,93.46799215,30.40344719,11072.97546
vid_000331_frame0000280.jpg,91.26480103,32.2325015,11885.92937
vid_000331_frame0000281.jpg,88.15351359,30.30639693,11317.40771
vid_000331_frame0000282.jpg,89.10135396,31.43201043,12058.18154
vid_000331_frame0000283.jpg,89.3775533,30.63445295,11786.63145
vid_000331_frame0000284.jpg,90.02027893,30.87300185,12128.23928
vid_000331_frame0000285.jpg,90.30757141,30.44728025,11842.27497
vid_000331_frame0000286.jpg,90.75333659,30.5822467,11597.40674
vid_000331_frame0000287.jpg,89.72186788,30.81137171,11882.18077
vid_000331_frame0000288.jpg,89.21948242,31.31938236,12211.47553
vid_000332_frame0000001.jpg,114.542867,63.6938627,44030.61284
vid_000332_frame0000002.jpg,115.2839864,63.32426023,41464.51275
vid_000332_frame0000003.jpg,114.635966,63.97630497,44701.37195
vid_000332_frame0000004.jpg,118.5066121,57.87038493,33923.77028
vid_000332_frame0000005.jpg,115.2187297,47.84126589,26316.76734
vid_000332_frame0000006.jpg,111.31486,47.80699556,27815.43184
vid_000332_frame0000007.jpg,107.8516591,40.22877936,16824.76596
vid_000332_frame0000008.jpg,104.8604533,36.07944506,13880.96791
vid_000332_frame0000009.jpg,103.0980123,33.82760757,10617.57326
vid_000332_frame0000010.jpg,107.69723,34.48054804,11211.66131
vid_000332_frame0000011.jpg,109.3684031,34.16014167,10562.51975
vid_000332_frame0000012.jpg,110.0519867,33.82295955,11064.0725
vid_000332_frame0000013.jpg,110.2966359,33.84037867,10830.84557
vid_000332_frame0000014.jpg,109.662267,34.06544369,10940.65838
vid_000332_frame0000015.jpg,109.7229919,33.86874948,10928.2106
vid_000332_frame0000016.jpg,109.6196442,34.18725642,10961.05198
vid_000332_frame0000017.jpg,108.6248118,34.47565927,11102.31828
vid_000332_frame0000018.jpg,108.1403453,34.18256375,11016.22784
vid_000332_frame0000019.jpg,107.9473979,34.20616757,10952.58453
vid_000332_frame0000020.jpg,107.9987386,34.05449182,10953.58743
vid_000332_frame0000021.jpg,109.6158905,34.43223968,10870.9879
vid_000332_frame0000022.jpg,110.7502238,33.94473487,10913.76822
vid_000332_frame0000023.jpg,111.7403412,34.13311479,10795.33741
vid_000332_frame0000024.jpg,111.0770925,33.90821226,11123.02996
vid_000332_frame0000025.jpg,109.8620504,33.93270127,10409.62592
vid_000332_frame0000026.jpg,107.5946147,33.89118899,10472.92634
vid_000332_frame0000027.jpg,105.5590566,34.05725978,10542.92142
vid_000332_frame0000029.jpg,106.8103536,34.43784611,11096.04513
vid_000332_frame0000030.jpg,106.3955027,40.49615229,13672.92391
vid_000332_frame0000031.jpg,106.032074,40.40014808,14014.74578
vid_000332_frame0000051.jpg,89.17001343,48.40494806,25864.39044
vid_000332_frame0000052.jpg,85.893809,35.9405362,16437.97655
vid_000332_frame0000053.jpg,91.80415344,36.3265269,17131.21265
vid_000332_frame0000054.jpg,92.99120076,36.14002988,17012.45239
vid_000332_frame0000055.jpg,95.28272502,35.32371086,16089.45485
vid_000332_frame0000056.jpg,98.38782247,35.23912771,15965.32292
vid_000332_frame0000057.jpg,101.216212,35.45234928,16216.84962
vid_000332_frame0000058.jpg,100.9126231,35.11111642,15628.60587
vid_000332_frame0000059.jpg,100.5800985,34.88414508,14601.15059
vid_000332_frame0000060.jpg,101.1873474,34.20050075,14125.28909
vid_000332_frame0000061.jpg,103.6959686,35.1940686,15031.49148
vid_000332_frame0000062.jpg,108.2507985,36.52040445,15453.55489
vid_000332_frame0000063.jpg,108.4185079,34.49544184,13054.61055
vid_000332_frame0000064.jpg,107.1782786,32.30576333,11557.60746
vid_000332_frame0000065.jpg,109.2625885,32.28941333,11624.62136
vid_000332_frame0000066.jpg,115.8671773,32.62796365,11557.64081
vid_000332_frame0000067.jpg,114.1591899,33.31470419,11692.92635
vid_000332_frame0000068.jpg,110.1249644,35.57603305,13485.31739
vid_000332_frame0000069.jpg,104.59876,37.02876417,14838.66434
vid_000332_frame0000070.jpg,103.0362193,37.7222016,15438.89409
vid_000332_frame0000071.jpg,103.7721914,38.4371157,16429.08482
vid_000332_frame0000072.jpg,104.9591268,38.76364004,16570.11703
vid_000332_frame0000073.jpg,105.6866709,38.41584299,16710.2687
vid_000332_frame0000074.jpg,105.9502157,37.19732715,15449.19106
vid_000332_frame0000075.jpg,103.5998027,35.97122849,15171.60331
vid_000332_frame0000076.jpg,101.5239766,34.45808784,14351.2218
vid_000332_frame0000077.jpg,101.7706706,34.38558801,14746.47485
vid_000332_frame0000078.jpg,102.9051717,34.74120778,15283.70153
vid_000332_frame0000079.jpg,104.8374379,34.68961343,14697.44323
vid_000332_frame0000080.jpg,108.3052419,35.73591294,15981.6299
vid_000332_frame0000081.jpg,113.7612712,36.44976422,15736.21921
vid_000332_frame0000082.jpg,113.5468699,36.33971212,15044.79188
vid_000332_frame0000083.jpg,108.812205,35.69294538,15025.1939
vid_000332_frame0000084.jpg,106.4979655,35.19975745,14644.12408
vid_000332_frame0000085.jpg,106.5838623,35.47151118,14821.21662
vid_000332_frame0000086.jpg,110.3175049,35.95298537,14885.5435
vid_000332_frame0000087.jpg,114.0057271,35.92791691,15177.28455
vid_000332_frame0000088.jpg,120.0346934,36.61607003,15365.36972
vid_000332_frame0000089.jpg,117.3274638,36.22749849,15201.49883
vid_000332_frame0000090.jpg,113.874939,36.6926408,14738.97007
vid_000332_frame0000091.jpg,109.7637889,35.96960983,14023.61911
vid_000332_frame0000092.jpg,102.9882558,35.76251712,14640.63838
vid_000332_frame0000093.jpg,105.1756948,35.41089562,14747.45794
vid_000332_frame0000094.jpg,109.12677,37.02375831,16601.29761
vid_000332_frame0000095.jpg,110.3657176,36.84946693,16468.27062
vid_000332_frame0000096.jpg,116.1487681,36.01767831,15199.68479
vid_000332_frame0000097.jpg,118.0886943,36.08750153,15034.25874
vid_000332_frame0000098.jpg,117.2786306,36.87841832,14804.11622
vid_000332_frame0000099.jpg,116.586614,36.60225683,14084.25686
vid_000332_frame0000100.jpg,116.4658356,35.88469601,13974.20844
vid_000332_frame0000101.jpg,113.73113,35.78605694,14230.58711
vid_000332_frame0000102.jpg,110.6553396,35.8675715,14272.04868
vid_000332_frame0000103.jpg,111.3988902,36.90763916,15502.53312
vid_000332_frame0000104.jpg,112.2712606,36.72040341,15412.87597
vid_000332_frame0000105.jpg,112.4391581,36.911897,15847.96259
vid_000332_frame0000106.jpg,113.0900167,36.13536624,15192.21257
vid_000332_frame0000107.jpg,115.7901408,35.8867464,15690.73107
vid_000332_frame0000108.jpg,118.5884145,35.87867731,15184.43401
vid_000332_frame0000109.jpg,117.6524099,35.18721806,14543.0861
vid_000332_frame0000110.jpg,117.2078908,34.29044435,14310.78813
vid_000332_frame0000111.jpg,116.522995,33.96846521,14064.95664
vid_000332_frame0000112.jpg,115.6144511,33.60392716,13660.8692
vid_000332_frame0000113.jpg,114.4893951,33.57232162,13773.82729
vid_000332_frame0000114.jpg,113.2045492,33.70687182,14408.96085
vid_000332_frame0000115.jpg,113.6332397,33.7817783,14329.2116
vid_000332_frame0000116.jpg,113.7134705,33.95723433,14135.40111
vid_000332_frame0000117.jpg,113.6063792,34.23850112,14542.68009
vid_000332_frame0000118.jpg,113.3263295,34.19217123,14572.33139
vid_000332_frame0000119.jpg,113.6591339,33.9701336,14371.66026
vid_000332_frame0000120.jpg,113.9802043,33.91062407,14420.78603
vid_000332_frame0000121.jpg,113.4131877,33.86240492,14263.03277
vid_000332_frame0000122.jpg,113.1889852,33.6681131,14077.75221
vid_000332_frame0000123.jpg,113.7411296,34.09536433,14096.67376
vid_000332_frame0000124.jpg,113.4817352,33.86469336,14273.3145
vid_000332_frame0000125.jpg,113.1712036,33.92155902,14330.87931
vid_000332_frame0000126.jpg,113.4940287,34.0288742,14241.78795
vid_000332_frame0000127.jpg,114.5413208,34.09616613,14529.5937
vid_000332_frame0000128.jpg,115.4562887,34.61009822,14733.96215
vid_000332_frame0000129.jpg,115.2285004,34.74045229,14763.42915
vid_000332_frame0000130.jpg,115.5726573,34.33907258,14614.8511
vid_000332_frame0000131.jpg,114.9958852,33.71171857,13910.20025
vid_000332_frame0000132.jpg,113.0605316,33.27223159,13362.59414
vid_000332_frame0000133.jpg,111.6635742,33.47800444,12662.13142
vid_000332_frame0000134.jpg,114.5034536,34.17810113,12607.18911
vid_000333_frame0000001.jpg,110.9521586,59.23998132,34318.57214
vid_000333_frame0000002.jpg,111.0439962,59.23363849,34337.50801
vid_000333_frame0000003.jpg,112.0001526,60.00755313,34358.91926
vid_000333_frame0000004.jpg,111.9947154,60.11667248,34751.63591
vid_000333_frame0000005.jpg,112.2253774,60.32184654,34535.40705
vid_000333_frame0000006.jpg,112.5569865,60.15377783,32131.60658
vid_000333_frame0000007.jpg,117.4834544,63.05188501,35022.75641
vid_000333_frame0000008.jpg,114.3390198,61.60486109,33833.24713
vid_000333_frame0000009.jpg,115.9483897,56.25121921,28181.00045
vid_000333_frame0000010.jpg,116.6341553,57.27900547,29838.26818
vid_000333_frame0000011.jpg,117.2190806,57.70631589,30278.19417
vid_000333_frame0000012.jpg,119.9764201,57.35307194,25728.89018
vid_000333_frame0000013.jpg,119.4648641,58.29851267,29688.9216
vid_000333_frame0000014.jpg,119.2943776,58.04711094,29970.02036
vid_000333_frame0000015.jpg,119.4453939,58.17657732,29682.64254
vid_000333_frame0000016.jpg,119.0685069,57.34883137,28077.58821
vid_000333_frame0000017.jpg,119.3950348,57.11804316,28458.6641
vid_000333_frame0000018.jpg,119.5377553,57.14012055,29023.59216
vid_000333_frame0000019.jpg,120.7090861,56.21178963,27311.99261
vid_000333_frame0000020.jpg,120.8200938,56.62956373,28514.57891
vid_000333_frame0000021.jpg,119.8605652,55.73281853,27715.31686
vid_000333_frame0000050.jpg,117.1350861,59.77950254,32192.72169
vid_000334_frame0000001.jpg,114.1840769,36.51753107,15333.73258
vid_000334_frame0000002.jpg,113.8775686,35.93273179,14405.26774
vid_000334_frame0000003.jpg,113.0175578,35.76890106,13979.35542
vid_000334_frame0000004.jpg,114.8135681,35.86715818,14312.84732
vid_000334_frame0000005.jpg,117.6693217,35.60243149,13462.95711
vid_000334_frame0000006.jpg,117.0469106,34.16197579,13149.6499
vid_000334_frame0000007.jpg,116.9983978,34.57648813,13409.05226
vid_000334_frame0000008.jpg,116.6871847,34.62950832,14205.7951
vid_000334_frame0000009.jpg,114.647049,32.02363259,12248.50149
vid_000334_frame0000010.jpg,112.6502686,32.37895098,13262.3823
vid_000334_frame0000011.jpg,114.8505554,31.49997812,13489.88303
vid_000334_frame0000012.jpg,115.4792837,32.42812374,14362.15257
vid_000334_frame0000013.jpg,113.0506948,33.47229937,16231.09343
vid_000334_frame0000014.jpg,113.6996358,33.39766845,16188.08146
vid_000334_frame0000015.jpg,112.7657928,32.71955435,15100.82649
vid_000334_frame0000016.jpg,111.3565521,31.04306192,13549.77612
vid_000334_frame0000017.jpg,110.4065094,28.70970976,12507.49511
vid_000334_frame0000018.jpg,107.7257894,30.25525115,12344.84202
vid_000334_frame0000019.jpg,107.1450704,38.00104055,18232.51778
vid_000334_frame0000020.jpg,106.8327332,38.11476829,18514.06648
vid_000334_frame0000021.jpg,107.0930583,37.94003138,18302.59216
vid_000334_frame0000022.jpg,107.1097209,37.70929773,18059.12549
vid_000334_frame0000023.jpg,106.2978923,37.36838877,17231.46507
vid_000337_frame0000160.jpg,83.38395182,33.92094432,10743.21691
vid_000338_frame0000001.jpg,80.90403239,31.61575357,10715.04724
vid_000338_frame0000002.jpg,81.12150574,31.30392372,10417.90877
vid_000338_frame0000003.jpg,80.97067769,31.26687858,10449.86639
vid_000338_frame0000004.jpg,80.94679769,31.76211033,10897.0182
vid_000338_frame0000005.jpg,81.18628947,31.37006565,10679.16896
vid_000338_frame0000006.jpg,81.1872762,31.51810193,10729.9758
vid_000338_frame0000007.jpg,81.10653178,31.18256312,10578.88797
vid_000338_frame0000008.jpg,81.62724304,31.97484719,10699.68495
vid_000338_frame0000009.jpg,82.27159119,31.44828053,10421.01049
vid_000338_frame0000010.jpg,83.31885274,32.54946519,11212.24455
vid_000338_frame0000011.jpg,83.84755452,32.20706693,10810.82033
vid_000338_frame0000012.jpg,85.69589233,32.00751895,10369.21081
vid_000338_frame0000013.jpg,86.80484009,31.8985019,10678.03585
vid_000338_frame0000014.jpg,87.06455485,32.47343217,10920.82823
vid_000338_frame0000015.jpg,87.66775513,32.74817752,11088.31957
vid_000338_frame0000016.jpg,90.55119832,33.4105085,11030.88153
vid_000338_frame0000017.jpg,94.2130483,33.58593925,11345.0962
vid_000338_frame0000018.jpg,98.88326518,35.95388198,12719.11113
vid_000338_frame0000021.jpg,99.24995931,38.81111009,17261.64992
vid_000338_frame0000022.jpg,98.23125712,41.08706888,20022.18019
vid_000338_frame0000023.jpg,98.59017944,44.16423451,20191.65194
vid_000338_frame0000024.jpg,98.29340617,46.0089071,25601.1358
vid_000338_frame0000025.jpg,98.82134501,45.6464276,25153.49851
vid_000338_frame0000026.jpg,99.27667236,45.84257017,26177.72453
vid_000338_frame0000027.jpg,98.81920369,44.07129185,20722.50569
vid_000338_frame0000028.jpg,96.87950643,45.82581519,24458.69138
vid_000339_frame0000001.jpg,81.06411743,30.27753263,11124.58192
vid_000339_frame0000002.jpg,81.04196167,29.80847711,10653.24325
vid_000339_frame0000003.jpg,81.54995219,29.91548913,10789.10925
vid_000339_frame0000004.jpg,81.03439331,30.31486995,10958.578
vid_000339_frame0000005.jpg,82.13117981,30.24462891,10851.29281
vid_000339_frame0000006.jpg,81.63061015,29.94358812,10737.29871
vid_000339_frame0000007.jpg,82.17797852,30.3619851,10862.19729
vid_000339_frame0000008.jpg,81.41958618,30.67123479,11244.61505
vid_000339_frame0000009.jpg,81.65688578,30.12431897,10714.52051
vid_000339_frame0000010.jpg,81.23575338,30.57502646,11284.37225
vid_000339_frame0000011.jpg,84.72741699,30.76673708,11252.49416
vid_000339_frame0000012.jpg,81.30683899,30.45684933,11039.34619
vid_000339_frame0000013.jpg,80.54464213,30.92811241,11499.95489
vid_000339_frame0000014.jpg,80.16702779,31.35212301,11896.46007
vid_000339_frame0000015.jpg,80.66824341,31.27609188,11836.1278
vid_000339_frame0000016.jpg,81.01637268,32.00243593,11939.25027
vid_000339_frame0000017.jpg,80.66511027,32.19793853,12001.4765
vid_000339_frame0000018.jpg,80.7125295,32.47715774,12142.4608
vid_000339_frame0000019.jpg,80.69873047,31.33261258,11338.50432
vid_000340_frame0000017.jpg,86.6765035,31.15774427,11279.10621
vid_000340_frame0000018.jpg,86.01048787,31.53447217,11619.34723
vid_000340_frame0000019.jpg,86.46827698,30.83615128,11302.23975
vid_000340_frame0000020.jpg,86.25231425,31.80783816,11844.93171
vid_000340_frame0000021.jpg,86.07730611,31.72103177,12023.68929
vid_000340_frame0000032.jpg,86.71606445,32.67958163,12215.46772
vid_000340_frame0000033.jpg,86.99006144,32.3556649,11851.81733
vid_000340_frame0000034.jpg,86.67122396,33.00702445,12672.66904
vid_000340_frame0000035.jpg,87.07357279,32.47298281,12021.96635
vid_000342_frame0000210.jpg,101.3090769,32.72270772,11843.6201
vid_000342_frame0000211.jpg,100.2429097,33.35475725,12537.08199
vid_000342_frame0000214.jpg,99.66718038,33.15604329,12348.85944
vid_000342_frame0000215.jpg,99.64698792,37.24239333,14823.2211
vid_000342_frame0000246.jpg,101.5286153,32.05292942,11600.38562
vid_000342_frame0000247.jpg,101.7650299,33.12542779,12310.32173
vid_000342_frame0000270.jpg,99.45160929,33.46140625,12687.62016
vid_000342_frame0000271.jpg,99.89671326,32.74937315,11709.17914
vid_000342_frame0000272.jpg,99.21706645,32.42174316,11611.56881
vid_000343_frame0000007.jpg,99.15229289,32.78100935,12386.51457
vid_000343_frame0000008.jpg,100.5065918,32.60517988,13074.25478
vid_000343_frame0000010.jpg,103.5000763,33.75015749,14060.66961
vid_000343_frame0000011.jpg,106.7833099,33.73052789,13284.65763
vid_000343_frame0000012.jpg,108.278951,35.04727723,14132.9987
vid_000343_frame0000015.jpg,98.63204956,32.14955649,13043.30239
vid_000343_frame0000017.jpg,100.6214244,31.99027464,13656.51733
vid_000343_frame0000018.jpg,100.8461711,32.12158118,13718.8414
vid_000343_frame0000020.jpg,100.7956187,32.36608971,14517.64881
vid_000343_frame0000021.jpg,100.9751587,31.7320157,13323.87318
vid_000343_frame0000022.jpg,99.97290039,31.76078518,13527.17646
vid_000343_frame0000026.jpg,107.7522685,33.45425024,13212.13293
vid_000343_frame0000029.jpg,106.0569611,32.97543554,12158.97328
vid_000343_frame0000046.jpg,107.0294749,32.53028344,13435.37908
vid_000343_frame0000047.jpg,104.7822266,32.59597378,13495.14646
vid_000344_frame0000024.jpg,101.4724986,36.52585075,15410.94938
vid_000344_frame0000026.jpg,99.99258423,33.73249368,13142.94639
vid_000344_frame0000027.jpg,103.6551514,35.23633985,14378.6233
vid_000344_frame0000029.jpg,99.8993632,35.5020421,13671.2762
vid_000344_frame0000031.jpg,97.37860107,35.18579361,13257.26672
vid_000344_frame0000032.jpg,94.63337708,32.86524735,12324.39299
vid_000344_frame0000033.jpg,95.28657532,33.26411956,12407.55246
vid_000344_frame0000034.jpg,95.78343709,33.39517872,12724.51042
vid_000345_frame0000007.jpg,97.904363,34.503404,13238.086
vid_000345_frame0000011.jpg,98.18763733,35.61431966,13838.02565
vid_000345_frame0000013.jpg,98.80388387,35.83959761,14449.15932
vid_000345_frame0000016.jpg,101.2250824,35.91531686,13582.6407
vid_000345_frame0000017.jpg,107.7947235,38.78177121,16719.20447
vid_000345_frame0000020.jpg,107.9035085,40.70464989,19277.79673
vid_000345_frame0000022.jpg,106.0667369,38.04993072,16343.41352
vid_000346_frame0000010.jpg,101.4197032,37.2545169,15062.32807
vid_000346_frame0000012.jpg,102.768219,37.83073578,15457.26968
vid_000346_frame0000013.jpg,104.7212474,37.03434877,13924.41025
vid_000346_frame0000014.jpg,105.6713562,39.23423117,16477.95004
vid_000346_frame0000018.jpg,103.7966003,40.03282027,17285.22038
vid_000346_frame0000019.jpg,104.5570017,37.65273956,14189.21129
vid_000346_frame0000020.jpg,104.8758952,40.02703172,16996.11893
vid_000346_frame0000021.jpg,103.639445,38.20698426,15024.82311
vid_000346_frame0000022.jpg,103.376414,38.40025846,16294.06599
vid_000346_frame0000026.jpg,102.98526,37.36679516,14997.71515
vid_000346_frame0000027.jpg,101.9323069,37.69072889,15287.13814
vid_000346_frame0000032.jpg,101.7679545,36.95015787,14668.73836
vid_000346_frame0000036.jpg,104.5315043,30.35418606,12013.44291
vid_000346_frame0000037.jpg,104.0655518,31.35228517,11544.47523
vid_000346_frame0000041.jpg,103.4267985,31.40729898,11631.48285
vid_000346_frame0000043.jpg,105.8017476,29.52124074,11400.3494
vid_000346_frame0000044.jpg,104.8289235,31.54938659,12722.51076
vid_000346_frame0000045.jpg,106.0416514,34.22345843,14045.90975
vid_000347_frame0000012.jpg,105.7585042,32.99402956,13801.48786
vid_000347_frame0000021.jpg,104.77948,33.0119699,13806.0869
vid_000347_frame0000023.jpg,105.1746318,33.72507928,14402.90832
vid_000347_frame0000027.jpg,104.3939667,34.90547943,15024.90435
vid_000347_frame0000028.jpg,104.0088043,34.52010904,15089.90876
vid_000347_frame0000030.jpg,105.4236196,34.790637,14695.27691
vid_000347_frame0000031.jpg,105.256429,35.46748804,15512.7387
vid_000347_frame0000033.jpg,104.5874278,34.57547846,14622.20782
vid_000349_frame0000001.jpg,115.0966949,45.38295566,24131.79639
vid_000349_frame0000002.jpg,115.2288106,43.67823615,20661.49807
vid_000349_frame0000003.jpg,114.9040273,44.98135612,22544.35765
vid_000349_frame0000004.jpg,116.1031596,45.71934974,23538.86005
vid_000349_frame0000005.jpg,116.3673757,44.74698257,21633.9541
vid_000349_frame0000006.jpg,116.3195394,44.19626847,21167.38372
vid_000349_frame0000007.jpg,115.9379069,44.32588519,21242.03556
vid_000349_frame0000010.jpg,114.2340037,43.87054944,21731.64786
vid_000349_frame0000012.jpg,111.6847331,42.24744177,20479.73017
vid_000349_frame0000015.jpg,106.8260498,38.09878248,16156.10391
vid_000349_frame0000020.jpg,101.481013,34.7082152,13941.46504
vid_000349_frame0000022.jpg,99.95757548,34.17423968,13644.20915
vid_000349_frame0000027.jpg,97.93049113,31.21349724,11518.04856
vid_000349_frame0000028.jpg,97.17817179,31.64419818,11908.77642
vid_000349_frame0000057.jpg,99.52154541,32.53781016,11836.31268
vid_000349_frame0000074.jpg,104.5700633,36.71908251,14063.71513
vid_000349_frame0000077.jpg,108.3504384,42.89722362,18790.41062
vid_000349_frame0000081.jpg,112.5157013,47.91371684,22806.03697
vid_000349_frame0000084.jpg,112.0755361,47.24778122,21144.25372
vid_000349_frame0000093.jpg,104.0414734,41.44056998,17518.96958
vid_000349_frame0000096.jpg,102.3306173,37.25755266,13475.15208
vid_000350_frame0000005.jpg,107.8759206,30.50982292,10157.13445
vid_000350_frame0000007.jpg,110.4290415,30.39347573,10197.82441
vid_000350_frame0000008.jpg,109.4507243,30.55259536,10345.12275
vid_000350_frame0000009.jpg,110.2190653,30.65559604,10230.9458
vid_000350_frame0000012.jpg,108.5672404,30.22622588,10609.26063
vid_000350_frame0000014.jpg,109.3585968,30.60761265,10714.06585
vid_000350_frame0000018.jpg,109.9754384,30.70402505,10643.51995
vid_000350_frame0000019.jpg,111.3174337,30.83451522,9967.538636
vid_000350_frame0000020.jpg,108.0468191,32.08007743,11193.46646
vid_000350_frame0000021.jpg,109.173111,39.42464726,13612.54946
vid_000350_frame0000022.jpg,112.2781576,34.82116147,11895.85729
vid_000350_frame0000028.jpg,113.0524495,33.1722095,12084.67975
vid_000350_frame0000032.jpg,114.4730225,32.98810008,11758.30107
vid_000350_frame0000033.jpg,112.4801941,32.98610255,12718.94343
vid_000350_frame0000037.jpg,114.0481669,33.16778127,11477.75184
vid_000350_frame0000041.jpg,112.0214742,32.83281298,12204.36339
vid_000350_frame0000053.jpg,107.6182912,31.95734813,11916.50182
vid_000350_frame0000056.jpg,109.1276347,32.12054176,11265.56648
vid_000350_frame0000059.jpg,109.2782593,31.89226987,11187.36431
vid_000350_frame0000063.jpg,111.1740011,31.96768332,11586.55743
vid_000350_frame0000072.jpg,115.4856415,32.58237519,11848.04775
vid_000350_frame0000076.jpg,115.936676,33.11147412,11596.73279
vid_000350_frame0000080.jpg,116.1837006,33.85420159,12099.69546
vid_000350_frame0000083.jpg,116.9713999,35.28077009,14014.05714
vid_000350_frame0000084.jpg,117.4644267,34.43004376,12986.28977
vid_000350_frame0000085.jpg,117.4985352,35.04424487,13848.64815
vid_000350_frame0000094.jpg,125.7530314,44.47859438,20721.46758
vid_000350_frame0000098.jpg,122.7097422,48.62320421,25442.19075
vid_000350_frame0000101.jpg,124.4732107,51.03074651,26689.39224
vid_000350_frame0000105.jpg,124.2098033,48.64142802,21950.47134
vid_000350_frame0000106.jpg,123.3978831,48.38951945,21321.04921
vid_000350_frame0000110.jpg,118.8237356,47.72298438,22388.47523
vid_000350_frame0000111.jpg,117.2180735,46.77638298,21902.61671
vid_000350_frame0000115.jpg,119.3212992,43.82248086,21962.33334
vid_000350_frame0000119.jpg,117.4369761,42.79181962,20729.89574
vid_000350_frame0000120.jpg,115.7471771,42.49736092,20296.31702
vid_000350_frame0000125.jpg,116.6842244,42.85573462,21999.26647
vid_000350_frame0000131.jpg,117.793808,42.60736502,21296.0112
vid_000350_frame0000136.jpg,116.6947632,42.83066889,20317.32018
vid_000350_frame0000143.jpg,119.3727519,42.68590874,20921.12957
vid_000350_frame0000151.jpg,121.0831095,43.28419275,21640.3415
vid_000350_frame0000154.jpg,119.6034851,43.09262722,21228.74011
vid_000350_frame0000162.jpg,126.8689067,45.41138116,21947.13514
vid_000350_frame0000163.jpg,127.2033844,44.88684868,21002.95944
vid_000350_frame0000167.jpg,128.6846008,44.614411,21473.68027
vid_000350_frame0000172.jpg,126.1794484,44.41698916,20633.21659
vid_000350_frame0000175.jpg,122.7148336,44.86436139,20884.71977
vid_000350_frame0000178.jpg,121.6532033,44.50371152,21275.28878
vid_000350_frame0000181.jpg,119.3836416,43.48370723,21709.40428
vid_000350_frame0000182.jpg,118.7767334,43.39076012,22103.19422
vid_000350_frame0000183.jpg,118.1473999,43.38943592,22159.5061
vid_000350_frame0000184.jpg,118.7267609,43.34085685,22020.759
vid_000350_frame0000185.jpg,120.5136108,43.70145928,21559.71269
vid_000350_frame0000187.jpg,121.7785848,43.50839114,21670.67885
vid_000350_frame0000194.jpg,119.8071238,43.20349896,21271.47774
vid_000350_frame0000199.jpg,123.1435038,43.68930507,21318.57388
vid_000350_frame0000201.jpg,121.6895752,43.56826968,21911.02554
vid_000350_frame0000211.jpg,116.6241353,42.54863038,20376.4138
vid_000350_frame0000213.jpg,115.8057658,42.36691201,20101.53904
vid_000350_frame0000217.jpg,113.9263051,42.20467733,19666.56638
vid_000350_frame0000221.jpg,115.4351196,41.38306448,20045.30824
vid_000361_frame0000001.jpg,85.86475627,28.2925789,10536.56734
vid_000361_frame0000002.jpg,86.24131266,28.05663051,10063.11012
vid_000361_frame0000004.jpg,86.12467448,28.33637673,10367.10667
vid_000361_frame0000008.jpg,85.98187256,28.49857772,10627.22482
vid_000361_frame0000010.jpg,85.97862244,28.47377326,10758.88486
vid_000361_frame0000011.jpg,85.93876139,28.32391506,10302.35789
vid_000361_frame0000016.jpg,86.29029846,28.37856529,10224.19661
vid_000361_frame0000017.jpg,86.16130066,28.6863858,10667.05504
vid_000361_frame0000023.jpg,87.47294617,28.96158257,10305.17309
vid_000361_frame0000029.jpg,87.07997131,28.43233194,10179.44701
vid_000361_frame0000030.jpg,87.60040792,28.93243235,10519.40877
vid_000361_frame0000034.jpg,87.42035929,29.46275029,10416.17816
vid_000361_frame0000035.jpg,87.7938029,29.33004258,10462.52644
vid_000361_frame0000036.jpg,86.94192505,28.79963084,10223.68142
vid_000361_frame0000037.jpg,86.94140116,28.37050777,9923.189707
vid_000362_frame0000001.jpg,119.4945679,29.08343921,12497.95198
vid_000362_frame0000002.jpg,122.1318258,28.99223007,11675.0901
vid_000362_frame0000003.jpg,122.9104767,29.57805237,11783.19576
vid_000362_frame0000004.jpg,123.6940613,29.23338866,11660.42609
vid_000362_frame0000005.jpg,121.9583333,29.18026312,11728.75018
vid_000362_frame0000006.jpg,120.5715739,28.08595985,11605.96902
vid_000362_frame0000007.jpg,120.6014608,27.90500494,11719.53058
vid_000362_frame0000008.jpg,122.8374176,27.68218994,11837.57545
vid_000362_frame0000009.jpg,126.6488291,27.91643872,11826.15722
vid_000362_frame0000011.jpg,125.7181447,28.3915994,12169.5304
vid_000362_frame0000012.jpg,124.3302968,29.50365618,13081.57824
vid_000362_frame0000013.jpg,122.8464508,30.10567018,13741.6194
vid_000362_frame0000014.jpg,122.7364044,29.82836664,13261.05723
vid_000362_frame0000015.jpg,125.4824727,29.3487289,12392.57513
vid_000362_frame0000016.jpg,128.1711884,29.25721285,12646.4309
vid_000362_frame0000017.jpg,131.3219452,29.07419704,12579.39942
vid_000362_frame0000019.jpg,124.9745941,28.94714257,12103.08491
vid_000362_frame0000020.jpg,121.0767822,29.3184071,12901.15664
vid_000362_frame0000021.jpg,120.4332123,29.00630672,12883.31609
vid_000362_frame0000022.jpg,120.2936859,29.44202043,13285.09197
vid_000362_frame0000024.jpg,121.0216573,28.81583532,12694.17517
vid_000362_frame0000027.jpg,121.4735514,27.15236,11321.78306
vid_000362_frame0000028.jpg,121.5774384,28.58484384,11671.56014
vid_000362_frame0000029.jpg,123.3705393,28.48442472,11328.0872
vid_000363_frame0000001.jpg,109.1812337,31.88182103,15925.70267
vid_000363_frame0000002.jpg,110.9720713,30.16972555,13194.09388
vid_000363_frame0000003.jpg,110.2166545,31.09793727,14441.25539
vid_000363_frame0000007.jpg,113.1118673,31.40012099,14429.47911
vid_000363_frame0000008.jpg,113.5189107,32.79489543,15803.8803
vid_000363_frame0000009.jpg,114.6220398,31.40313827,13421.71975
vid_000363_frame0000010.jpg,113.8230845,37.47738164,15922.51823
vid_000363_frame0000011.jpg,120.3386536,39.1953082,15576.10401
vid_000363_frame0000012.jpg,123.6437531,47.825199,20443.8186
vid_000363_frame0000014.jpg,118.8968099,53.76374045,26763.87319
vid_000363_frame0000016.jpg,112.8224233,47.71875241,18544.45716
vid_000363_frame0000017.jpg,110.8381602,46.94184911,18236.5701
vid_000363_frame0000018.jpg,112.8611043,49.01935735,20655.90873
vid_000363_frame0000019.jpg,116.9342041,49.59507867,19813.15208
vid_000363_frame0000020.jpg,117.8762868,53.26848204,24469.08889
vid_000363_frame0000021.jpg,114.7255707,44.7070403,16943.59222
vid_000364_frame0000010.jpg,103.4619141,26.15646495,11225.86816
vid_000364_frame0000011.jpg,102.6649323,25.97819248,10948.89804
vid_000364_frame0000013.jpg,103.01533,26.0061417,11099.90832
vid_000364_frame0000014.jpg,102.7892253,26.18392014,11104.07145
vid_000364_frame0000015.jpg,104.203598,26.45285054,11325.09207
vid_000364_frame0000016.jpg,102.2199097,26.13184361,11104.77286
vid_000364_frame0000018.jpg,104.2072347,26.43495328,11305.58334
vid_000364_frame0000020.jpg,102.9099731,26.56176341,11501.43871
vid_000364_frame0000021.jpg,102.3544312,26.63634781,11535.8458
vid_000364_frame0000022.jpg,102.8375193,26.40863241,11390.96151
vid_000364_frame0000023.jpg,101.8337809,26.40637693,11527.05304
vid_000364_frame0000024.jpg,101.6162821,25.96578171,11400.15095
vid_000364_frame0000025.jpg,102.4062602,26.26710756,11724.24071
vid_000364_frame0000026.jpg,102.6883698,26.30160766,11701.70041
vid_000364_frame0000027.jpg,102.6668905,26.60733979,11467.37466
vid_000364_frame0000028.jpg,102.6783295,26.3619406,11366.78663
vid_000364_frame0000031.jpg,104.3670553,26.56002622,11319.6362
vid_000364_frame0000033.jpg,107.615448,26.44695607,11070.98661
vid_000364_frame0000038.jpg,106.8308411,26.45776938,11378.42826
vid_000364_frame0000075.jpg,104.7217102,26.17837058,11159.35967
vid_000364_frame0000076.jpg,105.0235291,26.23227979,11187.32113
vid_000364_frame0000078.jpg,105.5505219,26.4145312,11087.87376
vid_000364_frame0000088.jpg,102.5844676,26.11911828,11343.4655
vid_000364_frame0000089.jpg,103.430364,26.03168167,11139.77627
vid_000364_frame0000090.jpg,102.6823018,26.01483083,11419.93874
vid_000364_frame0000103.jpg,108.8155009,27.85723534,11781.7636
vid_000364_frame0000106.jpg,107.0192973,27.32929927,11439.91653
vid_000364_frame0000111.jpg,108.4132894,27.90473023,11903.32058
vid_000365_frame0000003.jpg,106.7756348,27.90582631,11990.61331
vid_000365_frame0000005.jpg,106.7106883,27.51372511,11698.90449
vid_000365_frame0000008.jpg,106.7388916,27.066206,11926.06426
vid_000365_frame0000009.jpg,105.5802714,26.52236409,11431.24397
vid_000365_frame0000010.jpg,103.7156016,27.41700463,11861.38518
vid_000365_frame0000011.jpg,102.6095734,27.26226488,11369.71622
vid_000365_frame0000012.jpg,100.922348,27.65554575,11224.20985
vid_000365_frame0000013.jpg,101.4707642,27.68531293,11099.84647
vid_000365_frame0000014.jpg,102.256841,27.70296888,10947.66039
vid_000365_frame0000017.jpg,103.5738729,28.72941751,11379.35479
vid_000365_frame0000018.jpg,104.2556966,29.48158074,11668.81246
vid_000365_frame0000019.jpg,104.0247192,29.17311794,11504.4087
vid_000365_frame0000020.jpg,105.1922658,29.82962,11869.96661
vid_000365_frame0000021.jpg,104.7332509,29.60887455,11563.67842
vid_000365_frame0000023.jpg,105.031072,28.89906189,11400.04498
vid_000365_frame0000025.jpg,106.1926473,31.24704082,11738.18826
vid_000365_frame0000027.jpg,105.4254913,31.15048449,11898.49567
vid_000365_frame0000028.jpg,104.4605815,30.45939213,11716.34097
vid_000365_frame0000029.jpg,103.2819722,27.77187386,11435.43469
vid_000365_frame0000031.jpg,106.8153992,27.67261335,11615.42041
vid_000365_frame0000032.jpg,107.2667389,28.05279109,11955.13474
vid_000365_frame0000033.jpg,107.3208669,28.13493722,11996.72564
vid_000365_frame0000036.jpg,105.71639,28.61234826,12120.01461
vid_000365_frame0000038.jpg,105.8017222,29.35782319,12303.9449
vid_000365_frame0000039.jpg,105.0319316,28.67568268,11947.42009
vid_000365_frame0000040.jpg,104.760081,28.47093861,12010.97703
vid_000367_frame0000002.jpg,91.85241699,58.03852966,30945.49635
vid_000367_frame0000003.jpg,90.03579203,57.84660431,31480.5651
vid_000367_frame0000004.jpg,89.57022095,58.15298694,32537.48965
vid_000367_frame0000005.jpg,89.42904663,57.45820156,30739.30918
vid_000367_frame0000008.jpg,89.98080953,56.33011405,29776.58126
vid_000367_frame0000010.jpg,90.9489797,55.61849255,29465.907
vid_000367_frame0000011.jpg,94.85697937,56.8853277,31706.16328
vid_000367_frame0000012.jpg,95.75585938,58.52379041,36574.83323
vid_000367_frame0000013.jpg,95.83773804,57.6550091,35238.4534
vid_000367_frame0000016.jpg,95.67029826,58.07129532,36062.80076
vid_000367_frame0000021.jpg,96.46919759,57.58775605,35184.1193
vid_000367_frame0000022.jpg,96.21114095,57.97877338,36553.72651
vid_000367_frame0000023.jpg,95.89871724,54.65204422,30924.15695
vid_000367_frame0000024.jpg,99.54725138,56.48384304,33186.30623
vid_000367_frame0000025.jpg,97.54758708,55.64108329,29736.97363
vid_000367_frame0000026.jpg,94.68462626,54.46230729,27262.54612
vid_000367_frame0000027.jpg,96.53702291,57.31675231,34028.61026
vid_000367_frame0000028.jpg,96.38680013,57.17171418,33512.59469
vid_000367_frame0000029.jpg,96.14307658,56.27047259,31862.45756
vid_000367_frame0000031.jpg,96.43871053,57.13201169,33353.43839
vid_000367_frame0000032.jpg,96.2581075,57.04034647,33921.95868
vid_000367_frame0000033.jpg,95.88938395,55.68774571,31005.79375
vid_000367_frame0000036.jpg,96.18731181,55.6594082,29566.98598
vid_000367_frame0000038.jpg,99.31529744,57.50622555,33973.60042
vid_000367_frame0000040.jpg,99.6250356,57.64353062,34481.92722
vid_000367_frame0000042.jpg,98.91795349,57.55463684,34779.44435
vid_000368_frame0000013.jpg,93.53510539,29.89436134,10484.34486
vid_000368_frame0000030.jpg,96.55251058,31.62804742,10724.85051
vid_000368_frame0000031.jpg,100.9624278,31.68248095,10682.12698
vid_000368_frame0000037.jpg,102.4710541,31.64153671,11253.23452
vid_000368_frame0000043.jpg,105.2079722,31.16550305,10622.29146
vid_000368_frame0000047.jpg,104.084198,30.70771857,10469.46494
vid_000368_frame0000048.jpg,103.747996,30.78814649,10548.14847
vid_000368_frame0000056.jpg,101.0898844,29.48656503,10077.57949
vid_000368_frame0000066.jpg,108.0125732,29.29640771,10270.13437
vid_000368_frame0000067.jpg,109.7478383,29.72540973,10703.84285
vid_000368_frame0000076.jpg,107.6113485,33.36870039,13065.53757
vid_000368_frame0000078.jpg,107.4695892,33.25544653,13289.0822
vid_000368_frame0000081.jpg,111.7500559,33.96730583,13694.97458
vid_000368_frame0000082.jpg,112.4258728,34.0195322,13454.0704
vid_000368_frame0000088.jpg,112.4741821,33.94664744,12962.07912
vid_000369_frame0000008.jpg,125.4057719,33.67948365,14582.98625
vid_000369_frame0000009.jpg,124.6979879,33.37883388,13543.14324
vid_000369_frame0000011.jpg,121.8751373,33.14531853,13689.62357
vid_000369_frame0000013.jpg,126.6331126,34.06103246,14322.61748
vid_000369_frame0000014.jpg,125.4359283,34.03285372,14313.8768
vid_000369_frame0000015.jpg,124.2772369,34.15461831,13720.75367
vid_000369_frame0000016.jpg,122.1626689,33.88400194,13770.7515
vid_000369_frame0000018.jpg,120.5633596,32.43911727,12502.65262
vid_000369_frame0000019.jpg,124.192627,32.32390545,11851.97437
vid_000369_frame0000020.jpg,124.9423981,32.11690328,12223.33198
vid_000370_frame0000017.jpg,114.6466573,27.95320136,12320.69063
vid_000370_frame0000019.jpg,115.3422699,28.49227967,12768.48424
vid_000370_frame0000020.jpg,114.0898285,28.88431746,13499.88982
vid_000370_frame0000021.jpg,113.5301056,28.67665593,13055.41182
vid_000370_frame0000022.jpg,115.6086121,28.40224004,12423.26527
vid_000370_frame0000023.jpg,116.926061,28.79766876,12035.81819
vid_000370_frame0000025.jpg,119.7663472,28.84214955,12599.07485
vid_000370_frame0000027.jpg,122.0492859,29.099358,12449.02595
vid_000370_frame0000029.jpg,122.0064189,29.62481886,12629.10963
vid_000370_frame0000038.jpg,118.5669759,28.29178593,12238.37538
vid_000370_frame0000042.jpg,115.7962545,28.0842944,12451.41786
vid_000370_frame0000043.jpg,115.9520111,28.27614716,12510.4404
vid_000370_frame0000045.jpg,114.7837524,28.14658641,12710.47433
vid_000370_frame0000048.jpg,115.7497253,28.58547266,12828.18565
vid_000370_frame0000051.jpg,115.3196615,28.55452843,12672.61184
vid_000370_frame0000052.jpg,115.3513082,28.53786956,12315.39443
vid_000370_frame0000055.jpg,115.6072947,28.18836202,12556.93915
vid_000370_frame0000056.jpg,115.4577637,27.8919516,12222.48251
vid_000370_frame0000058.jpg,117.2849528,28.06265096,12185.97443
vid_000370_frame0000063.jpg,121.1551463,29.79236009,12778.06636
vid_000370_frame0000064.jpg,121.3186391,29.68632923,12752.79723
vid_000370_frame0000065.jpg,121.6179708,29.92116852,12379.85593
vid_000370_frame0000066.jpg,121.6504924,29.50553258,12236.52842
vid_000370_frame0000067.jpg,121.3017527,29.484801,12202.02903
vid_000370_frame0000068.jpg,121.5745646,29.40891276,12109.89761
vid_000370_frame0000070.jpg,120.964976,28.96664693,12107.39561
vid_000370_frame0000071.jpg,119.6911875,28.29782885,11698.85924
vid_000386_frame0000021.jpg,90.08448283,78.05943013,22714.55675
vid_000421_frame0000001.jpg,150.5930786,54.63824012,26408.02069
vid_000421_frame0000003.jpg,147.2968038,45.65690039,13923.63233
vid_000421_frame0000004.jpg,149.2493642,53.16406199,22790.82181
vid_000421_frame0000005.jpg,149.9857686,52.94940228,20979.98366
vid_000421_frame0000006.jpg,157.1584524,42.21502639,10141.15815
vid_000421_frame0000010.jpg,152.1138662,54.80349343,25196.29235
vid_000421_frame0000015.jpg,151.6653341,54.97001782,20930.15551
vid_000421_frame0000018.jpg,149.8372294,56.03070212,21193.45678
vid_000421_frame0000025.jpg,149.3783976,46.96993234,11897.52725
vid_000421_frame0000031.jpg,146.2212219,53.61557084,21666.70107
vid_000421_frame0000034.jpg,143.5249481,56.49087746,25357.20176
vid_000422_frame0000003.jpg,95.06049601,66.88021522,5479.07089
vid_000422_frame0000004.jpg,96.83615112,69.03780983,5525.807116
vid_000422_frame0000015.jpg,97.4832255,70.03833755,7601.289958
vid_000422_frame0000048.jpg,90.88340251,63.75234391,6493.552365
vid_000423_frame0000006.jpg,172.9412842,30.98709808,7579.227404
vid_000423_frame0000007.jpg,179.7535146,29.78289823,7088.064249
vid_000423_frame0000008.jpg,181.0925751,32.09310355,6502.244797
vid_000423_frame0000009.jpg,179.6831665,37.05610759,12006.61219
vid_000423_frame0000011.jpg,177.9473572,41.84744101,20901.03766
vid_000423_frame0000013.jpg,176.1502584,41.66150044,18221.20705
vid_000423_frame0000018.jpg,177.1448313,36.81820508,12374.93439
vid_000423_frame0000023.jpg,177.7329458,34.9087902,10748.85807
vid_000423_frame0000028.jpg,171.3310903,33.15875426,7387.076742
vid_000423_frame0000042.jpg,168.2499491,32.3697742,6699.412838
vid_000424_frame0000001.jpg,88.46287537,63.39904205,14026.00302
vid_000424_frame0000006.jpg,87.02910868,64.19308165,12431.20423
vid_000424_frame0000008.jpg,99.43048096,65.12595343,11152.7421
vid_000424_frame0000009.jpg,87.09250895,58.8284837,11479.02104
vid_000424_frame0000011.jpg,80.96686808,55.7990599,12233.97788
vid_000424_frame0000014.jpg,82.33500671,56.536847,12256.34041
vid_000424_frame0000017.jpg,82.3059082,55.79215085,11943.73131
vid_000424_frame0000020.jpg,82.63218689,56.75048884,12212.65663
vid_000424_frame0000021.jpg,81.17727661,55.57970139,12055.20381
vid_000425_frame0000013.jpg,106.1301575,34.85962547,12519.17084
vid_000425_frame0000014.jpg,106.1095072,36.19029917,13038.20302
vid_000425_frame0000015.jpg,104.9067434,38.06077943,12515.52048
vid_000425_frame0000016.jpg,106.1073049,35.48429496,11650.18192
vid_000425_frame0000017.jpg,106.7683004,33.61733314,11816.44642
vid_000426_frame0000001.jpg,117.1636556,34.62490483,4250.352964
vid_000426_frame0000006.jpg,113.2426707,29.38232893,4136.942564
vid_000426_frame0000012.jpg,111.4158173,27.43258919,4030.504115
vid_000426_frame0000017.jpg,112.9860128,31.05198671,4109.063889
vid_000427_frame0000019.jpg,159.7410075,30.14490508,3076.437427
vid_000427_frame0000021.jpg,158.7580109,29.31508513,2897.943076
vid_000427_frame0000024.jpg,172.6114705,25.66584483,2915.515751
vid_000427_frame0000026.jpg,156.2137807,26.24001406,2744.070408
vid_000427_frame0000031.jpg,158.9024811,24.20154371,2393.234355
vid_000427_frame0000033.jpg,137.4768931,23.44090655,2549.483333
vid_000427_frame0000040.jpg,157.0462036,26.35107535,3236.522682
vid_000427_frame0000051.jpg,157.4026438,24.80578845,3103.643929
vid_000428_frame0000010.jpg,162.228536,36.76281096,3883.230556
vid_000428_frame0000017.jpg,162.8219554,38.26519637,4107.042394
vid_000428_frame0000022.jpg,161.5799255,37.32777414,4120.326563
vid_000429_frame0000017.jpg,118.9473623,59.62169899,15501.23959
vid_000429_frame0000020.jpg,118.7790833,61.15389873,17018.12667
vid_000430_frame0000001.jpg,114.5119375,29.47610005,6429.007088
vid_000430_frame0000007.jpg,115.4908956,32.86836264,3993.663808
vid_000430_frame0000009.jpg,166.3805695,33.71454766,3665.612656
vid_000430_frame0000010.jpg,115.001063,34.77832551,4642.393362
vid_000430_frame0000018.jpg,106.4618429,30.8841338,5735.705008
vid_000430_frame0000021.jpg,98.33997599,25.82833604,5092.28158
vid_000431_frame0000001.jpg,141.7849579,38.60821038,4125.912198
vid_000431_frame0000002.jpg,141.2111359,37.92044846,3929.786151
vid_000431_frame0000003.jpg,151.7580414,38.54179781,4657.709722
vid_000431_frame0000004.jpg,155.8518829,38.29470903,5769.013755
vid_000431_frame0000005.jpg,155.0341339,36.54270617,4828.527692
vid_000431_frame0000006.jpg,144.0074107,37.76510488,6579.235074
vid_000431_frame0000007.jpg,145.1997019,41.34189723,6965.443075
vid_000431_frame0000008.jpg,146.5655721,40.27257103,7082.788978
vid_000431_frame0000009.jpg,147.1495717,36.62706268,4613.742812
vid_000431_frame0000010.jpg,142.8025106,40.03259068,6543.581289
vid_000431_frame0000011.jpg,143.6870677,40.27834621,6164.799914
vid_000431_frame0000012.jpg,142.5848083,37.45834179,4901.969047
vid_000431_frame0000013.jpg,137.2248942,39.51996427,5878.647858
vid_000431_frame0000014.jpg,137.6287486,39.59861729,5928.081062
vid_000431_frame0000015.jpg,136.2229411,38.99575548,5564.93643
vid_000431_frame0000016.jpg,131.8426717,37.78771594,4826.967981
vid_000431_frame0000017.jpg,133.275706,39.53142917,5439.247618
vid_000431_frame0000018.jpg,131.9290721,39.3273256,5757.40438
vid_000431_frame0000019.jpg,128.7267405,35.12644223,3862.676276
vid_000431_frame0000020.jpg,127.6890208,37.53023869,5305.672826
vid_000431_frame0000021.jpg,126.7757772,38.53920671,5079.846319
vid_000431_frame0000022.jpg,126.8122559,38.02932625,5121.579808
vid_000431_frame0000023.jpg,134.173116,40.16160401,5698.963693
vid_000431_frame0000024.jpg,135.634608,41.33907235,5906.633155
vid_000431_frame0000025.jpg,132.5132599,41.27275154,5597.492493
vid_000431_frame0000026.jpg,131.8329366,41.09954823,5662.108297
vid_000431_frame0000027.jpg,131.9125061,38.18041267,4337.407062
vid_000431_frame0000028.jpg,130.16922,38.03062249,4514.403323
vid_000431_frame0000029.jpg,134.0948944,39.77954389,5927.040969
vid_000431_frame0000030.jpg,131.4792531,41.76372002,6270.047029
vid_000431_frame0000031.jpg,132.0802917,45.48237456,4861.564879
vid_000431_frame0000032.jpg,141.0736491,47.12373015,4943.969064
vid_000431_frame0000033.jpg,141.441391,48.0895753,5982.591497
vid_000431_frame0000034.jpg,137.6338552,45.89109878,4466.531197
vid_000431_frame0000035.jpg,130.5876414,51.81043393,4634.387409
vid_000431_frame0000036.jpg,121.679189,50.14712592,4254.17702
vid_000431_frame0000037.jpg,115.3726349,46.74963056,4231.973662
vid_000431_frame0000038.jpg,114.1144714,47.85909888,4175.667656
vid_000431_frame0000039.jpg,117.2630564,44.64654596,3730.44553
vid_000431_frame0000040.jpg,119.4982554,46.85919815,3934.902021
vid_000431_frame0000041.jpg,117.7256521,48.79831532,4388.106529
vid_000431_frame0000042.jpg,98.96040344,30.14360911,4363.33299
vid_000431_frame0000043.jpg,100.5765686,34.57440355,4442.039329
vid_000431_frame0000044.jpg,104.7024638,37.47053956,4107.466365
vid_000431_frame0000045.jpg,108.543513,41.93970447,4322.336634
vid_000431_frame0000046.jpg,111.5946604,43.77719011,4396.029061
vid_000431_frame0000047.jpg,118.6295624,41.79103929,3570.851063
vid_000431_frame0000048.jpg,113.3452454,40.19260318,3696.152044
vid_000431_frame0000049.jpg,106.2912598,37.94899722,3800.564369
vid_000431_frame0000050.jpg,124.0638885,33.86013272,3936.06469
vid_000431_frame0000051.jpg,171.7859395,39.49667944,3525.131562
vid_000431_frame0000052.jpg,179.7977041,35.7902744,3167.062673
vid_000432_frame0000001.jpg,135.2235769,60.6215788,22752.39072
vid_000432_frame0000002.jpg,135.9698537,60.02805581,21415.6056
vid_000432_frame0000003.jpg,135.9809977,55.00343233,13931.26451
vid_000432_frame0000004.jpg,122.1575928,55.71438748,13653.40606
vid_000432_frame0000005.jpg,113.5540415,62.70964083,21547.0726
vid_000432_frame0000006.jpg,111.6547394,62.67542756,15170.33105
vid_000432_frame0000007.jpg,112.5106812,65.4572016,19246.18735
vid_000432_frame0000008.jpg,111.4719238,65.68829905,19613.85698
vid_000432_frame0000009.jpg,110.6895243,64.99581629,18617.05747
vid_000432_frame0000010.jpg,110.718399,65.26440061,19679.89401
vid_000432_frame0000011.jpg,109.5061086,64.18360745,18676.64605
vid_000432_frame0000012.jpg,108.6746165,64.02641328,18520.41745
vid_000432_frame0000013.jpg,104.8904572,60.27151395,14199.68097
vid_000432_frame0000014.jpg,95.00291951,50.02318332,8365.259165
vid_000432_frame0000015.jpg,92.63909912,47.56353076,8946.421657
vid_000432_frame0000016.jpg,94.84838359,47.62781957,8634.018803
vid_000432_frame0000017.jpg,85.52521261,51.06752197,9338.895995
vid_000432_frame0000018.jpg,72.49747213,56.09524378,10779.62405
vid_000432_frame0000019.jpg,68.00239563,56.891866,10605.6335
vid_000432_frame0000020.jpg,65.75791423,58.18510818,11309.62809
vid_000432_frame0000021.jpg,66.1312561,58.96543539,12018.20044
vid_000432_frame0000022.jpg,67.41297404,58.67791928,12461.69771
vid_000432_frame0000023.jpg,74.59706624,58.56203854,10212.39809
vid_000432_frame0000024.jpg,80.60904948,62.75963406,13041.54114
vid_000432_frame0000025.jpg,81.21244812,62.76323177,13777.59201
vid_000432_frame0000027.jpg,93.17684428,67.85236939,16682.33144
vid_000432_frame0000029.jpg,85.58798218,60.92821235,7051.627721
vid_000433_frame0000001.jpg,126.365743,45.85714467,12497.83512
vid_000433_frame0000003.jpg,125.9957428,47.48104552,14360.42782
vid_000433_frame0000004.jpg,126.899821,48.9981484,16879.02778
vid_000433_frame0000005.jpg,127.7731222,48.38651424,15091.27706
vid_000433_frame0000006.jpg,130.0185089,47.90349572,13132.85358
vid_000433_frame0000007.jpg,132.3026581,43.61416444,8100.794339
vid_000433_frame0000008.jpg,136.1718089,42.3946882,8835.392028
vid_000433_frame0000009.jpg,134.8973846,37.5343879,4407.469826
vid_000433_frame0000010.jpg,133.0991211,36.8480877,4101.04215
vid_000433_frame0000011.jpg,133.0335846,37.52277298,4502.177088
vid_000433_frame0000012.jpg,133.2119649,45.71443395,10267.5341
vid_000433_frame0000015.jpg,132.2200623,51.91309405,17600.32374
vid_000433_frame0000016.jpg,127.1265513,52.89814069,15048.97787
vid_000433_frame0000018.jpg,125.59493,58.25656149,23489.50117
vid_000433_frame0000026.jpg,123.5512695,45.02443395,10076.27124
vid_000433_frame0000027.jpg,127.8684998,46.99794988,14324.31416
vid_000433_frame0000028.jpg,129.0307566,32.27668963,5178.152858
vid_000434_frame0000012.jpg,119.2033183,67.67070574,21514.87964
vid_000434_frame0000013.jpg,116.8235372,60.52100656,12857.94901
vid_000434_frame0000014.jpg,116.096934,58.93950878,11695.67698
vid_000434_frame0000017.jpg,115.159317,60.54661764,15043.49224
vid_000434_frame0000021.jpg,116.1071523,59.30774853,14161.05433
vid_000434_frame0000024.jpg,115.6073558,60.31996282,14471.29605
vid_000434_frame0000033.jpg,115.0143738,51.92846059,4808.923754
vid_000434_frame0000034.jpg,126.8621521,49.29409918,3093.836831
vid_000434_frame0000035.jpg,129.0886993,52.35452782,4927.461094
vid_000434_frame0000036.jpg,132.1862844,51.84905746,4528.296747
vid_000434_frame0000037.jpg,128.3092448,53.09823726,6847.742214
vid_000434_frame0000041.jpg,129.7520142,53.8690907,7000.032546
vid_000434_frame0000044.jpg,129.6897532,53.74502956,7085.21876
vid_000434_frame0000047.jpg,127.7127584,54.78300479,7793.202953
vid_000434_frame0000056.jpg,131.8651835,54.66673567,7829.245584
vid_000434_frame0000057.jpg,128.8904063,54.70684477,7505.784488
vid_000434_frame0000059.jpg,131.3704122,54.0299547,7229.890418
vid_000434_frame0000060.jpg,124.7125142,53.5267832,7330.613587
vid_000434_frame0000064.jpg,132.7370402,53.9457885,6863.715685
vid_000434_frame0000069.jpg,131.4451599,52.73843796,5721.340384
vid_000434_frame0000071.jpg,128.8820953,51.86592099,5861.712003
vid_000434_frame0000074.jpg,134.3924967,56.02286407,5191.185217
vid_000434_frame0000075.jpg,117.1054738,60.36375365,14242.35092
vid_000434_frame0000077.jpg,115.7902069,64.61938797,19632.74492
vid_000435_frame0000001.jpg,63.05805969,44.01157644,4771.289357
vid_000435_frame0000003.jpg,63.80814616,45.80695556,8237.28184
vid_000435_frame0000005.jpg,63.16433207,43.8463775,4611.085509
vid_000435_frame0000006.jpg,63.58874003,44.23055423,4629.341162
vid_000435_frame0000007.jpg,63.57615153,45.04961965,4807.830156
vid_000435_frame0000008.jpg,63.33639018,44.88891902,4755.791961
vid_000435_frame0000009.jpg,63.66438293,44.57164739,4458.959857
vid_000435_frame0000011.jpg,63.44178772,45.48842453,4971.204579
vid_000435_frame0000012.jpg,63.2450002,45.61466229,4835.262863
vid_000435_frame0000013.jpg,63.38013204,45.75995416,4455.354891
vid_000435_frame0000014.jpg,64.00042725,46.92843059,4623.276442
vid_000435_frame0000015.jpg,63.74273173,47.67922496,4317.076903
vid_000435_frame0000016.jpg,62.58212789,47.19603563,4342.878585
vid_000435_frame0000017.jpg,62.2530009,45.7635781,4626.362151
vid_000435_frame0000018.jpg,61.34896342,44.59159922,4794.757879
vid_000435_frame0000019.jpg,60.57679749,42.3298885,4393.564147
vid_000435_frame0000020.jpg,59.96003215,41.80250667,4564.016695
vid_000435_frame0000021.jpg,60.02338155,41.76128471,4394.394161
vid_000435_frame0000022.jpg,60.17838542,42.0862998,4363.408269
vid_000435_frame0000023.jpg,60.38342794,42.2682717,4301.141169
vid_000435_frame0000024.jpg,59.67301941,42.18444966,4637.205186
vid_000435_frame0000025.jpg,60.14505514,41.51495167,4475.700989
vid_000435_frame0000026.jpg,59.22074382,40.71042437,4481.475395
vid_000435_frame0000027.jpg,60.55120341,41.89625528,4275.080551
vid_000435_frame0000028.jpg,60.57881673,43.08286661,4053.936499
vid_000435_frame0000029.jpg,57.55526225,43.84417341,4233.371157
vid_000435_frame0000030.jpg,55.95644124,42.6163477,4408.9255
vid_000435_frame0000031.jpg,55.01242574,40.40466181,4814.384614
vid_000436_frame0000004.jpg,93.62790426,59.5246952,6104.207203
vid_000436_frame0000005.jpg,92.64579264,58.89355379,5829.988309
vid_000436_frame0000006.jpg,94.39565531,60.20261426,5873.848004
vid_000436_frame0000007.jpg,96.30340068,61.27615561,5724.61415
vid_000436_frame0000008.jpg,94.79703267,60.54346922,6028.504138
vid_000436_frame0000009.jpg,95.59555054,61.26825165,5934.861931
vid_000436_frame0000010.jpg,94.41807556,60.43153583,5820.251375
vid_000436_frame0000011.jpg,95.27423096,61.30779157,6352.646388
vid_000436_frame0000012.jpg,90.71657308,59.16184009,7538.479148
vid_000436_frame0000013.jpg,89.88114929,58.88404226,6825.67977
vid_000436_frame0000014.jpg,88.18637594,59.08324175,7528.924034
vid_000436_frame0000015.jpg,83.83292135,56.60979902,7124.753361
vid_000436_frame0000016.jpg,86.88679504,59.49244763,7384.18091
vid_000436_frame0000017.jpg,84.19574483,58.42544804,7296.495997
vid_000436_frame0000018.jpg,82.4188029,57.37124804,7190.242619
vid_000436_frame0000019.jpg,81.3891805,55.6246761,6485.845759
vid_000436_frame0000020.jpg,84.65452067,58.21560355,7334.512383
vid_000436_frame0000021.jpg,84.88386027,58.14531307,6963.415984
vid_000436_frame0000022.jpg,79.9324646,53.7657996,6709.644907
vid_000436_frame0000023.jpg,80.50607808,52.94608298,6621.571255
vid_000436_frame0000024.jpg,85.47765605,57.00744945,6386.190861
vid_000436_frame0000025.jpg,89.96824137,59.53560104,6187.515746
vid_000436_frame0000026.jpg,90.64602153,59.8888924,6300.924076
vid_000436_frame0000027.jpg,86.78057353,57.44604697,6244.170044
vid_000436_frame0000028.jpg,83.15193176,55.13843655,6613.830652
vid_000436_frame0000029.jpg,83.06278992,54.92139241,6057.000542
vid_000437_frame0000006.jpg,84.27504985,67.68207951,11739.05509
vid_000437_frame0000007.jpg,61.76429749,57.62720959,12856.44652
vid_000437_frame0000008.jpg,52.59498088,52.50211896,11945.06248
vid_000437_frame0000009.jpg,52.71253459,50.5624751,11943.42354
vid_000437_frame0000010.jpg,63.53086344,52.23118682,12139.51335
vid_000437_frame0000011.jpg,69.02568563,51.72325695,12159.38922
vid_000437_frame0000012.jpg,71.53298442,53.25987771,12535.99751
vid_000437_frame0000013.jpg,73.20648702,53.71639992,12622.85339
vid_000437_frame0000014.jpg,75.24598185,53.96989043,12393.23054
vid_000437_frame0000015.jpg,76.85794576,54.64875746,12502.93443
vid_000437_frame0000016.jpg,78.10634867,55.94417357,12688.08137
vid_000437_frame0000017.jpg,75.71687826,54.55282843,12994.0665
vid_000437_frame0000018.jpg,75.44078573,53.6422912,12608.52292
vid_000437_frame0000019.jpg,69.85954285,52.19771666,12905.11033
vid_000437_frame0000020.jpg,69.94291687,52.35509644,12719.03583
vid_000437_frame0000021.jpg,69.71676127,51.7248072,12768.85051
vid_000437_frame0000022.jpg,69.22087097,51.24004959,12559.70686
vid_000437_frame0000023.jpg,70.14699809,51.93388568,12620.06295
vid_000437_frame0000024.jpg,69.68228149,51.90889131,12596.80355
vid_000437_frame0000025.jpg,69.7944692,52.50936669,12611.24243
vid_000437_frame0000026.jpg,69.37704976,52.27823656,12331.49426
vid_000437_frame0000027.jpg,69.20073446,51.65441519,12598.33914
vid_000437_frame0000028.jpg,70.77450562,53.25926913,12870.25222
vid_000437_frame0000029.jpg,71.55995687,53.56087727,12590.03638
vid_000437_frame0000030.jpg,71.61809794,54.58313935,12886.60616
vid_000437_frame0000031.jpg,72.51717631,56.16801932,12941.87097
vid_000437_frame0000032.jpg,73.93713888,56.65170115,12674.61123
vid_000437_frame0000033.jpg,75.10852051,56.87867516,13108.48043
vid_000437_frame0000034.jpg,74.66127014,56.15843516,13488.23297
vid_000437_frame0000035.jpg,74.8620402,56.32520228,13009.51016
vid_000437_frame0000036.jpg,74.92704264,56.35460315,13258.7581
vid_000437_frame0000037.jpg,75.82510885,57.17297332,13466.84815
vid_000437_frame0000038.jpg,75.24832153,56.7588229,13414.53788
vid_000437_frame0000039.jpg,73.74263509,54.95325214,13311.53867
vid_000437_frame0000040.jpg,72.8837738,53.81586017,12760.91072
vid_000437_frame0000041.jpg,72.97693888,53.54532733,13147.0674
vid_000437_frame0000042.jpg,73.32599386,53.27719396,12810.17058
vid_000437_frame0000043.jpg,72.94096375,52.90767472,12821.34826
vid_000437_frame0000044.jpg,72.93604533,52.63731973,12867.35872
vid_000437_frame0000045.jpg,72.84087626,52.72565335,12664.0291
vid_000437_frame0000046.jpg,71.95562744,52.49153824,12717.91125
vid_000437_frame0000047.jpg,71.59161377,52.49820068,12579.16004
vid_000437_frame0000048.jpg,70.7718811,51.80685476,12511.87385
vid_000437_frame0000049.jpg,70.61905924,51.79247488,12469.25851
vid_000437_frame0000050.jpg,70.53636169,51.54631207,12237.17041
vid_000437_frame0000051.jpg,64.38830566,49.60735033,12431.91432
vid_000437_frame0000052.jpg,61.0900116,48.57877395,12061.06184
vid_000437_frame0000053.jpg,69.67026265,52.81637233,11966.67947
vid_000437_frame0000054.jpg,69.63733927,52.62976408,12073.66186
vid_000438_frame0000001.jpg,42.42456055,42.56848939,11754.805
vid_000438_frame0000003.jpg,41.04446411,41.23621851,10059.10789
vid_000438_frame0000004.jpg,41.28022257,41.68619164,10474.57117
vid_000438_frame0000005.jpg,41.17116292,41.89346778,11181.46335
vid_000438_frame0000007.jpg,41.12155151,41.67829638,11063.0087
vid_000438_frame0000008.jpg,41.06990051,41.36531895,11126.91505
vid_000438_frame0000009.jpg,41.11911519,40.76895964,10905.41503
vid_000438_frame0000010.jpg,40.75139872,40.90119243,10957.22747
vid_000438_frame0000011.jpg,41.19614156,42.74662611,10803.81484
vid_000438_frame0000012.jpg,45.17472839,48.80439155,10346.2896
vid_000438_frame0000013.jpg,41.30450439,43.90115652,10837.7829
vid_000438_frame0000014.jpg,39.90390523,41.97213266,11076.47523
vid_000438_frame0000015.jpg,40.55988566,42.04385393,11124.21708
vid_000438_frame0000016.jpg,41.89812724,44.36288763,11148.06112
vid_000438_frame0000017.jpg,44.54799906,46.88889925,10892.90566
vid_000438_frame0000018.jpg,47.60151164,51.40209474,10817.31461
vid_000438_frame0000019.jpg,48.18271891,48.59050955,10896.41548
vid_000438_frame0000020.jpg,50.31421407,52.18360695,11586.10487
vid_000438_frame0000021.jpg,50.09275309,51.35076964,11515.61829
vid_000438_frame0000022.jpg,47.63221741,48.45069393,11172.35557
vid_000438_frame0000023.jpg,46.77087911,46.86629497,10454.70714
vid_000438_frame0000024.jpg,48.39503479,49.10708801,11468.96344
vid_000438_frame0000025.jpg,46.97528585,46.55729252,11279.13706
vid_000438_frame0000026.jpg,45.22689311,44.85754676,11312.46905
vid_000438_frame0000027.jpg,44.95456441,43.89535998,10547.21305
vid_000438_frame0000028.jpg,47.48735555,47.36985476,11432.4281
vid_000438_frame0000029.jpg,50.18888346,50.69966802,11633.01361
vid_000438_frame0000030.jpg,52.11053975,53.28337762,11935.24833
vid_000438_frame0000031.jpg,51.56317139,52.67314411,11558.3863
vid_000438_frame0000032.jpg,49.54308573,50.12052323,11236.67697
vid_000438_frame0000033.jpg,49.39660645,49.9859742,11237.36209
vid_000438_frame0000034.jpg,47.94796753,48.14005508,11482.00475
vid_000438_frame0000035.jpg,47.70569865,46.93469263,11072.88158
vid_000438_frame0000036.jpg,48.71164958,48.06246047,11135.08005
vid_000438_frame0000037.jpg,48.48504639,47.56385874,11594.10929
vid_000438_frame0000038.jpg,47.76092529,47.0360038,11509.63809
vid_000438_frame0000039.jpg,47.36941528,45.62064491,11427.92279
vid_000438_frame0000040.jpg,47.66375224,45.67849407,11509.56437
vid_000438_frame0000041.jpg,47.56283061,45.56253984,11301.91678
vid_000438_frame0000042.jpg,47.74445089,45.21091992,11369.77294
vid_000438_frame0000043.jpg,49.17288208,44.47815181,11245.2744
vid_000438_frame0000044.jpg,50.88820394,43.81826605,11087.57826
vid_000438_frame0000045.jpg,51.28722636,43.85025628,11796.99146
vid_000438_frame0000046.jpg,49.82781982,43.53596415,11458.88543
vid_000438_frame0000047.jpg,49.21907043,44.00144097,11650.4783
vid_000438_frame0000048.jpg,48.98123678,43.63924573,10997.44918
vid_000438_frame0000049.jpg,48.03675842,43.51631106,11281.23126
vid_000438_frame0000050.jpg,46.46104431,42.92065595,10887.74679
vid_000438_frame0000051.jpg,45.93803406,42.46497665,11615.09593
vid_000438_frame0000052.jpg,45.04393514,41.47075131,11431.52489
vid_000438_frame0000053.jpg,45.53293355,42.63792429,12209.65488
vid_000438_frame0000054.jpg,45.72030131,42.99616337,11804.04411
vid_000438_frame0000055.jpg,46.42827352,45.05760307,11956.66892
vid_000438_frame0000056.jpg,46.84611511,45.23236883,11815.9911
vid_000438_frame0000057.jpg,46.23058065,43.9493435,11883.27233
vid_000438_frame0000058.jpg,46.04351807,42.41121658,11403.13328
vid_000439_frame0000008.jpg,120.5521291,49.55399857,22668.61576
vid_000439_frame0000009.jpg,121.8059336,47.95704458,20832.69694
vid_000439_frame0000010.jpg,123.8123271,52.19839403,28870.40198
vid_000439_frame0000011.jpg,121.7541809,51.28611372,23753.61921
vid_000439_frame0000012.jpg,108.4686991,51.90389356,21344.85124
vid_000439_frame0000013.jpg,92.59289042,52.14163518,11848.90157
vid_000439_frame0000014.jpg,77.60855611,56.07561842,9658.975217
vid_000439_frame0000015.jpg,68.86756388,58.76989503,7630.084231
vid_000439_frame0000016.jpg,65.23416138,61.94468435,7425.670452
vid_000439_frame0000017.jpg,64.13610331,64.80226887,7113.019646
vid_000439_frame0000018.jpg,64.18419902,67.2661661,8030.293624
vid_000439_frame0000019.jpg,66.3061676,69.80168548,8002.585921
vid_000439_frame0000020.jpg,67.90061951,71.24797379,9417.495236
vid_000439_frame0000021.jpg,68.99725342,71.61511313,8487.221636
vid_000439_frame0000022.jpg,64.5644989,68.09120831,8451.896933
vid_000439_frame0000023.jpg,62.82606506,66.20359507,7691.858543
vid_000439_frame0000024.jpg,56.95950826,61.85921913,7426.924491
vid_000439_frame0000025.jpg,55.1042277,60.6497228,7533.268896
vid_000439_frame0000026.jpg,53.89805094,59.88534096,7144.946147
vid_000439_frame0000027.jpg,52.44534302,58.99644109,7009.934172
vid_000439_frame0000028.jpg,52.55794779,58.34057952,6617.216511
vid_000439_frame0000029.jpg,57.75890605,62.37158695,7267.258196
vid_000439_frame0000030.jpg,71.79619344,60.9977714,9212.842978
vid_000439_frame0000031.jpg,88.05010478,52.20883516,12887.54418
vid_000439_frame0000032.jpg,96.78912354,48.14541212,18492.18155
vid_000439_frame0000033.jpg,99.76826477,43.46676096,13867.77933
vid_000439_frame0000034.jpg,100.5277201,48.05884722,12412.06129
vid_000439_frame0000035.jpg,74.52929179,44.07266923,10015.67795
vid_000439_frame0000036.jpg,73.13882446,39.40593577,9887.995156
vid_000439_frame0000037.jpg,76.96372986,36.03298078,9856.901282
vid_000439_frame0000038.jpg,77.78443909,34.0456447,9587.215354
vid_000439_frame0000039.jpg,86.04011536,32.84748419,9802.817229
vid_000439_frame0000040.jpg,90.60043844,31.29035941,9876.953633
vid_000439_frame0000041.jpg,93.75243123,29.72070869,9551.756244
vid_000440_frame0000001.jpg,123.2331136,42.03155942,16403.23052
vid_000440_frame0000007.jpg,123.4052531,43.40258915,16925.43506
vid_000440_frame0000012.jpg,123.1508026,43.37762272,16254.42744
vid_000440_frame0000017.jpg,121.6405131,41.83328901,16245.11585
vid_000440_frame0000018.jpg,121.9859823,42.61685293,16701.12603
vid_000440_frame0000020.jpg,121.6184285,42.75433247,16488.18331
vid_000440_frame0000024.jpg,125.6919149,40.7680451,16685.09642
vid_000440_frame0000025.jpg,125.0640767,36.94061454,14700.94064
vid_000440_frame0000026.jpg,123.9208018,38.06572726,15439.1269
vid_000440_frame0000027.jpg,122.7434031,38.24511953,15218.89975
vid_000440_frame0000028.jpg,121.5439606,39.68234068,16959.06102
vid_000440_frame0000033.jpg,118.8222249,40.78547759,17850.84293
vid_000440_frame0000034.jpg,118.0420888,41.10609075,18561.80005
vid_000440_frame0000038.jpg,118.4046427,43.1959957,19405.66624
vid_000440_frame0000039.jpg,118.6650696,45.95710639,20254.92221
vid_000440_frame0000040.jpg,118.5102081,47.30357354,22214.19251
vid_000440_frame0000041.jpg,116.7465668,48.54104446,22102.39567
vid_000440_frame0000042.jpg,113.5958608,49.19256337,22830.13935
vid_000440_frame0000043.jpg,112.6209513,48.10973719,22561.71523
vid_000440_frame0000044.jpg,112.4510803,47.49805323,23414.61572
vid_000440_frame0000045.jpg,113.3769328,47.67859408,22452.62253
vid_000440_frame0000046.jpg,112.6387177,47.01072272,21962.1641
vid_000440_frame0000047.jpg,112.5911967,47.61779831,24516.539
vid_000440_frame0000048.jpg,112.7122548,46.8711152,23827.13488
vid_000440_frame0000049.jpg,113.3006236,47.28720564,21845.62067
vid_000440_frame0000050.jpg,113.0169983,46.49679911,23604.94615
vid_000440_frame0000051.jpg,113.6160329,45.94491424,22230.97852
vid_000440_frame0000052.jpg,114.3401031,45.99228556,20844.16562
vid_000440_frame0000053.jpg,114.1490122,46.13023678,22909.83917
vid_000440_frame0000054.jpg,114.0338796,45.8985055,22787.5774
vid_000440_frame0000055.jpg,113.6635946,45.40344782,21719.28207
vid_000440_frame0000056.jpg,113.5170746,44.89276064,20125.41895
vid_000440_frame0000057.jpg,113.5192261,45.32535397,21988.17008
vid_000440_frame0000058.jpg,113.3296814,45.60261733,22774.42277
vid_000440_frame0000059.jpg,114.1811625,44.30192869,19970.5334
vid_000440_frame0000060.jpg,112.1703237,46.13054418,22198.73553
vid_000440_frame0000061.jpg,112.3116455,47.10003075,22231.45326
vid_000440_frame0000062.jpg,112.0093638,48.20142718,23363.43654
vid_000440_frame0000063.jpg,112.43455,48.04370532,22835.11945
vid_000440_frame0000064.jpg,113.2545827,47.27184609,23200.02858
vid_000440_frame0000065.jpg,112.6947886,47.52495148,21731.08554
vid_000440_frame0000066.jpg,113.1122182,48.03319954,21190.27942
vid_000440_frame0000067.jpg,113.5203654,47.95311516,22327.36046
vid_000440_frame0000068.jpg,114.1572164,48.29269847,22490.87359
vid_000440_frame0000069.jpg,114.02712,48.94333935,22251.10867
vid_000440_frame0000070.jpg,114.6430766,49.43468769,23521.36505
vid_000440_frame0000071.jpg,115.3469086,50.06730598,24695.68853
vid_000440_frame0000072.jpg,118.2360586,49.25570306,23768.48173
vid_000440_frame0000073.jpg,119.170222,49.52120046,23444.60076
vid_000440_frame0000074.jpg,120.4440308,49.80157211,23030.15728
vid_000440_frame0000075.jpg,116.9749044,49.83262106,22603.52641
vid_000440_frame0000076.jpg,116.4374593,49.34618243,21824.63097
vid_000440_frame0000077.jpg,116.3614604,49.58102405,23257.7498
vid_000440_frame0000078.jpg,117.4918213,52.11236643,21621.57941
vid_000440_frame0000079.jpg,117.6886393,52.88630851,23151.4528
vid_000440_frame0000080.jpg,117.8315887,47.29616237,19040.62855
vid_000440_frame0000081.jpg,121.2374471,46.89112489,19149.96525
vid_000440_frame0000082.jpg,119.3775279,38.57255798,15449.82288
vid_000440_frame0000083.jpg,120.1531016,38.28461139,15964.43792
vid_000440_frame0000084.jpg,119.8087769,37.41816461,15738.66849
vid_000440_frame0000085.jpg,118.9067383,36.81550707,15963.86194
vid_000440_frame0000086.jpg,119.2385457,35.88557264,15037.77858
vid_000440_frame0000087.jpg,119.5526377,35.63332046,15650.00365
vid_000440_frame0000088.jpg,120.2871552,35.31863403,15437.62361
vid_000440_frame0000089.jpg,120.3178355,34.85901546,15304.43593
vid_000440_frame0000090.jpg,119.8930613,34.86619966,15981.63808
vid_000440_frame0000091.jpg,120.7769826,35.05501065,15946.19786
vid_000440_frame0000093.jpg,118.8236593,37.47109511,15918.94533
vid_000440_frame0000095.jpg,112.460144,38.88097848,16301.46887
vid_000440_frame0000097.jpg,114.5474599,38.82324484,15448.87018
vid_000440_frame0000098.jpg,123.0007731,35.47285978,14210.52772
vid_000440_frame0000099.jpg,120.7349854,36.03875735,13736.4817
vid_000440_frame0000100.jpg,119.2184652,37.09328835,14405.80459
vid_000440_frame0000101.jpg,118.8365631,37.34763135,14338.92976
vid_000440_frame0000102.jpg,119.8710276,39.03814323,13815.17442
vid_000440_frame0000103.jpg,118.0835368,39.4669333,13522.94122
vid_000440_frame0000104.jpg,117.8798879,39.32552479,13637.9717
vid_000440_frame0000105.jpg,117.6418406,40.53510226,14699.49575
vid_000440_frame0000106.jpg,117.8101858,41.13596442,14569.81872
vid_000440_frame0000107.jpg,116.6575979,41.22565686,14910.01318
vid_000440_frame0000110.jpg,115.1814677,42.86998258,15456.69854
vid_000440_frame0000114.jpg,114.9969076,44.28657311,15864.61526
vid_000440_frame0000116.jpg,113.0758769,43.39794515,15309.38242
vid_000440_frame0000117.jpg,108.9557139,39.7151975,15688.94403
vid_000440_frame0000118.jpg,106.5361481,38.49061854,15053.26329
vid_000440_frame0000119.jpg,109.5300446,42.95587097,18020.14255
vid_000440_frame0000121.jpg,111.5558014,37.9819329,16210.93593
vid_000440_frame0000122.jpg,112.185496,35.11226871,13997.81028
vid_000440_frame0000123.jpg,108.1918691,32.71328216,12331.82421
vid_000440_frame0000124.jpg,108.5449829,32.07978238,12982.93894
vid_000440_frame0000125.jpg,115.6507517,32.96086095,12884.36247
vid_000440_frame0000126.jpg,116.0378621,34.48879618,13818.41976
vid_000441_frame0000001.jpg,67.87973022,60.08497824,14041.38913
vid_000441_frame0000002.jpg,67.96808879,59.97600388,13663.33293
vid_000441_frame0000003.jpg,63.67525228,60.406584,13675.6594
vid_000441_frame0000004.jpg,66.42858378,60.60118655,16513.79154
vid_000441_frame0000005.jpg,74.96442159,57.99703148,13322.77598
vid_000441_frame0000006.jpg,73.96260071,57.63843808,13292.27722
vid_000441_frame0000007.jpg,74.39478556,60.23430937,14234.58188
vid_000441_frame0000008.jpg,74.61900838,61.25605295,16971.27994
vid_000441_frame0000009.jpg,75.81615702,60.34700706,14193.9212
vid_000441_frame0000025.jpg,75.7326355,59.95564163,16269.69287
vid_000441_frame0000056.jpg,74.29917399,59.33899927,15173.89707
vid_000441_frame0000066.jpg,53.56507365,57.52624786,14188.71043
vid_000441_frame0000067.jpg,60.22112528,59.04948374,14893.1104
vid_000441_frame0000068.jpg,68.52404785,59.8611744,14495.77272
vid_000441_frame0000069.jpg,68.9789327,59.94406092,14260.33853
vid_000441_frame0000070.jpg,72.28109741,61.26800118,14950.30791
vid_000442_frame0000001.jpg,78.46397909,66.04604894,18597.57406
vid_000442_frame0000002.jpg,78.18959045,65.50210871,17929.46074
vid_000442_frame0000003.jpg,79.02574158,65.83322986,17852.03571
vid_000442_frame0000004.jpg,75.00486247,65.90071836,18727.34765
vid_000442_frame0000005.jpg,80.71762594,61.99729997,14017.02667
vid_000442_frame0000013.jpg,84.17534892,61.85034674,15178.88834
vid_000442_frame0000015.jpg,88.57279968,65.77191168,13966.20726
vid_000442_frame0000019.jpg,87.09089661,64.47873034,13460.95169
vid_000442_frame0000027.jpg,86.48432414,64.50307998,15514.32285
vid_000442_frame0000039.jpg,82.65168254,63.08500501,16003.64414
vid_000443_frame0000001.jpg,93.15492249,72.42836315,15461.00401
vid_000443_frame0000003.jpg,93.98934937,72.22552335,13422.28202
vid_000443_frame0000005.jpg,94.09920247,70.68457598,11205.2651
vid_000443_frame0000010.jpg,94.41378276,72.28086912,14644.39129
vid_000443_frame0000039.jpg,94.64862061,72.27913378,16343.42613
vid_000443_frame0000069.jpg,93.67799377,72.92423888,18398.72122
vid_000443_frame0000084.jpg,91.56933085,71.45169559,16385.40381
vid_000443_frame0000089.jpg,86.10667419,74.9224705,27827.24819
vid_000444_frame0000007.jpg,110.7273814,43.33270335,17713.35291
vid_000444_frame0000009.jpg,114.0573629,34.18141432,13249.45237
vid_000444_frame0000016.jpg,115.1949463,41.14684603,16595.52931
vid_000444_frame0000031.jpg,114.7069295,34.74137799,15070.37646
vid_000444_frame0000052.jpg,113.8978271,34.0881042,14803.94726
vid_000444_frame0000108.jpg,118.1067861,35.16374725,15274.57065
vid_000444_frame0000112.jpg,116.3605855,44.24682598,17585.99946
vid_000445_frame0000001.jpg,129.6368154,47.54840875,9464.633071
vid_000445_frame0000013.jpg,133.1105855,51.36566209,8478.217017
vid_000445_frame0000017.jpg,130.5209401,61.79091738,12688.41827
vid_000445_frame0000031.jpg,128.8191783,61.38951672,12712.24079
vid_000446_frame0000007.jpg,164.4295756,34.74103479,8154.563278
vid_000446_frame0000011.jpg,163.7092285,38.24862005,5614.656296
vid_000446_frame0000017.jpg,161.9709676,36.41020272,8460.156375
vid_000446_frame0000056.jpg,161.9663798,37.39344302,7857.376649
vid_000447_frame0000010.jpg,171.1489665,34.07491718,5112.040601
vid_000447_frame0000013.jpg,173.905131,34.46902834,5344.749583
vid_000447_frame0000028.jpg,169.099233,41.8727372,11520.64936
vid_000448_frame0000003.jpg,163.2042084,50.7348058,21574.52167
vid_000448_frame0000011.jpg,163.2670441,52.00201179,23865.2753
vid_000448_frame0000023.jpg,162.6414337,51.47541885,22672.05148
vid_000449_frame0000011.jpg,125.2371826,21.00969214,3420.317161
vid_000449_frame0000014.jpg,124.2704315,21.07505591,3745.798451
vid_000449_frame0000016.jpg,125.909963,19.77946703,3542.098412
vid_000449_frame0000017.jpg,124.9623108,22.91857836,4603.127342
vid_000449_frame0000023.jpg,118.4116414,32.66209834,6439.001561
vid_000449_frame0000025.jpg,116.1594747,34.41215823,7831.445961
vid_000450_frame0000025.jpg,119.3110097,45.15746813,26180.68214
vid_000450_frame0000036.jpg,120.7744293,45.34560736,25177.30702
vid_000450_frame0000052.jpg,123.4613647,50.19180195,28730.47474
vid_000501_frame0000001.jpg,106.7572428,50.47843809,20880.20682
vid_000501_frame0000003.jpg,106.6811473,50.36889846,20647.05391
vid_000501_frame0000004.jpg,106.415273,50.03435865,20982.14291
vid_000501_frame0000006.jpg,107.1554718,50.05620126,19856.04218
vid_000501_frame0000007.jpg,107.2913005,50.03942632,20174.93733
vid_000501_frame0000008.jpg,107.4151103,49.51038286,20160.90379
vid_000501_frame0000009.jpg,107.5578003,49.61213048,20133.55834
vid_000501_frame0000010.jpg,108.1537679,50.67671368,20931.62088
vid_000501_frame0000011.jpg,107.4477336,49.9402728,20536.2816
vid_000531_frame0000001.jpg,128.2690531,73.83091828,36339.32932
vid_000531_frame0000003.jpg,128.3029633,73.92865782,35623.24679
vid_000531_frame0000004.jpg,127.7654317,74.40464207,37245.33758
vid_000531_frame0000005.jpg,128.54245,74.48062748,37374.45327
vid_000531_frame0000006.jpg,128.6569366,74.22966647,35762.71608
vid_000531_frame0000007.jpg,126.9445903,74.39812433,37097.04935
vid_000531_frame0000008.jpg,127.4821676,74.64142771,36997.08046
vid_000531_frame0000009.jpg,128.9720001,71.84145719,26749.82235
vid_000531_frame0000010.jpg,131.9576569,74.35233306,38298.21473
vid_000531_frame0000011.jpg,133.5064341,73.90929813,37925.47243
vid_000531_frame0000012.jpg,135.9054413,72.79540658,40921.49216
vid_000531_frame0000013.jpg,136.8799286,71.27930764,40310.28223
vid_000531_frame0000014.jpg,133.8425039,71.97767301,46129.94061
vid_000531_frame0000015.jpg,134.8146515,73.80988699,55340.61937
vid_000531_frame0000016.jpg,136.5970764,73.28663718,52845.52787
vid_000531_frame0000017.jpg,137.7115224,74.54764119,57125.76102
vid_000531_frame0000018.jpg,136.5143585,74.01772287,58972.06672
vid_000531_frame0000019.jpg,135.4847921,72.97908544,53669.11992
vid_000531_frame0000020.jpg,135.2785899,74.71491655,57972.47468
vid_000531_frame0000021.jpg,136.0534566,75.09823835,57640.27819
vid_000531_frame0000022.jpg,136.8636424,75.26065922,57680.87083
vid_000531_frame0000023.jpg,139.1016337,74.21115021,52511.6408
vid_000531_frame0000024.jpg,137.8423869,75.86928104,54654.54789
vid_000531_frame0000025.jpg,138.6657664,75.30716037,53827.61016
vid_000531_frame0000026.jpg,140.2511342,74.08806701,47898.75059
vid_000531_frame0000027.jpg,139.6579132,75.68061312,52708.61449
vid_000531_frame0000028.jpg,139.1482442,76.03491745,53271.02149
vid_000531_frame0000029.jpg,138.362793,75.21456419,49727.98596
vid_000531_frame0000030.jpg,136.5669556,75.68754525,50759.49304
vid_000531_frame0000031.jpg,131.7095133,74.21211119,44346.76488
vid_000531_frame0000032.jpg,132.1397502,73.56446728,34979.939
vid_000531_frame0000033.jpg,134.0999247,74.18950379,31077.0391
vid_000531_frame0000034.jpg,126.027003,76.17870741,33417.075
vid_000531_frame0000035.jpg,122.5572917,76.01419352,32199.66555
vid_000531_frame0000036.jpg,129.3024343,73.8310403,27560.54262
vid_000531_frame0000037.jpg,122.7854055,75.45228059,35198.47693
vid_000531_frame0000038.jpg,118.5741526,75.42300292,33638.47127
vid_000531_frame0000039.jpg,113.9019419,73.93756269,31216.26556
vid_000531_frame0000040.jpg,111.0795085,74.61940593,30014.47156
vid_000531_frame0000041.jpg,110.9651591,72.87661912,29668.81112
vid_000531_frame0000042.jpg,113.9313812,74.6158089,24024.52462
vid_000531_frame0000043.jpg,114.4706116,77.11377149,34513.06172
vid_000531_frame0000044.jpg,114.6115875,77.91335988,37494.61929
vid_000531_frame0000045.jpg,116.1238149,78.60578561,37169.39324
vid_000531_frame0000046.jpg,118.4637807,79.13005583,33582.96166
vid_000531_frame0000047.jpg,121.5894368,81.34110775,36125.38892
vid_000531_frame0000048.jpg,121.1773733,81.45081995,36150.65592
vid_000531_frame0000049.jpg,116.9995626,78.2479929,33691.0337
vid_000531_frame0000050.jpg,123.5190887,79.78455749,32469.28931
vid_000531_frame0000051.jpg,120.5908407,79.00287593,33814.27281
vid_000531_frame0000052.jpg,114.7495117,75.05181946,25487.49286
vid_000532_frame0000001.jpg,130.5445201,54.43695819,38123.8777
vid_000532_frame0000003.jpg,131.1646016,54.00550754,35520.07533
vid_000532_frame0000004.jpg,131.3712769,57.11365089,41861.91728
vid_000532_frame0000005.jpg,130.7339376,55.60423952,38188.15898
vid_000532_frame0000006.jpg,130.4441579,54.91797106,36146.72951
vid_000532_frame0000007.jpg,129.8883413,55.24913868,37222.50551
vid_000532_frame0000008.jpg,128.7629293,55.9973223,39309.83106
vid_000532_frame0000009.jpg,128.2368266,52.88590704,32259.90169
vid_000532_frame0000010.jpg,128.7854156,57.04936721,40608.59626
vid_000532_frame0000011.jpg,127.7174581,55.40593039,36259.98416
vid_000532_frame0000041.jpg,127.8215383,66.89231095,60881.08075
vid_000532_frame0000042.jpg,126.7402802,63.39514061,45162.62882
vid_000532_frame0000043.jpg,126.7457225,63.10181402,37912.30437
vid_000532_frame0000044.jpg,126.7307332,71.16523117,60840.1594
vid_000532_frame0000046.jpg,131.4801585,63.45406831,38317.55117
vid_000532_frame0000047.jpg,134.1717072,67.5260524,43899.44758
vid_000532_frame0000048.jpg,131.1666158,66.74682427,41565.90751
vid_000532_frame0000049.jpg,128.977356,62.41253292,31230.90715
vid_000532_frame0000050.jpg,129.5458934,67.12838272,44919.34068
vid_000532_frame0000053.jpg,130.5066477,62.96557045,32293.59345
vid_000532_frame0000054.jpg,132.1337484,58.78496122,25319.98262
vid_000532_frame0000055.jpg,129.6201833,53.67939283,18182.85273
vid_000532_frame0000060.jpg,129.0978699,65.38978559,46560.53658
vid_000532_frame0000072.jpg,128.6300354,65.39674456,46932.47683
vid_000532_frame0000073.jpg,129.2294413,62.31962889,36650.75811
vid_000532_frame0000074.jpg,118.759964,63.06313591,25865.93255
vid_000532_frame0000075.jpg,126.6465607,62.07643448,33006.48998
vid_000532_frame0000076.jpg,127.632431,61.2597078,35767.93523
vid_000532_frame0000077.jpg,126.5398509,63.54114606,42969.18081
vid_000532_frame0000116.jpg,123.8165944,49.42513852,20033.2316
vid_000532_frame0000117.jpg,132.4358978,59.66132469,39132.12413
vid_000532_frame0000118.jpg,135.4224396,58.20647446,30276.67185
vid_000532_frame0000119.jpg,135.0122325,58.15906398,32993.56318
vid_000532_frame0000120.jpg,135.4705607,59.31342809,34183.24562
vid_000532_frame0000122.jpg,134.3570913,50.89615519,20969.57961
vid_000532_frame0000123.jpg,135.7763367,50.09421658,21292.12332
vid_000532_frame0000124.jpg,137.0716858,49.27261477,18552.7168
vid_000532_frame0000125.jpg,135.2916107,51.27644731,22127.73802
vid_000532_frame0000134.jpg,135.2126923,55.13318995,28514.66453
vid_000532_frame0000150.jpg,132.9088999,56.41659265,31221.9578
vid_000532_frame0000151.jpg,129.9282532,57.88361748,30868.7809
vid_000532_frame0000152.jpg,124.804718,63.20083248,40219.13224
vid_000532_frame0000154.jpg,126.5263519,66.19304013,49811.03246
vid_000532_frame0000155.jpg,128.0701294,62.47908378,43627.19576
vid_000532_frame0000156.jpg,127.1486053,60.65631772,41840.30045
vid_000532_frame0000157.jpg,128.3448792,65.66286254,58226.07276
vid_000532_frame0000160.jpg,129.382014,62.5460172,44589.0628
vid_000532_frame0000161.jpg,128.9949493,65.12322109,46531.92141
vid_000532_frame0000162.jpg,127.6863759,67.14207034,51355.3666
vid_000532_frame0000168.jpg,132.3647207,51.62156802,29368.48976
vid_000532_frame0000169.jpg,132.3008779,45.94389762,18099.16532
vid_000532_frame0000170.jpg,131.1465861,41.1635435,12562.94917
vid_000532_frame0000172.jpg,129.7025096,39.91918532,12511.55273
vid_000532_frame0000173.jpg,132.2682343,52.1162165,25828.33092
vid_000532_frame0000174.jpg,132.4380849,51.7802539,24581.53606
vid_000532_frame0000178.jpg,132.6085052,53.28072082,29169.13115
vid_000532_frame0000198.jpg,132.5011851,52.94711034,27351.61237
vid_000532_frame0000200.jpg,132.1761424,53.55570242,29054.12898
vid_000532_frame0000201.jpg,131.8831685,53.06593638,27406.74113
vid_000532_frame0000203.jpg,132.0231018,47.86215492,20950.322
vid_000532_frame0000204.jpg,132.212794,50.14070363,24436.16916
vid_000532_frame0000205.jpg,133.4981079,51.10238917,27069.10231
vid_000532_frame0000206.jpg,133.9475301,50.55517418,25973.20129
vid_000532_frame0000207.jpg,133.8500875,49.97282625,26543.57313
vid_000533_frame0000001.jpg,125.7023875,29.85667164,10861.90986
vid_000533_frame0000003.jpg,130.1088816,30.86617411,10700.11399
vid_000533_frame0000004.jpg,128.9991353,31.59913044,10743.32785
vid_000533_frame0000005.jpg,128.4253998,31.34921781,10458.844
vid_000533_frame0000006.jpg,128.2520854,32.30721301,11502.04552
vid_000539_frame0000019.jpg,102.5284068,28.10235809,11102.48935
vid_000539_frame0000020.jpg,101.5044403,27.71203492,11297.94741
vid_000539_frame0000021.jpg,103.8392944,28.10999766,11292.1831
vid_000539_frame0000022.jpg,106.1688639,27.90672987,11404.12488
vid_000539_frame0000046.jpg,103.3737335,30.51937346,12218.50567
vid_000539_frame0000047.jpg,99.40607707,31.40362836,11773.83313
vid_000539_frame0000048.jpg,101.6667582,33.5380997,11894.51561
vid_000539_frame0000049.jpg,101.3520813,34.5644781,12599.16412
vid_000539_frame0000050.jpg,98.05565389,35.46696927,12798.09265
vid_000539_frame0000051.jpg,98.77161153,34.99695477,12842.15707
vid_000539_frame0000052.jpg,98.57617696,35.97946083,13440.65915
vid_000539_frame0000053.jpg,97.95954386,36.50576989,13380.13268
vid_000539_frame0000054.jpg,98.15951538,36.69383126,13596.14578
vid_000539_frame0000055.jpg,97.90100098,35.79020064,13225.32163
vid_000539_frame0000056.jpg,98.82357788,36.32138691,12019.43376
vid_000539_frame0000057.jpg,99.40472921,37.09748312,13594.77488
vid_000539_frame0000058.jpg,99.32365417,37.07017556,13393.39974
vid_000539_frame0000059.jpg,96.30586243,33.44994581,11304.53748
vid_000539_frame0000060.jpg,98.15560913,36.85786309,13497.99449
vid_000539_frame0000061.jpg,97.74330139,37.384925,13502.87396
vid_000539_frame0000062.jpg,97.70728048,36.76843095,13519.35721
vid_000539_frame0000063.jpg,98.24263,36.84020229,13259.92081
vid_000539_frame0000064.jpg,98.18263753,36.94500865,13341.14793
vid_000539_frame0000065.jpg,97.5388387,36.08034122,12737.27667
vid_000539_frame0000066.jpg,97.50017802,35.65194408,12684.78799
vid_000539_frame0000067.jpg,97.47934469,35.42550566,12437.00978
vid_000539_frame0000068.jpg,98.08372498,34.6472457,12402.40352
vid_000539_frame0000069.jpg,99.003479,34.72725789,11826.8219
vid_000539_frame0000070.jpg,99.01524862,35.53569896,12443.7607
vid_000539_frame0000071.jpg,98.69952901,35.40374132,12456.26689
vid_000539_frame0000072.jpg,97.22917175,34.71993612,12362.02924
vid_000539_frame0000073.jpg,97.36513265,33.28635156,11941.4914
vid_000539_frame0000074.jpg,97.94526164,31.90315381,11705.17024
vid_000539_frame0000075.jpg,100.3963674,33.00896097,11998.24049
vid_000539_frame0000076.jpg,98.87155151,28.95510987,11330.59459
vid_000542_frame0000008.jpg,112.3127797,34.90534691,12635.98908
vid_000547_frame0000009.jpg,114.0214132,35.31424249,10701.91127
vid_000547_frame0000010.jpg,113.2877096,35.28117153,10873.17876
vid_000547_frame0000011.jpg,115.5681763,36.06341704,10601.339
vid_000547_frame0000012.jpg,116.9967906,37.35783824,10756.46763
vid_000547_frame0000013.jpg,119.2577718,37.5350925,10814.00627
vid_000547_frame0000014.jpg,118.3616231,37.17573434,10939.68302
vid_000547_frame0000015.jpg,119.1680094,37.65968215,10752.16721
vid_000547_frame0000016.jpg,119.3691203,37.93073252,10617.65018
vid_000547_frame0000017.jpg,119.9242452,37.23427731,10474.8687
vid_000547_frame0000018.jpg,118.5940247,37.60383911,10575.53124
vid_000547_frame0000019.jpg,118.0912425,37.31284912,10339.5521
vid_000547_frame0000020.jpg,115.634903,36.66974345,10637.0573
vid_000547_frame0000021.jpg,115.7448527,36.86928948,10902.68932
vid_000547_frame0000022.jpg,115.8167674,36.57566008,10682.68859
vid_000547_frame0000023.jpg,119.8490702,36.1396374,10408.82018
vid_000548_frame0000013.jpg,126.0161591,26.81330105,11535.49551
vid_000548_frame0000014.jpg,125.7161051,27.02282599,11523.03348
vid_000548_frame0000015.jpg,125.7583059,27.07281997,11571.1356
vid_000548_frame0000016.jpg,126.2909088,26.96626326,11544.03152
vid_000550_frame0000001.jpg,116.3769684,44.68148121,23513.08732
vid_000550_frame0000003.jpg,116.3353271,44.28688977,22319.75535
vid_000550_frame0000004.jpg,115.9317067,44.85820624,23041.4248
vid_000550_frame0000005.jpg,114.7821706,44.6439742,23433.77966
vid_000550_frame0000011.jpg,112.7794342,40.75535939,18993.951
vid_000550_frame0000020.jpg,112.4479014,39.30495785,16532.99628
vid_000550_frame0000021.jpg,107.4253896,35.8877116,14940.82781
vid_000550_frame0000022.jpg,108.6512146,35.93628935,14764.10913
vid_000550_frame0000023.jpg,109.1402181,36.22705801,15538.71295
vid_000550_frame0000025.jpg,113.4251302,37.98086494,18103.91828
vid_000550_frame0000026.jpg,113.0964152,45.32651624,20140.37973
vid_000550_frame0000027.jpg,113.9125468,62.72255762,20078.85463
vid_000550_frame0000028.jpg,114.6400757,68.42987437,27247.49826
vid_000550_frame0000029.jpg,103.6679484,59.22408952,17631.15093
vid_000550_frame0000030.jpg,105.7896322,64.14285655,23849.57311
vid_000550_frame0000031.jpg,108.8248342,64.59663799,23780.33023
vid_000550_frame0000032.jpg,111.3473969,66.93712355,27595.88237
vid_000550_frame0000033.jpg,111.8595632,66.48602972,26460.74769
vid_000550_frame0000044.jpg,110.8422801,70.54266489,38645.94767
vid_000551_frame0000001.jpg,100.3401693,39.36564091,18544.11558
vid_000551_frame0000003.jpg,101.0954285,39.49536116,19652.84876
vid_000551_frame0000004.jpg,101.4249624,40.26474487,20745.75996
vid_000551_frame0000061.jpg,121.6121267,32.3338964,13863.60767
vid_000551_frame0000062.jpg,119.6165924,33.27664512,14968.64983
vid_000551_frame0000063.jpg,118.1921794,32.21667531,14427.82232
vid_000551_frame0000064.jpg,118.1599986,32.71182083,14843.58505
vid_000551_frame0000065.jpg,118.1198425,32.44814716,14436.1593
vid_000551_frame0000067.jpg,117.4227142,33.05022682,15246.69265
vid_000551_frame0000068.jpg,118.5518392,33.13827503,15396.75588
vid_000551_frame0000069.jpg,118.4346059,32.72885896,14788.88268
vid_000551_frame0000070.jpg,118.45106,32.6818618,14688.41759
vid_000551_frame0000071.jpg,117.9711965,33.01614647,15250.17324
vid_000551_frame0000072.jpg,118.2962189,32.62453506,14725.71606
vid_000551_frame0000075.jpg,118.6052246,34.63976392,15576.0506
vid_000551_frame0000076.jpg,118.1065521,35.02353326,16132.41454
vid_000551_frame0000082.jpg,110.6493174,29.78569343,11246.56071
vid_000551_frame0000084.jpg,115.1477458,28.14592757,11318.95485
vid_000551_frame0000085.jpg,116.2613983,29.42529709,11863.53097
vid_000551_frame0000086.jpg,106.732783,29.88786894,11080.64974
vid_000551_frame0000087.jpg,103.6027629,30.56899906,11859.0997
vid_000551_frame0000088.jpg,107.2937215,30.77096481,12156.76967
vid_000551_frame0000089.jpg,114.6736603,29.74324166,11956.48559
vid_000551_frame0000090.jpg,119.4057109,31.30343869,12821.1785
vid_000551_frame0000091.jpg,116.8777924,33.80523447,11006.83866
vid_000551_frame0000095.jpg,108.2124379,39.84003162,15206.84717
vid_000551_frame0000098.jpg,108.4110616,39.51391439,14377.32525
vid_000551_frame0000103.jpg,109.404068,39.94697684,15306.14727
vid_000551_frame0000109.jpg,107.0270081,35.89013584,14269.18281
vid_000551_frame0000110.jpg,107.8303324,33.13163537,14116.46958
vid_000551_frame0000111.jpg,110.7353058,31.30044237,13928.08638
vid_000551_frame0000114.jpg,112.2313995,31.87267735,14458.10278
vid_000551_frame0000120.jpg,113.0238088,31.8989737,14384.15928
vid_000551_frame0000121.jpg,112.2884623,31.99454819,14552.95058
vid_000551_frame0000122.jpg,113.5512339,33.94573338,14479.41994
vid_000551_frame0000123.jpg,114.7024536,38.13588735,14624.35303
vid_000551_frame0000124.jpg,114.0832723,32.78795482,13656.62659
vid_000551_frame0000125.jpg,116.3790894,30.21745291,12407.0166
vid_000552_frame0000097.jpg,113.2792969,56.68620325,29459.18802
vid_000552_frame0000098.jpg,112.9981486,56.52389972,27284.86013
vid_000552_frame0000099.jpg,112.2359314,56.99152932,28172.56087
vid_000552_frame0000100.jpg,111.4311778,56.46935505,27009.02766
vid_000552_frame0000101.jpg,111.5755056,57.50379463,29581.40848
vid_000552_frame0000102.jpg,114.0582631,56.72506491,27366.57751
vid_000552_frame0000103.jpg,114.9376272,57.16845858,28211.14384
vid_000552_frame0000104.jpg,115.3768107,56.60046944,25662.07546
vid_000552_frame0000105.jpg,118.1393992,55.34134128,25587.79023
vid_000552_frame0000106.jpg,118.4431915,53.62970635,23466.08914
vid_000552_frame0000107.jpg,119.7081045,55.17667451,27184.21632
vid_000552_frame0000108.jpg,118.7342784,55.0828984,27182.44642
vid_000552_frame0000109.jpg,116.0685221,54.34979674,25283.94446
vid_000552_frame0000110.jpg,111.5961914,53.62348566,23243.96808
vid_000552_frame0000111.jpg,107.5885925,53.32558891,23013.19542
vid_000552_frame0000112.jpg,106.5552521,53.89141014,23683.68331
vid_000552_frame0000113.jpg,108.5813955,53.75107522,23896.02711
vid_000552_frame0000114.jpg,109.5250092,54.80773014,27251.59927
vid_000552_frame0000115.jpg,109.6982574,54.9537754,27855.79234
vid_000553_frame0000004.jpg,127.4860484,50.79770836,34861.68164
vid_000553_frame0000005.jpg,126.7673848,50.04792948,33871.65942
vid_000553_frame0000006.jpg,127.0355174,46.33696202,26650.92816
vid_000553_frame0000007.jpg,127.1376495,49.07722231,30161.39072
vid_000553_frame0000008.jpg,127.2388255,49.55993081,29550.10797
vid_000553_frame0000009.jpg,127.7603658,48.5711205,25185.03139
vid_000553_frame0000010.jpg,126.0369822,53.59024205,30871.40253
vid_000553_frame0000011.jpg,125.0363668,53.65794488,32422.2179
vid_000553_frame0000012.jpg,124.0750326,55.1457149,35789.89779
vid_000553_frame0000013.jpg,122.4181773,56.92112842,39512.89509
vid_000553_frame0000014.jpg,122.565567,55.20715663,33890.04913
vid_000553_frame0000015.jpg,121.7786458,57.70396822,39848.24303
vid_000553_frame0000016.jpg,120.6808929,55.24663498,32304.28063
vid_000553_frame0000017.jpg,119.5509186,56.1798789,32813.68616
vid_000553_frame0000018.jpg,119.8821309,56.51321088,33352.69422
vid_000553_frame0000019.jpg,119.989385,55.34252799,31263.22552
vid_000553_frame0000020.jpg,118.4740499,58.5876494,39672.55257
vid_000553_frame0000021.jpg,118.8383789,56.30800161,34039.99964
vid_000553_frame0000022.jpg,119.1444041,57.6719838,37952.14425
vid_000553_frame0000023.jpg,113.1582845,54.46069852,32461.20984
vid_000553_frame0000024.jpg,113.3006185,52.75755395,30280.17823
vid_000553_frame0000025.jpg,112.3068034,50.11038249,27349.84675
vid_000553_frame0000026.jpg,116.0446014,49.7672819,27538.01055
vid_000553_frame0000027.jpg,119.742691,53.62238012,33539.90918
vid_000553_frame0000028.jpg,119.8181661,53.51016469,31630.28397
vid_000553_frame0000029.jpg,119.768219,52.71948467,29482.50409
vid_000553_frame0000030.jpg,117.1740824,52.65830083,31992.35288
vid_000553_frame0000033.jpg,122.3439687,50.3952198,29449.54656
vid_000553_frame0000034.jpg,122.5119731,51.58345819,30484.46048
vid_000553_frame0000035.jpg,120.0120951,51.36485435,31300.76988
vid_000553_frame0000036.jpg,119.7499339,49.94655257,24163.21179
vid_000553_frame0000037.jpg,118.6656189,57.38726915,39947.10845
vid_000555_frame0000018.jpg,130.6331126,51.57510294,24319.99833
vid_000555_frame0000019.jpg,129.5435537,49.29053313,20602.60297
vid_000555_frame0000020.jpg,129.0478516,50.00833314,23094.19778
vid_000555_frame0000021.jpg,130.0429382,49.87523412,20950.81186
vid_000555_frame0000022.jpg,131.1224314,50.70779954,23390.80192
vid_000555_frame0000023.jpg,130.5186005,49.71499675,21981.79126
vid_000555_frame0000024.jpg,130.296992,49.03590393,22287.62782
vid_000555_frame0000025.jpg,131.2685293,47.45640485,20537.84228
vid_000555_frame0000026.jpg,131.2799428,47.41803677,20604.42328
vid_000555_frame0000027.jpg,132.2643127,48.21392658,21523.64255
vid_000555_frame0000028.jpg,132.6027781,49.52942208,23521.89081
vid_000555_frame0000030.jpg,131.7761536,49.75301458,24299.76826
vid_000555_frame0000032.jpg,132.624349,50.51141037,23143.25551
vid_000555_frame0000033.jpg,132.9764048,51.70092016,23823.51271
vid_000555_frame0000034.jpg,133.1164195,54.66726692,27832.79699
vid_000555_frame0000035.jpg,133.0412343,58.06665859,28540.74903
vid_000555_frame0000036.jpg,129.3187663,62.90327506,33268.57245
vid_000555_frame0000037.jpg,128.3598735,67.35105794,44412.08776
vid_000555_frame0000038.jpg,128.9843852,68.1648136,45891.58826
vid_000555_frame0000039.jpg,129.3204702,67.36066503,43607.40833
vid_000555_frame0000040.jpg,129.5764364,68.51399668,47364.73097
vid_000555_frame0000041.jpg,129.0554606,68.59522451,48387.5792
vid_000002_frame0000013.jpg,112.9514923,29.57632851,12688.63109
vid_000002_frame0000014.jpg,109.0096944,29.21710803,12408.91635
vid_000002_frame0000015.jpg,108.0976003,29.60728113,13196.00009
vid_000002_frame0000016.jpg,105.9500529,29.56319659,13321.07378
vid_000002_frame0000017.jpg,105.2748871,29.06728168,13221.42581
vid_000002_frame0000018.jpg,104.1515299,29.97931362,13812.51452
vid_000002_frame0000019.jpg,106.6588287,29.06150594,12689.97715
vid_000002_frame0000020.jpg,105.1044413,30.08365221,13741.78291
vid_000002_frame0000021.jpg,106.1508077,29.73742346,13363.1743
vid_000002_frame0000022.jpg,104.3146057,31.14561345,14545.86479
vid_000003_frame0000001.jpg,104.1841888,31.01369387,15333.99673
vid_000003_frame0000002.jpg,106.82341,29.19005299,13067.93378
vid_000003_frame0000003.jpg,105.9069926,30.12594272,14037.23802
vid_000003_frame0000004.jpg,106.5457764,29.58875832,13724.50523
vid_000003_frame0000005.jpg,106.8406728,29.69540157,13805.35588
vid_000003_frame0000006.jpg,108.885493,29.98624182,13814.31146
vid_000003_frame0000022.jpg,107.5787913,29.06547866,12320.04611
vid_000003_frame0000023.jpg,107.5577647,28.74235331,12616.30839
vid_000004_frame0000010.jpg,106.8617503,29.56001335,13121.75428
vid_000004_frame0000011.jpg,107.2446493,28.96741122,12878.49765
vid_000004_frame0000012.jpg,106.4272868,29.93121629,13758.24151
vid_000005_frame0000007.jpg,104.7736359,27.88688834,11843.82811
vid_000021_frame0000001.jpg,102.4512838,32.54658819,11760.5221
vid_000021_frame0000007.jpg,104.0423838,32.26538585,11200.37642
vid_000021_frame0000015.jpg,105.882843,32.34051723,11235.9197
vid_000021_frame0000022.jpg,105.12883,32.73513961,11518.04093
vid_000021_frame0000023.jpg,105.9407399,32.88368647,11578.96324
vid_000021_frame0000024.jpg,106.751236,33.12535379,11663.68694
vid_000021_frame0000025.jpg,107.5762787,32.79315449,11354.84287
vid_000021_frame0000026.jpg,107.783254,32.87366397,11599.8417
vid_000021_frame0000027.jpg,106.8683523,32.76088198,11143.32699
vid_000021_frame0000028.jpg,106.5069784,33.26321603,11732.10178
vid_000021_frame0000029.jpg,107.3174388,33.00809968,11198.1863
vid_000021_frame0000030.jpg,106.7860819,33.48311383,11879.9958
vid_000021_frame0000031.jpg,107.5297597,33.26774807,11459.53092
vid_000021_frame0000035.jpg,107.0764923,32.13903634,10722.67957
vid_000022_frame0000029.jpg,111.6410319,34.45280224,11293.94926
vid_000023_frame0000010.jpg,115.0572205,35.80101974,11428.36036
vid_000023_frame0000011.jpg,115.7540944,36.40432688,11313.91063
vid_000023_frame0000012.jpg,114.6789856,36.3971007,11730.54803
vid_000023_frame0000013.jpg,115.2631785,36.34748164,11692.34239
vid_000023_frame0000014.jpg,114.9146678,36.34187935,11790.36197
vid_000023_frame0000015.jpg,114.2621918,35.81250009,11307.72312
vid_000023_frame0000016.jpg,113.1622213,35.60132664,11253.99269
vid_000023_frame0000017.jpg,112.2891083,35.39959443,10941.50019
vid_000023_frame0000018.jpg,110.8624166,35.44472419,11345.59455
vid_000023_frame0000019.jpg,111.6661479,35.83164356,11008.77997
vid_000024_frame0000031.jpg,116.7614797,34.71075269,11384.47515
vid_000024_frame0000032.jpg,115.361084,34.66068695,11775.1769
vid_000024_frame0000033.jpg,114.7725016,34.27000407,11543.04827
vid_000025_frame0000009.jpg,110.6346283,33.39613452,10797.62741
vid_000025_frame0000010.jpg,109.5723877,33.1819367,11071.67652
vid_000025_frame0000011.jpg,110.2085368,32.99557003,11114.39088
vid_000025_frame0000012.jpg,109.7227071,32.9350275,11075.60265
vid_000025_frame0000013.jpg,110.071106,32.80601808,10854.96799
vid_000026_frame0000003.jpg,106.4148,32.37985769,11206.80909
vid_000026_frame0000004.jpg,107.1772563,32.41439646,11556.45038
vid_000026_frame0000009.jpg,118.4677633,34.36095029,11249.16183
vid_000026_frame0000010.jpg,120.2974141,35.21405036,11114.37389
vid_000026_frame0000011.jpg,124.6046448,35.91788634,10751.87196
vid_000026_frame0000012.jpg,124.4495188,36.47568033,11576.34104
vid_000026_frame0000013.jpg,125.1362661,36.46760357,11362.31881
vid_000026_frame0000014.jpg,125.5441996,37.46516231,11605.747
vid_000026_frame0000015.jpg,121.5316366,36.35353888,11137.00789
vid_000026_frame0000016.jpg,115.863266,35.35406911,10766.25845
vid_000026_frame0000017.jpg,114.1154633,35.67110189,10601.35695
vid_000027_frame0000056.jpg,123.1957652,32.87118452,12308.4155
vid_000027_frame0000072.jpg,120.8952433,32.44039651,12157.77301
vid_000028_frame0000001.jpg,113.0590668,30.74725702,10604.79879
vid_000028_frame0000002.jpg,113.6585032,30.58818659,10479.92199
vid_000028_frame0000003.jpg,114.0385386,30.76990218,10220.2965
vid_000028_frame0000004.jpg,113.850057,30.95073828,10538.88307
vid_000028_frame0000005.jpg,114.1782735,30.80658257,10373.57871
vid_000028_frame0000006.jpg,112.7070211,30.64909582,10439.93134
vid_000028_frame0000007.jpg,114.0294037,30.6729231,10527.2643
vid_000028_frame0000008.jpg,113.5447896,30.64557643,10666.33596
vid_000028_frame0000019.jpg,111.5858866,28.35041088,11157.73554
vid_000028_frame0000020.jpg,111.1955719,28.60170201,11388.44286
vid_000028_frame0000021.jpg,110.9402517,28.20213554,11504.00939
vid_000028_frame0000022.jpg,109.7632395,28.2455711,11367.25196
vid_000028_frame0000023.jpg,110.576767,28.10080388,11401.31254
vid_000028_frame0000024.jpg,110.2982788,28.39132438,11815.77304
vid_000028_frame0000025.jpg,110.9456635,28.41767589,11758.84701
vid_000028_frame0000026.jpg,110.9324341,28.2925768,11614.65283
vid_000028_frame0000027.jpg,112.449234,28.85552042,11898.69248
vid_000028_frame0000032.jpg,115.4881134,30.16388395,11655.19598
vid_000028_frame0000033.jpg,115.6435445,30.52385349,11513.25888
vid_000028_frame0000034.jpg,114.7922363,30.84470554,11698.3026
vid_000028_frame0000035.jpg,115.0369873,30.97383696,11636.40434
vid_000028_frame0000036.jpg,116.588028,31.01241214,11530.1667
vid_000028_frame0000037.jpg,115.6699066,31.26027421,11642.9737
vid_000028_frame0000038.jpg,114.9626567,31.26217177,12098.39477
vid_000028_frame0000039.jpg,114.5352376,30.96319379,11185.00941
vid_000028_frame0000040.jpg,114.7054799,30.81003776,10883.84188
vid_000028_frame0000041.jpg,114.5154673,30.94251516,11259.87415
vid_000029_frame0000013.jpg,105.8333232,31.98465313,10536.93086
vid_000029_frame0000014.jpg,106.9514109,32.07113488,10712.57639
vid_000029_frame0000017.jpg,108.9984996,31.37188507,10852.99083
vid_000029_frame0000018.jpg,108.8279317,31.34727965,11163.62598
vid_000030_frame0000001.jpg,117.7852529,31.7724346,10389.32382
vid_000030_frame0000014.jpg,110.6357066,30.26898297,10342.45619
vid_000030_frame0000016.jpg,109.3351593,29.96463095,10389.68471
vid_000030_frame0000017.jpg,109.5499064,29.87243304,10748.68443
vid_000030_frame0000018.jpg,108.9745534,30.03770296,10836.58526
vid_000030_frame0000019.jpg,109.9758809,29.98084526,10586.11073
vid_000030_frame0000020.jpg,110.1487122,29.94328287,10554.24155
vid_000030_frame0000021.jpg,110.5400645,29.41494216,10294.47097
vid_000031_frame0000011.jpg,102.563858,26.89003942,11006.06691
vid_000031_frame0000012.jpg,102.3580729,27.39332779,11343.43774
vid_000031_frame0000013.jpg,102.6743825,26.92554477,11207.81988
vid_000031_frame0000014.jpg,102.1381531,27.18517837,11300.94135
vid_000031_frame0000015.jpg,102.699412,27.37243472,11274.05307
vid_000031_frame0000016.jpg,101.9250641,27.70325269,11689.05142
vid_000031_frame0000017.jpg,103.2432556,27.59839907,11643.17259
vid_000031_frame0000025.jpg,109.9896545,30.29207448,10407.45149
vid_000031_frame0000026.jpg,111.4155477,30.73929596,10516.61823
vid_000031_frame0000027.jpg,113.7491709,32.56972808,10020.0373
vid_000031_frame0000028.jpg,108.2311656,31.76123911,9656.042072
vid_000031_frame0000029.jpg,107.791626,32.11089765,9814.047207
vid_000031_frame0000030.jpg,106.0704041,33.30619278,9773.595956
vid_000031_frame0000031.jpg,105.9051819,32.6501859,9473.70002
vid_000031_frame0000032.jpg,104.6914266,32.67085012,9771.428808
vid_000031_frame0000033.jpg,104.5953979,32.8473549,9604.732998
vid_000031_frame0000034.jpg,114.7564952,36.50389874,11533.52313
vid_000031_frame0000035.jpg,108.2079976,37.19026041,12132.07821
vid_000031_frame0000036.jpg,107.4406637,37.23862974,12146.61377
vid_000031_frame0000038.jpg,112.0767059,37.61733395,12198.10406
vid_000031_frame0000039.jpg,112.0898539,38.8768321,12116.19371
vid_000031_frame0000040.jpg,109.6059723,38.73724379,12407.03869
vid_000031_frame0000048.jpg,94.63317871,41.18197595,12191.13551
vid_000035_frame0000001.jpg,117.813563,54.81507187,29839.12734
vid_000035_frame0000008.jpg,122.8789012,59.79653824,32641.94024
vid_000035_frame0000034.jpg,125.3325144,58.80254391,36319.9246
vid_000035_frame0000035.jpg,126.6382955,54.95318608,30083.33772
vid_000035_frame0000052.jpg,131.339091,50.78547075,25954.93471
vid_000035_frame0000053.jpg,128.6637624,56.16202907,38648.03901
vid_000035_frame0000054.jpg,127.2366384,55.60354657,36767.91214
vid_000035_frame0000068.jpg,125.6569824,56.71099691,34404.04619
vid_000035_frame0000073.jpg,125.3604685,55.27326737,31543.49273
vid_000035_frame0000074.jpg,125.4148305,56.12273299,32422.08905
vid_000035_frame0000075.jpg,126.4327138,59.9195598,41930.73344
vid_000035_frame0000080.jpg,128.5691172,59.55831739,39033.87342
vid_000035_frame0000083.jpg,124.0827433,57.30418814,36827.24977
vid_000035_frame0000084.jpg,124.1911621,54.59599717,29865.55535
vid_000035_frame0000087.jpg,125.9013519,54.17758712,30199.12642
vid_000035_frame0000099.jpg,130.4760183,42.19232026,19240.14819
vid_000035_frame0000104.jpg,127.1450246,40.05466984,16619.19549
vid_000035_frame0000107.jpg,126.5247243,36.69506036,15180.85026
vid_000035_frame0000110.jpg,129.7172597,38.30291809,15770.33469
vid_000035_frame0000111.jpg,131.0378876,38.6748863,15757.85673
vid_000035_frame0000112.jpg,131.7849782,39.28573782,15968.40605
vid_000035_frame0000113.jpg,130.9828033,40.4126546,17138.70501
vid_000035_frame0000114.jpg,130.8507894,40.65462904,17136.73254
vid_000035_frame0000115.jpg,130.195226,38.34322057,15742.63062
vid_000035_frame0000116.jpg,128.9584554,37.77370631,14774.41092
vid_000035_frame0000117.jpg,126.5541738,38.63647613,15578.23103
vid_000035_frame0000118.jpg,126.4188487,38.77190157,15199.05037
vid_000035_frame0000119.jpg,128.0701192,38.69084311,15019.82203
vid_000035_frame0000120.jpg,128.8426056,39.95953576,15873.45219
vid_000035_frame0000121.jpg,127.3256022,41.47359648,16897.05625
vid_000036_frame0000001.jpg,118.6312561,50.65763966,26126.26706
vid_000036_frame0000002.jpg,119.194163,50.04945441,24574.40711
vid_000036_frame0000003.jpg,118.8497772,50.27970219,24500.33866
vid_000036_frame0000010.jpg,119.9484558,51.29168939,25809.7954
vid_000036_frame0000011.jpg,120.0865631,51.68432774,24977.02088
vid_000036_frame0000012.jpg,119.0028432,51.81409162,24881.14531
vid_000036_frame0000013.jpg,117.5966492,51.37383084,23774.80509
vid_000036_frame0000016.jpg,116.7021637,51.87246953,23860.8312
vid_000036_frame0000037.jpg,119.4821676,50.29795599,23502.87478
vid_000036_frame0000041.jpg,119.4481557,51.63468745,23203.08985
vid_000036_frame0000043.jpg,117.5786387,51.52784673,23749.8115
vid_000036_frame0000044.jpg,118.1041005,51.54301125,23597.58653
vid_000036_frame0000045.jpg,119.0496216,52.19266636,24214.80288
vid_000036_frame0000054.jpg,120.6536662,54.1098101,26778.41995
vid_000037_frame0000001.jpg,130.6968892,43.20261019,20446.00815
vid_000037_frame0000002.jpg,131.9671275,41.90451486,18237.06271
vid_000037_frame0000003.jpg,131.0862274,42.16324059,20431.85132
vid_000037_frame0000004.jpg,129.3546956,40.57869575,19755.49691
vid_000037_frame0000005.jpg,128.7788035,41.48358684,21494.04445
vid_000037_frame0000006.jpg,129.107132,40.45350939,19218.027
vid_000037_frame0000007.jpg,128.7003784,41.40465933,18485.85706
vid_000037_frame0000008.jpg,129.0715892,44.02411288,22150.27327
vid_000037_frame0000009.jpg,128.262502,45.99382985,20798.72202
vid_000037_frame0000016.jpg,122.6609751,53.78644235,27985.28862
vid_000037_frame0000019.jpg,122.3868459,55.44558461,30115.93621
vid_000038_frame0000001.jpg,126.2315114,33.02845549,12053.15146
vid_000038_frame0000003.jpg,125.6242421,33.05025587,11234.61253
vid_000038_frame0000004.jpg,122.5699666,32.58575625,12132.01117
vid_000038_frame0000005.jpg,123.5436401,32.65887412,12161.98113
vid_000038_frame0000007.jpg,122.7516479,32.65130354,12449.90926
vid_000038_frame0000018.jpg,127.9544779,33.3958913,12089.24893
vid_000038_frame0000019.jpg,129.7701162,33.58468287,11526.6113
vid_000038_frame0000020.jpg,127.434611,33.90657427,12372.56799
vid_000038_frame0000021.jpg,126.4648285,33.89664583,12212.01504
vid_000038_frame0000022.jpg,125.6864929,33.96712221,12802.33796
vid_000038_frame0000023.jpg,126.4433136,33.97926538,12446.5324
vid_000038_frame0000024.jpg,126.2015635,34.67164184,13261.8688
vid_000038_frame0000030.jpg,124.3005829,36.21187728,14097.56843
vid_000038_frame0000031.jpg,125.410731,36.42757384,13631.04662
vid_000038_frame0000032.jpg,124.0428874,36.20886256,13549.60611
vid_000040_frame0000003.jpg,104.6492818,34.30812969,12829.61918
vid_000040_frame0000015.jpg,104.5689189,32.24994576,14122.2387
vid_000040_frame0000016.jpg,104.678299,32.17519104,14173.21029
vid_000040_frame0000019.jpg,107.1948497,31.41305933,13163.59507
vid_000040_frame0000020.jpg,107.4271139,33.62711563,15281.61958
vid_000040_frame0000021.jpg,107.7649231,32.58882384,14058.6009
vid_000040_frame0000022.jpg,107.3814392,32.42441917,14011.81409
vid_000040_frame0000039.jpg,106.7617747,29.95150408,12913.92596
vid_000040_frame0000040.jpg,108.2782135,32.41902135,12131.44837
vid_000041_frame0000005.jpg,111.2864024,28.52393928,11838.53017
vid_000041_frame0000006.jpg,110.8840942,28.77119392,12527.99767
vid_000041_frame0000007.jpg,112.8690287,28.93888286,12356.50618
vid_000041_frame0000011.jpg,114.4156698,29.38610265,11942.63041
vid_000041_frame0000012.jpg,113.5717214,29.65366293,12035.74005
vid_000041_frame0000013.jpg,115.0033315,29.34928895,11848.86153
vid_000041_frame0000014.jpg,113.7683207,29.68720814,12171.66556
vid_000041_frame0000015.jpg,113.6040293,29.178509,11654.67855
vid_000041_frame0000016.jpg,112.2488759,29.36539567,11912.94764
vid_000041_frame0000017.jpg,112.6233063,28.92478825,11663.86408
vid_000041_frame0000018.jpg,111.5927938,29.32242766,11951.90232
vid_000041_frame0000019.jpg,113.7182465,28.88447002,11534.7814
vid_000041_frame0000020.jpg,112.2567139,29.7898019,12041.16696
vid_000041_frame0000031.jpg,109.3360291,33.58637515,14373.52397
vid_000042_frame0000001.jpg,106.9267883,29.57999159,10846.433
vid_000042_frame0000002.jpg,107.8658193,28.86723817,10572.71354
vid_000042_frame0000003.jpg,107.3700816,29.18821616,10707.9426
vid_000042_frame0000005.jpg,106.0968933,28.78739644,10465.24665
vid_000042_frame0000006.jpg,105.5909729,29.3983765,10687.48441
vid_000042_frame0000007.jpg,105.7901255,28.87133439,10365.93597
vid_000042_frame0000011.jpg,108.298172,28.62596156,10435.47399
vid_000042_frame0000012.jpg,108.0234426,28.89535804,10681.11451
vid_000042_frame0000013.jpg,107.7237701,28.59530937,10272.27748
vid_000042_frame0000014.jpg,106.6303507,28.82212344,10591.58627
vid_000042_frame0000015.jpg,105.2883759,28.28012441,10394.01575
vid_000042_frame0000018.jpg,106.398234,28.94080176,10834.19675
vid_000042_frame0000019.jpg,106.8496297,28.28211886,10061.22329
vid_000042_frame0000020.jpg,106.9930623,29.13042757,10790.12657
vid_000042_frame0000021.jpg,109.617569,29.03613664,10442.7078
vid_000043_frame0000009.jpg,107.635615,34.06849653,11809.31387
vid_000043_frame0000010.jpg,105.8924764,33.73859482,11921.40148
vid_000043_frame0000011.jpg,105.5470174,33.95878627,12211.44987
vid_000043_frame0000012.jpg,103.5462036,34.80093334,13674.88504
vid_000043_frame0000013.jpg,104.1591136,34.82978451,13266.03272
vid_000043_frame0000014.jpg,105.7225291,33.76340429,11765.98042
vid_000043_frame0000015.jpg,108.0125275,34.08530288,11086.93968
vid_000044_frame0000017.jpg,81.02161153,30.44787072,10419.41628
vid_000044_frame0000018.jpg,79.97270203,30.68563537,10639.40255
vid_000044_frame0000019.jpg,81.03480021,30.52572847,10677.99853
vid_000044_frame0000020.jpg,80.78540039,30.84980762,10398.09472
vid_000044_frame0000021.jpg,80.5206604,30.62348713,10353.10115
vid_000045_frame0000002.jpg,99.13789876,29.61315606,10012.25295
vid_000045_frame0000003.jpg,99.03882853,28.55853467,10301.84385
vid_000045_frame0000004.jpg,99.18295288,28.40927274,10170.26131
vid_000045_frame0000005.jpg,99.54831441,28.3136155,10170.22163
vid_000045_frame0000011.jpg,99.91609701,28.45954173,10266.02367
vid_000045_frame0000017.jpg,100.2329356,28.42561272,10039.83059
vid_000045_frame0000018.jpg,99.79833984,28.51150696,10104.68269
vid_000045_frame0000019.jpg,100.1720378,28.40056042,10008.93031
vid_000045_frame0000020.jpg,99.54718526,28.40288539,9947.808688
vid_000045_frame0000033.jpg,96.54701742,28.21730561,10386.53937
vid_000045_frame0000034.jpg,96.7412262,28.53955379,10277.59738
vid_000045_frame0000035.jpg,96.78393555,28.90810608,10258.90121
vid_000045_frame0000036.jpg,95.66904195,28.57491196,10239.46438
vid_000045_frame0000037.jpg,95.51961772,28.65987863,10480.40483
vid_000045_frame0000039.jpg,96.48177083,29.26375217,10308.7023
vid_000045_frame0000044.jpg,99.35251363,29.39561013,10570.27401
vid_000045_frame0000045.jpg,99.17837524,29.82886371,10587.3709
vid_000045_frame0000046.jpg,98.98488363,30.24568327,10543.80504
vid_000045_frame0000054.jpg,96.36573792,28.36497196,10183.35971
vid_000045_frame0000055.jpg,96.18444824,28.32789923,10469.68986
vid_000045_frame0000056.jpg,95.829422,28.51748784,10394.56758
vid_000045_frame0000059.jpg,96.15295919,28.03318356,10395.63635
vid_000045_frame0000062.jpg,96.01062012,28.5030953,10684.01674
vid_000045_frame0000063.jpg,96.33266703,28.59370027,10526.51615
vid_000045_frame0000064.jpg,96.61597697,28.723255,10485.44187
vid_000045_frame0000065.jpg,97.06031799,28.6815031,10534.09344
vid_000045_frame0000066.jpg,96.89481608,28.51329032,10503.95082
vid_000045_frame0000067.jpg,97.75678507,28.68694664,10604.30265
vid_000046_frame0000003.jpg,109.2619425,27.91439503,10521.40615
vid_000046_frame0000007.jpg,107.1740926,27.78457212,10548.06779
vid_000046_frame0000008.jpg,106.1650391,27.98638193,10572.89729
vid_000046_frame0000016.jpg,113.7236989,28.30916281,10462.11344
vid_000046_frame0000017.jpg,114.0889537,28.19592306,10228.11434
vid_000047_frame0000001.jpg,104.0073293,34.97794239,13513.174
vid_000047_frame0000002.jpg,104.299118,34.60770269,13116.08752
vid_000047_frame0000003.jpg,103.504125,34.85010384,13321.36151
vid_000047_frame0000004.jpg,103.109436,35.02869404,13539.50199
vid_000047_frame0000005.jpg,102.970459,35.11371026,13441.29823
vid_000047_frame0000006.jpg,102.1953939,34.80403249,13243.25124
vid_000047_frame0000008.jpg,102.2778066,34.66367128,13233.50451
vid_000047_frame0000009.jpg,103.3906403,34.62294741,12906.24067
vid_000047_frame0000010.jpg,102.4360911,34.32557074,12972.31383
vid_000047_frame0000011.jpg,102.8867137,34.57255655,13107.31057
vid_000047_frame0000012.jpg,102.9216868,34.49551814,12730.01991
vid_000047_frame0000013.jpg,102.2685445,34.57904987,12976.60739
vid_000047_frame0000014.jpg,101.1951548,34.59132212,13150.33074
vid_000047_frame0000017.jpg,99.6968689,34.7836941,12964.98407
vid_000047_frame0000018.jpg,99.98677572,35.10787192,13161.2531
vid_000047_frame0000019.jpg,100.0433858,35.12956901,12872.61721
vid_000047_frame0000020.jpg,99.93480428,35.3365972,13082.97746
vid_000047_frame0000021.jpg,101.6611786,35.24441682,12992.93038
vid_000048_frame0000004.jpg,105.5190735,31.24658579,11519.14005
vid_000048_frame0000005.jpg,106.4436035,31.35695651,11676.20074
vid_000048_frame0000006.jpg,107.2276917,31.63371896,11592.06189
vid_000048_frame0000007.jpg,106.2012278,31.71579322,11782.07596
vid_000048_frame0000008.jpg,105.4779612,31.82515606,11937.0106
vid_000048_frame0000009.jpg,104.9584859,31.53295105,11666.49247
vid_000048_frame0000010.jpg,104.9364522,31.57627523,11764.4516
vid_000048_frame0000011.jpg,104.8815664,31.59915358,12008.46845
vid_000048_frame0000012.jpg,104.9877268,31.73336471,12176.14184
vid_000048_frame0000013.jpg,105.7919108,31.45730221,11845.63277
vid_000048_frame0000014.jpg,107.1490479,31.63409416,11836.52366
vid_000048_frame0000015.jpg,108.3045146,31.2465417,11558.09081
vid_000048_frame0000016.jpg,106.5801544,31.21349665,11484.06497
vid_000048_frame0000017.jpg,104.9993998,31.49688576,12198.82927
vid_000048_frame0000018.jpg,103.5368805,31.68644128,12262.00792
vid_000048_frame0000019.jpg,103.9261322,31.51255187,12049.2886
vid_000048_frame0000020.jpg,104.9649048,31.888686,11841.51721
vid_000048_frame0000021.jpg,106.5663757,31.81956009,12124.38865
vid_000048_frame0000022.jpg,106.7507528,32.01953339,12502.47106
vid_000048_frame0000023.jpg,105.9584605,31.71881556,12005.51659
vid_000048_frame0000025.jpg,105.0107218,31.92187655,12099.44576
vid_000048_frame0000026.jpg,107.4509379,32.15310558,12031.35541
vid_000048_frame0000027.jpg,111.632431,31.90053453,11839.6237
vid_000048_frame0000028.jpg,111.6451569,31.5972788,12044.03581
vid_000048_frame0000029.jpg,110.6501516,31.50474645,11918.31519
vid_000049_frame0000007.jpg,100.6257019,32.09804166,11024.95517
vid_000049_frame0000008.jpg,101.6581014,33.06780126,10927.62347
vid_000049_frame0000009.jpg,105.974116,40.36245424,13460.4809
vid_000049_frame0000010.jpg,99.56127421,33.80526269,11402.62805
vid_000049_frame0000011.jpg,96.85083516,31.89539521,11572.03399
vid_000049_frame0000012.jpg,98.59931437,34.53640439,11287.89842
vid_000049_frame0000013.jpg,100.2116343,38.15344145,12048.05956
vid_000049_frame0000017.jpg,95.73107402,32.49507754,11752.56428
vid_000050_frame0000005.jpg,106.4754333,37.0660978,12574.746
vid_000050_frame0000007.jpg,113.824117,38.03203504,11681.79388
vid_000050_frame0000008.jpg,107.7329508,36.61008889,11127.2333
vid_000050_frame0000009.jpg,106.5815023,37.45751622,12793.33657
vid_000050_frame0000010.jpg,107.3876394,38.60562322,13742.70983
vid_000050_frame0000011.jpg,110.0336711,39.48134608,13171.03504
vid_000050_frame0000012.jpg,109.1007894,40.88987984,14959.88873
vid_000050_frame0000013.jpg,109.8822225,42.95509956,17395.51196
vid_000050_frame0000014.jpg,108.2186686,43.08104142,17001.24025
vid_000050_frame0000015.jpg,111.1144969,43.61035491,17210.15463
vid_000050_frame0000023.jpg,102.1516266,37.39743004,13794.73584
vid_000050_frame0000024.jpg,101.3246714,37.13760879,14120.6475
vid_000052_frame0000035.jpg,121.7205658,37.28258693,14515.89457
vid_000052_frame0000041.jpg,125.8888652,39.825669,17980.43908
vid_000052_frame0000045.jpg,118.6815236,38.91846907,16670.85315
vid_000052_frame0000047.jpg,119.172938,39.74348182,17687.59409
vid_000052_frame0000049.jpg,120.8607839,39.3268669,16857.82999
vid_000052_frame0000051.jpg,123.6531881,41.56479573,17999.01219
vid_000052_frame0000052.jpg,126.0542704,43.27425173,19093.3057
vid_000052_frame0000054.jpg,126.2084045,45.52363464,20731.62959
vid_000052_frame0000056.jpg,129.360672,47.7932393,21753.2599
vid_000052_frame0000058.jpg,133.4677734,48.69825948,23472.42822
vid_000052_frame0000060.jpg,133.0831553,57.0284474,26109.23533
vid_000052_frame0000062.jpg,135.7984314,55.48160878,27884.03866
vid_000052_frame0000066.jpg,137.8364054,52.57529024,23819.67942
vid_000052_frame0000068.jpg,137.9854685,54.06305816,27949.40396
vid_000052_frame0000070.jpg,135.9723714,61.50580857,27566.72979
vid_000052_frame0000072.jpg,138.7391103,60.8753676,27104.99568
vid_000052_frame0000074.jpg,141.4335785,59.97917469,29817.64468
vid_000052_frame0000076.jpg,143.3063049,58.80250105,24954.74875
vid_000052_frame0000078.jpg,142.1663106,63.29627329,32563.78683
vid_000052_frame0000080.jpg,140.5513306,63.79266198,33055.07566
vid_000052_frame0000082.jpg,137.8754628,67.07829029,29028.37231
vid_000053_frame0000001.jpg,136.6766713,62.00546344,39403.15065
vid_000053_frame0000002.jpg,136.7939351,62.01605179,39436.04365
vid_000053_frame0000012.jpg,136.5953674,62.5292826,40746.2433
vid_000053_frame0000018.jpg,136.9607239,62.53892411,40521.051
vid_000053_frame0000035.jpg,137.2865245,62.38728012,40369.09625
vid_000053_frame0000040.jpg,137.3770192,62.15047327,39620.59387
vid_000054_frame0000018.jpg,130.8922221,50.08016585,24865.61723
vid_000054_frame0000020.jpg,130.2521159,49.4778051,23730.05125
vid_000054_frame0000024.jpg,130.9695435,50.09151231,24940.91543
vid_000055_frame0000055.jpg,107.9466451,65.04299734,28187.04569
vid_000063_frame0000021.jpg,120.1724599,58.75846169,29663.33613
vid_000063_frame0000026.jpg,118.2282613,59.8534398,28659.18768
vid_000063_frame0000030.jpg,119.6047007,59.61382593,31606.47493
vid_000063_frame0000040.jpg,123.1881104,58.37139158,30923.02808
vid_000063_frame0000044.jpg,124.4886576,58.97550606,33034.99639
vid_000068_frame0000001.jpg,116.6018321,34.50972984,14114.46876
vid_000068_frame0000015.jpg,111.7812856,34.25539993,14012.41509
vid_000068_frame0000016.jpg,112.2611084,34.39712665,14095.33253
vid_000069_frame0000001.jpg,122.7072601,40.37561679,18733.45446
vid_000069_frame0000002.jpg,122.7957611,39.67448279,17349.40953
vid_000069_frame0000003.jpg,123.0072174,40.47670668,18936.83919
vid_000069_frame0000004.jpg,123.3250326,40.76455554,19375.08564
vid_000069_frame0000005.jpg,123.3763275,40.41200945,18492.84658
vid_000069_frame0000006.jpg,123.0347137,39.14221177,16781.87288
vid_000069_frame0000007.jpg,123.7361908,39.62273541,17745.40191
vid_000069_frame0000008.jpg,122.9084371,40.0980603,18372.79232
vid_000069_frame0000009.jpg,122.3463796,39.8390856,18019.81943
vid_000069_frame0000010.jpg,121.6424611,40.92674347,19333.82025
vid_000069_frame0000060.jpg,121.9394531,45.00221231,22822.70132
vid_000069_frame0000070.jpg,121.6590474,44.94121858,23159.3789
vid_000072_frame0000020.jpg,136.6680145,34.93234631,13382.05377
vid_000073_frame0000053.jpg,115.6813507,31.10260339,13983.44433
vid_000073_frame0000055.jpg,119.0096588,31.98696353,14661.45911
vid_000073_frame0000056.jpg,119.6078949,31.367652,13262.83142
vid_000073_frame0000063.jpg,117.7888743,33.54609533,11833.47514
vid_000074_frame0000006.jpg,95.83760071,44.58543429,19676.98458
vid_000074_frame0000012.jpg,97.1101532,44.58353333,19844.44551
vid_000074_frame0000016.jpg,99.04535421,45.32177519,20503.08824
vid_000074_frame0000020.jpg,100.5671183,45.77667917,20687.31741
vid_000074_frame0000021.jpg,99.53172302,45.72924212,20676.4542
vid_000074_frame0000022.jpg,99.11206055,45.25516662,20358.18589
vid_000074_frame0000023.jpg,99.3551178,45.70465604,20257.48183
vid_000074_frame0000028.jpg,99.23719279,45.36964007,20356.68867
vid_000074_frame0000029.jpg,100.544871,45.52584385,19948.8592
vid_000074_frame0000030.jpg,103.9056396,46.25743455,20678.11659
vid_000074_frame0000031.jpg,103.5094655,46.08850343,20580.90156
vid_000074_frame0000032.jpg,102.4724375,46.01501334,20291.73358
vid_000074_frame0000033.jpg,102.6066132,46.16235026,20111.46719
vid_000074_frame0000034.jpg,101.335729,46.2983287,20177.56652
vid_000074_frame0000035.jpg,100.5174713,45.99239696,19862.61896
vid_000074_frame0000036.jpg,99.70934041,45.9688113,19534.0632
vid_000074_frame0000047.jpg,93.84970601,52.74078587,23746.73239
vid_000074_frame0000048.jpg,95.07089233,53.14320814,24619.45628
vid_000074_frame0000050.jpg,94.04192098,52.12522611,24860.45783
vid_000075_frame0000001.jpg,102.5208995,33.92361877,11923.21408
vid_000075_frame0000002.jpg,102.8620148,33.2806408,11017.47791
vid_000075_frame0000003.jpg,104.1621857,33.21118739,10824.3142
vid_000075_frame0000045.jpg,107.6769358,28.47129732,12509.78081
vid_000075_frame0000046.jpg,107.5367889,28.24949748,12328.75401
vid_000075_frame0000047.jpg,107.08225,28.58265176,12849.14661
vid_000075_frame0000048.jpg,107.1081441,33.43910495,11158.13903
vid_000075_frame0000049.jpg,107.6687368,33.75801486,11739.74185
vid_000075_frame0000050.jpg,107.3953756,34.10887575,12104.72405
vid_000075_frame0000058.jpg,111.383962,35.53072999,13751.13075
vid_000075_frame0000059.jpg,112.4679464,34.89530195,12733.28717
vid_000075_frame0000060.jpg,111.7525228,35.14622866,13126.11388
vid_000075_frame0000061.jpg,111.8373718,34.67562086,12864.97786
vid_000075_frame0000062.jpg,110.9344228,32.3387754,15099.86926
vid_000075_frame0000070.jpg,111.4982249,32.19420356,15309.27763
vid_000075_frame0000075.jpg,109.0346324,40.24032642,12647.16928
vid_000075_frame0000080.jpg,103.5787659,28.71604779,12234.1739
vid_000075_frame0000085.jpg,103.3314056,28.92648377,12602.5883
vid_000075_frame0000090.jpg,109.7593028,32.2255731,13540.0054
vid_000076_frame0000001.jpg,107.9497223,36.14248871,13136.56049
vid_000076_frame0000004.jpg,108.1697795,36.14154869,13088.26851
vid_000076_frame0000035.jpg,118.8509674,27.67694338,11696.88974
vid_000076_frame0000036.jpg,119.0232697,27.78546521,11730.20307
vid_000076_frame0000037.jpg,119.5495911,27.24415479,11737.19551
vid_000076_frame0000038.jpg,120.9028117,33.60430755,10791.24401
vid_000076_frame0000041.jpg,109.4592285,42.66103925,15983.98317
vid_000076_frame0000042.jpg,108.1847483,40.80930763,14841.28187
vid_000077_frame0000007.jpg,109.8970998,32.97792665,13347.78828
vid_000077_frame0000008.jpg,110.4486084,37.05745921,15858.92748
vid_000077_frame0000009.jpg,111.7045339,37.05541932,15623.32501
vid_000077_frame0000010.jpg,113.1307017,38.45976925,17736.40412
vid_000077_frame0000011.jpg,113.6048381,37.66164482,16194.36411
vid_000077_frame0000012.jpg,114.2282817,37.45002423,16418.66581
vid_000077_frame0000042.jpg,124.771108,40.63267552,13257.1251
vid_000077_frame0000050.jpg,128.9416656,30.09641844,11695.8354
vid_000077_frame0000051.jpg,120.0124003,30.92710985,11356.37744
vid_000078_frame0000032.jpg,118.0278778,36.3244706,15032.25135
vid_000078_frame0000033.jpg,117.4383698,35.11353968,14635.34402
vid_000079_frame0000008.jpg,98.60533142,32.26985213,12002.9984
vid_000079_frame0000010.jpg,100.0365957,32.93065823,12856.20844
vid_000079_frame0000011.jpg,99.3725942,33.95137815,14590.05008
vid_000079_frame0000012.jpg,96.98166911,34.17395443,15102.63942
vid_000079_frame0000013.jpg,96.12454732,33.28289508,13733.53131
vid_000079_frame0000014.jpg,96.91805522,34.47609105,15631.22243
vid_000079_frame0000018.jpg,106.7434031,33.05042152,12592.20492
vid_000079_frame0000019.jpg,106.3984222,33.86316292,12826.85198
vid_000079_frame0000090.jpg,112.7052104,33.5236891,11958.32794
vid_000079_frame0000097.jpg,112.8478088,33.14639103,11108.78811
vid_000079_frame0000101.jpg,111.1081645,31.93145944,11519.56422
vid_000079_frame0000110.jpg,110.7829488,31.8343778,11556.49506
vid_000079_frame0000111.jpg,108.3132375,32.13154666,12197.46726
vid_000079_frame0000115.jpg,107.7270508,32.63776192,12525.84698
vid_000079_frame0000118.jpg,113.6639252,33.47571749,12257.54468
vid_000079_frame0000120.jpg,111.1014659,32.54442333,12153.81761
vid_000079_frame0000121.jpg,109.2535248,32.43829294,12462.38864
vid_000079_frame0000126.jpg,113.9364115,31.85653675,11487.73848
vid_000079_frame0000127.jpg,111.6268005,32.05038387,11291.28598
vid_000080_frame0000037.jpg,108.5647278,34.07581674,13732.1103
vid_000080_frame0000045.jpg,109.4954325,33.7086768,11601.05793
vid_000080_frame0000046.jpg,109.9659424,33.94156846,12167.33696
vid_000080_frame0000051.jpg,106.2083689,33.35888441,11497.82795
vid_000080_frame0000052.jpg,106.6042531,33.37472638,11808.18522
vid_000080_frame0000054.jpg,106.4378764,33.68517607,12031.78513
vid_000080_frame0000055.jpg,107.5464325,33.93338774,12518.25842
vid_000080_frame0000056.jpg,109.5880025,34.04908406,11928.10684
vid_000080_frame0000057.jpg,109.4096934,34.43097232,12466.22665
vid_000080_frame0000058.jpg,109.4955037,34.4945297,12397.09906
vid_000080_frame0000059.jpg,109.6140849,34.56238838,11983.12946
vid_000080_frame0000060.jpg,109.0595805,34.63969718,12422.60825
vid_000080_frame0000061.jpg,108.719691,34.79103216,12452.15826
vid_000080_frame0000063.jpg,111.4506531,35.18285721,12025.61568
vid_000080_frame0000064.jpg,110.6660207,35.2734305,11940.57319
vid_000080_frame0000077.jpg,113.1384328,35.41151736,11377.89613
vid_000080_frame0000083.jpg,111.5756734,34.25385778,11588.09506
vid_000080_frame0000084.jpg,111.9063365,34.03410515,11117.53333
vid_000080_frame0000085.jpg,111.5355886,33.80400839,11317.5857
vid_000080_frame0000087.jpg,112.7344462,34.38600406,11435.49054
vid_000080_frame0000088.jpg,113.1344859,34.93265245,11516.21642
vid_000080_frame0000124.jpg,104.9581655,34.64017606,13725.80484
vid_000080_frame0000125.jpg,104.6971741,34.72980938,13947.84381
vid_000080_frame0000126.jpg,105.8895365,34.36735259,13137.77387
vid_000080_frame0000132.jpg,105.4929352,32.62469055,12231.72155
vid_000081_frame0000020.jpg,108.8736521,28.21938827,11251.99069
vid_000081_frame0000021.jpg,108.6393229,27.84755549,11036.31876
vid_000081_frame0000022.jpg,108.3403778,28.191515,11050.31155
vid_000081_frame0000023.jpg,108.6051636,28.14825695,11467.00877
vid_000081_frame0000026.jpg,110.1705068,28.87170383,11745.83599
vid_000081_frame0000029.jpg,110.2492625,28.40521839,11257.97232
vid_000081_frame0000030.jpg,107.7454732,29.23708595,12215.10661
vid_000081_frame0000031.jpg,106.4752655,29.81223212,13158.26015
vid_000081_frame0000032.jpg,104.9162292,29.91519779,13251.83991
vid_000081_frame0000033.jpg,106.402415,29.60908123,12954.05934
vid_000082_frame0000001.jpg,109.4340007,39.95130637,16311.87171
vid_000082_frame0000002.jpg,110.6940511,39.81616172,15942.94585
vid_000082_frame0000003.jpg,107.6064046,36.56947466,14896.41413
vid_000082_frame0000004.jpg,102.9548645,37.03787695,14982.40824
vid_000082_frame0000005.jpg,103.3751373,37.15153435,14965.81273
vid_000082_frame0000006.jpg,105.8902639,35.10623942,13305.67381
vid_000082_frame0000007.jpg,108.0871379,32.77141037,11372.74061
vid_000082_frame0000008.jpg,106.2333374,36.82999724,11997.68483
vid_000082_frame0000009.jpg,95.94378662,46.01379888,10668.70784
vid_000082_frame0000010.jpg,89.93281047,45.9163127,10637.12391
vid_000082_frame0000011.jpg,89.5914561,44.99990345,11203.90646
vid_000082_frame0000012.jpg,88.20526123,44.54292967,11105.46893
vid_000082_frame0000013.jpg,81.88914998,44.60767486,9366.693964
vid_000082_frame0000014.jpg,88.83294169,44.86963765,10001.92503
vid_000082_frame0000015.jpg,101.0007121,45.44313973,10255.9408
vid_000082_frame0000016.jpg,105.2201182,45.07813871,10455.48959
vid_000082_frame0000017.jpg,99.79341634,38.68280316,11402.5627
vid_000082_frame0000018.jpg,97.14214579,34.15893123,11815.90346
vid_000082_frame0000019.jpg,100.3458964,37.79047593,13675.62068
vid_000082_frame0000020.jpg,101.0216471,40.4668153,15714.52558
vid_000082_frame0000023.jpg,103.2113342,40.4106679,15568.22682
vid_000082_frame0000024.jpg,104.01474,40.6682663,15737.61692
vid_000082_frame0000025.jpg,104.2560018,40.58759051,15841.46599
vid_000082_frame0000026.jpg,103.7587992,38.31903215,13946.769
vid_000083_frame0000001.jpg,102.9633789,36.04322638,21917.47716
vid_000083_frame0000002.jpg,104.1955312,32.82500399,17043.42356
vid_000083_frame0000004.jpg,107.2482605,31.62042922,14971.85151
vid_000084_frame0000071.jpg,106.3088074,34.87750104,12668.32278
vid_000084_frame0000073.jpg,108.5208537,32.08748022,13455.05277
vid_000084_frame0000074.jpg,110.6021322,31.03507481,12914.64619
vid_000084_frame0000075.jpg,109.2276001,31.41273589,13208.00481
vid_000084_frame0000081.jpg,111.9930878,30.1229117,11493.07656
vid_000084_frame0000082.jpg,110.735494,29.81299362,11566.19221
vid_000084_frame0000092.jpg,109.9733429,29.91802896,12002.62948
vid_000084_frame0000096.jpg,108.8640645,30.12795377,12236.97744
vid_000084_frame0000097.jpg,107.5323232,30.35529563,12479.66673
vid_000084_frame0000098.jpg,107.3110555,29.97631351,12228.15635
vid_000084_frame0000124.jpg,104.9916992,32.36402756,14499.08984
vid_000085_frame0000008.jpg,116.0013021,33.28730839,12232.45188
vid_000085_frame0000009.jpg,110.643926,31.84975906,12275.30008
vid_000085_frame0000015.jpg,117.1265564,29.41372194,11385.4287
vid_000085_frame0000019.jpg,115.9492544,31.08596014,12426.62985
vid_000085_frame0000021.jpg,116.8149109,30.88760663,12203.42315
vid_000085_frame0000022.jpg,116.5920563,30.56876762,12436.82449
vid_000085_frame0000024.jpg,114.9444885,31.04276535,12225.75725
vid_000085_frame0000027.jpg,115.2642059,31.06940368,12226.91481
vid_000085_frame0000031.jpg,114.5086365,30.93308685,12022.69861
vid_000085_frame0000033.jpg,98.68205261,29.78214489,11540.13946
vid_000085_frame0000034.jpg,98.32627869,30.26212192,11853.87981
vid_000085_frame0000035.jpg,97.55304464,30.43780336,11775.68274
vid_000085_frame0000041.jpg,98.80636088,32.9502587,11386.87714
vid_000085_frame0000043.jpg,98.30999247,29.80941779,11869.09493
vid_000085_frame0000044.jpg,97.36746724,29.28156758,11759.45145
vid_000085_frame0000045.jpg,97.4978536,30.58877943,11785.41571
vid_000085_frame0000046.jpg,99.01778158,30.82588932,11862.01104
vid_000085_frame0000047.jpg,98.676946,30.04387899,11486.1768
vid_000086_frame0000009.jpg,108.7238617,29.22985643,10593.18516
vid_000086_frame0000011.jpg,104.730128,29.22590778,10827.04829
vid_000086_frame0000012.jpg,100.7627055,29.09519097,10826.25547
vid_000086_frame0000013.jpg,101.7214661,29.47614724,11267.33051
vid_000086_frame0000021.jpg,102.7314707,30.75310949,11492.1845
vid_000086_frame0000026.jpg,99.3631134,29.91081783,11343.36418
vid_000086_frame0000027.jpg,100.6464132,29.8639898,11178.14448
vid_000086_frame0000061.jpg,105.2007802,28.45145151,11708.96134
vid_000086_frame0000062.jpg,105.7227936,28.22418212,11003.35219
vid_000086_frame0000063.jpg,106.1035004,29.75041672,10738.15345
vid_000086_frame0000067.jpg,105.0716095,29.72692941,11127.79904
vid_000086_frame0000069.jpg,106.3817088,29.72397233,10825.1327
vid_000086_frame0000077.jpg,101.4744619,31.77642986,11299.7775
vid_000086_frame0000079.jpg,99.85894775,32.04346759,11395.28018
vid_000086_frame0000082.jpg,102.7777354,32.0111853,11314.08986
vid_000090_frame0000048.jpg,131.3433126,58.99868183,37480.43954
vid_000090_frame0000049.jpg,130.5237528,63.10271195,52000.55686
vid_000090_frame0000050.jpg,129.4670258,62.68495745,52209.23539
vid_000090_frame0000051.jpg,129.6369731,64.01901699,57018.04363
vid_000090_frame0000054.jpg,128.3731384,59.3136652,37899.3858
vid_000090_frame0000065.jpg,118.9866435,56.5274672,34686.95415
vid_000090_frame0000066.jpg,115.9343669,48.84000049,22399.49515
vid_000090_frame0000068.jpg,111.7246806,38.39789434,15495.4388
vid_000090_frame0000073.jpg,118.7447306,43.71886125,22667.27072
vid_000090_frame0000074.jpg,119.1615804,49.12602951,26242.18022
vid_000090_frame0000075.jpg,116.6902771,53.0281656,27454.99934
vid_000090_frame0000077.jpg,110.6178538,57.92317256,34700.60973
vid_000090_frame0000079.jpg,113.1657511,60.90322765,43935.92699
vid_000090_frame0000085.jpg,113.7199198,57.77943474,39485.09392
vid_000090_frame0000086.jpg,117.5957642,54.68113109,28831.25803
vid_000090_frame0000087.jpg,123.1384176,60.54894818,38018.45121
vid_000091_frame0000021.jpg,96.03648376,52.55387199,20789.08278
vid_000091_frame0000022.jpg,96.23961894,52.50074619,21162.56521
vid_000091_frame0000035.jpg,100.2835083,53.94595049,21413.74673
vid_000091_frame0000040.jpg,98.00203959,53.38980182,20636.04528
vid_000091_frame0000041.jpg,96.35345459,53.10017811,19877.06131
vid_000091_frame0000042.jpg,96.79229736,52.50899466,19399.16873
vid_000091_frame0000054.jpg,99.27013652,53.02641165,20343.51163
vid_000092_frame0000002.jpg,105.5319163,43.15194009,17217.77743
vid_000092_frame0000024.jpg,102.220281,45.8858107,19139.17175
vid_000092_frame0000049.jpg,108.5986226,43.44313382,16781.17508
vid_000098_frame0000017.jpg,101.6490784,27.48013592,11325.52855
vid_000098_frame0000018.jpg,101.1803436,27.50682867,11348.96887
vid_000098_frame0000020.jpg,99.72460429,28.18869376,11665.34564
vid_000098_frame0000021.jpg,100.1331024,27.69357381,11570.01156
vid_000099_frame0000007.jpg,147.9742025,48.37475487,20019.84179
vid_000099_frame0000009.jpg,147.8022868,48.80133705,21161.39048
vid_000099_frame0000012.jpg,147.1434174,48.45813641,19719.15595
vid_000099_frame0000017.jpg,146.3148499,48.60212051,16925.44251
vid_000099_frame0000019.jpg,146.0070801,49.32036613,15512.00302
vid_000099_frame0000021.jpg,143.5823008,53.82389572,23926.8996
vid_000099_frame0000022.jpg,144.5342306,51.68379228,20267.4799
vid_000101_frame0000005.jpg,174.8652039,48.69274909,13042.67232
vid_000101_frame0000006.jpg,178.8892619,49.28003919,14075.82074
vid_000101_frame0000007.jpg,182.7848562,49.40199316,13396.30715
vid_000101_frame0000008.jpg,185.9997253,49.96047418,14490.507
vid_000101_frame0000009.jpg,189.7416178,48.69470084,12862.48147
vid_000101_frame0000010.jpg,192.6739197,49.38032646,14174.255
vid_000101_frame0000011.jpg,196.398234,48.22876921,12941.00551
vid_000101_frame0000012.jpg,199.0970205,48.64694032,13122.22991
vid_000101_frame0000013.jpg,203.5485738,48.12380043,12091.4814
vid_000102_frame0000001.jpg,107.3327637,66.967047,50487.98987
vid_000102_frame0000002.jpg,107.5252482,66.96175605,49969.05558
vid_000102_frame0000003.jpg,107.287674,67.33155759,49300.97497
vid_000102_frame0000004.jpg,107.3598124,68.99472188,52328.09464
vid_000102_frame0000006.jpg,102.9217021,66.34229322,42268.84048
vid_000102_frame0000007.jpg,102.4611257,68.47333971,46732.33968
vid_000102_frame0000008.jpg,105.0905762,69.86234827,54100.09206
vid_000102_frame0000009.jpg,106.6370443,69.2869816,48282.97882
vid_000102_frame0000010.jpg,106.6512044,69.83253993,50727.76057
vid_000102_frame0000030.jpg,105.4255473,68.31661699,49421.90337
vid_000102_frame0000033.jpg,109.5967102,66.83420631,45287.17787
vid_000102_frame0000035.jpg,114.14505,73.97511125,71928.98135
vid_000103_frame0000004.jpg,126.8786062,58.81048785,35795.47195
vid_000103_frame0000005.jpg,125.8316701,57.16625405,30987.43322
vid_000103_frame0000006.jpg,125.6743418,56.72858705,29686.45809
vid_000103_frame0000007.jpg,123.0916239,58.11241391,33010.35748
vid_000104_frame0000007.jpg,128.0519002,48.00799952,15572.82358
vid_000105_frame0000006.jpg,78.37867228,69.09698437,35961.15802
vid_000105_frame0000007.jpg,77.90578206,73.58969673,54662.9986
vid_000105_frame0000008.jpg,79.45081584,73.24881145,49422.52668
vid_000105_frame0000009.jpg,81.23182678,71.38035296,38211.06522
vid_000105_frame0000010.jpg,80.80632528,75.74182344,44679.36331
vid_000105_frame0000011.jpg,80.68206787,76.17842662,46379.88783
vid_000105_frame0000012.jpg,80.80621847,77.78310077,49528.85481
vid_000105_frame0000013.jpg,81.20696004,76.69111615,40264.06988
vid_000105_frame0000014.jpg,83.13313293,72.36507628,23659.30976
vid_000105_frame0000017.jpg,85.58695984,79.92215226,42052.00951
vid_000105_frame0000023.jpg,88.48597209,82.38242735,42851.39052
vid_000105_frame0000030.jpg,89.46599833,84.1514457,46701.22935
vid_000105_frame0000033.jpg,89.4391276,82.28445481,38802.72346
vid_000105_frame0000037.jpg,87.38819885,81.35057022,41116.50547
vid_000105_frame0000039.jpg,82.9701945,76.1494303,50183.77615
vid_000105_frame0000040.jpg,80.44506327,72.07779146,45476.06833
vid_000105_frame0000042.jpg,80.95737203,75.6606809,57962.70115
vid_000105_frame0000044.jpg,81.08426921,76.02714234,59823.97904
vid_000106_frame0000009.jpg,83.02510071,55.308861,10157.29353
vid_000106_frame0000010.jpg,82.80938721,55.24624104,10021.2199
vid_000106_frame0000011.jpg,83.89664714,56.08678278,9887.263489
vid_000106_frame0000012.jpg,86.11977641,57.55990834,10140.39847
vid_000106_frame0000013.jpg,86.5549825,58.03774838,10110.19187
vid_000106_frame0000014.jpg,85.76296997,57.59064201,10312.81596
vid_000106_frame0000015.jpg,84.94761658,57.12016326,10338.5486
vid_000106_frame0000026.jpg,85.63220723,57.71779985,9638.961942
vid_000106_frame0000027.jpg,86.07447815,58.00649192,9623.679558
vid_000106_frame0000028.jpg,85.13555908,57.61702176,10165.65959
vid_000106_frame0000029.jpg,84.39309692,56.97371961,9902.767506
vid_000106_frame0000030.jpg,82.01194763,55.22812874,9931.170501
vid_000106_frame0000031.jpg,82.23065694,55.24924755,10174.62619
vid_000106_frame0000032.jpg,82.22907511,54.95418304,9975.77172
vid_000106_frame0000033.jpg,82.59531148,55.17583734,10069.31009
vid_000106_frame0000034.jpg,81.48396301,54.53668693,10722.47063
vid_000106_frame0000035.jpg,81.33147685,54.14932112,10487.39054
vid_000106_frame0000036.jpg,81.58189901,54.19920375,10326.21414
vid_000107_frame0000001.jpg,73.67339071,57.98340672,19928.39707
vid_000107_frame0000003.jpg,74.62793477,58.45062555,18635.98927
vid_000107_frame0000005.jpg,75.1797231,59.31319068,19411.82404
vid_000107_frame0000007.jpg,75.51303609,59.61354206,19710.86357
vid_000107_frame0000010.jpg,77.01590474,60.32026238,20453.53428
vid_000107_frame0000012.jpg,78.3301239,61.04533854,20434.31927
vid_000107_frame0000014.jpg,79.03767904,61.76259415,20623.78397
vid_000108_frame0000008.jpg,90.8012797,65.98123002,13294.51742
vid_000108_frame0000009.jpg,90.20837911,65.40263588,12291.74163
vid_000108_frame0000010.jpg,90.31336975,65.6883721,13126.16118
vid_000108_frame0000011.jpg,90.27240499,65.50933996,12815.46574
vid_000108_frame0000012.jpg,90.64490255,66.06859969,13543.47455
vid_000108_frame0000013.jpg,90.79321289,65.87637097,12529.3729
vid_000108_frame0000023.jpg,96.40608724,71.74967547,16838.67296
vid_000108_frame0000024.jpg,96.07070414,71.43822374,16526.47799
vid_000108_frame0000025.jpg,94.22121175,70.25008822,16558.34707
vid_000108_frame0000026.jpg,92.97026571,69.3257395,16112.63338
vid_000108_frame0000027.jpg,92.77469889,69.17330759,16465.71467
vid_000108_frame0000028.jpg,93.29020182,69.67207518,17033.56535
vid_000108_frame0000029.jpg,91.55436198,67.95767327,15873.78717
vid_000108_frame0000030.jpg,92.61877441,69.57631704,16225.35004
vid_000108_frame0000031.jpg,93.2656606,70.17532957,16799.5358
vid_000108_frame0000038.jpg,100.0380503,79.35616428,18967.82975
vid_000108_frame0000039.jpg,97.03674316,78.47764255,21973.09122
vid_000109_frame0000004.jpg,65.99214681,59.42415574,17399.9108
vid_000109_frame0000017.jpg,66.06149801,48.598023,10750.50458
vid_000109_frame0000018.jpg,65.73066203,48.70337802,11397.92009
vid_000109_frame0000019.jpg,64.8073171,48.68538603,11982.24934
vid_000109_frame0000020.jpg,64.54699707,48.44912053,11649.68347
vid_000109_frame0000021.jpg,65.06311035,48.3217924,11533.88498
vid_000110_frame0000018.jpg,128.2607473,32.64514005,8506.861736
vid_000111_frame0000007.jpg,125.9546712,31.31712631,8220.401089
vid_000111_frame0000008.jpg,124.3474935,35.14450782,9892.576527
vid_000111_frame0000009.jpg,124.4241536,33.62813549,8602.100573
vid_000111_frame0000010.jpg,122.2621867,34.74863677,10603.15147
vid_000111_frame0000011.jpg,122.5210063,35.00093595,10118.66308
vid_000111_frame0000012.jpg,121.1141612,32.94318042,10151.84263
vid_000111_frame0000013.jpg,119.5299174,30.35665947,8810.572624
vid_000112_frame0000005.jpg,137.2047373,70.49186951,35654.78786
vid_000112_frame0000015.jpg,140.9230042,50.94284258,15702.00173
vid_000112_frame0000016.jpg,142.6396179,52.70522996,16134.81759
vid_000112_frame0000017.jpg,142.8415578,53.89893214,17104.79093
vid_000112_frame0000018.jpg,143.4714559,55.48225095,20334.86882
vid_000112_frame0000019.jpg,142.8867747,54.49371584,18834.1391
vid_000112_frame0000020.jpg,142.7425435,55.38025613,20003.45457
vid_000112_frame0000030.jpg,137.9752706,65.94169314,25503.26655
vid_000112_frame0000031.jpg,129.0733693,68.19586489,33330.56576
vid_000112_frame0000032.jpg,125.2452698,68.55757341,36116.20548
vid_000112_frame0000033.jpg,128.4630737,68.50014434,34457.12635
vid_000112_frame0000034.jpg,134.5814362,69.07198961,34285.7993
vid_000112_frame0000035.jpg,140.671758,58.49511907,19329.08483
vid_000112_frame0000036.jpg,146.466685,57.47122542,18074.8545
vid_000112_frame0000038.jpg,138.9976959,61.57677945,18776.31981
vid_000112_frame0000039.jpg,146.3976491,56.73291594,16106.2395
vid_000112_frame0000040.jpg,149.6719971,58.75201784,18662.58923
vid_000112_frame0000041.jpg,149.5967102,59.18372482,19814.88859
vid_000112_frame0000042.jpg,149.992218,58.97160622,18501.13077
vid_000112_frame0000043.jpg,150.5662384,58.62307831,18080.09597
vid_000112_frame0000044.jpg,151.3351949,55.45850441,14519.30406
vid_000112_frame0000045.jpg,151.7014262,54.43378848,12754.37331
vid_000112_frame0000056.jpg,132.6642405,66.24564941,30278.3293
vid_000112_frame0000057.jpg,129.6223297,66.83882089,33346.71857
vid_000112_frame0000058.jpg,129.088618,65.47839275,31953.03552
vid_000115_frame0000040.jpg,109.2453918,54.09959067,14767.09979
vid_000115_frame0000041.jpg,119.2210795,58.58287237,16670.53341
vid_000115_frame0000050.jpg,129.9883474,70.498133,30343.42395
vid_000116_frame0000001.jpg,100.3485311,30.32190351,9666.652207
vid_000116_frame0000002.jpg,100.2669932,30.05050525,9367.206999
vid_000116_frame0000003.jpg,99.57511393,30.74657628,9994.712724
vid_000116_frame0000020.jpg,95.91127523,32.84006967,11059.30962
vid_000116_frame0000021.jpg,96.16022746,32.8568539,10976.44618
vid_000116_frame0000029.jpg,95.21918233,34.46746367,11204.10819
vid_000116_frame0000030.jpg,94.71961466,34.76903567,11598.07733
vid_000116_frame0000032.jpg,107.5457509,42.07222245,11645.55794
vid_000116_frame0000041.jpg,101.4086405,39.6766522,10912.1488
vid_000116_frame0000066.jpg,99.93557739,42.89076066,13328.04632
vid_000117_frame0000011.jpg,113.4714864,32.72967288,11621.40777
vid_000117_frame0000013.jpg,113.9309082,32.65573426,11396.68933
vid_000117_frame0000014.jpg,114.0459035,30.68001532,9108.033394
vid_000117_frame0000016.jpg,114.9411469,31.60088184,10432.80968
vid_000117_frame0000018.jpg,113.1821645,32.86897784,11841.68001
vid_000119_frame0000001.jpg,127.1507772,31.94907447,9533.158066
vid_000119_frame0000003.jpg,129.0980428,31.39547375,8954.384499
vid_000119_frame0000004.jpg,127.4489899,33.13394558,10925.0254
vid_000119_frame0000017.jpg,123.8148193,31.75672581,9747.580552
vid_000119_frame0000018.jpg,122.4357656,31.99937906,10156.55353
vid_000122_frame0000022.jpg,126.0534363,62.26686158,10370.97634
vid_000123_frame0000023.jpg,110.1507619,53.33140816,9107.38784
vid_000123_frame0000024.jpg,113.4629466,54.91207035,9691.892117
vid_000123_frame0000025.jpg,117.2125397,55.39214816,9353.783227
vid_000123_frame0000026.jpg,117.485021,55.08107538,9214.67908
vid_000123_frame0000027.jpg,117.2006124,55.38517221,9269.891454
vid_000123_frame0000028.jpg,118.0035604,55.44523514,9471.875577
vid_000123_frame0000029.jpg,120.8325094,54.98246007,8793.58447
vid_000123_frame0000030.jpg,122.8222198,55.44014039,9840.616356
vid_000123_frame0000043.jpg,113.2082113,53.61739149,8542.477481
vid_000123_frame0000044.jpg,115.6764984,54.8649891,8702.337196
vid_000126_frame0000013.jpg,110.3068848,48.95172314,9366.523561
vid_000126_frame0000014.jpg,108.0152334,48.81105823,9481.204967
vid_000126_frame0000015.jpg,109.2836304,49.65585091,9292.358135
vid_000126_frame0000025.jpg,108.4436747,45.56729896,10446.54572
vid_000127_frame0000035.jpg,106.9771729,37.09745077,9357.099758
vid_000127_frame0000036.jpg,110.659139,39.1424005,9303.995334
vid_000127_frame0000037.jpg,110.7186788,40.9229925,9397.977193
vid_000132_frame0000014.jpg,110.6067352,39.10486922,13507.56932
vid_000132_frame0000015.jpg,112.2070109,39.33695489,12962.94257
vid_000132_frame0000016.jpg,114.3630473,40.64988561,13904.86409
vid_000132_frame0000040.jpg,124.7880859,53.75804586,21688.26397
vid_000132_frame0000041.jpg,121.5854136,53.58846974,20806.95808
vid_000132_frame0000044.jpg,112.2822723,42.95940321,12528.76119
vid_000132_frame0000045.jpg,115.5299988,44.05190632,14691.43445
vid_000132_frame0000046.jpg,120.201945,44.82435554,13056.72423
vid_000132_frame0000047.jpg,125.5073649,48.5050371,15575.2409
vid_000132_frame0000048.jpg,124.8767344,48.43055213,15018.2402
vid_000132_frame0000049.jpg,125.0371501,48.14043665,12948.91942
vid_000132_frame0000050.jpg,124.7243093,48.6048585,12610.12419
vid_000132_frame0000051.jpg,120.9315847,45.69011115,9635.806049
vid_000132_frame0000092.jpg,124.1081289,41.91746576,11339.88388
vid_000132_frame0000093.jpg,117.0489095,41.27958292,12220.71286
vid_000132_frame0000094.jpg,113.1800842,40.29013366,12770.08047
vid_000132_frame0000098.jpg,113.8549601,41.13520973,16214.0156
vid_000132_frame0000099.jpg,118.8831177,42.61053454,15215.46782
vid_000132_frame0000100.jpg,121.700592,45.0614175,15390.41448
vid_000132_frame0000101.jpg,122.2713064,44.79210293,14445.81958
vid_000132_frame0000111.jpg,126.6042379,48.846236,15542.26607
vid_000132_frame0000112.jpg,123.9156036,49.72346024,16735.31055
vid_000138_frame0000014.jpg,111.4658559,77.54257118,15524.68954
vid_000138_frame0000017.jpg,110.169337,76.64358042,15447.04857
vid_000138_frame0000018.jpg,109.5348765,76.40049961,15711.9406
vid_000138_frame0000019.jpg,109.7825216,76.49346294,15338.17001
vid_000138_frame0000020.jpg,109.1432699,76.19606081,15610.93919
vid_000138_frame0000021.jpg,109.8577423,76.38226734,15782.23182
vid_000138_frame0000022.jpg,110.1826935,76.18462076,15347.24416
vid_000138_frame0000023.jpg,110.2860972,75.99090268,15105.93163
vid_000138_frame0000024.jpg,109.8558757,75.60869147,16143.78425
vid_000138_frame0000027.jpg,107.8720347,76.49373245,15988.8934
vid_000138_frame0000028.jpg,107.9187419,75.56294977,16064.63228
vid_000139_frame0000005.jpg,128.67158,40.64169591,9396.349745
vid_000139_frame0000006.jpg,136.7552338,45.21875316,10493.70256
vid_000139_frame0000007.jpg,134.2301483,42.25371317,10323.81577
vid_000139_frame0000008.jpg,133.7353058,40.65230566,10095.24457
vid_000139_frame0000009.jpg,133.0695394,41.00717617,9966.879285
vid_000139_frame0000010.jpg,132.743337,42.20627453,11704.67717
vid_000139_frame0000011.jpg,132.7880758,42.41560931,12242.73358
vid_000139_frame0000012.jpg,132.8097839,42.91677552,12378.19306
vid_000139_frame0000013.jpg,133.0431976,42.7312737,11920.7124
vid_000139_frame0000014.jpg,132.5746307,42.63098669,12578.1723
vid_000139_frame0000015.jpg,132.6763255,42.27301105,12508.18535
vid_000139_frame0000026.jpg,134.113383,37.30730211,10548.13317
vid_000140_frame0000001.jpg,121.206131,32.04920476,9454.330743
vid_000140_frame0000023.jpg,120.9959717,35.6341159,12298.08757
vid_000140_frame0000024.jpg,121.1929983,35.75356303,12362.20606
vid_000140_frame0000025.jpg,121.2144725,35.79544013,12264.99586
vid_000140_frame0000026.jpg,120.1904449,35.55036371,12003.08936
vid_000140_frame0000027.jpg,120.8133494,35.66305173,12249.62641
vid_000140_frame0000028.jpg,121.1424561,35.83616218,12184.97783
vid_000140_frame0000029.jpg,121.0238444,35.84516914,11968.3891
vid_000140_frame0000030.jpg,120.8391012,35.86179853,12403.8235
vid_000140_frame0000031.jpg,120.0521444,34.94892,11905.96445
vid_000140_frame0000032.jpg,118.9507294,33.17891946,11137.2866
vid_000140_frame0000036.jpg,125.9584605,40.58773066,9181.605288
vid_000140_frame0000038.jpg,127.3577067,50.54087516,9823.99912
vid_000140_frame0000039.jpg,125.2411245,48.99176143,9613.669484
vid_000141_frame0000001.jpg,116.4061686,52.94622517,16873.7423
vid_000141_frame0000012.jpg,118.7107798,60.25711009,18673.47377
vid_000141_frame0000013.jpg,111.5898336,69.21815044,23168.08866
vid_000141_frame0000014.jpg,111.3371887,70.48451602,25373.33574
vid_000142_frame0000001.jpg,141.674057,51.14289264,17994.56132
vid_000142_frame0000002.jpg,141.8399556,51.4579549,17690.54012
vid_000142_frame0000003.jpg,139.1127777,50.89586387,15531.05527
vid_000142_frame0000004.jpg,139.5443929,51.37790399,18241.95945
vid_000142_frame0000005.jpg,140.0462952,51.43079408,18179.61286
vid_000142_frame0000016.jpg,147.4858856,51.28717374,24599.37552
vid_000142_frame0000017.jpg,146.9868368,51.53685205,25222.9039
vid_000142_frame0000018.jpg,146.9066111,51.76486156,26046.67219
vid_000142_frame0000025.jpg,148.1368866,51.75614743,25234.44155
vid_000142_frame0000026.jpg,147.7057495,51.3463491,24549.25492
vid_000142_frame0000027.jpg,147.4718068,51.39121417,24934.58535
vid_000142_frame0000028.jpg,147.3339081,51.68006623,25691.58604
vid_000142_frame0000029.jpg,147.9485067,51.2810846,24182.24131
vid_000142_frame0000030.jpg,146.9157511,51.44178669,25333.24233
vid_000142_frame0000031.jpg,147.547465,51.6665306,25422.24194
vid_000142_frame0000033.jpg,148.146932,50.93287477,23415.07556
vid_000142_frame0000034.jpg,147.3291372,51.7100681,25533.30972
vid_000142_frame0000035.jpg,148.4966532,50.52381793,21790.9089
vid_000142_frame0000036.jpg,148.1128286,50.58865984,20545.99686
vid_000142_frame0000037.jpg,148.4746043,51.71444701,22947.59658
vid_000142_frame0000038.jpg,148.1706136,52.64340045,24493.61683
vid_000142_frame0000039.jpg,147.1850535,48.98804365,17942.28341
vid_000142_frame0000093.jpg,152.6085103,39.5575173,10792.08843
vid_000142_frame0000095.jpg,152.2588806,41.52349724,12938.7201
vid_000142_frame0000096.jpg,152.5381673,41.07972853,12434.69871
vid_000142_frame0000100.jpg,141.8412832,56.67056259,28680.05855
vid_000142_frame0000101.jpg,143.1700236,50.02233919,19178.85675
vid_000142_frame0000102.jpg,141.5093282,55.56010454,31257.47374
vid_000142_frame0000103.jpg,141.4829102,51.73023875,23292.96234
vid_000142_frame0000104.jpg,141.8212636,56.01877997,32106.55721
vid_000142_frame0000105.jpg,142.100057,56.14040981,32523.30812
vid_000142_frame0000106.jpg,141.786499,54.67876986,29072.00948
vid_000142_frame0000107.jpg,150.2882284,46.51649673,13833.06238
vid_000142_frame0000108.jpg,146.5901845,47.76529995,15923.86058
vid_000142_frame0000109.jpg,142.4270782,50.39093702,19060.09804
vid_000142_frame0000110.jpg,141.9138896,50.88795271,19926.98685
vid_000142_frame0000111.jpg,139.9206492,41.95357885,11609.31819
vid_000142_frame0000112.jpg,137.3569794,37.3436047,10281.99635
vid_000142_frame0000113.jpg,141.5047251,37.54859818,10235.90651
vid_000142_frame0000123.jpg,140.4929962,39.99635034,12133.41047
vid_000142_frame0000124.jpg,143.7187754,48.88682928,16248.99367
vid_000143_frame0000001.jpg,115.597819,60.58823011,18455.57496
vid_000143_frame0000012.jpg,113.7655843,58.42354934,17878.17192
vid_000143_frame0000013.jpg,113.3737895,60.2115279,18290.72781
vid_000143_frame0000014.jpg,112.7630005,60.77567358,19573.99473
vid_000143_frame0000015.jpg,113.3806152,60.00959853,18573.92052
vid_000143_frame0000016.jpg,113.7488149,57.82263971,16751.22142
vid_000143_frame0000017.jpg,113.376241,56.40285541,16911.28557
vid_000143_frame0000018.jpg,113.6111043,56.29552154,17175.9843
vid_000143_frame0000019.jpg,113.6813812,53.71579844,15218.14845
vid_000143_frame0000020.jpg,113.3256683,53.37250645,16200.35031
vid_000143_frame0000031.jpg,114.724823,57.23223665,17565.79353
vid_000143_frame0000038.jpg,114.6404114,59.92569276,18369.22616
vid_000143_frame0000039.jpg,113.4614665,60.08016081,18322.72809
vid_000143_frame0000041.jpg,112.8105977,59.70833502,18018.73637
vid_000143_frame0000044.jpg,105.9816335,64.19527331,18378.39004
vid_000143_frame0000047.jpg,102.7725983,64.74854826,19122.00187
vid_000143_frame0000048.jpg,102.7078094,65.04392107,18930.82584
vid_000143_frame0000049.jpg,102.9873098,64.90313535,18088.53275
vid_000143_frame0000050.jpg,103.3133291,65.22991825,18789.79688
vid_000143_frame0000051.jpg,104.2589874,65.53647115,19093.96744
vid_000143_frame0000052.jpg,104.4455566,65.76389897,18776.41921
vid_000143_frame0000053.jpg,105.3521067,67.02142992,19253.64641
vid_000143_frame0000057.jpg,114.3162791,65.17054605,17700.61901
vid_000143_frame0000058.jpg,112.1974284,64.52747387,17758.7252
vid_000143_frame0000059.jpg,110.7823435,64.96370411,17755.03498
vid_000143_frame0000060.jpg,115.9813232,63.88609173,16158.92473
vid_000143_frame0000061.jpg,117.3184052,65.13268812,17617.40933
vid_000143_frame0000064.jpg,113.6234487,65.92509625,18114.90209
vid_000143_frame0000065.jpg,111.7086436,65.68296281,18393.33654
vid_000143_frame0000066.jpg,113.396403,65.44371717,16887.57797
vid_000143_frame0000067.jpg,121.5445557,63.68484593,16924.62803
vid_000143_frame0000074.jpg,118.1069539,63.21163259,17012.09411
vid_000144_frame0000001.jpg,121.9272308,45.35528533,11356.5992
vid_000144_frame0000002.jpg,122.9627635,45.25759731,11016.85226
vid_000144_frame0000003.jpg,121.8481801,40.0387779,11061.8357
vid_000144_frame0000004.jpg,121.6922862,38.85717303,14639.93829
vid_000144_frame0000005.jpg,121.8098195,39.15481163,15576.99504
vid_000144_frame0000006.jpg,121.720459,38.66582973,14617.40424
vid_000144_frame0000007.jpg,122.4131266,37.22788561,13152.0129
vid_000144_frame0000008.jpg,121.884903,38.18609017,14674.54539
vid_000144_frame0000009.jpg,120.9678345,35.5985325,11790.45746
vid_000144_frame0000020.jpg,122.2009684,33.58937164,11535.754
vid_000144_frame0000021.jpg,123.2528788,32.48986419,10232.03755
vid_000144_frame0000022.jpg,123.2586212,35.72068534,13961.73389
vid_000144_frame0000023.jpg,123.3948822,34.72057149,12510.62921
vid_000144_frame0000024.jpg,122.2963104,33.70840859,11593.81644
vid_000144_frame0000025.jpg,120.875885,35.25272825,13335.33442
vid_000144_frame0000026.jpg,120.569341,33.23258931,10264.66391
vid_000144_frame0000027.jpg,118.6595205,32.9901183,9971.232048
vid_000144_frame0000028.jpg,118.8569946,37.33453753,14777.75617
vid_000144_frame0000029.jpg,119.9304657,37.84788091,14821.61266
vid_000144_frame0000030.jpg,119.8250987,38.24781202,15295.60473
vid_000144_frame0000046.jpg,120.3187307,40.52162314,15929.93492
vid_000144_frame0000047.jpg,119.9744314,40.85594988,17254.48619
vid_000144_frame0000048.jpg,119.9476827,41.51831459,18281.90555
vid_000144_frame0000049.jpg,121.2194722,39.5336863,14639.16897
vid_000144_frame0000050.jpg,120.5180155,42.29971478,18428.21957
vid_000144_frame0000051.jpg,119.3581696,42.298253,18436.02826
vid_000145_frame0000002.jpg,118.2740377,66.98659709,15079.62354
vid_000145_frame0000013.jpg,118.2976685,67.02913307,15135.43907
vid_000145_frame0000014.jpg,118.2507833,67.11339106,15608.87794
vid_000145_frame0000071.jpg,118.0507863,70.4242311,18116.75705
vid_000145_frame0000072.jpg,119.2529907,72.3897733,16359.07234
vid_000145_frame0000073.jpg,112.9336802,74.2525331,18053.7107
vid_000145_frame0000074.jpg,109.4175415,74.3664694,16339.36161
vid_000145_frame0000075.jpg,106.6007029,73.56057334,16217.46114
vid_000145_frame0000076.jpg,106.8979289,72.24282325,15009.11222
vid_000145_frame0000077.jpg,108.4958801,70.94104618,13831.04568
vid_000145_frame0000078.jpg,110.3088125,70.13284932,12644.95368
vid_000145_frame0000079.jpg,102.7549896,62.53218095,11393.50031
vid_000145_frame0000080.jpg,105.8093465,59.30187793,10981.28479
vid_000146_frame0000010.jpg,115.5511322,46.42675153,9931.025081
vid_000146_frame0000011.jpg,114.3274536,45.6223309,9750.874644
vid_000146_frame0000012.jpg,115.6332143,45.94485214,10188.16628
vid_000146_frame0000013.jpg,117.0341644,45.8725452,9945.810907
vid_000146_frame0000014.jpg,118.7479655,49.58083482,10152.41693
vid_000146_frame0000015.jpg,118.5860596,50.25983338,11008.44582
vid_000146_frame0000016.jpg,116.4771118,49.75991937,10706.16959
vid_000146_frame0000017.jpg,113.5466715,48.42559139,10618.57653
vid_000146_frame0000020.jpg,111.7472382,46.10226098,10118.20881
vid_000146_frame0000021.jpg,110.2831523,44.81612706,9645.571659
vid_000146_frame0000022.jpg,109.3114878,44.41036608,9754.589461
vid_000146_frame0000023.jpg,109.6977539,43.71820967,9637.620756
vid_000146_frame0000024.jpg,109.0806936,43.46747614,9926.54245
vid_000146_frame0000025.jpg,108.6055044,42.99501183,9623.44231
vid_000146_frame0000026.jpg,107.614858,42.63059961,9676.337616
vid_000148_frame0000012.jpg,87.26896159,43.03951189,12747.60657
vid_000148_frame0000013.jpg,86.5569814,41.88729642,12106.27797
vid_000148_frame0000014.jpg,87.21354675,42.4061155,11962.96153
vid_000148_frame0000015.jpg,83.50958761,36.27451479,8993.293024
vid_000148_frame0000016.jpg,88.30106608,38.74193604,9297.840997
vid_000148_frame0000017.jpg,92.21977234,44.32008016,12563.57359
vid_000148_frame0000018.jpg,92.10452779,44.16573268,13104.82373
vid_000148_frame0000019.jpg,92.45319621,44.08906865,12850.44137
vid_000148_frame0000040.jpg,100.0730438,30.57986666,9483.034385
vid_000148_frame0000041.jpg,100.9446615,30.79827779,9590.535791
vid_000148_frame0000042.jpg,103.4018097,26.7781633,8527.199676
vid_000148_frame0000043.jpg,102.9473114,27.16811742,8625.897809
vid_000148_frame0000058.jpg,103.4257711,42.71138054,13523.28524
vid_000148_frame0000059.jpg,103.074351,41.7177913,12652.83206
vid_000148_frame0000060.jpg,102.7344716,40.88792105,11090.56892
vid_000148_frame0000061.jpg,102.8742574,42.23871092,12733.00918
vid_000148_frame0000062.jpg,102.9090118,42.52593976,13209.32646
vid_000148_frame0000068.jpg,102.6121216,40.73555385,11965.39625
vid_000148_frame0000069.jpg,102.310552,41.00030441,12656.89376
vid_000148_frame0000070.jpg,102.0193278,41.18220763,12249.76649
vid_000148_frame0000071.jpg,101.9420166,42.15497305,13674.5222
vid_000148_frame0000072.jpg,102.3905131,41.93152287,12854.52209
vid_000148_frame0000073.jpg,102.088501,42.89158484,14417.32055
vid_000148_frame0000074.jpg,102.6968791,41.55787375,12740.85605
vid_000148_frame0000075.jpg,102.6430969,42.66354904,13578.73873
vid_000148_frame0000076.jpg,102.8501892,41.72283256,11950.09119
vid_000148_frame0000077.jpg,102.3534495,43.15259401,14419.89403
vid_000149_frame0000007.jpg,100.2663676,37.32624039,11476.18256
vid_000149_frame0000023.jpg,104.6370951,36.95903433,11563.21502
vid_000149_frame0000024.jpg,105.2393951,37.5778303,11901.00696
vid_000149_frame0000025.jpg,105.2508036,37.30264085,11540.92517
vid_000150_frame0000001.jpg,114.53803,64.00014113,34459.33689
vid_000150_frame0000002.jpg,114.1529694,63.49369498,32990.56249
vid_000150_frame0000003.jpg,114.1794078,63.54329028,32598.34162
vid_000150_frame0000004.jpg,113.8084157,63.63958939,32639.95715
vid_000150_frame0000005.jpg,113.320516,63.03340064,30924.50194
vid_000150_frame0000022.jpg,110.9654795,63.47404373,32663.7623
vid_000150_frame0000023.jpg,110.5355428,61.30163646,27832.76297
vid_000150_frame0000031.jpg,99.19380188,70.62710889,31077.07044
vid_000150_frame0000032.jpg,95.53541565,68.64285572,31499.21573
vid_000150_frame0000033.jpg,95.15275065,68.14141131,31700.77578
vid_000150_frame0000034.jpg,95.37197876,69.32523442,32561.53893
vid_000150_frame0000035.jpg,96.68845622,69.65799789,30994.75366
vid_000150_frame0000036.jpg,96.80658976,68.58626229,28545.66438
vid_000150_frame0000037.jpg,97.80274963,69.20738616,30291.0081
vid_000150_frame0000038.jpg,98.04337565,69.1625606,31497.19121
vid_000150_frame0000046.jpg,99.49723307,68.0683427,29757.08701
vid_000152_frame0000001.jpg,66.51460775,56.0587827,20971.61843
vid_000152_frame0000002.jpg,66.66045125,55.96377729,20840.65579
vid_000152_frame0000003.jpg,66.17978414,56.05967622,21101.83053
vid_000152_frame0000004.jpg,65.95306396,55.96683769,20458.36618
vid_000152_frame0000005.jpg,66.47843933,55.95865325,20695.87388
vid_000152_frame0000006.jpg,66.87702942,55.72742136,21044.00425
vid_000152_frame0000026.jpg,71.19927979,49.44170197,17177.28363
vid_000152_frame0000027.jpg,74.46188354,41.71253235,13220.78654
vid_000152_frame0000028.jpg,77.69069417,34.20979689,9744.612553
vid_000153_frame0000001.jpg,86.15964254,36.40836864,8361.581092
vid_000153_frame0000002.jpg,86.36697388,35.47366666,7778.957144
vid_000153_frame0000013.jpg,81.99010722,27.8926424,7628.719297
vid_000154_frame0000001.jpg,78.01080322,28.09745061,7607.679015
vid_000154_frame0000006.jpg,81.59460449,28.28121856,8008.641906
vid_000154_frame0000007.jpg,82.61464437,28.57927933,7937.102035
vid_000154_frame0000008.jpg,82.45300293,29.14893269,8100.964403
vid_000154_frame0000011.jpg,80.96194458,30.2074145,8240.931377
vid_000156_frame0000021.jpg,147.7104594,51.06643158,8692.440819
vid_000156_frame0000022.jpg,147.2213287,51.16232536,8766.108772
vid_000156_frame0000023.jpg,147.5318247,51.30170924,8643.313829
vid_000156_frame0000024.jpg,147.8428345,51.47785674,8855.501246
vid_000156_frame0000025.jpg,148.2101542,51.5578508,8796.778632
vid_000156_frame0000026.jpg,148.9526622,51.77217236,8773.414163
vid_000156_frame0000027.jpg,149.9441884,51.86207681,8748.507468
vid_000156_frame0000028.jpg,149.8281352,51.81486315,8768.792494
vid_000160_frame0000017.jpg,152.7224477,38.49006315,8649.714749
vid_000168_frame0000008.jpg,133.1343892,29.02902849,9890.165889
vid_000203_frame0000002.jpg,84.95865885,64.02354626,14600.15077
vid_000203_frame0000020.jpg,89.78637187,65.07644346,15384.74347
vid_000203_frame0000022.jpg,86.34420268,59.89252772,12020.07052
vid_000206_frame0000005.jpg,51.39552816,47.49033962,13593.62033
vid_000206_frame0000006.jpg,52.20344543,47.08953853,12377.68377
vid_000206_frame0000024.jpg,73.33738708,61.93257787,21879.24408
vid_000206_frame0000027.jpg,73.50815837,61.75342911,20707.2614
vid_000206_frame0000031.jpg,73.20179749,62.09720017,20924.79533
vid_000206_frame0000034.jpg,72.89412944,62.19644633,22217.98981
vid_000206_frame0000037.jpg,73.19167074,62.12607517,19802.25901
vid_000206_frame0000038.jpg,93.68798319,73.68271278,11708.41126
vid_000206_frame0000040.jpg,92.45026143,76.83901854,15744.71353
vid_000210_frame0000004.jpg,97.47310384,56.12795651,27216.22594
vid_000210_frame0000037.jpg,94.68082682,71.59725496,32192.28728
vid_000210_frame0000040.jpg,95.59322611,71.81235726,35323.50568
vid_000210_frame0000056.jpg,119.1778768,74.42424865,40038.34501
vid_000210_frame0000058.jpg,117.3609873,74.94846607,44428.34202
vid_000210_frame0000060.jpg,116.3595276,77.60503938,49838.86037
vid_000210_frame0000062.jpg,113.1765442,76.7543131,47363.71858
vid_000210_frame0000068.jpg,106.6516876,81.35085519,46995.37317
vid_000210_frame0000070.jpg,94.5291036,75.05676175,33712.39542
vid_000210_frame0000082.jpg,85.47096761,51.06346531,19742.32821
vid_000210_frame0000083.jpg,83.27468363,50.32867996,20403.37691
vid_000214_frame0000001.jpg,74.08933512,65.95012124,24629.90434
vid_000214_frame0000002.jpg,74.19519043,65.97884274,24215.97279
vid_000214_frame0000003.jpg,73.83435567,65.81309827,24386.37971
vid_000214_frame0000004.jpg,74.50944519,65.9115374,24422.36525
vid_000234_frame0000001.jpg,79.62793477,54.87802276,11370.83364
vid_000234_frame0000002.jpg,79.86855062,55.02862076,11377.83689
vid_000234_frame0000009.jpg,73.58536784,51.27852809,11498.53753
vid_000234_frame0000011.jpg,74.22235107,51.70746528,11762.75301
vid_000234_frame0000060.jpg,72.02082316,52.3685573,11259.40691
vid_000242_frame0000007.jpg,167.5336507,37.65612637,9247.75691
vid_000244_frame0000005.jpg,182.5888112,31.25265852,4883.933041
vid_000249_frame0000008.jpg,57.19926961,63.49169367,14610.66897
vid_000249_frame0000009.jpg,57.94055176,64.33227516,13850.91251
vid_000249_frame0000012.jpg,60.60541789,66.71377366,14385.86897
vid_000249_frame0000017.jpg,58.11417643,65.03816585,16025.16696
vid_000249_frame0000020.jpg,59.34257507,66.9726382,17415.99606
vid_000249_frame0000023.jpg,61.75475566,67.69938618,17178.89102
vid_000249_frame0000028.jpg,71.67258199,73.76508697,17489.91034
vid_000249_frame0000033.jpg,75.00817871,75.77320487,17422.44748
vid_000251_frame0000014.jpg,82.9034373,64.76847647,12150.96254
vid_000251_frame0000015.jpg,82.77385966,64.64710152,11801.7508
vid_000251_frame0000016.jpg,79.64241028,63.42816411,11728.23857
vid_000251_frame0000017.jpg,76.37701416,62.85176312,12329.64982
vid_000251_frame0000018.jpg,74.40338643,62.08416781,12417.78322
vid_000251_frame0000019.jpg,73.88732402,62.33011412,12413.35123
vid_000251_frame0000020.jpg,73.54218038,62.68519706,13117.19317
vid_000251_frame0000021.jpg,73.54187012,63.11465747,13091.73512
vid_000251_frame0000022.jpg,72.95383708,63.16326566,13530.83244
vid_000251_frame0000023.jpg,73.33791606,63.17064725,13390.64018
vid_000251_frame0000026.jpg,72.8821106,62.8647806,13041.93061
vid_000251_frame0000027.jpg,73.15843709,63.34122844,13728.93807
vid_000251_frame0000028.jpg,73.43437703,63.72568332,13836.41694
vid_000251_frame0000029.jpg,73.43336487,63.35249996,13344.57278
vid_000251_frame0000030.jpg,73.89613851,63.82841694,13865.40759
vid_000265_frame0000005.jpg,183.2228597,28.74874293,4494.814866
vid_000265_frame0000006.jpg,183.2143046,28.41154723,4488.366811
vid_000277_frame0000021.jpg,87.21224976,60.69354299,12590.39974
vid_000282_frame0000047.jpg,101.826594,34.00712878,7219.530899
vid_000282_frame0000048.jpg,103.4971161,34.2019758,7540.960859
vid_000282_frame0000049.jpg,109.6107788,34.85441839,7133.14262
vid_000282_frame0000050.jpg,113.3937988,36.82797519,8652.134508
vid_000282_frame0000051.jpg,113.7578634,37.33835828,9249.999517
vid_000282_frame0000053.jpg,119.2203573,39.87793769,10270.43374
vid_000282_frame0000054.jpg,119.8241374,40.49122979,11042.68563
vid_000282_frame0000055.jpg,119.9502665,40.76390152,11485.00513
vid_000282_frame0000056.jpg,120.2358754,40.77445006,11175.75199
vid_000282_frame0000057.jpg,120.1525879,41.37454837,11580.60595
vid_000298_frame0000022.jpg,80.36056519,55.15796507,10365.69959
vid_000304_frame0000020.jpg,158.6548055,63.70915313,9918.658163
vid_000338_frame0000019.jpg,99.34777323,35.03244578,12276.42505
vid_000338_frame0000020.jpg,98.70626322,36.97015548,14715.48659
vid_000340_frame0000023.jpg,86.69607035,31.01566089,11104.31811
vid_000340_frame0000024.jpg,86.34891764,31.62297124,11759.9083
vid_000340_frame0000026.jpg,87.04622396,31.66173228,11463.59084
vid_000340_frame0000028.jpg,86.59490967,32.3041447,11884.78843
vid_000340_frame0000029.jpg,87.16042074,31.69268595,11258.94345
vid_000340_frame0000030.jpg,87.12952169,32.51351247,11912.63719
vid_000340_frame0000031.jpg,87.50569661,31.93576944,11414.1503
vid_000340_frame0000036.jpg,86.59645081,32.07103197,11766.51328
vid_000342_frame0000212.jpg,100.5852102,32.1972141,11496.66494
vid_000342_frame0000213.jpg,99.81211853,32.95684481,12530.8338
vid_000342_frame0000225.jpg,100.7230174,33.21423599,12629.69857
vid_000342_frame0000227.jpg,101.5641276,33.30089172,12335.94469
vid_000342_frame0000228.jpg,101.4524943,33.04668941,12178.65586
vid_000342_frame0000265.jpg,100.6308645,32.57837019,11523.3837
vid_000342_frame0000266.jpg,100.6831868,32.45434042,11615.5685
vid_000342_frame0000267.jpg,100.2190908,32.55658477,11748.82982
vid_000342_frame0000268.jpg,99.9819692,32.44039076,11702.75909
vid_000342_frame0000269.jpg,99.6333313,32.8891281,11442.56954
vid_000429_frame0000010.jpg,129.9668121,68.35186746,23788.06432
vid_000429_frame0000013.jpg,120.2550354,59.82415715,13096.66664
vid_000429_frame0000014.jpg,121.9636281,64.39728235,18958.81888
vid_000444_frame0000001.jpg,105.733551,47.65600483,27423.80144
