Method,Image,PSNR,SSIM,UIQM,Brightness,Contrast,Sharpness
HE,vid_000002_frame0000013.jpg,11.052217260201086,0.541499173124884,280.3119489526718,130.3303549382716,72.73082307298618,7068.05305854618
HE,vid_000002_frame0000014.jpg,10.7351484652517,0.49695603345748446,282.0107566070698,130.59371141975308,72.65942740628579,7321.076235138507
HE,vid_000002_frame0000015.jpg,10.347362718570697,0.4546482115304507,284.54053622349136,131.1656635802469,72.61883583426452,9029.113687377056
HE,vid_000002_frame0000016.jpg,10.020869912711445,0.4375029715805794,284.8811170999133,132.00101851851852,72.43285725891955,10659.456537794294
HE,vid_000002_frame0000017.jpg,9.897301661464008,0.40058020620251344,286.17490590057275,132.33180555555555,72.40443625663558,10603.345749427488
HE,vid_000002_frame0000018.jpg,10.017591350898057,0.38626376631820086,288.7893918078272,131.9066049382716,72.3829347313675,10905.284126885193
HE,vid_000002_frame0000019.jpg,10.100623719442188,0.46079680848967924,281.84805152036597,131.70371913580246,72.47970242727136,8449.886495137936
HE,vid_000002_frame0000020.jpg,10.176016266195653,0.4239064182366599,285.0555339027795,131.51387345679012,72.42717037234357,9528.575772950424
HE,vid_000002_frame0000021.jpg,10.195468297784283,0.44805666070972644,282.7924850958423,131.5026388888889,72.42191341313057,9272.108933845595
HE,vid_000002_frame0000022.jpg,10.312384612572314,0.427837736791097,285.1221963883561,131.27487654320987,72.36036946719663,10082.15875714425
HE,vid_000003_frame0000001.jpg,10.228515350346033,0.37541871433202084,294.29388465308443,131.23328703703703,72.7289789111235,13290.014595044346
HE,vid_000003_frame0000002.jpg,10.205987280231971,0.4126992778289029,287.17600015721473,131.36040895061728,72.590401208922,9837.571792413919
HE,vid_000003_frame0000003.jpg,10.196770555547776,0.4165430990851163,288.27972808468166,131.29597222222222,72.69218583812949,10767.657279623678
HE,vid_000003_frame0000004.jpg,10.184133907777424,0.4378727753485087,285.4996261155369,131.46378858024693,72.62320969828605,9941.053573306695
HE,vid_000003_frame0000005.jpg,10.294841691154542,0.4407810998246158,286.1417233955687,131.2231712962963,72.70798647994297,10115.681858622685
HE,vid_000003_frame0000006.jpg,10.403247760945465,0.509748283180166,280.89616840120095,131.15180555555557,72.61403724962953,8709.506042180534
HE,vid_000003_frame0000022.jpg,10.492725000054667,0.5002861027432314,279.2973161374609,130.8904938271605,72.51120719510838,6928.381410951967
HE,vid_000003_frame0000023.jpg,10.358372438410623,0.4863475451849606,280.6516014592385,131.04728395061727,72.56130551084297,7811.277946577729
HE,vid_000004_frame0000010.jpg,10.370755090509967,0.484961687536821,282.5498924138995,130.88689043209877,72.63113900270729,8344.911793783758
HE,vid_000004_frame0000011.jpg,10.366455474329229,0.47973452091079133,281.987872991388,131.02537808641975,72.59211971798496,8093.035862479042
HE,vid_000004_frame0000012.jpg,10.341395487763403,0.4661964482611178,283.987600557656,131.0756712962963,72.5509574480771,9247.049362147003
HE,vid_000005_frame0000007.jpg,9.966048022890881,0.4531574567395153,281.1963839578453,131.78302469135804,72.49748977424868,7863.203084847905
HE,vid_000021_frame0000001.jpg,10.363196460584343,0.4431431852656726,283.65582593626164,130.12293981481483,73.05768481265095,7105.89007682893
HE,vid_000021_frame0000007.jpg,10.380782600434797,0.5514112507003689,277.10300965004365,130.10658179012347,73.0210334987341,5865.528525288578
HE,vid_000021_frame0000015.jpg,10.532666409679832,0.5790797080626143,275.91050389602924,130.17481481481482,72.98928402002468,5574.281339094413
HE,vid_000021_frame0000022.jpg,10.71602804482928,0.565345817927742,277.583301276219,129.90641975308642,73.08936760102412,5494.693340011943
HE,vid_000021_frame0000023.jpg,10.776734387946586,0.5773710519891312,276.94315268754815,129.93369598765432,73.06662998284204,5557.789205722677
HE,vid_000021_frame0000024.jpg,10.790474562319565,0.5766800332751304,277.44297688252703,129.8448688271605,73.13275811371545,5552.210735851765
HE,vid_000021_frame0000025.jpg,10.841904886906523,0.6089748868073404,275.3662375240072,129.91569444444445,73.0078307822953,5306.490304781033
HE,vid_000021_frame0000026.jpg,10.827403225375424,0.6396782419540227,273.9914837478692,129.8958950617284,73.04910741590614,5000.000121052431
HE,vid_000021_frame0000027.jpg,10.83240377690335,0.6215204500366288,274.92110768195374,129.86128086419754,73.09329697418853,5134.506386057528
HE,vid_000021_frame0000028.jpg,10.824809672382612,0.5911498665920174,276.03504168337344,129.90412808641975,72.99872862664836,5216.063339310354
HE,vid_000021_frame0000029.jpg,10.865578308977922,0.6120916689237185,275.43803092539696,129.73668209876544,73.1300123328743,5040.808257810358
HE,vid_000021_frame0000030.jpg,10.850339010863923,0.5891942212047613,276.98860020043776,129.7699614197531,73.1917056655961,5363.422701026663
HE,vid_000021_frame0000031.jpg,10.889399436270693,0.6142108904507747,275.6607157743685,129.79145061728394,73.17342399653847,4977.548698330094
HE,vid_000021_frame0000035.jpg,10.773766113990636,0.6042230816492916,275.6200593863731,129.89333333333335,73.21689500938164,4986.213461843599
HE,vid_000022_frame0000029.jpg,12.467648754019585,0.8153520479253581,272.61111369657175,128.79973765432098,73.46897589924785,4213.474722145062
HE,vid_000023_frame0000010.jpg,13.229348821127234,0.8236853034537391,272.8446643489248,128.67489197530864,73.44199293576679,4041.026853561708
HE,vid_000023_frame0000011.jpg,13.313633252208062,0.8336067630649944,272.2568831640319,128.6299537037037,73.4281491062569,3979.5024770399314
HE,vid_000023_frame0000012.jpg,13.352687300292201,0.8278757076065942,272.8444038452873,128.62355709876545,73.42272789332786,4022.3251593620807
HE,vid_000023_frame0000013.jpg,13.34169248915697,0.8260362053649503,273.155955825512,128.37743055555555,73.57895371935506,4106.8681722174
HE,vid_000023_frame0000014.jpg,13.321471627741186,0.8220424525902622,273.18632181009565,128.40882716049381,73.48435221764338,4015.379502419065
HE,vid_000023_frame0000015.jpg,13.163212642931398,0.8265693468729959,272.1282730691766,128.64466820987656,73.41400127669604,3975.58756615774
HE,vid_000023_frame0000016.jpg,13.00992972720718,0.8214882607847791,272.2625583257987,128.60420524691358,73.36159959806972,4092.2991417921717
HE,vid_000023_frame0000017.jpg,12.768269802324825,0.8239036362507871,271.67612570775975,128.7294212962963,73.39685982748495,3915.9527338219573
HE,vid_000023_frame0000018.jpg,12.560858437789298,0.809958295082161,272.2682980492206,128.7078086419753,73.36240813031857,4088.255306262801
HE,vid_000023_frame0000019.jpg,12.363542896990245,0.8177507115644591,271.8914280530687,128.51532407407407,73.53215679601672,4184.1541955589255
HE,vid_000024_frame0000031.jpg,13.100946520999607,0.800090540801288,273.2238545740474,128.7448611111111,73.43104966825643,4109.609757770288
HE,vid_000024_frame0000032.jpg,13.007231993353972,0.7870395446826425,274.2786704306153,128.81725308641975,73.43561311324814,4288.815259760267
HE,vid_000024_frame0000033.jpg,12.92842218332893,0.8076272228846194,272.97169254885796,128.76889660493828,73.4230468295001,4098.369461409691
HE,vid_000025_frame0000009.jpg,12.002662189071264,0.8123967519253577,272.0031330463869,128.67010802469136,73.60584697102306,4156.629069352758
HE,vid_000025_frame0000010.jpg,11.974602853702015,0.7929992601206816,273.161939234774,128.58837191358026,73.56211534384856,4366.675129579558
HE,vid_000025_frame0000011.jpg,11.969845197308565,0.8023810223114346,272.1439367896618,128.86435185185186,73.44048039949288,4247.668436510249
HE,vid_000025_frame0000012.jpg,11.911202408141591,0.7868328855119664,273.2025662466532,128.6488811728395,73.53763069073037,4286.893848583903
HE,vid_000025_frame0000013.jpg,11.832602646606702,0.7936811682522068,272.4864430023633,128.63176697530864,73.52532736416363,4171.399066666131
HE,vid_000026_frame0000003.jpg,11.400505336197336,0.7750035190285126,272.32832258880256,128.63776234567902,73.37830546485887,4536.984924278883
HE,vid_000026_frame0000004.jpg,11.578242363120017,0.7580344442452184,273.45999891815785,128.66070216049383,73.314346187594,4549.682103608444
HE,vid_000026_frame0000009.jpg,13.25181230836634,0.8261612540286163,271.32846726586075,128.70988425925927,73.3149739717219,4239.1227077139065
HE,vid_000026_frame0000010.jpg,13.871883984381405,0.8196967370238418,272.1437046652324,128.67593364197532,73.30206112134618,4250.901120656091
HE,vid_000026_frame0000011.jpg,14.431372749278616,0.834494610740502,272.0578934070718,128.61993827160495,73.42973649163366,4111.732496956388
HE,vid_000026_frame0000012.jpg,14.519683239269096,0.7957911352327792,275.47305942205213,128.57989969135804,73.46425711071639,4402.082325925926
HE,vid_000026_frame0000013.jpg,14.696472659201316,0.8073286000298765,274.9265360206073,128.64810956790123,73.43260069220001,4312.353880492624
HE,vid_000026_frame0000014.jpg,14.9019713651929,0.7965928203538842,275.95532902526503,128.57895833333333,73.38190394988395,4405.082486646413
HE,vid_000026_frame0000015.jpg,14.25991047100341,0.8180823056676472,273.2004758711876,128.48422839506173,73.45687015427092,4117.682511554784
HE,vid_000026_frame0000016.jpg,13.449149782380633,0.8029705206860817,272.93665188337184,128.52849537037036,73.32312359307919,3993.0160854932915
HE,vid_000026_frame0000017.jpg,13.091720065011947,0.8155822085814116,271.8679070978282,128.69676697530863,73.32328836113913,3967.3826199502746
HE,vid_000027_frame0000056.jpg,12.7572046367895,0.6913338462788378,278.4845331411347,129.31679783950617,73.93563570492816,5367.355195258917
HE,vid_000027_frame0000072.jpg,12.301615234518364,0.6460773324376167,281.7134840259598,129.74681327160494,74.2390418392436,5967.712181905328
HE,vid_000028_frame0000001.jpg,12.12549340706847,0.7185145818703867,273.3387823452509,129.22344907407407,73.26559372098934,4125.752654315033
HE,vid_000028_frame0000002.jpg,12.158037700224607,0.7530160311298121,271.73773983286577,129.00532407407408,73.302201426696,3993.8074761050143
HE,vid_000028_frame0000003.jpg,12.1498388859167,0.7572401505803414,271.0143666985685,129.17770061728396,73.17862455829368,3961.9776775033697
HE,vid_000028_frame0000004.jpg,12.110607282410445,0.7434172856524328,271.77326501481593,129.25925154320987,73.16405348447637,4135.994905006621
HE,vid_000028_frame0000005.jpg,11.977550119834932,0.7546120445731114,271.04258456490487,129.1049537037037,73.2483769476213,3988.5085592606288
HE,vid_000028_frame0000006.jpg,11.903625440493036,0.7374222165740023,272.0095345915811,129.07885802469136,73.30302762214147,4036.5179551263504
HE,vid_000028_frame0000007.jpg,11.96044083378431,0.743881647612996,270.9184643751737,129.41249228395063,73.10841188738767,4114.252192749712
HE,vid_000028_frame0000008.jpg,11.890579167199089,0.7176908243331437,272.0740462223883,129.47063271604938,73.0713073548728,4353.573449843535
HE,vid_000028_frame0000019.jpg,11.019984753461255,0.6422072629072809,272.67696745362474,130.10068672839506,72.83344007635205,4869.030703539321
HE,vid_000028_frame0000020.jpg,10.97556815876083,0.6089483752816475,274.4125968315449,130.2795447530864,72.86890633593467,5052.205124609374
HE,vid_000028_frame0000021.jpg,10.901365290811697,0.6286773331849621,272.80494641685453,130.3641049382716,72.77578827943186,4961.171949995177
HE,vid_000028_frame0000022.jpg,10.748425086138322,0.58543597878003,274.9051855989773,130.3695910493827,72.80373964193926,5525.060334409234
HE,vid_000028_frame0000023.jpg,10.750854397323328,0.5916732785599367,274.43537804933817,130.38059413580248,72.79710844815497,5541.989245346021
HE,vid_000028_frame0000024.jpg,10.737195814915363,0.5578655238223512,276.7839542373048,130.36108796296296,72.82475557414264,6105.052025342399
HE,vid_000028_frame0000025.jpg,10.779413640907446,0.5763523506916522,275.717872461756,130.3568287037037,72.85894580256702,5867.127912894138
HE,vid_000028_frame0000026.jpg,10.879243861457827,0.6169785607197936,273.83955961775337,130.25805555555556,72.83633276252456,5614.633198790616
HE,vid_000028_frame0000027.jpg,11.10558089482023,0.6130536666754192,274.407618663388,130.11567901234568,72.86765960216485,5414.753742760249
HE,vid_000028_frame0000032.jpg,11.945306379661618,0.6700129527232314,274.02231011651077,129.3435262345679,72.98893988960002,4781.865478206387
HE,vid_000028_frame0000033.jpg,12.016848367297204,0.6855195602175383,273.7393974009297,129.33911265432099,73.07022430564186,4729.155072044801
HE,vid_000028_frame0000034.jpg,12.064037419875236,0.6783122346426317,274.69196949910446,129.28943672839506,73.17358979410238,4647.9815718733325
HE,vid_000028_frame0000035.jpg,12.046303538025748,0.6927382570164721,273.80863588896614,129.3528549382716,73.16961269398382,4501.780199985651
HE,vid_000028_frame0000036.jpg,12.135350435979369,0.7240572083927256,272.45786860972316,129.16394290123458,73.1993077503643,4386.523162287035
HE,vid_000028_frame0000037.jpg,12.172026880588502,0.6945989022527471,274.01749053660234,129.1977160493827,73.25356982220832,4489.176645594647
HE,vid_000028_frame0000038.jpg,12.160157878581721,0.6958035229428204,274.062723883607,129.18771604938271,73.32369282402156,4548.920486419217
HE,vid_000028_frame0000039.jpg,12.111506288270553,0.7209966519975685,271.6697801511368,129.41821759259258,73.07625716346284,4137.655021337675
HE,vid_000028_frame0000040.jpg,12.161515066325272,0.7236978086853444,271.9287210929098,129.3384336419753,73.13427038219938,4304.6942257415385
HE,vid_000028_frame0000041.jpg,12.1789674542465,0.7287988363178096,271.6904522563093,129.15653549382716,73.19590591859705,4241.9411535491445
HE,vid_000029_frame0000013.jpg,11.796032072246279,0.752827492267147,268.66027448218085,129.11126543209878,72.61229094257766,3838.3677372342245
HE,vid_000029_frame0000014.jpg,11.911271005087746,0.7393188136335778,268.78003765685924,129.0993364197531,72.48271681727985,3990.1066338600604
HE,vid_000029_frame0000017.jpg,11.794837758348038,0.7125650348613942,267.49727003834283,129.40244598765432,72.14777031199546,4049.4168497856654
HE,vid_000029_frame0000018.jpg,11.732842426164844,0.6842415817478539,268.30285649100654,129.56292438271606,71.98791430479257,4248.750827929955
HE,vid_000030_frame0000001.jpg,12.336876143338873,0.6761068081513161,272.9211042640876,129.40694444444443,72.90320668096352,4507.332626414072
HE,vid_000030_frame0000014.jpg,11.2774483173134,0.6715944315184808,270.68199620756826,129.81173611111112,72.6981028857674,4434.037442191012
HE,vid_000030_frame0000016.jpg,11.089436525979124,0.6889278847071187,269.31457473741636,129.91108796296297,72.66296130050242,4533.899295395554
HE,vid_000030_frame0000017.jpg,11.079278506803083,0.6765942376510585,269.76117441267587,130.07847222222222,72.65468810215519,4691.860373753048
HE,vid_000030_frame0000018.jpg,11.046230463389664,0.6262594924575207,271.8739790143857,130.06875,72.60038290196253,4946.880402078511
HE,vid_000030_frame0000019.jpg,11.061086599200767,0.6639392682968824,270.5759576354519,130.08653549382717,72.73298560660275,4697.057486025317
HE,vid_000030_frame0000020.jpg,11.069067312560769,0.6304444167043329,271.74066152068514,130.0198611111111,72.66202344989136,4743.578618426117
HE,vid_000030_frame0000021.jpg,11.137008892884296,0.6773818403737666,269.8046001088404,129.99274691358025,72.71415461054383,4527.16846402392
HE,vid_000031_frame0000011.jpg,10.039036909872358,0.4881266676327058,273.6773541805586,131.9320138888889,71.80211446592352,7025.569183255639
HE,vid_000031_frame0000012.jpg,10.01457867494535,0.4330792063729336,277.1094990812303,131.85168981481482,71.71423509242388,7730.8433743805745
HE,vid_000031_frame0000013.jpg,10.030271578078246,0.4750254423391656,273.85929206336385,132.07577160493827,71.64279296171557,7052.246316848614
HE,vid_000031_frame0000014.jpg,10.054379860231247,0.4630256783036378,274.4548771409797,131.75480709876544,71.54596508286625,7154.935060002048
HE,vid_000031_frame0000015.jpg,10.090305830412019,0.47256845342235293,273.99186402361346,131.70462191358024,71.59545717360267,7248.466671749732
HE,vid_000031_frame0000016.jpg,10.093636964070054,0.5159953041918418,271.6113002231774,131.7797762345679,71.54681287135503,7167.534646060469
HE,vid_000031_frame0000017.jpg,10.202243854585959,0.49806564440960743,272.7238343616878,131.62765432098766,71.52752524696056,7450.903746870177
HE,vid_000031_frame0000025.jpg,12.196835795319227,0.7056087783150561,267.32167044436443,129.24055555555555,71.89400883579579,4219.764045112932
HE,vid_000031_frame0000026.jpg,12.573960484567646,0.738779105931766,266.4284163714796,129.19153549382716,71.90818093548815,4075.8679965875535
HE,vid_000031_frame0000027.jpg,13.113354034073769,0.7902882450062935,266.41677957237914,128.83515432098764,72.26611285134169,3648.028589312735
HE,vid_000031_frame0000028.jpg,12.37137018634601,0.7776474795519493,268.28784793760053,128.90439814814815,72.7359730173437,3694.3836753424
HE,vid_000031_frame0000029.jpg,12.212600878866155,0.7725425372096937,268.8118509283975,128.93706018518517,72.86022448310092,3821.3184829865877
HE,vid_000031_frame0000030.jpg,12.192782700301555,0.7472176777967713,270.19170508200455,128.95087191358024,72.91283567721703,3879.2200925066204
HE,vid_000031_frame0000031.jpg,12.047809707654743,0.7606705096686981,269.1606631386168,128.9961728395062,72.86962112488102,3820.0014201758017
HE,vid_000031_frame0000032.jpg,11.94955787021408,0.7381251780381137,270.32364525161455,128.9300540123457,72.88091520048336,3840.756535093498
HE,vid_000031_frame0000033.jpg,11.874885883233254,0.7566560902451999,269.0059744786962,128.97978395061727,72.86153603859817,3800.6128753598446
HE,vid_000031_frame0000034.jpg,12.669568862789395,0.7228908592960691,272.9920963994442,129.1717901234568,73.03149346368455,4573.87083754763
HE,vid_000031_frame0000035.jpg,11.682351835512021,0.6990513219457161,274.3408454214321,129.44702160493827,73.16980263307897,5198.307069958311
HE,vid_000031_frame0000036.jpg,11.54106477109768,0.7067366628914019,273.40533589879243,129.5085262345679,73.13036593051127,5110.917451988074
HE,vid_000031_frame0000038.jpg,12.198301753687241,0.716352794020814,273.52818181676975,129.27938271604938,73.09607949317996,4833.951313477308
HE,vid_000031_frame0000039.jpg,12.286546928865576,0.7155956496583845,273.43989612788295,129.45025462962963,73.019845058119,4916.681357184261
HE,vid_000031_frame0000040.jpg,12.097496021961058,0.7102627744825126,273.136570305134,129.40560956790122,73.04096872339021,4796.725805320978
HE,vid_000031_frame0000048.jpg,10.30698679523895,0.6070459230209856,272.5609962132496,130.33032407407407,72.87661126410462,4986.635397433641
HE,vid_000035_frame0000001.jpg,13.53899254397517,0.5987345561046747,290.18056990432166,129.0799151234568,72.86361082037398,8110.9351790075225
HE,vid_000035_frame0000008.jpg,14.5417804342709,0.6602651605567379,292.82733148681535,128.8009722222222,73.17708028680632,6866.3979893255955
HE,vid_000035_frame0000034.jpg,13.816860830663991,0.579892538227039,303.6227444373431,128.98355709876543,73.4477961897076,9759.348905940406
HE,vid_000035_frame0000035.jpg,13.500723803856495,0.5603089297580602,300.0276761924129,129.14729938271606,73.3597018068377,8955.64497156344
HE,vid_000035_frame0000052.jpg,13.708544254130864,0.5528334184540065,298.05185258175584,129.2815200617284,73.30905152186251,8759.71612025225
HE,vid_000035_frame0000053.jpg,13.772714053793978,0.5335091047208408,305.04824392346427,129.15014660493827,73.35185252785801,13134.645831717726
HE,vid_000035_frame0000054.jpg,13.557458567139518,0.5327037516797346,304.29631416121913,129.18826388888888,73.38777269891858,12572.728841060754
HE,vid_000035_frame0000068.jpg,13.63304360578277,0.5698071302159861,301.858254450081,129.03055555555557,73.38968515633296,10105.766573519424
HE,vid_000035_frame0000073.jpg,13.575208757929786,0.5880008454019384,299.25756031254065,128.93863425925926,73.51128529712963,9073.677590927866
HE,vid_000035_frame0000074.jpg,13.78653495063558,0.6051803590586625,299.0574035342831,128.89795524691357,73.54299287746277,8305.847512666645
HE,vid_000035_frame0000075.jpg,14.111275135089393,0.6114082496437802,302.4830211706758,128.7223765432099,73.42628479415959,10508.298809007534
HE,vid_000035_frame0000080.jpg,13.95533716396307,0.5943182545282932,304.12502323474627,128.85349537037038,73.37750181427961,10799.544839771412
HE,vid_000035_frame0000083.jpg,13.258857476317695,0.5473201356804103,304.23080566129073,129.1280401234568,73.38040236606636,11258.959344749275
HE,vid_000035_frame0000084.jpg,13.27019695867878,0.5688025589664573,299.17911504254175,129.0305787037037,73.46955833317139,8331.233233596191
HE,vid_000035_frame0000087.jpg,14.065245206382935,0.607940057826987,296.18778849335,128.80744598765432,73.50023189130621,8382.027590234375
HE,vid_000035_frame0000099.jpg,13.439550396446442,0.5527907110334377,291.82674143363715,129.48471450617285,73.81990052746308,7523.204940443471
HE,vid_000035_frame0000104.jpg,13.339358939612476,0.5554437121761849,288.1279030402627,129.58284722222223,73.82309458255715,6485.414420435147
HE,vid_000035_frame0000107.jpg,13.20082255467459,0.5821294352648027,286.5034547224368,129.4297762345679,73.7519502197424,6501.798640044807
HE,vid_000035_frame0000110.jpg,13.588439293282166,0.590283387182687,286.25406410851133,129.26648919753086,73.7700071869283,6402.501577577494
HE,vid_000035_frame0000111.jpg,13.731404726136605,0.6002975791667441,286.38300525782034,129.2722839506173,73.8196660728329,6145.904676483137
HE,vid_000035_frame0000112.jpg,13.81206944471704,0.5990924638752546,286.8242898465571,129.25104938271605,73.81350581617232,6341.182693184096
HE,vid_000035_frame0000113.jpg,13.775044777922451,0.5840740085382757,288.7539542726063,129.26712962962964,73.81867998831844,6698.467163908834
HE,vid_000035_frame0000114.jpg,13.727859527175362,0.5798747113664339,289.19101797085847,129.3035262345679,73.82560391301398,6680.432217849556
HE,vid_000035_frame0000115.jpg,13.528853074019294,0.6111141079671699,288.03754381011555,129.25891203703705,73.96244392366991,6170.101464502362
HE,vid_000035_frame0000116.jpg,13.611464328981189,0.6441130621592333,285.98081251523075,129.17456790123458,73.9310905263694,5714.287099633249
HE,vid_000035_frame0000117.jpg,13.666870553577981,0.6697133844452505,284.59150290844514,129.03464506172838,73.74389389054156,5319.7867923630165
HE,vid_000035_frame0000118.jpg,13.87047264539416,0.6981523155284229,282.85641851531545,128.90550154320988,73.6966978169018,5193.037864379477
HE,vid_000035_frame0000119.jpg,14.225517877191951,0.7149452186322542,281.9870340683827,128.90801697530864,73.60434552086764,4992.456448901654
HE,vid_000035_frame0000120.jpg,14.416895529998687,0.7256893657628756,281.88463195032836,128.76208333333332,73.64827427080101,4965.3477539732285
HE,vid_000035_frame0000121.jpg,14.441491007398575,0.7236431802497183,282.75079819064524,128.67641203703704,73.70157934906331,5027.96514800502
HE,vid_000036_frame0000001.jpg,13.62357047775526,0.5606354146406839,288.8870063179006,129.08415895061728,73.42256245918894,7192.792721197643
HE,vid_000036_frame0000002.jpg,13.606595377780955,0.5800935096662497,286.76815936631976,129.11476851851853,73.5081671647141,6274.0198722162695
HE,vid_000036_frame0000003.jpg,13.682153706615791,0.5880995074023432,286.33331080594485,129.20236111111112,73.50995003184543,6097.269067703512
HE,vid_000036_frame0000010.jpg,14.054038167910587,0.6202334826432522,284.6914031446022,128.9257175925926,73.3364475287445,6023.595593661348
HE,vid_000036_frame0000011.jpg,14.17105632644028,0.6460266570991559,283.1638631293922,128.8723225308642,73.3342407520099,5549.232056569121
HE,vid_000036_frame0000012.jpg,14.213286720619308,0.6523358165305456,283.22566154158756,128.7816435185185,73.26132437480706,5601.9061051933295
HE,vid_000036_frame0000013.jpg,14.18279139061515,0.6702877815334283,281.2974656106356,128.86841820987655,73.20234234934043,5125.285203626544
HE,vid_000036_frame0000016.jpg,14.400605435981701,0.7018431513628948,279.6617139851253,128.71435956790123,73.11758292429872,4775.966858281655
HE,vid_000036_frame0000037.jpg,14.251717705801061,0.6893964832779972,278.76761914231537,128.7747839506173,73.15532342647619,4571.0152516375165
HE,vid_000036_frame0000041.jpg,14.314807378504442,0.672019445581789,280.81400221825237,128.80979938271605,73.28065887872798,4513.255114404662
HE,vid_000036_frame0000043.jpg,14.241127744130988,0.6745551829086781,280.25151003751296,128.7859336419753,73.2420537844869,4354.449317695236
HE,vid_000036_frame0000044.jpg,14.28581754760808,0.6782564559229489,280.04905868076315,128.8064351851852,73.18539224189986,4460.712016126007
HE,vid_000036_frame0000045.jpg,14.455627643940055,0.6740091738413924,281.27619259862115,128.7532175925926,73.24152281869499,4538.954813153482
HE,vid_000036_frame0000054.jpg,14.813123430873045,0.6637227334565354,284.36701339393545,128.7670138888889,73.3089430180428,5187.902426643947
HE,vid_000037_frame0000001.jpg,13.635776325190763,0.4966538618664993,290.23317913446937,130.0411574074074,73.06357953750451,9172.51117478257
HE,vid_000037_frame0000002.jpg,13.561479044039347,0.5211319779559591,287.03876544527304,129.99936728395062,73.16018679376397,7727.61579258777
HE,vid_000037_frame0000003.jpg,13.338217457088382,0.4870252857698139,291.02687263679525,130.06445216049383,73.25297136302117,8956.058711219648
HE,vid_000037_frame0000004.jpg,12.94987773242884,0.48000935039762277,291.7445870865173,130.02639660493827,73.46165796226578,9158.137397993292
HE,vid_000037_frame0000005.jpg,12.887902319785923,0.45077808274615055,295.39121167289255,130.11484567901235,73.53416957048356,10886.180533736224
HE,vid_000037_frame0000006.jpg,12.849902319186823,0.48578820956511054,292.6834810459643,130.05390432098764,73.61405840139626,9249.57226287056
HE,vid_000037_frame0000007.jpg,12.837774392260107,0.475787407632761,293.69290007149584,130.17141203703704,73.70093456164065,8316.216947584211
HE,vid_000037_frame0000008.jpg,12.944252362913192,0.4716426368745761,297.254945250649,129.94484567901233,73.61495743394053,10368.912653994961
HE,vid_000037_frame0000009.jpg,13.27298122420941,0.5488349782459869,292.24170562316954,129.49854938271605,73.5414900180065,7436.095866407321
HE,vid_000037_frame0000016.jpg,13.458437185883938,0.567963070063055,295.61633891958957,129.35129629629628,73.46883893608168,9718.911360059383
HE,vid_000037_frame0000019.jpg,13.737133379274681,0.5597474663906473,297.0582319994978,129.2740663580247,73.42459180945092,10335.194457978729
HE,vid_000038_frame0000001.jpg,13.578947955959888,0.7359894417713063,276.08066070003156,128.86681327160494,73.45597195128335,4876.5484518709045
HE,vid_000038_frame0000003.jpg,13.2114705151435,0.7787157879170709,273.1491523388515,128.94502314814815,73.42100017110914,4423.084809284919
HE,vid_000038_frame0000004.jpg,13.11834790619816,0.7360513768789683,275.55622301845926,128.88583333333332,73.41786914084403,4772.00273049072
HE,vid_000038_frame0000005.jpg,13.195298439865326,0.74116019160953,275.17313438447957,128.9101388888889,73.35232737380286,4938.579135752398
HE,vid_000038_frame0000007.jpg,13.144500741083935,0.728197631347339,275.75766193251155,129.01164351851853,73.31339140838355,4962.448792916893
HE,vid_000038_frame0000018.jpg,13.64660059333761,0.7308548367939879,276.325222692679,128.9886651234568,73.33022690964033,4953.925278201625
HE,vid_000038_frame0000019.jpg,13.603457979804233,0.7539603690790694,274.8749299327612,129.05521604938272,73.41176775989211,4641.5723233509925
HE,vid_000038_frame0000020.jpg,13.544268817182594,0.7230474613496116,277.3567097738665,128.82180555555556,73.45269929537652,4971.5147091047
HE,vid_000038_frame0000021.jpg,13.437384098017679,0.7264891495260287,276.7730455172854,129.04770833333333,73.37447257362837,4864.016477209016
HE,vid_000038_frame0000022.jpg,13.411148394794159,0.7153486492967384,278.0513522007312,128.87540895061727,73.48891478241855,4917.306413656454
HE,vid_000038_frame0000023.jpg,13.35640399064917,0.7129578308620731,278.02204196747846,128.98020833333334,73.55601471797642,4998.960197147682
HE,vid_000038_frame0000024.jpg,13.463853940602974,0.7022583381516138,278.83964723116605,128.9497685185185,73.48924330212726,5111.421282963725
HE,vid_000038_frame0000030.jpg,13.604395010529277,0.6933102664863621,280.19644996813156,129.06108024691358,73.58305998485181,5117.057902403347
HE,vid_000038_frame0000031.jpg,13.610334040749079,0.7055159470445184,279.57676592199186,129.0504861111111,73.71140791220513,4666.012314742417
HE,vid_000038_frame0000032.jpg,13.552060283597333,0.7117876028129381,279.1163654689284,129.0441512345679,73.64651105647805,4789.127595210096
HE,vid_000040_frame0000003.jpg,10.603331846512212,0.4491806544466625,286.17872597150665,131.27791666666667,72.74379359198659,7572.306089848572
HE,vid_000040_frame0000015.jpg,10.405781773263637,0.36013640041104006,294.88220420748263,131.53287808641974,72.74031849300312,8992.607588734329
HE,vid_000040_frame0000016.jpg,10.39877804924308,0.3528797754264528,297.001955991167,131.6363348765432,72.86797162913655,8942.993112263695
HE,vid_000040_frame0000019.jpg,10.502236125126247,0.3552695272565323,296.8139039483269,131.43996141975308,73.39713495811836,7943.005873567291
HE,vid_000040_frame0000020.jpg,10.564922467109092,0.3447556546004207,303.2596397801198,131.06653549382716,73.50043415847863,9983.804604180898
HE,vid_000040_frame0000021.jpg,10.528363568698644,0.35825788840741074,300.65500300755224,131.21979938271605,73.70737315889399,9055.079356014174
HE,vid_000040_frame0000022.jpg,10.474811923093878,0.3604227439215848,300.69812594555947,131.27895833333332,73.69564767515521,9215.422122570635
HE,vid_000040_frame0000039.jpg,10.331476029597436,0.36554238549532786,298.43225368440187,131.79112654320988,73.90867893891983,9426.014478463589
HE,vid_000040_frame0000040.jpg,10.671049480655492,0.39755691078365385,295.3061306643239,131.23564814814816,74.04890053584562,7806.308347324865
HE,vid_000041_frame0000005.jpg,10.701521363059713,0.5172652246908032,282.14461764091334,130.6935262345679,73.49884679160144,6741.611529111416
HE,vid_000041_frame0000006.jpg,10.739364157870945,0.509536014523052,283.02197177100516,130.6231712962963,73.49257793090766,7476.838533007307
HE,vid_000041_frame0000007.jpg,10.930918758879745,0.52563242209103,282.2531252509385,130.31452932098765,73.48636168510212,6895.398418826922
HE,vid_000041_frame0000011.jpg,11.241432472492146,0.5740365544253041,280.16781012971455,130.0719290123457,73.47892237238722,6126.154774573236
HE,vid_000041_frame0000012.jpg,11.198055160728476,0.5369356961343729,282.3594289244264,130.1008024691358,73.486327207128,6292.31683063218
HE,vid_000041_frame0000013.jpg,11.248929501821328,0.6045932478138413,278.23311139589185,130.04841820987653,73.47689016760062,5559.451403748476
HE,vid_000041_frame0000014.jpg,11.22223559449038,0.5593529093500335,280.6475670415379,130.08189814814816,73.40932619444861,6079.061372599451
HE,vid_000041_frame0000015.jpg,11.120412311620292,0.6065194311387226,277.62866589896385,130.1868287037037,73.49540619917106,5453.299674187433
HE,vid_000041_frame0000016.jpg,11.032992153502772,0.5750273198515088,279.7538102476527,130.04516203703704,73.49823099127761,5559.203084739369
HE,vid_000041_frame0000017.jpg,11.005344789162306,0.6015622295473316,278.1795374871147,130.23877314814814,73.53546187049606,5401.640683093279
HE,vid_000041_frame0000018.jpg,10.964342337570363,0.5550343809155837,281.4306822645522,130.27860339506174,73.56652944884827,5848.501147296466
HE,vid_000041_frame0000019.jpg,10.98533863346873,0.5816833479378917,279.68010833782745,130.37375771604937,73.65885875697214,5498.529748430534
HE,vid_000041_frame0000020.jpg,11.00206601034059,0.5394843851510731,283.50904578744695,130.33122685185185,73.69835345963641,6209.26845667486
HE,vid_000041_frame0000031.jpg,11.100605175946228,0.5953245228727478,279.18051636602166,130.08670524691357,72.95228900725246,6170.207437137776
HE,vid_000042_frame0000001.jpg,10.584816010121328,0.46533359051262985,281.9754076365648,130.6048148148148,73.02201353965432,6593.900167745424
HE,vid_000042_frame0000002.jpg,10.591136195019848,0.5434732277887614,276.9476249714469,130.63235339506173,73.02069128702908,5682.469798839676
HE,vid_000042_frame0000003.jpg,10.532520225852295,0.5460317326640759,276.84838762138185,130.74791666666667,72.97237376995957,5917.511511624026
HE,vid_000042_frame0000005.jpg,10.482211738362698,0.5513103161877216,276.12833786827986,130.82894290123457,72.91250934366441,5748.409138850785
HE,vid_000042_frame0000006.jpg,10.44541266951473,0.5169147056783321,278.85067081207615,130.73347222222222,73.03184615255077,6177.492985453759
HE,vid_000042_frame0000007.jpg,10.424880241584361,0.5534213509944261,276.59474093752914,130.64591820987656,73.08147071725509,5947.455985067064
HE,vid_000042_frame0000011.jpg,10.59731861899122,0.6026367676779472,273.8064162540577,130.69385802469137,73.02496663744255,5382.726012962725
HE,vid_000042_frame0000012.jpg,10.591265407970134,0.5623626327113774,275.84872099781796,130.59858024691357,73.01336078364406,5537.405686723573
HE,vid_000042_frame0000013.jpg,10.558840408554708,0.5919928981840594,274.3632670570429,130.73845679012345,73.09848225165176,5423.781123173332
HE,vid_000042_frame0000014.jpg,10.451704908612305,0.5502503197622014,276.54811541718425,130.55513888888888,73.17285291791879,5694.453612939148
HE,vid_000042_frame0000015.jpg,10.309187799334016,0.5646905061757246,274.9492608118473,130.83777777777777,73.05958762848614,5702.2169466047
HE,vid_000042_frame0000018.jpg,10.297865626139838,0.49322451211729046,279.8084816991985,130.90506944444445,73.0431218332037,6731.321155464999
HE,vid_000042_frame0000019.jpg,10.360184086148045,0.5663934907896838,274.84213691597745,131.0160725308642,72.92922217410978,5853.027901573692
HE,vid_000042_frame0000020.jpg,10.522184452442808,0.5072880249369197,279.4818164777071,130.53439814814814,73.05413426231802,6399.604914662399
HE,vid_000042_frame0000021.jpg,10.740668527895918,0.5659490321370227,276.69259086941247,130.36243827160493,73.13116311210226,5927.952840991274
HE,vid_000043_frame0000009.jpg,11.92590408843105,0.768383135229714,275.47836884584194,128.8631712962963,73.72345183479072,4534.589941695007
HE,vid_000043_frame0000010.jpg,11.842660576820174,0.7527776684412487,276.04244124010603,128.81668981481482,73.61823089781603,4638.76142174759
HE,vid_000043_frame0000011.jpg,11.700123331850126,0.748983006455313,276.32338895186587,128.71825617283952,73.67366945546517,4662.111377912809
HE,vid_000043_frame0000012.jpg,11.588470636002858,0.7204499359913386,278.2416054937759,128.83216049382716,73.6525654319996,5161.977903548847
HE,vid_000043_frame0000013.jpg,11.600242599921394,0.7253719231543351,278.11419142329066,128.9220061728395,73.65225169204675,5097.570173701072
HE,vid_000043_frame0000014.jpg,11.727377669781411,0.7507777193471604,276.5034734040395,128.87262345679014,73.68206576460582,4671.91276754919
HE,vid_000043_frame0000015.jpg,12.001399596255665,0.7690092527587638,275.50167145983744,128.8626311728395,73.70265771873714,4507.158773622304
HE,vid_000044_frame0000017.jpg,9.048220708663315,0.6493831379865703,273.9975350346145,129.4824537037037,73.4844350330564,4745.120407865548
HE,vid_000044_frame0000018.jpg,9.01154514418402,0.6334661129409844,275.08228581510997,129.47637345679013,73.45735134401332,4953.260765882142
HE,vid_000044_frame0000019.jpg,8.983983176567712,0.6488491945761768,273.9828260130668,129.62224537037036,73.56423388227941,4833.350737632828
HE,vid_000044_frame0000020.jpg,8.971633925949691,0.6321743278660507,274.7991197292974,129.54366512345678,73.5230236520319,4838.443828965133
HE,vid_000044_frame0000021.jpg,8.985103493218606,0.6448225431563479,273.6818367963964,129.55317129629628,73.48128654423496,4782.294845846669
HE,vid_000045_frame0000002.jpg,9.897201490316354,0.5213764043784329,276.8715667589497,130.8517361111111,73.22179744594033,5233.652543834781
HE,vid_000045_frame0000003.jpg,9.801664141768649,0.5350170185632954,277.09671910722693,130.95401234567902,73.3558507050836,5629.106558962942
HE,vid_000045_frame0000004.jpg,9.836283124763257,0.5028439183700321,278.72855631056325,130.8196450617284,73.24829572784962,5698.69613004663
HE,vid_000045_frame0000005.jpg,9.83742241838141,0.5623723948170568,275.763667237979,131.06431327160493,73.339780595632,5540.2372159112565
HE,vid_000045_frame0000011.jpg,9.964425173084237,0.564533858376837,276.1269830945355,130.6667438271605,73.45403779723975,5097.7740287206125
HE,vid_000045_frame0000017.jpg,10.020375946234472,0.5804177385102245,275.73706430260506,130.50412808641974,73.5557545414958,4996.267422530865
HE,vid_000045_frame0000018.jpg,9.972674919395535,0.5387342997999401,277.5324890573364,130.6658101851852,73.42600199744072,5319.991824964754
HE,vid_000045_frame0000019.jpg,9.952370624634506,0.5978963936442517,274.2976816354617,130.83425925925926,73.37182680210752,5061.707762705226
HE,vid_000045_frame0000020.jpg,9.936730720117382,0.5332535419010067,277.6202557309924,130.76699845679013,73.41532753289563,5087.27626826608
HE,vid_000045_frame0000033.jpg,9.542437407058452,0.5241329832034048,277.07994482720983,131.41246913580247,73.39948421339388,5730.331916392258
HE,vid_000045_frame0000034.jpg,9.588092554693244,0.5125231767327102,276.8107025618279,131.26456790123456,73.16912183174065,5651.5832409192935
HE,vid_000045_frame0000035.jpg,9.620055474546284,0.5540694603505406,273.83956344761054,131.27135802469135,73.04296167752855,5565.8911330970295
HE,vid_000045_frame0000036.jpg,9.515874209647675,0.5553691487639012,273.2610664078276,131.40703703703704,73.0325583777274,5507.163570135972
HE,vid_000045_frame0000037.jpg,9.539180802920118,0.5538129723457534,273.90794868469357,131.15845679012347,73.14518455894218,5658.443141613084
HE,vid_000045_frame0000039.jpg,9.595485366710605,0.5606717742882031,273.68634998686196,131.16514660493826,73.09529677237006,5621.011564929067
HE,vid_000045_frame0000044.jpg,9.860810341708238,0.5572563704222562,275.3331418486659,131.36537037037036,73.38171578317434,5721.254954809611
HE,vid_000045_frame0000045.jpg,9.938459839821421,0.57011773134928,274.350781475757,131.16842592592593,73.29376560903336,5306.210067729707
HE,vid_000045_frame0000046.jpg,9.9455171318528,0.5823099782488891,273.5051035363412,131.03997685185186,73.22118591620033,5235.673312011258
HE,vid_000045_frame0000054.jpg,9.486464334703147,0.5080059617924094,277.29716761154697,131.60872685185186,73.31081008966243,6073.082941112195
HE,vid_000045_frame0000055.jpg,9.43169285862324,0.49008305997639307,278.28734863564927,131.36492283950616,73.40020968593,6190.612627670552
HE,vid_000045_frame0000056.jpg,9.427331538491798,0.5174422010834826,276.62052637762014,131.62898148148147,73.29590279724955,6229.154059118276
HE,vid_000045_frame0000059.jpg,9.367775573533597,0.4997598688386371,277.5425405983595,131.92139660493828,73.30902786749157,6526.943664371796
HE,vid_000045_frame0000062.jpg,9.370193620058236,0.46017633832092214,280.1611997194579,131.96121913580248,73.34877883888512,6775.346294718793
HE,vid_000045_frame0000063.jpg,9.428694321170106,0.4583983546264662,280.7275254595379,131.56907407407408,73.36925696544282,6777.1083064462355
HE,vid_000045_frame0000064.jpg,9.440520291166044,0.4627614931586972,280.81443760802784,131.64492283950617,73.47726584553907,6799.798018068355
HE,vid_000045_frame0000065.jpg,9.501423423296112,0.46568636772745325,280.52662293948663,131.37668209876543,73.37367425418624,6796.879077931561
HE,vid_000045_frame0000066.jpg,9.486329065754836,0.5239680414828121,276.5515328489689,131.7714737654321,73.26139973330821,6327.798307589354
HE,vid_000045_frame0000067.jpg,9.539647815456076,0.4808296096725198,279.25332559214337,131.54216049382717,73.2240898026806,6343.969838788806
HE,vid_000046_frame0000003.jpg,10.496075051980057,0.5811566383185264,274.7343302892083,130.97354166666668,73.15721097437483,5782.568221793017
HE,vid_000046_frame0000007.jpg,10.21228874682511,0.5561802802508214,275.1911084821174,131.2169675925926,73.14436174444369,6079.891038179203
HE,vid_000046_frame0000008.jpg,10.131041150125448,0.4985163951077989,277.8626114708541,131.30125,72.9634062156205,6702.787036342594
HE,vid_000046_frame0000016.jpg,10.984163400056204,0.6415754028618164,273.0101992949962,130.4375462962963,73.19522013608172,5157.471496892087
HE,vid_000046_frame0000017.jpg,11.011490165004801,0.6319857079113937,273.5353449732083,130.29327932098766,73.23548131439426,5115.9563599879375
HE,vid_000047_frame0000001.jpg,10.9105487585234,0.4875312536966498,278.8162136985349,130.14354938271606,72.42200004905682,6185.606733598573
HE,vid_000047_frame0000002.jpg,10.925526747054837,0.5662760026506168,274.2765542544822,130.1714814814815,72.34534382469859,5590.995416654997
HE,vid_000047_frame0000003.jpg,10.92893535782915,0.5808174460893497,273.7642010442142,130.09998456790123,72.34870390539062,5457.6081042709175
HE,vid_000047_frame0000004.jpg,10.864691467650772,0.5469564076205103,275.1827137601683,130.1877700617284,72.25863161389482,5572.317906006849
HE,vid_000047_frame0000005.jpg,10.853224819107508,0.5697675571846909,274.2546339098473,130.17882716049382,72.38276598037773,5409.566466918092
HE,vid_000047_frame0000006.jpg,10.841111980834377,0.5703653315483602,273.92028683619543,130.1882175925926,72.28046913002403,5454.035124973744
HE,vid_000047_frame0000008.jpg,10.796432817837369,0.5589488242663936,274.4431876488213,130.24002314814814,72.27640534822683,5484.702966151728
HE,vid_000047_frame0000009.jpg,10.792659732853329,0.5987447338387666,272.1246429145833,130.266875,72.28420612556737,5300.508275890144
HE,vid_000047_frame0000010.jpg,10.788021045334126,0.5624159186959498,273.82524915621946,130.2064274691358,72.24998165480555,5523.314782919667
HE,vid_000047_frame0000011.jpg,10.772827896741571,0.5765502095703608,272.6476153957236,130.329112654321,72.1974396239633,5522.277259514317
HE,vid_000047_frame0000012.jpg,10.732779811060373,0.5445313847706981,274.02969249422733,130.34412808641974,72.20328326634727,5558.122262588531
HE,vid_000047_frame0000013.jpg,10.698757598607616,0.5828255410713606,271.9309424247692,130.36171296296297,72.21983829504227,5439.2309595219385
HE,vid_000047_frame0000014.jpg,10.646585001788363,0.5455920932921968,273.9404074374548,130.27429783950618,72.2622117913588,5548.864474022098
HE,vid_000047_frame0000017.jpg,10.433632987819866,0.556004131853518,272.14055966692104,130.55663580246915,72.11424825681217,5565.494828445967
HE,vid_000047_frame0000018.jpg,10.442168811904843,0.5446148942102124,273.0872997558906,130.60162808641977,72.17912942257746,5746.256698551097
HE,vid_000047_frame0000019.jpg,10.434534242160003,0.5738438437074395,270.79875108542643,130.65962962962962,72.07084946395052,5441.8872679231445
HE,vid_000047_frame0000020.jpg,10.470181832031507,0.5230887617805585,273.5607159342764,130.57028549382716,72.05650387929865,5834.035444707302
HE,vid_000047_frame0000021.jpg,10.661057956832806,0.5511111960559599,272.9814537720136,130.36573302469137,72.17711431197587,5485.698884452101
HE,vid_000048_frame0000004.jpg,10.4352821287553,0.5772314489095641,273.4027223652872,130.5056172839506,72.70269196572714,5576.488112758571
HE,vid_000048_frame0000005.jpg,10.553097478625798,0.6124887611475416,271.7695948442616,130.50069444444443,72.60951232711831,5500.230468815492
HE,vid_000048_frame0000006.jpg,10.586734327547285,0.5887413757019627,272.86772110146893,130.5158024691358,72.50497735343905,5602.415015374704
HE,vid_000048_frame0000007.jpg,10.540642483310656,0.5940582621229429,273.2004663460269,130.43368827160495,72.67180612330901,5761.187316025568
HE,vid_000048_frame0000008.jpg,10.436082185654396,0.5514682725795796,273.9885072359458,130.76987654320988,72.43646848124321,5852.897241363501
HE,vid_000048_frame0000009.jpg,10.388111200398843,0.5714495881909172,273.11708100249115,130.68760802469137,72.5002129891767,5820.336567553477
HE,vid_000048_frame0000010.jpg,10.366866227162726,0.558271193665723,273.87234626211284,130.60925925925926,72.57490632762573,5898.132105182078
HE,vid_000048_frame0000011.jpg,10.389006479516937,0.5942397191575456,271.72688126125126,130.7372685185185,72.46725218217748,5842.649121738303
HE,vid_000048_frame0000012.jpg,10.376808255146015,0.56922686225817,273.3245973238343,130.69023148148148,72.51588236172475,5972.240653283607
HE,vid_000048_frame0000013.jpg,10.47377060936006,0.5915601716755028,272.84473228412213,130.5090972222222,72.65947611777615,5722.71124365355
HE,vid_000048_frame0000014.jpg,10.584133066338913,0.577789504104013,273.04761123496036,130.68560956790122,72.48322332295821,5863.272586252513
HE,vid_000048_frame0000015.jpg,10.623424018534571,0.6022840421650097,272.73652657106487,130.64949074074073,72.68139598460888,5671.859916838135
HE,vid_000048_frame0000016.jpg,10.516063084751739,0.5997268319038445,271.9632831541906,130.642862654321,72.53855365381864,5531.940320571786
HE,vid_000048_frame0000017.jpg,10.34712833640918,0.5918840669568538,272.1389044081703,130.8339351851852,72.59030858780216,5876.618392086702
HE,vid_000048_frame0000018.jpg,10.225311053068605,0.5387244720526682,274.75865935938833,130.89637345679012,72.64765319420829,6140.006678968942
HE,vid_000048_frame0000019.jpg,10.274957214271376,0.5774559761550931,272.60221002734556,130.73342592592593,72.5804648409931,5899.093748467269
HE,vid_000048_frame0000020.jpg,10.407971584444295,0.5629384813861691,273.877122450936,130.6692901234568,72.58641007291828,5897.8251000509035
HE,vid_000048_frame0000021.jpg,10.553314337147325,0.6027035250797953,272.4918216884353,130.45540895061728,72.67084406041482,5541.7832947985735
HE,vid_000048_frame0000022.jpg,10.544865888923097,0.5642734721698027,274.21798421108195,130.56077932098765,72.62816201023712,5827.313419385799
HE,vid_000048_frame0000023.jpg,10.50329859966146,0.594199180514884,272.4203763185318,130.5745138888889,72.5631856641489,5585.12943801226
HE,vid_000048_frame0000025.jpg,10.459694611651294,0.6071102703437611,271.56520831162914,130.55631172839506,72.54643909870991,5707.477324298887
HE,vid_000048_frame0000026.jpg,10.72993992606565,0.6386542333853709,271.26276223813863,130.42513888888888,72.71207688004178,5369.203464791893
HE,vid_000048_frame0000027.jpg,11.156755762601605,0.6583913977988405,271.99892336900746,130.02765432098766,72.89343751087686,5276.00695369513
HE,vid_000048_frame0000028.jpg,11.143204910611164,0.6400859718346584,273.10474963394205,129.92639660493828,72.97516917119772,5208.293393274653
HE,vid_000048_frame0000029.jpg,11.005263977685944,0.6625409053649381,272.0586362071957,130.1764737654321,73.05553732934452,5198.278236732623
HE,vid_000049_frame0000007.jpg,10.736140568454866,0.7500732248200416,271.33761737815485,128.93217592592592,72.99605360054063,4508.782976821786
HE,vid_000049_frame0000008.jpg,10.946522680057825,0.7344575838127998,272.71182139376344,128.67918209876544,73.10458299087212,4532.034539044578
HE,vid_000049_frame0000009.jpg,11.862161328102367,0.7595722321920748,273.103818162202,128.76835648148148,72.92977473872261,4280.035214940498
HE,vid_000049_frame0000010.jpg,10.614377656048767,0.7359436917380772,271.37315531388697,128.96357253086418,72.96000653928378,4599.949795037914
HE,vid_000049_frame0000011.jpg,10.247093774449407,0.7311629321349647,271.15120482045194,128.9984336419753,72.925545950484,4832.223164448064
HE,vid_000049_frame0000012.jpg,10.47229576444776,0.7254644251515415,271.81709330652257,128.78624228395063,73.04691073006941,4644.924409407806
HE,vid_000049_frame0000013.jpg,10.921060299293154,0.7453878455783792,270.6450739625038,128.8150462962963,72.88250938904022,3947.854458435975
HE,vid_000049_frame0000017.jpg,10.013887695333281,0.7147868652331796,272.28054580969456,129.00818672839506,73.05256649535131,4815.648725734394
HE,vid_000050_frame0000005.jpg,12.082415711969656,0.8170879566625375,271.34152016733617,128.56751543209876,73.0792172940324,4684.128517763823
HE,vid_000050_frame0000007.jpg,12.972971003146315,0.8327039583875981,271.7659023414588,128.5284336419753,73.21573584605035,4367.370121164599
HE,vid_000050_frame0000008.jpg,12.16774390378701,0.8244183528519627,271.11765953978096,128.53979938271604,73.2393090792383,4211.542642784959
HE,vid_000050_frame0000009.jpg,11.980108535291906,0.7880506188343404,273.8693791903153,128.58979166666666,73.21378761350799,4434.74189464586
HE,vid_000050_frame0000010.jpg,12.188159763229594,0.7823139528118078,274.6265454831202,128.58935956790123,73.1055323947475,4637.8852669490525
HE,vid_000050_frame0000011.jpg,12.422108443562855,0.7950816042099044,274.37965137905456,128.58931327160494,73.19159588589868,4448.763989767602
HE,vid_000050_frame0000012.jpg,12.1997117631727,0.7631609200732364,276.49279568781327,128.59912037037037,73.1429431241038,4677.328206168017
HE,vid_000050_frame0000013.jpg,12.215841908565114,0.7457277430965007,278.9545805802135,128.54506944444444,73.21078811570706,4845.773851004991
HE,vid_000050_frame0000014.jpg,11.840129260259246,0.723292377267529,279.90785863092714,128.53887345679013,73.2440420277176,4847.182496450082
HE,vid_000050_frame0000015.jpg,12.039153925725474,0.7243937990662482,280.4158580336407,128.5112962962963,73.25958136163882,4946.980877897747
HE,vid_000050_frame0000023.jpg,10.967474925413057,0.696130488634929,277.9020002638227,128.66866512345678,73.16663793707075,4980.703470221527
HE,vid_000050_frame0000024.jpg,10.904568859120511,0.6964283462292875,277.60033497145275,128.716875,73.11757276274874,5047.619254214297
HE,vid_000052_frame0000035.jpg,13.273298364539736,0.711577266053904,278.5845663914886,128.9925385802469,72.88802124022074,5097.954619307269
HE,vid_000052_frame0000041.jpg,13.434732222722769,0.6555289506299031,284.180525999503,128.9550462962963,73.0570216424355,6303.8227877728605
HE,vid_000052_frame0000045.jpg,12.562005960804663,0.6672238695807752,281.5607825894971,129.06868055555555,72.97589656159727,5914.46358272367
HE,vid_000052_frame0000047.jpg,12.630181528863954,0.659320748238231,281.9971410114482,129.0030324074074,72.87015647925205,5933.049213725041
HE,vid_000052_frame0000049.jpg,12.790157427756448,0.650359936253388,282.5389671138738,128.99966049382715,72.9621575549265,5686.05518991716
HE,vid_000052_frame0000051.jpg,12.779734817403634,0.5857972877115166,290.20840538295136,129.1519135802469,73.28782927047106,6637.146688580247
HE,vid_000052_frame0000052.jpg,12.737945806804479,0.5443667874677062,294.67521570548416,129.2555324074074,73.47244478716888,7392.922906767023
HE,vid_000052_frame0000054.jpg,12.98642351988624,0.593431593486681,293.5424214002232,129.06546296296295,73.51006180668536,7984.688027517659
HE,vid_000052_frame0000056.jpg,13.75610433333273,0.6498098587183181,292.0535666637426,128.81054783950617,73.43994089093529,7589.212922131665
HE,vid_000052_frame0000058.jpg,13.9699620123077,0.5896964718617607,297.44198440499025,128.9069598765432,73.50918048203481,8299.794864176038
HE,vid_000052_frame0000060.jpg,15.043469418890563,0.6963248895890093,296.9884672656372,128.65212191358026,73.70951854649104,7453.011915635717
HE,vid_000052_frame0000062.jpg,14.94580657088301,0.6656924683206332,297.91291696430153,128.63869598765433,73.60059080691344,8489.416431348534
HE,vid_000052_frame0000066.jpg,15.010849315830404,0.6581838584289154,294.8291806836036,128.66967592592593,73.57745429863563,7220.978640814985
HE,vid_000052_frame0000068.jpg,15.045140689731571,0.6487361707241922,297.74262201432526,128.6876851851852,73.61046963795738,8371.63740120593
HE,vid_000052_frame0000070.jpg,16.59333234311649,0.7914612467958705,293.47885200228166,128.42774691358025,73.61946270349141,6825.556305208811
HE,vid_000052_frame0000072.jpg,17.018813944831056,0.7793213897830275,293.4727951236657,128.4519598765432,73.69523656766306,6682.192590942154
HE,vid_000052_frame0000074.jpg,17.002929238301903,0.7355570820237437,296.96787301092206,128.5189814814815,73.7222967064827,7603.832642510609
HE,vid_000052_frame0000076.jpg,17.223360482454108,0.7270678498284612,294.7787304547708,128.48689043209876,73.70275436494036,6393.75003735848
HE,vid_000052_frame0000078.jpg,17.689848855079056,0.7502436142809126,298.0466680774818,128.43519290123456,73.72885183732231,7658.567516643745
HE,vid_000052_frame0000080.jpg,17.939763534570083,0.7697046128117933,297.13898651478064,128.41972222222222,73.72883933660451,7334.520407426459
HE,vid_000052_frame0000082.jpg,18.931773983778967,0.8388202752087534,292.32300955366634,128.28293981481482,73.60143216660103,6218.2764025596325
HE,vid_000053_frame0000001.jpg,14.917275812263123,0.7045398907542855,299.0637728079111,128.59484567901234,73.49504487774072,10484.92840853618
HE,vid_000053_frame0000002.jpg,14.912749866884532,0.7049204299439985,299.11728692278257,128.57047839506174,73.52359841259519,10464.083242095276
HE,vid_000053_frame0000012.jpg,14.927117836257462,0.702593499436576,300.1593065321536,128.69175154320988,73.5481735544638,10686.094310428038
HE,vid_000053_frame0000018.jpg,14.926109700247858,0.7013343219309797,299.93833682561836,128.64653549382717,73.49123715003631,10807.306998765433
HE,vid_000053_frame0000035.jpg,14.917285922774257,0.7030694843930206,299.6911389001327,128.65905864197532,73.50009317859394,10483.192887172068
HE,vid_000053_frame0000040.jpg,14.900776919656389,0.7044510095545936,299.38640663588563,128.56503086419752,73.53202889947428,10473.075751241653
HE,vid_000054_frame0000018.jpg,14.406397738164703,0.7261271491902496,288.86139564950105,128.68534722222222,73.60773680811108,7753.600398330094
HE,vid_000054_frame0000020.jpg,14.37589068165741,0.7258408651204027,288.17047914410216,128.68712191358026,73.61451166707587,7364.266747427448
HE,vid_000054_frame0000024.jpg,14.308188244119659,0.7186798874783267,288.73194627847175,128.67239969135804,73.5155108808666,7554.828792604917
HE,vid_000055_frame0000055.jpg,12.530521286546856,0.7820124159535498,288.192898929578,128.31104938271605,73.30607126767376,5490.2822282778325
HE,vid_000063_frame0000021.jpg,14.376833959178171,0.7090985434406815,291.07177301301886,128.77633487654322,73.39767114682009,6503.34833070035
HE,vid_000063_frame0000026.jpg,14.297510971336733,0.7128291266740444,288.9031744598352,128.7097839506173,73.09650449295866,5451.033357475994
HE,vid_000063_frame0000030.jpg,14.375020254309522,0.6920924579190126,294.1210528556644,128.72854166666667,73.48299274260883,7091.476105669629
HE,vid_000063_frame0000040.jpg,14.469835448034827,0.6703058830687665,295.23042561534044,128.76408950617284,73.48249997808338,7133.294140213954
HE,vid_000063_frame0000044.jpg,14.313935724880658,0.6645156162115383,297.49688254671923,128.7546836419753,73.55554913860692,7599.671457952294
HE,vid_000068_frame0000001.jpg,11.153055106843926,0.39911081499847517,284.7554497353629,131.30328703703702,72.75779830715076,8562.606001026663
HE,vid_000068_frame0000015.jpg,10.710886501468304,0.5287081624804512,277.11625395605046,131.5753549382716,72.92633576545916,7160.876047709952
HE,vid_000068_frame0000016.jpg,10.726287678991666,0.5397753582538156,277.1298223321527,131.75391203703703,72.80619496712507,7836.838937434211
HE,vid_000069_frame0000001.jpg,13.164555557246768,0.5912820579048176,283.88742635238054,129.10543209876542,72.55810024973317,6650.356957012793
HE,vid_000069_frame0000002.jpg,13.177617202778736,0.610847341965859,282.5994833311539,129.096875,72.58074052085279,5973.083373778232
HE,vid_000069_frame0000003.jpg,13.17641511023644,0.6106996939357879,283.09156636363736,129.0751388888889,72.62509462699154,6310.410373530855
HE,vid_000069_frame0000004.jpg,13.259105828277791,0.6158882789201369,283.270592569967,129.08128086419754,72.62370532766751,6594.9188629820155
HE,vid_000069_frame0000005.jpg,13.34633957386512,0.6302572335278724,282.01974044762096,129.04070987654322,72.58135660948928,6212.290660036342
HE,vid_000069_frame0000006.jpg,13.341379147005375,0.6398274939839602,280.7233554391105,129.05949845679012,72.60023606223099,5811.415132456706
HE,vid_000069_frame0000007.jpg,13.261522263794587,0.6192615032421619,281.92326241158844,129.06926697530864,72.60329344500455,5938.3178442900635
HE,vid_000069_frame0000008.jpg,13.133105102042947,0.6033550394666914,282.9446828844443,129.1236651234568,72.62517689886587,6343.738794864481
HE,vid_000069_frame0000009.jpg,13.064477760105447,0.5997632083045773,282.45812049361115,129.1992901234568,72.56446967183963,6325.559484374464
HE,vid_000069_frame0000010.jpg,13.001655729771631,0.587065995353609,284.12415723642994,129.17681327160494,72.52965652083255,6833.469381904198
HE,vid_000069_frame0000060.jpg,13.20279100443141,0.6101842842608797,285.8497770568058,128.94461419753085,72.5107406071717,6925.266238414257
HE,vid_000069_frame0000070.jpg,13.190614775093527,0.6106743698362701,285.9769335693663,128.97391203703702,72.48945904621755,7197.620277486044
HE,vid_000072_frame0000020.jpg,12.96414371911997,0.533071184294745,283.7947835187324,130.25132716049382,72.93636219566623,6556.739408178953
HE,vid_000073_frame0000053.jpg,11.5158941305552,0.5517352360613148,281.36831038474224,129.97760030864197,73.12268989564603,6272.857733021774
HE,vid_000073_frame0000055.jpg,12.115869249457194,0.5754761912021523,281.3777621215893,129.76105709876543,73.10783161628875,6094.971935643326
HE,vid_000073_frame0000056.jpg,12.183553235759259,0.6095280553783332,279.20636838495494,129.7237577160494,73.1024779208169,5002.225817231973
HE,vid_000073_frame0000063.jpg,13.094148054429361,0.7479958127011983,274.108785630613,128.98204475308643,73.27136224222484,4108.563146981215
HE,vid_000074_frame0000006.jpg,10.049763247465107,0.5282324141816147,283.87055507428425,131.25283950617285,73.30008005291921,9822.81705425234
HE,vid_000074_frame0000012.jpg,10.194783241393239,0.5202440827332274,286.41978844525585,130.9367901234568,73.27704722198648,10602.599655066337
HE,vid_000074_frame0000016.jpg,10.34316710649119,0.530940331763668,286.81818667532843,130.94621913580247,73.38955405679805,10552.882552337616
HE,vid_000074_frame0000020.jpg,10.513694627755243,0.5280540202483764,287.9965602297499,130.94608796296296,73.5847008343944,10535.118729779604
HE,vid_000074_frame0000021.jpg,10.454613893217594,0.5449293012852876,287.0521916695906,130.92033179012347,73.54834076449926,10351.002214360366
HE,vid_000074_frame0000022.jpg,10.428563029701536,0.5287075928139281,287.5332420513715,130.82720679012345,73.50560470719779,10482.142692885993
HE,vid_000074_frame0000023.jpg,10.46062006860776,0.5433691351766755,286.97725671152006,130.88332561728396,73.5726002389176,10186.670413406637
HE,vid_000074_frame0000028.jpg,10.419489472443813,0.5370851253386115,289.2334363992083,130.6686574074074,73.74991857530496,10426.885249884735
HE,vid_000074_frame0000029.jpg,10.614965546410994,0.5515953196260193,288.0560783609374,130.42820216049384,73.55732279688782,9852.942547435605
HE,vid_000074_frame0000030.jpg,11.035692229202517,0.5358193126733136,289.3065265718634,130.1276311728395,73.45672257497307,9948.510589191577
HE,vid_000074_frame0000031.jpg,10.965475563009015,0.5739517037526896,287.92962334279196,130.1753549382716,73.59617085720666,9662.319297652795
HE,vid_000074_frame0000032.jpg,10.8997715003629,0.5713556682172384,288.18685511410524,130.1811188271605,73.59386787546693,9619.17690119593
HE,vid_000074_frame0000033.jpg,10.852870214689656,0.5865775313797249,287.20747808855674,130.17680555555555,73.60850439186949,9256.54460561932
HE,vid_000074_frame0000034.jpg,10.723018663764263,0.5673558639684692,287.49609492552764,130.29071759259259,73.49428820258629,9651.761255051095
HE,vid_000074_frame0000035.jpg,10.555102860155234,0.5660207020376755,287.7521861569972,130.66568672839506,73.7455402611023,9362.983576502962
HE,vid_000074_frame0000036.jpg,10.51031474869161,0.568999619967343,286.7410328105551,130.53019290123456,73.5021582499525,9193.565057524518
HE,vid_000074_frame0000047.jpg,10.17969885384913,0.5486644000921806,290.79482490112747,130.0315740740741,73.52139264130783,9340.68840896967
HE,vid_000074_frame0000048.jpg,10.381332246287442,0.5728283666247291,289.92778845803184,129.7683024691358,73.52961351161701,8958.915280130635
HE,vid_000074_frame0000050.jpg,10.587379319909235,0.6278729602153419,286.99937954012927,129.2925462962963,73.33780554543529,8365.520436135343
HE,vid_000075_frame0000001.jpg,9.921729857454313,0.3364987682273474,292.79018080379865,131.95374228395062,73.14789051270225,12248.716174874198
HE,vid_000075_frame0000002.jpg,9.904786959228893,0.4053850843894628,284.890381808962,132.12907407407408,73.2304710435903,8619.976227484794
HE,vid_000075_frame0000003.jpg,9.979460118378803,0.440877833726039,281.67654476661215,132.36268518518517,73.26161583338286,7810.974778613624
HE,vid_000075_frame0000045.jpg,9.598307211952404,0.34557000946554556,299.8405636449809,135.9558410493827,74.41759177177488,15036.56025440809
HE,vid_000075_frame0000046.jpg,9.590260677581014,0.39028140770758957,296.3513407884964,135.81117283950618,74.50215523343547,13281.117719474927
HE,vid_000075_frame0000047.jpg,9.651027517111228,0.34753600980439137,298.36367957230584,135.25608796296297,74.0604146159811,14591.583498556754
HE,vid_000075_frame0000048.jpg,10.006289446109573,0.3803231493586187,291.75795162117754,135.355625,74.25268080329934,10123.52988815009
HE,vid_000075_frame0000049.jpg,10.049499893552486,0.2960036128710695,300.4895540270886,134.77833333333334,74.11576020108804,11837.973222114995
HE,vid_000075_frame0000050.jpg,10.023701973420367,0.334399537851741,299.116949607812,134.55711419753086,74.10402313060527,11941.265039801418
HE,vid_000075_frame0000058.jpg,10.356981336249882,0.32763587104466013,305.3137481920238,133.13179783950616,74.27487309210309,13248.632229286693
HE,vid_000075_frame0000059.jpg,10.36508204270164,0.3375425316633877,301.61801591375576,133.28417438271606,74.29420428050423,11025.843078153519
HE,vid_000075_frame0000060.jpg,10.304127239252562,0.35531703797766134,301.4313009452501,133.35655092592592,74.33755775750775,11778.109249102414
HE,vid_000075_frame0000061.jpg,10.277694861857878,0.3606620798165747,301.3200567340807,133.71138888888888,74.48657331936482,11927.975837725706
HE,vid_000075_frame0000062.jpg,9.982778473847958,0.33473718325176893,307.6958332158851,133.97506172839505,74.76528021077824,15521.781427828979
HE,vid_000075_frame0000070.jpg,10.01417098598681,0.34550053517903495,307.9718260289902,134.0757561728395,74.89034186203287,15555.991865397567
HE,vid_000075_frame0000075.jpg,10.496915625405649,0.4284897121043092,295.2913586534549,133.7006790123457,74.59828573168987,9882.393683840533
HE,vid_000075_frame0000080.jpg,9.659316898575291,0.3429524913950184,299.1665782700085,134.82224537037038,74.8038203818745,13168.272935474537
HE,vid_000075_frame0000085.jpg,9.75565842682839,0.3459213968737362,297.14728482524595,134.44711419753085,74.36920635805161,12728.615811554782
HE,vid_000075_frame0000090.jpg,10.46382614285018,0.32038916236453746,299.08743691275845,132.53682098765432,72.80462112515819,11418.478115759792
HE,vid_000076_frame0000001.jpg,11.126506458731837,0.4884864176921781,282.6863851599348,130.24266975308643,72.97355759660151,7225.595123159341
HE,vid_000076_frame0000004.jpg,11.167051028985833,0.5543697148924894,280.0360520184635,130.32132716049384,72.97599706070535,6784.053596793017
HE,vid_000076_frame0000035.jpg,10.53768292437785,0.3717229598156388,296.27556458389506,135.52868827160495,75.27359046046783,10688.75844731647
HE,vid_000076_frame0000036.jpg,10.473458179056012,0.40561023424547393,295.1297887477141,135.74662037037038,75.587904508741,10287.832932611027
HE,vid_000076_frame0000037.jpg,10.40108052827186,0.35039283315191727,298.4846046794976,136.29086419753085,75.92582361244737,11340.187944054831
HE,vid_000076_frame0000038.jpg,11.351842390183522,0.4584693121104613,284.46300992712327,133.17956018518518,74.03067299190062,7677.803728493595
HE,vid_000076_frame0000041.jpg,11.512322662593565,0.612463139251176,284.0748127908897,130.1474074074074,73.73527776934802,7637.678639330357
HE,vid_000076_frame0000042.jpg,11.319638826239666,0.6312962088901011,282.92392411260795,130.1721836419753,73.8524969237162,7490.0892857831805
HE,vid_000077_frame0000007.jpg,10.597263891631366,0.515510290492962,284.0635017292321,131.20503086419754,73.3750860684647,6987.840303152088
HE,vid_000077_frame0000008.jpg,10.581940206263752,0.4568462020665676,289.5050063642689,131.24876543209876,72.94202118988727,8958.700506352345
HE,vid_000077_frame0000009.jpg,10.81843880772986,0.4368662880987532,290.9942703465397,131.20749228395061,72.85315166658592,8762.253135215133
HE,vid_000077_frame0000010.jpg,10.854785879389603,0.41759819684744587,294.12262606160226,131.30399691358025,72.83254243201387,10916.745411067708
HE,vid_000077_frame0000011.jpg,10.847820699382005,0.46456809141551175,290.80265115265246,131.34774691358024,73.0842287278915,9163.566525398126
HE,vid_000077_frame0000012.jpg,10.838412659794042,0.4605233226744922,292.2395720328938,131.3979012345679,73.49679262702136,9602.496429269013
HE,vid_000077_frame0000042.jpg,12.281537948212314,0.5522984877414459,283.05930167661404,130.08221450617285,72.29654365043785,6696.99512818549
HE,vid_000077_frame0000050.jpg,12.138782814993075,0.6414884711419185,278.4546649777647,130.23387345679012,73.68434309542116,5321.148971307489
HE,vid_000077_frame0000051.jpg,12.301901555734018,0.7208723644730548,275.8385483000892,129.34783950617285,73.73899422980777,4602.301053931375
HE,vid_000078_frame0000032.jpg,11.54711074575189,0.6195848108573162,281.4793591437222,130.11757716049382,73.34580851165671,7386.843898146005
HE,vid_000078_frame0000033.jpg,11.318871251053713,0.6313372636260955,281.42452790242413,130.8024074074074,73.90865587979175,7349.185633397097
HE,vid_000079_frame0000008.jpg,10.560116209250957,0.7297082270442695,274.3089200680272,129.0926774691358,73.30994554720135,4801.478584083445
HE,vid_000079_frame0000010.jpg,10.83744699580459,0.7190314910142046,276.06322896324997,129.05400462962962,73.4307605665968,4776.371716767404
HE,vid_000079_frame0000011.jpg,10.708088274184483,0.687438100197927,277.67006978359257,129.1169675925926,73.3216264797206,5228.8108441309805
HE,vid_000079_frame0000012.jpg,10.441541435172903,0.6778292795456244,277.49735017396216,129.0470601851852,73.28765317480043,5432.573534093269
HE,vid_000079_frame0000013.jpg,10.301481199344938,0.6899033734028985,276.4978744288674,129.0598225308642,73.33893566541859,4841.138961676418
HE,vid_000079_frame0000014.jpg,10.447965676861928,0.687277055109785,277.01283012353167,129.00217592592594,73.3351916529269,5279.92947370536
HE,vid_000079_frame0000018.jpg,11.266794915494016,0.7115636233059011,276.50039575671974,129.044899691358,73.45003927508509,5007.803174366938
HE,vid_000079_frame0000019.jpg,11.246918941732947,0.7198015424011777,276.71359948330354,129.0193287037037,73.52020353999102,4703.9779080530325
HE,vid_000079_frame0000090.jpg,11.87365628183837,0.7317837325010507,276.76658430658966,129.24074845679013,73.73524069762104,4834.804635673333
HE,vid_000079_frame0000097.jpg,11.790799508270535,0.7396240346894842,275.9291866767699,129.25101851851852,73.68303257254058,4695.628056740587
HE,vid_000079_frame0000101.jpg,11.726775559189967,0.7107697968212312,277.5062722873906,129.30146604938273,73.75281526963143,4940.028110746683
HE,vid_000079_frame0000110.jpg,11.538243521106057,0.7189069222302229,276.5374188018048,129.2785648148148,73.69158113406856,4845.5586689621905
HE,vid_000079_frame0000111.jpg,11.345511614596163,0.6933558932411104,278.22659361538604,129.33601851851853,73.71670921913446,5298.090220867092
HE,vid_000079_frame0000115.jpg,11.300306691529823,0.6946849537103473,278.2658496981738,129.24037037037036,73.68217209359892,5438.138285322299
HE,vid_000079_frame0000118.jpg,11.839385806994933,0.7289569234898435,276.6103897609226,129.2225462962963,73.69055981509473,5022.489864283027
HE,vid_000079_frame0000120.jpg,11.506118499543966,0.7161144140611858,276.4158825257606,129.1463425925926,73.67185975842708,4937.93341820934
HE,vid_000079_frame0000121.jpg,11.379768516506193,0.7082468151323443,276.72725276663584,129.31688271604938,73.568673210388,5081.401264293207
HE,vid_000079_frame0000126.jpg,11.869535855360784,0.7371163380798667,275.4586996109426,129.16773148148147,73.6852601311454,4722.460541074566
HE,vid_000079_frame0000127.jpg,11.654863666579761,0.7392376620794886,275.30305435808395,129.2869675925926,73.67790106163254,4704.483560609032
HE,vid_000080_frame0000037.jpg,11.727496907807648,0.7068224120397663,277.76568129068613,129.02707561728394,73.49853446046986,5202.636574538406
HE,vid_000080_frame0000045.jpg,11.844385560387693,0.758828685182645,274.91617604018813,128.90077932098765,73.5680459519969,4429.682045867091
HE,vid_000080_frame0000046.jpg,11.93862060693811,0.7544066071714416,275.6895005405375,128.8519212962963,73.59464413412415,4551.585780829903
HE,vid_000080_frame0000051.jpg,11.490374965392697,0.7578128913121361,274.17585356126375,129.0420524691358,73.43863288141382,4339.681048900463
HE,vid_000080_frame0000052.jpg,11.540689505850308,0.7601879499392291,274.0997990448611,128.91273919753087,73.46005959861021,4623.960904894869
HE,vid_000080_frame0000054.jpg,11.666080696068313,0.7519100781078493,275.2886933235994,128.94083333333333,73.470398229302,4549.627975788751
HE,vid_000080_frame0000055.jpg,11.844871320750466,0.7514756802365614,275.43778167941986,128.9015586419753,73.38380260810253,4666.519238026727
HE,vid_000080_frame0000056.jpg,12.005380323599425,0.7614078160330114,275.2260131014981,128.79605709876543,73.5572245418017,4300.672862034893
HE,vid_000080_frame0000057.jpg,12.081988043136905,0.7494531588266167,275.87751636592833,128.8610262345679,73.48814225460637,4689.257085273717
HE,vid_000080_frame0000058.jpg,12.057074047345761,0.7442151104472101,276.33778820417314,128.90557098765433,73.51087485570089,4657.384782711703
HE,vid_000080_frame0000059.jpg,11.979951123524978,0.754045354058653,275.758094458862,128.75121913580247,73.53953830764347,4444.110942698272
HE,vid_000080_frame0000060.jpg,11.955002772256105,0.7497732482356394,275.43073821400344,128.91064043209877,73.38910726935947,4549.42145986797
HE,vid_000080_frame0000061.jpg,12.06170038204757,0.7595900369964709,275.28092096751357,128.8793287037037,73.42243491767839,4474.241705308297
HE,vid_000080_frame0000063.jpg,12.426462598715467,0.7676339606682437,274.9708375270683,128.8081712962963,73.44138703643101,4460.769927724195
HE,vid_000080_frame0000064.jpg,12.25000316572653,0.7663637446735195,274.7292064722033,128.92791666666668,73.43828383335301,4358.240910483765
HE,vid_000080_frame0000077.jpg,12.420508515405409,0.7580918124945394,276.2853959359848,128.94818672839506,73.57956059043286,4540.139092371053
HE,vid_000080_frame0000083.jpg,12.215929061473306,0.7493463185635725,276.3916799777067,128.94655092592592,73.60187335947123,4761.778060948157
HE,vid_000080_frame0000084.jpg,12.194346621649974,0.7701763145015819,274.5517345921718,129.02612654320987,73.53258775852696,4691.397931980643
HE,vid_000080_frame0000085.jpg,12.190070127800695,0.7476081750315885,275.9943216279354,128.9961728395062,73.55508717655343,4680.702583390252
HE,vid_000080_frame0000087.jpg,12.137145588327595,0.7608595817596547,275.1108434181687,128.91515432098765,73.53565047456183,4675.819347778003
HE,vid_000080_frame0000088.jpg,12.200443164537184,0.7897341530344301,273.67319855941355,128.9059413580247,73.55413777508419,4724.267228273545
HE,vid_000080_frame0000124.jpg,11.512583828103562,0.717010769756853,276.6232712862378,129.00853395061728,73.4471015951429,4992.544696692577
HE,vid_000080_frame0000125.jpg,11.546822862315594,0.7027187639367732,277.579338490392,128.90288580246914,73.45437662505786,5241.3680777282425
HE,vid_000080_frame0000126.jpg,11.478013229514348,0.7227256683445406,276.1955784324691,128.91721450617283,73.5080996625981,5100.534608986281
HE,vid_000080_frame0000132.jpg,11.145787286356954,0.7274999623822618,275.2992489753986,129.10675925925926,73.54806466130516,4912.3897702540935
HE,vid_000081_frame0000020.jpg,10.716681493627178,0.5421162859808834,276.63374306367496,130.28820216049382,72.60316076730803,5638.662070718783
HE,vid_000081_frame0000021.jpg,10.672813514503186,0.5817028790077803,273.5274646495923,130.4476388888889,72.52046585751215,5245.067284978888
HE,vid_000081_frame0000022.jpg,10.693373461165645,0.5496296283190957,275.47789771658864,130.392862654321,72.53445713732505,5679.347206214754
HE,vid_000081_frame0000023.jpg,10.713995583859129,0.5500890796859043,275.7417128719526,130.47881172839507,72.43545891664216,6107.240917351049
HE,vid_000081_frame0000026.jpg,11.033221466117036,0.5764407889988168,276.3203102846758,130.09094907407408,72.6820878017173,5607.09455244032
HE,vid_000081_frame0000029.jpg,10.985399232840535,0.6284781305357776,272.10987713622956,130.0877237654321,72.48150624429803,5029.338216406548
HE,vid_000081_frame0000030.jpg,10.739935733482312,0.5365231829311049,277.2836205468179,130.33908179012346,72.45729532250833,6326.868978855881
HE,vid_000081_frame0000031.jpg,10.601903295255095,0.5089175249656185,279.3393641905695,130.31175154320988,72.48290173551275,7614.309725522024
HE,vid_000081_frame0000032.jpg,10.56016706021021,0.4938688268585126,280.5819036892584,130.35452160493827,72.49762528839358,7760.702131705759
HE,vid_000081_frame0000033.jpg,10.658382269588369,0.503045735373359,279.4219505020682,130.45083333333332,72.40298109984879,7381.539216760916
HE,vid_000082_frame0000001.jpg,11.37746601573455,0.5624817968854102,283.3738930821803,129.82487654320988,73.25561798485344,7015.0682359358325
HE,vid_000082_frame0000002.jpg,11.396228765162196,0.6027395502499895,281.20264401931485,129.6689660493827,73.26985520632368,6487.007449168381
HE,vid_000082_frame0000003.jpg,10.942495053183116,0.6293130473598034,279.5237524280957,129.75947530864198,73.43487437461889,6419.296577198538
HE,vid_000082_frame0000004.jpg,10.669703991336538,0.6198716558155933,279.5344537724415,129.49153549382717,73.48443853041209,6229.281402453358
HE,vid_000082_frame0000005.jpg,10.75021459123522,0.6497547874559598,278.11209921458544,129.5011188271605,73.37093900248415,6304.631332913238
HE,vid_000082_frame0000006.jpg,10.868599661177319,0.6267516810418196,278.1196120336269,129.77797839506172,73.43148101419312,5668.01968585528
HE,vid_000082_frame0000007.jpg,10.843375377457656,0.5898231980336252,278.2328023809187,130.7602237654321,73.7056914373549,5885.005915006228
HE,vid_000082_frame0000008.jpg,10.673398699542975,0.46326827373034346,285.17019109817323,132.69287808641974,73.70156594493184,8653.052479315213
HE,vid_000082_frame0000009.jpg,10.595785843601371,0.5055239747612711,271.71665025889354,131.37575617283952,70.85315275151443,7183.342111178745
HE,vid_000082_frame0000010.jpg,9.734087949894468,0.4470475636968878,273.425910519102,132.72821759259259,70.7520095256355,8138.246233953415
HE,vid_000082_frame0000011.jpg,9.506270946901639,0.404179497185309,273.537464911348,135.04979166666666,69.62455098234842,11448.771114337505
HE,vid_000082_frame0000012.jpg,9.220565901447067,0.37424026643679936,274.56881477900777,135.35354938271604,69.62325392713186,12241.794867588782
HE,vid_000082_frame0000013.jpg,9.260377359474017,0.5167393872006099,264.97747973355354,130.2828935185185,70.348382148764,5847.336737225413
HE,vid_000082_frame0000014.jpg,9.857490353192958,0.5239201317764787,267.2862925581507,129.99722222222223,70.52784347509085,5670.259394257735
HE,vid_000082_frame0000015.jpg,11.242316869235616,0.5949591177579429,268.9983171025646,129.77372685185185,71.19010106944113,5147.000106095679
HE,vid_000082_frame0000016.jpg,11.456196225903305,0.55040923135914,274.8330444806207,130.09264660493827,71.92982909205006,5760.47444734219
HE,vid_000082_frame0000017.jpg,10.368838044729165,0.5280692684971781,278.18626551489405,131.6029938271605,72.84121944542292,7163.128403669351
HE,vid_000082_frame0000018.jpg,10.014253034310034,0.543484004422279,281.6920147826491,130.76149691358026,73.92593525492123,6805.220992683803
HE,vid_000082_frame0000019.jpg,10.469510687051963,0.6838311542497385,277.25567164043207,129.44063271604938,73.58824787644829,6183.595447524911
HE,vid_000082_frame0000020.jpg,10.965130160280676,0.6767062542822394,279.7298178471266,129.0204475308642,73.42325788159951,6465.386728645059
HE,vid_000082_frame0000023.jpg,11.269874601414154,0.7256354262026606,277.67048247918535,128.91361111111112,73.41987500819609,6256.297770458903
HE,vid_000082_frame0000024.jpg,11.358811753407881,0.6981411443033418,279.4093218311899,128.95439043209876,73.40675204219704,6469.585344648063
HE,vid_000082_frame0000025.jpg,11.406312217179195,0.716369422129915,278.7377760868344,128.97966049382717,73.47621824803508,6488.8774567520195
HE,vid_000082_frame0000026.jpg,11.258542502605867,0.7292228010535219,276.6201541975632,129.0454089506173,73.47966617238392,5710.69591862134
HE,vid_000083_frame0000001.jpg,10.123229882268927,0.29984243555676815,308.548800051509,131.40372685185184,72.75222106405103,23483.658290706386
HE,vid_000083_frame0000002.jpg,10.07693599464269,0.3270203208761575,299.1150619404328,131.68970679012347,72.7672120123468,15502.6394370365
HE,vid_000083_frame0000004.jpg,10.383100025938594,0.39979426925023603,289.61410703511126,131.35381944444444,72.65593748356392,10529.117226182889
HE,vid_000084_frame0000071.jpg,10.678614782810602,0.5061487968473952,278.3020323019632,130.64765432098764,72.3876721612012,7138.94465144795
HE,vid_000084_frame0000073.jpg,11.083978682373953,0.5396916706781069,279.4472329213217,130.08210648148147,72.71958876613525,6519.329938269461
HE,vid_000084_frame0000074.jpg,11.023493249838438,0.5666371069488775,277.97306478826215,130.12859567901234,72.88204780440574,5958.7857013886505
HE,vid_000084_frame0000075.jpg,11.059833575236278,0.5440370411750984,279.67897650148007,130.1626311728395,72.78341184843667,6748.177917296274
HE,vid_000084_frame0000081.jpg,11.191816593286102,0.601002310593645,275.2295824292816,130.0716512345679,72.84085120147145,4981.816289047973
HE,vid_000084_frame0000082.jpg,11.093321336201768,0.5978213643511233,274.94434509812453,130.09871913580247,72.79360562552404,5407.43260310833
HE,vid_000084_frame0000092.jpg,10.798115129250387,0.6027854002987801,272.5543272574264,130.44737654320988,72.57375798493382,5366.239343962191
HE,vid_000084_frame0000096.jpg,10.669567230678956,0.5910733172305298,273.52228810838284,130.61394290123457,72.60276897826662,5823.595874813291
HE,vid_000084_frame0000097.jpg,10.60559987386241,0.5078454992562497,277.8280533809148,130.64859567901235,72.44150664759508,6284.434824988331
HE,vid_000084_frame0000098.jpg,10.609176650076042,0.5507026118717598,275.1187662099728,130.7246064814815,72.48234001228762,5855.456027905843
HE,vid_000084_frame0000124.jpg,10.371285116481905,0.4283922551891566,284.6512202121176,131.17460648148148,72.40141337834201,9412.759913181048
HE,vid_000085_frame0000008.jpg,12.759706290964106,0.6706786660246622,275.5712376261054,129.34300925925925,72.68456530047949,4686.308460655235
HE,vid_000085_frame0000009.jpg,11.86163873728555,0.5904104700967429,275.15760423463024,130.07710648148148,72.08165372025883,4662.680791219897
HE,vid_000085_frame0000015.jpg,11.20558022373109,0.5031384341582358,276.4986089035381,132.06087191358026,72.47001895960287,7448.099325094306
HE,vid_000085_frame0000019.jpg,11.122956309319743,0.48206460812392243,278.80677195875865,132.35988425925925,72.31312258384443,8083.470856538399
HE,vid_000085_frame0000021.jpg,11.280021059418647,0.4961042951118708,278.53483778376335,131.8220061728395,72.53548780450159,7385.808981633659
HE,vid_000085_frame0000022.jpg,11.170691499557666,0.4550231427232998,280.0489198710286,132.41387345679013,72.34153716147607,8228.657326222183
HE,vid_000085_frame0000024.jpg,11.162451988950632,0.4686987466207028,277.3610814964478,132.318387345679,71.84784835428329,8664.511402533377
HE,vid_000085_frame0000027.jpg,11.254279109451685,0.5064455564881357,275.8487726178623,131.83774691358025,71.96159298746777,7969.151501743017
HE,vid_000085_frame0000031.jpg,11.142400056358836,0.548544273445719,273.1082363114057,132.0054089506173,71.97683436529718,7810.875874645395
HE,vid_000085_frame0000033.jpg,9.688598254569927,0.442190940523882,277.1703032666676,133.34631172839505,72.19269839050779,9390.774295717534
HE,vid_000085_frame0000034.jpg,9.662515997350011,0.39831121084966536,277.36689137541254,134.14802469135802,71.19240959800253,10646.53032350156
HE,vid_000085_frame0000035.jpg,9.630562570978494,0.4311547624704699,275.6046475539431,134.15296296296296,71.23551572844401,10680.56276121679
HE,vid_000085_frame0000041.jpg,9.909217023581217,0.43752872565147416,275.78765195676056,134.0440586419753,71.54768204316369,8452.7253982624
HE,vid_000085_frame0000043.jpg,9.57727704231454,0.3923350484540658,278.64582522437235,134.08548611111112,71.90869467313354,9461.531435163693
HE,vid_000085_frame0000044.jpg,9.606906575871694,0.3811268276631832,279.5467834776015,133.34020061728395,72.13742899277841,8442.811915868804
HE,vid_000085_frame0000045.jpg,10.042659649501891,0.43307472796477525,277.916482753857,132.04902777777778,71.82644734103887,6896.57721836128
HE,vid_000085_frame0000046.jpg,10.315484949733698,0.5145077036902816,275.20574182017236,131.30540895061728,71.98480467056434,5746.1103138573935
HE,vid_000085_frame0000047.jpg,10.262576623788142,0.4889212805183374,275.229190929825,131.4212114197531,71.80616459497823,5937.366675411285
HE,vid_000086_frame0000009.jpg,10.833932106773167,0.6826379572042559,271.814493160271,129.71541666666667,73.22939129871769,4538.54367301663
HE,vid_000086_frame0000011.jpg,10.483727758278523,0.6425988848690265,272.60072071314954,129.9446913580247,73.04752509452736,4918.074504833248
HE,vid_000086_frame0000012.jpg,10.083080607641845,0.5859380575866359,273.55329070806454,130.2915277777778,72.87364813018281,5304.514119672829
HE,vid_000086_frame0000013.jpg,10.098444686350645,0.5855110560252843,273.82172725986777,130.32140432098765,72.93739431447979,5634.371255749827
HE,vid_000086_frame0000021.jpg,10.204084269684536,0.5392177770692781,274.3010098970057,130.89998456790124,72.58004157607618,6336.876621604938
HE,vid_000086_frame0000026.jpg,9.686143293431282,0.5675770080007169,270.64621200078204,131.96233024691358,72.4656104100477,6216.204718397003
HE,vid_000086_frame0000027.jpg,9.907708957737519,0.5697768953671146,271.49387444010864,131.3416975308642,72.64028765737062,6061.3850104014255
HE,vid_000086_frame0000061.jpg,9.981768294569088,0.53266730791956,276.3607772266629,132.0934336419753,73.21145984027822,6929.536102651082
HE,vid_000086_frame0000062.jpg,10.267078696208056,0.6068418776570088,272.4196126298845,130.83831790123457,72.88901815036083,5763.01254314891
HE,vid_000086_frame0000063.jpg,10.407327430569271,0.5731407410796113,273.90211722529926,130.55820216049383,72.85386517646465,5622.9193253981275
HE,vid_000086_frame0000067.jpg,10.289161894806462,0.5609370686779828,274.5128814919848,130.63630401234568,72.8513979943744,5710.111805780369
HE,vid_000086_frame0000069.jpg,10.414966661276136,0.5647641037021519,274.2440392938596,130.62385030864198,72.72189776255478,5694.23484629338
HE,vid_000086_frame0000077.jpg,10.13047936665431,0.5535845642622451,273.5001710199598,130.66829475308643,72.87481461992496,5324.630665206274
HE,vid_000086_frame0000079.jpg,10.009793435639075,0.5523696248954183,272.1230900688229,130.93100308641976,72.62436486567002,5650.306474611102
HE,vid_000086_frame0000082.jpg,10.330914141047574,0.600264594604722,271.23524860567454,130.45744598765432,72.69998521079533,5182.650280604078
HE,vid_000090_frame0000048.jpg,13.233951203291177,0.5041874863183259,317.92004129215627,129.26172839506174,73.50063104272859,10327.432244579475
HE,vid_000090_frame0000049.jpg,13.359933606891488,0.5212236408786649,319.62067084161936,129.16750771604939,73.5193647631521,14706.718418715705
HE,vid_000090_frame0000050.jpg,13.359299698530974,0.5361289443138483,317.3554486767388,129.15972222222223,73.4867406234193,15840.832595573987
HE,vid_000090_frame0000051.jpg,13.372427493901544,0.5368039337093831,318.944584691964,129.09677469135804,73.5813557393236,17647.356749785606
HE,vid_000090_frame0000054.jpg,13.381119539812822,0.5471379279751772,312.0112794235584,129.09324845679012,73.44910895069614,10234.426960299257
HE,vid_000090_frame0000065.jpg,12.98237536706547,0.5423739629150635,300.4069228475803,129.39538580246915,72.61351254427666,8980.136155413558
HE,vid_000090_frame0000066.jpg,12.862129716639574,0.6176035672413142,284.412750495403,129.2293672839506,72.42328944208496,6074.542504182861
HE,vid_000090_frame0000068.jpg,11.749174758405891,0.49120689199270223,278.8261860169134,131.09300925925925,71.3893598593624,6647.436683927518
HE,vid_000090_frame0000073.jpg,12.761607918756992,0.566001944001321,288.1147651604955,129.56599537037036,72.70733388581876,6938.412978554861
HE,vid_000090_frame0000074.jpg,13.10463038792031,0.5946002853724937,287.94674260064284,129.28407407407408,72.52124494647832,6671.750934155426
HE,vid_000090_frame0000075.jpg,13.13199074960761,0.6150734426086878,286.85799048528577,128.5989737654321,72.10948404171019,6425.9010476670865
HE,vid_000090_frame0000077.jpg,12.228790242877253,0.5534473519410782,293.98527876763296,129.05068672839505,72.0432681439974,8056.860365868806
HE,vid_000090_frame0000079.jpg,12.53585564314405,0.5416348936116185,301.1893969455144,129.01609567901235,72.29198331793249,11366.130216035986
HE,vid_000090_frame0000085.jpg,12.521580743238733,0.5813245197374121,295.5568246388541,129.05965277777779,72.6054880624944,9187.317901234568
HE,vid_000090_frame0000086.jpg,12.839567565393903,0.588488461292422,295.20714960670773,128.85961419753087,72.77584898953397,6637.354440937929
HE,vid_000090_frame0000087.jpg,13.375755167318637,0.5794439322761716,304.82495610696884,128.9051311728395,72.94181463630102,8810.467235874807
HE,vid_000091_frame0000021.jpg,10.755965467897317,0.44456446199042193,286.12429616409867,130.40844907407407,71.97245174221861,7844.710600034234
HE,vid_000091_frame0000022.jpg,10.76563551688542,0.434904955324896,287.2721393369218,130.54425154320987,71.9477768542577,8595.694283786235
HE,vid_000091_frame0000035.jpg,11.280975967991862,0.46688296844128846,287.7601712447659,130.1536651234568,72.12502534175188,8029.846586533113
HE,vid_000091_frame0000040.jpg,11.161063859435618,0.47379895130901056,284.7532511402302,130.08398919753085,72.02604042863278,7440.574184014383
HE,vid_000091_frame0000041.jpg,11.049362287610276,0.4713895968975041,284.2947337212522,130.17361111111111,72.12142409080538,7279.684152804867
HE,vid_000091_frame0000042.jpg,11.017195669455635,0.4665524597579685,284.33465355628823,130.20591049382716,72.12613517692384,7530.871888691165
HE,vid_000091_frame0000054.jpg,11.282094898522539,0.45556749204224967,287.8155956981779,130.12760030864197,72.34900969793813,7886.326490357557
HE,vid_000092_frame0000002.jpg,11.010065083942155,0.39315439944513475,295.8450973602807,130.46434413580246,73.04990257143663,9099.760061342058
HE,vid_000092_frame0000024.jpg,11.029662044028456,0.45293473491308694,292.4434497763109,129.96564043209875,73.05323454260012,9439.461990868806
HE,vid_000092_frame0000049.jpg,11.414059044356986,0.4146226056970712,293.90317453344,130.4677700617284,73.0907589124068,8571.52456238545
HE,vid_000098_frame0000017.jpg,9.695659672148405,0.4998083130577739,274.1045647272128,131.67033950617284,72.03089034202605,7463.266175353415
HE,vid_000098_frame0000018.jpg,9.65467931077191,0.43568634999626016,278.2969581050719,131.74774691358024,72.12287319232502,8491.113793788045
HE,vid_000098_frame0000020.jpg,9.389794496318286,0.4154978843247279,280.34583654414206,132.49220679012345,72.32940583555998,9417.204210925296
HE,vid_000098_frame0000021.jpg,9.359135228087627,0.4538877004004412,278.1459158211296,132.6636959876543,72.368018820941,9416.52743361572
HE,vid_000099_frame0000007.jpg,14.226402292552848,0.5934338872554656,296.41103014975863,128.88212962962962,73.42811107106513,5273.412658275224
HE,vid_000099_frame0000009.jpg,14.234219025742886,0.5884913746329398,297.4918024175047,128.82188271604937,73.43958308527719,5610.684038768623
HE,vid_000099_frame0000012.jpg,14.281389154218484,0.5984201720873031,295.9870267784642,128.83032407407407,73.4155128144492,5452.76577267179
HE,vid_000099_frame0000017.jpg,14.390565651260943,0.6134753133687121,293.95061801049957,128.8195524691358,73.36503786737384,4647.571371977821
HE,vid_000099_frame0000019.jpg,14.343701984762035,0.6076030017113095,294.5674108238361,128.89985339506174,73.40238537670866,4372.8088831494815
HE,vid_000099_frame0000021.jpg,14.343990775094094,0.5901864894311871,300.73402440494317,128.87537808641974,73.39621726339979,6167.51520770438
HE,vid_000099_frame0000022.jpg,14.22592701957836,0.5829366766992815,299.21325139841093,128.87179783950617,73.54649485363274,5228.2868908130795
HE,vid_000101_frame0000005.jpg,11.719251640871782,0.5981717342784832,281.8093497461959,129.84293209876543,72.27351932143958,4693.7984100249105
HE,vid_000101_frame0000006.jpg,11.1719733990071,0.5912718010598335,283.43928860941304,129.69061728395062,72.36004269794616,4966.762832587389
HE,vid_000101_frame0000007.jpg,10.53907757584094,0.5910886714349205,283.497444055925,129.685987654321,72.46600250947716,4807.275520300831
HE,vid_000101_frame0000008.jpg,10.152113687805075,0.5827324150545906,284.68680759203147,129.56496141975308,72.47955943703565,5267.147014074586
HE,vid_000101_frame0000009.jpg,9.593197929789929,0.5684680753243203,284.0188329632161,129.59939043209877,72.65050734317704,4894.758579861052
HE,vid_000101_frame0000010.jpg,9.22931049851207,0.5427975187077391,286.1501829019738,129.69827160493827,72.69886631632791,5423.578121353394
HE,vid_000101_frame0000011.jpg,8.814899062483795,0.5249279752554146,286.62643998165123,129.73063271604937,72.85144757304799,5384.8660570794755
HE,vid_000101_frame0000012.jpg,8.514731104773478,0.5027270599472122,288.4424217634087,129.849637345679,73.04200259176494,5840.1224528463645
HE,vid_000101_frame0000013.jpg,8.140793465386949,0.4608364329180763,291.7359071822657,130.49932098765433,73.88187717045568,5939.071774570794
HE,vid_000102_frame0000001.jpg,12.565294430306002,0.7445197724387902,290.0330156971968,128.36179012345679,72.89079331357203,8202.239639053152
HE,vid_000102_frame0000002.jpg,12.574125133721324,0.7473182894349467,289.8576514933968,128.34421296296296,72.89201258654894,8092.7808190898395
HE,vid_000102_frame0000003.jpg,12.646669644394251,0.7489187514425869,289.21086666843007,128.26908950617283,72.81317596372298,7615.620543742795
HE,vid_000102_frame0000004.jpg,12.669995559436849,0.7273197859753036,292.1900668849166,128.40244598765432,72.66570328450663,7693.360675353413
HE,vid_000102_frame0000006.jpg,11.987079873507776,0.7243539565513024,287.87254127991207,128.4772299382716,72.64514020293811,6037.64448930589
HE,vid_000102_frame0000007.jpg,12.231940875722708,0.7394837729437391,289.21270243478796,128.29986882716048,72.80728097905484,6540.491466980786
HE,vid_000102_frame0000008.jpg,12.629764139452517,0.7390181851095948,290.8351896782822,128.4102700617284,72.64328287807214,7787.460007567205
HE,vid_000102_frame0000009.jpg,12.966158354892281,0.7456775600891307,287.7557268907805,128.46233024691358,72.41416428444364,6223.128470450329
HE,vid_000102_frame0000010.jpg,12.778029878692257,0.7296588749107564,288.0283829530255,128.64006172839507,72.17120792312271,6814.865368958381
HE,vid_000102_frame0000030.jpg,12.795577545164413,0.726097411901323,283.2811865704172,128.9338040123457,71.53029850491559,6864.355657735995
HE,vid_000102_frame0000033.jpg,13.526583349780948,0.7770762514278307,287.6819743413199,128.270362654321,72.75279478759231,6776.948440297722
HE,vid_000102_frame0000035.jpg,14.286594324188297,0.7620346991909708,298.11804712308816,128.544375,72.56423478372982,11699.650213690213
HE,vid_000103_frame0000004.jpg,14.11622068614836,0.6722046627088338,300.43826591255856,128.59398919753087,73.48370122035969,11068.398309540693
HE,vid_000103_frame0000005.jpg,14.11552053975447,0.6907892055714817,297.6016868982101,128.60929783950618,73.57969055808984,9090.111428219248
HE,vid_000103_frame0000006.jpg,14.093427103820368,0.7104663503404473,295.71443163566204,128.45606481481482,73.6515130128514,8606.73564254395
HE,vid_000103_frame0000007.jpg,14.044532392710057,0.724596731927814,295.3894999502588,128.546612654321,73.50474739082404,9511.783062186536
HE,vid_000104_frame0000007.jpg,17.345898500625452,0.8319318637697058,278.9553401017838,128.31043981481483,73.45233111730234,4500.063319596622
HE,vid_000105_frame0000006.jpg,12.390675483669614,0.7158142355750204,335.0496063547161,94.13597222222222,85.07585419831706,4983.950003217398
HE,vid_000105_frame0000007.jpg,12.377477897127765,0.7070701713699382,339.6800409163491,94.15263310185185,85.01637952551826,8798.446283445724
HE,vid_000105_frame0000008.jpg,12.667139696552095,0.6950758547228021,340.4264363786731,94.33199652777778,85.0529275130317,7423.401488389723
HE,vid_000105_frame0000009.jpg,13.141273242696276,0.6840096163061408,338.8962974781309,94.76361111111112,84.91050183388447,6024.507100429171
HE,vid_000105_frame0000010.jpg,12.687466648032027,0.6119422902169742,351.8502097692363,94.67641203703704,84.89612465033395,8635.06291943155
HE,vid_000105_frame0000011.jpg,12.280121250888412,0.5775436121338752,357.1879990340302,94.99803819444445,84.9710235309739,8440.06738104089
HE,vid_000105_frame0000012.jpg,12.256940812061035,0.5864119352390581,357.235399703902,94.99538773148149,84.89536108675817,8624.857403404572
HE,vid_000105_frame0000013.jpg,12.359205660737928,0.5962548009071638,353.28998730619816,95.0399537037037,84.86432861784223,6566.734829582978
HE,vid_000105_frame0000014.jpg,12.602218986489007,0.6080607274412008,343.544362436509,95.01438657407408,84.86757570740673,4018.427213199234
HE,vid_000105_frame0000017.jpg,12.899026323825094,0.6419694306751308,347.54831652684385,95.37741319444444,84.72147071309561,5683.8017790294925
HE,vid_000105_frame0000023.jpg,13.864163450956424,0.6731028655539455,347.58787917573767,94.78098958333334,84.74970735469185,5299.3365874142655
HE,vid_000105_frame0000030.jpg,14.04924400842651,0.6991519914408836,346.86465205113325,94.05118055555556,84.83369506305105,5634.753101580584
HE,vid_000105_frame0000033.jpg,14.06517341084542,0.6944447460147826,343.6048748117281,94.93787037037038,84.69980879445083,4530.707078856383
HE,vid_000105_frame0000037.jpg,13.482559512081876,0.658648423647814,346.72077487979067,96.08291666666666,84.5933606525539,5005.696636585292
HE,vid_000105_frame0000039.jpg,12.947106459250415,0.6279891452954861,351.55954407804415,93.95277199074074,85.03979486385985,9092.383910951667
HE,vid_000105_frame0000040.jpg,12.66116452119083,0.6697048702253378,339.7388295097005,95.69409143518519,84.84289144635366,6858.996087705225
HE,vid_000105_frame0000042.jpg,13.325781950771017,0.7383702473736861,338.1927956667467,94.85808449074074,84.82471464916522,8645.910900448194
HE,vid_000105_frame0000044.jpg,13.449907535506817,0.7390361771040624,338.33524222925143,95.0630324074074,84.79507410062469,8755.263134239969
HE,vid_000106_frame0000009.jpg,12.951629514026779,0.7562022906687326,314.97155683230073,95.02122685185185,84.85503543011863,2894.221957090192
HE,vid_000106_frame0000010.jpg,13.026814181497377,0.7496375400485086,315.43488424878154,94.87683449074073,84.85779156770502,2846.3296408016927
HE,vid_000106_frame0000011.jpg,13.343903200141726,0.7682282832785301,314.8244957176493,94.71043402777778,84.83173445841867,2682.254643187338
HE,vid_000106_frame0000012.jpg,13.751606204170805,0.773867496072867,315.0126870370613,94.76114004629629,84.82046051015048,2540.9249929395132
HE,vid_000106_frame0000013.jpg,14.00186164294803,0.7827883546807634,313.9612584945737,95.3862962962963,84.67135136965786,2414.6721687777294
HE,vid_000106_frame0000014.jpg,13.863274627916123,0.7849609651285469,314.6400200090782,94.78613425925926,84.79064981569111,2502.528906624952
HE,vid_000106_frame0000015.jpg,13.710763115747586,0.7820000625278002,314.5820031639135,94.68643518518519,84.82927352638544,2512.446250874452
HE,vid_000106_frame0000026.jpg,14.150417055001318,0.8049177666965827,312.8719512995257,94.74204282407408,84.65155823199386,2246.485021693854
HE,vid_000106_frame0000027.jpg,14.136168079707483,0.797190391648854,313.2731280961659,94.64965277777777,84.6555923551957,2277.392008567896
HE,vid_000106_frame0000028.jpg,13.9970117378256,0.7835778176584908,313.96217440652094,94.7663425925926,84.63389614355577,2446.608038290761
HE,vid_000106_frame0000029.jpg,13.73387160363819,0.7784802307600841,313.4433135750992,95.05341435185186,84.63907006595262,2339.949155084019
HE,vid_000106_frame0000030.jpg,13.230150376953638,0.7478445360544761,314.80192374451644,95.29700810185186,84.71655325933142,2498.6415175778234
HE,vid_000106_frame0000031.jpg,12.908221857775235,0.7406563307913753,314.98336919590616,95.35882523148148,84.7994466141945,2745.969991094259
HE,vid_000106_frame0000032.jpg,12.803033921942468,0.7225493609495691,316.1239568539197,95.43304976851852,84.85574535634767,3020.758912325183
HE,vid_000106_frame0000033.jpg,12.634190066254947,0.7298770435637425,315.67310399369956,95.63885416666666,84.87210136370355,3095.573963875895
HE,vid_000106_frame0000034.jpg,12.281035337016563,0.711353717847731,316.8800021218233,95.86325231481482,84.95299737521661,3403.666780982048
HE,vid_000106_frame0000035.jpg,12.211498356897968,0.6970922537208225,317.22249194129057,95.87398148148148,84.95993329309012,3563.9229153463643
HE,vid_000106_frame0000036.jpg,12.184108560438547,0.7080262678482753,316.74088164264185,95.97221643518519,85.00078947111265,3548.562910564524
HE,vid_000107_frame0000001.jpg,10.70361515531217,0.6140466025842427,329.6463438953764,96.44680555555556,84.92594190146544,4519.053782363703
HE,vid_000107_frame0000003.jpg,10.770748734643668,0.6316656770210008,328.3661561703345,96.67802083333333,84.93437723264776,4094.750312786639
HE,vid_000107_frame0000005.jpg,10.811008633231197,0.6333234194456696,328.71845531605817,96.74360532407407,84.9288669349444,4167.046391620819
HE,vid_000107_frame0000007.jpg,10.816169820674093,0.6256520540143856,329.7920389836322,96.42244791666667,84.9637134802826,4227.484850874988
HE,vid_000107_frame0000010.jpg,10.909321039465498,0.6219723837473489,330.64913803485524,96.58359953703703,84.94987936526434,4464.714018486235
HE,vid_000107_frame0000012.jpg,11.004172919883056,0.6273546118788381,330.50570588779146,96.75463541666667,85.02697644456481,4542.35012406751
HE,vid_000107_frame0000014.jpg,11.191631296196693,0.6302828323515706,330.95379488715594,96.36719907407408,85.01891253664724,4576.150452888696
HE,vid_000108_frame0000008.jpg,16.1679988916904,0.8350263346567551,312.2269511015223,95.73884259259259,83.90027081387693,1985.814221632668
HE,vid_000108_frame0000009.jpg,15.985960650031439,0.8363585584317373,311.69604408838865,95.59633680555555,83.91900713528341,1818.3261086676619
HE,vid_000108_frame0000010.jpg,15.967446970293054,0.8298799995720131,312.31843538038055,95.53696759259259,83.90639963435925,1960.7829781538014
HE,vid_000108_frame0000011.jpg,16.02268808204979,0.8312552255031432,311.9429080429623,95.72084490740741,83.89971485918649,1902.2719610575273
HE,vid_000108_frame0000012.jpg,15.901387212482856,0.8207629418016138,312.3571537181884,95.9878587962963,83.87436987563972,1910.5317744770232
HE,vid_000108_frame0000013.jpg,16.023159473881822,0.8262575665393825,311.96297317838986,95.49042824074074,83.9187881837749,1784.0174913514606
HE,vid_000108_frame0000023.jpg,16.894744399887355,0.8019905708447049,316.3381954088944,95.418125,83.92145218454071,2572.3227151041665
HE,vid_000108_frame0000024.jpg,16.81189147672044,0.7984557670183253,316.54022885340663,95.43619791666667,83.93327316175639,2517.065919921574
HE,vid_000108_frame0000025.jpg,16.488458122520836,0.7961236382347284,315.8101520393563,95.3801388888889,83.88825009311145,2530.7324061776285
HE,vid_000108_frame0000026.jpg,16.168101719046316,0.7878039705378465,315.540189110686,95.845625,83.81908820781221,2568.025703094859
HE,vid_000108_frame0000027.jpg,16.154281588547573,0.7906920378687152,315.37600958183145,95.72461226851851,83.83753255042545,2612.5482399875887
HE,vid_000108_frame0000028.jpg,16.074174446343715,0.778983605064035,316.42872953954435,95.89867476851852,83.83635952735136,2692.939816689942
HE,vid_000108_frame0000029.jpg,15.730941021186574,0.7781327767521574,315.5008077611064,95.80921875,83.88283293703441,2531.9760120348938
HE,vid_000108_frame0000030.jpg,16.071086248520807,0.773266056273414,316.430160793272,96.00075810185186,83.82122858616306,2621.4753055046176
HE,vid_000108_frame0000031.jpg,16.27326454248466,0.779595018922818,316.52225237452745,95.99288194444445,83.91479051626621,2645.1322374130605
HE,vid_000108_frame0000038.jpg,18.990286183038457,0.8280902392938989,320.22687923985694,95.90903356481482,84.32782608207116,2318.759924520828
HE,vid_000108_frame0000039.jpg,17.77644203254497,0.82008394078991,321.5540427121766,94.92225694444444,84.48161657633362,2920.2083889744886
HE,vid_000109_frame0000004.jpg,10.59573000356787,0.5667214873006524,323.2936660429564,97.08179976851852,84.09765593383914,5720.543273852105
HE,vid_000109_frame0000017.jpg,9.885136887719007,0.4713464273671942,331.68986114787555,100.12101851851853,85.38610040021275,9810.800179166365
HE,vid_000109_frame0000018.jpg,9.728405270924611,0.4452987867577414,334.06233540303646,100.59368055555555,85.5986640189196,10437.71290369888
HE,vid_000109_frame0000019.jpg,9.694528130082745,0.4828794500432528,331.3466250717057,100.61747685185185,85.90550758776472,9774.897250830247
HE,vid_000109_frame0000020.jpg,9.838985558767128,0.4680727309569128,330.6594973945469,99.88824074074074,85.40724472781919,8577.46580365464
HE,vid_000109_frame0000021.jpg,9.793939964502712,0.4735641738890773,330.0364529819363,100.09368634259259,85.54314478589124,9040.51587584863
HE,vid_000110_frame0000018.jpg,14.148748100412213,0.7308369965589087,272.6604138885778,128.69847222222222,72.51520662668169,3442.2263201512137
HE,vid_000111_frame0000007.jpg,13.208708793585695,0.6518837036543172,274.3355407784929,129.68623456790124,72.39602724687428,3852.0519725249105
HE,vid_000111_frame0000008.jpg,13.544621872499805,0.6775597789466855,273.8465488198185,129.69997685185186,72.3354819829326,3514.412298867777
HE,vid_000111_frame0000009.jpg,13.592842479695923,0.6973712903322706,272.5660870607653,129.63195216049382,72.26370814283797,3319.9064699025853
HE,vid_000111_frame0000010.jpg,13.30517902450778,0.63816944785594,275.765025785789,129.54131944444444,72.23143460125489,3951.170118098423
HE,vid_000111_frame0000011.jpg,13.160349996629728,0.6623431406809952,274.36673158913266,129.49037037037036,72.28357821023508,3596.8394395313567
HE,vid_000111_frame0000012.jpg,12.68481066470125,0.6174202997733865,276.5321626953893,129.72307098765432,72.37293457562401,3988.0966041473766
HE,vid_000111_frame0000013.jpg,12.498194636321733,0.6571870959912237,274.04578665375715,129.95952160493826,72.3335039920723,3642.8084091961496
HE,vid_000112_frame0000005.jpg,21.24587318341304,0.8677152657404572,291.14808442516545,128.19547453703703,73.55368068617061,1137.5629393325619
HE,vid_000112_frame0000015.jpg,14.83472468141672,0.6083753543944718,292.6498342872936,128.9916087962963,73.584367593428,1920.3256546284242
HE,vid_000112_frame0000016.jpg,14.692806241229038,0.5618507223197162,297.2627102578489,129.0930613425926,73.55660748767424,2191.466427694053
HE,vid_000112_frame0000017.jpg,14.71868763453571,0.5598715053903973,298.92771896823126,129.08772569444446,73.580014913778,2041.399434235917
HE,vid_000112_frame0000018.jpg,14.722747155334703,0.5547840930673203,300.91763973072125,129.12855902777778,73.48716697386622,2472.5580069122607
HE,vid_000112_frame0000019.jpg,14.68860091261673,0.5467546553469491,301.4436191802005,129.15397569444445,73.49582715891125,2390.192394563266
HE,vid_000112_frame0000020.jpg,14.691224957447663,0.5455449354593315,302.3075051565656,129.09931134259259,73.52422325069708,2559.91933858584
HE,vid_000112_frame0000030.jpg,22.513039320040356,0.8822441887066274,281.8003798239576,128.27825810185186,73.51828545204508,835.6460382868427
HE,vid_000112_frame0000031.jpg,21.743296091273567,0.8785721750000844,284.023723596812,128.23916087962962,73.42132052653842,994.1943495169096
HE,vid_000112_frame0000032.jpg,20.397645656797827,0.8654550046739109,284.88592446617275,128.22454861111112,73.37941761674796,1105.3794777343414
HE,vid_000112_frame0000033.jpg,21.708992560656956,0.8743548905463044,284.98077780640585,128.24843171296297,73.45733353431115,1029.430928814622
HE,vid_000112_frame0000034.jpg,22.86980032808277,0.8834567117402662,285.2298722281746,128.23844907407408,73.52178181531193,1033.5517776406036
HE,vid_000112_frame0000035.jpg,18.72536508388807,0.8060794103020704,282.8090813035953,128.41258680555555,73.34693283084643,958.9707966498147
HE,vid_000112_frame0000036.jpg,16.36941891608608,0.7565212682891597,285.5868070372304,128.57386574074073,73.37042098691263,1254.9314133379146
HE,vid_000112_frame0000038.jpg,17.160619606791798,0.7381306032492171,290.88971190791136,128.48001157407407,73.49193049681043,1074.4188009211034
HE,vid_000112_frame0000039.jpg,16.066149130549462,0.7007482820787366,289.26580616966,128.6021122685185,73.53015995237367,1088.214886996012
HE,vid_000112_frame0000040.jpg,15.598997556719338,0.6859578912104055,292.941742050102,128.55505208333332,73.48554257099354,1277.696493464935
HE,vid_000112_frame0000041.jpg,15.77405301588211,0.6975239039690929,293.0090482851286,128.56945023148148,73.51254689959632,1323.2352230419185
HE,vid_000112_frame0000042.jpg,15.794696364224276,0.6989402895744142,292.48602843047604,128.58781828703704,73.4911920489918,1266.7788199451506
HE,vid_000112_frame0000043.jpg,15.67016069075759,0.6971048951467506,292.25529666534663,128.5931712962963,73.51747973138083,1265.97824998071
HE,vid_000112_frame0000044.jpg,15.529544114744256,0.6992677710364011,289.3211833216574,128.5227662037037,73.5486437687228,1183.7151172115791
HE,vid_000112_frame0000045.jpg,15.533127351171018,0.7024226963263573,287.79426238025883,128.64352430555556,73.47100179307084,1106.7906104640547
HE,vid_000112_frame0000056.jpg,22.321826429131136,0.8879475505734469,284.653530402745,128.18331597222223,73.45294420343187,888.4272358748071
HE,vid_000112_frame0000057.jpg,21.669880977950953,0.8850010418503352,285.8388435272275,128.22162037037037,73.38877413565143,1012.5050869079004
HE,vid_000112_frame0000058.jpg,21.400619243359152,0.8846461412881759,285.3338484373023,128.23073495370372,73.38948889090437,975.0457631353686
HE,vid_000115_frame0000040.jpg,14.272314222733067,0.8364906684353287,275.5218588266297,128.24798611111112,72.75421983934613,4710.757912551202
HE,vid_000115_frame0000041.jpg,17.085471322066617,0.9016542717612571,276.7862216565583,128.14052469135802,72.89546013126873,4670.983460502342
HE,vid_000115_frame0000050.jpg,19.4135039634382,0.9271573376069749,287.5863250565618,127.90420524691358,73.03476212893062,5191.732226323101
HE,vid_000116_frame0000001.jpg,10.105921611280449,0.496474462518293,284.04700295182846,130.1251774691358,73.20646761076281,6178.75019486448
HE,vid_000116_frame0000002.jpg,10.103034303774017,0.5776671613408294,279.5347439181416,130.32500771604938,73.19255465354999,5487.187038443072
HE,vid_000116_frame0000003.jpg,10.043753980618549,0.5482496452894942,281.4305744521825,130.41279320987655,73.12224820130187,5882.51528696464
HE,vid_000116_frame0000020.jpg,9.820227941897414,0.5158514793355166,282.3613565723396,130.27077160493826,72.99487583924876,5814.693851434556
HE,vid_000116_frame0000021.jpg,9.85283838613244,0.5538430867472547,280.343586214965,130.258487654321,73.04139600125107,5514.297761255905
HE,vid_000116_frame0000029.jpg,9.902677083648623,0.6012636694070159,278.1238370476443,130.19816358024693,72.84901087534718,5358.826216455131
HE,vid_000116_frame0000030.jpg,9.905662822383366,0.576170538312624,280.1768061752757,129.83653549382717,72.95481636955655,5486.3398549189815
HE,vid_000116_frame0000032.jpg,11.578077730589749,0.6141475642393732,282.29785809040885,129.35574074074074,73.36619828216007,5528.110343483272
HE,vid_000116_frame0000041.jpg,10.793823563079624,0.6317049609925044,280.1197178748319,129.49257716049382,73.36524089406824,5421.776333994853
HE,vid_000116_frame0000066.jpg,10.719330977088276,0.6246591058418657,281.991741194678,129.35939814814816,73.26306534308358,5838.050502078511
HE,vid_000117_frame0000011.jpg,11.276673641496384,0.42703757462771175,288.6784779408686,130.27157407407407,72.59450054837465,6568.048024276025
HE,vid_000117_frame0000013.jpg,11.260884104163418,0.4382821585835636,287.4863721652191,130.42595679012345,72.63703765865796,6087.781966910949
HE,vid_000117_frame0000014.jpg,11.024613795872192,0.5393562852286764,276.52113811563197,130.9227237654321,72.71854550370004,4737.872992881945
HE,vid_000117_frame0000016.jpg,11.099711276077088,0.5961775811174269,274.4478366866322,130.87858796296297,72.74446261336588,4695.925119592812
HE,vid_000117_frame0000018.jpg,11.228991578777613,0.4056165834025938,290.55804888499654,130.40041666666667,72.50001845346189,7374.798717901236
HE,vid_000119_frame0000001.jpg,12.962222715727755,0.5805572482494501,277.87153958736593,129.30330246913582,72.74111490577852,5251.096113397111
HE,vid_000119_frame0000003.jpg,12.75378039739114,0.7189394683860423,271.5214120163332,129.60007716049384,72.89030539354611,4485.817956582873
HE,vid_000119_frame0000004.jpg,13.019322590954676,0.5506589254028129,282.02738838344374,129.4098765432099,72.70060949943746,5640.200113358707
HE,vid_000119_frame0000017.jpg,12.38615532544513,0.587855962914345,277.55451524369346,129.6816975308642,72.70596114067948,4783.1630463648235
HE,vid_000119_frame0000018.jpg,12.48873651100346,0.6313396428378516,276.4129625674241,129.4187114197531,72.64124702061447,4792.394003395061
HE,vid_000122_frame0000022.jpg,19.049605420939514,0.8197502816127055,271.5908949922251,128.63070987654322,72.52512685986343,4355.143020831845
HE,vid_000123_frame0000023.jpg,14.36925317066207,0.8703166837123234,271.27442526514403,127.81055555555555,72.95650968383092,4037.1988992052943
HE,vid_000123_frame0000024.jpg,15.254897993684102,0.8892941378834758,271.29175648558476,127.898125,72.81655243289653,4009.4768799323174
HE,vid_000123_frame0000025.jpg,16.27351671464083,0.9102854607525828,270.9215415032167,127.88623456790124,72.80443747511848,3904.4898786427375
HE,vid_000123_frame0000026.jpg,16.41899980593815,0.9128020228475565,271.035612245286,127.88019290123457,72.87320010033883,3889.025046776406
HE,vid_000123_frame0000027.jpg,16.223388620486666,0.9084960702538846,271.47622739959576,127.73258487654321,72.91674387266104,3995.184176139307
HE,vid_000123_frame0000028.jpg,16.24933669277771,0.909588444409413,271.2948729917873,127.8817901234568,72.80370419371752,3992.996032229986
HE,vid_000123_frame0000029.jpg,16.89098324482853,0.9244853898778665,271.2118269579866,127.7269212962963,72.99011869067192,3796.102534430727
HE,vid_000123_frame0000030.jpg,17.674129485036346,0.9325022468556649,272.19387578566915,127.73322530864198,72.94666105478598,3858.5950694549233
HE,vid_000123_frame0000043.jpg,15.058852964784496,0.889114288822999,270.6322558085278,127.94731481481482,72.88537520460265,3848.9042370348934
HE,vid_000123_frame0000044.jpg,15.86614358708186,0.8980628378744587,270.5106517784755,127.81648919753087,72.85981511547995,3858.309720356975
HE,vid_000126_frame0000013.jpg,14.988378406237803,0.907315559980495,271.1004697541188,128.0346064814815,73.02102139987038,3840.7559689166455
HE,vid_000126_frame0000014.jpg,14.528678237003344,0.8942503941451142,271.56915367811206,128.04638888888888,73.02701972843111,3916.888554881056
HE,vid_000126_frame0000015.jpg,14.811392135663652,0.9002297753636815,270.5963031153894,128.01763117283951,72.91158790316871,3843.644214385907
HE,vid_000126_frame0000025.jpg,13.560311135261385,0.8761414350300413,271.60350440783475,128.0760262345679,72.93565910926571,3822.419354894869
HE,vid_000127_frame0000035.jpg,12.243294206438831,0.826125168937795,271.63031846958444,128.64034722222223,73.22958376544062,3596.036469249876
HE,vid_000127_frame0000036.jpg,13.285191394167967,0.8572777295745757,271.18672237458384,128.48081790123456,73.25804491243788,3603.999295510343
HE,vid_000127_frame0000037.jpg,13.436863264506211,0.8586866633802802,271.6623010894722,128.4280864197531,73.28306588225989,3638.004538077215
HE,vid_000132_frame0000014.jpg,13.251811785342614,0.7785304291019983,275.28965598677024,128.53155092592593,73.1958009039533,4444.748286464525
HE,vid_000132_frame0000015.jpg,13.556015708173017,0.7864960217100686,275.4070055211051,128.48595679012345,73.24339742086804,4340.239143346813
HE,vid_000132_frame0000016.jpg,14.150812273844116,0.815389485811694,274.5609216641101,128.38863425925925,73.18098214054322,4289.2833526117865
HE,vid_000132_frame0000040.jpg,17.162901599604908,0.8570580086361806,280.25589148766113,128.26486111111112,73.34845973926573,4611.066983530522
HE,vid_000132_frame0000041.jpg,16.621306079800895,0.8581379048410255,280.3964970531936,128.3017438271605,73.41725900494089,4758.984520249807
HE,vid_000132_frame0000044.jpg,13.867892791568256,0.8288360508629792,274.291625506809,128.45368055555556,73.25420878358503,4258.395919323881
HE,vid_000132_frame0000045.jpg,14.560267150569528,0.821806989249746,275.28808255803693,128.3976851851852,73.28754817063984,4324.551939038388
HE,vid_000132_frame0000046.jpg,15.775166710465218,0.8645328369357189,274.0145880189247,128.36143518518517,73.34833241249136,4025.097173448217
HE,vid_000132_frame0000047.jpg,17.493492129447315,0.8887110502348025,274.68250668588695,128.30449074074073,73.36900017461988,4155.223081729157
HE,vid_000132_frame0000048.jpg,17.759269825253096,0.8975121207622404,274.19118352451284,128.2747299382716,73.35874776582313,4024.037357869834
HE,vid_000132_frame0000049.jpg,18.18987559315619,0.900739553819129,273.8630509841498,128.20830246913582,73.35937840661417,3989.3048514622387
HE,vid_000132_frame0000050.jpg,18.235227087986438,0.900245098136848,273.78186430094286,128.20864197530864,73.39617910637466,4035.274320521774
HE,vid_000132_frame0000051.jpg,16.619340218764055,0.8919681995054517,272.3839973461157,128.23480709876543,73.33955274474482,4075.709160836525
HE,vid_000132_frame0000092.jpg,16.055553491326005,0.8719194258656908,274.23338614288014,128.33704475308642,73.51223047167619,4137.459598033777
HE,vid_000132_frame0000093.jpg,14.424180146409483,0.841302144280529,275.6940575363167,128.4007175925926,73.42263788583662,4448.197065286292
HE,vid_000132_frame0000094.jpg,13.446663210546655,0.830325313542787,275.1819710673954,128.45373456790122,73.3451379699485,4543.592776116446
HE,vid_000132_frame0000098.jpg,13.458952091313723,0.8061744718539329,276.49631655851965,128.56911265432097,73.26087165761547,4822.750603124465
HE,vid_000132_frame0000099.jpg,14.860080665766018,0.8371775687345754,276.509150121723,128.4589351851852,73.27419656046881,4619.463217437736
HE,vid_000132_frame0000100.jpg,15.788772433371225,0.8632782820202268,275.58319967976513,128.26966049382716,73.28105122337735,4476.048987021796
HE,vid_000132_frame0000101.jpg,16.05291389206331,0.8652478898543506,276.07837533455256,128.30554012345678,73.33929580254507,4503.3572947096845
HE,vid_000132_frame0000111.jpg,17.76981852769419,0.8960664130141552,275.4381644020641,128.26960648148147,73.49638106694599,4397.183062078416
HE,vid_000132_frame0000112.jpg,17.075667996668326,0.8915937138803165,275.70744596840643,128.31270833333335,73.45823201550623,4406.71972995518
HE,vid_000138_frame0000014.jpg,16.19006375800168,0.6130946441954707,274.8999274585092,129.68837191358026,72.09414440852657,2622.809373850928
HE,vid_000138_frame0000017.jpg,15.958681821376127,0.6264589449844536,274.5196263206524,129.66078703703704,72.1153406523554,2474.831240008192
HE,vid_000138_frame0000018.jpg,15.911126777647604,0.614719395741462,275.1835172811803,129.6396450617284,72.11709200413782,2576.7771252476755
HE,vid_000138_frame0000019.jpg,15.882250561439877,0.617034041383617,275.1849785384094,129.63552469135803,72.18852684290898,2472.319273158627
HE,vid_000138_frame0000020.jpg,15.888406054203232,0.6068951428531378,275.8537849007125,129.4876774691358,72.22687764487728,2575.2519099451297
HE,vid_000138_frame0000021.jpg,15.96769930343908,0.6354752994012369,274.29865546809606,129.60952932098766,72.15855020387657,2397.022495963303
HE,vid_000138_frame0000022.jpg,15.985828368998574,0.6506307345488344,274.2780531705219,129.55106481481482,72.29760041039216,2268.307714219441
HE,vid_000138_frame0000023.jpg,15.968635740019222,0.654527922503274,273.95119711776806,129.5864737654321,72.33619921403346,2153.54248767123
HE,vid_000138_frame0000024.jpg,15.98325581227896,0.6353919761620387,275.47480141592814,129.49230709876542,72.2818546724788,2513.3988455860745
HE,vid_000138_frame0000027.jpg,15.597997240341368,0.6237343853819625,274.8061708450505,129.53782407407408,72.1879383684188,2435.587861689279
HE,vid_000138_frame0000028.jpg,15.571681411852703,0.6133245046526672,275.4715939170988,129.5335648148148,72.1576781029273,2583.3737519204387
HE,vid_000139_frame0000005.jpg,16.666610956110453,0.8783115891812342,272.30231493985974,128.42216820987653,73.24959617882269,4480.2974531244645
HE,vid_000139_frame0000006.jpg,16.044477885442593,0.8235262446438498,272.9365364980956,128.9437037037037,72.61198818129554,4425.694988911512
HE,vid_000139_frame0000007.jpg,14.953655877379612,0.7946443883910859,274.44816152174184,129.15576388888888,72.81627218779445,4612.727677296715
HE,vid_000139_frame0000008.jpg,14.748758005216462,0.7793415400887552,274.425398781418,129.19091049382715,72.81716568226315,4594.151580303832
HE,vid_000139_frame0000009.jpg,14.794068598106012,0.7611256255869301,275.8082962403859,129.1803086419753,72.82117294808131,4582.898444958609
HE,vid_000139_frame0000010.jpg,14.783850774201381,0.7298068329929062,278.66829570568916,129.16644290123457,72.81201541248048,5001.633953626543
HE,vid_000139_frame0000011.jpg,14.738440342972101,0.7394512268568921,278.3357778396598,129.10015432098766,72.80575903978271,5045.852584612137
HE,vid_000139_frame0000012.jpg,14.772871690855258,0.7239832482883867,279.30832999098976,129.13572530864198,72.79165615085155,5180.294442154398
HE,vid_000139_frame0000013.jpg,14.760912295153904,0.7509052964336383,277.7226118591853,129.11802469135802,72.81300147892381,5012.6844718676175
HE,vid_000139_frame0000014.jpg,14.71319361862448,0.7260355343097031,279.1363083212066,129.11835648148147,72.81480427551503,5282.810046296297
HE,vid_000139_frame0000015.jpg,14.725043132232292,0.7401972881323836,278.1653627324005,129.14858796296295,72.80158715930278,5257.1438815822185
HE,vid_000139_frame0000026.jpg,14.637950263769977,0.7957299936357427,276.0630433206796,128.74195216049384,73.57829924404246,5078.476535081769
HE,vid_000140_frame0000001.jpg,13.581059110730195,0.7118206043091825,273.70009376743997,128.7898148148148,72.58147362053673,5071.333398704466
HE,vid_000140_frame0000023.jpg,12.260750444567813,0.5340248299982422,277.22962588372167,130.24335648148147,72.61216981396477,5365.670751657283
HE,vid_000140_frame0000024.jpg,12.274291357536242,0.4697681892495417,280.54014238112575,130.1329475308642,72.50920648835789,5837.9068315307795
HE,vid_000140_frame0000025.jpg,12.264684258995901,0.5312856734217245,277.6564319524036,130.20177469135803,72.60792837068531,5282.46816388889
HE,vid_000140_frame0000026.jpg,12.27947368099931,0.5751191645106937,275.16157454246854,130.30255401234567,72.42530675317734,5089.362213608588
HE,vid_000140_frame0000027.jpg,12.28577427151144,0.5541733893021661,276.04328054707355,130.1528086419753,72.51295923863285,5114.54710492303
HE,vid_000140_frame0000028.jpg,12.266414106712551,0.4930087003298084,279.3459140972835,130.16944444444445,72.53287978352547,5586.10650534259
HE,vid_000140_frame0000029.jpg,12.292773749185953,0.532655416818366,277.6028917507616,130.14235339506172,72.56742770840522,5259.8495644646755
HE,vid_000140_frame0000030.jpg,12.255531518227977,0.4855779844232786,279.9327254179571,130.23797067901234,72.53906991896862,5767.314736796982
HE,vid_000140_frame0000031.jpg,12.138903095188931,0.5880833259772619,274.6930391833025,130.24172067901233,72.64461463604519,5005.684411919809
HE,vid_000140_frame0000032.jpg,12.000289348522728,0.5917904810571771,274.6099244241087,130.17164351851852,72.60040784360723,5049.136124493634
HE,vid_000140_frame0000036.jpg,16.5783422097214,0.8542481908628382,267.8194875734628,128.9148148148148,72.20296300665933,4551.145590923401
HE,vid_000140_frame0000038.jpg,18.272177836174535,0.8836455342303546,271.2314528904092,128.58422067901233,72.82560889685864,4288.774447336475
HE,vid_000140_frame0000039.jpg,17.749224997374732,0.8761893985871687,271.57205309852804,128.54847222222222,72.82567950172601,4399.437258999914
HE,vid_000141_frame0000001.jpg,16.535174794479307,0.87168691612415,278.08545200034615,128.07308641975308,73.33366759842968,3525.4673359433937
HE,vid_000141_frame0000012.jpg,18.245069771057608,0.9234130519214033,278.3810399628897,128.06501543209876,73.3209938155826,3217.2681307725093
HE,vid_000141_frame0000013.jpg,16.584513426404513,0.849692690615278,280.1307226074818,128.24016975308643,72.99563789585673,3175.04772538485
HE,vid_000141_frame0000014.jpg,16.627834053483276,0.864971382227932,280.79736878088596,128.10601080246914,73.11802728799198,3326.6676353732637
HE,vid_000142_frame0000001.jpg,18.041262064776333,0.8546826890540968,279.2553640818803,128.23496913580246,73.4686284943346,4133.672999656113
HE,vid_000142_frame0000002.jpg,18.057882743980862,0.8657848453168876,278.3940145516983,128.26109567901236,73.47238841844329,4018.2938866767163
HE,vid_000142_frame0000003.jpg,17.773787847109915,0.8920143310885612,276.2569371542743,128.3260802469136,73.50051491845149,3568.143615782655
HE,vid_000142_frame0000004.jpg,17.91482729349041,0.8759859794034325,278.23239940912515,128.21734567901234,73.46277705551068,4067.4304038006308
HE,vid_000142_frame0000005.jpg,18.024644133860072,0.8813160060849179,277.7266113827347,128.26496913580246,73.47078401028172,3961.416652680374
HE,vid_000142_frame0000016.jpg,15.468003581894063,0.7253725475869229,288.57243497559045,128.68665895061727,73.33405579049251,6095.357269647289
HE,vid_000142_frame0000017.jpg,15.47776388121326,0.7252422059547353,288.88476841231613,128.72422067901235,73.35256105100505,6240.992352518433
HE,vid_000142_frame0000018.jpg,15.477256196334574,0.7183896765198546,289.4998502554416,128.62942901234567,73.35159026515416,6446.150345895968
HE,vid_000142_frame0000025.jpg,15.485118252123666,0.725529755966755,288.7268670239116,128.65179012345678,73.31185501882783,6268.171664448064
HE,vid_000142_frame0000026.jpg,15.461212586373787,0.7225146314284426,288.7227353355835,128.71806327160493,73.33803095822337,6157.710181129437
HE,vid_000142_frame0000027.jpg,15.47952403239118,0.7246442576185208,288.71907421151946,128.72242283950618,73.31641031793377,6219.910581059898
HE,vid_000142_frame0000028.jpg,15.483882879667657,0.7191977550059957,289.3002133887633,128.62712962962962,73.32388088344995,6341.347018151768
HE,vid_000142_frame0000029.jpg,15.463868828786584,0.7236670640951592,288.7078084214177,128.71878858024692,73.35289628844136,6075.078379308068
HE,vid_000142_frame0000030.jpg,15.490344611447764,0.7144954338428237,289.37713833391035,128.66293209876542,73.29300014188162,6277.698060253713
HE,vid_000142_frame0000031.jpg,15.488667925540106,0.7258890387328544,288.79575512021256,128.68286265432099,73.31727456419299,6243.916551654129
HE,vid_000142_frame0000033.jpg,15.464480369590186,0.7332979202096707,287.79576805184536,128.71493055555555,73.336700212555,5669.32525089068
HE,vid_000142_frame0000034.jpg,15.48676377467955,0.7183998349669108,289.36435786332527,128.65265432098766,73.33389424695592,6365.308806479337
HE,vid_000142_frame0000035.jpg,15.415817307457424,0.7369163216379476,287.502018476646,128.70717592592592,73.41477902134557,5193.803287641403
HE,vid_000142_frame0000036.jpg,15.080302009626273,0.7111659881540814,289.43454166782436,128.82012345679013,73.39195219855937,4879.016431858472
HE,vid_000142_frame0000037.jpg,14.772211026403166,0.6635534312431443,293.63980535761334,128.88625,73.3196497701604,5598.622841294915
HE,vid_000142_frame0000038.jpg,14.628088559851705,0.6266515122163528,297.27006374667144,128.8732098765432,73.50372432114858,5993.635204443814
HE,vid_000142_frame0000039.jpg,14.400234463845269,0.592141491702385,295.46563689311085,128.94611111111112,73.69090149585365,4860.458392849555
HE,vid_000142_frame0000093.jpg,12.975217867779376,0.5350104158712012,288.00894282289033,130.3054398148148,73.57478664371155,5187.793591391783
HE,vid_000142_frame0000095.jpg,13.03487082464619,0.4553731562167512,295.678214517028,130.17538580246912,73.49303924169136,6502.538364946213
HE,vid_000142_frame0000096.jpg,13.025825228705994,0.4538856023490247,294.81583021999444,130.1606712962963,73.49778820796543,6132.115113182953
HE,vid_000142_frame0000100.jpg,14.031542526059798,0.5691683761293901,304.60650179800473,129.16655092592592,73.10732956269894,8599.283035979415
HE,vid_000142_frame0000101.jpg,13.546893317878785,0.5855537780161651,297.558740713526,129.45141203703704,73.29359887550505,6362.997383741045
HE,vid_000142_frame0000102.jpg,13.67878365008999,0.5449677207649274,306.33462561130136,129.36251543209877,73.27788772525496,10507.537958133049
HE,vid_000142_frame0000103.jpg,13.610599545136417,0.5646391732814341,300.61520282787694,129.41922067901234,73.27804125138425,8006.627085419286
HE,vid_000142_frame0000104.jpg,13.701464363025579,0.5673730640445412,305.5243992917786,129.3883950617284,73.28137520369798,10285.39701162117
HE,vid_000142_frame0000105.jpg,13.712512855771,0.5648377523287108,305.67872336910204,129.37913580246914,73.26342705400565,10511.90192112459
HE,vid_000142_frame0000106.jpg,13.676379119142583,0.5526967650466105,305.05864123809914,129.38789351851852,73.30481364645672,9124.162109095412
HE,vid_000142_frame0000107.jpg,13.710022438881497,0.598377499117383,288.56458548481015,129.4630864197531,73.09797360674429,5620.507780604852
HE,vid_000142_frame0000108.jpg,13.782089749931341,0.5246835150481531,295.66648099482325,129.41229166666668,73.08319138354469,7036.915234051354
HE,vid_000142_frame0000109.jpg,13.908624140421413,0.5227348607612814,299.0828951433637,129.340987654321,73.15889580947471,7409.76424260968
HE,vid_000142_frame0000110.jpg,13.89267529858791,0.527271329952894,299.23669570071513,129.35682098765432,73.1468522888745,7775.647980961125
HE,vid_000142_frame0000111.jpg,13.600204493266281,0.6299611742665457,284.6445558062333,129.63212962962962,73.58225500511327,4988.638046547544
HE,vid_000142_frame0000112.jpg,12.962074746722504,0.6417567792146502,282.33167173649207,130.12952932098764,73.8167635967315,5041.112313228202
HE,vid_000142_frame0000113.jpg,13.207219896519806,0.6376712911984209,281.6989779468137,129.94515432098765,73.68154618440315,4935.151317634507
HE,vid_000142_frame0000123.jpg,13.42443157377617,0.544045838793056,289.4187518198616,129.6682638888889,73.60319992442956,5415.70660674672
HE,vid_000142_frame0000124.jpg,13.909680813495953,0.5757090753779361,293.46503680705916,129.40483796296297,73.1256713785048,6158.929809339217
HE,vid_000143_frame0000001.jpg,15.377014634293879,0.8114784521023045,283.1571833855376,128.45699845679013,73.48903044204438,4044.0509806664736
HE,vid_000143_frame0000012.jpg,14.872816481953253,0.8031385256364173,283.29750751843216,128.4685648148148,73.45721722083633,4457.012137048231
HE,vid_000143_frame0000013.jpg,14.853198839910933,0.8173617096722957,282.12527033983093,128.47628858024692,73.44594925834869,3961.1325795538382
HE,vid_000143_frame0000014.jpg,14.76377278613259,0.8044521708041042,283.5046828976978,128.47664351851853,73.40589157171061,4241.462247869454
HE,vid_000143_frame0000015.jpg,14.707578277055788,0.807630342905735,282.7862925009212,128.46871141975308,73.41306466995246,4090.596694053819
HE,vid_000143_frame0000016.jpg,14.622079412700014,0.8161737099345917,281.64968480662685,128.506875,73.44659214135683,4060.562011366824
HE,vid_000143_frame0000017.jpg,14.421499628026737,0.8168977743764732,281.431470819318,128.47096450617283,73.48624822744073,4185.057598943985
HE,vid_000143_frame0000018.jpg,14.408969802801586,0.8050470091565077,282.58276234421135,128.45467592592593,73.50881811585626,4617.277987711238
HE,vid_000143_frame0000019.jpg,14.304763496033946,0.8210863569790546,280.6969009298045,128.49094907407408,73.54169008410412,4227.5436707476
HE,vid_000143_frame0000020.jpg,14.258140387422031,0.8159203844936515,281.3914478245086,128.43368827160495,73.45969868676116,4635.0115314114055
HE,vid_000143_frame0000031.jpg,14.994488648283344,0.8234275159829528,281.2431752902832,128.4800385802469,73.34203643431128,4334.991593611337
HE,vid_000143_frame0000038.jpg,15.292688897932386,0.8386859883773439,281.2036905440155,128.3858024691358,73.33451166333116,4075.1237559289743
HE,vid_000143_frame0000039.jpg,15.266496917584917,0.8298557978155934,281.59131907578194,128.41060956790125,73.37429192939973,3825.885302625362
HE,vid_000143_frame0000041.jpg,15.03336209056718,0.8291334012218349,279.5037058860267,128.53059413580246,73.17551255763726,4069.819658481701
HE,vid_000143_frame0000044.jpg,13.836801256538724,0.8245885128127246,277.93612401542197,128.28484567901234,73.16243326131878,3587.7164916835764
HE,vid_000143_frame0000047.jpg,13.5175041449941,0.7914336600028079,278.14954218342365,128.36263888888888,72.97495874714406,3838.441939749979
HE,vid_000143_frame0000048.jpg,13.53641692524784,0.7906739203814798,278.46427413436663,128.39958333333334,73.02511909161743,3826.5782735651483
HE,vid_000143_frame0000049.jpg,13.637621740033124,0.7925665238842609,278.8199537708447,128.3410262345679,73.08220187178493,3717.957352738662
HE,vid_000143_frame0000050.jpg,13.763613843912614,0.8001963885935309,278.7577082286825,128.3798225308642,73.12063410180458,3819.8687197492764
HE,vid_000143_frame0000051.jpg,14.00336863291843,0.8086939676895888,278.64103101433034,128.3741975308642,73.12067909131996,3811.5471582118175
HE,vid_000143_frame0000052.jpg,14.080056760726869,0.8096817425780136,278.60391094100817,128.3283101851852,73.13460181394325,3823.1401521247126
HE,vid_000143_frame0000053.jpg,14.310386566537973,0.8131731664240585,278.1184183825193,128.31626543209876,73.00679038435975,3829.767932801545
HE,vid_000143_frame0000057.jpg,16.01245568008815,0.8826520772292108,278.30013488653697,128.19583333333333,73.34938270030248,3590.4274422487047
HE,vid_000143_frame0000058.jpg,15.68763266858645,0.8763154794466591,278.28899436946995,128.19479938271604,73.34422236573964,3629.5613348331403
HE,vid_000143_frame0000059.jpg,15.479324938140287,0.8650523060091361,278.11576543457466,128.26645833333333,73.23901001460601,3492.806887281319
HE,vid_000143_frame0000060.jpg,16.270000819246366,0.8909314266174553,277.59617613808183,128.1755709876543,73.37528456302461,3246.789145112633
HE,vid_000143_frame0000061.jpg,16.396413972891008,0.8857197936538105,278.37725264360967,128.23412037037036,73.35213891449375,3628.3369576602627
HE,vid_000143_frame0000064.jpg,16.104988463284037,0.8806846586458522,278.17082508636656,128.17051697530863,73.36201263410487,3641.6161785491445
HE,vid_000143_frame0000065.jpg,15.912350460787476,0.8746827429014726,277.961589597836,128.2185725308642,73.26890443579452,3653.94654771037
HE,vid_000143_frame0000066.jpg,16.39390002223697,0.8908623417741895,277.7151686279394,128.18770061728395,73.2999039964288,3316.0898081466244
HE,vid_000143_frame0000067.jpg,18.47410027694198,0.9150974808991369,278.22424979864843,128.14766203703704,73.38748091380052,3417.8914347029327
HE,vid_000143_frame0000074.jpg,16.88871672131523,0.8946571432512899,279.3817260429687,127.98081790123457,73.36181172165887,3527.436372044801
HE,vid_000144_frame0000001.jpg,15.184802918674173,0.7856681895270231,278.884731983085,128.54223765432099,73.67340450118598,3338.2698795115075
HE,vid_000144_frame0000002.jpg,15.101739346597087,0.8021725138346936,277.892724374729,128.6215200617284,73.74140838114697,3210.4786965532603
HE,vid_000144_frame0000003.jpg,13.587534806746254,0.6828629065875945,281.8520180826195,129.08013888888888,73.61915258369389,4094.9252994226654
HE,vid_000144_frame0000004.jpg,12.688710763345068,0.5129856198116818,294.11691090944936,129.62094907407408,73.41831755633578,6890.2120035745675
HE,vid_000144_frame0000005.jpg,12.726382327508333,0.49671996345469877,295.4417558199954,129.60538580246913,73.35229072310193,7636.270246527243
HE,vid_000144_frame0000006.jpg,12.71572591384325,0.503471722024191,294.37175900380936,129.60435185185185,73.36325666566506,7064.086738914073
HE,vid_000144_frame0000007.jpg,12.488984806062728,0.4952810320030591,294.6436892262828,129.7935802469136,73.3692780099433,6271.895865470145
HE,vid_000144_frame0000008.jpg,12.289345349929544,0.45433167491989107,298.6746604949818,130.02585648148147,73.15516521191861,7284.697096020995
HE,vid_000144_frame0000009.jpg,12.203640614501744,0.44245760953380797,295.6435359986677,130.1526774691358,73.1890651602742,5986.884248055747
HE,vid_000144_frame0000020.jpg,11.793422201161022,0.3747472421300295,304.3961766890052,131.1837037037037,74.1599563330482,8758.964113565005
HE,vid_000144_frame0000021.jpg,11.888237341959778,0.3786887041158444,301.68498607472543,131.1422762345679,74.20619543619692,7110.152970100249
HE,vid_000144_frame0000022.jpg,11.950605413744672,0.3615993233932309,308.85918020371025,130.88648148148147,73.97525445007513,11400.77188646905
HE,vid_000144_frame0000023.jpg,11.943917470047023,0.38349256583014196,305.66228548116015,130.9776774691358,74.00599243864022,9241.337119579475
HE,vid_000144_frame0000024.jpg,11.85652542950767,0.4242119803250648,300.59797513471153,131.28564043209877,74.24227309821853,8100.13906592882
HE,vid_000144_frame0000025.jpg,11.958042888350956,0.3943642062155797,304.1912105539372,130.6950925925926,73.70433139685953,9527.435856412656
HE,vid_000144_frame0000026.jpg,11.986404068218858,0.5161386564402489,287.63062273108784,130.4044675925926,73.55739702782958,5494.392846129054
HE,vid_000144_frame0000027.jpg,11.686093063016518,0.5669462141873715,285.672504042158,130.29270061728394,73.54823513289395,5389.290232678839
HE,vid_000144_frame0000028.jpg,12.05304890125134,0.47110836754712176,296.6157622550162,130.0346913580247,73.3003034847341,8194.72272873746
HE,vid_000144_frame0000029.jpg,12.20876217815885,0.4757719756873942,295.4086241259655,129.93189814814815,73.16194539590295,7721.669151238795
HE,vid_000144_frame0000030.jpg,12.177640320431443,0.4647844179227392,296.91942352607816,129.93305555555557,73.23876410633972,8067.710328182096
HE,vid_000144_frame0000046.jpg,11.980261925381816,0.407688637657632,305.8244440541299,130.51658179012347,72.93474328132905,8386.919033633341
HE,vid_000144_frame0000047.jpg,12.002185907935525,0.39657115973313456,306.94270301444385,130.42148919753086,72.90643976707877,9962.014300197186
HE,vid_000144_frame0000048.jpg,12.04451479395955,0.40546595475799,306.82141774237255,130.28695216049383,72.83609005801362,10791.224852604168
HE,vid_000144_frame0000049.jpg,11.947506322748625,0.38342856221839305,307.1249291559864,130.69213734567901,73.30456641094868,8529.551860103202
HE,vid_000144_frame0000050.jpg,11.858649977341218,0.3697938718450466,313.58095984527284,130.6245987654321,73.2988963744718,11733.37901048043
HE,vid_000144_frame0000051.jpg,11.752971729329838,0.3690161481430376,313.7058990866466,130.55277777777778,73.24206204618885,11278.287432623645
HE,vid_000145_frame0000002.jpg,17.300332112563662,0.8947539379970223,275.77048293620487,128.10537808641976,73.2829139516779,2965.184991700424
HE,vid_000145_frame0000013.jpg,17.009114475364424,0.8931579853916531,275.5191915688776,128.1512422839506,73.27977697656092,2875.546975689622
HE,vid_000145_frame0000014.jpg,16.954955391902804,0.8913130281006906,276.1214631555001,128.105362654321,73.31700840352079,2958.620464883402
HE,vid_000145_frame0000071.jpg,17.449844164837046,0.8736270600790252,278.24142440880973,128.21411265432099,73.31469121150226,3119.463390559211
HE,vid_000145_frame0000072.jpg,18.127045058516607,0.884757961546553,277.07920281129606,128.21034722222223,73.2646888700071,2987.9928400033696
HE,vid_000145_frame0000073.jpg,16.554301338081007,0.8317317097639069,276.47440223231763,128.36929783950617,73.05664532542198,2943.0709718620806
HE,vid_000145_frame0000074.jpg,15.857847444705808,0.8098335432621585,274.9144145989876,128.31467592592594,72.93300974977248,3059.5828965234314
HE,vid_000145_frame0000075.jpg,15.396647426114505,0.7957775720761258,274.31738451062006,128.3289197530864,72.96448372920968,2836.531445677524
HE,vid_000145_frame0000076.jpg,15.481205954386233,0.809164492890227,274.08555012215436,128.2294984567901,73.0715163715729,2813.535792847651
HE,vid_000145_frame0000077.jpg,15.787628322435406,0.8243107043663479,273.62516288008356,128.29685185185184,73.05559439772708,2767.947016638029
HE,vid_000145_frame0000078.jpg,16.2309246675618,0.846006313517449,273.39051957444957,128.20139660493828,73.18859118211208,2657.2756894887884
HE,vid_000145_frame0000079.jpg,13.775592560839163,0.813944872535032,273.1489969578651,128.28793209876542,73.20702314041877,2724.6915452653466
HE,vid_000145_frame0000080.jpg,14.844002942875008,0.8541838628666022,272.07469168735196,128.2945601851852,73.21287350563168,2562.1767744383833
HE,vid_000146_frame0000010.jpg,15.659176498287863,0.9085175575452024,272.20885737196943,128.0090277777778,73.12058762869658,3518.5524171381435
HE,vid_000146_frame0000011.jpg,15.225993338178103,0.9038736111025818,272.01535157845,127.98489969135802,73.12138096186916,3563.2830621865355
HE,vid_000146_frame0000012.jpg,15.537924969910787,0.9033042623350723,272.4939206332593,127.9998688271605,73.05035897222167,3558.24227859225
HE,vid_000146_frame0000013.jpg,15.801975113730135,0.9049111048978062,272.50299460482375,127.95494598765433,73.09038142930744,3499.8402880122594
HE,vid_000146_frame0000014.jpg,16.714918436057282,0.9242886950765609,271.7149843576035,127.99137345679013,73.05456972061525,3114.346259369761
HE,vid_000146_frame0000015.jpg,16.895736332520954,0.9229741996232163,272.55198548440546,127.87660493827161,73.10498183665565,3120.77765740717
HE,vid_000146_frame0000016.jpg,16.382384691268786,0.9203612571361721,271.7189924297418,127.94114969135802,73.06124165391348,3055.8079613539644
HE,vid_000146_frame0000017.jpg,15.30315763404955,0.9046036483608337,271.8681402073019,127.96753858024691,73.0474972549152,3039.6261555164397
HE,vid_000146_frame0000020.jpg,14.531032415089367,0.8868490356789375,272.1279353283298,127.89673611111111,72.89122947945138,3340.574356090856
HE,vid_000146_frame0000021.jpg,14.163601201439302,0.8824404930408538,271.42996374376156,127.93850308641976,72.88478169902689,3297.1582902062733
HE,vid_000146_frame0000022.jpg,13.91464449972651,0.8725266376192509,271.47021558483334,127.94363425925926,72.8311364640427,3161.7134675410925
HE,vid_000146_frame0000023.jpg,13.814950296723898,0.8717612259998383,271.5883749960855,128.006875,72.90072539364448,3172.4858415565814
HE,vid_000146_frame0000024.jpg,13.565942939896885,0.8607331557012651,271.9959163011818,127.99099537037037,72.8074170186595,3376.973496753484
HE,vid_000146_frame0000025.jpg,13.381037140694428,0.8585568566989416,271.56026922384194,128.03440586419754,72.84963128016683,3250.0955205294545
HE,vid_000146_frame0000026.jpg,13.12024569859833,0.852160518342605,271.6629606431229,128.02641203703703,72.85689362722815,3276.407114344648
HE,vid_000148_frame0000012.jpg,8.582895786148262,0.4759080731811352,280.29617599993105,129.95550347222223,72.40250672145099,3051.473435016095
HE,vid_000148_frame0000013.jpg,8.532013672301321,0.4770525133431695,279.6741774232151,129.97026041666666,72.32950027319521,3109.5852530671295
HE,vid_000148_frame0000014.jpg,8.54896449101407,0.48018075264472876,279.7600719926754,130.0231134259259,72.3680616071036,3040.6016817932045
HE,vid_000148_frame0000015.jpg,8.254981051344314,0.44240548010353353,275.3929934714912,131.0071064814815,71.63209022470923,3454.9899996784648
HE,vid_000148_frame0000016.jpg,8.626857898715484,0.4352286682459283,274.75929856293334,131.33810763888889,71.24750747188287,3687.743659734948
HE,vid_000148_frame0000017.jpg,9.140008898214587,0.43696499611003353,277.3166425500105,130.81167824074075,71.14061875445589,2903.855943273641
HE,vid_000148_frame0000018.jpg,9.107285525312005,0.4230614166320152,279.0627008882704,130.73002893518517,71.238879353878,3182.344691599017
HE,vid_000148_frame0000019.jpg,9.12702068446697,0.411626503603937,280.5227350986223,130.7938136574074,71.27369792656553,3305.0598803476505
HE,vid_000148_frame0000040.jpg,9.055968631789783,0.3037659832610882,290.61569741633025,132.5270138888889,72.00636087430692,6140.150543424177
HE,vid_000148_frame0000041.jpg,9.092137746153533,0.3159508997440823,289.1594600643533,132.73525462962962,71.9949922074058,5664.800508371781
HE,vid_000148_frame0000042.jpg,9.027478520366675,0.28138168200252994,293.0815685175514,134.20743055555556,72.48592786719588,6600.493986203509
HE,vid_000148_frame0000043.jpg,9.002710614031423,0.2607308970216597,295.9655710012365,134.40006944444445,72.40571528875783,6444.8053514612275
HE,vid_000148_frame0000058.jpg,10.272713008140023,0.5362167743204141,280.4190014725303,129.66637152777778,72.13666584297246,3088.1248176949375
HE,vid_000148_frame0000059.jpg,10.213209969213112,0.5142277475710936,281.3716545148652,129.66278935185184,72.20546648856046,3088.541367829667
HE,vid_000148_frame0000060.jpg,10.147937198928794,0.5400847403838763,278.71437065280537,129.74536458333333,72.19576022112678,3011.8927846577876
HE,vid_000148_frame0000061.jpg,10.226895350964956,0.5364876694223617,280.217669799345,129.64622106481482,72.19234713694344,3059.858966650558
HE,vid_000148_frame0000062.jpg,10.193913218716448,0.5318960137169663,280.106640122937,129.79390625,72.13408824020611,3065.223745638791
HE,vid_000148_frame0000068.jpg,10.143110500286257,0.5344606693420788,279.9732524145584,129.71422453703704,72.16271142596938,3030.4391616605785
HE,vid_000148_frame0000069.jpg,10.053571036084882,0.5042758892011888,282.19556996063625,129.70679976851852,72.19384760493023,3404.0041536096305
HE,vid_000148_frame0000070.jpg,10.09877023068128,0.5316069335554988,279.783057760564,129.7558101851852,72.13895165492342,3116.9465036835763
HE,vid_000148_frame0000071.jpg,10.076836781970862,0.5284545113543349,280.81930953915725,129.7652314814815,72.14076348658848,3302.328574137537
HE,vid_000148_frame0000072.jpg,10.12248520600318,0.5347704724022783,280.50150327807626,129.70263310185186,72.24224714915343,3106.4915331955895
HE,vid_000148_frame0000073.jpg,10.121100717861234,0.5240653517558548,281.4699515419808,129.71826967592594,72.2248975007699,3375.17771022132
HE,vid_000148_frame0000074.jpg,10.138797573355466,0.5303653968414578,280.0295508743534,129.7242361111111,72.15082763776603,3141.178934439167
HE,vid_000148_frame0000075.jpg,10.164512686770724,0.5291204751932902,281.11495905816525,129.6731712962963,72.2269222571416,3283.2008768646792
HE,vid_000148_frame0000076.jpg,10.189338635458046,0.5288157397085402,280.0142012862928,129.7100925925926,72.13199211881273,3032.0165717592254
HE,vid_000148_frame0000077.jpg,10.16072224517699,0.5238944075303407,281.28964277120076,129.69322337962964,72.1345336975474,3376.4558568624284
HE,vid_000149_frame0000007.jpg,10.130017419067432,0.5839025214188748,281.8497463081618,129.14350694444445,73.33092827948498,2056.5692393301174
HE,vid_000149_frame0000023.jpg,10.60107121140389,0.5940096224688933,281.3865359754883,129.15305555555557,73.2122508906699,1913.591840500686
HE,vid_000149_frame0000024.jpg,10.585542908996366,0.578505561866948,283.3854092760196,129.15879050925926,73.32306130501497,2024.8240310731405
HE,vid_000149_frame0000025.jpg,10.632417225068107,0.5892383343328111,282.23046873101833,129.01972800925927,73.34168527831262,1876.884549695879
HE,vid_000150_frame0000001.jpg,12.147650226756177,0.6124045269624466,298.05926967292044,128.70251736111112,72.98210900216323,3582.993753086286
HE,vid_000150_frame0000002.jpg,12.152125770689493,0.6154195338990759,297.08415779214255,128.67938078703705,73.03995797795979,3381.0693637264967
HE,vid_000150_frame0000003.jpg,12.166954939769745,0.6182689825765612,296.74720225773166,128.70068287037037,72.99021785356902,3242.4673607654636
HE,vid_000150_frame0000004.jpg,12.166138472370612,0.6197511226162425,296.694485330249,128.72373842592592,73.00252983570542,3223.5619668616773
HE,vid_000150_frame0000005.jpg,12.17731849024056,0.6223639426460714,295.32137751844334,128.71252314814814,72.95657785897707,2985.9666073965564
HE,vid_000150_frame0000022.jpg,11.651647018250504,0.5966525186869819,295.9443952013246,128.79016782407408,72.91386354513328,3226.1915560458124
HE,vid_000150_frame0000023.jpg,11.6370120628901,0.5937680222065747,294.0101058511517,128.9581076388889,72.91026359748093,2657.142358409288
HE,vid_000150_frame0000031.jpg,10.882363778075316,0.5842625193282629,290.93049244236886,128.64580439814816,73.13662975177247,3283.6311056613495
HE,vid_000150_frame0000032.jpg,10.166583962490476,0.5431096713743949,292.76159341704994,128.72895833333334,73.1309173568332,3691.436445291569
HE,vid_000150_frame0000033.jpg,9.986261353247675,0.5291078962768568,293.2598729309385,128.7716724537037,73.1021976293775,3691.35189932364
HE,vid_000150_frame0000034.jpg,10.199651606649773,0.5423395663309627,291.408187313153,128.67287615740742,73.02920203552351,3459.643276879581
HE,vid_000150_frame0000035.jpg,10.56425184844042,0.5767619312103964,289.6228230804158,128.63686921296295,73.11464879673836,3030.665883567193
HE,vid_000150_frame0000036.jpg,10.593753368988947,0.586297316931106,288.2705138345409,128.6386400462963,73.17200675749602,2817.8384558893817
HE,vid_000150_frame0000037.jpg,10.619693549433752,0.5936144886406622,289.15113104959323,128.69463541666667,73.13097727339617,2812.804639174188
HE,vid_000150_frame0000038.jpg,10.554760261458027,0.5961294400287895,289.65231588216454,128.65564236111112,73.12514118373115,2853.6972119179472
HE,vid_000150_frame0000046.jpg,10.827313340924086,0.6293952347330581,289.12544019382,128.57248842592594,73.21328368175507,2674.3585597731267
HE,vid_000152_frame0000001.jpg,8.167124293663605,0.40680576592454365,273.7093870257242,129.65055555555554,72.25551406080616,2190.701724033853
HE,vid_000152_frame0000002.jpg,8.171499369824648,0.4131401034166051,273.0362653427255,129.65965277777778,72.26039355185056,2153.790909970851
HE,vid_000152_frame0000003.jpg,8.165418711062015,0.4271190291042491,271.26663139621746,129.81528935185185,72.11230512858359,2115.4695485009634
HE,vid_000152_frame0000004.jpg,8.15567293276747,0.43081897765350746,270.8059093163066,129.78822916666667,72.15527906281471,2089.2343307098768
HE,vid_000152_frame0000005.jpg,8.204491296930517,0.44082304953542445,270.4663769466839,129.7298900462963,72.19727032718234,1988.6334479890043
HE,vid_000152_frame0000006.jpg,8.215480042368004,0.4329928338418065,271.8632211427714,129.74041666666668,72.27105110029329,2069.6276315545897
HE,vid_000152_frame0000026.jpg,8.185528700817768,0.46206133092910456,273.4910694042776,129.89968171296297,72.77287456907857,2421.330414104161
HE,vid_000152_frame0000027.jpg,8.239442601321977,0.5166219098728608,273.6582643460695,129.8842650462963,73.15638359531289,2507.497051564074
HE,vid_000152_frame0000028.jpg,8.209249039425968,0.5458916009486816,275.11428208476076,129.99367476851853,73.4149559993711,2856.535641916232
HE,vid_000153_frame0000001.jpg,8.916197141312578,0.5214177248849879,276.7686108183974,129.43457175925926,72.70058929900837,2692.0330912950303
HE,vid_000153_frame0000002.jpg,8.902705207741432,0.5709113185541033,273.7937201240127,129.55016203703704,72.67422206817548,2362.675254633615
HE,vid_000153_frame0000013.jpg,8.202517385758558,0.6007985741965433,272.54756029220874,129.51864583333332,73.16610462021238,2408.8526421294955
HE,vid_000154_frame0000001.jpg,8.181612360770124,0.5287652790992333,276.64529091918234,129.52760995370372,73.24894727600055,2379.0286926038116
HE,vid_000154_frame0000006.jpg,8.280246401313647,0.590918802417925,274.31747089133364,129.6157349537037,73.27191878388571,2651.8860793401436
HE,vid_000154_frame0000007.jpg,8.376080362138708,0.609064727537726,273.9055351663359,129.5598784722222,73.2991314828671,2498.9701661199792
HE,vid_000154_frame0000008.jpg,8.473251441964578,0.6130778194896911,273.6455595205189,129.35745949074075,73.26016224400568,2413.9874431562926
HE,vid_000154_frame0000011.jpg,8.447106875642985,0.6170033534968806,272.94915838797334,129.39731481481482,73.27291655625666,2191.94568207703
HE,vid_000156_frame0000021.jpg,19.691151744272023,0.8780042068671295,272.432834823138,128.24131172839506,73.48952690653299,2146.444797737995
HE,vid_000156_frame0000022.jpg,19.722700560048942,0.8787997645863078,272.3179789628522,128.2189274691358,73.45772643028415,2164.7647073959174
HE,vid_000156_frame0000023.jpg,19.67504433887055,0.8794756638903296,272.1303570548259,128.20051697530863,73.4707693705002,2115.3834660484304
HE,vid_000156_frame0000024.jpg,19.681971834886504,0.8791982169684752,272.23909411068826,128.22391975308642,73.48926476615549,2168.2871335124214
HE,vid_000156_frame0000025.jpg,19.661405900895137,0.8782216856886992,272.5727660921442,128.25260030864197,73.51186830061549,2175.3788570929896
HE,vid_000156_frame0000026.jpg,19.66833888966982,0.8779398464642281,272.3579621648542,128.22466820987654,73.48464573266126,2131.9779683855713
HE,vid_000156_frame0000027.jpg,19.57284816201402,0.8768072270108626,272.54689258240495,128.20896604938272,73.4688400177965,2107.796222721384
HE,vid_000156_frame0000028.jpg,19.58964757557492,0.8757715108462848,272.84787198033564,128.2077237654321,73.51065162113039,2168.1267065314332
HE,vid_000160_frame0000017.jpg,15.171915498270803,0.7412825475494808,274.95848705265945,128.6435262345679,73.54338846313613,2731.6591694743915
HE,vid_000168_frame0000008.jpg,12.458490851775586,0.6647552139842768,274.38082522974196,129.91712962962964,72.50804340078663,4262.133243754763
HE,vid_000203_frame0000002.jpg,13.720370076372152,0.789975865721143,319.78936340087273,95.40243055555555,84.70537032922361,3256.64699455774
HE,vid_000203_frame0000020.jpg,13.57853855187579,0.5320777705808751,339.7111689107434,96.29183449074074,85.21154401987083,7460.46394472894
HE,vid_000203_frame0000022.jpg,13.449922789524862,0.7212190482691266,319.83698754382067,95.09824074074074,85.0571063705275,3526.241211098117
HE,vid_000206_frame0000005.jpg,9.160981528896077,0.5348059082516132,317.9463278596726,96.89385416666667,84.26381704321076,3406.461124995177
HE,vid_000206_frame0000006.jpg,9.187665403711287,0.5370436415750873,318.38129192588195,96.52374421296297,84.37531209055773,3380.403405067643
HE,vid_000206_frame0000024.jpg,11.742143043765479,0.6463990935597949,326.4756745605573,95.27615740740741,84.5193094366127,3595.0471266597206
HE,vid_000206_frame0000027.jpg,11.807109081458327,0.654942120998432,325.94638353151953,95.18375,84.52613075208744,3467.3729200017146
HE,vid_000206_frame0000031.jpg,11.845510016792286,0.65786793025335,324.9214431560411,95.40115162037037,84.42571019243987,3283.655734483473
HE,vid_000206_frame0000034.jpg,11.836040568530834,0.6536224055819466,325.3175739157198,95.3698263888889,84.43974970530131,3437.5760444764605
HE,vid_000206_frame0000037.jpg,11.96393792825015,0.667351337214192,323.2819814561457,95.59880787037036,84.38805567560172,3168.6550042866943
HE,vid_000206_frame0000038.jpg,18.968211898658062,0.8820759791504263,315.8404190473049,95.17952546296296,84.46775165244578,1541.727267433449
HE,vid_000206_frame0000040.jpg,19.391067250284912,0.8909717559408511,318.2564629318044,94.07650462962962,84.541112841431,1587.4988401041667
HE,vid_000210_frame0000004.jpg,10.148401021084563,0.6073717214976676,288.63307582146604,128.80997106481482,72.99641484330593,2165.8703206243235
HE,vid_000210_frame0000037.jpg,12.400720392609921,0.6698247302384311,275.88030114922964,128.53396412037037,72.38663313501819,933.9739001076698
HE,vid_000210_frame0000040.jpg,12.363558516906723,0.6610278660435002,278.64589592198,128.46358217592592,72.37301830039118,1142.1013860575276
HE,vid_000210_frame0000056.jpg,17.073699819758566,0.7457078085378562,288.0962551677611,128.67412037037036,72.4973002796474,1361.8999459340707
HE,vid_000210_frame0000058.jpg,16.30063140774729,0.7073765593032147,289.54182260492735,128.67964699074074,72.20026671692948,1915.007676420905
HE,vid_000210_frame0000060.jpg,16.634517098753058,0.728319764477623,293.0292216106465,128.58516203703704,72.11197378820768,2099.1695282900373
HE,vid_000210_frame0000062.jpg,15.657713557200516,0.7161621878920631,293.16384048991614,128.36304398148147,72.31413054753052,2122.816813589758
HE,vid_000210_frame0000068.jpg,15.427326809121594,0.7630036244161934,289.4221400969398,128.0998148148148,72.51856891809621,1326.8463042928227
HE,vid_000210_frame0000070.jpg,12.248917843625387,0.6268430943445417,281.17869390061736,128.53081597222223,72.36418952338136,1060.5122395757983
HE,vid_000210_frame0000082.jpg,9.326275584052814,0.5957433163158122,278.80252080288005,128.97749421296297,72.63788896731815,1532.9619159420815
HE,vid_000210_frame0000083.jpg,9.143340366282182,0.5768821876896552,279.60467471557104,128.96210069444444,72.67504685358253,1697.1977419316045
HE,vid_000214_frame0000001.jpg,11.84778039925269,0.6802340760459141,328.5851987369734,95.56299189814816,84.69607600875041,5282.509744007972
HE,vid_000214_frame0000002.jpg,11.869173762517104,0.6863781926692134,328.1612855525264,95.55501157407407,84.69735080264304,5151.685588285771
HE,vid_000214_frame0000003.jpg,11.919060416188916,0.7005752258988135,327.4966439659684,95.44296296296297,84.6567855619608,5132.647449497921
HE,vid_000214_frame0000004.jpg,11.985232152986816,0.7061891652919784,327.1176123602118,95.34559606481481,84.65892607156948,4921.944372382136
HE,vid_000234_frame0000001.jpg,12.072145807492053,0.6811172291752691,318.63414517509875,98.22856481481482,85.00907878408059,3747.3841286996517
HE,vid_000234_frame0000002.jpg,12.099743238049598,0.7003488479375329,317.7402548181424,98.15929976851852,85.00456046981883,3656.7483406970373
HE,vid_000234_frame0000009.jpg,11.185193845127039,0.6933585857892682,317.8261996917995,98.58273726851851,85.08790161807153,4120.465919709382
HE,vid_000234_frame0000011.jpg,11.203728938235688,0.6913011730108612,319.2419864139056,98.18078125,85.26328666602849,4410.222572910103
HE,vid_000234_frame0000060.jpg,11.205372742096916,0.7267655629514359,315.4209052419606,97.65409143518518,84.74444894032867,3383.081042418144
HE,vid_000242_frame0000007.jpg,11.835601796057055,0.4985189324612557,292.4834628259007,129.67303819444444,73.40373404132238,2551.413393754789
HE,vid_000244_frame0000005.jpg,12.288327581762115,0.6807566715168547,269.22355175303363,129.0754224537037,71.68016555763627,1781.5123948554312
HE,vid_000249_frame0000008.jpg,10.121106071365432,0.5232723451770728,312.3315847290822,98.30571759259259,83.53583934895885,2238.653472062777
HE,vid_000249_frame0000009.jpg,10.214436677178536,0.5253967696336534,311.50281516311674,98.43516782407407,83.4759810238854,2048.685811091788
HE,vid_000249_frame0000012.jpg,10.751200985294865,0.5545979358419021,310.62359979387844,98.36989004629629,83.33759588882785,1915.5336085968308
HE,vid_000249_frame0000017.jpg,9.9897493034864,0.5328854439829758,314.3012228132384,97.82024305555555,83.41811584342365,2494.379316988939
HE,vid_000249_frame0000020.jpg,9.987990065424409,0.5191508279947862,315.5817862041829,98.5203125,83.27659126199366,2671.2743236559872
HE,vid_000249_frame0000023.jpg,10.01724434558621,0.5274922979365712,316.89018062392904,98.64169560185185,83.23485495730633,2720.6044051766858
HE,vid_000249_frame0000028.jpg,11.514869951541577,0.6038317186974314,318.2101487644489,97.47496527777778,83.70000061188381,2135.4221033166955
HE,vid_000249_frame0000033.jpg,12.20543877830301,0.6422946421438197,317.9552537667356,97.38678240740741,83.77263959515477,2110.9373972960334
HE,vid_000251_frame0000014.jpg,12.716202727660416,0.683599697555533,321.30233385654446,97.45991319444444,84.43523941235729,3589.306526234033
HE,vid_000251_frame0000015.jpg,12.784325389825836,0.6903113342645337,320.6456170845012,97.39889467592593,84.41572253190643,3387.146235411007
HE,vid_000251_frame0000016.jpg,12.211934282172765,0.6981741915910799,319.2278688637044,97.69015046296296,84.38781116855654,3232.5363592343097
HE,vid_000251_frame0000017.jpg,11.50092642200008,0.6700567066817026,321.34251630959307,97.4628587962963,84.46957359657111,3585.493847483409
HE,vid_000251_frame0000018.jpg,11.099185488775813,0.647669603434302,321.6382034354096,97.28702546296296,84.47039175933898,3698.6348087382917
HE,vid_000251_frame0000019.jpg,11.071875649586087,0.626938583527647,321.8503701218861,97.81398726851852,84.34503219500654,3761.13604217032
HE,vid_000251_frame0000020.jpg,11.096235020505073,0.629093797845875,322.2289790250564,97.48197337962964,84.29788231075555,3729.4014833074793
HE,vid_000251_frame0000021.jpg,11.051353257276872,0.6449989754193943,321.60856022915857,97.41015046296296,84.3487064310872,3532.330894819396
HE,vid_000251_frame0000022.jpg,10.974667672744351,0.644235387746866,322.55611430618274,97.08906828703704,84.40612903648395,3613.2584680293
HE,vid_000251_frame0000023.jpg,10.92765032295584,0.6347756633697496,321.8565978577663,97.51850115740741,84.30198057305954,3574.082134806315
HE,vid_000251_frame0000026.jpg,10.968001465934671,0.6431608963161258,321.8362397154593,97.14556134259259,84.34802997269806,3547.32932789027
HE,vid_000251_frame0000027.jpg,10.966874869162869,0.6359127322769699,322.2462725041236,97.39039351851852,84.29870906393018,3571.7392985768174
HE,vid_000251_frame0000028.jpg,10.989581889645653,0.6344111628162469,322.81237601453705,97.30401041666667,84.33995624867059,3515.051309361303
HE,vid_000251_frame0000029.jpg,10.967274591234924,0.6286809149769176,322.3096394054216,97.75429398148148,84.29244863610846,3445.4568232590664
HE,vid_000251_frame0000030.jpg,10.953177901617346,0.6291812248784711,323.17103747758694,97.33002893518518,84.33617096194439,3664.7527045390734
HE,vid_000265_frame0000005.jpg,12.077649152010991,0.703345846214891,267.6006704991232,128.81881365740742,71.83033887146077,1994.5583531538011
HE,vid_000265_frame0000006.jpg,11.945377685035567,0.699052525880882,265.09678360954274,128.59953125,70.9031736642296,1793.9935489535108
HE,vid_000277_frame0000021.jpg,12.486473633206632,0.5165657780593529,335.6865243831261,97.36310185185185,85.20176168414723,6544.882073890684
HE,vid_000282_frame0000047.jpg,10.822125504470673,0.7429584971026558,274.84478663491774,128.97489583333333,73.68193889808286,1204.5220663317689
HE,vid_000282_frame0000048.jpg,10.992133740836463,0.7394971352272446,275.10839947926235,128.93956018518517,73.64666028793039,1203.5403452181592
HE,vid_000282_frame0000049.jpg,11.471042509621283,0.7350370435322945,276.03122762768487,128.95813657407408,73.83250301922047,1129.135923386562
HE,vid_000282_frame0000050.jpg,11.791615201937887,0.7193146775921181,277.23769050486464,129.1640972222222,73.85315952373801,1299.3451273362148
HE,vid_000282_frame0000051.jpg,11.950933831067228,0.7085501284429063,278.4547561128995,129.04405671296297,73.90396693467792,1390.3471068908607
HE,vid_000282_frame0000053.jpg,12.442225149597657,0.7004631155699244,279.32645815303596,129.15091435185184,73.74081559476154,1609.473905237235
HE,vid_000282_frame0000054.jpg,12.514835585725821,0.697103815307881,279.86993599882715,129.14353587962964,73.7211649090891,1722.0658884532202
HE,vid_000282_frame0000055.jpg,12.562553486786447,0.6990777746109903,280.29168688084474,129.1547974537037,73.81060089925727,1754.9594622287327
HE,vid_000282_frame0000056.jpg,12.59344824346005,0.7038313879068414,279.9476109300546,129.1254224537037,73.84344655464842,1665.5980790118101
HE,vid_000282_frame0000057.jpg,12.635084000773862,0.7033983694889666,280.2659796682788,129.0666087962963,73.81470369953223,1730.803837241961
HE,vid_000298_frame0000022.jpg,12.155801795064015,0.6923405636509994,320.8823416748276,95.65540509259259,85.27878067016746,4369.206236011311
HE,vid_000304_frame0000020.jpg,19.810593658808195,0.8625734254556701,279.1139877983103,129.0978761574074,75.11997693892157,599.284692617777
HE,vid_000338_frame0000019.jpg,10.420956623472,0.5751453416227591,284.4461590043577,129.34461419753086,73.45409789268193,5360.432348345336
HE,vid_000338_frame0000020.jpg,10.090155073602949,0.5164889775517331,290.3811985574009,129.50564043209877,73.53444140757307,6653.206016302239
HE,vid_000340_frame0000023.jpg,9.266642428749961,0.6109886617495942,277.0688938532587,129.480625,73.3724885656271,5367.6564629286695
HE,vid_000340_frame0000024.jpg,9.247822158200776,0.5868721492100116,278.8150991881957,129.4521990740741,73.35700585263874,5411.396231942301
HE,vid_000340_frame0000026.jpg,9.296191876924706,0.5988660882371825,277.9523956521844,129.44172067901235,73.37920144954288,5250.998358892508
HE,vid_000340_frame0000028.jpg,9.296530451362955,0.5869403242683563,278.8558917663552,129.4015200617284,73.3275581217377,5437.135867643794
HE,vid_000340_frame0000029.jpg,9.331567744371041,0.6252766675977327,276.34734834356294,129.3832484567901,73.38357356436902,5132.804936861223
HE,vid_000340_frame0000030.jpg,9.337922726189936,0.592744298395758,278.5526054196143,129.423387345679,73.31392153184647,5392.3886509773065
HE,vid_000340_frame0000031.jpg,9.383272225208847,0.610989252176115,277.5901458638546,129.37890432098766,73.37535262520761,5362.156202312671
HE,vid_000340_frame0000036.jpg,9.251844104574637,0.616062520912335,276.7485408310394,129.49766975308643,73.39281243697816,5306.059433534749
HE,vid_000342_frame0000212.jpg,11.066566450483377,0.7183173243905475,274.7960631915736,129.04270061728394,73.31380914836215,4593.655458714314
HE,vid_000342_frame0000213.jpg,11.014228895986376,0.6918212823788861,276.5786265803754,129.0337577160494,73.2641432491631,4933.8680258335235
HE,vid_000342_frame0000225.jpg,11.204992899104786,0.7132843188607279,275.5748379673565,128.93363425925926,73.24121540614071,4891.709107441462
HE,vid_000342_frame0000227.jpg,11.288937753477033,0.7180742341095288,275.68689589118264,128.9591512345679,73.25781274154082,4790.807813300124
HE,vid_000342_frame0000228.jpg,11.304585377794673,0.7260808562299355,274.9581928107219,128.96046296296296,73.25869946930408,4737.051044232729
HE,vid_000342_frame0000265.jpg,11.155777112633524,0.729336301591744,274.4630244534039,128.98989197530864,73.28842842100266,4599.615055724106
HE,vid_000342_frame0000266.jpg,11.166946581744668,0.7338264759731737,274.1781160039077,128.93381172839506,73.29003952655545,4463.311003912263
HE,vid_000342_frame0000267.jpg,11.071757267340661,0.7192616881200307,275.0449842092537,128.99672067901236,73.26495779137514,4769.522139114596
HE,vid_000342_frame0000268.jpg,10.995684360441038,0.7196887239907737,274.77015521997237,128.9947299382716,73.27213088977065,4579.106528798011
HE,vid_000342_frame0000269.jpg,11.01374896651887,0.7238341024415691,274.53738400737694,128.99535493827162,73.28732580388733,4557.583928939948
HE,vid_000429_frame0000010.jpg,13.514699572442172,0.6848996451537822,300.6387080098436,128.52810763888888,73.35810635390615,1200.516194507104
HE,vid_000429_frame0000013.jpg,13.109450588505966,0.7288584304340752,286.2715388675023,128.67600694444445,73.13940270178603,672.2059692081405
HE,vid_000429_frame0000014.jpg,13.362178389103082,0.7287081594357557,289.1405550093336,128.58557291666668,73.1548086851262,798.3846315462843
HE,vid_000444_frame0000001.jpg,11.224339013267832,0.5326896414368046,291.91244985878967,129.47110339506173,73.36968426610005,11147.15233502604
CLAHE,vid_000002_frame0000013.jpg,29.103725043863374,0.9106827372722769,84.72002329452832,96.60631172839506,20.573001837518248,3156.543515714961
CLAHE,vid_000002_frame0000014.jpg,29.169151962061566,0.9045651387755099,83.71301436367392,93.25570216049383,20.234420406399007,3095.215157177295
CLAHE,vid_000002_frame0000015.jpg,28.959872476494255,0.9111666653559899,83.07115683476502,90.4069675925926,20.064271403329865,3233.809379129456
CLAHE,vid_000002_frame0000016.jpg,28.502273249133637,0.9194225923981874,81.67241625959107,88.32961419753086,19.809777783680733,3322.0657807439316
CLAHE,vid_000002_frame0000017.jpg,28.877169190121865,0.9150581173410101,80.94156412651931,86.75989197530865,19.557903962228114,3211.692147728052
CLAHE,vid_000002_frame0000018.jpg,28.594053292940437,0.8959916702270737,85.03251360964589,87.5302237654321,20.311555127788427,3340.393504271453
CLAHE,vid_000002_frame0000019.jpg,28.588749626535215,0.9217644718307665,82.69159240275741,88.54453703703703,20.214540843513127,3170.5482138059538
CLAHE,vid_000002_frame0000020.jpg,28.95100333033333,0.9048152619111334,85.67047899287085,87.93311728395062,20.690358705661932,3378.6822449044903
CLAHE,vid_000002_frame0000021.jpg,28.64077025201985,0.9168428457744559,85.50504789998895,88.72337191358025,20.850287843010022,3315.1424517982673
CLAHE,vid_000002_frame0000022.jpg,28.358009775439147,0.8981026891749856,90.34509235148785,89.13375771604939,21.808351963293298,3494.1741723245677
CLAHE,vid_000003_frame0000001.jpg,27.586923924238413,0.8565112442401256,88.61102273512601,90.36861111111111,20.58480140026305,3779.128609819149
CLAHE,vid_000003_frame0000002.jpg,28.634335800116837,0.8925686402842782,83.0332222313261,89.50481481481482,19.76507726488045,3304.2901454037114
CLAHE,vid_000003_frame0000003.jpg,28.235097944510667,0.8909924277032867,84.90736547291596,89.65564814814815,20.189826436975938,3502.121774987616
CLAHE,vid_000003_frame0000004.jpg,28.23375330477416,0.9047841958116173,82.39153372878829,89.88369598765432,19.74525688271405,3304.176233923945
CLAHE,vid_000003_frame0000005.jpg,28.45201992598462,0.9016922948713891,84.00242520261277,90.53864969135803,20.131361505817264,3446.877140602614
CLAHE,vid_000003_frame0000006.jpg,28.318644383000667,0.9238753783974883,82.68987378967356,91.69497685185185,20.159893477270565,3275.6577505357777
CLAHE,vid_000003_frame0000022.jpg,29.512863951483407,0.9229927494448175,83.58878837227064,90.12883487654321,20.519238534394404,3122.044617055089
CLAHE,vid_000003_frame0000023.jpg,29.13884962904166,0.9217895630850806,81.91915652106496,89.94746913580246,20.02125074137596,3164.8684036265427
CLAHE,vid_000004_frame0000010.jpg,28.630613294744304,0.9100748425637853,83.02671311207888,90.20907407407407,20.083954372003916,3262.81835354456
CLAHE,vid_000004_frame0000011.jpg,29.056147703077503,0.9136870523066488,82.29153887025689,90.01391975308643,19.95441078920091,3293.152282814584
CLAHE,vid_000004_frame0000012.jpg,28.404610218082865,0.9039809693968962,84.57091959959031,90.21626543209877,20.36822304785267,3418.2434861824963
CLAHE,vid_000005_frame0000007.jpg,28.904060455765762,0.9212118588691673,78.90967938452145,86.95800154320987,19.268812437059154,3205.0935772447388
CLAHE,vid_000021_frame0000001.jpg,27.006623699109863,0.8571864422855473,111.11391536938856,88.06010802469136,27.336956026652732,3646.503827569873
CLAHE,vid_000021_frame0000007.jpg,27.66485128554928,0.912058330156318,107.21831990365757,87.78425154320988,27.100519683385514,3329.694319487252
CLAHE,vid_000021_frame0000015.jpg,27.63308423974198,0.9201937470550526,106.41782172857593,89.06716820987654,26.978111312224804,3322.2822870177474
CLAHE,vid_000021_frame0000022.jpg,27.45651366207701,0.9008298280291321,109.77532980023048,90.4149151234568,27.57099642553959,3327.90480152392
CLAHE,vid_000021_frame0000023.jpg,27.66586822376624,0.9066507042963458,108.82305416027012,90.58625,27.388724630099624,3329.2023681598057
CLAHE,vid_000021_frame0000024.jpg,27.56203151572693,0.9041531651474051,109.3144241836766,90.75541666666666,27.46796973006598,3353.7063199787926
CLAHE,vid_000021_frame0000025.jpg,27.623690888477665,0.9175888046046925,108.47313750976097,91.38514660493827,27.458731156452483,3318.537838437119
CLAHE,vid_000021_frame0000026.jpg,27.592684522595,0.9287974780569371,107.12186298207844,91.26266975308641,27.264887228603527,3246.0367161207682
CLAHE,vid_000021_frame0000027.jpg,27.73045341136686,0.9224703994688616,107.67394584053427,90.99059413580247,27.309920179916716,3314.8647328875168
CLAHE,vid_000021_frame0000028.jpg,27.739314881948246,0.9099098056175633,109.11329872195755,90.8690663580247,27.48112809064587,3353.4664260401782
CLAHE,vid_000021_frame0000029.jpg,27.60355670031288,0.9187759284805118,108.24417784673616,91.39743055555556,27.395864637973244,3223.900485789073
CLAHE,vid_000021_frame0000030.jpg,27.725774645673784,0.9093389135951675,109.83330188375247,91.08306327160494,27.627220153213838,3389.7791768573293
CLAHE,vid_000021_frame0000031.jpg,27.747201533019794,0.920437025700569,108.92812824546573,91.52268518518518,27.554904128942503,3239.3377238911157
CLAHE,vid_000021_frame0000035.jpg,27.715194557381583,0.9179133597222856,106.43479547387449,91.04237654320988,26.996831270966414,3160.777118369675
CLAHE,vid_000022_frame0000029.jpg,28.087604801244193,0.935209086631195,111.80432628817086,96.59372685185186,28.738047367763347,3088.192763107758
CLAHE,vid_000023_frame0000010.jpg,27.84519180231228,0.9160729055115584,121.14861838435422,101.35425154320987,31.061612030853205,3102.825229949643
CLAHE,vid_000023_frame0000011.jpg,27.660278008070662,0.9258092640088372,121.9785316589184,102.34666666666666,31.45407304485559,3035.7430395446936
CLAHE,vid_000023_frame0000012.jpg,28.064226199500936,0.914744752595643,121.51749822682916,101.30591820987654,31.08196927062737,3102.950946478243
CLAHE,vid_000023_frame0000013.jpg,28.05076074923501,0.9212968550541509,122.46727856002762,101.80784722222222,31.476158650971108,3145.35733808436
CLAHE,vid_000023_frame0000014.jpg,27.70368762328222,0.9133329906357549,123.30232834972611,102.03443672839506,31.561633964268285,3099.0771655044364
CLAHE,vid_000023_frame0000015.jpg,28.14002002199758,0.9261695528298112,120.60496510397886,100.45284722222222,31.05167485311298,3022.2443735422858
CLAHE,vid_000023_frame0000016.jpg,27.924624330323876,0.9196174169025167,119.54451091248656,99.22159722222223,30.65367012110174,3133.3203807822147
CLAHE,vid_000023_frame0000017.jpg,28.124193358389856,0.9343536282871007,118.36974691643762,97.7654938271605,30.586424923010366,2987.8805083959664
CLAHE,vid_000023_frame0000018.jpg,27.93758033158129,0.9233791225184046,119.17113008114674,95.87330246913581,30.599719551403766,3146.5940663317683
CLAHE,vid_000023_frame0000019.jpg,27.89894450635336,0.9432286354304905,115.35387348869675,94.81326388888888,29.907488765431925,3119.747212636936
CLAHE,vid_000024_frame0000031.jpg,27.8398595449963,0.9200264157451313,111.18259068785322,102.9301774691358,28.26291018997825,3013.9513500904973
CLAHE,vid_000024_frame0000032.jpg,27.88871828137755,0.9042005732575767,113.75177467753875,101.9034799382716,28.669720663999467,3163.3237602344825
CLAHE,vid_000024_frame0000033.jpg,28.42380429769169,0.9232560508521398,111.22509814724827,100.63748456790124,28.335931566593597,3053.3735310318552
CLAHE,vid_000025_frame0000009.jpg,28.530738136622055,0.9512914180099107,103.63548759874482,93.70793981481482,26.78910552096993,3020.7361663084894
CLAHE,vid_000025_frame0000010.jpg,28.335551700620872,0.9326028392507499,105.34391144325262,93.36972222222222,26.921181307833788,3220.465095204558
CLAHE,vid_000025_frame0000011.jpg,28.660998580142127,0.9426925917476563,104.23995424086038,93.15934413580247,26.76698324155699,3134.4118271985385
CLAHE,vid_000025_frame0000012.jpg,28.29624222398266,0.9304690566922972,104.99076210382552,93.35,26.7804413152031,3153.885390841478
CLAHE,vid_000025_frame0000013.jpg,28.705446964163567,0.9423589413035955,101.96114946017731,92.34975308641975,26.146692422377093,3022.1250446644353
CLAHE,vid_000026_frame0000003.jpg,28.474942412731355,0.9386221678566496,100.17069551260217,88.69391203703704,25.55872456145478,3295.729322273127
CLAHE,vid_000026_frame0000004.jpg,28.054148633540194,0.9168719598809018,104.30058386508976,90.55873456790124,26.311791603975344,3377.023777769205
CLAHE,vid_000026_frame0000009.jpg,27.966729780041433,0.9421374778735988,110.89980770439632,104.15942901234568,28.64352989092379,3060.3156923782576
CLAHE,vid_000026_frame0000010.jpg,28.097254702139274,0.9221488252297769,116.6320473406142,108.55845679012346,29.945599742112357,3047.2820935261398
CLAHE,vid_000026_frame0000011.jpg,27.83483348777246,0.9334529411136518,117.30762780745117,113.64871141975308,30.345264478525472,2818.9574412808643
CLAHE,vid_000026_frame0000012.jpg,27.117114772220635,0.8782879065975598,124.46232138344116,114.65744598765433,31.335058231016873,3058.690146757116
CLAHE,vid_000026_frame0000013.jpg,27.14203380034934,0.8828478602433686,123.35825093552178,114.98364197530864,31.1034248095634,2964.7898652591425
CLAHE,vid_000026_frame0000014.jpg,27.014371145933225,0.858081068422485,128.05194473260613,115.80973765432098,31.9538952820561,3127.3281295709853
CLAHE,vid_000026_frame0000015.jpg,27.501443071418468,0.9089834617262893,122.71441694188847,111.10598765432098,31.429369196638564,2949.5712451273985
CLAHE,vid_000026_frame0000016.jpg,27.1673330264376,0.9031108354777847,119.64148293344917,104.52831018518519,30.494345778510166,2980.0376722988467
CLAHE,vid_000026_frame0000017.jpg,27.516465087523972,0.922232221579698,121.70276225243572,101.52996141975309,31.373861651156666,3024.346881715762
CLAHE,vid_000027_frame0000056.jpg,28.55352756080197,0.9166921426127841,96.48255265656438,108.59565586419752,24.036316426670957,3208.1828512683255
CLAHE,vid_000027_frame0000072.jpg,29.01920984099388,0.915431779899475,94.02046660576808,105.02251543209877,23.354082094201964,3250.6088812070734
CLAHE,vid_000028_frame0000001.jpg,28.306082283976785,0.9151626726187708,99.64449878219915,99.10159722222222,25.138690801763303,2990.992408996104
CLAHE,vid_000028_frame0000002.jpg,28.6320152853699,0.9394192897350274,97.2782263581824,98.98070216049383,24.861695327726526,2908.32976766112
CLAHE,vid_000028_frame0000003.jpg,28.781474143327546,0.9443256337901184,97.65444908302152,99.21362654320987,25.055372864498516,2849.8355485815805
CLAHE,vid_000028_frame0000004.jpg,28.689305844660964,0.9378123057644799,98.36970596995006,99.38695987654322,25.10999566754873,2951.217050215704
CLAHE,vid_000028_frame0000005.jpg,28.883889066504274,0.951380138536155,95.19330881063918,98.11350308641975,24.46756235897058,2875.5299032312155
CLAHE,vid_000028_frame0000006.jpg,28.94345421085771,0.9456179293443213,95.4271721281033,97.768125,24.412028210086394,2843.4902844921103
CLAHE,vid_000028_frame0000007.jpg,28.835103756237498,0.9484275791150086,94.44450960713154,98.86646604938272,24.204419276470837,2909.267495770402
CLAHE,vid_000028_frame0000008.jpg,28.86661013942417,0.93574528679585,94.96704536580806,98.36093364197531,24.12376453803049,2994.356069699503
CLAHE,vid_000028_frame0000019.jpg,29.215982268016592,0.9431937477770626,84.11536993895152,94.15435185185186,21.12189679624588,2932.292387585675
CLAHE,vid_000028_frame0000020.jpg,29.121959069949853,0.9328778333520814,83.8918422179352,94.27649691358025,20.866641153693795,2984.0075300277563
CLAHE,vid_000028_frame0000021.jpg,29.32573717443308,0.9459003707813776,82.28415846047702,93.73709104938271,20.635827293355995,2939.1407200740528
CLAHE,vid_000028_frame0000022.jpg,28.937553577967712,0.9352520250722991,82.62184595164656,92.61702160493827,20.54532464055881,3038.053918514708
CLAHE,vid_000028_frame0000023.jpg,29.149838408007756,0.9398630383345354,81.50269684952295,92.94322530864197,20.292828936943486,3019.241125354307
CLAHE,vid_000028_frame0000024.jpg,29.076972635797873,0.9258917373519101,83.24278089057943,92.73326388888889,20.51619019653412,3150.492479420951
CLAHE,vid_000028_frame0000025.jpg,29.100580840775613,0.9327601776851817,82.94392146862131,93.31141975308643,20.569696543350748,3121.729946585648
CLAHE,vid_000028_frame0000026.jpg,29.07839719941592,0.9412203903102835,83.88845422865903,94.09058641975308,20.97451247896327,3070.9126885535743
CLAHE,vid_000028_frame0000027.jpg,29.02972833717538,0.934747998000612,85.17042724310724,95.75295524691359,21.213421926127296,3086.276249879437
CLAHE,vid_000028_frame0000032.jpg,28.87646396786223,0.9219317611692622,94.86545443169875,100.09992283950618,23.69531749062883,3038.7915987251845
CLAHE,vid_000028_frame0000033.jpg,28.69771476646589,0.9253585325504373,96.39800889965204,100.76257716049383,24.19250861295441,2996.6592647885586
CLAHE,vid_000028_frame0000034.jpg,28.49689023225304,0.9169587772548083,98.1956822270787,101.00771604938272,24.53548235038972,3005.917912010781
CLAHE,vid_000028_frame0000035.jpg,28.672323598837927,0.9259540839140441,96.67313473031223,100.54087191358025,24.26422859608818,2977.3662986882723
CLAHE,vid_000028_frame0000036.jpg,29.060069172260032,0.9395987513528317,96.12239209476076,100.60843364197531,24.31860700094221,2926.006765759257
CLAHE,vid_000028_frame0000037.jpg,28.748485935069642,0.9242129213337652,97.68358703789616,101.18878086419753,24.513858087386463,3004.172304195185
CLAHE,vid_000028_frame0000038.jpg,28.723744862538233,0.9257558492129997,99.66128232710287,101.01355709876543,25.069790422386003,3002.9673991897557
CLAHE,vid_000028_frame0000039.jpg,28.571662734881667,0.9376893392659577,97.8191664289471,99.92960648148149,24.79273788534288,2910.317250542743
CLAHE,vid_000028_frame0000040.jpg,28.675983895220757,0.937423518886582,99.25842423906951,100.10854166666667,25.198034802423145,2987.4309268116044
CLAHE,vid_000028_frame0000041.jpg,28.52411857179286,0.9409651534048272,98.13947648188993,99.62814043209876,24.94577854200383,2983.585232943184
CLAHE,vid_000029_frame0000013.jpg,27.981080883531504,0.9451456752168378,101.13491084375302,94.4003549382716,26.053815267585584,2885.3030727859223
CLAHE,vid_000029_frame0000014.jpg,28.385180087024906,0.9406246705389142,101.2828550823942,95.75918981481482,25.982483349562003,2916.344776746828
CLAHE,vid_000029_frame0000017.jpg,28.82346771435249,0.9499286126109361,98.35821588282425,96.16584104938272,25.287363350162266,2839.3641291566055
CLAHE,vid_000029_frame0000018.jpg,28.90746861507759,0.9405203771240053,97.19364659807172,96.0035262345679,24.784131190379984,2887.8839309404057
CLAHE,vid_000030_frame0000001.jpg,27.641953455515353,0.9112277686496423,96.05732438297812,104.01213734567901,24.123716288362022,2980.8393517982686
CLAHE,vid_000030_frame0000014.jpg,27.91966908254078,0.9449731553353273,91.48499792985885,94.78101080246914,23.316502174846818,2888.2556008868105
CLAHE,vid_000030_frame0000016.jpg,28.078378983215273,0.9572186888372619,89.27810705332779,92.90695987654321,22.91286872942736,2888.4335146747235
CLAHE,vid_000030_frame0000017.jpg,28.08268961488445,0.9538684734816024,89.9864427282387,93.28186728395062,23.048457640364365,3011.61887908897
CLAHE,vid_000030_frame0000018.jpg,28.035764484627848,0.9349649972729813,91.47983884030242,93.08285493827161,23.14082029815602,3071.880003106365
CLAHE,vid_000030_frame0000019.jpg,27.882141887834763,0.9499923608301372,90.61374280772885,93.9007098765432,23.165901655149867,2957.716820910494
CLAHE,vid_000030_frame0000020.jpg,28.12093697132891,0.9391132586814308,90.49727716299101,93.61418209876543,22.935488959390995,2945.1248409678765
CLAHE,vid_000030_frame0000021.jpg,27.932762683897323,0.9543541873596926,88.37116310383657,94.8242361111111,22.654186936614305,2879.761975308642
CLAHE,vid_000031_frame0000011.jpg,29.159736990856043,0.9424418312562741,75.68526655550188,88.33766975308642,18.83833244375169,3160.1768221984066
CLAHE,vid_000031_frame0000012.jpg,28.89038385118929,0.9244551328309293,77.57556338244943,88.0537037037037,19.033946733609596,3241.0871112153613
CLAHE,vid_000031_frame0000013.jpg,29.148650025543297,0.9425455591693203,76.17822617713911,88.30493055555556,18.960943542202997,3116.211478474842
CLAHE,vid_000031_frame0000014.jpg,28.957268294307745,0.9337298695902231,77.17130231469498,88.08554783950618,19.07096852594994,3123.3036530671297
CLAHE,vid_000031_frame0000015.jpg,29.194996410777016,0.9367289454904913,77.75899807962973,87.75269290123457,19.259765552497566,3135.1030058769975
CLAHE,vid_000031_frame0000016.jpg,29.142582413060623,0.9464303068090875,77.13966694837028,87.78103395061729,19.27733472542642,3134.3952199616456
CLAHE,vid_000031_frame0000017.jpg,28.84869263317841,0.9384291790480797,77.9733610544144,89.02505401234568,19.385471214547398,3246.4824510057065
CLAHE,vid_000031_frame0000025.jpg,28.867549079885016,0.9394620362099518,98.61635607082773,98.62550154320988,25.261107555255915,2798.3311045166874
CLAHE,vid_000031_frame0000026.jpg,28.810272323936076,0.9471515347803973,101.26663590853433,101.22310185185185,26.141116216511907,2786.357809593086
CLAHE,vid_000031_frame0000027.jpg,28.561517424993266,0.9522730502958267,105.17730125760376,104.17024691358024,27.351584871827118,2690.887415644945
CLAHE,vid_000031_frame0000028.jpg,27.854703836851506,0.9438104736619374,102.07581334662008,98.95115740740741,26.40425032809686,2788.492583911501
CLAHE,vid_000031_frame0000029.jpg,27.427507620408015,0.9419322952554617,101.66780965155016,98.09880401234568,26.27528056824482,2934.105118459874
CLAHE,vid_000031_frame0000030.jpg,27.237977714785202,0.9247686614111829,107.97011290470708,97.52808641975308,27.730507802867173,2969.5423349965117
CLAHE,vid_000031_frame0000031.jpg,27.19216716827754,0.9388456052185788,106.07345786275921,96.47824845679013,27.430545103007805,2890.935903663456
CLAHE,vid_000031_frame0000032.jpg,27.00911325024782,0.9207704732333578,105.83224430388827,95.41613425925927,27.066797582136395,2979.282200102345
CLAHE,vid_000031_frame0000033.jpg,27.156677240266887,0.938832273877436,104.77733974319821,94.57981481481481,27.08591075991541,2938.2471782862276
CLAHE,vid_000031_frame0000034.jpg,27.088667314937418,0.9265633001344699,115.70818056333124,105.22760802469136,29.594067434253535,3080.041609817899
CLAHE,vid_000031_frame0000035.jpg,26.591784880019944,0.9373848539961646,116.88401882588042,98.33726080246913,29.871266963884562,3341.902516808068
CLAHE,vid_000031_frame0000036.jpg,26.831716953861708,0.9436850065911512,116.76419524091723,96.33469135802468,29.942135092826728,3390.387472928991
CLAHE,vid_000031_frame0000038.jpg,27.013677826448927,0.9415831056954066,119.29834922603142,101.77762345679012,30.546401546474538,3221.5183971907272
CLAHE,vid_000031_frame0000039.jpg,27.64095437486905,0.9413107114078371,124.88943545395949,101.25556327160494,32.00038658245479,3238.3212278158217
CLAHE,vid_000031_frame0000040.jpg,27.564464695859243,0.9419817572194825,124.07299421840585,99.63502314814815,31.810348647808674,3232.8196111908915
CLAHE,vid_000031_frame0000048.jpg,26.893126803282982,0.9464997346636149,133.1585905096586,84.56341820987655,34.44290282904665,3403.672003737759
CLAHE,vid_000035_frame0000001.jpg,22.69244854606164,0.8211742091301143,178.91153078887805,106.23125,42.689118933158504,5696.962394452065
CLAHE,vid_000035_frame0000008.jpg,22.21878486101271,0.8373857314880482,192.7584461516896,111.5854012345679,45.9015467795214,4964.577579474773
CLAHE,vid_000035_frame0000034.jpg,22.472375171782673,0.8139282595897055,181.02097382924924,113.25108796296297,41.83314541297961,5666.232570277968
CLAHE,vid_000035_frame0000035.jpg,22.97189932560856,0.8253223492930227,167.23473538141408,113.70582561728395,39.12291701567344,4812.01425251105
CLAHE,vid_000035_frame0000052.jpg,23.169442886379386,0.8204808819415659,156.21939457821426,119.1575925925926,36.51916304507856,4493.701149476963
CLAHE,vid_000035_frame0000053.jpg,22.82443116373699,0.804884363425625,170.45247554274957,117.65886574074074,39.06742698441493,6684.437902282427
CLAHE,vid_000035_frame0000054.jpg,22.959289114276153,0.8100656712613183,167.28040331995754,116.02095679012346,38.49453234797756,6307.141064357329
CLAHE,vid_000035_frame0000068.jpg,22.651458318513093,0.8157931097340204,172.76536943850746,113.255,40.05450826570471,5789.504387495654
CLAHE,vid_000035_frame0000073.jpg,22.121320737489526,0.8141840331021171,170.1520547635968,113.42359567901235,39.631842541622156,5459.79803965454
CLAHE,vid_000035_frame0000074.jpg,21.745371902192936,0.8093907371927832,172.40100293485196,113.89516203703704,40.05897143766296,5271.903465774081
CLAHE,vid_000035_frame0000075.jpg,21.665787066306606,0.7978761448138542,182.57668632592248,115.99574074074074,41.84094401487903,6769.3062938554995
CLAHE,vid_000035_frame0000080.jpg,21.958980900374343,0.8056187104764807,180.84568281190312,118.01837191358025,41.54424564382854,6328.353734173465
CLAHE,vid_000035_frame0000083.jpg,22.14847992961375,0.8103690027755136,175.1490485762796,112.9503163580247,40.5179828890817,6164.606956344248
CLAHE,vid_000035_frame0000084.jpg,21.842193935057395,0.8175952976784874,168.13465250170682,112.435887345679,39.3437446288404,4849.14406031325
CLAHE,vid_000035_frame0000087.jpg,22.534210260265763,0.8153689574186918,170.32950484600153,115.0001774691358,40.02002189837335,5196.918831584124
CLAHE,vid_000035_frame0000099.jpg,24.10129716216265,0.8358138940784134,129.8988899737561,117.31145833333333,30.822379558845878,3850.5155020775583
CLAHE,vid_000035_frame0000104.jpg,25.233270814564452,0.8613359413840839,124.08177989751027,116.29498456790124,30.002647354895718,3526.767780284958
CLAHE,vid_000035_frame0000107.jpg,26.372213908332785,0.8567418324115668,113.01465171121173,116.01831018518519,27.151224245118733,3419.957387635031
CLAHE,vid_000035_frame0000110.jpg,25.96287889874871,0.8576005344659882,120.60303708195019,119.77269290123456,29.181592048884898,3576.3565169410153
CLAHE,vid_000035_frame0000111.jpg,25.929488363835244,0.8605165691767893,122.49053784651134,120.63368055555556,29.70269295897662,3476.1296532900374
CLAHE,vid_000035_frame0000112.jpg,25.660875110978843,0.8566125797419343,125.55614295471723,121.80868827160494,30.458821956992423,3542.6320816352663
CLAHE,vid_000035_frame0000113.jpg,25.546371208282107,0.8475065810330754,128.92931881286273,121.4764737654321,31.10223115688069,3682.6790688571077
CLAHE,vid_000035_frame0000114.jpg,25.627522896361693,0.8503573388694775,128.84683912520376,121.13168209876544,31.08977104336036,3650.5573168436117
CLAHE,vid_000035_frame0000115.jpg,26.415326584827945,0.8560926835035851,119.01112960507598,119.72849537037037,28.660412426952323,3372.888773900463
CLAHE,vid_000035_frame0000116.jpg,25.63887535084065,0.8556689250195174,119.25011040012055,119.28199845679012,28.839204176769172,3231.945340591897
CLAHE,vid_000035_frame0000117.jpg,25.77393768584253,0.8522414782004027,119.92018947079991,116.55326388888889,28.918853092622957,3229.5894536131473
CLAHE,vid_000035_frame0000118.jpg,25.885866119559434,0.8602706041972489,122.37385149159508,115.7987962962963,29.767721069757755,3293.8526962848055
CLAHE,vid_000035_frame0000119.jpg,25.791810177130024,0.8565377968505471,123.63501898549853,117.9659799382716,30.020058752639766,3227.884470968364
CLAHE,vid_000035_frame0000120.jpg,26.013570787623728,0.8622892648883494,127.31099286491575,118.53060956790124,31.02809541415105,3257.5912694396216
CLAHE,vid_000035_frame0000121.jpg,25.377662508396746,0.8520199841975624,130.74832190571001,116.15679783950617,31.699307094978018,3385.7731373054316
CLAHE,vid_000036_frame0000001.jpg,23.310567400868372,0.8279791044547844,168.39400851509794,106.40581018518519,40.549988033455115,5119.525273715896
CLAHE,vid_000036_frame0000002.jpg,23.472594063234155,0.8506579036385746,165.36481878439554,106.14633487654321,40.21213307310484,4732.474852687222
CLAHE,vid_000036_frame0000003.jpg,23.623089830775612,0.8592140431041057,165.28589382094003,105.97881172839506,40.308253778377505,4606.7301538393895
CLAHE,vid_000036_frame0000010.jpg,23.057411302016014,0.8454121546305221,168.3246300172388,107.30883487654322,40.90961618783919,4903.025725072338
CLAHE,vid_000036_frame0000011.jpg,23.145769507020425,0.8551276884957084,169.71930666040578,107.04024691358025,41.50512686538705,4679.511558341847
CLAHE,vid_000036_frame0000012.jpg,23.113563122157423,0.8510826872149632,172.33908501374316,106.81998456790123,42.06452148665186,4776.715700159084
CLAHE,vid_000036_frame0000013.jpg,23.352392225695198,0.8616146361836408,169.69937872449287,105.3054475308642,41.641935304209426,4528.774936630992
CLAHE,vid_000036_frame0000016.jpg,23.455477391623777,0.8680650730965724,172.68018403019568,103.85277006172839,42.62293401328482,4448.175232817442
CLAHE,vid_000036_frame0000037.jpg,22.723905656606142,0.870387108906371,166.33057813589866,105.55003858024692,41.10956805473222,4390.919792950532
CLAHE,vid_000036_frame0000041.jpg,22.578990304718758,0.8617600123557128,171.82886225710047,105.09393518518519,42.32868599026511,4204.739595924544
CLAHE,vid_000036_frame0000043.jpg,23.02724522076961,0.8642908688748481,173.1367759741643,103.85253086419753,42.716688303801234,4277.58134481685
CLAHE,vid_000036_frame0000044.jpg,23.115298417436637,0.8656566282078454,172.89585016758272,103.54527006172839,42.651266064652845,4325.3614938399605
CLAHE,vid_000036_frame0000045.jpg,22.907398810373394,0.8635410803727623,173.99692519277303,104.80796296296296,42.7810578271908,4316.377591948636
CLAHE,vid_000036_frame0000054.jpg,22.960411309640545,0.8509307702359296,178.75918194365522,107.62850308641976,43.528956758265565,4716.179775162834
CLAHE,vid_000037_frame0000001.jpg,25.20330975623542,0.850399252302032,134.31001544988703,117.71016975308642,32.14734612103315,4364.903660320217
CLAHE,vid_000037_frame0000002.jpg,25.4245806780618,0.8743187496337935,129.46727024130627,117.48172839506172,31.415663940776597,3804.1262648914394
CLAHE,vid_000037_frame0000003.jpg,25.544373330180242,0.8592033091907821,128.3789615820784,117.48229938271605,30.725820739972725,4241.753242329437
CLAHE,vid_000037_frame0000004.jpg,25.942720566659297,0.8646340108688916,121.3192590180791,116.18188271604939,28.975095023840137,4035.914288320902
CLAHE,vid_000037_frame0000005.jpg,25.99075415688946,0.8514064005533509,122.4934310407463,116.15172839506172,28.9151398375914,4498.679572954711
CLAHE,vid_000037_frame0000006.jpg,26.054469283633715,0.8717260035303364,120.66121848581537,115.77469907407408,28.88985848242861,4045.861029782462
CLAHE,vid_000037_frame0000007.jpg,25.515296186080874,0.8648151386436531,126.18343212468046,115.86443672839506,30.215959482960905,3716.831304435061
CLAHE,vid_000037_frame0000008.jpg,25.06087638814902,0.8492678705607708,133.2953202893787,116.59682870370371,31.479898408854,4355.9971226658945
CLAHE,vid_000037_frame0000009.jpg,24.548883831629386,0.8606638579969855,141.4683465595179,114.92445987654321,33.87778010802616,3697.1422804441013
CLAHE,vid_000037_frame0000016.jpg,23.98630029432054,0.8557386923971896,170.18568321168402,109.97486882716049,40.74777138757139,5098.394222632792
CLAHE,vid_000037_frame0000019.jpg,23.788047059062727,0.8432338157334581,177.4965691512775,109.89743055555556,42.24416804884073,5566.346918710884
CLAHE,vid_000038_frame0000001.jpg,29.368149161667088,0.8902044771215852,104.98721922284348,112.75388117283951,26.14364883861836,3143.3283162922357
CLAHE,vid_000038_frame0000003.jpg,30.154459108486996,0.937319581572016,98.06457495869105,108.83831018518518,24.971160648232484,2830.0516716049383
CLAHE,vid_000038_frame0000004.jpg,29.15657547098192,0.9064824558701102,102.31187622024706,108.38592592592593,25.60024256143659,3054.0757210599927
CLAHE,vid_000038_frame0000005.jpg,29.35653804902862,0.9117111560074328,101.64011825221075,109.00712191358025,25.4864870433179,3107.616708622685
CLAHE,vid_000038_frame0000007.jpg,28.897795622563258,0.9039585559658906,101.64720814367794,108.83973765432098,25.316654071736355,3095.1171357907997
CLAHE,vid_000038_frame0000018.jpg,29.013236929421737,0.8990188089259498,104.91855573682926,114.49480709876543,26.125063722702347,3016.3816790692636
CLAHE,vid_000038_frame0000019.jpg,29.26146480419197,0.9214943207150266,101.29761987789344,114.39439814814814,25.55800633373148,2822.130319733796
CLAHE,vid_000038_frame0000020.jpg,28.946661060901317,0.8963330221138454,105.41805809766387,113.57019290123456,26.17053130448607,3054.9734723820206
CLAHE,vid_000038_frame0000021.jpg,29.016310288841403,0.9018424996919409,103.8420526833804,112.73604166666667,25.83508316197024,2958.9865524233514
CLAHE,vid_000038_frame0000022.jpg,28.735994478667667,0.895707921231975,105.87159202085945,112.09835648148149,26.211606733387416,3003.5083465361126
CLAHE,vid_000038_frame0000023.jpg,28.684713196725873,0.8993225908885044,105.06316294173735,112.11854938271605,26.101823792660866,2988.005588978374
CLAHE,vid_000038_frame0000024.jpg,28.66325458069715,0.8878498101446454,107.91289803931811,112.2928549382716,26.649016002215998,3115.4467293666526
CLAHE,vid_000038_frame0000030.jpg,27.962313999955587,0.8827606813577648,115.77633134322659,110.52338734567901,28.589328427678087,3294.3457506391933
CLAHE,vid_000038_frame0000031.jpg,27.71683603710274,0.8911314227498858,113.98024280449417,110.68639660493827,28.297804142170296,3117.9532397475978
CLAHE,vid_000038_frame0000032.jpg,28.019115748826877,0.8943501021796715,114.45104141688225,109.30658179012346,28.45033326435524,3144.365274530369
CLAHE,vid_000040_frame0000003.jpg,27.128495800542225,0.8861960175836093,107.51574047113309,93.7795061728395,26.462510922511417,3189.291056597163
CLAHE,vid_000040_frame0000015.jpg,27.169510993166973,0.8567154874212979,93.05978496820138,93.33601851851851,21.838749869811693,3313.4312422410244
CLAHE,vid_000040_frame0000016.jpg,27.074259083230313,0.8520579956280622,94.63414109948572,93.5495138888889,22.153947943558915,3274.2124723907727
CLAHE,vid_000040_frame0000019.jpg,27.30876216609741,0.8536725559516856,93.38144855182423,94.80393518518518,21.97237252249752,3173.505805648374
CLAHE,vid_000040_frame0000020.jpg,26.56422645435573,0.8282881324950467,99.97101618652306,95.2370987654321,23.034249933043178,3482.0546164217894
CLAHE,vid_000040_frame0000021.jpg,27.050531235171263,0.841228526862896,96.85028191567841,94.92736111111111,22.553184771666004,3329.4337011771736
CLAHE,vid_000040_frame0000022.jpg,27.06714240824453,0.8404658203097176,96.13321944620031,94.44460648148149,22.327399075112638,3410.7057609581598
CLAHE,vid_000040_frame0000039.jpg,27.840840252506233,0.8639351522278087,87.65242452846941,94.20439814814814,20.649739089960757,3309.773479789428
CLAHE,vid_000040_frame0000040.jpg,27.97149967147563,0.8614694420696077,102.90917847235166,95.2338811728395,24.974881799385706,3214.412224279597
CLAHE,vid_000041_frame0000005.jpg,29.33044052030493,0.915544250445179,81.29984386849766,94.6057561728395,19.836585577167796,3185.5584284005386
CLAHE,vid_000041_frame0000006.jpg,29.201322117720196,0.9073462906411343,82.7364618076011,94.71250771604939,20.103720504546924,3386.337341860044
CLAHE,vid_000041_frame0000007.jpg,29.272509752143577,0.9093713944371834,83.24168184364933,96.459375,20.27027603043717,3296.4703623675887
CLAHE,vid_000041_frame0000011.jpg,29.15350262129891,0.9131652274722241,85.2968273498954,98.58536265432099,20.90204440074768,3251.171839634238
CLAHE,vid_000041_frame0000012.jpg,28.681100438940966,0.8959286881325368,87.33780827466538,98.39076388888888,21.170150913355613,3283.317313648834
CLAHE,vid_000041_frame0000013.jpg,29.48412270268133,0.9277557612943973,84.11235224131326,98.3326388888889,20.809133340481637,3117.938360853671
CLAHE,vid_000041_frame0000014.jpg,28.914601486809893,0.9037686675924337,86.3492563035056,98.3405787037037,21.04138855639407,3292.346568993806
CLAHE,vid_000041_frame0000015.jpg,29.288215379295053,0.9300119606578061,84.56078412488685,97.27270061728395,21.021480088568303,3078.2150084474065
CLAHE,vid_000041_frame0000016.jpg,29.23440645010722,0.9160417216872038,86.14870647390661,95.95117283950617,21.193469655340884,3070.90071701508
CLAHE,vid_000041_frame0000017.jpg,29.13633233329747,0.9294052659523352,84.95170735807227,95.982762345679,21.129746433517724,3062.3292584061473
CLAHE,vid_000041_frame0000018.jpg,29.018248772228745,0.9107029718578726,86.47537021694558,95.71558641975308,21.176480029651653,3112.4573727623456
CLAHE,vid_000041_frame0000019.jpg,29.122361997478315,0.9254150946267813,83.60621837573532,96.84686728395062,20.68676795133812,2990.801750535301
CLAHE,vid_000041_frame0000020.jpg,28.65026648079381,0.9069935849580971,87.61888795801963,97.34556327160495,21.398917012244397,3119.7418259358687
CLAHE,vid_000041_frame0000031.jpg,27.53563700298585,0.8911614679792951,100.75593931455785,93.64085648148148,24.402637333582216,3526.806651191165
CLAHE,vid_000042_frame0000001.jpg,28.192162815649198,0.889252627942022,93.58075938064334,91.22136574074074,22.97553587518768,3157.096673519424
CLAHE,vid_000042_frame0000002.jpg,28.359228147520458,0.9258436441608561,90.0899452790758,91.53641975308642,22.589696059177722,3029.9726946701508
CLAHE,vid_000042_frame0000003.jpg,28.59049614161308,0.9293567211576836,90.98877064016304,90.70284722222222,22.900994194645836,3047.07836912717
CLAHE,vid_000042_frame0000005.jpg,28.8952909920674,0.9340840872165274,90.15330965269209,89.95351851851852,22.73644657927281,2999.676323130942
CLAHE,vid_000042_frame0000006.jpg,28.742271141984922,0.9197230877556933,91.67380931218266,89.48333333333333,22.894888304899567,3120.858107765346
CLAHE,vid_000042_frame0000007.jpg,28.666350835574733,0.9366772980886019,89.54600849960228,89.72430555555556,22.62164500694448,3084.616577643402
CLAHE,vid_000042_frame0000011.jpg,28.41857716691829,0.9449079256264038,88.61789848302924,91.85094907407408,22.560243386563602,3003.5364297791284
CLAHE,vid_000042_frame0000012.jpg,28.58366591384553,0.9308092718506401,89.91960091099179,91.20695987654321,22.663089131173752,3029.847380542636
CLAHE,vid_000042_frame0000013.jpg,28.589518761442115,0.9434014868826589,88.49610417009043,91.40159722222222,22.487700868477322,2974.207177053803
CLAHE,vid_000042_frame0000014.jpg,28.49359753740702,0.9339099139888751,89.50738816782429,90.04874228395062,22.576392451039105,3098.8269913113477
CLAHE,vid_000042_frame0000015.jpg,28.260293711390343,0.9431883246830375,88.4915096453193,89.52530864197531,22.482792629273458,3038.2790803011517
CLAHE,vid_000042_frame0000018.jpg,28.55600853224072,0.922072111454995,90.45478851592398,89.18418209876543,22.61463349121866,3144.432868475592
CLAHE,vid_000042_frame0000019.jpg,28.731840170660348,0.9438831308861159,88.20552050342208,89.88775462962963,22.41059021432966,2945.107301377219
CLAHE,vid_000042_frame0000020.jpg,28.76284057024597,0.9174740450631621,91.2245122749865,90.50369598765432,22.745480189605242,3130.857277078511
CLAHE,vid_000042_frame0000021.jpg,28.829497850510123,0.9334351347269815,90.0824923941796,92.76013888888889,22.709614757847515,3100.656243991424
CLAHE,vid_000043_frame0000009.jpg,27.662292532857087,0.9194648134932834,105.56702159783944,93.91737654320988,26.696484091927925,3218.14321810646
CLAHE,vid_000043_frame0000010.jpg,27.779564623465184,0.9065669315772392,106.9904557062975,92.79121141975308,26.842571073481977,3325.6871308227
CLAHE,vid_000043_frame0000011.jpg,27.906206020213013,0.9098930273154459,105.93559608547038,91.22597222222223,26.54819083393036,3319.5613180797873
CLAHE,vid_000043_frame0000012.jpg,27.610087210028624,0.8918202686807142,108.27113113817398,90.12731481481481,26.761334466341737,3676.1264058525285
CLAHE,vid_000043_frame0000013.jpg,27.296001740308874,0.8919946161996668,108.67171515435317,90.57542438271605,26.911426896064892,3585.2729778404114
CLAHE,vid_000043_frame0000014.jpg,27.660191909814785,0.910185064607417,107.03475113818776,91.71126543209877,26.895536877969867,3292.243711662606
CLAHE,vid_000043_frame0000015.jpg,27.982497943671024,0.9249236084298063,106.11319196283735,93.37840277777778,26.926283649114758,3126.7211595983845
CLAHE,vid_000044_frame0000017.jpg,26.960462606548585,0.9270696783345316,90.79357066505185,68.59877314814815,22.96074172434052,3546.023742519659
CLAHE,vid_000044_frame0000018.jpg,27.091339847794032,0.9194894071050359,91.78663389413319,67.90016975308642,23.06026598405002,3628.4592643497085
CLAHE,vid_000044_frame0000019.jpg,27.028121574363627,0.9326373587799942,89.48093570892692,68.04706790123457,22.70463372612218,3553.6851411260077
CLAHE,vid_000044_frame0000020.jpg,26.95573047472991,0.9200896923322038,90.55194529989089,67.68949074074074,22.792825396502952,3521.533939492777
CLAHE,vid_000044_frame0000021.jpg,27.208686068164056,0.9294667879384982,90.26266080265907,67.57268518518518,22.85830874304242,3532.060848224773
CLAHE,vid_000045_frame0000002.jpg,28.329218984401972,0.9347419664565222,91.87315776435253,84.00454475308642,23.16314427044324,2974.6795724727554
CLAHE,vid_000045_frame0000003.jpg,27.91269585999647,0.939039231661036,87.30874875370287,84.35108024691358,22.07699941464089,3101.407688683068
CLAHE,vid_000045_frame0000004.jpg,27.961877772178426,0.9241913686395783,88.30208584799475,84.37432098765431,22.08956148027376,3124.087409418343
CLAHE,vid_000045_frame0000005.jpg,28.365724836330397,0.9447399214685562,86.93677424839598,84.25619598765432,22.070537964066872,3110.094696393402
CLAHE,vid_000045_frame0000011.jpg,28.279160768945893,0.940524912102192,87.16780444686202,85.07572530864198,22.071763012223435,3024.3091989582736
CLAHE,vid_000045_frame0000017.jpg,28.206699305731036,0.9441064144344896,86.79507509525634,85.73442901234569,22.035515941117808,2993.595108721934
CLAHE,vid_000045_frame0000018.jpg,28.02813392257969,0.928427978177157,88.25906012365269,85.26722993827161,22.180027654183352,3072.494657928896
CLAHE,vid_000045_frame0000019.jpg,27.805763524678362,0.9477506849930647,86.34598234166488,85.59672839506173,21.987251394035187,3034.533359220143
CLAHE,vid_000045_frame0000020.jpg,28.23823831668831,0.9295067173213578,87.7412141564687,84.86034722222222,22.037511059704478,2968.1505330739888
CLAHE,vid_000045_frame0000033.jpg,28.07902033828978,0.943045803383043,86.08808175406823,81.89256944444445,21.820403869629857,3101.3624591275625
CLAHE,vid_000045_frame0000034.jpg,28.004454276098105,0.9402682319360602,86.81689287276411,82.02615740740741,21.937603245578313,3077.553494224335
CLAHE,vid_000045_frame0000035.jpg,28.253961229839298,0.9530614084174188,88.30477834482625,81.87094907407408,22.568669665891857,3122.307231364252
CLAHE,vid_000045_frame0000036.jpg,28.04020289232842,0.9539825425707279,86.09816307238066,81.04475308641975,22.011034065169362,3092.846378004913
CLAHE,vid_000045_frame0000037.jpg,27.974435863010672,0.9532946512289505,87.0279956651018,81.15504629629629,22.236525691832696,3150.902488201529
CLAHE,vid_000045_frame0000039.jpg,27.885500360780895,0.9532778392046056,89.24693842062526,81.96125,22.825768109650216,3054.5767772261634
CLAHE,vid_000045_frame0000044.jpg,28.486658198071545,0.9518665581365154,89.69599489080852,84.82757716049383,22.90119293068305,3151.1796356880977
CLAHE,vid_000045_frame0000045.jpg,28.78427062143232,0.9523697148114377,91.84698048442438,84.66483024691358,23.496303704621834,3069.1905398374392
CLAHE,vid_000045_frame0000046.jpg,28.34070206744025,0.9541293164975735,92.62607053598406,85.07405864197531,23.74727878906234,3111.703712086334
CLAHE,vid_000045_frame0000054.jpg,28.517719348778744,0.9470914914086311,85.79699461805818,81.46181327160494,21.750510320017366,3065.7032456270363
CLAHE,vid_000045_frame0000055.jpg,28.29601351822109,0.9435580166151168,86.11807619130141,80.88408950617284,21.807944807632133,3186.7511556048526
CLAHE,vid_000045_frame0000056.jpg,28.17085535623237,0.9498990002518711,86.70154400326902,81.28293209876543,22.08522868278022,3197.525614136564
CLAHE,vid_000045_frame0000059.jpg,27.757943012835106,0.9443151085025754,85.2729069648576,81.59280864197531,21.643517137628972,3180.3428834871183
CLAHE,vid_000045_frame0000062.jpg,28.57910406408759,0.9378679897426716,86.67834030123808,80.49844135802469,21.850263030092233,3200.4903640040934
CLAHE,vid_000045_frame0000063.jpg,28.277152401741496,0.9352040680130576,87.1747176869671,81.11426697530864,21.926844352152887,3172.4913147538487
CLAHE,vid_000045_frame0000064.jpg,28.172962793527397,0.9345214348576937,87.67063876489031,81.42824074074075,22.059860103119522,3216.7879548967744
CLAHE,vid_000045_frame0000065.jpg,28.201887346444057,0.9330956572495562,87.56749458840787,81.64951388888889,22.00488667483516,3255.654443569899
CLAHE,vid_000045_frame0000066.jpg,28.228448477467218,0.9496107734272797,85.95422216360882,81.99966049382716,21.839051411437318,3249.000217934992
CLAHE,vid_000045_frame0000067.jpg,28.309966286031383,0.9354380601225217,87.3068820981737,82.09587962962964,21.971309258972536,3165.8887245596616
CLAHE,vid_000046_frame0000003.jpg,28.443574770467936,0.9522301274821565,80.81543591359278,93.04439043209877,20.426225204243597,3022.090760850992
CLAHE,vid_000046_frame0000007.jpg,28.086484943158247,0.9522806484464011,80.73459677512332,90.47668981481482,20.41720815229232,3077.9519939552256
CLAHE,vid_000046_frame0000008.jpg,28.197428582847586,0.9375679448808718,82.73231714329852,88.93385802469136,20.6908272437142,3172.3565799458925
CLAHE,vid_000046_frame0000016.jpg,28.485522576551716,0.9533525565687498,81.68689459779432,96.7189737654321,20.71726849925683,2997.143338105615
CLAHE,vid_000046_frame0000017.jpg,28.50772020559182,0.9507907651594384,81.53324941663764,96.83140432098766,20.62270192666998,2935.3432800523456
CLAHE,vid_000047_frame0000001.jpg,27.374279813040566,0.8778258852995425,110.32372723491544,90.58050154320988,26.9711168281614,3742.726291760974
CLAHE,vid_000047_frame0000002.jpg,27.582355437310948,0.9157808911090325,106.77921938544887,90.64362654320988,26.587817823230075,3563.1144899498454
CLAHE,vid_000047_frame0000003.jpg,27.836259561505724,0.9191244654698587,107.45885317328778,89.93926697530864,26.796184742358854,3576.205090646374
CLAHE,vid_000047_frame0000004.jpg,27.864793242952196,0.9066422687869015,109.08823679554838,89.41689043209877,27.00406045525984,3559.270537345679
CLAHE,vid_000047_frame0000005.jpg,27.927951333964135,0.9182759797091197,107.45953173412394,89.21798611111112,26.76788669824218,3531.4990920647933
CLAHE,vid_000047_frame0000006.jpg,27.78044834156846,0.9159715484627459,108.14241128314936,89.08335648148149,26.934902734908295,3537.6791347393687
CLAHE,vid_000047_frame0000008.jpg,27.859996535231705,0.9103391902978007,108.51321665555967,88.83032407407407,26.97324560742885,3590.5221359165425
CLAHE,vid_000047_frame0000009.jpg,27.701791128356238,0.9308456962139936,105.4589884440382,89.16677469135803,26.509147520275057,3430.134097943757
CLAHE,vid_000047_frame0000010.jpg,27.585493465159367,0.9148882926544147,107.64737721892396,89.13404320987654,26.827214537206306,3535.1918853823727
CLAHE,vid_000047_frame0000011.jpg,27.764429031961107,0.9265266136112751,106.58578607778688,89.14489969135802,26.719730180735286,3508.0910270833333
CLAHE,vid_000047_frame0000012.jpg,27.709310007600717,0.9159197644341189,107.53723052413446,88.7718287037037,26.8006696391426,3459.2476577160487
CLAHE,vid_000047_frame0000013.jpg,27.504750215506558,0.9296879410512885,106.14087584301382,88.71448302469136,26.668444387411594,3480.081633790343
CLAHE,vid_000047_frame0000014.jpg,27.85940434970563,0.916760753759185,108.25238021384949,87.45614197530864,27.000422194771186,3562.7825604671543
CLAHE,vid_000047_frame0000017.jpg,27.63760293138292,0.9315926282082172,108.060205076248,85.87250771604938,27.184877224844676,3496.0700400053342
CLAHE,vid_000047_frame0000018.jpg,27.281326765280998,0.9235621628292355,109.88469532450398,85.94796296296296,27.555572785363992,3579.5599110677085
CLAHE,vid_000047_frame0000019.jpg,27.404532735849394,0.9385232219468779,108.70226074567414,86.19661265432099,27.50274047974601,3492.404535748885
CLAHE,vid_000047_frame0000020.jpg,27.348662951437763,0.9185640752549978,110.97421927374187,85.7262037037037,27.743240002477147,3628.269470968364
CLAHE,vid_000047_frame0000021.jpg,27.36637794275863,0.9248149261903085,110.10178237115053,87.81996913580247,27.612614747772874,3511.6774615311474
CLAHE,vid_000048_frame0000004.jpg,28.03376757134865,0.9473637975827686,96.05135984583555,88.21474537037037,24.31064048739535,3340.970716706437
CLAHE,vid_000048_frame0000005.jpg,28.0543662672441,0.9553418995911676,94.68180911381614,89.84841820987654,24.06992917632903,3362.056476173066
CLAHE,vid_000048_frame0000006.jpg,28.181538511545718,0.9469113694299945,95.91589264756391,89.52965277777778,24.24423153428623,3321.73702928074
CLAHE,vid_000048_frame0000007.jpg,28.160652664932716,0.9503481376184549,96.15905451746123,89.47264660493828,24.368174421389977,3403.7491815822186
CLAHE,vid_000048_frame0000008.jpg,28.03199136669456,0.9393097913142379,96.67603235600076,88.34157407407407,24.323799692336475,3454.2217650329003
CLAHE,vid_000048_frame0000009.jpg,27.96509517615422,0.9456368235780636,96.80577942980848,87.98895833333333,24.486315339063704,3380.3310011402014
CLAHE,vid_000048_frame0000010.jpg,28.026081413914795,0.9448424884765382,97.08070310269157,87.76297067901234,24.52540659488038,3452.940310827654
CLAHE,vid_000048_frame0000011.jpg,27.647486139831084,0.9533502912462356,96.24015290230923,88.46762345679012,24.466284774120048,3491.4821074052643
CLAHE,vid_000048_frame0000012.jpg,27.982302880226968,0.9462288735078864,96.70780304948339,87.90627314814814,24.43842484277087,3530.734639401149
CLAHE,vid_000048_frame0000013.jpg,28.025729010938726,0.951549806550075,95.10270447994316,88.8729475308642,24.10119675100347,3366.688289194614
CLAHE,vid_000048_frame0000014.jpg,28.076371870293872,0.9447650129101178,95.92789448908094,89.94358024691358,24.21720186549589,3449.699372569385
CLAHE,vid_000048_frame0000015.jpg,27.89457306519679,0.9512633369915283,95.02465570225858,91.12875771604938,24.094729845489052,3362.2497161255906
CLAHE,vid_000048_frame0000016.jpg,27.65926899161262,0.9521875979512281,95.01911872461788,90.18873456790124,24.126270124639586,3267.6910042293002
CLAHE,vid_000048_frame0000017.jpg,27.984171617733736,0.9541587997767508,95.79489147907721,88.31239197530864,24.347560924703686,3456.302401511715
CLAHE,vid_000048_frame0000018.jpg,27.908464973753382,0.942431748440132,97.34464534927027,86.75430555555556,24.534030063435345,3501.179268484225
CLAHE,vid_000048_frame0000019.jpg,27.764771123785046,0.9486593523067742,96.25433909856797,87.06708333333333,24.38092738590473,3511.534786160408
CLAHE,vid_000048_frame0000020.jpg,27.65470258665832,0.9409607495403732,97.69741015248988,88.21179783950618,24.622590651247165,3509.5352630027337
CLAHE,vid_000048_frame0000021.jpg,27.977643932644494,0.9508203050800362,97.64860099138423,89.39429012345678,24.767543317115873,3417.9918323301877
CLAHE,vid_000048_frame0000022.jpg,27.848399870443963,0.9387506631914556,98.131261334685,89.51030092592593,24.69706870324696,3472.179931875798
CLAHE,vid_000048_frame0000023.jpg,27.91229794055614,0.9492166522388598,97.17562821016007,89.14700617283951,24.61847883798384,3378.465833756049
CLAHE,vid_000048_frame0000025.jpg,27.946699971818497,0.9537825766260379,97.16356851858728,88.55627314814815,24.661665471468563,3484.63806911288
CLAHE,vid_000048_frame0000026.jpg,27.885971531372,0.957773462503036,97.54978708000225,91.15052469135803,24.83405783872311,3380.6129945244033
CLAHE,vid_000048_frame0000027.jpg,27.93857716057396,0.9543405122895988,96.23661570932461,95.64899691358025,24.455453466266604,3321.2835326922345
CLAHE,vid_000048_frame0000028.jpg,27.860793274413844,0.9475027916396476,94.39522854307347,95.84603395061728,23.856578563405392,3309.3507799951894
CLAHE,vid_000048_frame0000029.jpg,27.963503641701777,0.9570414259341887,93.28513683651204,94.62307098765432,23.72230565587509,3306.1247697139706
CLAHE,vid_000049_frame0000007.jpg,27.328346972204557,0.9327360856142932,98.90842896381812,83.27521604938272,25.1773514223534,3332.66632258421
CLAHE,vid_000049_frame0000008.jpg,27.278126650180006,0.9161940983026966,107.00022912339895,84.81641975308642,27.127513005677283,3366.5830338214805
CLAHE,vid_000049_frame0000009.jpg,27.23254746223496,0.9289564829619267,133.8824420441231,89.86929012345679,34.090770692515235,3440.8237574836153
CLAHE,vid_000049_frame0000010.jpg,27.490750071493565,0.9318962525385489,106.56952366836217,81.73150462962963,27.212000939156106,3444.8163677168473
CLAHE,vid_000049_frame0000011.jpg,27.39404760743462,0.9347826070973607,97.47929177561454,78.63887345679012,24.771120891319832,3609.1847427697166
CLAHE,vid_000049_frame0000012.jpg,27.41921264436934,0.9310228122750906,109.61495461206124,80.07685956790124,28.006811809455908,3558.178449473213
CLAHE,vid_000049_frame0000013.jpg,27.513369354319636,0.9479232886679733,126.18726067543984,82.58301697530864,32.491528195486694,3257.5986926952355
CLAHE,vid_000049_frame0000017.jpg,27.079778097189546,0.9298687845497252,96.1606165114839,76.51807098765433,24.37784609495943,3596.416116640887
CLAHE,vid_000050_frame0000005.jpg,27.807841613027637,0.9348802662355364,117.94947363063946,90.59336419753086,30.385354290329442,3521.3845788558815
CLAHE,vid_000050_frame0000007.jpg,27.781672779414407,0.9343282007152842,120.26967201436211,97.88315586419753,31.094108403139657,3286.0697462941525
CLAHE,vid_000050_frame0000008.jpg,27.56441234029999,0.9418984164423461,117.69830218100135,91.8448688271605,30.58566951514359,3246.2150023547642
CLAHE,vid_000050_frame0000009.jpg,26.187167811771097,0.9066332624782105,121.85666255718345,92.01557098765431,30.925959542004936,3463.3125252099885
CLAHE,vid_000050_frame0000010.jpg,25.990986186616077,0.8900880730164403,126.71605243883751,93.28010030864198,31.890910587130588,3644.5184007306434
CLAHE,vid_000050_frame0000011.jpg,25.722936775216475,0.8989767871150581,128.79572816294677,95.68688271604938,32.64142208852968,3432.9995724017276
CLAHE,vid_000050_frame0000012.jpg,24.709408385485936,0.8711572687438229,131.9689419737569,95.18036265432099,32.8627924129573,3664.2772408559454
CLAHE,vid_000050_frame0000013.jpg,24.268154805503947,0.8512286215366066,137.4227985157753,95.7826311728395,33.77313741686081,3896.4999330203455
CLAHE,vid_000050_frame0000014.jpg,23.952656432417033,0.8420553208441214,136.79256881205907,93.96167438271605,33.51025854498885,3844.773074657005
CLAHE,vid_000050_frame0000015.jpg,23.594688843108152,0.8352610270572635,139.0323231279177,96.23459104938271,34.00295678958833,3917.28259573468
CLAHE,vid_000050_frame0000023.jpg,24.20197105458672,0.8510791145552302,120.96136308840084,87.94398919753087,29.774711235342508,3825.827746056241
CLAHE,vid_000050_frame0000024.jpg,24.53396111285546,0.8560130691910119,119.29634159201002,86.88408179012346,29.350263364637076,3905.4708184055758
CLAHE,vid_000052_frame0000035.jpg,27.103841042664033,0.8661210959546914,121.07208701585755,108.95404320987655,29.389474143689228,3380.1392129436726
CLAHE,vid_000052_frame0000041.jpg,25.6602926112733,0.8421621323303007,127.2156569835788,113.66185956790123,30.296398284468452,3788.856692172497
CLAHE,vid_000052_frame0000045.jpg,25.650833223527755,0.8663306507072859,123.1680773242313,105.39704475308642,29.747687204962567,3589.8896949778996
CLAHE,vid_000052_frame0000047.jpg,25.335384475285544,0.8574531465956531,127.49388201330272,106.11943672839506,30.729746446367468,3604.8478413349244
CLAHE,vid_000052_frame0000049.jpg,25.123478213748,0.853335642582438,126.45898524228238,108.62399691358024,30.4823387149158,3489.415470095486
CLAHE,vid_000052_frame0000051.jpg,23.397868028182316,0.832138544655825,132.87399523784237,112.44839506172839,31.552726407086748,3643.963794114309
CLAHE,vid_000052_frame0000052.jpg,22.90316185921241,0.8262934611147091,136.23995010852138,113.78120370370371,32.26258054603458,3669.7991837362824
CLAHE,vid_000052_frame0000054.jpg,22.200910674899994,0.8312397095414891,145.58947211842985,114.72841820987654,34.753591622693506,3925.1778305226308
CLAHE,vid_000052_frame0000056.jpg,22.30333342751198,0.8340879157144698,153.64425921993043,117.74761574074074,36.596938725790416,4191.727494598527
CLAHE,vid_000052_frame0000058.jpg,22.24966771070365,0.8092353224742145,159.3857000834408,121.51451388888889,37.53436087290088,4262.5053774505
CLAHE,vid_000052_frame0000060.jpg,20.98141979921728,0.8026646475735845,192.60739121296183,120.8467438271605,45.87316417643144,4597.9195002248125
CLAHE,vid_000052_frame0000062.jpg,21.37804977753995,0.802251608054564,182.36809461741933,122.6357175925926,42.97498149433883,4862.517878753
CLAHE,vid_000052_frame0000066.jpg,21.724383159462324,0.8053485837580983,172.98220004168576,125.09743827160494,40.97833697775251,4233.618207975157
CLAHE,vid_000052_frame0000068.jpg,21.681693497605487,0.7987871547749664,177.81680862735482,125.27762345679012,41.76676726843659,4862.768505641229
CLAHE,vid_000052_frame0000070.jpg,20.726379564883484,0.8150322671196687,206.76224589014882,122.75012345679012,49.61676666143589,4756.208413989627
CLAHE,vid_000052_frame0000072.jpg,21.108926652307854,0.8077318977099202,206.22295911508613,125.38729938271605,49.50527733238194,4695.569413965097
CLAHE,vid_000052_frame0000074.jpg,21.504000762069836,0.797992180722228,201.41922523685326,128.91981481481483,47.585602909774025,5106.112874763697
CLAHE,vid_000052_frame0000076.jpg,21.662009268953316,0.8017354265499614,200.02675712641593,131.24805555555557,47.73119527512354,4369.786291512108
CLAHE,vid_000052_frame0000078.jpg,21.30214682683263,0.7902174694424463,211.7399540714097,129.28452160493828,49.77898316298028,5619.780212831446
CLAHE,vid_000052_frame0000080.jpg,21.601503147416942,0.7931318040530693,212.3848086581844,127.22071759259259,50.022719944003164,5533.549062288284
CLAHE,vid_000052_frame0000082.jpg,20.937139085977133,0.8055087858858639,227.5541224426209,124.49063271604938,54.86367762126901,5041.119949455055
CLAHE,vid_000053_frame0000001.jpg,20.504003212973764,0.8184308840253524,192.63868884976495,125.84612654320988,45.26018228793465,6538.311077005637
CLAHE,vid_000053_frame0000002.jpg,20.511876421236934,0.8197059257881834,192.41548797850962,125.89048611111112,45.21144277319699,6506.562585474538
CLAHE,vid_000053_frame0000012.jpg,20.42594148776915,0.8152587319406649,194.2754176082148,126.09084104938272,45.46815952192429,6722.195798895402
CLAHE,vid_000053_frame0000018.jpg,20.484016311298163,0.8145034410053631,194.34537707920254,125.79493827160493,45.50399337036817,6773.215311428267
CLAHE,vid_000053_frame0000035.jpg,20.599431458654365,0.8176700397359425,193.48152185254236,125.68560185185186,45.35040745432809,6558.054425229993
CLAHE,vid_000053_frame0000040.jpg,20.5582739573347,0.8197533090482342,192.7314150923932,125.73388888888888,45.257876024885995,6501.592546532005
CLAHE,vid_000054_frame0000018.jpg,21.642455152543274,0.8216190794081578,163.0538066246054,119.0506712962963,39.23699558900796,5142.290655911292
CLAHE,vid_000054_frame0000020.jpg,21.666874392912145,0.8220548572087717,161.4235785851427,118.41336419753087,38.93524531284044,4893.555098725185
CLAHE,vid_000054_frame0000024.jpg,21.393031623161672,0.8156413651378117,161.38024839795185,118.47739197530865,38.72674349486057,5053.60356749251
CLAHE,vid_000055_frame0000055.jpg,19.566425396749704,0.8314109533212858,215.81877005294342,98.55222993827161,52.92231279702952,5222.201006609547
CLAHE,vid_000063_frame0000021.jpg,22.103445166687486,0.850591617194779,190.6711622795626,109.19409722222223,45.69929208365637,4794.704151996111
CLAHE,vid_000063_frame0000026.jpg,22.049582380626372,0.8455459718773413,197.15320895200972,106.84313271604938,47.46670477722582,4470.4616039475095
CLAHE,vid_000063_frame0000030.jpg,22.02179239061146,0.8385148737549578,192.87382449662942,109.0936188271605,45.79228811316004,5129.06601702526
CLAHE,vid_000063_frame0000040.jpg,22.38229324788631,0.833489881106821,188.21806007593923,112.33881172839506,44.523376851293875,4812.967526036844
CLAHE,vid_000063_frame0000044.jpg,21.861440472525242,0.8222543305423303,186.11180638848518,113.60712962962963,43.51636652982995,5143.88388508796
CLAHE,vid_000068_frame0000001.jpg,28.31940633288152,0.8927460694542372,108.27034556620592,98.84532407407407,26.59257492999355,3398.860312442606
CLAHE,vid_000068_frame0000015.jpg,28.39493978094911,0.9480165760274905,105.54561168160907,94.78281635802469,26.623681201330946,3431.4219778747047
CLAHE,vid_000068_frame0000016.jpg,27.966302787952078,0.9439523550890699,106.16802411469992,95.15929783950617,26.74794244655567,3450.7488278377323
CLAHE,vid_000069_frame0000001.jpg,24.83055732725962,0.8049240124421927,125.36600744892534,113.31105709876543,29.502710609300333,4279.818060985131
CLAHE,vid_000069_frame0000002.jpg,24.831640838769346,0.8189191247246764,122.85151338907572,113.68646604938272,29.07840851084424,3896.695580735061
CLAHE,vid_000069_frame0000003.jpg,24.681019148829364,0.8200302421928735,124.03914063476066,113.78699845679013,29.34661724312012,4111.733310868139
CLAHE,vid_000069_frame0000004.jpg,24.682035640057375,0.817093532891438,126.03528128380422,113.98139660493827,29.794740730705957,4305.642087904854
CLAHE,vid_000069_frame0000005.jpg,24.83743018912211,0.8235259255788928,125.07221986712155,114.42916666666666,29.71682787886518,4123.495629846584
CLAHE,vid_000069_frame0000006.jpg,24.965860102846726,0.8293416643063397,122.29588926181803,114.48746141975309,29.212838272658466,3939.181302616252
CLAHE,vid_000069_frame0000007.jpg,24.949591330698837,0.822761045262574,123.29038836090052,114.23543981481481,29.29914345661202,3982.4526799720297
CLAHE,vid_000069_frame0000008.jpg,24.808739742486544,0.8186459475403115,123.31396747070558,113.499012345679,29.172525585292387,4161.06089614388
CLAHE,vid_000069_frame0000009.jpg,24.849240442723296,0.8199476046336023,123.37320965389823,112.83158179012345,29.297811632943194,4092.3114602859227
CLAHE,vid_000069_frame0000010.jpg,24.41365455791791,0.8093877912073862,126.73210857259575,112.70449845679012,29.868691825535727,4406.194604539073
CLAHE,vid_000069_frame0000060.jpg,23.23551641368597,0.7934827748662573,141.1826519480446,112.36651234567901,33.135621598220624,4829.187333578866
CLAHE,vid_000069_frame0000070.jpg,23.243583400359718,0.7942652090126928,140.93511963066913,112.11901234567901,33.085337931802606,4891.190859824567
CLAHE,vid_000072_frame0000020.jpg,27.68342476758725,0.8750983095888242,109.33466889921664,122.7166049382716,26.757281151985442,2986.9558192348727
CLAHE,vid_000073_frame0000053.jpg,27.262922938318685,0.8835409321456599,91.89865786375415,101.91519290123456,22.137651381344067,3254.382727456216
CLAHE,vid_000073_frame0000055.jpg,27.377824332492096,0.8748169236954993,93.96425906730242,106.83362654320987,22.470028504298494,3313.4767418829065
CLAHE,vid_000073_frame0000056.jpg,27.508867290109002,0.8879433163423659,92.68483040130309,107.81659722222223,22.39205307447799,2959.3687505427424
CLAHE,vid_000073_frame0000063.jpg,27.01118971498741,0.8961635241387534,109.55518449072116,106.89550925925926,27.422171431272307,3030.041602480329
CLAHE,vid_000074_frame0000006.jpg,26.134520507658753,0.9266389339673582,138.78660776249797,84.60033950617284,34.724340733711685,4624.097081523396
CLAHE,vid_000074_frame0000012.jpg,26.144441865887686,0.9237579944930664,137.9974445771356,86.15171296296296,34.35528795305554,4685.2994858024695
CLAHE,vid_000074_frame0000016.jpg,25.612405117098113,0.9217405635265635,140.85467707221517,87.90451388888889,35.07352939458344,4746.52540243002
CLAHE,vid_000074_frame0000020.jpg,25.63279008953885,0.9202329870235614,143.19753656688164,89.76493827160493,35.61637951576499,4797.433808253255
CLAHE,vid_000074_frame0000021.jpg,25.84770257178848,0.9257607542654487,142.22160688908085,88.67114969135802,35.429945193651136,4728.519412034893
CLAHE,vid_000074_frame0000022.jpg,25.87620614363488,0.9227873899831837,141.41535032855262,88.63154320987654,35.19213000494812,4718.927421488662
CLAHE,vid_000074_frame0000023.jpg,25.902280701938633,0.9271811679860149,142.35381669994283,88.60581790123457,35.513453242591794,4706.641635759066
CLAHE,vid_000074_frame0000028.jpg,25.561644429548195,0.9178658295166643,141.363021804306,88.59668981481481,35.0912426621449,4692.301750788514
CLAHE,vid_000074_frame0000029.jpg,25.711497376872213,0.9203877874068774,142.22797284504006,89.92332561728395,35.35084418101837,4624.472985802469
CLAHE,vid_000074_frame0000030.jpg,25.621325145074294,0.906267198770557,144.83123645680683,93.48861111111111,35.765655640287505,4777.978578531997
CLAHE,vid_000074_frame0000031.jpg,25.700146430662887,0.9176431427285973,143.52199900171672,92.57702932098765,35.63069415358651,4597.7233772002655
CLAHE,vid_000074_frame0000032.jpg,25.468405922337997,0.9166634300166584,143.71356720866194,92.45846450617285,35.66162200548388,4621.292214928889
CLAHE,vid_000074_frame0000033.jpg,25.347980538613758,0.9227036299155724,143.90234103924325,91.89401234567902,35.842427372465515,4527.461425258571
CLAHE,vid_000074_frame0000034.jpg,25.26939108145615,0.917999119396855,144.6744512043075,90.87848765432099,35.980935069193954,4648.379884563556
CLAHE,vid_000074_frame0000035.jpg,25.33211099292685,0.9213461410548854,143.62231425162412,89.69399691358025,35.79609095338764,4494.2464883163775
CLAHE,vid_000074_frame0000036.jpg,24.846907044325196,0.9201510988632825,143.78686985867398,89.2664737654321,35.85518458736568,4444.621806406941
CLAHE,vid_000074_frame0000047.jpg,23.93762538071609,0.9011999167226011,164.23115322263828,83.07636574074074,40.44387163897868,4719.92069412717
CLAHE,vid_000074_frame0000048.jpg,23.350743399195785,0.8985780925728356,167.80109271745764,85.30310956790123,41.376224008119614,4735.190497456503
CLAHE,vid_000074_frame0000050.jpg,24.20528666141771,0.9021052521116383,160.4802790453375,83.92304012345679,39.267824489527875,5212.234148982565
CLAHE,vid_000075_frame0000001.jpg,27.964504074204473,0.8744222948765562,114.08383450471388,86.23777777777778,28.302884324943122,3513.535271475802
CLAHE,vid_000075_frame0000002.jpg,28.546487083142758,0.9189125286616,109.43566298709867,86.16713734567901,27.745844511179392,3178.3818309527296
CLAHE,vid_000075_frame0000003.jpg,28.486966156878477,0.9328242090328231,109.37540714302523,87.75238425925926,28.040992199701186,3091.156973746142
CLAHE,vid_000075_frame0000045.jpg,27.71617817270457,0.9243094545930353,75.1909988067326,94.88202160493827,18.25933849320423,3225.0181267708817
CLAHE,vid_000075_frame0000046.jpg,28.07437715149769,0.934289963699802,74.10171532705704,94.16305555555556,18.136275613607,3130.009304909634
CLAHE,vid_000075_frame0000047.jpg,28.234298248961327,0.9253120929891926,75.58881543966535,93.6292824074074,18.330414303235777,3277.606838155328
CLAHE,vid_000075_frame0000048.jpg,27.130315724711988,0.9318703081574071,102.68783609486555,93.55590277777777,25.989745868544684,3078.9452893384555
CLAHE,vid_000075_frame0000049.jpg,26.925199440318167,0.906619525681553,103.77917891377419,93.90050925925927,25.766681215316925,3085.8771184170073
CLAHE,vid_000075_frame0000050.jpg,26.07908248024643,0.9036835948416466,104.35335351888129,94.00985339506173,25.864341070704214,3041.4726474522154
CLAHE,vid_000075_frame0000058.jpg,24.733091882797655,0.8781165319801842,107.40361952980098,98.9255787037037,26.115726425232193,3264.7008806583767
CLAHE,vid_000075_frame0000059.jpg,24.978004135704374,0.8889265037060469,105.46251487952102,98.81405864197531,25.849560492651086,3115.448520211227
CLAHE,vid_000075_frame0000060.jpg,24.909156063668114,0.8901872510331773,106.00459566768198,98.27215277777778,25.99267998502308,3228.3247963462486
CLAHE,vid_000075_frame0000061.jpg,25.21839843051928,0.8985895922059655,104.09339348712982,98.48089506172839,25.595676039419505,3221.1993480709875
CLAHE,vid_000075_frame0000062.jpg,25.964663773340643,0.8871629058450563,86.2867803254084,98.51631944444445,20.420679402409217,3371.113023726792
CLAHE,vid_000075_frame0000070.jpg,25.669507979061613,0.8911215628796091,85.77389950753088,100.15145061728396,20.35276494989283,3386.639824096698
CLAHE,vid_000075_frame0000075.jpg,24.630555680304894,0.9004253986189926,128.33891078892805,95.88489969135803,32.22276125611108,3338.9920608181274
CLAHE,vid_000075_frame0000080.jpg,26.63947512330463,0.9088185229388047,76.72623472547463,95.17104166666667,18.459742969202054,3262.260571911437
CLAHE,vid_000075_frame0000085.jpg,26.694930794140994,0.9046288205736733,79.33081120521891,95.05651234567901,19.106827706261477,3332.546875904433
CLAHE,vid_000075_frame0000090.jpg,24.748383712669046,0.8592734009381092,94.06941700815415,101.55564043209877,22.384696115688026,3325.1918239881024
CLAHE,vid_000076_frame0000001.jpg,26.906377081758656,0.8905397301648196,114.20716007581674,97.41451388888889,28.265900542576592,3613.918373319616
CLAHE,vid_000076_frame0000004.jpg,26.749041919428272,0.9141266161109787,113.38981142939335,98.43995370370371,28.367867668318663,3470.981394364188
CLAHE,vid_000076_frame0000035.jpg,27.33083624012813,0.9234354064687734,72.46528150353703,111.23731481481481,17.66214240320981,2931.692347378448
CLAHE,vid_000076_frame0000036.jpg,27.676220031481638,0.9338867775548002,70.46321801753209,110.84124228395062,17.287486679067978,3032.440536882478
CLAHE,vid_000076_frame0000037.jpg,28.040275421904365,0.9389211420710099,68.66258179994084,111.06320987654321,16.83283511013046,2931.1333783712466
CLAHE,vid_000076_frame0000038.jpg,27.590500112608744,0.9348460884939801,103.73973465324063,111.20385030864198,26.495724305468983,2844.8256115395425
CLAHE,vid_000076_frame0000041.jpg,26.26581718723562,0.9261505891320944,134.36707378742307,99.18725308641976,33.79360463252483,3790.2485939405196
CLAHE,vid_000076_frame0000042.jpg,25.886324979756594,0.9347540924613252,128.3519548763486,97.97780864197532,32.34356512622709,3853.7197890410666
CLAHE,vid_000077_frame0000007.jpg,26.444801228309437,0.9197768342948613,93.04038047068113,96.62730709876543,22.84101208410128,3154.3771945870963
CLAHE,vid_000077_frame0000008.jpg,24.410953214662378,0.8937054734140956,108.91376397712136,97.84215277777778,26.444765976011997,3491.7485563242426
CLAHE,vid_000077_frame0000009.jpg,24.944095598257988,0.886605753064326,109.67000174573124,99.42939814814815,26.480823773519475,3337.2607804778586
CLAHE,vid_000077_frame0000010.jpg,24.593107854739355,0.8783363848206465,112.2401000210742,100.35341049382716,26.875991668836086,3759.7316510411306
CLAHE,vid_000077_frame0000011.jpg,24.88850201846873,0.8960935152168826,108.44214308539715,100.5936574074074,26.264142748991834,3465.428709175431
CLAHE,vid_000077_frame0000012.jpg,24.672160724834985,0.8960445001552327,108.84307351758461,101.50047839506173,26.407873283853746,3602.6089791473764
CLAHE,vid_000077_frame0000042.jpg,24.251412889195958,0.8722771456744901,125.6393854128253,110.51515432098765,31.055201528109485,3028.4656177066663
CLAHE,vid_000077_frame0000050.jpg,30.45966160397976,0.9363062852322889,83.10135552231996,112.80624228395062,20.67643913773857,2762.5844010282703
CLAHE,vid_000077_frame0000051.jpg,29.213282575437628,0.9314001649426968,92.09791816633204,105.46030092592592,23.15041725423639,2896.0449627893518
CLAHE,vid_000078_frame0000032.jpg,27.35329082926222,0.9344863248140367,105.22977388014289,103.07465277777777,26.10609950935604,3636.4282386428804
CLAHE,vid_000078_frame0000033.jpg,27.374004859353352,0.9519293570442731,102.16547613260033,102.30291666666666,25.65517571321178,3521.943031504284
CLAHE,vid_000079_frame0000008.jpg,27.52995580980976,0.9168876129436919,100.79026773217481,81.80618827160494,25.28187174371764,3515.1361676939855
CLAHE,vid_000079_frame0000010.jpg,27.536862320880566,0.9074757238387896,102.10651441463054,84.59898148148149,25.360403462434007,3454.694631044179
CLAHE,vid_000079_frame0000011.jpg,26.96323442759311,0.8915884846898908,103.19619113696548,84.10168981481482,25.269761676146004,3659.20268955547
CLAHE,vid_000079_frame0000012.jpg,27.05517802764577,0.8951253682480962,103.27849721289158,81.48744598765433,25.336032016136624,3796.5312285605755
CLAHE,vid_000079_frame0000013.jpg,27.35356755672734,0.9053854828275613,100.59166332201872,79.28332561728395,24.75057668093887,3519.284984910301
CLAHE,vid_000079_frame0000014.jpg,26.88676209077675,0.8970812655437287,103.23794374846977,80.86415895061728,25.31150550832944,3863.8700491225977
CLAHE,vid_000079_frame0000018.jpg,27.57862541210431,0.9113549433601348,101.26408180145674,90.18564814814815,25.22914786609012,3405.963482361444
CLAHE,vid_000079_frame0000019.jpg,27.37662062709438,0.914746932927787,101.77332471152155,89.9227237654321,25.40114478660343,3216.4189549296384
CLAHE,vid_000079_frame0000090.jpg,28.30801646235767,0.9262147148276516,98.24065151031922,97.16288580246913,24.685607949173384,3127.095927796829
CLAHE,vid_000079_frame0000097.jpg,28.4651181308638,0.9311646317914883,96.9909980875071,96.42827160493827,24.479713069211456,3073.9197943238814
CLAHE,vid_000079_frame0000101.jpg,28.104965262431655,0.9128835599687859,97.33852119701541,96.45792438271604,24.285208715563463,3163.055285107965
CLAHE,vid_000079_frame0000110.jpg,28.634473025817663,0.9269521936183964,94.50318985259898,94.36077160493826,23.700927822588284,3095.053480766794
CLAHE,vid_000079_frame0000111.jpg,28.63543385261446,0.9163416021427605,95.9902794329222,92.17194444444445,23.841919650877294,3357.4941662549054
CLAHE,vid_000079_frame0000115.jpg,27.80579586246249,0.9111245627940571,98.44539552548396,91.76595679012345,24.425322224102167,3413.385954132135
CLAHE,vid_000079_frame0000118.jpg,28.22645816743392,0.927836858446594,98.27505986022081,97.09385802469136,24.63746461983098,3155.7921279849083
CLAHE,vid_000079_frame0000120.jpg,28.208762118741436,0.9268639584011535,95.96749111954908,94.36814814814815,23.987733316365354,3234.6371438957476
CLAHE,vid_000079_frame0000121.jpg,28.213104241738378,0.9206713178293914,97.36190185187593,92.78800154320987,24.26764159468115,3275.1507840529616
CLAHE,vid_000079_frame0000126.jpg,28.753769631443884,0.9320043934478058,93.88591526531563,97.47396604938271,23.675279171286526,3035.241785708102
CLAHE,vid_000079_frame0000127.jpg,28.503390378724212,0.9300685398431976,95.48294897601075,95.32909722222222,24.099913662435476,3094.5481066728935
CLAHE,vid_000080_frame0000037.jpg,27.768254458207544,0.9022995759850435,104.42723446219831,93.89162037037038,25.799184672811023,3462.1314337941526
CLAHE,vid_000080_frame0000045.jpg,28.169772096864655,0.9278594335664474,104.12032238633222,93.86191358024692,26.298880240302363,3083.339181698436
CLAHE,vid_000080_frame0000046.jpg,28.017476656394578,0.9246551154607388,106.45307308862904,95.06170524691358,26.829595372142194,3178.367624300733
CLAHE,vid_000080_frame0000051.jpg,28.090736783496535,0.9280247331997215,103.04372324272911,90.50630401234568,26.072600272139837,3091.6507931946353
CLAHE,vid_000080_frame0000052.jpg,28.352408133954192,0.9300840877602469,102.55407298404333,90.14661265432099,25.959703045272466,3247.507781732015
CLAHE,vid_000080_frame0000054.jpg,27.91052612269441,0.9194262867946604,105.87737184270038,91.85277006172839,26.619466286578955,3196.6674685871058
CLAHE,vid_000080_frame0000055.jpg,27.955378872120725,0.9139397845389571,106.6901062858638,93.34507716049383,26.720228249010738,3287.9353703703705
CLAHE,vid_000080_frame0000056.jpg,27.969446734090845,0.921188912734806,107.78203349932552,94.80780864197531,27.191221988403562,3056.764402613395
CLAHE,vid_000080_frame0000057.jpg,27.74824049763089,0.9113547522561847,108.611819818908,95.83725308641975,27.2477662667702,3260.2900439633813
CLAHE,vid_000080_frame0000058.jpg,27.734813976040826,0.9090243800223426,108.78102364802898,95.65007716049382,27.234872485749477,3265.822885515201
CLAHE,vid_000080_frame0000059.jpg,27.855744414220855,0.9168395308013083,107.65750153281653,94.79258487654322,27.078013077738298,3073.10753391037
CLAHE,vid_000080_frame0000060.jpg,27.547778893237997,0.9101510975844439,109.1459121094194,94.6261188271605,27.382913280373366,3206.8589525457605
CLAHE,vid_000080_frame0000061.jpg,27.7514984995261,0.9159564438201707,109.96262290254148,95.07291666666667,27.664979720086706,3171.282619675926
CLAHE,vid_000080_frame0000063.jpg,27.725899907712193,0.9149222320989034,111.35582066160613,97.81917438271606,28.053636258835454,3162.587637391166
CLAHE,vid_000080_frame0000064.jpg,27.785530144149458,0.920486002901673,111.43746733658233,96.63554783950617,28.169289932508484,3056.514466561642
CLAHE,vid_000080_frame0000077.jpg,28.029490251329705,0.9121342373326623,112.09313276398427,98.99532407407408,28.30568356289735,3081.5512811723033
CLAHE,vid_000080_frame0000083.jpg,27.975798372520288,0.9123570358381331,109.84690886689036,97.7288348765432,27.638481773113625,3223.629904576046
CLAHE,vid_000080_frame0000084.jpg,28.581042713917327,0.9313515005165852,105.25527169122728,96.93268518518518,26.754779016041002,3160.973312311326
CLAHE,vid_000080_frame0000085.jpg,28.03790838876216,0.9103000872090427,107.08207197422699,97.60929783950617,26.921680790301185,3191.713095611795
CLAHE,vid_000080_frame0000087.jpg,28.100997665235123,0.9211195880578633,106.00016230403388,96.75216049382716,26.788490450955024,3190.4915053259792
CLAHE,vid_000080_frame0000088.jpg,28.508880657435274,0.9423302728440115,105.84561590279974,96.77382716049382,27.081129030200596,3214.9587116938633
CLAHE,vid_000080_frame0000124.jpg,27.236276571165305,0.9040845281141349,109.84726470933114,90.89324074074074,27.29295019301395,3519.953516310811
CLAHE,vid_000080_frame0000125.jpg,27.177846663308507,0.8948755775114172,108.72393604490621,90.63658950617284,26.77499727561653,3636.2092609281526
CLAHE,vid_000080_frame0000126.jpg,27.24326461320331,0.9147752799599553,106.15549221910612,90.96907407407407,26.457979444832045,3509.402783121797
CLAHE,vid_000080_frame0000132.jpg,28.07296980874699,0.9277144029923412,97.95025754500617,88.48824845679012,24.57701552565213,3378.8836478022954
CLAHE,vid_000081_frame0000020.jpg,28.91374729375878,0.9195675079968874,81.90468068018087,92.72466820987654,20.15228602963352,3008.403677082797
CLAHE,vid_000081_frame0000021.jpg,28.987160340873626,0.9379464756605499,79.04767486147551,92.49170524691358,19.68905644114898,2909.7053104504243
CLAHE,vid_000081_frame0000022.jpg,29.076344892615076,0.9238219388223051,82.08808676769974,92.21989969135802,20.297659218319353,3054.256040506342
CLAHE,vid_000081_frame0000023.jpg,28.863802734195918,0.9226481811624537,81.4337206872322,92.59969135802469,20.077818896312795,3104.9989263543575
CLAHE,vid_000081_frame0000026.jpg,28.700994527090696,0.9178921321542323,84.65963146989387,95.36775462962963,20.86708551943936,3038.7565277462827
CLAHE,vid_000081_frame0000029.jpg,28.87842791908148,0.9393624867883655,82.9355419373528,94.52111111111111,20.787798059153552,2885.3331143856094
CLAHE,vid_000081_frame0000030.jpg,28.443068340525922,0.9114180852009669,85.49753622895398,92.34214506172839,20.970818680715613,3193.5345416618443
CLAHE,vid_000081_frame0000031.jpg,27.929149193227992,0.9031876637125448,85.30689070260907,91.55864197530865,20.750162189048506,3365.8074694186653
CLAHE,vid_000081_frame0000032.jpg,27.878011361158986,0.8944804196103965,85.99451419002574,90.91885802469136,20.770723087672735,3328.614109308556
CLAHE,vid_000081_frame0000033.jpg,27.8980593211163,0.8969893529010875,86.70428925500921,91.97956018518518,21.03242038411106,3380.807808241824
CLAHE,vid_000082_frame0000001.jpg,26.749453606904574,0.9008827244591235,126.09708655545812,97.1579938271605,31.135208043722585,3688.43239939123
CLAHE,vid_000082_frame0000002.jpg,27.05445209620516,0.9205900040992718,123.98293021233529,97.02178240740741,30.88616588570553,3448.3266758996697
CLAHE,vid_000082_frame0000003.jpg,26.820608911101942,0.930297008638893,111.31225720263825,93.19253086419754,27.741667357825797,3533.8657056655215
CLAHE,vid_000082_frame0000004.jpg,26.257308160422525,0.9179283055762127,112.51712133491894,89.25006172839507,28.01035632983959,3702.1777146373934
CLAHE,vid_000082_frame0000005.jpg,25.948576845339883,0.9227460493707502,114.38752489519894,89.73231481481481,28.642452556804432,3786.8212678495556
CLAHE,vid_000082_frame0000006.jpg,26.86706728863314,0.9273882645143011,108.92974429366124,91.86429783950618,27.314387687415806,3299.519361277756
CLAHE,vid_000082_frame0000007.jpg,28.787776387372514,0.9451003991439286,101.2888778712162,94.33512345679013,25.78177634786682,2949.7901109375
CLAHE,vid_000082_frame0000008.jpg,28.70819681180716,0.9234239022673026,121.94685120752189,93.22597222222223,31.141399464841943,3172.8467191015093
CLAHE,vid_000082_frame0000009.jpg,26.49397433376121,0.9189212910924592,160.2449836184451,84.45215277777778,41.83215850675989,3207.580637584781
CLAHE,vid_000082_frame0000010.jpg,25.197045784280462,0.9139837997922613,160.3175103811656,79.02184413580247,41.87225162892135,3411.7016395554692
CLAHE,vid_000082_frame0000011.jpg,25.916131536965135,0.9189177710407658,155.72369225003806,78.53519290123457,40.57271112463293,3569.2535381038874
CLAHE,vid_000082_frame0000012.jpg,26.374809551132188,0.9201920748562943,155.76627037516846,76.70499228395062,40.63763478451434,3626.733557578875
CLAHE,vid_000082_frame0000013.jpg,24.379007793929507,0.9169877878822833,155.04150251708543,70.81755401234568,40.69355431948587,3415.624909850287
CLAHE,vid_000082_frame0000014.jpg,24.54462963035259,0.9038218928556714,155.8116083538884,77.15844135802469,40.58174654335256,3393.602021122685
CLAHE,vid_000082_frame0000015.jpg,24.771119631298358,0.9092744097020766,158.43544854150574,89.82868827160493,41.322799447079646,3074.268765831952
CLAHE,vid_000082_frame0000016.jpg,25.501830189694093,0.9078123158465651,156.75705809957898,93.18672067901234,40.735030628005816,3005.4124715277185
CLAHE,vid_000082_frame0000017.jpg,27.31000906605969,0.9298494154697504,128.747160561079,87.52681327160494,33.15043116769405,3266.4191068434698
CLAHE,vid_000082_frame0000018.jpg,27.64829590489271,0.9304474652066975,109.42301286292549,84.37403549382717,27.719980931085214,3437.0337491367072
CLAHE,vid_000082_frame0000019.jpg,25.599754386156242,0.9395764916153325,117.11773283121231,86.82433641975308,29.794807894862487,3633.1690181193208
CLAHE,vid_000082_frame0000020.jpg,25.244511894181244,0.8985660518573774,126.51860521467331,88.56635030864197,31.538401227036395,4125.809409464485
CLAHE,vid_000082_frame0000023.jpg,25.549546866321773,0.9230321138300105,125.290120706128,90.78051697530864,31.608402515933637,4046.536598865396
CLAHE,vid_000082_frame0000024.jpg,25.34118686812282,0.9015817982787047,127.71683770559929,91.90443672839505,31.914693325622412,4131.497334353566
CLAHE,vid_000082_frame0000025.jpg,25.638816070161838,0.9160214000102687,126.48029620212516,92.14692901234568,31.783894149355426,4137.855268601335
CLAHE,vid_000082_frame0000026.jpg,25.996744151655285,0.9292393723973253,118.78426514259786,91.104375,30.09314540908712,3690.100200496721
CLAHE,vid_000083_frame0000001.jpg,26.087401242899393,0.809534519613082,101.27932196154933,90.03802469135802,22.7649260177138,4966.899946821178
CLAHE,vid_000083_frame0000002.jpg,27.10969729595467,0.8556123743641963,91.93212485043901,89.59137345679012,21.284783071423753,3874.1387494960754
CLAHE,vid_000083_frame0000004.jpg,28.22570561425546,0.8853928184438805,88.11915128922844,91.10066358024692,20.850554131349906,3475.5512633101257
CLAHE,vid_000084_frame0000071.jpg,27.60741643573118,0.9161724729915486,110.45473556913612,89.47415895061728,27.677422532501758,3270.316902446213
CLAHE,vid_000084_frame0000073.jpg,28.142059685543018,0.9030481598194752,94.999370049578,93.90922067901235,23.23600683733138,3266.720931555546
CLAHE,vid_000084_frame0000074.jpg,28.650571280378976,0.9162939853577531,91.09961967423484,94.21895061728395,22.430561069363605,3084.123620625429
CLAHE,vid_000084_frame0000075.jpg,28.37001722554321,0.8993627711775009,93.04862312591095,94.09755401234568,22.68324924886821,3286.0021522290813
CLAHE,vid_000084_frame0000081.jpg,29.04959709841406,0.9255819990693467,88.8663099867151,95.2612037037037,22.05640596811071,2949.3258856352286
CLAHE,vid_000084_frame0000082.jpg,28.893961185814927,0.9302579754636824,88.84678656242804,94.51106481481482,22.10789167884295,3057.6469217640215
CLAHE,vid_000084_frame0000092.jpg,28.57104546559289,0.9412318741578886,87.69642872785973,92.54907407407407,21.988752015338292,3070.3654588667882
CLAHE,vid_000084_frame0000096.jpg,28.424444252927316,0.9388690905192414,86.8067451905084,91.35376543209877,21.65477782126124,3170.424320505401
CLAHE,vid_000084_frame0000097.jpg,28.275603542755007,0.9098098797791186,90.87064252098739,90.47168981481481,22.24555860269102,3258.9575687469037
CLAHE,vid_000084_frame0000098.jpg,28.539975305854156,0.9297619770728135,88.63447306089652,90.52792438271605,21.96382599474908,3147.6351760164225
CLAHE,vid_000084_frame0000124.jpg,27.533235198605528,0.8942356708268754,95.741485606686,89.00371141975309,23.071117775757944,3544.3034445870962
CLAHE,vid_000085_frame0000008.jpg,28.926885646643285,0.9041718244466109,102.66415631796104,106.22929783950617,25.386791634157056,3036.753428935185
CLAHE,vid_000085_frame0000009.jpg,29.029138018714082,0.9103810937817908,93.84072843744434,99.58709104938272,23.070125416955488,2874.6838425853884
CLAHE,vid_000085_frame0000015.jpg,28.559441000627267,0.9318717400020096,82.79065391196185,104.27625771604939,20.76812204061976,2932.5353317708336
CLAHE,vid_000085_frame0000019.jpg,27.406884149750283,0.9161484558712926,89.00972192436637,103.41466820987654,21.988704366564264,2897.128428935185
CLAHE,vid_000085_frame0000021.jpg,27.847396839494586,0.9164615752113555,87.04321527314613,104.36641975308642,21.448174592600452,2988.416322820216
CLAHE,vid_000085_frame0000022.jpg,27.56705286679608,0.9115645597124509,87.19267299756464,104.33131944444445,21.388556360036876,2983.857166094869
CLAHE,vid_000085_frame0000024.jpg,27.854092878529357,0.9101289635540155,87.50752063423718,102.53018518518519,21.471494510371567,3048.276130039009
CLAHE,vid_000085_frame0000027.jpg,28.083769820125227,0.915402447690663,87.88194650054822,102.62398148148148,21.649400147357383,3038.221533340418
CLAHE,vid_000085_frame0000031.jpg,28.156470622297448,0.9264284021190637,84.62942472610895,101.41954475308641,20.99941083336163,3010.4042417007227
CLAHE,vid_000085_frame0000033.jpg,27.423129898616047,0.9220220690916382,84.61892617000379,86.25181327160495,20.94434996181923,3302.3048351479747
CLAHE,vid_000085_frame0000034.jpg,27.00853593093607,0.9131979377090337,86.759762216435,86.23479166666667,21.364046634802232,3435.135410850992
CLAHE,vid_000085_frame0000035.jpg,27.30586443973273,0.9211557623392014,87.079478839483,85.31176697530864,21.562611970609737,3375.101699672068
CLAHE,vid_000085_frame0000041.jpg,26.888516609324505,0.9214110085687661,103.53877340818639,86.59652777777778,26.185522581799745,3094.3786006038886
CLAHE,vid_000085_frame0000043.jpg,27.861382079972827,0.9316254074656339,84.89321757288943,85.49938271604938,21.11096526824939,3354.48227712614
CLAHE,vid_000085_frame0000044.jpg,28.708650397825956,0.9301639019580509,84.00181068925028,83.95483024691357,20.883901513114246,3328.743277005637
CLAHE,vid_000085_frame0000045.jpg,29.18996097395035,0.9185269903856791,90.85581561491031,84.76068672839506,22.49036088089952,3310.9339502133816
CLAHE,vid_000085_frame0000046.jpg,28.68297113285101,0.9296346644886538,91.50639129909881,87.04614197530864,22.76887361039223,3146.491880423859
CLAHE,vid_000085_frame0000047.jpg,28.83949720053817,0.9212564487375942,88.88820145142287,85.95416666666667,22.02128104944492,3160.4410315784085
CLAHE,vid_000086_frame0000009.jpg,27.98741509685058,0.9508317205854665,87.60953190918758,91.6831712962963,22.372430829911536,3079.2886954044257
CLAHE,vid_000086_frame0000011.jpg,28.107030072968296,0.9411006936751282,88.18870208145013,87.72438271604938,22.31824721096121,3137.6371418702847
CLAHE,vid_000086_frame0000012.jpg,27.80873307502606,0.9352663424874246,88.97552804061513,84.10906635802469,22.417744595284866,3192.6191760282704
CLAHE,vid_000086_frame0000013.jpg,27.706554535019272,0.9355975710939727,90.36868674630963,84.24747685185186,22.777236388371353,3352.0524984138633
CLAHE,vid_000086_frame0000021.jpg,27.42126085532091,0.9280210356491653,97.54375350806363,85.80239197530864,24.554691610381166,3406.4381944439083
CLAHE,vid_000086_frame0000026.jpg,27.464663130972056,0.9542529125760112,92.90158931777559,81.88172839506173,23.80304653134015,3180.5537507429676
CLAHE,vid_000086_frame0000027.jpg,27.77166757468976,0.9514970830687292,91.22335795727548,83.80589506172839,23.262372769199306,3282.106908921801
CLAHE,vid_000086_frame0000061.jpg,27.640031045904287,0.94637873146778,81.26015060510873,89.8180401234568,20.433597481486885,3213.7641869164736
CLAHE,vid_000086_frame0000062.jpg,27.930156994288645,0.952686436500605,82.83149193357092,89.31158179012345,21.022064946802196,3094.8478252741106
CLAHE,vid_000086_frame0000063.jpg,27.77250484187251,0.9363403839619696,92.65688812948324,88.89958333333334,23.449254571304518,3205.702469598706
CLAHE,vid_000086_frame0000067.jpg,27.925074196873396,0.9353358341040421,91.3786651513911,87.91168209876543,23.06351621490607,3235.5528872527407
CLAHE,vid_000086_frame0000069.jpg,27.73874668094877,0.9319497225402108,91.79900739663414,89.08867283950617,23.13767153189053,3219.4959577926743
CLAHE,vid_000086_frame0000077.jpg,27.545553202399464,0.9368338150396355,100.00696706760495,84.18095679012346,25.384872676713343,3199.9094508787134
CLAHE,vid_000086_frame0000079.jpg,27.254736300348533,0.9411529370426673,101.98592889077702,83.46975308641976,26.02863799006867,3349.623661061576
CLAHE,vid_000086_frame0000082.jpg,27.048816611785874,0.9438756956484852,100.38207997845205,85.6683024691358,25.656071795150073,3278.889271146739
CLAHE,vid_000090_frame0000048.jpg,21.17592671468682,0.7709908223684064,180.44120793385684,121.68979166666666,40.414084462603185,5009.858370086913
CLAHE,vid_000090_frame0000049.jpg,20.758404850121444,0.7678678982215281,188.241181786287,122.26353395061729,41.87590898787244,7073.914772862131
CLAHE,vid_000090_frame0000050.jpg,20.93866695884721,0.7747149318448271,186.04556078756897,121.23006172839506,41.55578064402667,7689.831297392737
CLAHE,vid_000090_frame0000051.jpg,20.888727629608013,0.772676499493735,188.46908614201817,121.09533179012345,41.94679971089087,8558.407807741236
CLAHE,vid_000090_frame0000054.jpg,21.18681199198885,0.7826048025329154,182.3344616129042,119.15875,41.406609915975935,5388.2819119079
CLAHE,vid_000090_frame0000065.jpg,22.75783421929946,0.8056722465450911,168.98227677782828,108.04731481481481,38.89742186797173,5048.554038063699
CLAHE,vid_000090_frame0000066.jpg,24.12955138264288,0.8398681440547305,150.76569786793286,103.75574845679013,35.93317585014532,3834.1079497165424
CLAHE,vid_000090_frame0000068.jpg,26.738799444095342,0.8818359954220445,119.5005758395858,97.89057098765431,29.128379377641323,3339.2587291473765
CLAHE,vid_000090_frame0000073.jpg,24.992609198144468,0.8316848641946488,131.03778158352458,107.8519598765432,30.560894950430193,4101.626716528004
CLAHE,vid_000090_frame0000074.jpg,24.081870420853203,0.8326279777582285,146.31381092141598,108.00432098765432,34.33413582083629,4235.751737642652
CLAHE,vid_000090_frame0000075.jpg,23.399126282677866,0.8334225637673461,165.46009128192557,105.50610339506173,39.31183962057114,4247.012890500627
CLAHE,vid_000090_frame0000077.jpg,22.6129672396687,0.8168647285867344,172.90260543365326,98.58759259259259,40.49695629936936,4884.933525924973
CLAHE,vid_000090_frame0000079.jpg,22.224992625723388,0.8077441194653687,180.76005539556527,102.09568672839507,41.88643435087613,6180.85726548205
CLAHE,vid_000090_frame0000085.jpg,22.325158753930523,0.8147925128051589,172.61290875329448,101.70256944444445,40.198625093992185,6056.122689736166
CLAHE,vid_000090_frame0000086.jpg,22.207278938083093,0.8102849024340064,170.49992433054518,105.790625,40.01629101214447,4316.474611168208
CLAHE,vid_000090_frame0000087.jpg,21.416661319090768,0.7913992402968125,185.49621438454443,112.1129475308642,42.530453928612026,5243.076808641439
CLAHE,vid_000091_frame0000021.jpg,24.32930838485425,0.864483230270619,174.87810930318813,85.69844907407408,43.1905241243706,5317.773910991024
CLAHE,vid_000091_frame0000022.jpg,24.540714686196424,0.8632357350216976,174.81591203589286,85.70660493827161,43.143521961460074,5358.003404842476
CLAHE,vid_000091_frame0000035.jpg,23.528476380411934,0.8561683893087596,180.35033607316998,90.79240740740741,44.43298714551527,5260.575160586646
CLAHE,vid_000091_frame0000040.jpg,24.027080434624427,0.8631555354818272,178.44564964620386,88.51170524691358,44.11764105067364,5190.261974851157
CLAHE,vid_000091_frame0000041.jpg,24.506165227851216,0.8711828368505584,177.61475663090462,86.76191358024691,44.058368237717445,4796.070644160986
CLAHE,vid_000091_frame0000042.jpg,24.62119416297407,0.871479647916864,177.02460226565555,86.80692901234568,43.93018810906038,5190.962740200081
CLAHE,vid_000091_frame0000054.jpg,24.29129096033555,0.8617389954063516,178.35002714384953,89.32516203703703,44.04288457499925,5205.027597808011
CLAHE,vid_000092_frame0000002.jpg,24.98101310064447,0.8478657039648301,137.19389613563942,96.3872299382716,33.237682191769615,3867.944573525377
CLAHE,vid_000092_frame0000024.jpg,24.37465465496605,0.8542058520642709,148.60756170917944,93.84854938271604,36.28006153770498,4519.824248687735
CLAHE,vid_000092_frame0000049.jpg,25.02231590388448,0.8515617962767162,139.15399266947315,99.7132098765432,33.89034019942106,3890.83723025257
CLAHE,vid_000098_frame0000017.jpg,27.77295917906944,0.938784224651517,78.4167682504907,83.71213734567901,19.587813062873416,3158.7082206689506
CLAHE,vid_000098_frame0000018.jpg,27.709991469023564,0.9187085813508564,79.9909137423995,83.60473765432099,19.705299134354306,3283.1982656887653
CLAHE,vid_000098_frame0000020.jpg,28.011280821088707,0.9269693250089069,81.19984157375947,81.72368055555556,20.07900055544007,3234.7594243440767
CLAHE,vid_000098_frame0000021.jpg,27.896151386448047,0.9381544987390497,77.81724138567503,82.00898148148148,19.350499552033206,3209.9341251071073
CLAHE,vid_000099_frame0000007.jpg,21.832484532258807,0.766469460384557,166.43341766194277,136.43043209876544,38.54806951578169,3512.544648715897
CLAHE,vid_000099_frame0000009.jpg,21.834457132114583,0.7607420854541694,167.88303758470127,136.47716820987654,38.713184068023494,3784.8155086204824
CLAHE,vid_000099_frame0000012.jpg,21.7896063521367,0.7689366714828871,167.18259421339172,136.02185185185186,38.85055214699272,3597.363570651804
CLAHE,vid_000099_frame0000017.jpg,21.824638040328566,0.7799146368932418,166.2650585909341,135.0986959876543,39.187652433359965,2885.853967249419
CLAHE,vid_000099_frame0000019.jpg,21.45694666950471,0.7744014208393012,168.73068518843462,134.53201388888888,39.87888233106735,2678.227070673238
CLAHE,vid_000099_frame0000021.jpg,21.14085056934412,0.7648058985723414,181.54612232482546,131.88698302469135,42.136440604952035,3871.500280596934
CLAHE,vid_000099_frame0000022.jpg,21.41109540097839,0.7712520934725827,175.03995007422722,133.6854552469136,40.94972137176841,3127.3674228866003
CLAHE,vid_000101_frame0000005.jpg,22.725836464562292,0.8228536240621794,170.27862472305554,171.50820987654322,41.8403132793479,3013.5721037263274
CLAHE,vid_000101_frame0000006.jpg,22.017994320811308,0.8060837520599556,171.5053772282943,174.21966049382715,41.6780883146498,3392.2807934022417
CLAHE,vid_000101_frame0000007.jpg,21.648880797440775,0.809152087926749,170.76112602653072,178.51398919753086,41.575793927742446,3181.228588068642
CLAHE,vid_000101_frame0000008.jpg,21.17338932790304,0.7991189155966193,172.2933324030689,181.14945216049384,41.63961754060989,3576.0498388369124
CLAHE,vid_000101_frame0000009.jpg,21.16462238558968,0.8148657704083613,167.28463618739835,185.86567129629628,40.84286835684017,2934.3801264965323
CLAHE,vid_000101_frame0000010.jpg,20.769022105194317,0.8039202575871159,168.76097239231262,188.7436111111111,40.89812609938697,3288.1403382716053
CLAHE,vid_000101_frame0000011.jpg,20.546759352431906,0.8109452463521873,167.61069612457166,192.32398148148147,40.88690709508517,3069.671836991074
CLAHE,vid_000101_frame0000012.jpg,20.133361777256656,0.8074803375561412,171.05177947756036,194.9680864197531,41.77367148900781,3248.232950570606
CLAHE,vid_000101_frame0000013.jpg,20.20642013378982,0.8178559061789515,171.77067013938375,200.0757638888889,42.36453165373775,2982.2645580403496
CLAHE,vid_000102_frame0000001.jpg,21.18042741395648,0.8649538240057374,211.4583636358905,95.4915200617284,49.994074547080494,8581.40713048548
CLAHE,vid_000102_frame0000002.jpg,21.169194753493894,0.8669406331522894,211.1346814958048,95.5370138888889,49.96969640676612,8430.419553755084
CLAHE,vid_000102_frame0000003.jpg,21.21408906891283,0.8688791359691902,211.38639214173298,95.79225308641975,50.01591202224977,7998.937467633971
CLAHE,vid_000102_frame0000004.jpg,21.00621069356116,0.8734224584960358,215.8558039636693,97.34326388888888,50.51021854653407,7634.436915275634
CLAHE,vid_000102_frame0000006.jpg,20.972592359066105,0.865787612631109,211.82961326453653,91.81651234567902,50.08169935274251,5932.34037405401
CLAHE,vid_000102_frame0000007.jpg,21.213638577216273,0.8707733698990384,217.4523617290118,92.14820216049382,51.329447189444245,7081.098688194445
CLAHE,vid_000102_frame0000008.jpg,21.359286391893725,0.8764547467267693,218.96773652513028,94.67457561728395,51.25173365229898,8270.779128299266
CLAHE,vid_000102_frame0000009.jpg,21.362516701719496,0.8735164730520079,219.46437430412297,95.81177469135802,51.64570336602512,6455.2834119646395
CLAHE,vid_000102_frame0000010.jpg,21.72623933429598,0.873451405561977,219.2243225247396,95.23591049382716,51.414250293823585,7097.57985060871
CLAHE,vid_000102_frame0000030.jpg,22.258782115962656,0.8781266342894637,213.70566759826488,94.47033179012345,50.40076240771368,7433.146288674554
CLAHE,vid_000102_frame0000033.jpg,21.695255481331213,0.8812874246401788,211.26807888433154,98.72711419753087,50.052384990281475,7159.376195271716
CLAHE,vid_000102_frame0000035.jpg,21.47852112672993,0.8814816439936353,230.15166434694174,106.1475462962963,52.721652512707685,12404.55561413442
CLAHE,vid_000103_frame0000004.jpg,21.903352660115196,0.8016447124434359,187.0830787471105,114.9518287037037,43.44965444273268,6696.449079222334
CLAHE,vid_000103_frame0000005.jpg,22.249489677015543,0.8162839192124113,183.3051330377585,114.14349537037037,43.143857517450726,5340.468155280671
CLAHE,vid_000103_frame0000006.jpg,22.374006139340736,0.8273437598455405,179.97463339420563,112.52461419753087,42.65454901354236,5141.261453723648
CLAHE,vid_000103_frame0000007.jpg,22.434104625203034,0.8242825097527119,184.02680757798868,110.50350308641976,43.49636766528976,5952.3214444086625
CLAHE,vid_000104_frame0000007.jpg,25.164537318173664,0.8286876723126116,170.31261133038387,116.75893518518518,42.46405039591328,4099.479489766173
CLAHE,vid_000105_frame0000006.jpg,21.47508706534753,0.6998764581563335,216.77675273608867,68.0744212962963,53.65386573857358,2893.082567672834
CLAHE,vid_000105_frame0000007.jpg,20.94532874764838,0.6899454727204084,226.08352922162504,68.21069444444444,55.087860748376876,5495.03907428141
CLAHE,vid_000105_frame0000008.jpg,21.362161499174796,0.6954850076598884,226.8742545588665,70.05545138888888,55.35731014287618,4358.165563869598
CLAHE,vid_000105_frame0000009.jpg,22.824892125548075,0.7105138466850796,224.17741596278546,71.67862268518519,55.12111562657108,3112.675966384247
CLAHE,vid_000105_frame0000010.jpg,21.838256273731055,0.6969239765095133,231.8093529961983,71.84770833333333,55.98661826993857,3462.8374241307392
CLAHE,vid_000105_frame0000011.jpg,21.16722765223292,0.6894518712183714,230.8155855363602,71.3462962962963,55.53662651287641,3035.449332641267
CLAHE,vid_000105_frame0000012.jpg,20.602172411631578,0.6841904840974897,236.30265826549703,71.47055555555555,56.67586231488501,3349.1651603566524
CLAHE,vid_000105_frame0000013.jpg,20.519146880589325,0.6856509170442946,236.3671906779239,71.98948495370371,57.2397957050029,2754.553860929965
CLAHE,vid_000105_frame0000014.jpg,20.723354983639844,0.6898811251609381,232.32392906518442,73.37293981481481,57.66677205085175,1987.1286164929218
CLAHE,vid_000105_frame0000017.jpg,19.837720467840246,0.6883331104395993,248.9826655110169,75.8753587962963,60.81471211755186,2916.555547858763
CLAHE,vid_000105_frame0000023.jpg,20.32545526115232,0.6990623253123761,259.7794947729867,79.3491724537037,63.47635409212675,2862.284750392199
CLAHE,vid_000105_frame0000030.jpg,19.861030318434125,0.7004506963252534,266.6894625830443,80.2796875,65.1667324125452,3278.305432082657
CLAHE,vid_000105_frame0000033.jpg,20.198000373726423,0.7045794963823885,262.7199176099359,79.77098379629629,64.61826505635428,2723.8427150036637
CLAHE,vid_000105_frame0000037.jpg,20.133248440857507,0.6973238950867072,257.2848849484223,78.04009837962963,62.81405517506904,2715.8503585003805
CLAHE,vid_000105_frame0000039.jpg,22.015562907066766,0.7047682021085474,232.95505026996472,73.42418402777778,56.44585905319513,3571.4580283049067
CLAHE,vid_000105_frame0000040.jpg,21.83743755230001,0.7002365817533999,223.28144146077864,70.91268518518518,54.564877212334935,3704.8085998358997
CLAHE,vid_000105_frame0000042.jpg,21.602110805431266,0.7012344333018753,236.97109157307318,71.82905092592593,57.84916960996261,6079.920323304847
CLAHE,vid_000105_frame0000044.jpg,21.560316364054945,0.7004259516725974,239.48529739586155,72.60511574074074,58.404497200760495,6262.538946345293
CLAHE,vid_000106_frame0000009.jpg,29.61227598132727,0.8044160613898835,178.52427579634383,70.82082175925926,47.45875160064135,1592.0120461588208
CLAHE,vid_000106_frame0000010.jpg,29.61084454755323,0.79973838493395,179.1847323571642,70.89607638888889,47.539800195844656,1588.6854575595853
CLAHE,vid_000106_frame0000011.jpg,29.675196932996748,0.8003013637646053,183.31180316676517,72.23783564814815,48.70701401540709,1589.7629423734352
CLAHE,vid_000106_frame0000012.jpg,29.458947676471958,0.7933450667420591,189.44388946237373,74.44251736111111,50.26605171490481,1610.0742966263383
CLAHE,vid_000106_frame0000013.jpg,29.29456117254191,0.7958253658674966,192.8342867488488,75.8537962962963,51.26464437959082,1583.6178065923998
CLAHE,vid_000106_frame0000014.jpg,29.509788220054183,0.7968350169550543,190.80143613649443,74.87721064814815,50.67859569546063,1610.9333214168262
CLAHE,vid_000106_frame0000015.jpg,29.535524079983055,0.7999960456721057,188.05520942733804,74.04524305555556,49.988934208919694,1580.3635408371576
CLAHE,vid_000106_frame0000026.jpg,29.440887935228677,0.8011031011341312,190.05722798920232,74.94084490740741,50.64988296327583,1496.5905650074146
CLAHE,vid_000106_frame0000027.jpg,29.404159611083443,0.7981052405955339,191.5438760921557,75.16556712962964,51.00382469797615,1521.438945207476
CLAHE,vid_000106_frame0000028.jpg,29.08270293645948,0.7920771742173618,190.5068009431711,74.48369791666667,50.56797840788771,1586.7544780380604
CLAHE,vid_000106_frame0000029.jpg,29.300363824640332,0.7987155024772438,187.9864152914095,73.6875,49.98295467558768,1553.127252168933
CLAHE,vid_000106_frame0000030.jpg,29.473628210576535,0.7946564008765721,181.73150695436576,71.30537037037037,48.178219984567136,1569.9774545138553
CLAHE,vid_000106_frame0000031.jpg,29.339924274281334,0.7993820456643351,178.63437523840994,70.16213541666667,47.41478018435535,1621.0892573623635
CLAHE,vid_000106_frame0000032.jpg,29.339033801063717,0.7972677503831013,178.3396422608872,70.39458333333333,47.28928981606587,1601.5639981585634
CLAHE,vid_000106_frame0000033.jpg,29.583757870819355,0.804530091728488,175.19405696377385,69.48,46.54047265950756,1605.0954099708506
CLAHE,vid_000106_frame0000034.jpg,29.50321828513875,0.8033324978879719,170.31511997959794,67.79355324074074,45.12118605113919,1672.7394524256995
CLAHE,vid_000106_frame0000035.jpg,30.387991299822346,0.8041913754963489,168.2637452088816,67.07668402777777,44.598149852368635,1645.7175108948675
CLAHE,vid_000106_frame0000036.jpg,30.041418765583202,0.8098689842367953,168.14791083522945,67.48199652777778,44.66980360507228,1594.493423148148
CLAHE,vid_000107_frame0000001.jpg,22.52429283029604,0.7208375770842231,175.56383561495238,60.36788194444444,44.33003836862586,2185.57902884272
CLAHE,vid_000107_frame0000003.jpg,22.591153000521302,0.7336079419140501,175.78672789725368,60.92939236111111,44.61349456905592,2046.0993002180855
CLAHE,vid_000107_frame0000005.jpg,22.35391049868337,0.7334442481438853,178.81846628476202,61.60160300925926,45.3544514075152,2109.4580392384887
CLAHE,vid_000107_frame0000007.jpg,22.018885871141816,0.72836515392747,179.85334136973106,62.16136574074074,45.5348427131634,2115.1713285011238
CLAHE,vid_000107_frame0000010.jpg,21.84305444582788,0.7219983857037464,182.38287562445544,63.50136574074074,46.109726322769234,2142.2137860668713
CLAHE,vid_000107_frame0000012.jpg,21.889726813652295,0.7272473351198666,183.73458893206404,64.54807291666667,46.60313847139023,2119.918626048599
CLAHE,vid_000107_frame0000014.jpg,22.136219246086295,0.7304329518454363,186.16002622552793,65.24919560185185,47.19652939047236,2115.166516514456
CLAHE,vid_000108_frame0000008.jpg,25.951215854975178,0.7718972151847064,218.26794715189234,79.57814814814814,57.38817602114226,1688.916100612428
CLAHE,vid_000108_frame0000009.jpg,26.06989264306649,0.7778358275368582,216.25368036888338,78.96478587962963,56.98615474729273,1546.875722003065
CLAHE,vid_000108_frame0000010.jpg,25.73647618769948,0.7690778615238258,216.57101297647165,78.89469907407407,56.87849388659647,1677.4060356433256
CLAHE,vid_000108_frame0000011.jpg,25.553606821904165,0.7721114813351893,217.37567948931107,79.2554224537037,57.17561100962409,1681.6057676343544
CLAHE,vid_000108_frame0000012.jpg,25.147183837929976,0.7695145485757866,218.3677370652949,79.45407986111111,57.31306194561223,1720.362305519085
CLAHE,vid_000108_frame0000013.jpg,25.37569674225123,0.7733729797988517,218.65494595553946,79.88826967592593,57.55114562195523,1579.8667779866203
CLAHE,vid_000108_frame0000023.jpg,24.573889168536297,0.7585805241648238,240.5913210430141,85.39785879629629,62.79286150561539,1973.3897917951338
CLAHE,vid_000108_frame0000024.jpg,24.786405919915925,0.7537879676087041,239.37081330820573,84.82688078703704,62.3802601201275,1931.1598652785478
CLAHE,vid_000108_frame0000025.jpg,24.92030271759376,0.761932084509108,234.9542516134525,83.31053240740741,61.36434247962968,1914.7348494834532
CLAHE,vid_000108_frame0000026.jpg,25.243084671864242,0.7629812425924771,231.12406476467618,82.13495949074074,60.33320372960855,1909.3038584008154
CLAHE,vid_000108_frame0000027.jpg,25.248936136924147,0.7653127665102213,230.59251757616101,82.04817708333333,60.2487944557133,1896.9347082463937
CLAHE,vid_000108_frame0000028.jpg,25.330943274925133,0.7578863993835285,231.15563190806603,81.79247106481482,60.15942990897223,1952.5464967809273
CLAHE,vid_000108_frame0000029.jpg,25.549147747792862,0.7731712080350436,226.18541331786093,81.01329861111111,59.15428261631313,1786.0973969904396
CLAHE,vid_000108_frame0000030.jpg,24.964515543179886,0.7655927007488691,234.67786272948626,82.66112847222222,61.18058281465914,1880.1445191850992
CLAHE,vid_000108_frame0000031.jpg,24.649604942083833,0.7729758329734117,237.01396725105494,83.01307291666667,61.86574647735774,2005.9007739483868
CLAHE,vid_000108_frame0000038.jpg,23.810154526018614,0.7771587308011632,275.7664811035781,90.70410300925926,71.9826530949731,1786.2491587565105
CLAHE,vid_000108_frame0000039.jpg,23.570154220574793,0.7759939335556928,268.93575355339055,86.34481481481481,69.98292609869979,2207.2664349258403
CLAHE,vid_000109_frame0000004.jpg,24.934623527130142,0.7763838404930307,191.3259110431708,54.312280092592594,49.28010540790412,2294.296155462186
CLAHE,vid_000109_frame0000017.jpg,26.542414334568846,0.7887802993164268,148.52776889936493,52.61699652777778,38.81427842895751,1790.1046632667824
CLAHE,vid_000109_frame0000018.jpg,26.640922103707698,0.7875128610419581,147.015244453734,51.96114583333333,38.280960080771024,1837.305989925733
CLAHE,vid_000109_frame0000019.jpg,26.779656618496897,0.7967226022450484,146.31620959590487,51.23905092592592,38.16705674263545,1848.2565267166872
CLAHE,vid_000109_frame0000020.jpg,26.58409632924687,0.7871514456899585,148.51834818002897,51.65096064814815,38.672135930884195,1788.1382695818527
CLAHE,vid_000109_frame0000021.jpg,26.64679945902825,0.7903736510267757,147.28085959796078,51.83810185185185,38.37648331804253,1840.3392764515486
CLAHE,vid_000110_frame0000018.jpg,26.35880304778924,0.868796716277297,114.56370543856606,114.48663580246914,28.472366510909445,2567.9023733852855
CLAHE,vid_000111_frame0000007.jpg,26.773811850577317,0.8908807896723002,104.77681257967001,111.09970679012346,26.09450441008327,2188.429085476442
CLAHE,vid_000111_frame0000008.jpg,25.79136693047989,0.8724359470506142,117.21037189099975,110.45395061728395,28.900834226030987,2364.3579748885463
CLAHE,vid_000111_frame0000009.jpg,25.752522202677504,0.8735462820110046,113.61691117504199,111.14533179012345,28.11670312130354,2192.6442224907955
CLAHE,vid_000111_frame0000010.jpg,25.293792919765398,0.8566129226467446,116.96726678629778,108.56717592592592,28.437077383427173,2530.90849849674
CLAHE,vid_000111_frame0000011.jpg,25.27942626128539,0.8735535845380301,114.6421273622954,108.50523148148149,28.13770542277323,2326.1504824128847
CLAHE,vid_000111_frame0000012.jpg,25.76261740953283,0.8659417699559832,109.18066850726568,107.35299382716049,26.553329642646947,2443.034048250969
CLAHE,vid_000111_frame0000013.jpg,26.459527089133623,0.8905519814118964,97.74250258123195,105.96311728395062,23.935306599476345,2253.0677758225097
CLAHE,vid_000112_frame0000005.jpg,18.08456410036435,0.8130708047999297,235.47243876948198,128.16809606481482,54.853875031592004,1674.8866164855203
CLAHE,vid_000112_frame0000015.jpg,21.879262574331214,0.8365695736220017,170.48721020086097,127.87153935185185,41.09862998629962,803.8485117262518
CLAHE,vid_000112_frame0000016.jpg,21.128568250727145,0.8124164784689555,178.47683866709272,128.5812789351852,42.57581394508562,971.2272638533898
CLAHE,vid_000112_frame0000017.jpg,21.332409198358505,0.8100837371662116,180.99866478353425,129.69225694444444,42.968224480947434,914.8539857380348
CLAHE,vid_000112_frame0000018.jpg,21.31692070998826,0.8071227129636438,183.5939957811882,130.05162037037036,43.30573490445741,1083.507528034946
CLAHE,vid_000112_frame0000019.jpg,21.351009638335412,0.8038576135336911,182.4378846852807,130.43701967592594,42.961953761191765,1010.9593086226852
CLAHE,vid_000112_frame0000020.jpg,21.34767566058649,0.8035963511223655,183.8760511168423,130.09377893518518,43.2336647132659,1090.1773750855998
CLAHE,vid_000112_frame0000030.jpg,19.096404738492975,0.8380262469655549,232.3790286651889,126.76633680555555,56.74522079633249,1406.2761213970336
CLAHE,vid_000112_frame0000031.jpg,18.738452574783615,0.8278781533228762,233.52545276330693,119.02161458333333,55.75872026704923,1861.5069051809724
CLAHE,vid_000112_frame0000032.jpg,18.716458392490782,0.817607730911277,232.4489755387711,115.26771412037037,55.04106591254064,2096.118345232627
CLAHE,vid_000112_frame0000033.jpg,18.660290326493588,0.817740645934871,235.8701687557662,118.99888888888889,55.99476867650944,1992.0053695130314
CLAHE,vid_000112_frame0000034.jpg,18.60913180263754,0.8182066361324606,240.24960637850262,125.2337326388889,57.18911886862906,2003.0962203719446
CLAHE,vid_000112_frame0000035.jpg,19.806151493699364,0.8442800059761645,202.92712503172407,129.70781828703704,49.36288570546382,1048.3215569331585
CLAHE,vid_000112_frame0000036.jpg,19.318710227484075,0.8523349710735895,196.8953674089167,134.9244965277778,47.86239510511258,1077.4985784945934
CLAHE,vid_000112_frame0000038.jpg,20.719313832531377,0.8286003807481331,214.7406332302704,127.30514467592593,51.927083237288706,842.9985324502743
CLAHE,vid_000112_frame0000039.jpg,20.994470591639054,0.8301429585544854,200.31939515140587,134.06980902777778,48.802236312086684,767.1294917775515
CLAHE,vid_000112_frame0000040.jpg,20.315946124101675,0.8170638815782344,206.14362328536492,137.65327546296297,49.46791833231365,901.6586721586922
CLAHE,vid_000112_frame0000041.jpg,20.34373187209503,0.8159620710754055,207.38900497988644,137.31576388888888,49.644281790179726,975.334375293873
CLAHE,vid_000112_frame0000042.jpg,20.29076596849686,0.8155273018825383,207.63735090118155,137.51891782407407,49.82086604066471,923.0078968105656
CLAHE,vid_000112_frame0000043.jpg,20.3211950551063,0.8164842422388411,207.57231861682732,138.5823726851852,49.91731853052377,905.6344500720367
CLAHE,vid_000112_frame0000044.jpg,20.467985094480383,0.8202058877882245,201.642024946805,139.09890625,49.1244518978754,820.5794675624519
CLAHE,vid_000112_frame0000045.jpg,20.57276532425256,0.8238883740550978,199.36556511611857,139.2698263888889,48.84178711162089,759.0510980318716
CLAHE,vid_000112_frame0000056.jpg,18.404801696149185,0.83543335416195,225.89254187964636,122.76836226851852,53.774669792779434,1589.4243396601923
CLAHE,vid_000112_frame0000057.jpg,19.032192869778825,0.8355618870150757,224.59120980090515,119.53195023148149,53.09486463377606,1682.2660745068963
CLAHE,vid_000112_frame0000058.jpg,19.082509317565517,0.8334136182839158,220.7998310538154,118.04160300925926,52.24905556451776,1644.9249930046174
CLAHE,vid_000115_frame0000040.jpg,22.93536711166645,0.855654062335085,191.4309644276753,96.82922067901235,48.334426802867895,4120.402825124254
CLAHE,vid_000115_frame0000041.jpg,22.40476688364513,0.8643729284480259,208.2516451299477,108.35739197530864,52.50182582939787,4163.003610425181
CLAHE,vid_000115_frame0000050.jpg,21.597469014042254,0.8749829644686623,235.19432736309864,120.46736111111112,57.323345648242395,5223.11126530058
CLAHE,vid_000116_frame0000001.jpg,25.90447366003973,0.8707836299643015,92.31291198643113,85.47810185185185,22.27660080242526,3119.0571600174685
CLAHE,vid_000116_frame0000002.jpg,26.286193220600758,0.9091197653768596,88.85543858932238,85.10898148148148,21.908088510239697,2957.6465077845764
CLAHE,vid_000116_frame0000003.jpg,25.97914258498653,0.895974909632943,90.09268528867649,85.21073302469136,21.953143084389133,3122.162020421573
CLAHE,vid_000116_frame0000020.jpg,25.146453381098624,0.8753055570373144,96.25302669967895,82.25305555555556,23.220464578287004,3279.6991319915387
CLAHE,vid_000116_frame0000021.jpg,25.325006322896254,0.8888873014213203,94.82870595072757,82.1254938271605,23.058832258518756,3238.451960388804
CLAHE,vid_000116_frame0000029.jpg,25.14978037791909,0.8879906220329025,102.00025364122384,80.56198302469136,25.027177833844398,3231.1184934794023
CLAHE,vid_000116_frame0000030.jpg,24.74493145230655,0.8726980392273331,103.32857456415164,81.0696450617284,25.112310287196568,3317.4763853518307
CLAHE,vid_000116_frame0000032.jpg,24.96787178502789,0.8701765607383356,142.39005518316498,94.33662808641975,35.703707069529095,3406.4978604166668
CLAHE,vid_000116_frame0000041.jpg,25.158058335284522,0.8911009826674506,133.56091982093707,87.58872685185185,33.73012557600284,3400.7655281147595
CLAHE,vid_000116_frame0000066.jpg,24.54877342196162,0.8788170780627652,140.56806686277966,86.25439043209876,35.178514109502984,3687.696096775453
CLAHE,vid_000117_frame0000011.jpg,25.72150301274345,0.8317746682219371,97.94913311528416,100.99077932098766,22.865264234152143,3182.8128446416326
CLAHE,vid_000117_frame0000013.jpg,25.81341466445684,0.8406308232077974,96.95040808096483,100.91468364197532,22.760480501568136,3096.6140575245176
CLAHE,vid_000117_frame0000014.jpg,26.641919305712968,0.9205990308030018,86.28923860813757,98.90489197530864,21.39540587918921,2701.8635327501047
CLAHE,vid_000117_frame0000016.jpg,26.80930434161256,0.9344191144641049,85.73251830013753,99.14239197530864,21.37464502240937,2788.481092245847
CLAHE,vid_000117_frame0000018.jpg,25.212606108354155,0.8209324611346577,99.64674085905854,101.65019290123456,23.15140626064657,3340.036476817558
CLAHE,vid_000119_frame0000001.jpg,26.762089987386833,0.8427560866870724,100.2900500680301,113.33932098765432,24.241032454852537,3197.313492964999
CLAHE,vid_000119_frame0000003.jpg,27.52794038296392,0.9388293406290075,88.00712156152424,112.0579475308642,22.24661765352069,2798.6968374464163
CLAHE,vid_000119_frame0000004.jpg,26.7524132817061,0.8325123273670368,105.17285856891192,115.33780864197531,24.948901287328535,3346.679994445814
CLAHE,vid_000119_frame0000017.jpg,27.07955299997667,0.8871147785787011,96.79874621161679,108.56254629629629,23.63510006843149,2795.812244547265
CLAHE,vid_000119_frame0000018.jpg,26.89869223377989,0.8841795127858578,98.73105664420683,108.0992901234568,24.090821970198093,2918.5437761621706
CLAHE,vid_000122_frame0000022.jpg,24.55567234022471,0.8823597559782007,233.9766002274334,115.82508487654322,61.262779206622184,4047.982250552448
CLAHE,vid_000123_frame0000023.jpg,24.361923146191916,0.8545832496190552,185.53561996707873,96.11247685185185,48.291813698121686,3345.253714220155
CLAHE,vid_000123_frame0000024.jpg,24.174413348164943,0.8359039915032991,191.6994301770902,99.36572530864197,49.548207862707066,3547.147260602185
CLAHE,vid_000123_frame0000025.jpg,24.362751286140963,0.8460268258235905,194.53132195274753,102.8505401234568,50.45677612991456,3419.3654476735155
CLAHE,vid_000123_frame0000026.jpg,24.4299605493619,0.8509998389928984,194.55026733546737,103.62540895061728,50.550938260479974,3352.974130825082
CLAHE,vid_000123_frame0000027.jpg,24.07428377130295,0.8412418504566549,195.13472334902727,103.47783950617284,50.568499285856056,3498.1698367097597
CLAHE,vid_000123_frame0000028.jpg,23.94932621965934,0.8343903907702144,196.16392587891065,103.75013888888888,50.70561574000755,3586.7128004436727
CLAHE,vid_000123_frame0000029.jpg,24.14825267918511,0.855275060189712,194.21846217547298,106.14138888888888,50.60509471420788,3242.0572044922174
CLAHE,vid_000123_frame0000030.jpg,24.222225615462744,0.8309652089879499,196.62921735745087,108.5184336419753,50.651521856442606,3591.973929360937
CLAHE,vid_000123_frame0000043.jpg,24.029029630102407,0.8499939945781808,186.70064284735275,98.6364274691358,48.55183591031049,3231.2890512683252
CLAHE,vid_000123_frame0000044.jpg,24.126746476813096,0.847843476821781,192.22162381955528,101.05117283950618,49.99207256767919,3303.707544750943
CLAHE,vid_000126_frame0000013.jpg,25.57365173567398,0.9011099566486994,177.62575977835206,99.73816358024692,46.55020345486463,3251.297016756152
CLAHE,vid_000126_frame0000014.jpg,25.164598646912864,0.887927073589747,178.43477266177644,97.74104166666666,46.55106250688451,3360.5267876826606
CLAHE,vid_000126_frame0000015.jpg,25.30973649732421,0.8996963046281246,180.6947540698915,98.58415895061728,47.41887631367152,3267.9839771888333
CLAHE,vid_000126_frame0000025.jpg,24.804681753085372,0.9161428605230726,153.72794510646094,98.54242283950617,39.9900146447878,3152.3179684413585
CLAHE,vid_000127_frame0000035.jpg,27.021515661790595,0.9477889169647561,127.56161136418245,92.43435185185186,33.13781052841212,2861.342639883402
CLAHE,vid_000127_frame0000036.jpg,27.215485602088894,0.9509677164867708,138.19158637513266,97.48913580246914,36.2092170227597,2893.9437318527566
CLAHE,vid_000127_frame0000037.jpg,26.677536828150895,0.9404748988852448,145.47939951893272,98.10398148148148,38.07751320563862,2952.2972185522763
CLAHE,vid_000132_frame0000014.jpg,26.119682666156425,0.9062930168720761,130.78222192688793,100.47979166666667,32.734091069807846,3502.3975457416454
CLAHE,vid_000132_frame0000015.jpg,26.522418293610784,0.9057102027739689,133.97087151889045,101.77177469135802,33.60318106081664,3418.7864523260077
CLAHE,vid_000132_frame0000016.jpg,25.99679957283098,0.9089499974758609,138.89784325173548,105.04644290123457,34.946778700099316,3544.04863521037
CLAHE,vid_000132_frame0000040.jpg,22.799754207650604,0.8709653546470246,184.5842668807408,115.47081790123457,45.56409876137106,4423.855462762679
CLAHE,vid_000132_frame0000041.jpg,23.230168371286833,0.8734753356004644,185.26559624450698,112.64983796296296,45.93049249874693,4377.980237744819
CLAHE,vid_000132_frame0000044.jpg,25.20526229249644,0.9029459125783346,148.58113825728233,101.37628858024691,37.707844025350724,3436.883694648063
CLAHE,vid_000132_frame0000045.jpg,25.04349497680419,0.8897798269423309,150.65129146653024,105.65374228395062,37.870185458265965,3684.944473336525
CLAHE,vid_000132_frame0000046.jpg,24.948529205112816,0.9060006485222653,156.81691204677034,111.18449845679012,39.85196405477584,3360.547459980793
CLAHE,vid_000132_frame0000047.jpg,24.902026982152673,0.9026381729805794,167.89052447013765,116.3668287037037,42.58513056986859,3822.935655835381
CLAHE,vid_000132_frame0000048.jpg,24.344154031184303,0.9067735664316708,171.59990896776617,116.16131944444444,43.76917906726181,3615.1245526948424
CLAHE,vid_000132_frame0000049.jpg,24.683054843709293,0.909007463793044,174.13141942064743,116.61519290123456,44.68857760378849,3455.0171686861763
CLAHE,vid_000132_frame0000050.jpg,24.828797438929485,0.9102161488692474,174.48232523475417,116.16783950617284,45.01915137354318,3452.072613167236
CLAHE,vid_000132_frame0000051.jpg,25.843123556911337,0.9186582557777984,165.76813995669124,111.4414274691358,43.284797905875166,3215.5186525848167
CLAHE,vid_000132_frame0000092.jpg,26.472212046742733,0.928921002455192,143.8274075638303,116.78439814814814,37.044834328275506,3211.961240890239
CLAHE,vid_000132_frame0000093.jpg,25.848042512740648,0.902114796340157,137.7299515102458,107.8693287037037,34.83159375436493,3375.6127988966527
CLAHE,vid_000132_frame0000094.jpg,25.821171101992825,0.9245413586548032,129.67643103059586,102.10492283950617,32.90186437680021,3277.826980838418
CLAHE,vid_000132_frame0000098.jpg,26.67008745967184,0.9216081827935731,129.88459169292906,102.12117283950617,32.479652118070284,3614.8181728823133
CLAHE,vid_000132_frame0000099.jpg,26.29874158602562,0.9087586321830537,140.0283593190288,109.51933641975309,35.017285363817386,3591.2897530290256
CLAHE,vid_000132_frame0000100.jpg,26.06214433804083,0.923564854345931,147.11975968423278,112.55895833333334,37.20484249098668,3505.5535306426586
CLAHE,vid_000132_frame0000101.jpg,26.190589546954563,0.9088831022156111,149.34219592797973,114.10121913580247,37.7010344079216,3548.729240418703
CLAHE,vid_000132_frame0000111.jpg,25.155365648758,0.9064156771467502,171.7005905359885,118.98152006172839,43.91136561763323,3949.7125098155766
CLAHE,vid_000132_frame0000112.jpg,24.601332682409826,0.9068521831443223,172.68058876037813,115.7779861111111,44.00194554080933,3973.5113861448685
CLAHE,vid_000138_frame0000014.jpg,24.695934312759388,0.823798453277448,278.02327759843644,104.33824845679013,72.73876834104082,3036.1926341591766
CLAHE,vid_000138_frame0000017.jpg,24.803163021751622,0.8353364614002667,274.9457692894017,102.59167438271605,71.96234176876536,2963.467206861509
CLAHE,vid_000138_frame0000018.jpg,24.71117518218238,0.8232858895492168,274.36595759553643,102.2105401234568,71.64811695779,3052.6162381043646
CLAHE,vid_000138_frame0000019.jpg,24.783808692647735,0.8302700091275593,273.75966157823467,102.19595679012346,71.63141141242718,2925.6398552469136
CLAHE,vid_000138_frame0000020.jpg,24.61052122143797,0.8191444253074053,273.21866157928406,101.9632175925926,71.31759170255286,3053.407523423866
CLAHE,vid_000138_frame0000021.jpg,24.90305298576137,0.8393911374937879,273.58733985574884,102.20962191358025,71.59949469405123,2998.0227793971953
CLAHE,vid_000138_frame0000022.jpg,24.95294858853876,0.8495611821252916,273.3559491166631,102.81847993827161,71.67278347822536,2812.8266178819445
CLAHE,vid_000138_frame0000023.jpg,24.92541961290652,0.8547807001646586,271.5345543127426,102.90297839506172,71.30884336717102,2711.9353753655596
CLAHE,vid_000138_frame0000024.jpg,24.681472845254646,0.8300689429771594,271.94756102224324,102.73273148148148,70.95999200737805,3042.653323765432
CLAHE,vid_000138_frame0000027.jpg,24.80229737122103,0.8322583232748615,274.14539672093736,101.35717592592593,71.69234759118798,2944.833672267709
CLAHE,vid_000138_frame0000028.jpg,24.59205721990503,0.8229827603383199,273.6574260961848,101.11704475308642,71.38309409836926,3071.919487036977
CLAHE,vid_000139_frame0000005.jpg,25.71546664616995,0.9367444897331035,142.56724788959997,119.62672839506173,36.969594886700136,3165.3918803983174
CLAHE,vid_000139_frame0000006.jpg,25.106025080789834,0.924096968155874,145.92994965159494,128.34719907407407,37.44109427842521,3068.689524840857
CLAHE,vid_000139_frame0000007.jpg,24.859538325230037,0.917753983668599,138.37068557865348,124.44539351851851,35.31036678795735,3038.390887345679
CLAHE,vid_000139_frame0000008.jpg,24.884867305582475,0.9108653338968358,134.55563064282046,123.79810956790124,34.26244215484239,2961.8390068577582
CLAHE,vid_000139_frame0000009.jpg,24.83108867758036,0.8968447319872433,137.19801613637284,124.74456018518518,34.65197367859434,2996.619997413635
CLAHE,vid_000139_frame0000010.jpg,24.52328257286932,0.8694163805301156,140.7410586022686,125.19087191358025,34.956540412403,3282.9317980393134
CLAHE,vid_000139_frame0000011.jpg,24.86438319889551,0.8835152235353996,140.27468870095362,124.96808641975309,34.979262816737695,3251.6918432326797
CLAHE,vid_000139_frame0000012.jpg,24.577038205839052,0.8693296265863504,142.8180254013854,124.98881172839506,35.393597473364146,3395.875581956768
CLAHE,vid_000139_frame0000013.jpg,24.66199933506029,0.8929118319717574,140.5368709860635,124.76128858024691,35.21119964059283,3242.882303262115
CLAHE,vid_000139_frame0000014.jpg,24.40951350743468,0.8681758777945108,142.2996327082446,125.08925925925926,35.3145723961848,3443.339684384765
CLAHE,vid_000139_frame0000015.jpg,24.754429020223508,0.8795667165665849,138.46706540033784,124.37563271604938,34.48080847586166,3408.2435673332475
CLAHE,vid_000139_frame0000026.jpg,26.661841890844826,0.9258059749818681,118.8840813663796,125.58744598765432,30.19032873087432,3299.349096507714
CLAHE,vid_000140_frame0000001.jpg,26.790656605379976,0.8718196559155759,109.37907995462437,112.57277006172839,27.09287975705908,3355.5651233209855
CLAHE,vid_000140_frame0000023.jpg,27.626792893868107,0.9149351986772315,105.52999323364185,110.0874537037037,26.09725678546026,3227.274058113224
CLAHE,vid_000140_frame0000024.jpg,27.290823815854736,0.8864352868540042,108.1306393403122,110.01573302469136,26.37725780523415,3310.335957258742
CLAHE,vid_000140_frame0000025.jpg,27.68972245888576,0.9143211076921166,106.01196089351676,110.00300154320988,26.182627803694334,3198.1906128064984
CLAHE,vid_000140_frame0000026.jpg,27.487439600695076,0.9246138494753385,104.72988262076258,110.10234567901234,26.01965284172644,3108.612080434992
CLAHE,vid_000140_frame0000027.jpg,27.610311830413096,0.9216548364662653,105.06685456601645,110.12915895061728,26.06364465294724,3143.7944068891943
CLAHE,vid_000140_frame0000028.jpg,27.43194957583497,0.8986840118472275,107.07460130064989,109.91325617283951,26.238398204220935,3265.462829127551
CLAHE,vid_000140_frame0000029.jpg,27.54793077078379,0.9107106934512004,106.16824656019132,109.80975308641975,26.1881230253975,3134.83939395856
CLAHE,vid_000140_frame0000030.jpg,27.275591170222476,0.8931549983008505,107.49297291557723,109.7568287037037,26.289930161676786,3308.4824094644846
CLAHE,vid_000140_frame0000031.jpg,27.471957405768,0.9331157633913524,101.80319688994739,109.31895833333333,25.41104737812281,3108.5303843449333
CLAHE,vid_000140_frame0000032.jpg,27.558119369934403,0.9272482524353106,95.84407250750581,106.86131172839507,23.815836820581254,3069.9179271304274
CLAHE,vid_000140_frame0000036.jpg,27.5825053783922,0.9494186615908538,146.58286305301692,116.7232638888889,38.505505444445404,3252.339783801774
CLAHE,vid_000140_frame0000038.jpg,25.879625493700487,0.9288976780289245,181.32804983579197,117.28677469135802,47.65375551409756,3358.655744906872
CLAHE,vid_000140_frame0000039.jpg,25.18588143679205,0.9198038294246755,176.71443751803562,116.3336574074074,46.2918104296855,3397.0695932317863
CLAHE,vid_000141_frame0000001.jpg,24.396470591574282,0.8453502628320521,184.0061995081973,111.15554012345679,46.224910664185934,3799.67364100342
CLAHE,vid_000141_frame0000012.jpg,23.25395513496892,0.8704586900809413,206.7925071833104,113.36765432098765,52.49040300341343,3604.350752224258
CLAHE,vid_000141_frame0000013.jpg,22.67182765451869,0.8768238658920949,241.7761028804038,106.35677469135803,61.457618228847885,3895.9887979223226
CLAHE,vid_000141_frame0000014.jpg,23.03454323856056,0.8767433253757715,244.84938522728635,105.62162808641975,62.03311197497633,4448.060258458838
CLAHE,vid_000142_frame0000001.jpg,24.836941540525483,0.8407068718855403,172.62104509838534,128.15757716049382,42.940847553050155,4109.011740983594
CLAHE,vid_000142_frame0000002.jpg,24.971130426874566,0.8679270904071407,171.39035069232267,128.28262345679013,42.96429827718367,3899.1550411484527
CLAHE,vid_000142_frame0000003.jpg,24.53872233996409,0.9092875951068283,166.94793682583062,125.58353395061728,42.617024584369716,3281.6722829196665
CLAHE,vid_000142_frame0000004.jpg,24.270333530355437,0.8709272308905366,169.41200075752752,125.84867283950618,42.45685356812621,3967.44140866716
CLAHE,vid_000142_frame0000005.jpg,24.502321797378016,0.8825187794948003,169.30218319863673,126.23831018518518,42.63162341193587,3837.1552822337962
CLAHE,vid_000142_frame0000016.jpg,23.794009547174962,0.8376793727139727,155.93115642788587,135.00358024691357,37.03499599756771,4430.654947369875
CLAHE,vid_000142_frame0000017.jpg,23.81204202744792,0.8399899724610983,156.45321394113017,134.8726851851852,37.15712646466042,4521.931114848572
CLAHE,vid_000142_frame0000018.jpg,23.776215557858098,0.8298012704809041,156.96492102691073,134.54712191358024,37.099888130267274,4690.360077868989
CLAHE,vid_000142_frame0000025.jpg,23.79939838113186,0.8399405867330794,156.1970234425333,135.0604552469136,37.09017054459737,4527.050946530576
CLAHE,vid_000142_frame0000026.jpg,23.803890147586078,0.8372999022995528,155.7669383391964,135.04255401234568,36.98515992795995,4454.956363850785
CLAHE,vid_000142_frame0000027.jpg,23.78869487804009,0.8385749164952259,155.54508135834251,134.92371913580246,36.912527554869726,4508.84596659945
CLAHE,vid_000142_frame0000028.jpg,23.781518332740454,0.8308499026040282,156.8460646728647,134.55547839506173,37.091545606526225,4640.637927876312
CLAHE,vid_000142_frame0000029.jpg,23.762342637690793,0.8357914946843735,155.533761385425,135.0835339506173,36.91679412876694,4385.58500325765
CLAHE,vid_000142_frame0000030.jpg,23.717312531497395,0.8239019899742526,156.53833096820745,134.59077932098765,36.94144202307905,4598.220929719115
CLAHE,vid_000142_frame0000031.jpg,23.83176521650912,0.839901870837771,155.7782266202218,134.90371913580248,36.96308809109105,4500.559226327387
CLAHE,vid_000142_frame0000033.jpg,23.871795259260402,0.8490819895348302,154.4092445950513,135.4692901234568,36.8609953291629,4067.8345896659707
CLAHE,vid_000142_frame0000034.jpg,23.76330582736462,0.8294087784611627,157.13792372845015,134.5779398148148,37.1645052861335,4643.374824359794
CLAHE,vid_000142_frame0000035.jpg,23.901195029395893,0.856607187370028,153.40689016645354,136.13658179012344,36.786503178388934,3664.4106666323732
CLAHE,vid_000142_frame0000036.jpg,23.634104769198558,0.8494668367172523,155.52100068880026,136.46012345679011,37.112171674593654,3267.577837974334
CLAHE,vid_000142_frame0000037.jpg,23.182946409778168,0.8259070069844019,156.70823054145563,135.57935185185184,36.669929352477716,3557.9918468504707
CLAHE,vid_000142_frame0000038.jpg,22.477419739709227,0.80365697890924,159.1089142988202,136.28543209876543,36.71451815470018,3773.5435286577404
CLAHE,vid_000142_frame0000039.jpg,22.623905147180974,0.7969715684673115,153.68981543125213,135.4280015432099,35.81442483272296,3080.8711984736988
CLAHE,vid_000142_frame0000093.jpg,25.521126182981376,0.8796866311455368,122.68239773061255,138.563225308642,30.257698226121946,2555.932883693356
CLAHE,vid_000142_frame0000095.jpg,25.303001527743803,0.8432250028675211,128.63182117789108,139.2033024691358,30.880950392084582,2823.908578317901
CLAHE,vid_000142_frame0000096.jpg,25.331885589298718,0.8439748712263356,127.73474718440528,139.78966049382717,30.74543880467708,2764.1883001350307
CLAHE,vid_000142_frame0000100.jpg,21.986222333697793,0.7988477652982251,173.61387064820502,131.1768287037037,39.91005189688452,4542.5689853564145
CLAHE,vid_000142_frame0000101.jpg,23.13942049701754,0.8414839295504667,151.41862614988048,129.58220679012345,35.71227593611873,3199.5358956232258
CLAHE,vid_000142_frame0000102.jpg,22.51040957771857,0.8106137987961913,163.893255919662,130.37814814814814,37.4957824496158,4844.531584040577
CLAHE,vid_000142_frame0000103.jpg,22.94494789159154,0.8269679628236016,155.78195226905046,129.3840972222222,36.267456740140396,3877.8903362906162
CLAHE,vid_000142_frame0000104.jpg,22.57737838348302,0.8210750455103618,164.13303153139464,130.18635802469134,37.6433506048639,4853.484183363281
CLAHE,vid_000142_frame0000105.jpg,22.562673783187325,0.8193257317118613,164.4698128972604,130.22681327160493,37.68405877394439,4924.6138284062545
CLAHE,vid_000142_frame0000106.jpg,22.74477348485656,0.8171812895846308,161.555559705251,130.63268518518518,37.067559311122814,4348.046673859739
CLAHE,vid_000142_frame0000107.jpg,23.597182628785554,0.8808724645985487,144.9256922559377,136.33348765432098,35.48800230485443,2971.23336830984
CLAHE,vid_000142_frame0000108.jpg,23.205501733438396,0.8380613127455326,151.8964071080471,134.13542438271605,36.26650839156671,3496.8157228888035
CLAHE,vid_000142_frame0000109.jpg,22.460014559168915,0.81782765436167,160.17955669854138,130.176875,37.82790143890369,3645.963949794179
CLAHE,vid_000142_frame0000110.jpg,22.431610233675908,0.8204612245062378,160.42229007422225,129.51523919753086,37.87049507725623,3778.8380367940645
CLAHE,vid_000142_frame0000111.jpg,24.766803526913716,0.900893042104629,131.07268962544325,125.47929783950617,32.41176441749382,2951.616615540457
CLAHE,vid_000142_frame0000112.jpg,26.30022918696978,0.923222744359041,112.86377927261236,122.02387345679013,28.329492132802265,2566.3650837296145
CLAHE,vid_000142_frame0000113.jpg,26.285145354670448,0.918358608657079,114.72720793815895,124.99918981481481,28.734320592266585,2640.366669935033
CLAHE,vid_000142_frame0000123.jpg,25.147211387514762,0.8629333879259962,126.13424136092027,127.52886574074074,30.492535771179572,2947.794607967297
CLAHE,vid_000142_frame0000124.jpg,23.00282079295833,0.856652572296074,154.12796550675202,130.98435956790124,37.12782404947115,3235.878617476316
CLAHE,vid_000143_frame0000001.jpg,23.033079241302715,0.8570545979399462,205.27976944080322,106.14360339506173,51.512220053044906,3486.6588579196678
CLAHE,vid_000143_frame0000012.jpg,23.225821720935418,0.8649431109344375,197.1557386108077,104.64725308641975,49.35481841197632,3601.886569135803
CLAHE,vid_000143_frame0000013.jpg,22.680704491366978,0.8759681483786107,201.50160051953722,104.22612654320987,50.77315086015381,3294.094022879277
CLAHE,vid_000143_frame0000014.jpg,22.590758745344374,0.865366721700015,203.94530317452774,103.6044212962963,51.05433930864508,3560.370023304374
CLAHE,vid_000143_frame0000015.jpg,22.6225366997896,0.8706130166229732,200.04968435795456,103.47511574074075,50.2001363178348,3392.0206493436
CLAHE,vid_000143_frame0000016.jpg,22.7843099770733,0.873145060391676,192.57726858861437,103.8234799382716,48.42767809622163,3320.705506339484
CLAHE,vid_000143_frame0000017.jpg,23.27848213169734,0.878499428453512,186.82478158052638,102.77113425925926,47.0331501339438,3425.7087998968814
CLAHE,vid_000143_frame0000018.jpg,22.78115646690855,0.8618330956494317,186.62106151870168,104.5260725308642,46.74504594310647,3676.6492506167483
CLAHE,vid_000143_frame0000019.jpg,23.12177670718526,0.8727417421542712,180.04151661984275,104.32125,45.44324138226045,3345.442115982165
CLAHE,vid_000143_frame0000020.jpg,22.828030355827124,0.8515879869662064,178.69094954513426,104.29933641975309,44.727445652768836,3718.7563162999163
CLAHE,vid_000143_frame0000031.jpg,23.29098268491539,0.8716736622219977,191.7277160804384,104.41750771604939,48.21527232264218,3667.6159336404867
CLAHE,vid_000143_frame0000038.jpg,22.89576698109448,0.8816114263703078,202.1034889743616,104.84067901234567,50.978422900191745,3648.0396787599075
CLAHE,vid_000143_frame0000039.jpg,23.061839380407235,0.8829986526254626,204.08549214185288,104.00135802469136,51.43368256171701,3421.8480010116004
CLAHE,vid_000143_frame0000041.jpg,22.686122720316035,0.9015703099742107,201.43810054602434,103.58766975308642,51.27561629429794,3687.0394153877437
CLAHE,vid_000143_frame0000044.jpg,22.28892230763211,0.8804968258719671,217.84115163263476,96.2741975308642,55.823286832209234,3894.642913536845
CLAHE,vid_000143_frame0000047.jpg,22.016517218516725,0.8612613728936295,222.5353480316315,94.32506944444444,56.74750988101412,4265.775694230109
CLAHE,vid_000143_frame0000048.jpg,22.088488172290646,0.8593420392135324,223.76293279532553,94.13051697530864,57.00080891410548,4274.164005962732
CLAHE,vid_000143_frame0000049.jpg,22.264630657339275,0.8554996262297466,224.0594354632765,94.31435185185185,57.0472804034667,4093.523002305288
CLAHE,vid_000143_frame0000050.jpg,22.420841265115406,0.8632126741349048,224.3979861878134,94.37246141975308,57.166931480517675,4236.858621330054
CLAHE,vid_000143_frame0000051.jpg,22.182684369752153,0.8631768327454395,226.17525000598357,95.76274691358024,57.64381069629478,4240.936041905769
CLAHE,vid_000143_frame0000052.jpg,22.214015564950383,0.864105383358583,228.4388439837853,96.3804012345679,58.31238051071715,4224.559703341478
CLAHE,vid_000143_frame0000053.jpg,22.143579690757097,0.8628289540937858,230.11329428076263,97.23573302469136,58.70142732824449,4251.684348147196
CLAHE,vid_000143_frame0000057.jpg,22.714674088448273,0.8778573308870451,226.08241243668047,105.01511574074074,57.95571488002821,4007.0233184941676
CLAHE,vid_000143_frame0000058.jpg,22.623658980891584,0.8754541751081093,224.7801315322582,103.67242283950617,57.589861011744695,4038.140099565377
CLAHE,vid_000143_frame0000059.jpg,22.586413369016363,0.8692445347152981,225.74372168553202,102.25139660493826,57.75599310514746,3844.0310071087088
CLAHE,vid_000143_frame0000060.jpg,22.320991893171986,0.8864348926609212,222.16718204372918,106.97060956790123,57.213175056899175,3506.305568901225
CLAHE,vid_000143_frame0000061.jpg,21.915973777370255,0.8814281395070126,227.88815331529003,107.83735339506173,58.49446558791041,3988.6325957930862
CLAHE,vid_000143_frame0000064.jpg,22.40076278487986,0.8769130525423918,232.50019935159412,105.69472222222223,59.66043974788062,4105.632191323731
CLAHE,vid_000143_frame0000065.jpg,22.328905175388766,0.8775986081486562,231.64555465262399,104.75282407407407,59.42089499566911,4110.434873645167
CLAHE,vid_000143_frame0000066.jpg,22.65639026531788,0.8890900212838484,233.38823245342803,105.71822530864198,59.994744378347924,3651.9161437113603
CLAHE,vid_000143_frame0000067.jpg,22.868740050403,0.8970918249145564,224.8052258482256,113.11641975308642,57.67292726256995,3530.406299811147
CLAHE,vid_000143_frame0000074.jpg,22.3057971184766,0.8768947720005893,220.81310465981616,108.89007716049383,56.02873835727186,3613.5437647161616
CLAHE,vid_000144_frame0000001.jpg,24.776826540425713,0.8579138555197131,154.6653521863577,117.29164351851851,38.951400725016576,2738.1614667159633
CLAHE,vid_000144_frame0000002.jpg,25.05520938493403,0.8835128116550299,151.2166792087568,117.12114197530865,38.39521033245775,2563.306897950424
CLAHE,vid_000144_frame0000003.jpg,24.71351370515457,0.8711232368848915,129.3968574260257,116.21256944444444,32.077908021852814,2615.3006864054046
CLAHE,vid_000144_frame0000004.jpg,23.496228027527334,0.8044866066720209,119.10456323369772,116.35871141975309,27.63746853759804,3345.350198683449
CLAHE,vid_000144_frame0000005.jpg,23.36455574235655,0.7892573918612471,121.60482036129298,116.7587962962963,28.026163092490915,3648.931551225935
CLAHE,vid_000144_frame0000006.jpg,23.59390859323273,0.7952301083181145,119.58238088704337,116.3096913580247,27.658995231003793,3454.6051992776916
CLAHE,vid_000144_frame0000007.jpg,23.381925420567143,0.8083016299717504,114.13314881536847,117.03756172839506,26.452515859354467,3019.1112571328213
CLAHE,vid_000144_frame0000008.jpg,23.146243857547773,0.7921036461770484,114.38149159965019,116.55112654320988,26.03840664565481,3259.748927708238
CLAHE,vid_000144_frame0000009.jpg,23.6825017995192,0.8006361827012062,109.04290510596034,115.69691358024691,25.158547066037283,2894.291982250943
CLAHE,vid_000144_frame0000020.jpg,24.957150642575776,0.8326305375085964,100.7773221020447,115.88948302469136,23.423522468350683,3015.4397040022836
CLAHE,vid_000144_frame0000021.jpg,25.26646185739018,0.837861947565519,97.7811740117963,117.38605709876543,22.91886040092279,2779.8764228775503
CLAHE,vid_000144_frame0000022.jpg,24.68248792791698,0.8077969299778345,106.28872300603251,116.91663580246913,24.19751500690382,3491.5487048181844
CLAHE,vid_000144_frame0000023.jpg,24.965627166735864,0.825918597118461,102.86377849817998,117.28079475308643,23.68361720158227,3135.1936393497085
CLAHE,vid_000144_frame0000024.jpg,25.520919415416998,0.8514841782614355,99.60642028887133,116.03146604938271,23.39710690960718,2965.349227820585
CLAHE,vid_000144_frame0000025.jpg,24.766347366099467,0.8142894033010947,106.39660025299028,115.34406635802469,24.384054307116088,3312.0041419560184
CLAHE,vid_000144_frame0000026.jpg,24.0783466208457,0.8701433200109561,99.37290202700866,115.90885802469136,24.095791893347215,2732.594469063405
CLAHE,vid_000144_frame0000027.jpg,24.427282518067813,0.8911816893104096,98.893639309993,110.19908950617284,24.21166900148909,2686.3852110553244
CLAHE,vid_000144_frame0000028.jpg,23.421693065313875,0.816223395975452,115.0565304598324,113.93393518518519,26.72742591298441,3581.3100017144397
CLAHE,vid_000144_frame0000029.jpg,23.749026123029125,0.8165226401134257,116.04768231141823,114.63537808641975,27.026075484743448,3440.0130314348044
CLAHE,vid_000144_frame0000030.jpg,23.64954707059961,0.8091180913965251,116.64948524279211,114.55905092592593,27.022794459410644,3515.7112444272384
CLAHE,vid_000144_frame0000046.jpg,23.025145381822135,0.7982269680817704,122.23829756985357,115.03302469135802,27.792282415067973,3344.5009250790654
CLAHE,vid_000144_frame0000047.jpg,23.020195765663345,0.7929173742962897,122.77986157930997,115.14672067901235,27.800334051068383,3627.6781932226772
CLAHE,vid_000144_frame0000048.jpg,23.12590640932495,0.7957465817274171,124.14361173410583,114.79982253086419,28.124882687809965,3853.6262318672243
CLAHE,vid_000144_frame0000049.jpg,23.000372725331516,0.7951302912623888,119.62286201375785,115.65862654320988,27.310024636467844,3252.8472711188747
CLAHE,vid_000144_frame0000050.jpg,22.397030524971484,0.7775713431549223,126.25392157309454,115.2000925925926,28.346921469209846,3790.029045176934
CLAHE,vid_000144_frame0000051.jpg,22.12720947804113,0.7748122369849676,126.5459347356892,114.21488425925926,28.37921321962607,3729.922088854595
CLAHE,vid_000145_frame0000002.jpg,22.164828495433056,0.8605851028211919,233.14684914422173,107.38024691358025,60.272706611572644,3469.626877280283
CLAHE,vid_000145_frame0000013.jpg,22.142593356929762,0.8676779183998554,233.2794958544008,106.70462962962964,60.434353172523856,3341.9077104328608
CLAHE,vid_000145_frame0000014.jpg,21.97366512050642,0.8548619655436035,233.26167081273044,106.69233024691358,60.20186476698044,3488.4417706180457
CLAHE,vid_000145_frame0000071.jpg,21.96994363287154,0.8777695912061579,248.20012513464485,107.0154012345679,63.7312883008102,3764.4286786836396
CLAHE,vid_000145_frame0000072.jpg,22.45436568452471,0.891837918789645,257.81576930192284,108.73525462962964,66.70056449092006,3647.0287482966937
CLAHE,vid_000145_frame0000073.jpg,22.289243682855524,0.8805350673466098,261.78476249003313,102.15752314814814,67.58049744957395,3857.9572277006178
CLAHE,vid_000145_frame0000074.jpg,22.605696345316115,0.8778355170471402,261.3459504890553,98.04934413580247,67.81292084379007,3914.129460219241
CLAHE,vid_000145_frame0000075.jpg,22.93996705475251,0.874318459496299,257.78863454950096,95.59895833333333,66.95935581160451,3755.7782155006857
CLAHE,vid_000145_frame0000076.jpg,22.82154161387011,0.8727824776148818,252.93472598907766,96.17054012345679,65.83959327493982,3650.6187328145843
CLAHE,vid_000145_frame0000077.jpg,22.896447454622376,0.8749656364924542,249.74755321612352,97.04256172839506,65.14308617308207,3532.547353135716
CLAHE,vid_000145_frame0000078.jpg,22.766614828633376,0.8773598201456639,247.68312650284412,98.9921836419753,64.81023635772404,3304.9453240547837
CLAHE,vid_000145_frame0000079.jpg,22.77178347289777,0.8769369798514833,219.38437909186388,91.09309413580247,57.24702036960464,3091.8493537307927
CLAHE,vid_000145_frame0000080.jpg,22.895379907702363,0.8899775543517449,208.21214186722082,94.45978395061728,54.41468222758111,3013.517135382373
CLAHE,vid_000146_frame0000010.jpg,25.138700940175664,0.8969969924556889,166.21341951222277,107.40703703703704,43.107099611315334,3164.576610086532
CLAHE,vid_000146_frame0000011.jpg,25.36242369179426,0.9042875145310557,163.34573314806482,105.3780324074074,42.45110150476764,3131.0748268175585
CLAHE,vid_000146_frame0000012.jpg,25.10729308604985,0.8887518186285867,166.89395557296763,107.6325,43.09561619362258,3208.425477408169
CLAHE,vid_000146_frame0000013.jpg,25.316050395008965,0.8925917601144194,166.70146335480862,108.87033950617284,43.090704576188934,3131.876852147098
CLAHE,vid_000146_frame0000014.jpg,25.559031387146256,0.9059717563465003,178.97116077549802,110.94990740740741,46.6853428897354,3052.3630646618635
CLAHE,vid_000146_frame0000015.jpg,25.335561116267094,0.8908453941441615,181.10054203481488,111.13851851851852,46.94649332441704,3186.903251599413
CLAHE,vid_000146_frame0000016.jpg,25.38745376470224,0.9071928021867062,176.3632121565686,109.07726851851852,45.977338606954135,3058.8588359452997
CLAHE,vid_000146_frame0000017.jpg,25.272548953846762,0.9034004054614586,172.08863648501284,105.3354475308642,44.76428687329917,2952.6586850679564
CLAHE,vid_000146_frame0000020.jpg,24.587054180809687,0.8902020738451868,164.78800366462818,104.11873456790123,42.539641181555254,3067.7880997920956
CLAHE,vid_000146_frame0000021.jpg,24.64033283993674,0.9072723735704283,160.3573933124267,102.56373456790124,41.67220940471343,2936.3717491309917
CLAHE,vid_000146_frame0000022.jpg,24.58065596871399,0.9004238183631109,158.68664932100165,101.39313271604938,41.114135013425006,2836.872859863148
CLAHE,vid_000146_frame0000023.jpg,24.723352211339694,0.9069030648547952,155.43855326307641,101.22194444444445,40.312667263506,2792.036153829209
CLAHE,vid_000146_frame0000024.jpg,24.54572893489122,0.8969716014087048,153.42868512406045,100.24450617283951,39.50311072377592,2974.6749644156166
CLAHE,vid_000146_frame0000025.jpg,24.49404880311452,0.9091114635122929,150.34345402581576,99.89305555555555,38.93129451373833,2796.075791487995
CLAHE,vid_000146_frame0000026.jpg,24.24323281955349,0.9071144895001185,148.0025934166327,98.81950617283951,38.27332802393515,2832.393160973936
CLAHE,vid_000148_frame0000012.jpg,21.41998504068736,0.8483568069718972,131.3698328146496,67.56325810185186,32.86553540403734,866.2765209056713
CLAHE,vid_000148_frame0000013.jpg,21.581686770083465,0.8534308441094374,128.0118595462491,66.99882523148148,32.0980358413084,848.9977092335056
CLAHE,vid_000148_frame0000014.jpg,21.448573632082777,0.850819619296884,130.20530149823625,67.32605902777777,32.68396879660488,857.3283473560474
CLAHE,vid_000148_frame0000015.jpg,22.810618727718392,0.8804016572510293,111.39802503448358,63.24421296296296,28.362742316203974,681.3764722446939
CLAHE,vid_000148_frame0000016.jpg,22.385931580271496,0.880043982870596,123.12160817424973,68.27471643518518,31.445300826589076,713.0305296724965
CLAHE,vid_000148_frame0000017.jpg,21.801131492380478,0.8514629452185226,142.47337433297335,72.57196759259259,35.750040874346816,823.3129452326268
CLAHE,vid_000148_frame0000018.jpg,21.741515951295195,0.8462262717015885,142.00853946038313,72.73775462962963,35.47516852014076,873.7085768711086
CLAHE,vid_000148_frame0000019.jpg,21.63051760607307,0.8406031960199934,142.7483269106139,73.25674768518519,35.57994577390893,857.5051458140433
CLAHE,vid_000148_frame0000040.jpg,24.008830274226174,0.8613634477641745,88.01109891567798,77.99230324074074,21.441868246681423,776.2394213701077
CLAHE,vid_000148_frame0000041.jpg,24.078127269042472,0.8676252863808646,89.31517551547637,78.49510416666666,21.913316687645395,753.4034384883174
CLAHE,vid_000148_frame0000042.jpg,25.377892285759373,0.8891531755816883,71.59544528223499,80.31451967592592,17.393376767687023,779.2673441786695
CLAHE,vid_000148_frame0000043.jpg,25.318847047696007,0.8792937069588335,72.32836037535453,80.27297453703704,17.413782288917968,746.9416786179698
CLAHE,vid_000148_frame0000058.jpg,22.510955683098288,0.8571907588565608,134.87455867687254,83.00670138888889,33.49335670722349,943.56403967322
CLAHE,vid_000148_frame0000059.jpg,22.53428330061272,0.8512073006056965,132.80276368633136,83.05462962962963,32.93820113951687,915.05619619864
CLAHE,vid_000148_frame0000060.jpg,22.576001286226493,0.8639974844685181,131.62863832184055,82.29015046296297,33.02605509326927,856.7055383209018
CLAHE,vid_000148_frame0000061.jpg,22.617032752638217,0.8598449957909389,134.18474648164715,82.57458912037038,33.424124671773136,909.5598406145176
CLAHE,vid_000148_frame0000062.jpg,22.40219793039932,0.8581272284892778,134.39692304125813,83.06378472222222,33.438355126205714,925.5275608216252
CLAHE,vid_000148_frame0000068.jpg,22.641576826812578,0.8602301457570093,129.3057805592412,82.27153356481482,32.25766636319349,888.8218415026672
CLAHE,vid_000148_frame0000069.jpg,22.43092394682928,0.8487940086520843,130.2681270849008,82.00884259259259,32.26754874329857,980.926022372491
CLAHE,vid_000148_frame0000070.jpg,22.699748285389887,0.859909446475962,130.24662940734052,81.53348958333333,32.46569683589743,897.7659033559456
CLAHE,vid_000148_frame0000071.jpg,22.403525679748,0.8561608449539971,132.95349272488335,81.73938078703704,32.981602090687275,993.7270382640697
CLAHE,vid_000148_frame0000072.jpg,22.44093840443675,0.8581821361945932,133.0463399649582,82.28233217592593,33.11216058472677,926.9246742444368
CLAHE,vid_000148_frame0000073.jpg,22.4099751490685,0.855462413344997,135.1987092897533,82.03995949074074,33.48438164456273,1021.4791575480311
CLAHE,vid_000148_frame0000074.jpg,22.538868850415966,0.8603302635237183,132.28443798940103,82.1805613425926,32.99474576801594,918.0042944098495
CLAHE,vid_000148_frame0000075.jpg,22.49489847208903,0.856740843045792,135.40922379847098,82.27188078703703,33.68406451670312,981.1476507618257
CLAHE,vid_000148_frame0000076.jpg,22.564948710851645,0.8587914203959833,133.36988692734377,82.38115162037037,33.2829883010502,884.8700406490792
CLAHE,vid_000148_frame0000077.jpg,22.436341796293444,0.8546015486311344,135.9694438465459,82.10086805555555,33.69469507353244,1030.4831993043501
CLAHE,vid_000149_frame0000007.jpg,22.709035918231404,0.8366957367847075,115.83735683628522,84.93876157407408,28.464597486006635,837.531266452332
CLAHE,vid_000149_frame0000023.jpg,22.939508098529235,0.8323286166423921,116.98975782669685,89.42088541666666,28.667299979330565,845.9725274482047
CLAHE,vid_000149_frame0000024.jpg,22.69013527680081,0.8187046546056295,119.27131121721081,89.73879050925926,28.99321787584799,892.9218046467765
CLAHE,vid_000149_frame0000025.jpg,22.64602881464292,0.8252977483380741,118.57281453535782,90.18046875,29.012074142959335,844.9220782669634
CLAHE,vid_000150_frame0000001.jpg,19.22131680239383,0.7875605724202596,205.94097182871954,102.48834490740741,48.54980383195981,2325.2523581010146
CLAHE,vid_000150_frame0000002.jpg,19.39094484520081,0.7959442623143991,204.7110951764269,101.89899884259259,48.502002167698826,2165.6894819154754
CLAHE,vid_000150_frame0000003.jpg,19.429233904452673,0.7975596054342535,204.71773252818676,101.76983217592593,48.5319551882379,2081.2565784737963
CLAHE,vid_000150_frame0000004.jpg,19.352129559544768,0.7986479783952528,205.56871800295096,101.97524884259259,48.75129955172538,2097.467172562177
CLAHE,vid_000150_frame0000005.jpg,19.583925728803123,0.8048785651486464,204.90302201915367,101.16248263888889,48.86706865733383,1917.3304949939115
CLAHE,vid_000150_frame0000022.jpg,19.272268969980423,0.7935429179505155,203.80300853380623,98.25691550925926,48.42456590968547,2028.6232521684979
CLAHE,vid_000150_frame0000023.jpg,19.551327274633138,0.7961588043443709,199.4002765082722,98.11691550925926,47.729449412080605,1586.5584167429902
CLAHE,vid_000150_frame0000031.jpg,19.648772303482666,0.8068273942461305,234.19144998996597,87.05325810185185,57.710480248155406,2062.499758814381
CLAHE,vid_000150_frame0000032.jpg,19.40207646165657,0.7961413860959413,222.01171515926168,83.01677662037036,54.3961941647559,2058.1252480704516
CLAHE,vid_000150_frame0000033.jpg,19.26812103646749,0.7862295422018327,219.69524330291475,82.11993055555556,53.60396562336348,2065.8043518703043
CLAHE,vid_000150_frame0000034.jpg,19.371722072795304,0.7905907021317428,224.07837084249968,82.85540509259259,54.93662621769854,2060.0863331878204
CLAHE,vid_000150_frame0000035.jpg,19.506227105432025,0.7993920288128044,228.4859855690526,84.52497106481482,56.20576059972919,2035.310349283553
CLAHE,vid_000150_frame0000036.jpg,19.547818069548125,0.7997381464457337,226.0109477859097,84.71153356481481,55.79902780112712,1941.466507625493
CLAHE,vid_000150_frame0000037.jpg,19.545636888890257,0.7913981807861354,226.05943201607832,85.34484953703704,55.617632804685286,1967.9704021346397
CLAHE,vid_000150_frame0000038.jpg,19.133133010726876,0.7855277040666583,224.31390720616722,85.70279513888889,54.961295274932425,1994.3056363489893
CLAHE,vid_000150_frame0000046.jpg,19.34682579222034,0.7952003589580351,221.35412254860367,87.17998842592593,54.18573862958038,1972.8591930232715
CLAHE,vid_000152_frame0000001.jpg,25.030225266722148,0.8673436180310926,183.42811202902635,54.53779513888889,46.3954158640069,1517.9747916022325
CLAHE,vid_000152_frame0000002.jpg,25.130229863457508,0.8730915425889241,182.1940394374137,54.43082175925926,46.18092044822279,1484.086201185137
CLAHE,vid_000152_frame0000003.jpg,25.33232350695736,0.8882963742304476,182.27486304043163,53.998443287037034,46.38976745142203,1454.7740333764348
CLAHE,vid_000152_frame0000004.jpg,25.369961203047936,0.8909132606018616,182.50632231189684,53.62027199074074,46.5261432374923,1380.8068300995249
CLAHE,vid_000152_frame0000005.jpg,25.58737776897164,0.8973533513596896,182.39424514880412,53.744172453703705,46.57621825207264,1412.003373232241
CLAHE,vid_000152_frame0000006.jpg,25.177652089927975,0.8899520890122389,182.02028663472024,54.33730324074074,46.33006045740442,1453.0092969970367
CLAHE,vid_000152_frame0000026.jpg,24.419539948451398,0.8963436699381527,157.84199385099026,58.16311342592593,40.34304337354722,1090.832724584057
CLAHE,vid_000152_frame0000027.jpg,25.026168110435087,0.9168702844326105,130.58685866193454,59.716944444444444,33.60511659009608,889.1121284131461
CLAHE,vid_000152_frame0000028.jpg,24.969022360330033,0.9153078380105343,103.450218383222,61.80721643518518,26.62530416287588,762.1762031005859
CLAHE,vid_000153_frame0000001.jpg,24.895034747924903,0.8708274052076138,119.33116719749864,66.7334837962963,30.283470527149277,825.4478629328221
CLAHE,vid_000153_frame0000002.jpg,25.121102356184657,0.9044066430889769,115.66907239379262,66.29127893518519,29.833467959945633,702.2353743307399
CLAHE,vid_000153_frame0000013.jpg,25.28141767507504,0.9231456026485656,77.36911905016824,60.43984375,19.837052737697164,640.2271086660545
CLAHE,vid_000154_frame0000001.jpg,24.831994905243423,0.8809317738465526,83.7308051974598,60.65133680555556,20.905235974577415,700.1348020747599
CLAHE,vid_000154_frame0000006.jpg,25.18979708978726,0.9132853449187578,79.41613846016199,61.40685763888889,20.16678014110894,692.9645756076054
CLAHE,vid_000154_frame0000007.jpg,25.32560128220606,0.9190265968810657,79.7485095324214,62.21634259259259,20.336688055527024,661.3229622368708
CLAHE,vid_000154_frame0000008.jpg,25.263946767065036,0.9134055644498025,84.20492469095619,62.62114583333334,21.47697867575693,693.7791465189031
CLAHE,vid_000154_frame0000011.jpg,25.16720992747823,0.9141133467505091,86.88487162495944,62.04252314814815,22.27336210306976,680.4292225431884
CLAHE,vid_000156_frame0000021.jpg,22.650230799659138,0.9215988135073928,178.7248821619905,134.37648919753087,46.81557038939227,2027.4106329774784
CLAHE,vid_000156_frame0000022.jpg,22.76451396369196,0.9217944094187104,178.7957055496557,134.34471450617283,46.83699231780762,2056.078577387629
CLAHE,vid_000156_frame0000023.jpg,22.707486939906033,0.9286023607715448,178.44811341113638,134.9582638888889,46.87945100261847,1969.680932973013
CLAHE,vid_000156_frame0000024.jpg,22.84231978882297,0.9287699029462214,178.83290371597803,134.8026851851852,46.98555122219998,2036.040455146831
CLAHE,vid_000156_frame0000025.jpg,22.549792557623903,0.9232462299984637,179.94053465688503,135.1097685185185,47.16094033694552,2030.944689999083
CLAHE,vid_000156_frame0000026.jpg,22.37146621104309,0.924516151008774,180.92170151540464,136.31452932098765,47.49415524805123,2016.6864359736987
CLAHE,vid_000156_frame0000027.jpg,22.222611019037537,0.9196688666224002,181.70742042115256,137.04666666666665,47.579233928622344,2002.5663228335522
CLAHE,vid_000156_frame0000028.jpg,22.26395632376238,0.9148409337750417,182.95861633756124,137.34492283950618,47.85297935524035,2061.8868268401825
CLAHE,vid_000160_frame0000017.jpg,23.104775506794994,0.8899451300031028,131.25769497629497,140.09983796296297,33.22055193643535,2128.441645590361
CLAHE,vid_000168_frame0000008.jpg,27.851161285869487,0.9200174586722993,80.36284555634293,112.88247685185185,19.734458450808486,2216.490051310776
CLAHE,vid_000203_frame0000002.jpg,23.766455365288213,0.7690957814889536,211.20798886657357,75.78679398148148,55.40700652351985,1830.2056658402723
CLAHE,vid_000203_frame0000020.jpg,25.385776565562242,0.7316283122729327,219.64751850606993,81.15243055555555,56.71063556531552,1910.4558316850996
CLAHE,vid_000203_frame0000022.jpg,27.2762821530527,0.7775791739120419,196.00801286071092,76.15779513888889,51.77004869738224,1628.9781138944816
CLAHE,vid_000206_frame0000005.jpg,24.12118788432702,0.7264162340949154,145.83633936131247,42.71001736111111,37.171580412907076,1998.3172381681884
CLAHE,vid_000206_frame0000006.jpg,23.82234951529789,0.7264280575182253,145.90500632807095,43.56230902777778,37.35973374567892,1873.0142206572775
CLAHE,vid_000206_frame0000024.jpg,23.180601291099062,0.7107895634620988,193.80084569662338,62.80607638888889,48.7609369035002,2165.2897752266585
CLAHE,vid_000206_frame0000027.jpg,23.309928435751814,0.7141688977748939,194.16778544578986,62.77755787037037,48.91038844869942,2134.6065738473817
CLAHE,vid_000206_frame0000031.jpg,23.187865653599186,0.7133036288627174,195.77653430879792,62.79216435185185,49.357502044239055,2091.3083851031683
CLAHE,vid_000206_frame0000034.jpg,23.159080518153953,0.710084349804097,196.1054189034279,62.73776620370371,49.37837067361098,2186.839618484225
CLAHE,vid_000206_frame0000037.jpg,23.391190303851587,0.7189097292557651,196.49165796818812,62.765596064814815,49.720386826107486,2061.9744260781035
CLAHE,vid_000206_frame0000038.jpg,24.61803417471661,0.767055440342625,255.32122886309577,84.56136574074074,67.25306767397811,1390.4754795705537
CLAHE,vid_000206_frame0000040.jpg,23.115987192343486,0.7575422244850439,263.75248284694777,82.2846412037037,68.38024565317718,1779.4884222381631
CLAHE,vid_000210_frame0000004.jpg,21.034801602915994,0.822007313131366,166.03354991922572,81.85787037037036,39.4632090511254,1211.7071624228397
CLAHE,vid_000210_frame0000037.jpg,22.413991692615273,0.8939745864823562,241.64873852823075,82.44206018518518,59.20159043171497,1520.3634064171476
CLAHE,vid_000210_frame0000040.jpg,22.11653301187466,0.8864319647192215,237.0979970784154,82.8812037037037,57.41655233769608,1660.7685191710339
CLAHE,vid_000210_frame0000056.jpg,21.0756214239768,0.8749267170298435,246.03090952838357,107.74880787037037,57.66324074373176,1651.1400647376543
CLAHE,vid_000210_frame0000058.jpg,20.476650686551018,0.8653148989896357,243.51536652714825,105.95777777777778,56.49705119449014,2001.8279269672912
CLAHE,vid_000210_frame0000060.jpg,20.32792538026818,0.8584428370151588,247.4556654148891,106.22320601851852,56.30869380937318,2240.699045389359
CLAHE,vid_000210_frame0000062.jpg,21.04980022807791,0.8628592748298659,244.14661173422877,101.83260995370371,55.87950098093179,2193.538027705138
CLAHE,vid_000210_frame0000068.jpg,20.332757988694787,0.8523475368194968,265.2679265662956,96.8145486111111,61.60169630304014,2089.1401495378072
CLAHE,vid_000210_frame0000070.jpg,21.884300577519504,0.8649569909598179,248.55894991714501,83.15591435185185,60.01892753904479,1511.6417573637032
CLAHE,vid_000210_frame0000082.jpg,22.53502058503375,0.8411441949845848,150.16321198315043,69.08515046296296,36.65941224764933,971.0966372551226
CLAHE,vid_000210_frame0000083.jpg,22.679269395851538,0.8372393359351303,145.9791894494512,67.29373263888888,35.487935809722714,1061.1322118805726
CLAHE,vid_000214_frame0000001.jpg,21.811153506056122,0.7461017368601935,210.46392961393906,64.82001157407407,53.38201901111993,2746.4170711096913
CLAHE,vid_000214_frame0000002.jpg,21.840413806139765,0.7494590360980261,210.14743581294212,64.83340856481482,53.35961501599158,2685.384996879287
CLAHE,vid_000214_frame0000003.jpg,21.747025845180463,0.7507754744693903,210.3653534223747,65.14869791666666,53.447477041709114,2708.1925139242207
CLAHE,vid_000214_frame0000004.jpg,21.635447192353958,0.7471428638224052,210.875536388255,65.54545717592593,53.57507631073158,2642.602787442096
CLAHE,vid_000234_frame0000001.jpg,27.446514235992794,0.7983017844740775,172.9153748154419,67.86304976851852,45.58414114615131,1978.0460944524484
CLAHE,vid_000234_frame0000002.jpg,27.453533968638823,0.8058977320394701,172.71431800473346,68.04365162037037,45.6544438057454,1960.4817684134944
CLAHE,vid_000234_frame0000009.jpg,28.5301667005259,0.8156562457563236,157.0716560687329,60.95744212962963,41.36511134413704,1966.1520875095111
CLAHE,vid_000234_frame0000011.jpg,28.158011706493383,0.8130406015038202,158.67967972521447,61.54773726851852,41.73136894499826,1982.3227396192008
CLAHE,vid_000234_frame0000060.jpg,25.515731967042324,0.8033903243391795,163.72546198114304,59.723628472222224,43.27755867899457,2020.4690614368997
CLAHE,vid_000242_frame0000007.jpg,23.006280571976205,0.8203982893871505,132.68702873723328,155.6373726851852,31.931535650875652,982.5529776872213
CLAHE,vid_000244_frame0000005.jpg,27.366288368657674,0.9198146812873297,113.36367358557509,162.25978587962962,29.04404570919582,871.9710150879575
CLAHE,vid_000249_frame0000008.jpg,23.926053210010302,0.7198099253845269,210.55746060676188,47.920625,54.7856497167566,2237.8907439195586
CLAHE,vid_000249_frame0000009.jpg,23.89019524131845,0.7223757582033076,213.81876085795656,48.62675347222222,55.844554309773834,2045.5761220815316
CLAHE,vid_000249_frame0000012.jpg,23.450637721337692,0.726952978813492,221.23695034286084,51.429143518518515,57.749012358940874,2184.635060570452
CLAHE,vid_000249_frame0000017.jpg,21.40141529900811,0.7170034554667447,211.26334557959922,48.92916666666667,54.753015993794044,2103.816540187221
CLAHE,vid_000249_frame0000020.jpg,21.085633531336146,0.7045286841261987,215.77737922604328,50.30693865740741,55.5505534526171,2219.1330278618707
CLAHE,vid_000249_frame0000023.jpg,20.275363580966193,0.7031854377415203,217.8587366053241,52.957314814814815,56.028300716831545,2215.2445836285797
CLAHE,vid_000249_frame0000028.jpg,19.706176250697297,0.7035912545914131,243.26966860903892,63.15199074074074,62.733297638582854,2036.586700482119
CLAHE,vid_000249_frame0000033.jpg,19.790419884613467,0.7167253613097627,251.77669240291746,66.39668402777778,65.09463114612929,2068.5688217878933
CLAHE,vid_000251_frame0000014.jpg,22.120564782307802,0.7504867148875481,214.77834395544048,71.82127893518519,55.95987171901638,1959.2858073130665
CLAHE,vid_000251_frame0000015.jpg,22.161147099637617,0.7541095541309852,214.6137314506724,72.11581018518518,56.021573453158865,1870.313610879496
CLAHE,vid_000251_frame0000016.jpg,21.655719185573492,0.7595093672600691,210.21623106256192,69.30258101851852,55.00410860331936,1869.4395127957482
CLAHE,vid_000251_frame0000017.jpg,20.710492638019076,0.7410913623756454,208.08871094261283,65.97251736111112,54.09777255915411,2027.411085836997
CLAHE,vid_000251_frame0000018.jpg,20.45088062624216,0.7319075342002104,204.07626376893205,63.720104166666665,52.96221162028047,2058.1027782106
CLAHE,vid_000251_frame0000019.jpg,20.520559806131168,0.72976980243585,204.98471306493616,63.23545717592592,53.133067631095116,2080.5843108662334
CLAHE,vid_000251_frame0000020.jpg,20.194829340189706,0.7218228482490124,208.97322119112764,63.483136574074074,53.979036829252095,2188.519731738147
CLAHE,vid_000251_frame0000021.jpg,20.04055671383837,0.7239522103587163,209.8880857974712,63.282609953703705,54.255988092399406,2185.4057337770064
CLAHE,vid_000251_frame0000022.jpg,19.86344670221885,0.7197735827924424,209.69566425562712,62.803269675925925,54.09643968657201,2136.50982244714
CLAHE,vid_000251_frame0000023.jpg,19.86472630156413,0.7201083506423687,208.9475319251667,62.91336805555556,53.972039932202286,2119.962097974537
CLAHE,vid_000251_frame0000026.jpg,19.850004118583154,0.7218768646731601,209.68723153962478,62.89032407407407,54.18029451547734,2162.560923750127
CLAHE,vid_000251_frame0000027.jpg,19.74428886680361,0.7186940349194505,211.5377319748728,63.139149305555556,54.53982251969677,2191.446840148641
CLAHE,vid_000251_frame0000028.jpg,19.72035442930453,0.7156012877517498,212.47249823766208,63.26656828703704,54.704388030765585,2176.3107045073248
CLAHE,vid_000251_frame0000029.jpg,19.69623472049913,0.716911715574259,212.01110649755287,63.58410300925926,54.69018039626882,2109.155259720079
CLAHE,vid_000251_frame0000030.jpg,19.590684089024194,0.7115253020569049,211.65634540148517,63.578125,54.45181490533052,2259.8055873708636
CLAHE,vid_000265_frame0000005.jpg,27.07604765440606,0.9477492261237503,97.22838967395893,159.49427083333333,25.099260623439008,967.4413556664737
CLAHE,vid_000265_frame0000006.jpg,27.644332798482974,0.9399672547658317,98.16911973917865,162.48212962962964,25.225301545418052,883.3467529221524
CLAHE,vid_000277_frame0000021.jpg,25.421715544044623,0.7374233132131129,196.5740994674665,75.81409143518519,51.12428793125388,1718.2216004047912
CLAHE,vid_000282_frame0000047.jpg,25.568821879635433,0.914645610571356,106.88736172135475,85.551875,27.46718633548181,512.3749548969787
CLAHE,vid_000282_frame0000048.jpg,25.431946206193373,0.9082313691721842,107.87144913352054,87.24848958333334,27.587637410272713,537.4372246669441
CLAHE,vid_000282_frame0000049.jpg,25.309170028786493,0.9128427133725299,113.41175152913104,93.33023726851852,29.130237369889574,503.7097787588614
CLAHE,vid_000282_frame0000050.jpg,25.097836131044357,0.9131311473902697,119.78715184109454,96.98568865740741,30.632897848589835,588.5534141090843
CLAHE,vid_000282_frame0000051.jpg,24.97849349864124,0.9033985324667194,124.35353886463061,98.1146238425926,31.62472081613976,646.5553200788751
CLAHE,vid_000282_frame0000053.jpg,24.98260567648884,0.9076359221445344,134.47171380764988,103.9684375,34.15749181166775,678.5247835883918
CLAHE,vid_000282_frame0000054.jpg,24.999212459543806,0.9056353092456124,136.6255485203077,104.29043981481482,34.624167944155445,733.1527517842023
CLAHE,vid_000282_frame0000055.jpg,24.935155642655612,0.905405050819133,136.71428799666478,104.88822337962964,34.621498355043066,756.9040267553677
CLAHE,vid_000282_frame0000056.jpg,24.819429438088413,0.9092438956071677,136.85148920284453,105.20268518518519,34.74804210728686,716.444367764998
CLAHE,vid_000282_frame0000057.jpg,24.86709106046075,0.90846654752786,137.97473234148484,105.26523726851852,34.96531369690354,756.2089278184679
CLAHE,vid_000298_frame0000022.jpg,26.72602204197595,0.7926219345929075,176.79485065971485,70.01525462962962,46.85169147584884,1621.849674772504
CLAHE,vid_000304_frame0000020.jpg,22.624743354997875,0.8691905803309266,245.91850222277282,148.32420717592592,64.21106220052773,783.8048369137612
CLAHE,vid_000338_frame0000019.jpg,24.937571036338547,0.8271697873968239,110.3249186591595,85.72219907407407,26.285685815782866,3540.734703853202
CLAHE,vid_000338_frame0000020.jpg,24.063016608236776,0.8072348196525901,116.31355397541753,84.6364737654321,27.28993282427284,3931.1815768889437
CLAHE,vid_000340_frame0000023.jpg,25.83937098392491,0.8872420441741639,99.69616174613252,72.52025462962963,24.713978468172364,3911.0073462762316
CLAHE,vid_000340_frame0000024.jpg,25.684952447815302,0.8667485804864988,102.28136811775855,72.33632716049382,25.043153522711588,3988.0646474155997
CLAHE,vid_000340_frame0000026.jpg,25.8459455118941,0.8755894462423819,102.2934221178211,72.60890432098765,25.21654410578487,3856.677205752744
CLAHE,vid_000340_frame0000028.jpg,25.680443858150944,0.8662583427889091,104.60112026657887,72.71921296296296,25.624282007364,4066.974375552448
CLAHE,vid_000340_frame0000029.jpg,26.068416809263017,0.8941744253120593,99.7265346493526,72.64996141975308,24.78906405570349,3841.7671905006855
CLAHE,vid_000340_frame0000030.jpg,25.488366488061004,0.8660637697172858,103.95875460618188,73.32195216049382,25.457570538688078,4000.4531039951394
CLAHE,vid_000340_frame0000031.jpg,25.838823154719435,0.8788333208880625,102.4107728541497,73.35976851851852,25.25139518102696,3947.9858560670414
CLAHE,vid_000340_frame0000036.jpg,25.828799210116188,0.8925564896669907,100.74801410420669,72.2341512345679,25.00658592983091,3931.518416892373
CLAHE,vid_000342_frame0000212.jpg,27.325791755547847,0.9018321866436766,106.76205767240796,87.19371141975309,26.768052042408996,3404.8555038979744
CLAHE,vid_000342_frame0000213.jpg,27.009110489422948,0.8763783239665116,109.44664521634614,86.88015432098766,27.02286362727238,3636.020851654128
CLAHE,vid_000342_frame0000225.jpg,27.110363285253403,0.8843943782627762,109.05074503197811,87.8427237654321,27.018439525095175,3703.126725906636
CLAHE,vid_000342_frame0000227.jpg,27.229834471524285,0.8853627539211439,110.39910833337969,88.33457561728395,27.43021019004228,3607.459929982508
CLAHE,vid_000342_frame0000228.jpg,27.248457582747797,0.8940362739458653,109.88749897765916,88.65512345679012,27.437902869455005,3541.125504358079
CLAHE,vid_000342_frame0000265.jpg,27.351849479179023,0.9029146590712633,108.19729714443216,87.47219135802469,27.152636654599778,3473.9978418180694
CLAHE,vid_000342_frame0000266.jpg,27.408410943930953,0.9092885751785723,107.99034446256346,87.3234799382716,27.182893891148478,3373.672872221984
CLAHE,vid_000342_frame0000267.jpg,27.3019367732985,0.8985932006911937,108.47425329933574,86.89783950617284,27.128259802283072,3553.383712168435
CLAHE,vid_000342_frame0000268.jpg,27.532546459724195,0.9049246130518852,106.72524459443984,85.99361882716049,26.725461186641063,3411.3858126828395
CLAHE,vid_000342_frame0000269.jpg,27.41512120218022,0.9072887511646562,107.55649574891645,86.23381944444445,26.994866277113722,3401.858545864709
CLAHE,vid_000429_frame0000010.jpg,17.59061213049462,0.7736902296419504,223.27487463078685,117.84517361111111,52.79618731054397,854.7976483321745
CLAHE,vid_000429_frame0000013.jpg,19.105578080510732,0.803114794424982,202.99213306695015,107.19849537037037,49.873793938401796,534.5933193825218
CLAHE,vid_000429_frame0000014.jpg,18.808088065460964,0.8009128004560132,214.01829326512552,108.31527777777778,51.93010168518786,719.526071051419
CLAHE,vid_000444_frame0000001.jpg,24.08604556738792,0.8596937678428093,145.97255278814146,94.82816358024691,35.07893031257476,5628.120191400833
FUNIEGAN,vid_000002_frame0000013.jpg,18.210962949026,0.7606885155735874,109.35151779677749,112.92922839506173,25.941117869479065,3484.7797426554043
FUNIEGAN,vid_000002_frame0000014.jpg,18.460978068430002,0.7538594726834353,108.35686572860286,108.95764660493828,25.612683809602373,3357.039197316529
FUNIEGAN,vid_000002_frame0000015.jpg,17.994054336361845,0.7477376752455135,109.68400610916822,107.97928240740741,25.814976956943617,3610.132469122407
FUNIEGAN,vid_000002_frame0000016.jpg,17.9270899324874,0.7515911272489726,109.02465798986788,105.90885030864197,25.607266560185266,3669.3841042807403
FUNIEGAN,vid_000002_frame0000017.jpg,18.015102577039983,0.760495771518061,106.61229900731878,105.13989969135802,25.11892769178254,3634.366965053381
FUNIEGAN,vid_000002_frame0000018.jpg,18.202912570670975,0.7310264708658213,111.86391276379828,104.09785493827161,26.062460143509927,3841.35375408641
FUNIEGAN,vid_000002_frame0000019.jpg,17.952668268253817,0.7843074169715548,106.3329917124357,106.6058024691358,25.286923442671895,3574.4792552962112
FUNIEGAN,vid_000002_frame0000020.jpg,18.166681547574278,0.7449696602028645,111.4622794725015,104.95277777777778,26.223868680655166,3733.656768057461
FUNIEGAN,vid_000002_frame0000021.jpg,18.04718480392536,0.7619864850570814,109.14426847372711,106.07117283950618,25.785337358633136,3636.3637870939547
FUNIEGAN,vid_000002_frame0000022.jpg,18.365965438094317,0.7306520494259461,115.99434186231701,104.14964506172839,27.15193274952103,3911.309995975271
FUNIEGAN,vid_000003_frame0000001.jpg,18.27178698018141,0.6722598953958697,117.23684613210685,104.04670524691358,26.781667578985232,4115.373024469818
FUNIEGAN,vid_000003_frame0000002.jpg,18.004099468447638,0.7438887907347288,107.77057468828946,106.76972993827161,25.24285454612737,3612.5103012000363
FUNIEGAN,vid_000003_frame0000003.jpg,18.06423883874135,0.7212410863930346,112.16342025122522,105.79489197530864,26.096502387696457,3808.0518494926814
FUNIEGAN,vid_000003_frame0000004.jpg,18.035405186645992,0.7421728888596527,109.16940114666846,106.4873688271605,25.517887898475294,3767.1743686154455
FUNIEGAN,vid_000003_frame0000005.jpg,18.163500322580717,0.7402074170183512,109.85233734135034,106.75007716049383,25.716915549194784,3799.704125504341
FUNIEGAN,vid_000003_frame0000006.jpg,17.894808470272217,0.7645221073203009,110.46456115251881,108.80875771604939,26.116986493230698,3825.160204577951
FUNIEGAN,vid_000003_frame0000022.jpg,18.238372145129738,0.7847586226685205,106.44747076685239,107.48049382716049,25.453119986360914,3401.745991253001
FUNIEGAN,vid_000003_frame0000023.jpg,18.088772151775366,0.7775667746542672,104.88990737992634,107.4575,24.93520676358214,3463.952533847677
FUNIEGAN,vid_000004_frame0000010.jpg,18.076007498559473,0.7488083034436618,109.53241084609485,106.8005787037037,25.826391384571185,3574.057720900432
FUNIEGAN,vid_000004_frame0000011.jpg,18.09610144766442,0.7564175640538636,106.61709667789643,107.1814274691358,25.155612775982448,3482.2566062697665
FUNIEGAN,vid_000004_frame0000012.jpg,18.11352285448708,0.734079817328849,111.13420852590266,106.37140432098765,26.015301590699327,3718.1206806498626
FUNIEGAN,vid_000005_frame0000007.jpg,18.060262340321206,0.7812573805354602,101.56607346767932,104.65679783950617,24.18184001807448,3305.7301614073695
FUNIEGAN,vid_000021_frame0000001.jpg,18.27962514827019,0.7255737938706487,120.29330752015602,102.4019675925926,29.180532219867963,3085.5656837982015
FUNIEGAN,vid_000021_frame0000007.jpg,18.058963662713737,0.7808342201466556,117.847241512665,103.96108796296296,29.058132556024603,2962.591733024632
FUNIEGAN,vid_000021_frame0000015.jpg,17.96371012662881,0.7852988136306589,118.04226104127349,105.80864197530865,29.125319677282807,2968.639978105472
FUNIEGAN,vid_000021_frame0000022.jpg,18.304778319431698,0.7698924125750927,120.1277169493157,105.08965277777777,29.43086863715479,3038.2391882370734
FUNIEGAN,vid_000021_frame0000023.jpg,18.253025825314985,0.7740915740120533,120.54771055083008,105.8925462962963,29.582751376607995,3059.3886192120103
FUNIEGAN,vid_000021_frame0000024.jpg,18.063119809005066,0.772714417361979,121.60181701295146,106.69652006172839,29.86266983406582,3129.233164911742
FUNIEGAN,vid_000021_frame0000025.jpg,17.976359999991374,0.7864200271845155,120.01270283858315,107.51402006172839,29.558531664793666,3001.7819779830033
FUNIEGAN,vid_000021_frame0000026.jpg,17.870613504638555,0.7979575369813333,119.47088588286766,107.7523688271605,29.54682172709289,3067.7960209104945
FUNIEGAN,vid_000021_frame0000027.jpg,18.124901874585188,0.7974345391977978,119.53135261083467,106.81868055555556,29.537523761944936,2971.352662071271
FUNIEGAN,vid_000021_frame0000028.jpg,18.108848709955584,0.7821441214912405,121.51651398039849,106.46162037037037,29.892298326262093,3086.811632415028
FUNIEGAN,vid_000021_frame0000029.jpg,18.074108171128756,0.7949547912140976,120.6723017925879,107.27380401234568,29.808599185053446,2974.101733746226
FUNIEGAN,vid_000021_frame0000030.jpg,18.121799005090615,0.7810019798437118,122.57831270355801,106.73789351851852,30.09570017493406,3137.0364339462703
FUNIEGAN,vid_000021_frame0000031.jpg,18.066094213991217,0.7938479653255693,121.76048949745939,107.49434413580246,30.00135720364302,3025.278517824074
FUNIEGAN,vid_000021_frame0000035.jpg,18.158437943669075,0.7968205894781738,116.8827256016398,107.02354938271606,28.965421345082806,2831.6236987139323
FUNIEGAN,vid_000022_frame0000029.jpg,18.88149368322892,0.822351108382989,126.73053347605061,111.57006944444444,31.780437643559367,3164.9617465605825
FUNIEGAN,vid_000023_frame0000010.jpg,19.12360372933626,0.8011825662016978,133.10892313205864,114.88031635802469,33.30160533832858,3149.1045916394582
FUNIEGAN,vid_000023_frame0000011.jpg,19.150882475782492,0.8137868112643886,135.06922264565787,115.75737654320987,33.981068502539244,3133.242937835731
FUNIEGAN,vid_000023_frame0000012.jpg,19.30926619980085,0.797899622616299,135.5036234884045,114.48877314814816,33.82474481222466,3189.4187118731897
FUNIEGAN,vid_000023_frame0000013.jpg,19.21810675851939,0.8003295791527684,134.97650012641245,115.27368827160494,33.77955704800783,3213.4055243097823
FUNIEGAN,vid_000023_frame0000014.jpg,19.20387257272405,0.7896989687294612,135.44928458387213,114.73270061728395,33.7342675054079,3211.7948945101143
FUNIEGAN,vid_000023_frame0000015.jpg,19.22525177526119,0.813285077164308,132.74449031339927,114.2504012345679,33.29974094122342,3118.049424515544
FUNIEGAN,vid_000023_frame0000016.jpg,19.183134188137526,0.8107692836795005,131.99792029809598,113.12266203703703,33.07133855716973,3123.337238736474
FUNIEGAN,vid_000023_frame0000017.jpg,19.125277479839017,0.8240791008344334,131.07538222102878,112.16686728395062,33.051427301518636,3034.837031884431
FUNIEGAN,vid_000023_frame0000018.jpg,18.973818146543838,0.8119537346837102,131.15448984039267,110.72782407407408,32.91199887982112,3162.7507876083578
FUNIEGAN,vid_000023_frame0000019.jpg,18.596598788715436,0.8297755211457125,131.87332169108055,111.55242283950618,33.40269148051088,3069.396517922609
FUNIEGAN,vid_000024_frame0000031.jpg,19.046314960881404,0.8071210127369253,127.90811355320366,116.6953163580247,31.753572506922534,3175.4138460976196
FUNIEGAN,vid_000024_frame0000032.jpg,19.054989557836972,0.7884896470357744,128.24496830910863,115.2861188271605,31.623853054370187,3299.1330995879416
FUNIEGAN,vid_000024_frame0000033.jpg,19.077408512373488,0.8086325315400961,126.11544773163666,114.71314043209877,31.335345239516055,3230.508826002551
FUNIEGAN,vid_000025_frame0000009.jpg,18.61262329048238,0.8389996053512796,121.55605862728869,110.52969135802469,30.667811440445426,3030.8929858215215
FUNIEGAN,vid_000025_frame0000010.jpg,18.664402382989923,0.8186128225312238,121.53936989034467,109.48511574074074,30.36551041730191,3075.1669432998374
FUNIEGAN,vid_000025_frame0000011.jpg,18.586737064291576,0.8247010461818111,120.27637527263562,110.11552469135802,30.118803389675588,3139.282922530864
FUNIEGAN,vid_000025_frame0000012.jpg,18.60457489022869,0.8176869235170265,120.20806464649951,109.63537808641975,30.010395420046443,3057.5818645546956
FUNIEGAN,vid_000025_frame0000013.jpg,18.46859177765133,0.8259182883532391,119.53407110583125,109.99305555555556,29.972639754840692,3036.576245938119
FUNIEGAN,vid_000026_frame0000003.jpg,18.019813064950355,0.8100821913323948,117.87123715775782,106.45481481481481,29.36427258753971,3164.7969642484354
FUNIEGAN,vid_000026_frame0000004.jpg,18.05350749514198,0.7878068742082677,118.59654114571468,107.12423611111112,29.245986676550892,3224.8828656226187
FUNIEGAN,vid_000026_frame0000009.jpg,18.38555568601886,0.8325147919438781,125.51114982566631,118.41999228395062,31.60887543353575,3171.9889639536655
FUNIEGAN,vid_000026_frame0000010.jpg,18.93898841408265,0.8182910348068542,128.9908949480247,120.26581790123457,32.38779426553456,3110.8327258399545
FUNIEGAN,vid_000026_frame0000011.jpg,19.068671099092015,0.8319072872199559,130.43887694285277,124.58890432098765,32.929684444686806,3060.465393464935
FUNIEGAN,vid_000026_frame0000012.jpg,19.099839413275458,0.769333674760695,134.70218547522438,124.4587037037037,33.30905029647272,3235.835849268166
FUNIEGAN,vid_000026_frame0000013.jpg,19.126064729844966,0.7754976731999,134.9888871065469,125.15550154320988,33.400013535126035,3213.3253569937415
FUNIEGAN,vid_000026_frame0000014.jpg,19.22558076631356,0.7512854118413476,139.70596396627107,125.56315586419753,34.39662799620999,3296.5437910521805
FUNIEGAN,vid_000026_frame0000015.jpg,19.170273084367327,0.800064872753539,133.75902082782952,121.53081018518519,33.42370215202534,3109.251395240281
FUNIEGAN,vid_000026_frame0000016.jpg,18.955053630259222,0.7951752981815167,130.40663145210485,115.8516975308642,32.51123187047321,2961.018786822643
FUNIEGAN,vid_000026_frame0000017.jpg,18.789020191945628,0.8122868296585916,131.44946138464252,114.07375771604939,33.05067937307107,2926.348636628313
FUNIEGAN,vid_000027_frame0000056.jpg,18.974690817348737,0.7904069244871211,118.77347125236552,123.14209104938271,28.92624913184198,3477.440411293058
FUNIEGAN,vid_000027_frame0000072.jpg,18.730440300994193,0.7785715458512453,117.20998583008678,120.86014660493827,28.506355442177995,3458.4830548351533
FUNIEGAN,vid_000028_frame0000001.jpg,18.833335882736733,0.8139504212462617,112.68216937678929,113.01745370370371,27.93784361510484,2810.7044989023684
FUNIEGAN,vid_000028_frame0000002.jpg,18.761858866292997,0.8366763292995758,111.30200062077712,113.62452160493827,27.76548540103502,2791.2970101620845
FUNIEGAN,vid_000028_frame0000003.jpg,18.715746641436425,0.838398492417579,112.45169604415563,113.99189814814815,28.122027345380303,2740.968061263944
FUNIEGAN,vid_000028_frame0000004.jpg,18.71656595727972,0.8335832475432646,113.20785373333472,113.80778549382715,28.19815037828645,2864.0397440519737
FUNIEGAN,vid_000028_frame0000005.jpg,18.457349481838712,0.8419640171159585,112.36140720020398,114.12685185185185,28.135201381113838,2805.029557325901
FUNIEGAN,vid_000028_frame0000006.jpg,18.76156013087011,0.8384835096803583,112.23090702776054,112.63816358024691,28.01575753186682,2809.8424408283804
FUNIEGAN,vid_000028_frame0000007.jpg,18.619114512342648,0.8406600123918307,112.13161604794433,113.96148148148148,28.03423058022042,2856.8437989709555
FUNIEGAN,vid_000028_frame0000008.jpg,18.64798833768646,0.827729073349155,112.36906081758283,113.4957175925926,27.9230835111758,2868.6901523310094
FUNIEGAN,vid_000028_frame0000019.jpg,18.222881226486955,0.8277542435371106,102.44307565335315,111.55496141975308,25.034946024551665,3145.9357679897666
FUNIEGAN,vid_000028_frame0000020.jpg,18.32774400693115,0.8156630421185636,104.02175045915928,111.16319444444444,25.32681453005824,3169.701178291645
FUNIEGAN,vid_000028_frame0000021.jpg,18.298833172147898,0.8287221817794782,101.5622527132848,110.9179012345679,24.779142412149845,3181.4213186570614
FUNIEGAN,vid_000028_frame0000022.jpg,18.214983969592225,0.8129060629232553,102.53068583748387,109.73104166666667,24.872759828307334,3208.817032913237
FUNIEGAN,vid_000028_frame0000023.jpg,18.181933806663253,0.8140537017638647,101.68665766755666,110.50052469135802,24.662678600956582,3166.6104800487733
FUNIEGAN,vid_000028_frame0000024.jpg,18.246318038616742,0.8024496551681427,103.18463270488371,110.2083950617284,24.88018722919857,3247.050619961646
FUNIEGAN,vid_000028_frame0000025.jpg,18.189247501056613,0.8094301029005493,102.85270125363506,110.85006944444444,24.903375883530572,3254.9496144046616
FUNIEGAN,vid_000028_frame0000026.jpg,18.331541191243588,0.8193489355061043,102.22006612586578,110.86649691358025,24.776820193503948,3205.555120860423
FUNIEGAN,vid_000028_frame0000027.jpg,18.34496385810518,0.8141359563184313,104.50234665914019,112.40033179012346,25.367469475806306,3275.5780473107543
FUNIEGAN,vid_000028_frame0000032.jpg,18.689038351904998,0.8088753973486781,110.71363041040222,115.41118055555556,27.032268326194437,3209.886352156148
FUNIEGAN,vid_000028_frame0000033.jpg,18.77813577183489,0.8133667926567991,112.43082820890722,115.57211419753087,27.556055105898317,3188.9208069329534
FUNIEGAN,vid_000028_frame0000034.jpg,18.945262129855568,0.8031215331758887,113.99618617335885,114.71712191358024,27.839197154337985,3213.4599778225497
FUNIEGAN,vid_000028_frame0000035.jpg,18.9078607950607,0.8128485799122899,114.08132959372165,114.94270833333333,27.972043694864336,3133.740605659806
FUNIEGAN,vid_000028_frame0000036.jpg,18.69114667918024,0.8288346309727056,113.67821616457138,116.50515432098766,28.011455515550097,3146.5749458838213
FUNIEGAN,vid_000028_frame0000037.jpg,18.92574929339019,0.8120905287878785,115.27408984889193,115.59287037037036,28.235120659819295,3148.4918366474244
FUNIEGAN,vid_000028_frame0000038.jpg,18.914031867872712,0.8128374023009268,114.81812340269849,114.89119598765433,28.06036932776107,3267.968768106757
FUNIEGAN,vid_000028_frame0000039.jpg,18.874193617089897,0.8295556111900666,113.32354037459567,114.46121913580247,27.945025823333825,3045.2519316984353
FUNIEGAN,vid_000028_frame0000040.jpg,18.953107439856716,0.8307486434192378,112.89290334100102,114.63507716049382,27.877591135068435,2957.477723283179
FUNIEGAN,vid_000028_frame0000041.jpg,18.816424333656627,0.8338390556634381,112.70074964908545,114.45895833333333,27.82514873278039,3024.099636266802
FUNIEGAN,vid_000029_frame0000013.jpg,17.88998957918913,0.8238526274017034,115.91163211218065,105.86729938271606,29.063865634287207,2740.1122369339178
FUNIEGAN,vid_000029_frame0000014.jpg,17.95165650592208,0.8206507525432069,116.14121281910239,107.01247685185186,29.04910232470838,2809.28801446277
FUNIEGAN,vid_000029_frame0000017.jpg,17.793797965453393,0.8253022537865835,112.94441548154266,109.00363425925926,28.193737441636966,2943.335109281884
FUNIEGAN,vid_000029_frame0000018.jpg,17.775745520401088,0.8188473633922609,112.75414325004098,108.83029320987654,28.046687744411933,2993.908475305724
FUNIEGAN,vid_000030_frame0000001.jpg,17.69735107260512,0.8038497120570534,112.75877027268096,117.87032407407408,28.11428433264755,2792.773130109739
FUNIEGAN,vid_000030_frame0000014.jpg,17.726667646544527,0.8273651949045213,107.20583642809822,110.67405864197531,26.69482939732181,2776.783227237118
FUNIEGAN,vid_000030_frame0000016.jpg,17.74912664170637,0.8361578091489936,105.86863321179197,109.34804012345678,26.412705232559837,2786.1705390383872
FUNIEGAN,vid_000030_frame0000017.jpg,17.713629871238197,0.8327530616967285,105.45065966038659,109.55871913580246,26.2617747176833,2883.9452399876523
FUNIEGAN,vid_000030_frame0000018.jpg,17.761414378601007,0.8184096015375893,106.49781129805636,108.97998456790124,26.346460347440754,2921.4442160377125
FUNIEGAN,vid_000030_frame0000019.jpg,17.741522037995136,0.8308043875273836,106.1248276405835,109.97709104938272,26.422295080868267,2884.7229849464998
FUNIEGAN,vid_000030_frame0000020.jpg,17.668936245757408,0.8227788163337434,106.13554323045729,110.15378086419753,26.335230409188863,2845.087288271605
FUNIEGAN,vid_000030_frame0000021.jpg,17.750209362193445,0.8379791219572151,103.36997678038206,110.56183641975309,25.76420416742285,2800.761148280976
FUNIEGAN,vid_000031_frame0000011.jpg,17.540692043066525,0.8061986192016483,94.08017022894472,102.54118827160494,22.804905616839307,3099.5529494941106
FUNIEGAN,vid_000031_frame0000012.jpg,17.44187987024257,0.7916677224092398,96.62917693534848,102.35516975308641,23.312691189476073,3186.6438208327977
FUNIEGAN,vid_000031_frame0000013.jpg,17.52065216455654,0.808015031160343,93.89639924863636,102.68793981481481,22.739725727388876,3127.0648016782407
FUNIEGAN,vid_000031_frame0000014.jpg,17.480993807298727,0.7983804260561879,95.43887087875052,102.14288580246914,23.0132352620769,3171.4003398319023
FUNIEGAN,vid_000031_frame0000015.jpg,17.43162214578845,0.7958129707280422,96.24328659296825,102.69200617283951,23.219975987587915,3184.7629543702847
FUNIEGAN,vid_000031_frame0000016.jpg,17.518353941299353,0.8027256015863307,97.0024532763533,101.9279012345679,23.49580411535818,3273.2780620184017
FUNIEGAN,vid_000031_frame0000017.jpg,17.439749594706505,0.7988885792219852,96.88864061634123,103.25388117283951,23.463449962972035,3234.078748570864
FUNIEGAN,vid_000031_frame0000025.jpg,17.83701481362579,0.8175482684555334,109.1935832351906,109.99986111111112,27.162955608477464,2895.5355298294376
FUNIEGAN,vid_000031_frame0000026.jpg,17.90100421317568,0.824755981466969,110.91771092702356,111.46026234567901,27.701144758273603,2918.60667442981
FUNIEGAN,vid_000031_frame0000027.jpg,17.86733911946901,0.8365958946416713,118.38766667990889,113.78743827160494,29.959723780320527,2700.601013438726
FUNIEGAN,vid_000031_frame0000028.jpg,17.855262117649144,0.8291624588330325,114.2796718984076,108.29057098765432,28.878698480169444,2513.7222016326946
FUNIEGAN,vid_000031_frame0000029.jpg,17.685805939875788,0.8270402921005914,115.64542155708881,107.87418981481481,29.24748322834574,2536.686931598592
FUNIEGAN,vid_000031_frame0000030.jpg,17.878293528143942,0.812569507539682,119.65645364471845,106.21783950617284,30.157903366376836,2503.9513177276235
FUNIEGAN,vid_000031_frame0000031.jpg,17.81458951681159,0.8222063896500204,117.28069688873626,106.01702932098766,29.640899054020306,2416.6214731460045
FUNIEGAN,vid_000031_frame0000032.jpg,17.834671864320015,0.8075516841142493,117.35670887562753,104.80996913580248,29.539666510133653,2490.7287740016764
FUNIEGAN,vid_000031_frame0000033.jpg,17.767398274570315,0.8210449428615741,117.97762561793023,104.69578703703704,29.82216815948204,2457.1798550144795
FUNIEGAN,vid_000031_frame0000034.jpg,17.437246583619775,0.8105515387470982,130.38151381031213,115.03895833333333,32.60902632690839,2894.2908868440763
FUNIEGAN,vid_000031_frame0000035.jpg,17.54736983675368,0.8146170232979052,132.47034306423103,108.51104938271605,32.94327712205893,3073.765649462496
FUNIEGAN,vid_000031_frame0000036.jpg,17.488553736208367,0.8203300871250937,132.364222357588,107.7277237654321,32.98906608852137,3054.5835434375476
FUNIEGAN,vid_000031_frame0000038.jpg,17.524151540480233,0.8198003246929032,134.17840136927023,112.35789351851852,33.38635353021077,3107.2465378084034
FUNIEGAN,vid_000031_frame0000039.jpg,17.71914052613191,0.8228208154323194,139.30027175280944,112.38256172839506,34.73425309232937,3096.9499044109484
FUNIEGAN,vid_000031_frame0000040.jpg,17.860306984785336,0.8192939520510797,138.55783901257553,109.89111111111112,34.48810845336923,3156.175303838735
FUNIEGAN,vid_000031_frame0000048.jpg,18.09576762745936,0.8064078913648007,145.98569150430222,95.03773148148149,36.53653417364221,3040.3721439542733
FUNIEGAN,vid_000035_frame0000001.jpg,16.679836113828394,0.6001506528007025,216.19757193950846,117.8763425925926,49.33412711029235,7557.6571181969575
FUNIEGAN,vid_000035_frame0000008.jpg,16.35349479688765,0.6003772199284823,241.11969275526545,122.83320216049383,54.464749425880456,8130.868231526968
FUNIEGAN,vid_000035_frame0000034.jpg,16.022011022553947,0.5406195885975608,242.12862538949042,125.1620987654321,53.14730741739077,9381.74862937219
FUNIEGAN,vid_000035_frame0000035.jpg,16.445475670883106,0.5829038200754834,222.708639138315,126.49467592592593,49.712525150503275,7810.585337101814
FUNIEGAN,vid_000035_frame0000052.jpg,17.185555758034454,0.598436247318936,203.97898123285833,131.25088734567902,45.7844265497603,6634.083869632999
FUNIEGAN,vid_000035_frame0000053.jpg,16.454654556397173,0.5379172027942284,227.86473043462794,128.53556327160493,49.85726819676181,10099.693524793704
FUNIEGAN,vid_000035_frame0000054.jpg,16.43095773365168,0.5508414829344823,225.0271608124703,127.1041049382716,49.4463477642541,9617.113099994047
FUNIEGAN,vid_000035_frame0000068.jpg,16.297616358042937,0.5550751095156566,230.83606192957507,125.44556327160494,50.97092202011724,8757.340585950835
FUNIEGAN,vid_000035_frame0000073.jpg,16.10830677030686,0.5746632707130374,223.7189001538926,125.34233024691358,49.7472385994806,8173.283483058032
FUNIEGAN,vid_000035_frame0000074.jpg,15.921912470864159,0.563709573694176,228.49828849147698,125.40247685185186,50.60753138676827,8279.053490357559
FUNIEGAN,vid_000035_frame0000075.jpg,15.46963271111671,0.5169843174143113,246.30784571105718,126.42275462962964,53.53320366150215,10722.598590551886
FUNIEGAN,vid_000035_frame0000080.jpg,15.69619404652676,0.5441158082129451,244.6871998430526,128.5254475308642,53.472460177972934,10035.539979537229
FUNIEGAN,vid_000035_frame0000083.jpg,15.832673061831116,0.5509418370232978,233.42756599787117,124.01708333333333,51.33175984973468,9331.243596018137
FUNIEGAN,vid_000035_frame0000084.jpg,15.982591492609252,0.5812480849652891,221.3062558879457,124.15969135802469,49.4454861803223,7733.817940725498
FUNIEGAN,vid_000035_frame0000087.jpg,16.48518431539085,0.5743678592973458,219.01680117530134,125.89649691358025,49.01936027910635,7689.747585506151
FUNIEGAN,vid_000035_frame0000099.jpg,17.494103970363142,0.6515452659612886,163.9881522258339,130.4682175925926,37.729978245383315,5279.5183064171215
FUNIEGAN,vid_000035_frame0000104.jpg,18.61211873631849,0.7043671873022791,152.32609896621273,127.15513888888889,35.76114334418265,4605.799037703618
FUNIEGAN,vid_000035_frame0000107.jpg,18.98618786630969,0.7106107908495384,138.4520537999976,126.55788580246913,32.46867837100547,4260.549624432013
FUNIEGAN,vid_000035_frame0000110.jpg,18.9610453008755,0.7180660090586487,144.32593276188962,129.78171296296296,34.040521271328714,4434.263656489995
FUNIEGAN,vid_000035_frame0000111.jpg,18.998818037058452,0.7293133080792561,145.87552528041067,130.99760030864198,34.49955406019899,4485.488244405805
FUNIEGAN,vid_000035_frame0000112.jpg,18.960753058980437,0.716613212157115,148.86848583977024,131.8650925925926,35.146244868925734,4504.365882407407
FUNIEGAN,vid_000035_frame0000113.jpg,18.78888857522806,0.7024473552847056,153.9067526478269,131.0348765432099,36.16460315392739,4816.5194173239
FUNIEGAN,vid_000035_frame0000114.jpg,18.73360595581984,0.7021777678848515,155.00402799404418,130.88814043209877,36.38722232950493,4767.881494758563
FUNIEGAN,vid_000035_frame0000115.jpg,18.57322814629939,0.7115171313175974,145.19392162558142,130.2548225308642,34.09039357802906,4478.180306240475
FUNIEGAN,vid_000035_frame0000116.jpg,18.46382605695324,0.7091176114591953,143.47829587050674,128.9967438271605,33.74570327311817,4273.446731709152
FUNIEGAN,vid_000035_frame0000117.jpg,18.295582792729924,0.6975735696254214,147.13561268197645,126.61179012345679,34.48264574980536,4406.42303081752
FUNIEGAN,vid_000035_frame0000118.jpg,18.294629391785847,0.7067390249616343,147.2940534808844,126.47131944444445,34.73553693540903,4325.54848321277
FUNIEGAN,vid_000035_frame0000119.jpg,18.364126025148074,0.7086289138534082,147.2523050788488,128.1033950617284,34.693026226036686,4284.2898317212985
FUNIEGAN,vid_000035_frame0000120.jpg,18.260183556382053,0.6988439535362826,153.1127227301138,128.87963734567901,36.014443418509536,4543.938240716927
FUNIEGAN,vid_000035_frame0000121.jpg,18.08113907248909,0.6804688165868275,160.19050956740858,127.35299382716049,37.527601492142395,4774.537005426003
FUNIEGAN,vid_000036_frame0000001.jpg,17.186255357034753,0.6201798527919459,198.85413431773085,118.55237654320987,45.93371419001858,6873.066469290064
FUNIEGAN,vid_000036_frame0000002.jpg,17.281140162605134,0.6620077579941611,194.95605495267398,119.13174382716049,45.48461656627754,6505.8660455054005
FUNIEGAN,vid_000036_frame0000003.jpg,17.44399329166836,0.6665044871235142,195.8324642615109,118.81881944444444,45.71553234264828,6444.829146189605
FUNIEGAN,vid_000036_frame0000010.jpg,17.131197675021454,0.6414929686165334,200.6121478893366,119.87355709876543,46.62796154333314,6723.2335234452985
FUNIEGAN,vid_000036_frame0000011.jpg,17.15134295509554,0.6533483736576701,201.62045621886563,119.99748456790124,47.13419190080315,6485.982720547495
FUNIEGAN,vid_000036_frame0000012.jpg,17.24681082558802,0.6472865580968356,202.62073320930386,118.89654320987654,47.270429221568776,6474.431396361072
FUNIEGAN,vid_000036_frame0000013.jpg,17.471660717922937,0.6684201408384377,199.86318342624065,117.49402006172839,46.95599885464975,6183.39851804216
FUNIEGAN,vid_000036_frame0000016.jpg,17.504436406712717,0.6757515338383779,201.18786827432132,116.58383487654321,47.517195485163086,6238.5068728506985
FUNIEGAN,vid_000036_frame0000037.jpg,17.031918169452137,0.687988628665737,194.7898383949189,119.3011574074074,46.10445649993323,6253.166348000912
FUNIEGAN,vid_000036_frame0000041.jpg,16.971801191899335,0.6701094520724901,201.92516936378226,119.24375,47.64160438790395,6229.731718448978
FUNIEGAN,vid_000036_frame0000043.jpg,17.195822283298735,0.6729059979068047,200.54757628736184,117.39845679012346,47.36691604139776,6248.275423506087
FUNIEGAN,vid_000036_frame0000044.jpg,17.14221154045953,0.6720978031960249,201.0635746822284,117.9407638888889,47.433573130329336,6254.135121727764
FUNIEGAN,vid_000036_frame0000045.jpg,17.183171413761436,0.6652090168144991,204.52955338868165,118.88181327160494,48.01650811917668,6441.335201377219
FUNIEGAN,vid_000036_frame0000054.jpg,17.061611369331114,0.6327649516111489,213.5024379696889,120.48625,49.4526693765702,6996.369143478271
FUNIEGAN,vid_000037_frame0000001.jpg,19.038241700200672,0.6784133733178966,165.48737144025773,130.51889660493828,38.467473606078826,5620.800098033777
FUNIEGAN,vid_000037_frame0000002.jpg,19.067590255498057,0.7305674836664435,158.2211161262292,131.81246913580247,37.37182583344826,5054.094258744795
FUNIEGAN,vid_000037_frame0000003.jpg,18.994867302089666,0.688457878281327,160.25938792208606,130.93369598765432,37.25181175161749,5549.493198451968
FUNIEGAN,vid_000037_frame0000004.jpg,18.9374217398001,0.7015305220778848,152.93500828944264,129.36402777777778,35.469699716441596,5357.315392283952
FUNIEGAN,vid_000037_frame0000005.jpg,18.782188803492957,0.6739406418268007,157.64756241172304,128.6255864197531,36.198736203665064,5766.326972520803
FUNIEGAN,vid_000037_frame0000006.jpg,18.887791845711664,0.7161748014918548,153.03296337919497,128.9617824074074,35.58913883904056,5227.550009704837
FUNIEGAN,vid_000037_frame0000007.jpg,18.914626292357156,0.7102529187323633,158.65908784409004,128.54050925925927,36.7948199569801,5060.649802125247
FUNIEGAN,vid_000037_frame0000008.jpg,18.30641118590189,0.6666987868020436,171.04556799210403,128.8929938271605,39.083930742334076,5903.0669586153035
FUNIEGAN,vid_000037_frame0000009.jpg,17.924555869045562,0.6834333522489614,179.28407413825784,128.15765432098766,41.37799864249458,5612.807273555324
FUNIEGAN,vid_000037_frame0000016.jpg,17.256503610073953,0.6498839374591701,212.9803183299797,122.47159722222223,48.83230844024479,7347.530636849791
FUNIEGAN,vid_000037_frame0000019.jpg,17.190458692633765,0.6351974407424662,220.93734933978007,122.14304012345679,50.34805419406017,7914.556965465856
FUNIEGAN,vid_000038_frame0000001.jpg,19.128516134725604,0.7829446773235921,119.34279581258187,126.22956790123457,29.287022825581474,3473.847824633964
FUNIEGAN,vid_000038_frame0000003.jpg,18.68294421633526,0.824135123721765,118.19508058786974,125.60622685185186,29.427994300869283,3211.97839879919
FUNIEGAN,vid_000038_frame0000004.jpg,19.005616030309262,0.7860357373031462,117.81757799386261,122.53598765432099,28.789326049682185,3435.190997735137
FUNIEGAN,vid_000038_frame0000005.jpg,18.930998383032367,0.7871786368250445,118.12909804737443,123.52151234567901,28.84617114433247,3485.8861884639705
FUNIEGAN,vid_000038_frame0000007.jpg,18.989505511195993,0.7721887887544622,118.55452805945623,122.70258487654321,28.79044352524187,3518.144604263772
FUNIEGAN,vid_000038_frame0000018.jpg,19.15653914407306,0.7797591049035643,122.21006694266049,127.92090277777778,29.751177247997806,3469.2335941462807
FUNIEGAN,vid_000038_frame0000019.jpg,18.926121569806053,0.8100496190167675,121.532929956489,129.7505324074074,30.025272978999805,3351.2258197344513
FUNIEGAN,vid_000038_frame0000020.jpg,19.02097043796667,0.7712938322543432,124.59216216362768,127.4151774691358,30.245035500428965,3481.108320567558
FUNIEGAN,vid_000038_frame0000021.jpg,19.12251771912465,0.7809629894393071,124.34212307073082,126.41949074074074,30.22520818153612,3492.051344015537
FUNIEGAN,vid_000038_frame0000022.jpg,19.015816764505253,0.7677595880494342,125.39586421622428,125.62986111111111,30.244845805859484,3687.545462236845
FUNIEGAN,vid_000038_frame0000023.jpg,18.966993911871906,0.7741856757446431,125.39840352308602,126.40336419753086,30.408005582362513,3559.9100000070844
FUNIEGAN,vid_000038_frame0000024.jpg,18.97527439127753,0.7542483362555249,128.84726692275788,126.14871141975308,30.99389262877455,3721.847599678974
FUNIEGAN,vid_000038_frame0000030.jpg,19.031382521746547,0.7410263369121938,136.28332601415116,124.20717592592592,32.66637912363868,3946.527587362766
FUNIEGAN,vid_000038_frame0000031.jpg,18.87250292516483,0.7506763758221663,136.4191856658039,125.31181327160493,32.951466873093665,3819.807586853185
FUNIEGAN,vid_000038_frame0000032.jpg,18.914975444797737,0.7520643166811255,135.55569149465776,123.95358024691357,32.677015171449874,3773.5703211671594
FUNIEGAN,vid_000040_frame0000003.jpg,17.800076163500194,0.73612262945319,126.05700821075772,104.80453703703704,30.102232512802118,3525.1971548010974
FUNIEGAN,vid_000040_frame0000015.jpg,17.72942175815381,0.6929557327783589,121.24258623643152,104.64680555555556,27.88420955618614,3883.166187756666
FUNIEGAN,vid_000040_frame0000016.jpg,17.908956696672902,0.6918076975018949,121.14451164167428,104.73495370370371,27.823271032620283,3885.5557399498457
FUNIEGAN,vid_000040_frame0000019.jpg,18.64533366718658,0.7183301444079048,118.72893735378892,107.26593364197531,27.469889182620907,3651.1583894532437
FUNIEGAN,vid_000040_frame0000020.jpg,18.397678627590214,0.6624886382651299,130.4793309750125,107.42793981481482,29.55681166789961,4251.510951431756
FUNIEGAN,vid_000040_frame0000021.jpg,18.66967104978479,0.681927276211384,125.35570890120526,107.7820987654321,28.636484227790902,3885.330113768802
FUNIEGAN,vid_000040_frame0000022.jpg,18.700130629682615,0.6858937209282194,124.57796969480299,107.38378086419753,28.469434485121,3872.2638618012093
FUNIEGAN,vid_000040_frame0000039.jpg,19.237539738062853,0.7371699613554124,111.23294412176729,106.75929783950617,25.8879789861714,3574.676551553689
FUNIEGAN,vid_000040_frame0000040.jpg,19.304727312768154,0.7215453641124799,122.81128032413623,108.29921296296297,29.053619162121777,3433.961774637774
FUNIEGAN,vid_000041_frame0000005.jpg,18.582838489761567,0.7930620241412605,103.54827092432926,111.27881944444445,24.877328952854057,3297.9873084561596
FUNIEGAN,vid_000041_frame0000006.jpg,18.650785647497145,0.7801077085247958,104.6624592714692,110.87560185185185,24.992158099267098,3502.799913099185
FUNIEGAN,vid_000041_frame0000007.jpg,18.57812956598974,0.7869157617639936,105.23856568903594,112.85530092592593,25.200540340918455,3501.183062261315
FUNIEGAN,vid_000041_frame0000011.jpg,18.672868770368872,0.7956703926764761,106.88937686747798,114.3945524691358,25.74539257504002,3341.8371208318454
FUNIEGAN,vid_000041_frame0000012.jpg,18.659813358717187,0.77931561691421,108.78264040380151,113.5826774691358,26.08323099478773,3370.1974088134434
FUNIEGAN,vid_000041_frame0000013.jpg,18.48477606233114,0.8136233764176192,106.07219596166296,115.04543981481481,25.734578476420243,3306.456241833788
FUNIEGAN,vid_000041_frame0000014.jpg,18.60366879234703,0.7863658658411793,108.53794636296487,113.79728395061728,26.13348188319201,3409.751122439355
FUNIEGAN,vid_000041_frame0000015.jpg,18.507328641342284,0.8161481799917252,105.37656646035191,113.58423611111111,25.622128624789145,3241.9008439399845
FUNIEGAN,vid_000041_frame0000016.jpg,18.50504894557566,0.8035321533355875,106.6205135373981,112.235,25.76758821000704,3295.784476335305
FUNIEGAN,vid_000041_frame0000017.jpg,18.474431622867606,0.8182184685165477,104.4857803408454,112.63882716049383,25.377893653311112,3302.9661568281676
FUNIEGAN,vid_000041_frame0000018.jpg,18.650075025723034,0.7951139397440024,107.00697502236056,111.57836419753086,25.726001062300444,3316.6379893401827
FUNIEGAN,vid_000041_frame0000019.jpg,18.434361825171624,0.8130365093145683,104.4127164701765,113.73256944444445,25.284530557785423,3212.77404506149
FUNIEGAN,vid_000041_frame0000020.jpg,18.745261653827566,0.7860774549672526,109.24316633602774,112.28662037037037,26.1625485081691,3319.8356469812147
FUNIEGAN,vid_000041_frame0000031.jpg,18.407998291879217,0.7440373478107234,126.07356833605687,109.28264660493826,29.63359962335757,3779.6843390769677
FUNIEGAN,vid_000042_frame0000001.jpg,18.584570774042596,0.7755102104859769,108.7449271399849,106.88489969135803,26.351336152886198,2920.196163158663
FUNIEGAN,vid_000042_frame0000002.jpg,18.509350019357555,0.8191994986742501,104.3065580540478,107.8167824074074,25.582162251255603,2837.4787545009694
FUNIEGAN,vid_000042_frame0000003.jpg,18.48037771904653,0.8121132160029703,105.83296734864373,107.31033179012346,25.93036879741903,2863.071264145852
FUNIEGAN,vid_000042_frame0000005.jpg,18.71732095114154,0.8210928245499552,104.08518649159684,106.05166666666666,25.537911789734235,2802.070998250493
FUNIEGAN,vid_000042_frame0000006.jpg,18.675376628313153,0.8048178511918862,107.30594413719336,105.5317438271605,26.191981945919313,2848.4417789732297
FUNIEGAN,vid_000042_frame0000007.jpg,18.645879699292102,0.8234942478407813,104.50817049740705,105.74144290123456,25.7342899772674,2800.489272833553
FUNIEGAN,vid_000042_frame0000011.jpg,18.43910766886973,0.8337999227155414,102.46081762661215,108.25841820987654,25.336763034732495,2810.887456104014
FUNIEGAN,vid_000042_frame0000012.jpg,18.418015835618874,0.8220108913449966,104.01263397960409,107.99533179012346,25.611168982781845,2840.9636278505923
FUNIEGAN,vid_000042_frame0000013.jpg,18.51851974072764,0.8345417200320226,102.65413428896542,107.6816512345679,25.384239722429548,2761.7517337957606
FUNIEGAN,vid_000042_frame0000014.jpg,18.429630279841515,0.8250621169688878,103.63261241005216,106.57630401234567,25.52172359439237,2845.417229166131
FUNIEGAN,vid_000042_frame0000015.jpg,18.588913199053017,0.8342249165959036,101.30225640811685,105.20748456790123,25.009733096072793,2777.6751170207954
FUNIEGAN,vid_000042_frame0000018.jpg,18.383381959083607,0.8065918822104101,105.01926533310956,106.36896604938272,25.670355191530582,2913.237470957588
FUNIEGAN,vid_000042_frame0000019.jpg,18.504257228315943,0.8334392348263973,101.84449720339407,106.80568672839506,25.120872858142235,2747.2878165102024
FUNIEGAN,vid_000042_frame0000020.jpg,18.588390093998125,0.7999868442176962,106.30725624481309,106.9248688271605,25.939352856290846,2903.675256052574
FUNIEGAN,vid_000042_frame0000021.jpg,18.500637744627245,0.8183357867130301,105.4620625205519,109.59382716049383,25.909138042749987,2844.8576619320133
FUNIEGAN,vid_000043_frame0000009.jpg,18.6888993277244,0.7826537436170112,124.16564994331577,107.6208024691358,30.531745358965072,3220.5296904604384
FUNIEGAN,vid_000043_frame0000010.jpg,18.788677536679938,0.7586496143379966,123.9295952653853,105.88262345679013,30.187868095553082,3252.0938259801646
FUNIEGAN,vid_000043_frame0000011.jpg,18.624933754860372,0.761664735260199,124.61471047258878,105.53104938271605,30.34519495609622,3322.5912605366343
FUNIEGAN,vid_000043_frame0000012.jpg,18.6365184535362,0.7165406233797355,129.54634808532234,103.52225308641975,30.994557943034053,3667.0579125171466
FUNIEGAN,vid_000043_frame0000013.jpg,18.597802006430328,0.7320739873857672,129.6661861906357,104.12108796296296,31.23288503752021,3622.82439175377
FUNIEGAN,vid_000043_frame0000014.jpg,18.673491026799724,0.7762515871042224,124.63340246490266,105.70613425925926,30.511963743860633,3359.1094037913426
FUNIEGAN,vid_000043_frame0000015.jpg,18.82146013491168,0.8055195192030413,124.60417751930612,108.01068672839506,30.883283139272983,3118.5245662034654
FUNIEGAN,vid_000044_frame0000017.jpg,18.181593572226653,0.7854263695409666,107.36137218378002,81.12483796296296,26.530346188432315,2673.6305199387834
FUNIEGAN,vid_000044_frame0000018.jpg,18.24404874158182,0.7769531610739678,108.74876696853333,80.08172067901235,26.739564062205552,2753.6153355037695
FUNIEGAN,vid_000044_frame0000019.jpg,18.09258729523992,0.7918275273461036,107.11697643375066,81.14025462962962,26.566252435254814,2753.8745928878384
FUNIEGAN,vid_000044_frame0000020.jpg,18.019623003416076,0.7792480154348677,109.04704682475995,80.9050925925926,26.93971846281293,2683.998956397117
FUNIEGAN,vid_000044_frame0000021.jpg,18.135371329581258,0.7905360155136413,107.7620863283947,80.62840277777778,26.714298497399113,2679.587357943185
FUNIEGAN,vid_000045_frame0000002.jpg,18.523098747298473,0.8240274069737398,106.9346707386874,99.12195987654322,26.36228692820124,2670.6778735824737
FUNIEGAN,vid_000045_frame0000003.jpg,18.444271985477666,0.8257587662713259,102.59753732646834,99.03469907407407,25.261196783794055,2729.737445730215
FUNIEGAN,vid_000045_frame0000004.jpg,18.425177634482544,0.8149183704379949,102.38524323725954,99.20308641975309,25.100598949716456,2710.6353335883914
FUNIEGAN,vid_000045_frame0000005.jpg,18.460016762585937,0.8319841509763076,101.43627256711747,99.53994598765432,25.033507976350837,2715.4345243827156
FUNIEGAN,vid_000045_frame0000011.jpg,18.461733666372666,0.8275632238737339,101.79812133005028,99.93845679012345,25.08728299335888,2681.740561175888
FUNIEGAN,vid_000045_frame0000017.jpg,18.538339567599618,0.8349113772183997,101.53936948446912,100.18931327160495,25.08671876361475,2635.3124128595464
FUNIEGAN,vid_000045_frame0000018.jpg,18.440409466170003,0.8183960940276204,102.59756257443455,99.7850462962963,25.227898562760203,2657.8391051949375
FUNIEGAN,vid_000045_frame0000019.jpg,18.40875384927434,0.8400362019169344,101.35882054806099,100.07106481481482,25.12842561455392,2645.1511225408067
FUNIEGAN,vid_000045_frame0000020.jpg,18.461214411441283,0.8200535098515215,102.0809041218715,99.49811728395062,25.094478196638264,2601.1774026872217
FUNIEGAN,vid_000045_frame0000033.jpg,18.562393513117197,0.8309973214080647,100.81554542207256,96.51938271604938,24.850099564878864,2732.5658798201493
FUNIEGAN,vid_000045_frame0000034.jpg,18.55040292591424,0.8256118480607707,102.44270030652392,96.76203703703703,25.210213003416705,2725.715256622883
FUNIEGAN,vid_000045_frame0000035.jpg,18.62761997740392,0.8401280375564372,103.38694894665292,96.73104166666667,25.621135047188847,2728.399347530865
FUNIEGAN,vid_000045_frame0000036.jpg,18.6641514868631,0.8419581237095958,102.07541383333833,95.64445987654321,25.309581247997908,2719.8989193329903
FUNIEGAN,vid_000045_frame0000037.jpg,18.723853917211365,0.8410512595029527,102.10581686743515,95.47334876543209,25.276344578820165,2777.5637665737286
FUNIEGAN,vid_000045_frame0000039.jpg,18.573701558426254,0.8384981162890085,104.85439307773916,96.42956018518518,25.963406548265457,2728.875815294925
FUNIEGAN,vid_000045_frame0000044.jpg,18.704398361042177,0.8405280099027661,105.21220590816702,99.36192901234568,26.049882608818653,2817.226829353793
FUNIEGAN,vid_000045_frame0000045.jpg,18.71669932482742,0.839420128233976,106.77333386966825,99.21396604938272,26.461299880565537,2798.0466233796296
FUNIEGAN,vid_000045_frame0000046.jpg,18.649796746073086,0.8417886368432992,108.40290640749136,98.9558024691358,26.92675003720129,2774.4947398938807
FUNIEGAN,vid_000045_frame0000054.jpg,18.63656231457494,0.8305833432904975,101.57518738980248,96.36165895061728,24.999432660742404,2669.985065928819
FUNIEGAN,vid_000045_frame0000055.jpg,18.492735459381212,0.8247038246392631,101.47473424180835,96.1780401234568,24.955191310013586,2768.8539347269852
FUNIEGAN,vid_000045_frame0000056.jpg,18.643101684712338,0.8319469376826597,102.32124334551202,95.80515432098765,25.226727411658278,2719.32118908316
FUNIEGAN,vid_000045_frame0000059.jpg,18.577243216985032,0.8324470374654146,100.1647118236963,96.07817129629629,24.694361805666816,2756.1153011878905
FUNIEGAN,vid_000045_frame0000062.jpg,18.575305989868518,0.8166456988916065,102.53782620958961,95.9624151234568,25.099181643375918,2791.7930879195605
FUNIEGAN,vid_000045_frame0000063.jpg,18.5501778201482,0.8128574461900907,103.37440361227117,96.26948302469135,25.262424718637664,2792.5237880191667
FUNIEGAN,vid_000045_frame0000064.jpg,18.53604807681822,0.815358451277039,103.97470031853429,96.55436728395061,25.456397139217223,2799.088058746225
FUNIEGAN,vid_000045_frame0000065.jpg,18.468623809036774,0.8127158407605547,103.93631911189597,96.985,25.423027261194854,2811.2613443013165
FUNIEGAN,vid_000045_frame0000066.jpg,18.556657328497497,0.8325210858304293,102.40543663437059,96.81911265432099,25.20950494032111,2810.702798030919
FUNIEGAN,vid_000045_frame0000067.jpg,18.420859221791122,0.8149666456456153,103.49229430815403,97.70162808641976,25.322678871923667,2813.4526523919753
FUNIEGAN,vid_000046_frame0000003.jpg,18.553366596013714,0.8474539648965912,98.0173857252314,109.25639660493827,24.151187762693525,2895.142986955054
FUNIEGAN,vid_000046_frame0000007.jpg,18.362748997288726,0.8429631031978109,97.38706556816746,107.15770833333333,23.98977656471204,2894.538255207798
FUNIEGAN,vid_000046_frame0000008.jpg,18.273948875796215,0.8261704528708607,98.77300534822083,106.14980709876544,24.155021538992855,2887.216090306297
FUNIEGAN,vid_000046_frame0000016.jpg,18.335375127181255,0.8480552966590343,99.48365301867884,113.74412037037037,24.614166558472522,2906.230256354786
FUNIEGAN,vid_000046_frame0000017.jpg,18.288127188574773,0.845750981606451,99.31820435546041,114.1185262345679,24.568694059031444,2841.2083811535495
FUNIEGAN,vid_000047_frame0000001.jpg,17.79547137468003,0.7471968332646398,124.61407918322469,104.01719907407407,29.96267053331774,3491.578728197338
FUNIEGAN,vid_000047_frame0000002.jpg,17.835243228611354,0.7875994266477382,122.04810743268132,104.31753858024692,29.653696880734774,3394.9675707780825
FUNIEGAN,vid_000047_frame0000003.jpg,17.957058695952448,0.7887712972838274,123.04497989701437,103.5041975308642,29.83981898731206,3422.1045846171983
FUNIEGAN,vid_000047_frame0000004.jpg,17.853059287484665,0.772956132370684,124.17185902185125,103.12783950617283,29.94799658830711,3490.8121380877537
FUNIEGAN,vid_000047_frame0000005.jpg,17.920864882782247,0.7848624902711544,124.22017361681412,102.9766975308642,30.093847504302534,3441.061692809547
FUNIEGAN,vid_000047_frame0000006.jpg,18.024088402042555,0.7881761506980555,122.98870813279989,102.21310185185185,29.85797561743106,3393.9954080884554
FUNIEGAN,vid_000047_frame0000008.jpg,17.971358830714554,0.7823496822836322,122.32019493284913,102.27719907407408,29.662910527828764,3391.960860073731
FUNIEGAN,vid_000047_frame0000009.jpg,17.820027123295578,0.8031299636318193,121.7349144674383,103.39545524691358,29.811177827805157,3309.9509129752873
FUNIEGAN,vid_000047_frame0000010.jpg,17.943315123726084,0.7875399273311415,120.6649188210321,102.45442901234568,29.309167873435648,3365.481884618806
FUNIEGAN,vid_000047_frame0000011.jpg,17.91800929302092,0.7970934052028809,121.53171238714945,102.8947762345679,29.642501610434643,3396.8522129195608
FUNIEGAN,vid_000047_frame0000012.jpg,17.8398184284448,0.7849192199188777,121.88959140310104,102.92885030864197,29.61237397357816,3302.9870927806714
FUNIEGAN,vid_000047_frame0000013.jpg,17.948870058500038,0.8019497460242747,121.61068049016566,102.24640432098765,29.711643149013184,3361.813162240655
FUNIEGAN,vid_000047_frame0000014.jpg,17.975247874974215,0.788771592208048,121.91844004931659,101.19387345679013,29.626570221386615,3380.2515679688695
FUNIEGAN,vid_000047_frame0000017.jpg,17.943562729066485,0.7976681569799514,122.34804309024514,99.69031635802469,29.862268174873552,3338.3226960590396
FUNIEGAN,vid_000047_frame0000018.jpg,17.90218313205471,0.790382731762568,123.97867683625624,99.9779012345679,30.221205904727306,3388.2973123213283
FUNIEGAN,vid_000047_frame0000019.jpg,17.867028934211042,0.8079244653771264,123.61367241979724,100.03755401234568,30.36526837256888,3343.8345472200785
FUNIEGAN,vid_000047_frame0000020.jpg,17.833972925182934,0.7849633750188995,125.1017591983744,99.9214737654321,30.4732867025801,3384.129579730367
FUNIEGAN,vid_000047_frame0000021.jpg,17.856899384283167,0.7951029755203902,124.5144601480484,101.6403549382716,30.371113903684243,3343.3760192686304
FUNIEGAN,vid_000048_frame0000004.jpg,18.035278135223248,0.826457418282425,110.55211948400041,105.49405092592593,27.22251635516605,3090.8482079475307
FUNIEGAN,vid_000048_frame0000005.jpg,18.060163012410886,0.8352379154820139,110.67642959964942,106.38514660493827,27.315143056171685,3153.3415925316262
FUNIEGAN,vid_000048_frame0000006.jpg,17.938240805387274,0.8236143444250765,112.34172049676957,107.18251543209877,27.63379640131165,3111.242377600356
FUNIEGAN,vid_000048_frame0000007.jpg,18.074535354487747,0.827943985856141,112.58682971312,106.16758487654322,27.71268557075842,3191.6004389565237
FUNIEGAN,vid_000048_frame0000008.jpg,17.995531788032647,0.815028029196552,113.34972500846109,105.43135030864198,27.80980226529292,3204.335269547266
FUNIEGAN,vid_000048_frame0000009.jpg,18.05551787702709,0.8219638017287486,111.99850249013588,104.89936728395061,27.54556992402184,3139.712850651042
FUNIEGAN,vid_000048_frame0000010.jpg,17.93628058759709,0.8205224360847101,111.87063475370549,104.89558641975309,27.507532228205086,3158.5435797253067
FUNIEGAN,vid_000048_frame0000011.jpg,18.0426245581484,0.8291203847336909,111.95071399632647,104.83449074074075,27.617091045151923,3238.3160292028656
FUNIEGAN,vid_000048_frame0000012.jpg,17.944207570579575,0.8200468846706563,112.47607402365037,104.93362654320988,27.646727399861607,3256.445182870311
FUNIEGAN,vid_000048_frame0000013.jpg,17.966334375324355,0.8266974433795724,111.19555481131253,105.7610725308642,27.371485429008384,3183.2009676487955
FUNIEGAN,vid_000048_frame0000014.jpg,17.915467818350834,0.8224000569519246,111.98022516322847,107.12449074074074,27.553164584103218,3181.16939262254
FUNIEGAN,vid_000048_frame0000015.jpg,17.880222363868032,0.8281843454920496,110.41421875249323,108.27921296296296,27.20748955071338,3109.0863256591983
FUNIEGAN,vid_000048_frame0000016.jpg,17.993951131854523,0.8299150654670898,110.2302927023787,106.5260725308642,27.148760558315804,3100.083249927603
FUNIEGAN,vid_000048_frame0000017.jpg,18.015402701836752,0.8314913605993871,111.14127078996705,104.97866512345679,27.40169832433039,3254.4623823157194
FUNIEGAN,vid_000048_frame0000018.jpg,18.031826255009765,0.8171536407841526,112.29114200990051,103.48675154320988,27.538372954338094,3256.1505166130833
FUNIEGAN,vid_000048_frame0000019.jpg,18.03937128454843,0.8253698732107498,111.72105807116576,103.84881944444444,27.513526824609578,3232.8409986451666
FUNIEGAN,vid_000048_frame0000020.jpg,17.954953734678572,0.8175546748699437,113.60146769289084,104.90554012345679,27.88724757540126,3172.5966326110256
FUNIEGAN,vid_000048_frame0000021.jpg,17.967258996580505,0.8266427469008656,112.78967861216806,106.52088734567901,27.79290858155177,3237.933216015089
FUNIEGAN,vid_000048_frame0000022.jpg,17.85490778127399,0.8144059848340782,113.63488776310601,106.6975848765432,27.883381545096015,3354.6705855014484
FUNIEGAN,vid_000048_frame0000023.jpg,17.99171807749047,0.8234015874542489,112.38018215958016,105.90258487654322,27.635535689119294,3208.675419463496
FUNIEGAN,vid_000048_frame0000025.jpg,18.05754160104705,0.8270015297795746,113.0439949165997,104.95984567901235,27.812651863493507,3222.236148076644
FUNIEGAN,vid_000048_frame0000026.jpg,18.059945384746353,0.8350368283074294,113.8681941069028,107.4141975308642,28.1215650682338,3225.3578538708252
FUNIEGAN,vid_000048_frame0000027.jpg,18.12786459280994,0.839219183571107,112.53564553174938,111.62764660493828,27.797419769655253,3224.93408173654
FUNIEGAN,vid_000048_frame0000028.jpg,18.05677767163595,0.8358795674550246,110.46411600700927,111.65435956790124,27.25905926499824,3205.0201215262896
FUNIEGAN,vid_000048_frame0000029.jpg,18.035792821902287,0.8423512347023022,109.7904775165132,110.64067129629629,27.118285056874534,3178.3684669829295
FUNIEGAN,vid_000049_frame0000007.jpg,17.648094478967195,0.794491035049408,116.4116384637034,100.56311728395062,28.922651171294238,3004.2761727821116
FUNIEGAN,vid_000049_frame0000008.jpg,17.756286991055553,0.7765864632243189,121.78436216148371,101.59837962962963,30.17866955549618,2977.107339865719
FUNIEGAN,vid_000049_frame0000009.jpg,18.011972521922008,0.8007506240059605,149.6130653063654,105.69575617283951,37.155374640904654,3426.4099458923947
FUNIEGAN,vid_000049_frame0000010.jpg,17.73619536756737,0.7904516965836779,123.52952289789347,99.47994598765432,30.76908068551367,3059.7356978723114
FUNIEGAN,vid_000049_frame0000011.jpg,17.52526582688961,0.7906386314610242,114.99356221569154,96.78474537037037,28.533421766910003,3124.6414193238816
FUNIEGAN,vid_000049_frame0000012.jpg,17.597034454806483,0.7896836934321557,126.55675457129665,98.48932098765432,31.611685361441804,3030.7542220287846
FUNIEGAN,vid_000049_frame0000013.jpg,17.85078931279934,0.8069471094068709,140.73611196810717,99.96855709876543,35.13050809918531,3072.6111592477687
FUNIEGAN,vid_000049_frame0000017.jpg,17.25263641785829,0.770349506722634,117.59518427475597,95.67948302469136,29.103805148390006,3172.633906226185
FUNIEGAN,vid_000050_frame0000005.jpg,17.791805587831085,0.7928651405736108,136.36066980511654,106.40702160493827,34.232068795654136,3687.7149568372174
FUNIEGAN,vid_000050_frame0000007.jpg,17.624623633426875,0.8069592847271098,140.03351603874648,113.76145061728396,35.50289970413519,3480.0628726036784
FUNIEGAN,vid_000050_frame0000008.jpg,17.706851684431108,0.8180329145961287,134.13953028899599,107.70078703703703,34.076609986118115,3269.022926631742
FUNIEGAN,vid_000050_frame0000009.jpg,17.518218945343417,0.7596700208902614,140.0074908369208,106.54269290123457,34.66125778897406,3647.144194810004
FUNIEGAN,vid_000050_frame0000010.jpg,17.46685988644622,0.7386705995133473,145.45061288017928,107.34016203703703,35.64138609037084,3900.770140334695
FUNIEGAN,vid_000050_frame0000011.jpg,17.4082487349849,0.7512553767584245,149.0399255496298,110.00094135802469,36.75864661498974,3700.1577082899303
FUNIEGAN,vid_000050_frame0000012.jpg,17.031245239899025,0.6956536390675402,157.26047266588347,109.0602237654321,37.943514604833496,4116.440339710446
FUNIEGAN,vid_000050_frame0000013.jpg,16.71470890489102,0.6635163109336754,167.25807581105354,109.82045524691358,39.82290631127644,4730.285830803231
FUNIEGAN,vid_000050_frame0000014.jpg,16.533596364912196,0.6415298239359676,168.5027123624316,108.16155092592592,39.95123827716207,4506.184717683983
FUNIEGAN,vid_000050_frame0000015.jpg,16.280685882723784,0.635040044739187,171.0377478357521,111.06060185185186,40.4937641931034,4597.3709169952535
FUNIEGAN,vid_000050_frame0000023.jpg,16.9119975283428,0.670088673180507,143.60335827244762,102.08856481481482,34.44141243969936,3770.339485568071
FUNIEGAN,vid_000050_frame0000024.jpg,16.9855357940495,0.6738609082710694,142.42588135295262,101.26288580246914,34.09337322479228,3839.3768517030085
FUNIEGAN,vid_000052_frame0000035.jpg,17.45107883748418,0.7072999717208782,144.67506306641667,121.63635030864198,34.23267951628879,3864.7502559404056
FUNIEGAN,vid_000052_frame0000041.jpg,17.037941339146094,0.6681554996453976,155.89008829658678,125.82350308641975,36.198950304677126,4833.961201853221
FUNIEGAN,vid_000052_frame0000045.jpg,16.965763594278652,0.6976025849195605,150.661621759568,118.6107175925926,35.40985983752909,4402.787790945966
FUNIEGAN,vid_000052_frame0000047.jpg,16.797582489241346,0.6872677001590373,154.7999557899769,119.0952237654321,36.244886595878285,4700.1719182941215
FUNIEGAN,vid_000052_frame0000049.jpg,16.829604163829575,0.6943640480259954,152.61131625356515,120.77367283950618,35.88161490738818,4485.909746460559
FUNIEGAN,vid_000052_frame0000051.jpg,16.432969282251037,0.6515359996001382,163.93748159066132,123.60564043209877,37.8868419205981,4659.11414346041
FUNIEGAN,vid_000052_frame0000052.jpg,16.05894803142568,0.6371539022730549,171.63098629927146,126.01291666666667,39.53206273892484,5052.977283786235
FUNIEGAN,vid_000052_frame0000054.jpg,15.965651486791792,0.6338976839648037,181.04648862776065,126.18998456790123,41.79999983386211,5612.496415460439
FUNIEGAN,vid_000052_frame0000056.jpg,16.010772946161488,0.642786492208705,190.14599442280786,129.3480401234568,43.94153165846882,5866.866089486883
FUNIEGAN,vid_000052_frame0000058.jpg,15.895344483198404,0.6001608254962622,196.74286814536057,133.46064043209876,44.78702648030868,6330.552670050238
FUNIEGAN,vid_000052_frame0000060.jpg,15.344127342986447,0.5778986863586523,231.97209718159613,133.10006944444444,53.06623897668818,6793.086369545182
FUNIEGAN,vid_000052_frame0000062.jpg,15.38549111683002,0.56647777751626,226.8209951758156,135.77719907407408,51.41957309325978,7440.5662529254305
FUNIEGAN,vid_000052_frame0000066.jpg,15.707630779459766,0.5949343180459968,213.7848768881545,137.83756172839506,48.91445341304354,6311.088237329902
FUNIEGAN,vid_000052_frame0000068.jpg,15.50163336281885,0.5617901311668998,221.8771478170156,137.97411265432098,50.02387286166377,7527.338433022547
FUNIEGAN,vid_000052_frame0000070.jpg,15.271169044955677,0.5845744783324692,251.40886899519174,135.98871913580246,57.85023191499449,7093.45183018952
FUNIEGAN,vid_000052_frame0000072.jpg,15.496153463668989,0.5776779530402267,249.31513416504293,138.72550925925927,57.393281486350986,7092.904095781356
FUNIEGAN,vid_000052_frame0000074.jpg,15.678157978166672,0.5481528385259986,248.98301647195493,141.39591049382716,56.243433624455506,7901.666772755141
FUNIEGAN,vid_000052_frame0000076.jpg,16.118628858054265,0.5736902612456124,242.73612313912963,143.28991512345678,55.64094313198019,6645.1830499256375
FUNIEGAN,vid_000052_frame0000078.jpg,15.68939192542502,0.5223494933018763,265.1504778112375,142.12252314814816,59.43479526144198,8510.050711156597
FUNIEGAN,vid_000052_frame0000080.jpg,15.84017185624228,0.5285402704078996,267.1787634500016,140.50809413580248,60.02948230839044,8773.075820753078
FUNIEGAN,vid_000052_frame0000082.jpg,15.466668778781997,0.5574401428040425,277.2175398066039,137.84132716049382,63.81223451304058,7577.117672146431
FUNIEGAN,vid_000053_frame0000001.jpg,14.9898003699942,0.5678376916472406,251.9745332933568,136.62725308641976,56.54507033766518,9608.718712334012
FUNIEGAN,vid_000053_frame0000002.jpg,14.976038910177017,0.5688826593349522,252.03255678880456,136.73590277777777,56.55413020363157,9622.35239920976
FUNIEGAN,vid_000053_frame0000012.jpg,14.953715911680387,0.5603883645021447,254.59605079617245,136.5507175925926,56.91536755155211,9951.494157413064
FUNIEGAN,vid_000053_frame0000018.jpg,14.914128254763831,0.5597996003048058,254.6070801799427,136.90523148148148,56.94873249797074,9877.023677974965
FUNIEGAN,vid_000053_frame0000035.jpg,14.90751375524832,0.5631723742633042,254.03704604102361,137.24722222222223,56.85487461049676,9834.579055648373
FUNIEGAN,vid_000053_frame0000040.jpg,14.89160197406203,0.5682432834131707,252.9014922634395,137.32819444444445,56.71239131380454,9691.686871128579
FUNIEGAN,vid_000054_frame0000018.jpg,16.18277286230078,0.639784251845393,196.5123327885056,130.84690586419754,45.830744494163376,6513.143578586473
FUNIEGAN,vid_000054_frame0000020.jpg,16.278676572829724,0.6427423834986092,193.79407716513037,130.2460339506173,45.33215165275064,6257.077192033834
FUNIEGAN,vid_000054_frame0000024.jpg,15.96474611717765,0.626519160666035,196.78654717967717,130.9308487654321,45.78872578992324,6521.067422993768
FUNIEGAN,vid_000055_frame0000055.jpg,15.034454390464543,0.6055235454684939,259.8663414215494,107.91055555555556,61.004693907138844,6945.885091801698
FUNIEGAN,vid_000063_frame0000021.jpg,16.32516143073229,0.6441870041394321,236.26943503376143,120.12429012345679,53.93897929281195,7455.796655966543
FUNIEGAN,vid_000063_frame0000026.jpg,16.37786904522154,0.6330373103342511,241.88534794321842,117.96457561728396,55.47069952610638,7306.848686461666
FUNIEGAN,vid_000063_frame0000030.jpg,16.1113352405707,0.6171692367302433,241.50067075443897,119.45891203703704,54.60173178799767,7908.123751690862
FUNIEGAN,vid_000063_frame0000040.jpg,16.22160881457248,0.6175268906867946,236.0764191887793,123.09221450617284,53.38715303459412,7876.807237780004
FUNIEGAN,vid_000063_frame0000044.jpg,15.809349886452203,0.5913645492767471,241.04106006530307,124.51060185185185,53.726547670939865,8432.788868758335
FUNIEGAN,vid_000068_frame0000001.jpg,17.35055848759458,0.7605806981479118,125.3376320304997,116.52128086419754,30.253359841391504,3897.3138901791244
FUNIEGAN,vid_000068_frame0000015.jpg,17.531155425446613,0.8189546220786249,121.92446449562878,111.65621913580247,29.786982043928397,3767.5359974607886
FUNIEGAN,vid_000068_frame0000016.jpg,17.45685583850635,0.8117513288009612,122.98688994030843,112.15445216049383,29.995527872828394,3821.4633701316848
FUNIEGAN,vid_000069_frame0000001.jpg,16.906998610903564,0.623303632931726,154.8710844750444,122.7645987654321,35.86634142716364,4954.334237075557
FUNIEGAN,vid_000069_frame0000002.jpg,17.022871326815793,0.6490757121672758,151.825222294807,122.85225308641975,35.343466067846734,4582.836479537227
FUNIEGAN,vid_000069_frame0000003.jpg,16.871463153283333,0.6395554889793019,155.17094865270707,123.06093364197531,36.003915018497324,4978.178381950101
FUNIEGAN,vid_000069_frame0000004.jpg,16.80861445032885,0.635202533202826,156.41894307920614,123.39854938271606,36.22648280661103,5126.08213249451
FUNIEGAN,vid_000069_frame0000005.jpg,16.978007795838007,0.6448636921307852,154.7656011671545,123.42871913580247,35.9795275194086,4871.661719774996
FUNIEGAN,vid_000069_frame0000006.jpg,17.188424494132107,0.6619795796974647,148.99698191891028,123.08118055555556,34.88892835491564,4452.770690599756
FUNIEGAN,vid_000069_frame0000007.jpg,16.998669991328182,0.646093751900824,151.49571399323324,123.77965277777778,35.327421603669116,4701.446650697242
FUNIEGAN,vid_000069_frame0000008.jpg,16.910811746974048,0.6382534196569576,153.7231635105985,122.95993055555556,35.72652351408663,4848.168821336246
FUNIEGAN,vid_000069_frame0000009.jpg,16.926620201450266,0.6417053639972718,152.56299768007608,122.38773148148148,35.54661785376322,4796.195503760622
FUNIEGAN,vid_000069_frame0000010.jpg,16.74216385951513,0.6228178680136145,157.74183745016472,121.69738425925927,36.4821304043077,5105.102125883
FUNIEGAN,vid_000069_frame0000060.jpg,15.866523074016747,0.5738513453683597,176.17605927531918,122.00347222222223,40.184487789834115,5886.480605395459
FUNIEGAN,vid_000069_frame0000070.jpg,15.886432427198242,0.5801880392256644,175.60597106193717,121.72002314814814,40.0780742719151,5976.138711346819
FUNIEGAN,vid_000072_frame0000020.jpg,19.894431036253827,0.7659356101754763,131.93304143677827,136.65868827160494,31.68680919048856,3975.119105958505
FUNIEGAN,vid_000073_frame0000053.jpg,17.884997289788036,0.7496842244090728,114.88564349101534,115.70399691358024,27.078065118613843,3837.2050325788755
FUNIEGAN,vid_000073_frame0000055.jpg,18.229244594144618,0.7361961848374268,118.87074720831143,119.04136574074074,27.79396378954884,4004.6429256151405
FUNIEGAN,vid_000073_frame0000056.jpg,18.31854342184058,0.7628821286332474,115.65274909269333,119.67612654320988,27.313574008536293,3627.378488022917
FUNIEGAN,vid_000073_frame0000063.jpg,18.676210399469745,0.7806716269598493,124.72233432015445,117.83165895061728,30.460940672629647,3155.4175686325925
FUNIEGAN,vid_000074_frame0000006.jpg,17.398291889810874,0.7555256421198328,162.243749863233,96.04025462962963,39.02267354834993,5114.464524790428
FUNIEGAN,vid_000074_frame0000012.jpg,17.277050649940897,0.7503218635762497,162.6535857026017,97.35723765432098,38.91092080382505,5126.802356834895
FUNIEGAN,vid_000074_frame0000016.jpg,17.105880353946688,0.7520374465713275,165.830023735258,99.2770987654321,39.72696191896925,5294.858783521412
FUNIEGAN,vid_000074_frame0000020.jpg,17.08263454786342,0.7482700534942186,167.95266724522347,100.78560956790123,40.17728979717682,5336.979604695299
FUNIEGAN,vid_000074_frame0000021.jpg,17.153660139478102,0.7528837493800099,167.50525648955758,99.75527777777778,40.08256798279869,5300.985967653976
FUNIEGAN,vid_000074_frame0000022.jpg,17.221808490218194,0.7520071637236412,165.36195150226936,99.35257716049382,39.56874286059794,5247.308755258107
FUNIEGAN,vid_000074_frame0000023.jpg,17.224971068481317,0.7552494296451687,167.2700733688396,99.59483796296297,40.09612758258341,5240.490507555954
FUNIEGAN,vid_000074_frame0000028.jpg,17.103396443901588,0.7443196691142614,166.47451642708947,99.5185262345679,39.756261786328416,5229.288931686707
FUNIEGAN,vid_000074_frame0000029.jpg,17.076958279607823,0.7501825989965659,167.40627671024947,100.75858024691358,40.042987169304574,5133.474180550734
FUNIEGAN,vid_000074_frame0000030.jpg,16.93379123191879,0.7339556667847399,170.7524165514475,104.1876774691358,40.708793082899724,5333.633714973898
FUNIEGAN,vid_000074_frame0000031.jpg,16.95291219231556,0.7444121889597445,169.6409418199704,103.76921296296297,40.539779956833435,5289.746182508145
FUNIEGAN,vid_000074_frame0000032.jpg,16.98198173127783,0.7455324224700335,169.5355276534529,102.7154938271605,40.51052786580312,5238.0166138079185
FUNIEGAN,vid_000074_frame0000033.jpg,16.951139983126165,0.7505783531826745,169.86668572293544,102.82037037037037,40.69385344870649,5173.4705268823345
FUNIEGAN,vid_000074_frame0000034.jpg,16.907830216622582,0.7436610550281227,170.6361247864633,101.62314043209877,40.82662802105735,5155.044328189241
FUNIEGAN,vid_000074_frame0000035.jpg,16.968033614268123,0.7482854631634434,169.42179887690594,100.76655864197531,40.58069554371113,5083.921417023832
FUNIEGAN,vid_000074_frame0000036.jpg,16.970439798317322,0.7490911162148383,169.31862423437656,99.99364969135803,40.586760233831406,4976.819689060118
FUNIEGAN,vid_000074_frame0000047.jpg,16.532912250713153,0.6896018860949985,200.01326940854074,94.04768518518519,46.88423631682618,5672.560181637708
FUNIEGAN,vid_000074_frame0000048.jpg,16.61932637710509,0.6937987229899507,201.67102362824699,95.25700617283951,47.3465576888924,6113.289712311385
FUNIEGAN,vid_000074_frame0000050.jpg,16.538007698069986,0.6879291438598362,197.28076421519484,94.26712191358024,46.015410353696595,6001.792402320292
FUNIEGAN,vid_000075_frame0000001.jpg,18.250047521206007,0.7399515643805886,124.81355546984925,102.48755401234568,30.354688494792857,3315.605574045258
FUNIEGAN,vid_000075_frame0000002.jpg,18.37010395225902,0.8004791355328504,120.47331457173588,102.84573302469136,29.86160164201269,3100.7238184427274
FUNIEGAN,vid_000075_frame0000003.jpg,18.415585740846232,0.8141739049593019,119.49360488176872,104.1615200617284,29.788924880379934,2989.590128989245
FUNIEGAN,vid_000075_frame0000045.jpg,17.93371041464049,0.7929292215042404,101.51581894826522,107.72951388888889,24.07956799819601,3512.9735743291326
FUNIEGAN,vid_000075_frame0000046.jpg,17.986301574652096,0.8078418099594314,100.00683546731038,107.61621141975309,23.89685586462288,3486.6814731433255
FUNIEGAN,vid_000075_frame0000047.jpg,17.97479490415974,0.7973847498792322,101.52186152155882,107.17782407407407,24.12505195196685,3578.786109281883
FUNIEGAN,vid_000075_frame0000048.jpg,18.40382507289393,0.8130327239001427,121.68107041566522,107.2105401234568,29.96933891009721,3173.576934215857
FUNIEGAN,vid_000075_frame0000049.jpg,18.11566846576351,0.7795741665793684,124.53621879881777,107.75783179012346,30.24141350316212,3340.3044994079005
FUNIEGAN,vid_000075_frame0000050.jpg,17.968034065218646,0.7669601142454755,127.07126602553988,107.44505401234568,30.65570264070342,3443.8965155175943
FUNIEGAN,vid_000075_frame0000058.jpg,17.31948884613899,0.7379073802185924,133.94361778218055,111.43670524691358,31.808272663312202,3948.102557082988
FUNIEGAN,vid_000075_frame0000059.jpg,17.319849642782184,0.7555064465269351,131.36969148842198,112.4729475308642,31.463532088709414,3725.7112363502124
FUNIEGAN,vid_000075_frame0000060.jpg,17.279664846255244,0.7512478622856508,132.09731969611323,111.82100308641975,31.567524826713537,3776.975048584855
FUNIEGAN,vid_000075_frame0000061.jpg,17.435796292491315,0.7656805885400587,129.70244338184406,111.95967592592592,31.08432766585415,3691.4880163322455
FUNIEGAN,vid_000075_frame0000062.jpg,17.280314623489893,0.7321565936546905,120.20639226796999,110.99246913580247,27.88927161228601,4184.048140234375
FUNIEGAN,vid_000075_frame0000070.jpg,17.32587960271521,0.7404343394432195,118.92538762609959,111.60692129629629,27.62251027711344,4209.934610004608
FUNIEGAN,vid_000075_frame0000075.jpg,17.5443039506032,0.7602348339717299,150.99144447712362,109.15287037037037,36.7885735804198,3596.6537825779233
FUNIEGAN,vid_000075_frame0000080.jpg,17.36426169640336,0.7701969540520529,101.87402519733563,103.67787808641975,24.091857612345546,3419.794304178991
FUNIEGAN,vid_000075_frame0000085.jpg,17.38873577680668,0.7657583131082846,102.56367746523165,103.43527006172839,24.2617460703217,3543.1970141915776
FUNIEGAN,vid_000075_frame0000090.jpg,16.901667831816617,0.711042690351916,119.37039278547189,109.90382716049383,27.865008493015136,3873.284466446557
FUNIEGAN,vid_000076_frame0000001.jpg,17.44104525894523,0.7653438173929882,130.14936046762435,108.18729938271605,31.70697160832084,3551.7765618140697
FUNIEGAN,vid_000076_frame0000004.jpg,17.539146314913562,0.7901176779285825,129.72191351723436,108.41541666666667,31.743791411716817,3499.4234967844436
FUNIEGAN,vid_000076_frame0000035.jpg,17.374186195455266,0.8031823199886112,96.76961311047414,118.99204475308642,23.20299955301591,3496.806202141203
FUNIEGAN,vid_000076_frame0000036.jpg,17.2765759234402,0.815934325418711,96.38285528704291,119.13720679012346,23.242851713553254,3470.4391800866388
FUNIEGAN,vid_000076_frame0000037.jpg,17.356793250399015,0.8226624503468694,93.69278603304008,119.71297839506173,22.600639701003928,3394.503171277006
FUNIEGAN,vid_000076_frame0000038.jpg,17.702031056967378,0.8231726929647616,118.46918713051201,121.15795524691357,29.422985038856314,3212.9889157214507
FUNIEGAN,vid_000076_frame0000041.jpg,17.302534165955432,0.7859280038237082,155.8353857216166,109.72427469135802,38.02213285265945,4182.626696441091
FUNIEGAN,vid_000076_frame0000042.jpg,17.344085496762574,0.7999020808999203,148.15818629466668,108.45128858024691,36.222685801908156,3866.0453210256983
FUNIEGAN,vid_000077_frame0000007.jpg,17.955978615061913,0.7895357560691704,119.79137074608019,109.98280092592593,28.574895183489414,3523.9668267708807
FUNIEGAN,vid_000077_frame0000008.jpg,17.324166458101434,0.7437248155157928,137.4974635413217,110.63585648148148,32.281213717359236,4289.260150925926
FUNIEGAN,vid_000077_frame0000009.jpg,17.627684433019486,0.7391456006185759,138.2724225907239,111.8626774691358,32.376733123794786,4261.525432254992
FUNIEGAN,vid_000077_frame0000010.jpg,17.205668965343232,0.7165487514793151,144.42927122312068,113.27533950617284,33.51784428759112,4796.9672713525
FUNIEGAN,vid_000077_frame0000011.jpg,17.364732078820516,0.7423166516726466,140.50117823089843,113.76949845679012,32.93850438619021,4368.672537923847
FUNIEGAN,vid_000077_frame0000012.jpg,17.293748248717456,0.7454810080119955,139.03572406672944,114.34683641975309,32.65521952009112,4466.160812935754
FUNIEGAN,vid_000077_frame0000042.jpg,17.824997815669715,0.7315378248124097,150.89888455934152,124.81751543209876,36.18078430722836,3770.299863761658
FUNIEGAN,vid_000077_frame0000050.jpg,18.699549836126298,0.8309259069068267,108.79034296926851,128.9840586419753,26.499363646149735,3295.889102411742
FUNIEGAN,vid_000077_frame0000051.jpg,18.866348211912115,0.8211163850901603,112.92388687714,120.05270833333333,27.715692137465336,3065.0810599274473
FUNIEGAN,vid_000078_frame0000032.jpg,18.045212379719846,0.8141019362082752,131.3845956579702,118.09091049382717,31.75858721393825,4026.0060873435355
FUNIEGAN,vid_000078_frame0000033.jpg,18.143311926998027,0.8321782114515618,127.76860198538417,117.52154320987654,31.074815615217055,3983.096951581731
FUNIEGAN,vid_000079_frame0000008.jpg,18.34560413014166,0.773854140074894,119.24702595373842,98.5013811728395,29.059732777161184,3318.367484178288
FUNIEGAN,vid_000079_frame0000010.jpg,18.530046985249836,0.7511889657404826,122.68579584758717,99.93239197530865,29.515809430125596,3537.4899414051188
FUNIEGAN,vid_000079_frame0000011.jpg,18.315266712850363,0.7071467081355657,127.26682025578548,99.25467592592592,30.13481746263095,3855.3024590615355
FUNIEGAN,vid_000079_frame0000012.jpg,18.23894774145825,0.7091875842936192,128.14932854908955,96.83064043209876,30.349587846628445,4040.8214470664125
FUNIEGAN,vid_000079_frame0000013.jpg,18.20914336262938,0.7359568448591617,124.59857778587347,95.97939043209877,29.66489720480482,3792.65202343369
FUNIEGAN,vid_000079_frame0000014.jpg,18.094542909032384,0.7063537167954679,129.15169260733157,96.78543209876543,30.520648406190166,4124.768558413113
FUNIEGAN,vid_000079_frame0000018.jpg,18.259899044401383,0.7603452145396262,122.26051262904905,106.64652777777778,29.536785162886087,3360.483083607444
FUNIEGAN,vid_000079_frame0000019.jpg,18.229662036463747,0.7658558911750454,125.40201988952757,106.31462962962964,30.369224881852915,3418.734441357489
FUNIEGAN,vid_000079_frame0000090.jpg,18.680477573093285,0.805870090687661,121.49549018735676,112.68729938271605,29.89672314391166,3245.59863325135
FUNIEGAN,vid_000079_frame0000097.jpg,18.569819099473904,0.8189617178948918,119.66314736169423,112.84168981481481,29.6533450309951,3050.048625876391
FUNIEGAN,vid_000079_frame0000101.jpg,18.85432143375157,0.7952309979697186,115.67113178053306,111.08351851851852,28.29834004581227,3161.8666499768997
FUNIEGAN,vid_000079_frame0000110.jpg,18.587679494441577,0.802790376861554,114.9923385360069,110.74031635802469,28.171793493942655,3175.9286765731576
FUNIEGAN,vid_000079_frame0000111.jpg,18.580916780692327,0.7733756050748252,116.96756855515136,108.33395833333333,28.31210056123745,3310.4181776019636
FUNIEGAN,vid_000079_frame0000115.jpg,18.424541754292257,0.765363644903799,119.68431199336557,107.55087191358025,28.90859485504014,3430.82086003652
FUNIEGAN,vid_000079_frame0000118.jpg,18.408180069459398,0.8023726458431533,121.62457971748103,113.63402777777777,29.78228198955549,3383.2862760228527
FUNIEGAN,vid_000079_frame0000120.jpg,18.325605337273075,0.7978204677159204,118.20164867617237,111.0832638888889,28.802174946190778,3373.622245952408
FUNIEGAN,vid_000079_frame0000121.jpg,18.44184784577991,0.7886515987172759,118.22385903588582,109.1656712962963,28.72431190974381,3473.118317043896
FUNIEGAN,vid_000079_frame0000126.jpg,18.640808955351623,0.8192030413077248,114.61109549056074,113.91233796296297,28.324536634381996,3224.7814129967205
FUNIEGAN,vid_000079_frame0000127.jpg,18.5645980168487,0.8127824470557333,115.7104972971936,111.59186728395062,28.604206047573076,3138.5797688609186
FUNIEGAN,vid_000080_frame0000037.jpg,18.726410873245932,0.7437938002126456,126.58167789381505,108.6106712962963,30.322322309797414,3679.2437568587106
FUNIEGAN,vid_000080_frame0000045.jpg,18.715633112558894,0.8049568011104314,123.8278637805228,109.40507716049383,30.44687670981927,3205.6399271716873
FUNIEGAN,vid_000080_frame0000046.jpg,18.72945385394343,0.7973297096682918,125.11645274923373,109.90207561728396,30.600870216996963,3352.0803296248073
FUNIEGAN,vid_000080_frame0000051.jpg,18.657129323057706,0.8045002469537833,122.36483413999755,106.1460725308642,30.180986689782248,3127.6399593701776
FUNIEGAN,vid_000080_frame0000052.jpg,18.595461380522867,0.804798888952501,122.19555158472156,106.54103395061729,30.134235147806418,3228.183485725309
FUNIEGAN,vid_000080_frame0000054.jpg,18.801977767760565,0.7871909893389587,124.62681013950854,106.42077160493827,30.440133829416286,3296.788277662514
FUNIEGAN,vid_000080_frame0000055.jpg,18.820854940095963,0.7759972355837425,125.2878240689648,107.51945216049383,30.476331253534774,3335.6769893223213
FUNIEGAN,vid_000080_frame0000056.jpg,18.75184350622096,0.7859888250760655,125.68307765041294,109.5426311728395,30.79153378695957,3232.306542552345
FUNIEGAN,vid_000080_frame0000057.jpg,18.96027836840002,0.7792304557414419,127.52524833628478,109.38784722222222,31.130716027685775,3392.503777999197
FUNIEGAN,vid_000080_frame0000058.jpg,18.88773033377063,0.7682045672509519,127.80994906534355,109.46680555555555,31.140077189822723,3345.1192354442915
FUNIEGAN,vid_000080_frame0000059.jpg,18.791719682273918,0.7858552242174971,127.56303979467299,109.59360339506173,31.27878556907282,3220.4024974874615
FUNIEGAN,vid_000080_frame0000060.jpg,18.678938623401997,0.7669806276242731,128.3441059471819,109.01443672839507,31.222432530539372,3315.2572442834553
FUNIEGAN,vid_000080_frame0000061.jpg,18.98639933868964,0.7839675716490243,128.55449856490003,108.67781635802469,31.430407917121375,3303.6057682298215
FUNIEGAN,vid_000080_frame0000063.jpg,18.999576074927127,0.79138931430127,129.73238193339103,111.39280864197531,31.850242127698365,3238.805555501972
FUNIEGAN,vid_000080_frame0000064.jpg,18.84932747329277,0.7917315125376803,130.280096501999,110.62168981481481,32.02501949550906,3219.718767722563
FUNIEGAN,vid_000080_frame0000077.jpg,18.9773070182646,0.8029976729663578,130.06962824546272,113.10280092592592,32.227270364053126,3116.8833024538944
FUNIEGAN,vid_000080_frame0000083.jpg,18.910162024351408,0.7935377343421138,125.68236692699496,111.55716049382715,30.91118806343037,3141.551354389574
FUNIEGAN,vid_000080_frame0000084.jpg,18.953867733548567,0.8171995554692676,124.13644987862563,111.88021604938271,30.855385316662996,3050.352007405264
FUNIEGAN,vid_000080_frame0000085.jpg,19.02053570572489,0.8003376542652925,123.58637239985327,111.51762345679012,30.522903734355516,3061.4243151743613
FUNIEGAN,vid_000080_frame0000087.jpg,18.573576270806996,0.8095418027496123,125.21090604303768,112.70851851851852,31.08781183548937,3154.558520058811
FUNIEGAN,vid_000080_frame0000088.jpg,18.58300276948199,0.8298994422189209,126.79554850171078,113.10078703703704,31.68538062039945,3200.4613273510136
FUNIEGAN,vid_000080_frame0000124.jpg,18.60818561331998,0.7465142171778941,128.52523701876578,104.94071759259259,30.92107804372764,3664.9218912034657
FUNIEGAN,vid_000080_frame0000125.jpg,18.630980388290975,0.7275021356633662,129.63303497013874,104.6615586419753,30.94181183759053,3716.3121193177494
FUNIEGAN,vid_000080_frame0000126.jpg,18.50513925132133,0.7678762574566734,126.81818146563887,105.8762962962963,30.70752596835821,3521.9206104594737
FUNIEGAN,vid_000080_frame0000132.jpg,18.340674259988315,0.7895970879834069,118.68981478375724,105.47962191358025,28.97288512364474,3302.0538416399936
FUNIEGAN,vid_000081_frame0000020.jpg,17.70737822707475,0.7949496329781699,102.02825044365953,108.88942901234567,24.648925288617548,3141.2604469583525
FUNIEGAN,vid_000081_frame0000021.jpg,17.71881190468929,0.8158120899121184,99.41500844965262,108.64655092592592,24.229040286327496,3019.326546614881
FUNIEGAN,vid_000081_frame0000022.jpg,17.730580906898588,0.7993939248255062,101.85394742867706,108.34085648148148,24.710738541501332,3087.7315351220755
FUNIEGAN,vid_000081_frame0000023.jpg,17.729927261949925,0.7938166208903571,101.74903388666645,108.60780092592593,24.598344116654623,3212.087180062526
FUNIEGAN,vid_000081_frame0000026.jpg,17.852609107649464,0.787903309108322,104.76002783803214,110.19070987654321,25.27082450378328,3232.666400640087
FUNIEGAN,vid_000081_frame0000029.jpg,17.72032176110562,0.812067844030245,102.2423603329083,110.26340277777778,24.97177932176995,3108.045255478395
FUNIEGAN,vid_000081_frame0000030.jpg,17.740899439825494,0.7683669844804578,106.50646526290053,107.76084104938272,25.54693246249446,3325.337218921408
FUNIEGAN,vid_000081_frame0000031.jpg,17.73706741660929,0.7449326575781062,109.1058122019866,106.48578703703704,25.95831859278492,3533.4854936128268
FUNIEGAN,vid_000081_frame0000032.jpg,17.94495919690984,0.7371571881915268,110.11907666441917,104.90778549382716,26.031510603965295,3588.280074826389
FUNIEGAN,vid_000081_frame0000033.jpg,17.84283163315855,0.7432412638809697,108.65169088304418,106.39056327160493,25.80544340647816,3550.309713791664
FUNIEGAN,vid_000082_frame0000001.jpg,18.124099037335995,0.7716091128441039,148.40060208524466,109.45786265432099,35.65380759538927,4288.126521242712
FUNIEGAN,vid_000082_frame0000002.jpg,17.926320068672982,0.7914969414049433,147.15183733805677,110.70621141975309,35.5927584230136,4181.142248946843
FUNIEGAN,vid_000082_frame0000003.jpg,17.78700460626794,0.7938755270072911,133.70835675617852,107.63622685185184,32.27236076591436,3897.3103720383706
FUNIEGAN,vid_000082_frame0000004.jpg,17.71065608307101,0.7820551077187116,135.76272860536872,102.97689814814815,32.84108162394118,3865.8067249368905
FUNIEGAN,vid_000082_frame0000005.jpg,17.731323319805064,0.790269231746569,135.76242631409565,103.39393518518519,33.004834105462976,3868.6545172646606
FUNIEGAN,vid_000082_frame0000006.jpg,17.912679139422856,0.8020933934555837,127.49474465178227,105.91608796296296,31.071439296287508,3478.4115498322826
FUNIEGAN,vid_000082_frame0000007.jpg,18.556320832342657,0.8264644470956991,117.69013025998979,108.11942901234568,28.976908041990487,3072.781091237462
FUNIEGAN,vid_000082_frame0000008.jpg,18.700092947691903,0.7953180173453621,133.83083508157782,106.27743055555555,33.07010650608615,3304.06433323593
FUNIEGAN,vid_000082_frame0000009.jpg,18.919895155266758,0.7954633135227082,166.34421475200367,96.03769290123456,42.25306319436409,2839.6208234679834
FUNIEGAN,vid_000082_frame0000010.jpg,18.632069644339285,0.7904014745350058,165.2347507351405,90.05159722222223,42.066861460026104,2785.3806333866783
FUNIEGAN,vid_000082_frame0000011.jpg,18.860884932821975,0.7970952276998297,161.22793394039408,89.70344907407407,40.899105915008676,2876.938549828294
FUNIEGAN,vid_000082_frame0000012.jpg,18.751205206342792,0.8004891515637302,158.89482893630287,88.34573302469136,40.397020018705426,2833.0861595448005
FUNIEGAN,vid_000082_frame0000013.jpg,18.37503076680224,0.796014793496831,159.20494501985522,82.04616512345679,40.88748948334334,2428.150308022548
FUNIEGAN,vid_000082_frame0000014.jpg,18.193137462298566,0.7747370343587537,161.6435569626964,88.93016975308642,41.12376888812328,2576.37050713681
FUNIEGAN,vid_000082_frame0000015.jpg,18.602508848950688,0.792692966058409,165.00640109319497,101.05075617283951,41.98054260918427,2804.497207810357
FUNIEGAN,vid_000082_frame0000016.jpg,18.67542745540558,0.7966818428416375,163.40785390171615,105.29250771604939,41.48808399551331,2966.219660789073
FUNIEGAN,vid_000082_frame0000017.jpg,18.713876189689454,0.8087274296890933,140.31936564587684,99.88001543209876,35.08364346655932,3042.202896242713
FUNIEGAN,vid_000082_frame0000018.jpg,18.564104577376717,0.8062403550379358,123.34724458921109,97.2373688271605,30.34745408286332,3114.462981764344
FUNIEGAN,vid_000082_frame0000019.jpg,17.628306023472323,0.8115733000373173,137.27223143097208,100.39185185185185,33.863165806263545,3490.480578389108
FUNIEGAN,vid_000082_frame0000020.jpg,17.588683531510622,0.763425738295313,149.08439667563525,101.08087191358025,36.314851247848274,3930.479990735919
FUNIEGAN,vid_000082_frame0000023.jpg,17.693956831108956,0.7899181207420934,148.01575309362383,103.26869598765433,36.26614563806756,3882.7211633772836
FUNIEGAN,vid_000082_frame0000024.jpg,17.68339831621812,0.7703245052341062,149.7383836658358,104.07512345679012,36.538392901836225,3954.522094850013
FUNIEGAN,vid_000082_frame0000025.jpg,17.6963997682885,0.7822287754436,148.85918192005605,104.30990740740741,36.37607565747493,3970.310641017888
FUNIEGAN,vid_000082_frame0000026.jpg,17.86524990987022,0.8039205269200735,139.53320189896502,103.81175925925926,34.40220479930255,3530.7042886587765
FUNIEGAN,vid_000083_frame0000001.jpg,17.614300692385676,0.5518914708792413,140.24386879367654,102.81931327160494,30.85342461769058,5738.872663408541
FUNIEGAN,vid_000083_frame0000002.jpg,17.921231666794807,0.6663887287440731,124.30562707164779,104.13345679012346,28.242116475024915,4538.2484264365185
FUNIEGAN,vid_000083_frame0000004.jpg,18.023182855197327,0.7010783175912759,119.13542967809255,107.19248456790123,27.466773737875787,4039.0655776975213
FUNIEGAN,vid_000084_frame0000071.jpg,18.094272632525403,0.7658926508649188,129.2710376357485,106.26309413580248,31.36359062622667,3394.3149668257506
FUNIEGAN,vid_000084_frame0000073.jpg,18.486490224233563,0.7562068574277218,118.33455416766166,108.51871913580247,28.205337056713994,3625.6949156833466
FUNIEGAN,vid_000084_frame0000074.jpg,18.15520371908746,0.7727688278137892,114.37867443354455,110.5776774691358,27.409594103649873,3460.557471489674
FUNIEGAN,vid_000084_frame0000075.jpg,18.36998116860643,0.7469318462137426,116.63486944073877,109.19811728395062,27.728768034341048,3550.1418788284946
FUNIEGAN,vid_000084_frame0000081.jpg,18.33451775911736,0.8052319756663958,110.39318696317905,111.98925925925926,26.79822194570571,3180.362403589332
FUNIEGAN,vid_000084_frame0000082.jpg,18.345268949019097,0.8017079814718354,108.97584110495562,110.73408179012345,26.369143586648967,3169.4257661021925
FUNIEGAN,vid_000084_frame0000092.jpg,17.935791912870492,0.81489399177139,108.36560234225814,109.94646604938272,26.417911318594417,3230.1673103557005
FUNIEGAN,vid_000084_frame0000096.jpg,17.89875623055943,0.8102966616411927,109.37831996244981,108.8133950617284,26.53401194143328,3347.661772115531
FUNIEGAN,vid_000084_frame0000097.jpg,17.9381597553335,0.7785661221975232,111.50747142039793,107.4919212962963,26.68228847134143,3394.5178311208633
FUNIEGAN,vid_000084_frame0000098.jpg,18.11105955173319,0.8025013601301386,109.1759220878867,107.24678240740741,26.30555675206261,3338.0807386568713
FUNIEGAN,vid_000084_frame0000124.jpg,18.022788171969225,0.7232245490345628,120.84185968017186,104.89444444444445,28.260390310358897,3780.976211419753
FUNIEGAN,vid_000085_frame0000008.jpg,18.328643937172146,0.7718410906695151,123.6410119166092,116.10665895061729,29.703996313903644,3314.859834593086
FUNIEGAN,vid_000085_frame0000009.jpg,18.431884474317858,0.7763623392782222,116.85717108744521,110.65273148148148,27.89040899369002,3357.287962951294
FUNIEGAN,vid_000085_frame0000015.jpg,17.872533858528158,0.8228934687544927,104.18436026503598,117.21173611111111,25.559830975300248,3263.0877187970937
FUNIEGAN,vid_000085_frame0000019.jpg,17.70877472681991,0.7809386999317162,113.42654659351143,116.05831790123457,27.209739943406806,3463.582366190784
FUNIEGAN,vid_000085_frame0000021.jpg,17.83160496571678,0.7842916683505567,112.66119457314319,116.8987037037037,27.060662332073104,3422.4168922837125
FUNIEGAN,vid_000085_frame0000022.jpg,17.74207948965809,0.7801662901205813,111.22488510596098,116.68376543209877,26.598267812704194,3510.91101544347
FUNIEGAN,vid_000085_frame0000024.jpg,17.811491294606736,0.7789026052373799,113.3505913016608,115.03974537037037,27.199288847763146,3440.0421413060485
FUNIEGAN,vid_000085_frame0000027.jpg,17.787066175605695,0.7814523636491014,113.49827184592057,115.34913580246914,27.28704672562146,3461.657266345641
FUNIEGAN,vid_000085_frame0000031.jpg,17.797911093476376,0.7935412526146255,112.46136591295472,114.59779320987654,27.171972125779746,3447.6323797924647
FUNIEGAN,vid_000085_frame0000033.jpg,17.93132932380933,0.779461065203813,107.74824890180135,98.77055555555556,25.94337096875081,3152.357171938764
FUNIEGAN,vid_000085_frame0000034.jpg,17.81303429473904,0.7690992809438004,109.83910197564033,98.43047839506173,26.359318462981296,3214.386384085648
FUNIEGAN,vid_000085_frame0000035.jpg,17.937893684570884,0.7774692514998799,110.46779968813294,97.62807870370371,26.58295425562721,3204.6033357253086
FUNIEGAN,vid_000085_frame0000041.jpg,18.106360054254377,0.7890268989633219,120.62183423320802,98.90500771604938,29.56025071702952,3026.7208714534154
FUNIEGAN,vid_000085_frame0000043.jpg,18.00545022066532,0.7954500804326475,106.86438991749777,98.38814814814815,25.812248652941143,3192.626170254094
FUNIEGAN,vid_000085_frame0000044.jpg,18.209872234142146,0.7981920596417219,104.35525203715896,97.48125,25.2050296943743,3175.6081166146905
FUNIEGAN,vid_000085_frame0000045.jpg,18.48136265105842,0.7848566818530376,111.16591998570301,97.54220679012346,26.746227541892146,3197.1400791918504
FUNIEGAN,vid_000085_frame0000046.jpg,18.442641648020558,0.797465419263129,112.09303489330728,99.05063271604938,27.0117763738573,3242.251396484375
FUNIEGAN,vid_000085_frame0000047.jpg,18.373561601840112,0.7847907158283275,109.22406420035368,98.69766203703703,26.277919087533665,3143.961082933003
FUNIEGAN,vid_000086_frame0000009.jpg,18.0654831204465,0.836905815578101,104.8430845612823,108.68828703703704,26.07760785281152,2837.089747484187
FUNIEGAN,vid_000086_frame0000011.jpg,18.19155581291064,0.8202753484283524,105.26282574668281,104.65688271604938,25.969194158094556,2890.196850891573
FUNIEGAN,vid_000086_frame0000012.jpg,18.255669719936556,0.8115322925508733,105.2825499348042,100.6883024691358,25.85634588311022,2888.3788488223495
FUNIEGAN,vid_000086_frame0000013.jpg,18.051579284193693,0.805835639075161,106.57882479604098,101.65533179012345,26.13180902698149,2983.2342218935164
FUNIEGAN,vid_000086_frame0000021.jpg,18.07914787008343,0.7973210905494844,112.7311987082805,102.62267746913581,27.618756982811583,3108.527212019652
FUNIEGAN,vid_000086_frame0000026.jpg,18.14772861237984,0.8275676258461852,107.58217592041845,99.24459104938272,26.620661952910833,3041.737605671237
FUNIEGAN,vid_000086_frame0000027.jpg,18.251369044400974,0.8279017702427497,107.59282066459046,100.5367901234568,26.591145749840965,3020.1806905290255
FUNIEGAN,vid_000086_frame0000061.jpg,18.245815915117888,0.8277298702150985,101.90464658938762,105.19333333333333,24.89120243463492,3218.7171547722805
FUNIEGAN,vid_000086_frame0000062.jpg,18.24211566491053,0.833881365103584,100.75065759404559,105.69126543209876,24.802740743689633,3039.180628600287
FUNIEGAN,vid_000086_frame0000063.jpg,18.172671261453672,0.8165563636302621,107.29057259148445,106.04557098765432,26.45198609456032,2940.7397367240487
FUNIEGAN,vid_000086_frame0000067.jpg,18.198921087656956,0.8154486322937506,106.71647918702523,105.01020833333334,26.259873436265757,3014.7263742417317
FUNIEGAN,vid_000086_frame0000069.jpg,18.103220540428364,0.8118437490027159,107.15246722149425,106.3394675925926,26.35599999087516,2969.67849008053
FUNIEGAN,vid_000086_frame0000077.jpg,18.146112934250457,0.8105888545474967,115.3877396289719,101.41413580246913,28.46451121913954,2994.532179779128
FUNIEGAN,vid_000086_frame0000079.jpg,18.216279018076023,0.815060953149176,116.58227244083552,99.74021604938271,28.863368481117714,3026.085950215704
FUNIEGAN,vid_000086_frame0000082.jpg,18.16792030411195,0.8239450229347286,115.87475444853617,102.6954012345679,28.780842508829085,2996.265171600592
FUNIEGAN,vid_000090_frame0000048.jpg,15.12982574223633,0.5075051183641003,250.24103998109862,131.29042438271605,53.405623585253416,10362.252701928954
FUNIEGAN,vid_000090_frame0000049.jpg,14.70592358002322,0.4871870647764873,264.36589819024925,130.50253086419752,55.929937651435765,13810.100308170378
FUNIEGAN,vid_000090_frame0000050.jpg,14.806399807340346,0.4864352789944261,261.1287976383144,129.41274691358024,55.35702648016844,13609.404994318644
FUNIEGAN,vid_000090_frame0000051.jpg,14.608159848694855,0.4740437283265162,266.63514136219453,129.57505401234567,56.28362903864168,14870.886784336359
FUNIEGAN,vid_000090_frame0000054.jpg,15.280556863407584,0.5122321275137395,247.53210675920582,128.3372222222222,53.341677301577974,9862.996136223936
FUNIEGAN,vid_000090_frame0000065.jpg,15.91127141144083,0.5497311655159245,231.0166951046367,118.8761574074074,50.4477232419483,8605.482567175117
FUNIEGAN,vid_000090_frame0000066.jpg,17.190238894036316,0.6386663228778935,193.02057606755736,115.85313271604939,43.97344829905368,5506.989690706447
FUNIEGAN,vid_000090_frame0000068.jpg,18.023399901583893,0.7210927917075421,145.45519047696757,111.68914351851852,34.17324479639865,4226.652447557954
FUNIEGAN,vid_000090_frame0000073.jpg,17.90480131051985,0.639088730381354,173.28074027139922,118.65590277777778,39.119716736369114,6134.734679389574
FUNIEGAN,vid_000090_frame0000074.jpg,17.376838552107913,0.6298669086061047,195.79867453110597,119.03126543209876,44.126544609106006,7025.85183752709
FUNIEGAN,vid_000090_frame0000075.jpg,16.864251993441023,0.6167123313678581,211.96780489259498,116.6005401234568,47.86948901025922,7238.227861045321
FUNIEGAN,vid_000090_frame0000077.jpg,15.878291171413084,0.556034151088898,234.59040696193657,110.54128858024691,52.08649213123391,9049.649873826816
FUNIEGAN,vid_000090_frame0000079.jpg,15.49921921557165,0.5253801937712147,247.22413273819853,113.03126543209876,54.051666763201325,11113.777942108136
FUNIEGAN,vid_000090_frame0000085.jpg,15.716312435682546,0.5476004522529023,233.5580118317915,113.52277777777778,51.54137666914435,10125.344862710524
FUNIEGAN,vid_000090_frame0000086.jpg,16.053996686676175,0.5633379753656352,222.88444481042347,117.45815586419754,49.5732435329477,7190.791021296295
FUNIEGAN,vid_000090_frame0000087.jpg,15.228701304976992,0.5138836409746003,251.66517169248962,123.02402777777777,54.50609712025967,9521.631686078186
FUNIEGAN,vid_000091_frame0000021.jpg,17.06810140214979,0.6654420866619707,201.65762329765474,96.30149691358025,47.70706793644505,5509.158146110481
FUNIEGAN,vid_000091_frame0000022.jpg,17.09355443941378,0.662344978654212,201.60638030921876,96.50172839506173,47.65933231686312,5663.789341272053
FUNIEGAN,vid_000091_frame0000035.jpg,16.904590875546972,0.6565495284329373,207.40362667675691,100.52452160493827,48.973403753814175,5660.794123628199
FUNIEGAN,vid_000091_frame0000040.jpg,17.193806709160754,0.6693553192620566,204.4148579050619,98.15533950617284,48.57811044166154,5485.148942385878
FUNIEGAN,vid_000091_frame0000041.jpg,17.509085903227234,0.6848521609227983,202.66476168825102,96.66114969135802,48.35007439867308,5201.291378554146
FUNIEGAN,vid_000091_frame0000042.jpg,17.429303530738007,0.6848315904224399,200.29684173372075,97.07324074074074,47.864031219270785,5141.014085430897
FUNIEGAN,vid_000091_frame0000054.jpg,17.162332357517375,0.6678092370798984,202.8857490023923,99.52896604938272,48.19828012765891,5348.7589819086625
FUNIEGAN,vid_000092_frame0000002.jpg,17.199762143022046,0.6653790836835428,163.37606988787934,105.77716820987655,38.18474077145783,4367.158118440821
FUNIEGAN,vid_000092_frame0000024.jpg,17.142152212884223,0.6702197404155222,174.95158424729883,102.42331790123457,41.156092877808995,5135.327486624561
FUNIEGAN,vid_000092_frame0000049.jpg,17.331310003521555,0.6807777416122455,164.4902910801864,108.83183641975309,38.73306629630532,4245.118459247768
FUNIEGAN,vid_000098_frame0000017.jpg,17.237225588738664,0.7894823282551853,97.90400271510796,101.5645987654321,23.803922733308724,3138.3190417228698
FUNIEGAN,vid_000098_frame0000018.jpg,17.299465319963083,0.7759852420850262,98.27732825219901,101.09324074074074,23.78263503070617,3146.3167030521263
FUNIEGAN,vid_000098_frame0000020.jpg,17.345848929163644,0.7781102055290927,100.5561294547023,99.6681712962963,24.308903056242954,3218.4408438828273
FUNIEGAN,vid_000098_frame0000021.jpg,17.37328436620466,0.7927806520071385,98.10344575387123,100.0732175925926,23.786008154737132,3229.1843568157838
FUNIEGAN,vid_000099_frame0000007.jpg,17.784093278325727,0.5572618006320261,201.2189715052441,147.95052469135803,44.95580792724524,4913.195112702844
FUNIEGAN,vid_000099_frame0000009.jpg,17.736591632561904,0.5487549662729119,203.390056038586,147.78855709876544,45.24744423842515,5251.732131729157
FUNIEGAN,vid_000099_frame0000012.jpg,17.906623134197503,0.5571322330503752,201.09091677934737,147.12449074074075,45.01369608673346,4714.246278791343
FUNIEGAN,vid_000099_frame0000017.jpg,17.914336255101066,0.5866628102077266,200.67395213291596,146.3088811728395,45.62817621091868,4026.8257815033917
FUNIEGAN,vid_000099_frame0000019.jpg,17.750964001626393,0.5865049610479852,203.82731687358938,146.02695216049383,46.529519938868255,3541.930801748733
FUNIEGAN,vid_000099_frame0000021.jpg,16.906664236904025,0.5282402929005879,226.00326544940228,143.55383487654322,50.14700829872347,5727.457016789493
FUNIEGAN,vid_000099_frame0000022.jpg,17.277789127823354,0.5545625724638077,215.91643907286647,144.49051697530865,48.49258839459949,4792.16183612802
FUNIEGAN,vid_000101_frame0000005.jpg,17.758689995343143,0.6762484044870692,183.96826871123022,175.01601080246914,44.02127657728374,2974.916122355586
FUNIEGAN,vid_000101_frame0000006.jpg,17.936713909873912,0.6525313418653941,187.3020636974167,179.02153549382717,44.46617601470419,3242.073421604938
FUNIEGAN,vid_000101_frame0000007.jpg,18.24215755186033,0.662887968447683,186.6781448193604,182.87962962962962,44.43571339780051,3070.707409953168
FUNIEGAN,vid_000101_frame0000008.jpg,18.306997523300577,0.6374147065098862,189.22626602594102,186.08621141975308,44.707157207253374,3320.471230032579
FUNIEGAN,vid_000101_frame0000009.jpg,18.667228045847565,0.6690958232772565,183.20485671797752,189.8336188271605,43.701355083480934,2928.3946722669943
FUNIEGAN,vid_000101_frame0000010.jpg,18.53285130290624,0.6473115411279476,186.77483769571046,192.75459104938273,44.195604580792555,3218.673291036463
FUNIEGAN,vid_000101_frame0000011.jpg,18.8666559767089,0.66481919082063,181.17917421961675,196.46404320987654,43.17171074145443,2989.677876283865
FUNIEGAN,vid_000101_frame0000012.jpg,18.87937078523938,0.6560154629479705,182.67528930048002,199.17292438271605,43.55846464842663,3034.9176883706755
FUNIEGAN,vid_000101_frame0000013.jpg,19.192596251218816,0.6779224774070629,179.2874809407577,203.62649691358024,43.19524349114437,2794.2106833333332
FUNIEGAN,vid_000102_frame0000001.jpg,14.549518768630074,0.6132528186525477,269.4945644764607,106.55619598765432,60.230494173887735,11896.999553588439
FUNIEGAN,vid_000102_frame0000002.jpg,14.525839882621302,0.6177124879931006,269.2881798977407,106.75288580246914,60.265959409817114,11754.99413333756
FUNIEGAN,vid_000102_frame0000003.jpg,14.45132294436954,0.6181439410863675,270.5686553365933,106.57731481481481,60.5587689836449,11603.769469635856
FUNIEGAN,vid_000102_frame0000004.jpg,14.304240166470477,0.6178310164094127,280.80713374629363,106.68532407407407,61.88611908364009,12498.14588224356
FUNIEGAN,vid_000102_frame0000006.jpg,14.522831671086395,0.6185472221021504,269.406799465007,102.369375,60.0782364567349,9591.352091935061
FUNIEGAN,vid_000102_frame0000007.jpg,14.503335468245997,0.6199480225666484,277.9137570212722,101.89128858024691,61.797707327224444,10700.140836288236
FUNIEGAN,vid_000102_frame0000008.jpg,14.328381301448287,0.6182223887608578,282.79024416536197,104.46409722222222,62.29708783200522,12704.335482657405
FUNIEGAN,vid_000102_frame0000009.jpg,14.457352773959315,0.6174329928345098,282.3003906384446,106.07952160493826,62.555851492438165,11083.79452378252
FUNIEGAN,vid_000102_frame0000010.jpg,14.354800012333449,0.6084681745145976,285.08608692119867,106.1227237654321,62.837221554130075,11919.25978925177
FUNIEGAN,vid_000102_frame0000030.jpg,14.521001044935467,0.6149393148398826,277.51917916609386,104.91635802469136,61.577196815056574,11778.367302160495
FUNIEGAN,vid_000102_frame0000033.jpg,14.686757941534367,0.64410034460221,268.43438360302775,108.94621141975308,60.099206951781646,10376.284089291838
FUNIEGAN,vid_000102_frame0000035.jpg,14.248459540422065,0.6089305812554455,298.6635569108546,113.54114969135803,64.34063289454652,17133.312347369876
FUNIEGAN,vid_000103_frame0000004.jpg,15.765153401718573,0.5484134060668199,239.47932006209035,126.92476080246914,53.20704415203394,8988.67984220941
FUNIEGAN,vid_000103_frame0000005.jpg,16.172049639608808,0.5950726558155196,231.44572684599663,125.87153549382717,52.268274035365714,7891.278649084016
FUNIEGAN,vid_000103_frame0000006.jpg,16.098519734765777,0.6127736878590578,228.11005212994053,125.66895833333334,51.98116589114354,7568.781604537941
FUNIEGAN,vid_000103_frame0000007.jpg,16.06287776555212,0.6000440009961495,233.71225397592767,123.12577932098766,53.03735338367789,8307.936490791646
FUNIEGAN,vid_000104_frame0000007.jpg,18.159369452088864,0.6802628890846038,183.63955400802803,128.0834027777778,45.003433810978564,3918.062448201494
FUNIEGAN,vid_000105_frame0000006.jpg,15.815992135425123,0.4074882883721221,272.9379475732295,78.3561111111111,64.3165228084731,5785.917253214485
FUNIEGAN,vid_000105_frame0000007.jpg,15.079037695138119,0.35280553802210585,291.6297354266771,77.87614583333334,66.9658965717918,8659.229426806003
FUNIEGAN,vid_000105_frame0000008.jpg,15.344392260408227,0.37578411245017046,292.1299272897211,79.38466435185185,67.12956513204816,7819.278308297835
FUNIEGAN,vid_000105_frame0000009.jpg,16.09459344695047,0.41435348550265544,285.95740125307685,81.07064814814815,66.44104553653044,6057.988820720774
FUNIEGAN,vid_000105_frame0000010.jpg,15.02661486063808,0.36543716739312737,310.14574047035626,80.78652777777778,70.0712130917353,6828.648746655843
FUNIEGAN,vid_000105_frame0000011.jpg,14.678634024427277,0.3584138879331406,313.66786100630645,80.68283564814814,70.60408062396532,7351.207155650366
FUNIEGAN,vid_000105_frame0000012.jpg,14.367549713313414,0.3487845151592423,321.39225490597715,80.85721064814815,72.05365296209817,7908.197685180363
FUNIEGAN,vid_000105_frame0000013.jpg,14.510743084847697,0.3569174008813591,317.29247457125433,81.22869791666666,72.00599315523793,6479.262622000351
FUNIEGAN,vid_000105_frame0000014.jpg,15.203341738655944,0.38444118257582044,294.8643167942065,83.18153935185185,69.50498562880239,3848.381808284271
FUNIEGAN,vid_000105_frame0000017.jpg,14.16751574336266,0.36696034749290823,327.4017836966317,85.6618287037037,75.1506099898133,6710.755738709618
FUNIEGAN,vid_000105_frame0000023.jpg,14.389508396896815,0.37978385144361226,337.9918127166913,88.53574652777777,77.61262445311695,6822.475913083225
FUNIEGAN,vid_000105_frame0000030.jpg,14.148465692670802,0.37728843517636235,344.51017526564834,89.52838541666667,79.13770043066266,7432.393065200617
FUNIEGAN,vid_000105_frame0000033.jpg,14.45112835307189,0.3860528271700989,336.7638284384278,89.53685185185185,78.06614602905606,6171.725323394868
FUNIEGAN,vid_000105_frame0000037.jpg,14.398102218158439,0.3776359846900437,334.62103119139283,87.45365162037037,76.77852802520113,6580.303522668272
FUNIEGAN,vid_000105_frame0000039.jpg,15.180949335587874,0.3853757700064329,308.37067151290995,82.90793981481481,70.0947812978975,7943.649606480276
FUNIEGAN,vid_000105_frame0000040.jpg,15.561048354620748,0.3900902484807336,287.97414493187864,80.30460069444445,66.36021293499634,7144.377759245563
FUNIEGAN,vid_000105_frame0000042.jpg,15.412171308207792,0.36805350400833275,299.69890097576814,80.88778935185185,68.91639141737375,9112.070800054522
FUNIEGAN,vid_000105_frame0000044.jpg,15.440214767640368,0.36617015175630624,301.38446986158937,81.01875578703704,69.1602505479798,9373.01044156938
FUNIEGAN,vid_000106_frame0000009.jpg,19.982038039247033,0.6357002084191817,204.65182121633796,82.89487268518519,53.45932266433201,1687.756332465144
FUNIEGAN,vid_000106_frame0000010.jpg,20.13828592401633,0.6286942510813991,205.01113623927884,82.71449074074074,53.45241643205516,1677.7972227229277
FUNIEGAN,vid_000106_frame0000011.jpg,20.28160290071568,0.6283199775250276,208.32464056841954,83.78423611111111,54.35018225990592,1670.1596224118748
FUNIEGAN,vid_000106_frame0000012.jpg,20.13697873607104,0.6194512216394767,214.28118697355407,86.1176099537037,55.89383190048039,1699.3434082592541
FUNIEGAN,vid_000106_frame0000013.jpg,20.359574787519485,0.6245214219456724,215.96562137539817,86.5334375,56.39838200732983,1698.7420063922314
FUNIEGAN,vid_000106_frame0000014.jpg,20.36803912786146,0.6235001218088781,214.1848120361397,85.66069444444445,55.86233553533357,1722.5900310182171
FUNIEGAN,vid_000106_frame0000015.jpg,20.394514742622558,0.6261467903649961,212.2284357329116,84.86405092592592,55.34862470084676,1724.5999039817696
FUNIEGAN,vid_000106_frame0000026.jpg,20.569260539118748,0.6315206226759705,214.12005253689983,85.54214120370371,56.052184635031765,1623.798715631932
FUNIEGAN,vid_000106_frame0000027.jpg,20.428621689856055,0.6261096924296604,215.32391993460027,85.95257523148148,56.327360607209926,1628.2518368911553
FUNIEGAN,vid_000106_frame0000028.jpg,20.37741636950447,0.6152308248499286,214.25079959691806,85.03116319444445,55.836582160153164,1700.4772190594122
FUNIEGAN,vid_000106_frame0000029.jpg,20.380059404592473,0.627086499874775,211.36998557305085,84.34063657407407,55.19709306172875,1652.7490420186782
FUNIEGAN,vid_000106_frame0000030.jpg,20.480250836409077,0.6228458692518304,205.2248824983435,81.99445601851852,53.44358096702619,1657.3988336853445
FUNIEGAN,vid_000106_frame0000031.jpg,20.016804936605546,0.6266702021546816,204.63684070399796,82.0643576388889,53.34960023620453,1693.7647660080895
FUNIEGAN,vid_000106_frame0000032.jpg,20.084354475954356,0.6263975024960406,204.0080156193474,82.25117476851852,53.140206062415956,1669.160751458782
FUNIEGAN,vid_000106_frame0000033.jpg,19.805272241081745,0.6321149822487789,204.1695715198667,82.55693865740741,53.31237325657668,1665.3437575276694
FUNIEGAN,vid_000106_frame0000034.jpg,19.554551522230728,0.6312667642482745,201.7210473228895,81.4165625,52.57340882957249,1752.8445866748114
FUNIEGAN,vid_000106_frame0000035.jpg,19.615813952561382,0.6305063168538847,200.3109009274599,81.27441550925926,52.225711863919024,1727.7293360242716
FUNIEGAN,vid_000106_frame0000036.jpg,19.591898425820165,0.6346844699668162,200.42380829671086,81.48121527777778,52.27988020248385,1707.0343003905916
FUNIEGAN,vid_000107_frame0000001.jpg,16.474780799471258,0.4474733883755749,226.53489602357575,73.55436342592593,55.13705814778292,3244.4166354166337
FUNIEGAN,vid_000107_frame0000003.jpg,16.448159893341938,0.4588365087656357,228.37182770915965,74.5063136574074,55.804960613902516,3045.4165722146868
FUNIEGAN,vid_000107_frame0000005.jpg,16.292756140491345,0.4545129754503446,232.09858015593483,75.04746527777777,56.580583240411926,3146.75743235647
FUNIEGAN,vid_000107_frame0000007.jpg,16.17902943957796,0.4501669697385231,233.68979652339007,75.38835069444444,56.88260022224441,3206.4700651159214
FUNIEGAN,vid_000107_frame0000010.jpg,16.037125045619618,0.4373753913055078,236.89169618972704,76.91347800925926,57.483063800556266,3345.339982555164
FUNIEGAN,vid_000107_frame0000012.jpg,15.99388543639382,0.4420001217495604,239.22000252000845,78.2389236111111,58.22910429333727,3349.70913952332
FUNIEGAN,vid_000107_frame0000014.jpg,16.104643242504196,0.4466546079990725,242.28289891098643,78.92776041666667,58.98192565043413,3403.8754402702425
FUNIEGAN,vid_000108_frame0000008.jpg,18.923998843632926,0.5743575818333541,247.3819648429189,90.64371527777777,63.66086374508899,2151.8475615475168
FUNIEGAN,vid_000108_frame0000009.jpg,19.09377347978138,0.5868854007582959,244.5153145248035,90.03216435185185,63.14265169550337,1987.8481877009053
FUNIEGAN,vid_000108_frame0000010.jpg,18.87390837742023,0.5695915177597981,246.3485043530575,90.17179976851853,63.388072414476134,2122.1603181624214
FUNIEGAN,vid_000108_frame0000011.jpg,18.953074149084294,0.5791701778624526,245.32183984793213,90.11785879629629,63.224345170725954,2072.8595981617786
FUNIEGAN,vid_000108_frame0000012.jpg,18.638672459623375,0.5669545206045181,248.0473921811547,90.50422453703703,63.715287250200085,2195.4403122856656
FUNIEGAN,vid_000108_frame0000013.jpg,18.841677013279764,0.5775090626624957,247.06543150307317,90.64311342592593,63.646406335162816,2037.1798737627191
FUNIEGAN,vid_000108_frame0000023.jpg,18.651005807850215,0.5571716942444476,270.98770688089206,96.19611689814815,69.11173482970544,2678.856580905858
FUNIEGAN,vid_000108_frame0000024.jpg,18.734414897905516,0.5519931337426537,270.10351458298163,95.97339699074074,68.83980618887949,2612.1028089859487
FUNIEGAN,vid_000108_frame0000025.jpg,18.914041202160632,0.5646933493061722,264.8367859769624,94.08094907407407,67.54524639582961,2614.5907598860545
FUNIEGAN,vid_000108_frame0000026.jpg,19.043599395519927,0.5662257371675987,261.2512026308469,92.85096064814815,66.6102730075622,2559.634314795525
FUNIEGAN,vid_000108_frame0000027.jpg,19.019118089691723,0.5720646609397005,260.1760652064488,92.63083333333333,66.37443136919015,2600.3634462448226
FUNIEGAN,vid_000108_frame0000028.jpg,18.83597311868338,0.5553177414263428,262.86640998460274,93.17611111111111,66.83921171963706,2684.3317563356004
FUNIEGAN,vid_000108_frame0000029.jpg,19.17519886748334,0.58543531851502,255.15763365349846,91.39490162037038,65.12969767429766,2505.4516572551966
FUNIEGAN,vid_000108_frame0000030.jpg,19.053069403794606,0.5658084930051935,262.6572651492973,92.43870949074073,66.74356246146552,2575.308827674361
FUNIEGAN,vid_000108_frame0000031.jpg,19.049103979294713,0.5762960092669823,264.7582422740217,93.11114583333334,67.38807384204395,2630.786307842205
FUNIEGAN,vid_000108_frame0000038.jpg,18.621507093839625,0.565705116275134,304.25237169468176,99.76505208333333,77.0325173473813,2943.761845558148
FUNIEGAN,vid_000108_frame0000039.jpg,17.971303895441846,0.5576200080808233,300.4738006816356,96.78015046296296,75.7897549510019,3377.916084686824
FUNIEGAN,vid_000109_frame0000004.jpg,18.24329024276298,0.5339875503686788,224.74736310489402,65.70166087962963,55.959858232063006,2695.653059026572
FUNIEGAN,vid_000109_frame0000017.jpg,18.712050598626227,0.5771748275437537,181.3715388485657,65.98316550925927,46.402429121819445,1677.7525400525924
FUNIEGAN,vid_000109_frame0000018.jpg,18.459999191019577,0.570868524052177,182.50933493267502,65.68320601851852,46.464042876854634,1786.942671682099
FUNIEGAN,vid_000109_frame0000019.jpg,18.625942445981455,0.5877143370826585,182.04940722878902,64.73817708333333,46.34135617901475,1873.7109394876527
FUNIEGAN,vid_000109_frame0000020.jpg,18.891376593566,0.5793854398833586,181.53143679459484,64.46166087962963,46.13480285794531,1814.7584373708635
FUNIEGAN,vid_000109_frame0000021.jpg,18.835322491985323,0.5860773366520647,180.91654809547325,65.09324074074074,46.06413075064387,1803.0879989577975
FUNIEGAN,vid_000110_frame0000018.jpg,18.124746678448208,0.7658881399964734,123.60136494398895,128.21300154320988,30.36606027218054,1950.1252095692705
FUNIEGAN,vid_000111_frame0000007.jpg,18.23387805023601,0.7816798481624341,119.47723196019936,125.8891512345679,29.040591741974573,1943.6259459533608
FUNIEGAN,vid_000111_frame0000008.jpg,18.27376449203745,0.7462545735779673,137.13432749709784,124.28222222222222,32.93953465381496,2387.4096807077335
FUNIEGAN,vid_000111_frame0000009.jpg,18.268249471382326,0.7631479653900208,130.4583029911902,124.37185185185186,31.56200194761123,2011.7797201974142
FUNIEGAN,vid_000111_frame0000010.jpg,18.05760091113658,0.7289721062955637,135.76338787839688,122.21304012345679,32.179462044696216,2606.996453958762
FUNIEGAN,vid_000111_frame0000011.jpg,17.972877255234092,0.750647091572772,136.18270505448098,122.47752314814815,32.56748507787029,2414.6742257694614
FUNIEGAN,vid_000111_frame0000012.jpg,17.976413630196834,0.7427070428813378,127.39713295860653,121.07881944444445,30.223663908038045,2469.1805418161653
FUNIEGAN,vid_000111_frame0000013.jpg,18.35208382869418,0.7782439723109743,115.7178005967102,119.5124537037037,27.681558338824747,2092.4451865102496
FUNIEGAN,vid_000112_frame0000005.jpg,14.786850896492867,0.5617851712089091,299.7411547963238,136.86354166666666,65.48370407585107,5762.635376261862
FUNIEGAN,vid_000112_frame0000015.jpg,17.727010654661136,0.6543320444413362,210.1024100218357,140.73234953703704,48.46697025627111,2534.7943795569904
FUNIEGAN,vid_000112_frame0000016.jpg,17.001920977067094,0.6145128443934731,220.2646573184912,142.43299189814815,50.37517508201749,2685.7027549606432
FUNIEGAN,vid_000112_frame0000017.jpg,16.89953673473389,0.603207079793572,226.71189027927915,142.61647569444443,51.423626605164856,2764.8373152914082
FUNIEGAN,vid_000112_frame0000018.jpg,16.780490085658553,0.590885131233232,234.02209881025854,143.23309606481482,52.635433893701986,3309.85173688151
FUNIEGAN,vid_000112_frame0000019.jpg,17.041134201799977,0.5955135537072552,230.33776766574672,142.6614236111111,51.81648123078214,3093.7368904235254
FUNIEGAN,vid_000112_frame0000020.jpg,16.95983169885585,0.5878350097702274,234.2798255196493,142.49811342592594,52.524089016339865,3286.405252427206
FUNIEGAN,vid_000112_frame0000030.jpg,15.736731809640625,0.6344545333835224,269.0750587593627,137.5315798611111,62.12102284705416,4063.1047253858023
FUNIEGAN,vid_000112_frame0000031.jpg,15.141060178227297,0.5995172950206049,281.7766934783556,128.64008101851852,63.22621474890709,5405.553861653345
FUNIEGAN,vid_000112_frame0000032.jpg,14.914209132839485,0.5776430756907511,284.7088272660604,124.87142939814815,63.26854043822785,5893.444496139831
FUNIEGAN,vid_000112_frame0000033.jpg,15.04590965981582,0.5857216415366124,284.20295693510116,128.0590625,63.40664521526452,5601.52572100038
FUNIEGAN,vid_000112_frame0000034.jpg,15.032424869968056,0.5886762282436792,286.40767840403595,134.09807291666667,63.99403884628961,5587.753351283865
FUNIEGAN,vid_000112_frame0000035.jpg,16.476075737736643,0.6598553274462343,238.43953901505276,140.4193576388889,55.13497790401536,3121.114022202932
FUNIEGAN,vid_000112_frame0000036.jpg,16.960466157775137,0.691197612393899,232.94726262471434,146.29221064814814,54.1448953637887,2929.829147974537
FUNIEGAN,vid_000112_frame0000038.jpg,16.59360163072159,0.6236081489549062,256.58325450025154,138.82770833333333,58.96808225899686,3031.669474253579
FUNIEGAN,vid_000112_frame0000039.jpg,17.563598329318204,0.646288644741745,234.05905527291478,146.26703125,54.378172075261126,2590.2047893470294
FUNIEGAN,vid_000112_frame0000040.jpg,17.137202097041474,0.6171811460068334,246.44413551642836,149.49881944444445,56.177218024704445,2999.037975308341
FUNIEGAN,vid_000112_frame0000041.jpg,17.030517239224523,0.6079397845356822,248.8522223098332,149.41460069444443,56.4633645647966,3173.523148010974
FUNIEGAN,vid_000112_frame0000042.jpg,17.129151598930996,0.6109708979698999,247.7456406841013,149.8205150462963,56.42933184370802,2969.8449916602035
FUNIEGAN,vid_000112_frame0000043.jpg,17.246533750759937,0.61874453608648,245.55496946416991,150.39244212962964,56.126664318381025,2903.5166679621866
FUNIEGAN,vid_000112_frame0000044.jpg,18.04949153826204,0.6437471323152182,229.02761388739862,151.22542824074074,53.34116265603109,2334.693358774561
FUNIEGAN,vid_000112_frame0000045.jpg,18.343054672095555,0.6606934042302085,223.54539785135273,151.59975694444444,52.57158349474198,2056.0136402630087
FUNIEGAN,vid_000112_frame0000056.jpg,15.465806879099766,0.6256141175832374,274.1836273211133,132.30476851851853,61.58895636967455,4964.299565208622
FUNIEGAN,vid_000112_frame0000057.jpg,15.319819151164936,0.6101943339705161,278.3059464999404,129.27216435185184,61.84968974061248,5447.593531036167
FUNIEGAN,vid_000112_frame0000058.jpg,15.48434933330421,0.6120549035764368,272.4959081217844,128.73059027777776,60.72471914816729,5249.442497382136
FUNIEGAN,vid_000115_frame0000040.jpg,16.82478431647233,0.7119520725708325,212.1796266323053,109.24743827160493,52.28790366787292,3886.9629539073217
FUNIEGAN,vid_000115_frame0000041.jpg,16.68165403564184,0.7234535377794642,230.48293057053112,119.19838734567901,56.27546832645917,4481.522331429981
FUNIEGAN,vid_000115_frame0000050.jpg,15.237062495531488,0.6649569558282621,280.8657237981872,129.93854166666668,65.17604409916633,7280.724830765544
FUNIEGAN,vid_000116_frame0000001.jpg,17.812446526304598,0.7554440791932461,112.8145280548421,100.41286265432099,26.927898980476385,2960.1378128998535
FUNIEGAN,vid_000116_frame0000002.jpg,17.932076643681047,0.7930661610699704,110.81300690360378,100.36118055555555,26.7114867121192,2864.344764980507
FUNIEGAN,vid_000116_frame0000003.jpg,17.913260828011243,0.7718091779968796,114.32265513576036,99.62653549382716,27.28091418725294,3051.515740497769
FUNIEGAN,vid_000116_frame0000020.jpg,17.5053893237531,0.7385055233981609,124.21557661447034,95.973125,29.353369813379892,3522.4467083140435
FUNIEGAN,vid_000116_frame0000021.jpg,17.5110756005926,0.7507415142415547,123.99404609966777,96.20810185185185,29.4199084738024,3495.661330439755
FUNIEGAN,vid_000116_frame0000029.jpg,17.32827171264929,0.7399997861885855,131.1742745646536,95.28819444444444,31.228463682387442,3580.054272923752
FUNIEGAN,vid_000116_frame0000030.jpg,17.2866081014415,0.7254173624971494,132.66424978598798,94.82462962962963,31.43688270167111,3690.1592754436724
FUNIEGAN,vid_000116_frame0000032.jpg,17.607661247756695,0.7368466432646912,160.68340218473128,107.65577932098765,39.04015392651035,3648.0849468211773
FUNIEGAN,vid_000116_frame0000041.jpg,17.64096017248648,0.7595286587025812,150.51570787357892,101.48681327160494,36.80613222440074,3450.4262823640042
FUNIEGAN,vid_000116_frame0000066.jpg,17.181093634829907,0.7242913387784843,164.4077081801676,100.02935956790124,39.646022414142465,4072.1806532659252
FUNIEGAN,vid_000117_frame0000011.jpg,16.49454164707408,0.6949062020320543,123.30684845662155,113.56976851851852,28.65465337657396,3352.5015639274093
FUNIEGAN,vid_000117_frame0000013.jpg,16.439763812760916,0.7020855268562608,122.72200129341874,114.01997685185185,28.6128774104103,3284.117660308011
FUNIEGAN,vid_000117_frame0000014.jpg,16.462729414366994,0.7936485389972928,111.43121238924967,114.13391203703704,27.031943118081173,2778.351040804505
FUNIEGAN,vid_000117_frame0000016.jpg,16.31428065967796,0.8056232097414671,113.59341820510696,115.03389660493828,27.60612967754191,3070.655014856729
FUNIEGAN,vid_000117_frame0000018.jpg,16.45386256371668,0.6792361922565595,124.18944081200397,113.2784413580247,28.724038219663843,3397.9279507694614
FUNIEGAN,vid_000119_frame0000001.jpg,17.02014563774543,0.7460182217148326,118.69136782458493,127.25013888888888,28.685642271205538,2986.535192901234
FUNIEGAN,vid_000119_frame0000003.jpg,16.749559021752102,0.8415869314142678,113.20358421697483,129.19970679012346,28.171794020067125,2811.2831204694407
FUNIEGAN,vid_000119_frame0000004.jpg,17.09581422122454,0.722712213713451,125.17693111574714,127.53814043209877,29.611889643695523,3326.200287653785
FUNIEGAN,vid_000119_frame0000017.jpg,16.84243535146241,0.7732222373863064,118.50250284365549,123.89404320987654,28.43644160984689,3001.2231065452456
FUNIEGAN,vid_000119_frame0000018.jpg,16.950587453458333,0.7698491683684283,119.61067880332132,122.52507716049382,28.6874908885685,3116.0774290694426
FUNIEGAN,vid_000122_frame0000022.jpg,18.018306400235783,0.7697093727009561,234.98048376974708,125.97222993827161,60.75766101770368,2903.912888991532
FUNIEGAN,vid_000123_frame0000023.jpg,16.561745141664,0.7218488239673406,202.26944962078326,110.14564043209876,51.941403211390444,2773.1336740719307
FUNIEGAN,vid_000123_frame0000024.jpg,16.46246813742018,0.6971411527458931,209.0144062739954,113.43537808641975,53.45673562113146,2900.2665044552446
FUNIEGAN,vid_000123_frame0000025.jpg,16.464239034858448,0.7121806105786873,210.9603427008519,117.17003086419753,54.09429161937068,2821.0425861839253
FUNIEGAN,vid_000123_frame0000026.jpg,16.557501328549154,0.7193408327053258,209.81182759717515,117.43958333333333,53.860204059285465,2753.6551268325616
FUNIEGAN,vid_000123_frame0000027.jpg,16.45504091670078,0.7062571869616295,211.12174547261532,117.16061728395061,54.117163176170315,2797.1822972173995
FUNIEGAN,vid_000123_frame0000028.jpg,16.255569389003927,0.6928277227333942,211.21245607861914,117.97922067901234,54.03329013876371,2827.3732395732713
FUNIEGAN,vid_000123_frame0000029.jpg,16.31086562918602,0.7280858258414957,208.71017411342672,120.79346450617284,53.71933109137347,2633.17236476528
FUNIEGAN,vid_000123_frame0000030.jpg,16.286849056063588,0.6894973881261297,211.3665338728926,122.78837962962963,53.852771982064006,2926.1264740681204
FUNIEGAN,vid_000123_frame0000043.jpg,16.454371699389473,0.7164460536557572,203.65997849289477,113.18001543209877,52.36015076042164,2589.5809996641497
FUNIEGAN,vid_000123_frame0000044.jpg,16.4164557399334,0.7140748415885559,208.75698233180765,115.6495524691358,53.717044402755604,2619.2178502180855
FUNIEGAN,vid_000126_frame0000013.jpg,18.289905684125955,0.8026016118373529,186.4362897845296,110.34992283950618,48.101169023359496,2862.047120979081
FUNIEGAN,vid_000126_frame0000014.jpg,18.212657586277366,0.786255131031741,186.04254695475993,108.05831790123457,47.849126573399545,2895.687345679012
FUNIEGAN,vid_000126_frame0000015.jpg,18.116887989186445,0.7962322213791279,188.69175579125127,109.33996141975308,48.71088796961759,2816.018563975992
FUNIEGAN,vid_000126_frame0000025.jpg,17.482864397041176,0.8043335691700481,171.48494837191706,108.52135030864197,43.67574464971983,3040.8395761828897
FUNIEGAN,vid_000127_frame0000035.jpg,18.360831245354962,0.8501024568233603,140.253751713552,106.90875,35.5530727081789,2839.9989554349922
FUNIEGAN,vid_000127_frame0000036.jpg,18.581831292069385,0.8559703697758438,148.20747955276343,110.59131944444445,37.85914717682633,2826.7702530140223
FUNIEGAN,vid_000127_frame0000037.jpg,18.534659485999104,0.8459947655375343,155.77168566856784,110.55653549382716,39.88691787188106,2873.3474766584154
FUNIEGAN,vid_000132_frame0000014.jpg,18.25335236499152,0.7746109521789837,149.04345428034196,110.5588425925926,36.13021217753559,4082.0499980661643
FUNIEGAN,vid_000132_frame0000015.jpg,18.33162937576365,0.7744906989056383,150.66101537329183,112.17081018518519,36.60722662908554,3946.851454370285
FUNIEGAN,vid_000132_frame0000016.jpg,18.3355563258174,0.7865554426955282,154.93973733394833,114.31529320987654,37.74234168177571,4225.27058459642
FUNIEGAN,vid_000132_frame0000040.jpg,16.77665147337319,0.7012557531743226,212.45776500725452,124.79239969135803,50.25027512928304,6123.126946654236
FUNIEGAN,vid_000132_frame0000041.jpg,16.775446395132295,0.6976131661338206,211.17487934009966,121.62624228395062,50.12710792264214,5627.9171029089985
FUNIEGAN,vid_000132_frame0000044.jpg,17.959163614974443,0.7744822097743981,165.6202170358203,112.30666666666667,40.73847767872834,3698.3262352894353
FUNIEGAN,vid_000132_frame0000045.jpg,17.974358595461077,0.7614268782594692,170.0271079221704,115.51966820987654,41.44255132942932,4306.667296292486
FUNIEGAN,vid_000132_frame0000046.jpg,18.176249070858713,0.7885459902191087,173.06824858542157,120.19238425925926,42.53907120925623,3869.4731696029926
FUNIEGAN,vid_000132_frame0000047.jpg,18.016019440564694,0.7781177724994457,187.1843946217848,125.47964506172839,45.94140359274573,4509.889717289608
FUNIEGAN,vid_000132_frame0000048.jpg,17.660999055250304,0.7791165615928909,186.1382872323146,124.89387345679012,45.73030476821539,4371.3543901791245
FUNIEGAN,vid_000132_frame0000049.jpg,17.848666334250037,0.792052431204526,184.27761960061406,125.08371141975309,45.7873916899464,3795.8465300148964
FUNIEGAN,vid_000132_frame0000050.jpg,17.895460968292536,0.7916850321327159,185.38666412873926,124.79149691358025,46.352525653815725,3673.339785802231
FUNIEGAN,vid_000132_frame0000051.jpg,18.049892635768522,0.8140010193492219,173.22624631241823,120.97298611111111,44.15706905017201,2956.7157136130522
FUNIEGAN,vid_000132_frame0000092.jpg,18.30403299726749,0.8185003637857017,158.28168321829685,124.18833333333333,39.55389852568577,3437.902475487195
FUNIEGAN,vid_000132_frame0000093.jpg,17.779415222092684,0.7814547170806095,157.06431187489798,117.11289351851852,38.67393083654379,3627.78325992584
FUNIEGAN,vid_000132_frame0000094.jpg,17.61729615425009,0.7951296252431161,153.34568924188142,113.22340277777778,37.6661070938621,3824.7476268132123
FUNIEGAN,vid_000132_frame0000098.jpg,17.74053440224249,0.7828386081040245,156.25549222342767,113.78492283950617,37.683414514469824,4802.2722939793375
FUNIEGAN,vid_000132_frame0000099.jpg,18.083514521848056,0.783324552864283,163.15842492659908,118.82900462962964,39.54784018579383,4532.583493346098
FUNIEGAN,vid_000132_frame0000100.jpg,17.988363902063476,0.7946182420267932,172.4952707309203,121.6975925925926,42.12159775330002,4584.024414105128
FUNIEGAN,vid_000132_frame0000101.jpg,18.071368896326984,0.788402758945545,171.48676512953665,122.28949845679013,41.992685219449974,4347.615204342897
FUNIEGAN,vid_000132_frame0000111.jpg,17.779857661646062,0.778198762521514,187.19492807433787,126.63333333333334,46.285329515895874,4481.705261602593
FUNIEGAN,vid_000132_frame0000112.jpg,17.505796466650455,0.7684545420678702,191.12376659832017,123.95810185185185,46.93815510902627,4721.411657443071
FUNIEGAN,vid_000138_frame0000014.jpg,18.278964536648378,0.6662498406999395,297.8319806916587,111.67327932098766,76.25064079199925,4110.964969623949
FUNIEGAN,vid_000138_frame0000017.jpg,18.259428128503203,0.6770672440603295,295.21899814979304,110.36626543209877,75.53411195459341,4094.872040187698
FUNIEGAN,vid_000138_frame0000018.jpg,18.28551357539497,0.6651062761314274,294.3217568086944,109.74974537037038,75.19997909338167,4160.404383559992
FUNIEGAN,vid_000138_frame0000019.jpg,18.299166286295193,0.6755115225336019,294.45184765799667,109.97506944444444,75.38730451793423,4054.024796219136
FUNIEGAN,vid_000138_frame0000020.jpg,18.250406698438397,0.6616620093652896,293.11659516759494,109.38014660493828,74.87759982899657,4144.974116019316
FUNIEGAN,vid_000138_frame0000021.jpg,18.256957065661478,0.6772640266405193,294.1113466062644,110.07111111111111,75.18814798577542,4126.911944637286
FUNIEGAN,vid_000138_frame0000022.jpg,18.243787101571705,0.6915808766415191,293.36525594786366,110.37480709876543,75.07176015264658,4055.1448039313746
FUNIEGAN,vid_000138_frame0000023.jpg,18.218794403428024,0.6987829808976191,292.08785594477746,110.48324074074074,74.82053742776164,3979.4692711890693
FUNIEGAN,vid_000138_frame0000024.jpg,18.157430682385687,0.6689986271587077,291.93145623321294,110.07841820987655,74.37513512985613,4220.323779761029
FUNIEGAN,vid_000138_frame0000027.jpg,18.227222249071215,0.6725783874515209,293.8854093985895,108.09008487654322,75.06196263770126,4173.598074363426
FUNIEGAN,vid_000138_frame0000028.jpg,18.284015642150223,0.6631286280970211,292.13506420406543,108.0911188271605,74.507232486046,4191.4415688764575
FUNIEGAN,vid_000139_frame0000005.jpg,18.52529359145207,0.8533544993413528,151.41420403334047,128.8106635802469,38.203966900118374,2710.187403117796
FUNIEGAN,vid_000139_frame0000006.jpg,17.65066974021898,0.83126151042402,164.88826987376365,136.92939043209876,41.24761916547166,2831.6012310522765
FUNIEGAN,vid_000139_frame0000007.jpg,17.349075451882467,0.83070357816722,155.10659975745006,134.4088811728395,38.70614064851399,2811.780561289664
FUNIEGAN,vid_000139_frame0000008.jpg,17.436060098933346,0.824306482702443,149.14092248234834,133.95520833333333,37.11354044198284,2791.01981344212
FUNIEGAN,vid_000139_frame0000009.jpg,17.593306078046858,0.8069339312194103,151.80124566727312,133.28677469135803,37.59564938751543,2750.5351773476195
FUNIEGAN,vid_000139_frame0000010.jpg,17.414842182465456,0.7661694475440465,157.9845514915507,132.94868055555557,38.5293873005926,3242.698056125626
FUNIEGAN,vid_000139_frame0000011.jpg,17.41648650216713,0.7753954876477557,158.91763240210162,132.99283950617283,38.74350954754436,3388.4300256672354
FUNIEGAN,vid_000139_frame0000012.jpg,17.336623299008927,0.7621457214536752,161.3671778562784,133.0079938271605,39.217134714745924,3443.8133567786326
FUNIEGAN,vid_000139_frame0000013.jpg,17.34943096103609,0.7845725083767275,159.89452382597315,133.25179783950617,39.08729112878368,3315.5096666473764
FUNIEGAN,vid_000139_frame0000014.jpg,17.226468145394097,0.7601985579218811,159.76570669576304,132.77318672839507,38.82566187775807,3504.8439153175486
FUNIEGAN,vid_000139_frame0000015.jpg,17.34572819607284,0.7723820163217643,158.0460053302841,132.86635030864198,38.506807564499326,3435.5778580198685
FUNIEGAN,vid_000139_frame0000026.jpg,17.93228739145491,0.8377146740479766,137.02944727838516,134.28645833333334,33.98387215464512,3031.856426233079
FUNIEGAN,vid_000140_frame0000001.jpg,17.39938959644993,0.7907761186753719,117.59027508027846,121.40376543209877,28.91287942998124,2883.1985267698687
FUNIEGAN,vid_000140_frame0000023.jpg,16.788130331442648,0.8048405244397779,129.69427515661363,121.22974537037037,31.30733435885888,3585.9143986730305
FUNIEGAN,vid_000140_frame0000024.jpg,16.6981811158642,0.7776487800443559,130.97990431750176,121.41635802469136,31.440528235835377,3614.722530799838
FUNIEGAN,vid_000140_frame0000025.jpg,16.75710966559302,0.8025605525047226,130.36957315654774,121.46083333333333,31.437375431115647,3574.4574043057464
FUNIEGAN,vid_000140_frame0000026.jpg,16.9490965011032,0.8148374520526601,129.16110022284596,120.41432098765432,31.273744635896865,3504.8083447928575
FUNIEGAN,vid_000140_frame0000027.jpg,16.812077304559555,0.8095983920984692,129.6587018311939,121.05808641975308,31.320131518138925,3559.376118464935
FUNIEGAN,vid_000140_frame0000028.jpg,16.66276545608019,0.7897575398455637,130.90531195051028,121.38949845679012,31.48687453216038,3558.686673297646
FUNIEGAN,vid_000140_frame0000029.jpg,16.75514630440626,0.8031093215095119,130.4432239873841,121.26797067901235,31.513020364885033,3490.3744644430635
FUNIEGAN,vid_000140_frame0000030.jpg,16.740637573814475,0.7855118188792517,130.99358488708174,121.08063271604938,31.477422266803128,3621.784896615417
FUNIEGAN,vid_000140_frame0000031.jpg,16.803811862362505,0.8218859607066323,126.32421250274416,120.27003086419754,30.638309151344636,3482.6795704389574
FUNIEGAN,vid_000140_frame0000032.jpg,16.729378333144773,0.8205854004045086,119.41614866098261,119.19351080246913,28.998504104483093,3310.765570914721
FUNIEGAN,vid_000140_frame0000036.jpg,18.11065275426683,0.8557708541072784,151.2997779898307,126.11257716049383,38.57990900523316,2714.874143706597
FUNIEGAN,vid_000140_frame0000038.jpg,17.552598011994526,0.8227143726364523,190.27646790449896,127.398125,48.8393504496996,2695.6352880636996
FUNIEGAN,vid_000140_frame0000039.jpg,17.504567841786248,0.8196631137478202,184.27597302415253,125.30567901234568,47.18971399190408,2719.1850363163367
FUNIEGAN,vid_000141_frame0000001.jpg,16.16902208439813,0.6951958191252817,198.8786996187102,116.7426774691358,48.66848166571435,4496.419603561707
FUNIEGAN,vid_000141_frame0000012.jpg,16.12378023044196,0.7167701710977651,229.00956202660157,118.96898148148148,56.2476031934873,4728.014370827381
FUNIEGAN,vid_000141_frame0000013.jpg,15.815712107221295,0.6871049962855286,268.54802096917285,111.83678240740741,65.36126779377877,5699.269184065822
FUNIEGAN,vid_000141_frame0000014.jpg,15.716545606530781,0.6690870500892006,274.50317481912964,111.61208333333333,66.37619217719312,6049.501136085331
FUNIEGAN,vid_000142_frame0000001.jpg,16.854688928529423,0.6941659562490511,198.71184890273645,141.63929783950618,48.207558194743314,5000.613884230444
FUNIEGAN,vid_000142_frame0000002.jpg,16.92093305338729,0.7270756336939584,199.5358570314577,141.7908950617284,48.64160212434985,4917.213866152204
FUNIEGAN,vid_000142_frame0000003.jpg,16.912534993815637,0.7740924949911233,196.1762905851875,139.07506944444444,48.38960761755544,4396.940929194292
FUNIEGAN,vid_000142_frame0000004.jpg,16.709534744775596,0.7289682978119987,199.16032089626128,139.5041975308642,48.483160316058054,5003.580907833159
FUNIEGAN,vid_000142_frame0000005.jpg,16.76271303534696,0.7394530858489882,199.2439963230909,140.01230709876543,48.593706675593204,5023.156309967933
FUNIEGAN,vid_000142_frame0000016.jpg,16.31904053600174,0.6544561552503781,204.39995192078243,147.49101851851853,46.98777418030578,6889.418622202932
FUNIEGAN,vid_000142_frame0000017.jpg,16.356059104081183,0.6547263592076672,205.75903506950726,147.0033487654321,47.2056754136079,7080.440404640109
FUNIEGAN,vid_000142_frame0000018.jpg,16.272404009666236,0.6429887392299632,206.6183854749069,146.91180555555556,47.26651974079153,7252.9065598178995
FUNIEGAN,vid_000142_frame0000025.jpg,16.228552704878602,0.6525803410936183,206.73527754844366,148.14718364197532,47.448061066945314,7072.130937208505
FUNIEGAN,vid_000142_frame0000026.jpg,16.298019342186826,0.6529937298495152,204.78939218231528,147.72131944444445,47.086928729846925,6910.284687851509
FUNIEGAN,vid_000142_frame0000027.jpg,16.323122838207976,0.6522609000864569,205.1601729434206,147.48525462962962,47.065225444634805,6982.923121247654
FUNIEGAN,vid_000142_frame0000028.jpg,16.255200669499878,0.6444446406953469,206.3842217764044,147.34365740740742,47.24222878369025,7170.634103351658
FUNIEGAN,vid_000142_frame0000029.jpg,16.283928994784315,0.6524636550842396,204.559455665339,147.96202160493826,47.04813458720054,6787.817786596699
FUNIEGAN,vid_000142_frame0000030.jpg,16.320000195992627,0.6375822413548754,205.61639106889987,146.9227314814815,47.04381037278827,7081.8883592056745
FUNIEGAN,vid_000142_frame0000031.jpg,16.276702011401063,0.6526973857904188,206.40531368647552,147.5530787037037,47.333550213998215,7103.563200684918
FUNIEGAN,vid_000142_frame0000033.jpg,16.356558215504407,0.6701758871691954,202.83578685967012,148.15613425925926,46.81027684919225,6594.855997484187
FUNIEGAN,vid_000142_frame0000034.jpg,16.267904073292293,0.644347628894868,206.4608781786641,147.32868827160493,47.309517069804606,7142.141298148148
FUNIEGAN,vid_000142_frame0000035.jpg,16.451989623386815,0.6804790278060439,201.40121467688698,148.50226851851852,46.60190623361785,6147.715288322807
FUNIEGAN,vid_000142_frame0000036.jpg,16.41332459598807,0.6685318275492521,203.63807792098967,148.11851080246913,46.77626884546563,5814.485453589332
FUNIEGAN,vid_000142_frame0000037.jpg,15.927449368442302,0.6192323016876325,210.5203477121989,148.50422067901235,47.43396674664339,6313.939709360651
FUNIEGAN,vid_000142_frame0000038.jpg,15.935563104745116,0.5858260985081352,216.80199146871394,148.21993827160495,48.28012835342663,6719.591883143231
FUNIEGAN,vid_000142_frame0000039.jpg,16.344071393033627,0.6010405949393994,201.13204533496557,147.24706018518518,45.33521547528832,5041.871293432547
FUNIEGAN,vid_000142_frame0000093.jpg,17.604094207105266,0.7787348235939192,151.63590161144703,152.68368827160495,36.677556370823346,3414.7866693667484
FUNIEGAN,vid_000142_frame0000095.jpg,17.392508702117723,0.7199146443456091,162.60643917546315,152.3523148148148,38.43596720376041,3965.6888959485386
FUNIEGAN,vid_000142_frame0000096.jpg,17.439236504945697,0.72781871720338,160.02978930754773,152.6196836419753,37.99503882362222,3828.0922562861983
FUNIEGAN,vid_000142_frame0000100.jpg,15.668469456895757,0.5721712718875546,233.56482604374253,141.8186188271605,51.44505558738039,7494.953620522548
FUNIEGAN,vid_000142_frame0000101.jpg,16.230468373118022,0.653454200213477,201.38965132618256,143.1840663580247,45.69469099030324,5314.161492312292
FUNIEGAN,vid_000142_frame0000102.jpg,15.661364850662983,0.5912567731531799,226.60382725683783,141.45891975308643,49.82654522149423,8153.687573199528
FUNIEGAN,vid_000142_frame0000103.jpg,16.164264262954816,0.6300890945145611,209.31052701334306,141.45804783950618,46.942056473296475,6255.057053123511
FUNIEGAN,vid_000142_frame0000104.jpg,15.604643272576457,0.5992012786153925,228.39344354693668,141.75800925925927,50.18761595672449,8288.482564804754
FUNIEGAN,vid_000142_frame0000105.jpg,15.582916507024734,0.598490921325917,228.69615361611233,142.0413888888889,50.27264629967496,8428.946737177961
FUNIEGAN,vid_000142_frame0000106.jpg,15.820188978844577,0.6071612338438483,222.61061665324104,141.7482175925926,49.14057288492703,7613.086424801324
FUNIEGAN,vid_000142_frame0000107.jpg,17.242752376667482,0.7490882994134029,180.8425941948356,150.3625462962963,43.07203944310021,4247.032675496721
FUNIEGAN,vid_000142_frame0000108.jpg,17.148507572326725,0.6927261012801887,188.71617593706642,146.6888348765432,44.09137945929985,4847.850886166778
FUNIEGAN,vid_000142_frame0000109.jpg,16.516130121150397,0.6493219284988904,202.32717730282815,142.52024691358025,46.44252860815484,5513.661955263822
FUNIEGAN,vid_000142_frame0000110.jpg,16.38955637344676,0.6481792665621423,204.36076780632885,141.99564043209875,46.86457641610382,5762.541949575082
FUNIEGAN,vid_000142_frame0000111.jpg,17.482706849712958,0.7862406923811195,160.2375191445001,139.98756172839506,38.709603789451435,3594.2814662399023
FUNIEGAN,vid_000142_frame0000112.jpg,17.62226266686651,0.8250054225235152,139.9939478270895,137.39989197530863,34.321955503991326,3350.180372607489
FUNIEGAN,vid_000142_frame0000113.jpg,17.533641115133104,0.8261001296637486,140.4683057048996,141.55620370370372,34.49972788095204,3308.935662662835
FUNIEGAN,vid_000142_frame0000123.jpg,17.605772315607503,0.7553706750546189,154.07828196958698,140.53523919753087,36.71593922786318,3759.9867269946817
FUNIEGAN,vid_000142_frame0000124.jpg,16.760148358326724,0.7019853939621147,193.62544217841594,143.77652777777777,45.18777231681175,4795.888248955416
FUNIEGAN,vid_000143_frame0000001.jpg,16.66229671502932,0.6801490280883776,236.62282496145917,115.84895833333333,57.186052643721496,4989.051081366217
FUNIEGAN,vid_000143_frame0000012.jpg,16.8194530377644,0.6963438397485603,227.46433846078588,114.03970679012346,54.97062484827987,4804.285811539721
FUNIEGAN,vid_000143_frame0000013.jpg,16.591227430507445,0.7041987590246465,234.4713172038122,113.64864197530864,56.827375092328204,4824.0911340305765
FUNIEGAN,vid_000143_frame0000014.jpg,16.4201110153559,0.6809745754994304,237.5423656451919,113.06743055555556,57.11506361460542,5120.312212604786
FUNIEGAN,vid_000143_frame0000015.jpg,16.39982038735515,0.6922196228342475,234.47565431116726,113.63584104938272,56.576141644531944,4876.489713534284
FUNIEGAN,vid_000143_frame0000016.jpg,16.62529856948612,0.7128135280796605,224.63414667685424,114.02388117283951,54.52574011926643,4425.093962789352
FUNIEGAN,vid_000143_frame0000017.jpg,16.621288854723712,0.7123985870153032,218.4951471207057,113.62901234567902,53.06364662807282,4458.823437745533
FUNIEGAN,vid_000143_frame0000018.jpg,16.59159365080346,0.7003073912631627,217.78798927235195,113.88084104938271,52.791283127924025,4574.805318792867
FUNIEGAN,vid_000143_frame0000019.jpg,16.856022057053114,0.7287484655549828,206.54419593825935,113.91559413580246,50.530651198323504,4103.743523765194
FUNIEGAN,vid_000143_frame0000020.jpg,16.662655985174688,0.7031508606171829,205.58540356771155,113.56873456790123,49.99437142026414,4414.029361796744
FUNIEGAN,vid_000143_frame0000031.jpg,16.702055062594226,0.7009929368602618,221.70635694958665,114.96466049382715,53.717793117509956,4513.040433781948
FUNIEGAN,vid_000143_frame0000038.jpg,16.5991838585892,0.7052252027841405,232.25900092127108,114.95054783950617,56.24934115259579,4649.220580297818
FUNIEGAN,vid_000143_frame0000039.jpg,16.704223491500805,0.7078271432652311,233.123421542932,113.77071759259259,56.334662478379705,4633.154303866539
FUNIEGAN,vid_000143_frame0000041.jpg,16.58928798796296,0.7341754062174415,229.80433182178427,113.08117283950617,56.084965172294915,4618.864892317291
FUNIEGAN,vid_000143_frame0000044.jpg,16.173336145495277,0.7066741830702344,247.4741369418472,106.18171296296296,61.16033324888886,4438.845125216954
FUNIEGAN,vid_000143_frame0000047.jpg,16.315610767423895,0.6868381109700086,250.73725507625358,102.96025462962963,61.66751239857978,4544.267005921294
FUNIEGAN,vid_000143_frame0000048.jpg,16.328437001579076,0.6851297599882794,252.10456981970867,102.91070216049383,62.01105285017516,4517.8440589619895
FUNIEGAN,vid_000143_frame0000049.jpg,16.36097265221697,0.6816652452210735,251.2483992749345,103.2242901234568,61.844030741737434,4291.3481664263745
FUNIEGAN,vid_000143_frame0000050.jpg,16.36191573433467,0.6820255162882153,252.8540487314518,103.54636574074074,62.1451001085527,4447.3518981347515
FUNIEGAN,vid_000143_frame0000051.jpg,16.345026390221083,0.6856099305782625,254.13085445422942,104.4967361111111,62.459296042995355,4566.947157098765
FUNIEGAN,vid_000143_frame0000052.jpg,16.45528258592094,0.6907383400647306,254.4370560680372,104.70774691358025,62.666275524667,4471.767396061719
FUNIEGAN,vid_000143_frame0000053.jpg,16.380398244939002,0.68796194515107,259.93330985958346,105.62706790123457,63.954755747800505,4602.945334860765
FUNIEGAN,vid_000143_frame0000057.jpg,16.507282124719552,0.7164656748135418,250.6123365351631,114.53743827160494,62.10526572259863,4258.570649119561
FUNIEGAN,vid_000143_frame0000058.jpg,16.572749233781327,0.7141442304658305,247.88560430966874,112.41655092592593,61.361406712875315,4251.642235527585
FUNIEGAN,vid_000143_frame0000059.jpg,16.6567789995186,0.7092981517464341,249.88021599821272,111.00778549382716,61.86563977987895,4222.905102775634
FUNIEGAN,vid_000143_frame0000060.jpg,16.493583398767523,0.735448321804883,244.95053198305652,116.1475,60.96538511337072,3864.6905910662913
FUNIEGAN,vid_000143_frame0000061.jpg,16.21605296077878,0.7206125837278213,250.0742621446619,117.53543981481481,62.034873780859584,4145.389808622685
FUNIEGAN,vid_000143_frame0000064.jpg,16.513752549337703,0.7092215177070932,253.37333260951976,113.91779320987655,62.73469565033335,4276.085555193329
FUNIEGAN,vid_000143_frame0000065.jpg,16.70083578641192,0.717835806569732,252.28289103482732,112.04304783950617,62.46777050712173,4313.479825100737
FUNIEGAN,vid_000143_frame0000066.jpg,16.857064333790596,0.7336464529721506,251.70350390230215,113.71709104938272,62.465164127703765,4011.1956530004477
FUNIEGAN,vid_000143_frame0000067.jpg,16.906215324677436,0.7469423930508041,244.51419414863966,121.78137345679012,60.48206380358376,4065.30759430727
FUNIEGAN,vid_000143_frame0000074.jpg,16.391052014657607,0.7104642290835228,245.17739442575365,118.44670524691358,59.9215269942582,4208.97056313443
FUNIEGAN,vid_000144_frame0000001.jpg,15.758422655058153,0.7112049783165396,172.1945975709657,122.21581018518519,42.29257798734693,3143.1260946349644
FUNIEGAN,vid_000144_frame0000002.jpg,15.672093979094008,0.7337579091797349,171.20975277552043,123.24276234567901,42.23781000740093,3031.8407353866
FUNIEGAN,vid_000144_frame0000003.jpg,15.475952678451073,0.7116125272009541,151.57150388724259,122.16038580246914,36.516448836840986,3092.750843773577
FUNIEGAN,vid_000144_frame0000004.jpg,15.00302721477597,0.6121548167069432,150.2328742120117,122.03297839506173,34.151579443341156,4164.165087172067
FUNIEGAN,vid_000144_frame0000005.jpg,15.007243458454386,0.5945926924441833,151.9857483502642,122.14752314814815,34.35695368104903,4413.066992412016
FUNIEGAN,vid_000144_frame0000006.jpg,15.063599704422453,0.6100051203040135,149.5979732352595,122.05958333333334,34.04256956251953,4176.242319520115
FUNIEGAN,vid_000144_frame0000007.jpg,14.986160757310369,0.6266630578653386,143.78729556095092,122.74972222222222,32.68370870537269,3781.2834008144714
FUNIEGAN,vid_000144_frame0000008.jpg,14.809874066834874,0.591901010309193,148.77044095584023,122.24969907407407,33.27219653719068,4222.577232852986
FUNIEGAN,vid_000144_frame0000009.jpg,15.142076002242312,0.6335601380935633,137.0676430911317,121.29594907407407,31.26218699070574,3480.5341879238463
FUNIEGAN,vid_000144_frame0000020.jpg,15.820562929196624,0.6856152137280879,127.23959413765668,122.50158950617283,29.35192930024038,3369.8330558641974
FUNIEGAN,vid_000144_frame0000021.jpg,16.009904628797944,0.7109558958705557,121.9734847456144,123.56138888888889,28.493891969200508,3036.158373413388
FUNIEGAN,vid_000144_frame0000022.jpg,15.632743730527183,0.643287713113995,137.0529396606863,123.52502314814815,31.072323893034806,4069.255963848642
FUNIEGAN,vid_000144_frame0000023.jpg,15.790964977474678,0.6710302034241106,132.32670623922462,123.66675154320987,30.290009294462745,3676.205626421694
FUNIEGAN,vid_000144_frame0000024.jpg,15.865428510943207,0.69797163144877,126.82981710253848,122.57969907407407,29.353293502018072,3436.4173983158057
FUNIEGAN,vid_000144_frame0000025.jpg,15.802242843679025,0.6536959206042511,134.67539049446705,121.16868827160494,30.578204249615776,3893.2367445672708
FUNIEGAN,vid_000144_frame0000026.jpg,15.655288477751652,0.7317987665660501,122.13484906060455,120.88030092592592,28.968353862909222,3124.083630475299
FUNIEGAN,vid_000144_frame0000027.jpg,15.425156013601072,0.7464973052670718,121.75773561764252,118.96212962962963,29.091708193025287,3014.307553497407
FUNIEGAN,vid_000144_frame0000028.jpg,15.339832110582233,0.6560649307172707,142.53008923839792,119.16128086419754,32.6839566992719,4299.118245061669
FUNIEGAN,vid_000144_frame0000029.jpg,15.24312219228683,0.6472979241365647,144.76617435388096,120.2264274691358,33.2199488824015,4277.97567879801
FUNIEGAN,vid_000144_frame0000030.jpg,15.226665232412307,0.6377129913127256,147.07458047336456,120.13273148148149,33.62306614213327,4428.340356049895
FUNIEGAN,vid_000144_frame0000046.jpg,14.824451910015684,0.6026830524615655,160.49644243132158,120.61822530864198,35.77049038876794,4479.352374667544
FUNIEGAN,vid_000144_frame0000047.jpg,14.830002300175703,0.5893754035757407,161.82428915105524,120.29956790123457,35.919064710677446,4858.765703087789
FUNIEGAN,vid_000144_frame0000048.jpg,14.783977129850127,0.5855601726441036,164.45024468344573,120.26350308641975,36.41407349119585,5162.823511432078
FUNIEGAN,vid_000144_frame0000049.jpg,14.754696313586296,0.5982371232340743,156.11258975007703,121.5279861111111,34.9459662818211,4248.4068790999845
FUNIEGAN,vid_000144_frame0000050.jpg,14.52282552407661,0.5545081752568094,169.26342278428578,120.82875771604938,37.13105550023685,5179.273123660408
FUNIEGAN,vid_000144_frame0000051.jpg,14.556156057231204,0.5572968910430466,169.46822956672779,119.67145833333333,37.170205779884284,5171.845525084245
FUNIEGAN,vid_000145_frame0000002.jpg,17.235149268037663,0.7173234195265659,256.8747692439863,118.32140432098765,64.77114068249712,4117.907659430727
FUNIEGAN,vid_000145_frame0000013.jpg,17.05397378538803,0.7185970233139028,257.12408768560044,118.33972222222222,64.81352207963461,4088.9528006172836
FUNIEGAN,vid_000145_frame0000014.jpg,16.943568352400376,0.7051788462881033,257.33611942305555,118.31766975308642,64.68705503432966,4171.60815580609
FUNIEGAN,vid_000145_frame0000071.jpg,17.001503157160222,0.7084591085264343,273.43592194860975,117.97778549382716,67.86539549878917,4886.610829354744
FUNIEGAN,vid_000145_frame0000072.jpg,17.290083624634075,0.7341899332792184,279.42279732624894,119.24028549382716,69.99342717539982,4460.133040465856
FUNIEGAN,vid_000145_frame0000073.jpg,17.22790969197568,0.7068599087764245,287.02442947197846,112.88841049382717,71.69683194787869,5076.90647808642
FUNIEGAN,vid_000145_frame0000074.jpg,17.616447169082697,0.7106085312110971,285.2815967940561,109.40957561728395,71.86377783119777,4549.650946347201
FUNIEGAN,vid_000145_frame0000075.jpg,17.849492636146007,0.7036800016538963,281.2399816478831,106.56886574074075,70.96035285469513,4497.271424081694
FUNIEGAN,vid_000145_frame0000076.jpg,17.9138672889681,0.7119783330352041,275.4605169737746,106.88337962962963,69.76182017414828,4181.449052460562
FUNIEGAN,vid_000145_frame0000077.jpg,18.05915019084338,0.717269997491607,269.42050652536045,108.53472993827161,68.5090157895198,3832.609148660408
FUNIEGAN,vid_000145_frame0000078.jpg,18.22667355569042,0.7309232413758643,265.5987672642664,110.34737654320988,67.85338014293156,3538.49705322145
FUNIEGAN,vid_000145_frame0000079.jpg,17.780890278367995,0.7351443954788692,236.9491552644595,102.79594907407407,60.260892596203995,3195.2723696759263
FUNIEGAN,vid_000145_frame0000080.jpg,18.228697393204058,0.765653458130255,223.93658105249455,105.83831790123457,57.11084887756636,3186.120553489369
FUNIEGAN,vid_000146_frame0000010.jpg,17.656359150011053,0.7848517592883081,176.01434306236155,115.61249228395062,44.76770461337335,2638.1118301225397
FUNIEGAN,vid_000146_frame0000011.jpg,17.635153113742383,0.7926604172919589,173.0711643827126,114.39510030864197,44.07505224753175,2588.8604436706964
FUNIEGAN,vid_000146_frame0000012.jpg,17.602405966112173,0.7740882925419116,174.81281197612054,115.71798611111112,44.284823752290265,2762.488108268497
FUNIEGAN,vid_000146_frame0000013.jpg,17.63659573956985,0.7814123201185376,174.45081261733193,117.12041666666667,44.218565836548834,2735.0097637850554
FUNIEGAN,vid_000146_frame0000014.jpg,17.507510138997368,0.7871921080346066,186.59183173386893,118.88032407407407,47.559092209028,2655.7630888117283
FUNIEGAN,vid_000146_frame0000015.jpg,17.558886574773457,0.7702285715410642,190.20902019980457,118.7212962962963,48.204903861996314,2973.652802859165
FUNIEGAN,vid_000146_frame0000016.jpg,17.59073873511914,0.7875577248395783,187.53167809377314,116.60623456790124,47.712962120791026,2850.4267442043893
FUNIEGAN,vid_000146_frame0000017.jpg,17.488897107166036,0.7799517011638062,183.1134563972121,113.6525462962963,46.48406803926844,2820.4764814442706
FUNIEGAN,vid_000146_frame0000020.jpg,17.35901198803877,0.7712533729718292,175.33202661027383,111.84592592592593,44.29468862281395,2667.3260342077597
FUNIEGAN,vid_000146_frame0000021.jpg,17.415129964760002,0.7888158045682996,169.97682141811882,110.36579475308642,43.07927212108586,2543.8023993589013
FUNIEGAN,vid_000146_frame0000022.jpg,17.297430498017352,0.7812626916277036,167.90871486624508,109.40382716049383,42.46390490664682,2607.8193630043415
FUNIEGAN,vid_000146_frame0000023.jpg,17.412233999774063,0.7883699716478549,166.53835933292498,109.74420524691358,42.13493619747491,2577.6716587528936
FUNIEGAN,vid_000146_frame0000024.jpg,17.211512630261538,0.7746533240321404,165.39383799904914,109.0837962962963,41.60706236535516,2657.8439285834384
FUNIEGAN,vid_000146_frame0000025.jpg,17.254042150851944,0.7882830701358552,163.31766078063396,108.7560262345679,41.24737915294699,2571.93793673548
FUNIEGAN,vid_000146_frame0000026.jpg,17.22719349006318,0.7879787663671761,161.79237043208582,107.7007175925926,40.852424177929215,2610.248036839313
FUNIEGAN,vid_000148_frame0000012.jpg,15.683876305922501,0.6305074377583332,173.38902122077866,87.22614583333333,41.75708194766833,2085.365757340662
FUNIEGAN,vid_000148_frame0000013.jpg,15.830085263883781,0.6447273289518133,167.96582095511738,86.52475694444445,40.61207302092156,1995.8871233763812
FUNIEGAN,vid_000148_frame0000014.jpg,15.686425588967325,0.6380594776349882,170.13327538544402,87.18190972222222,41.16823207843728,1979.5540615394793
FUNIEGAN,vid_000148_frame0000015.jpg,16.586879971495417,0.698236467195057,142.40054655970852,83.50908564814814,35.1876023562366,1497.0117800731687
FUNIEGAN,vid_000148_frame0000016.jpg,16.409040513559358,0.691209450986212,152.62745165105196,88.26067708333333,37.68744854434031,1537.6923638353053
FUNIEGAN,vid_000148_frame0000017.jpg,15.933034735324432,0.6441320282976276,179.0765940466194,92.10635416666666,43.17620332658535,2119.6588446882497
FUNIEGAN,vid_000148_frame0000018.jpg,15.907261931610533,0.6317765701856719,179.17270770866477,91.97215856481482,42.940482001607904,2216.5442463086206
FUNIEGAN,vid_000148_frame0000019.jpg,15.917770645918948,0.6307969098235345,179.1027867216332,92.31991319444444,42.926986210673505,2167.6803307074315
FUNIEGAN,vid_000148_frame0000040.jpg,16.70250553782148,0.6696448462581418,120.86428470149949,100.10642361111111,28.59245935356678,1646.1744673835829
FUNIEGAN,vid_000148_frame0000041.jpg,16.723504531320607,0.6774599612138884,121.49431614473006,100.94299768518519,28.880472718427058,1658.6664988618493
FUNIEGAN,vid_000148_frame0000042.jpg,17.01229425638831,0.7303401463641531,101.24631983525109,103.42571759259259,24.13371874104979,1504.432129597446
FUNIEGAN,vid_000148_frame0000043.jpg,17.017341642730468,0.7063402012906034,104.58699236072188,103.01917824074074,24.68194164376444,1522.902859013009
FUNIEGAN,vid_000148_frame0000058.jpg,16.154476849782387,0.6579648504575513,172.80896647262986,103.31183449074074,41.1586619100112,2258.7076762408637
FUNIEGAN,vid_000148_frame0000059.jpg,16.251627539368624,0.6596452321900547,168.47975421387764,102.96717013888889,40.21984541273491,2125.8328319634334
FUNIEGAN,vid_000148_frame0000060.jpg,16.304266489708397,0.679400719869787,164.22320836377958,102.65674768518518,39.75759320180519,1877.8669452139059
FUNIEGAN,vid_000148_frame0000061.jpg,16.23624009974407,0.6642343605371148,170.7802048261878,102.77210648148149,40.85827083988869,2137.5341707733196
FUNIEGAN,vid_000148_frame0000062.jpg,16.128712912846982,0.6590867589707862,172.02054119227637,102.79375578703704,41.03819519035927,2207.368421866125
FUNIEGAN,vid_000148_frame0000068.jpg,16.30966891579563,0.6690932355748131,164.01011846222855,102.52405671296296,39.38209886009649,2011.1282540294922
FUNIEGAN,vid_000148_frame0000069.jpg,16.17696052044889,0.6540762045064014,165.4925697437193,102.23770833333333,39.532433055236844,2120.803720368227
FUNIEGAN,vid_000148_frame0000070.jpg,16.271729686540063,0.6656436157788718,166.04057874403708,101.92930555555556,39.83031895241463,2053.3407232590666
FUNIEGAN,vid_000148_frame0000071.jpg,16.111869885987918,0.6532200563929468,170.47435540800927,101.8538599537037,40.55739050206348,2262.037703228651
FUNIEGAN,vid_000148_frame0000072.jpg,16.195759553377936,0.6621365879600791,169.4013665506055,102.30144097222222,40.49447116191121,2139.555680550733
FUNIEGAN,vid_000148_frame0000073.jpg,16.116792337619476,0.6520815757358557,173.69449531939526,101.98958333333333,41.26360264285136,2395.5766253975576
FUNIEGAN,vid_000148_frame0000074.jpg,16.18885219819497,0.6659520791310375,167.52442868438865,102.6054513888889,40.16280586453079,2139.628050229037
FUNIEGAN,vid_000148_frame0000075.jpg,16.1396663613224,0.6527421723131187,172.79357194546301,102.5465162037037,41.23292001210046,2272.438112704924
FUNIEGAN,vid_000148_frame0000076.jpg,16.225219695847777,0.6649183222562566,168.5119245167311,102.77215277777778,40.48505577044347,2003.3764442708336
FUNIEGAN,vid_000148_frame0000077.jpg,16.08164801847788,0.6465201627876506,175.08172841445207,102.22889467592593,41.54967697823716,2405.470796467764
FUNIEGAN,vid_000149_frame0000007.jpg,17.174826519732264,0.6815919304250567,144.00391736397944,100.34985532407407,34.42048409152331,1860.8661526041665
FUNIEGAN,vid_000149_frame0000023.jpg,17.380936557304143,0.6746227985019484,143.18549526581575,104.67810185185185,34.07497628608175,1888.7145562948763
FUNIEGAN,vid_000149_frame0000024.jpg,17.143206659152654,0.6509434227228014,146.79366316801566,105.26746527777777,34.66279344430019,1943.0744126154393
FUNIEGAN,vid_000149_frame0000025.jpg,17.24828499673958,0.6682039864596185,144.64206635517075,105.2958912037037,34.355470806284934,1893.7927918401435
FUNIEGAN,vid_000150_frame0000001.jpg,14.130497196777688,0.5014160057275308,266.3117445286118,114.44719907407408,59.09112030668617,5658.075480913495
FUNIEGAN,vid_000150_frame0000002.jpg,14.26491858903379,0.5200565494225359,263.11964609136817,114.05939814814815,58.7719487338229,5409.735948162314
FUNIEGAN,vid_000150_frame0000003.jpg,14.262971469636355,0.5225021565972872,263.56214242269925,114.10089120370371,58.89769619655179,5367.984071203027
FUNIEGAN,vid_000150_frame0000004.jpg,14.273850139637581,0.5227997772144425,264.067756160287,113.73787037037037,58.97734747264514,5360.255339814815
FUNIEGAN,vid_000150_frame0000005.jpg,14.424542530626345,0.534668973322476,260.748629586655,113.23663194444444,58.57211565390754,5077.111070842844
FUNIEGAN,vid_000150_frame0000022.jpg,14.137275172876073,0.5133250588398678,263.2740564239624,110.89471643518519,58.88436278348673,5354.0119400377225
FUNIEGAN,vid_000150_frame0000023.jpg,14.465785857406866,0.5292987261557506,253.81545026685558,110.47385416666667,57.346153679722605,4615.605560541215
FUNIEGAN,vid_000150_frame0000031.jpg,14.537000697425466,0.5568635952739555,285.8021832679902,99.15228009259259,66.50815952193852,5177.070786609405
FUNIEGAN,vid_000150_frame0000032.jpg,14.365901864050965,0.5349782026992648,278.5936360760543,95.51638310185186,64.36096420249976,5283.710318243634
FUNIEGAN,vid_000150_frame0000033.jpg,14.244539403178894,0.5234114631150238,277.20602482679226,95.13582175925926,63.84548795758635,5301.640163443073
FUNIEGAN,vid_000150_frame0000034.jpg,14.330082765324619,0.5302063545057597,281.5207667104703,95.38177662037037,65.0561483279601,5417.735471293583
FUNIEGAN,vid_000150_frame0000035.jpg,14.52630408261988,0.5490538838908433,282.1039046972905,96.68045717592592,65.54037324798688,5157.15658056788
FUNIEGAN,vid_000150_frame0000036.jpg,14.647466584397772,0.5570260652639701,276.96829341409654,96.79007523148148,64.72752711236775,4744.405840284978
FUNIEGAN,vid_000150_frame0000037.jpg,14.49132562790621,0.5367288017970503,280.32585473041763,97.80480902777778,65.17297015033031,5022.464964553561
FUNIEGAN,vid_000150_frame0000038.jpg,14.241249690432173,0.52692065321112,280.9379334163122,98.04810185185185,64.97655551989783,5240.363466655381
FUNIEGAN,vid_000150_frame0000046.jpg,14.436818644876922,0.5446216486191273,276.33029315636037,99.51335069444444,64.06016825927875,4989.825625218488
FUNIEGAN,vid_000152_frame0000001.jpg,17.964119828516022,0.6819446819416104,215.20073597163844,66.27688078703704,52.43658171616516,3239.7581078556013
FUNIEGAN,vid_000152_frame0000002.jpg,17.979454888652434,0.6913931485639956,214.29276496283467,66.40409143518518,52.33969842016537,3215.946189998037
FUNIEGAN,vid_000152_frame0000003.jpg,18.070266382687823,0.7023035130711488,214.14692955269044,65.91579282407407,52.3609524221024,3252.3270919837487
FUNIEGAN,vid_000152_frame0000004.jpg,18.10145587418416,0.7071937066307733,213.9421911224242,65.72866898148148,52.408539732430995,3174.629070438958
FUNIEGAN,vid_000152_frame0000005.jpg,18.14078407823732,0.7118026936126745,213.65710341841182,66.20734375,52.44598125253791,3210.9579974383987
FUNIEGAN,vid_000152_frame0000006.jpg,17.942881621032704,0.7025544895570056,212.78289865951012,66.6874074074074,52.00425335383226,3254.5655168401445
FUNIEGAN,vid_000152_frame0000026.jpg,17.726769845901057,0.7277156410311525,185.25686643211475,71.17019097222222,45.55315588109586,2683.012526784303
FUNIEGAN,vid_000152_frame0000027.jpg,17.892049718113256,0.7611923024535354,153.6695241344919,74.45541666666666,38.16866613894686,2079.8103468457634
FUNIEGAN,vid_000152_frame0000028.jpg,17.85756221726211,0.7630251381757126,124.96759534727708,77.74804976851851,31.107149038642838,1580.2822929943368
FUNIEGAN,vid_000153_frame0000001.jpg,17.760894833446827,0.7146568776328662,140.95782286587013,86.06367476851852,35.27691663317848,1382.3853232083964
FUNIEGAN,vid_000153_frame0000002.jpg,17.8660876627858,0.7570049582470331,135.87139139173726,86.26724537037038,34.38751326190862,1286.1691584897642
FUNIEGAN,vid_000153_frame0000013.jpg,17.534195999510633,0.7639262848229872,103.68583816443744,81.97929976851852,26.01228775645254,1262.0770758482297
FUNIEGAN,vid_000154_frame0000001.jpg,18.13490889400922,0.7331292908197303,106.1564701705605,78.0430787037037,26.21080951494995,1251.2138763092837
FUNIEGAN,vid_000154_frame0000006.jpg,17.7011474628146,0.7541305357542379,106.24752835991646,81.6300462962963,26.370731794325067,1367.590563492604
FUNIEGAN,vid_000154_frame0000007.jpg,17.729334352009648,0.7634072535660911,107.2494522675115,82.62186921296296,26.727645509266353,1342.4158826967594
FUNIEGAN,vid_000154_frame0000008.jpg,17.797992612272967,0.7532789110558632,110.18689820881112,82.48144675925926,27.413235233413133,1373.970673626349
FUNIEGAN,vid_000154_frame0000011.jpg,17.886477484350458,0.7603721137599747,113.56547447042486,80.94537615740741,28.46187665080819,1385.0994447011103
FUNIEGAN,vid_000156_frame0000021.jpg,18.59280092039157,0.8382238845848317,187.87089308780608,147.67841820987655,48.20396083084761,1956.6026278501158
FUNIEGAN,vid_000156_frame0000022.jpg,18.695330152623683,0.8365605039987187,188.13418196942362,147.1835725308642,48.262724736233224,1978.4761288713614
FUNIEGAN,vid_000156_frame0000023.jpg,18.718569061990024,0.8459846905880847,188.3873138652392,147.4944212962963,48.441812648839075,1949.5963507301076
FUNIEGAN,vid_000156_frame0000024.jpg,18.62006433306558,0.8447560653480232,189.4206947780892,147.80606481481482,48.67419538678944,2009.5166018432783
FUNIEGAN,vid_000156_frame0000025.jpg,18.731198724160283,0.8405940523517871,189.87160614277283,148.1778086419753,48.759556089168456,1995.9258114709553
FUNIEGAN,vid_000156_frame0000026.jpg,18.67771342807927,0.843586199681639,190.4025595802175,148.917137345679,48.9152248460894,1969.425304861111
FUNIEGAN,vid_000156_frame0000027.jpg,18.696600321271674,0.8382394696220072,190.84309379533735,149.9091049382716,48.97470776261388,1957.135820968364
FUNIEGAN,vid_000156_frame0000028.jpg,18.733917482476055,0.8353326041636651,190.85293531527196,149.80788580246914,48.99839036949861,1997.6091981423729
FUNIEGAN,vid_000160_frame0000017.jpg,19.981832251844654,0.7961443696672635,141.80306049301532,152.7656172839506,35.15716437253901,2003.7149396145312
FUNIEGAN,vid_000168_frame0000008.jpg,16.574901555798533,0.8048111660697822,108.34514667504192,133.0600462962963,26.31848836136844,2432.7832948843075
FUNIEGAN,vid_000203_frame0000002.jpg,17.677229183282066,0.5690096507810652,241.26555038925855,85.01388310185185,61.702147060984906,2313.211880939717
FUNIEGAN,vid_000203_frame0000020.jpg,18.467071720583434,0.5207210491513713,249.71952307049557,89.84741898148148,62.80374225149364,2561.15568971823
FUNIEGAN,vid_000203_frame0000022.jpg,18.903830913410587,0.5889660256477663,224.4347359339912,86.3888425925926,57.87032492959327,1979.3020559043516
FUNIEGAN,vid_000206_frame0000005.jpg,18.042540677241426,0.48790010000879724,179.4760483183361,51.55128472222222,44.466738864545,2122.9242492618514
FUNIEGAN,vid_000206_frame0000006.jpg,18.009323258384274,0.49335517580761107,177.5694416438956,52.35545717592593,44.23083400543622,1917.5447811851636
FUNIEGAN,vid_000206_frame0000024.jpg,16.48921457557702,0.4327463288625753,244.3149211857632,73.37213541666667,58.71445264378644,3553.526891473631
FUNIEGAN,vid_000206_frame0000027.jpg,16.56806015534441,0.43735060744574844,243.67135565150153,73.52614583333333,58.68671650135331,3375.365448653978
FUNIEGAN,vid_000206_frame0000031.jpg,16.594274047474936,0.4405667154811668,244.7647289525639,73.22347222222223,59.01804810645236,3414.579506129436
FUNIEGAN,vid_000206_frame0000034.jpg,16.56213463287547,0.43538605036478223,245.139562716138,72.92671296296297,58.9603012968065,3634.030055095774
FUNIEGAN,vid_000206_frame0000037.jpg,16.723942074240956,0.44916064571416453,244.00902287913993,73.21248263888889,59.15281935352501,3238.196458244887
FUNIEGAN,vid_000206_frame0000038.jpg,18.933567420980747,0.564039734202297,279.66317081296813,93.67962962962963,71.90600073380172,1951.8844156691728
FUNIEGAN,vid_000206_frame0000040.jpg,17.835265489622362,0.523945404471487,297.0172281779081,92.28872106481481,74.85016376938756,2602.9621079466933
FUNIEGAN,vid_000210_frame0000004.jpg,14.624753961793274,0.5612958354600429,234.5244525791161,97.20821759259259,52.42220980290053,4468.187364358784
FUNIEGAN,vid_000210_frame0000037.jpg,15.509434676374417,0.67266427626001,289.35494296676063,93.8649537037037,66.90687249133627,5103.609338960925
FUNIEGAN,vid_000210_frame0000040.jpg,15.22429065177451,0.6505429002303981,292.43568420036536,94.83185763888889,66.70803723404416,5557.563999746516
FUNIEGAN,vid_000210_frame0000056.jpg,14.839314600139097,0.650815005734668,310.86198772143365,118.16191550925926,68.66779280216866,6316.346320814043
FUNIEGAN,vid_000210_frame0000058.jpg,14.404578953003105,0.6256642777193026,313.94797771170704,116.35183449074074,68.52663447616564,7041.186125218487
FUNIEGAN,vid_000210_frame0000060.jpg,14.0453902816275,0.6038987144889981,328.63902836747025,115.40717592592593,70.48980788479791,7907.611406112826
FUNIEGAN,vid_000210_frame0000062.jpg,14.233300988334399,0.6012052435818478,324.54883438929164,112.30615740740741,69.91604286606399,7421.040173522664
FUNIEGAN,vid_000210_frame0000068.jpg,14.00034174537738,0.5831102972289425,343.4599975287708,105.9271412037037,74.85873519888834,7302.809447457689
FUNIEGAN,vid_000210_frame0000070.jpg,15.197742470964194,0.6196128965245471,307.48691234334694,93.95770254629629,70.04370138196954,5226.201421343316
FUNIEGAN,vid_000210_frame0000082.jpg,15.655132469582755,0.5992922380474173,206.64308277965395,85.30542824074074,48.04335451093972,3196.025551927807
FUNIEGAN,vid_000210_frame0000083.jpg,15.721591743126204,0.5936185424454972,203.3933298016978,83.1470949074074,47.05147417334032,3241.8341123423297
FUNIEGAN,vid_000214_frame0000001.jpg,16.138599773466492,0.4884173919012557,253.10375776777295,74.19149305555555,61.47882490279228,3817.6570355890717
FUNIEGAN,vid_000214_frame0000002.jpg,16.14041860061746,0.4919974696442786,253.24627211222992,74.28797453703703,61.56340396079551,3758.7920100308306
FUNIEGAN,vid_000214_frame0000003.jpg,16.18728214868248,0.4941456944671629,252.60479510505917,73.94637731481481,61.3556521293576,3786.2381775065105
FUNIEGAN,vid_000214_frame0000004.jpg,16.124432542163834,0.4892411625916273,253.26197972851446,74.62726851851852,61.540303204200534,3772.8602832751612
FUNIEGAN,vid_000234_frame0000001.jpg,19.19189758113603,0.6285114505068705,203.51106717924478,79.66082175925926,52.65769761244058,1937.260703938266
FUNIEGAN,vid_000234_frame0000002.jpg,19.16307613350937,0.6353059601163894,203.91977208097714,79.91983796296296,52.83140537116406,1933.0738450399938
FUNIEGAN,vid_000234_frame0000009.jpg,19.417767527572714,0.6392076611529349,189.6408022757377,73.50332175925926,48.85202205037535,1945.2298666943962
FUNIEGAN,vid_000234_frame0000011.jpg,19.23328007973305,0.6329257875987118,191.48212650491777,74.17146412037037,49.25142392479877,1978.5404132373114
FUNIEGAN,vid_000234_frame0000060.jpg,18.52258371102974,0.6244002772891881,194.38287349357236,72.06563078703704,50.35620264819508,1872.9748225702144
FUNIEGAN,vid_000242_frame0000007.jpg,20.704094812824838,0.7010713981635727,155.91358084892948,167.4176388888889,36.46717939004736,1609.3683242776922
FUNIEGAN,vid_000244_frame0000005.jpg,13.680920163242142,0.8116872888159709,120.9970818133926,182.30306712962962,30.433701315776577,869.5349913119094
FUNIEGAN,vid_000249_frame0000008.jpg,18.02582261246442,0.4880306311709151,240.9385065786657,57.169508101851854,61.002057586075644,2425.392993385062
FUNIEGAN,vid_000249_frame0000009.jpg,18.04694849006235,0.49522283456148636,243.66918585802512,57.894936342592594,61.98497865229963,2292.3398375931015
FUNIEGAN,vid_000249_frame0000012.jpg,17.883666180337247,0.4988903978871124,252.15617764342352,60.487494212962964,64.13384247815422,2323.4756112878035
FUNIEGAN,vid_000249_frame0000017.jpg,16.81754792164272,0.49271352167511046,246.868662808852,58.09991319444445,62.204080657585706,2598.9238545181756
FUNIEGAN,vid_000249_frame0000020.jpg,16.480126901644695,0.47786178528144735,255.0891865908921,59.40865740740741,63.72135296113419,2823.619911345774
FUNIEGAN,vid_000249_frame0000023.jpg,16.044368424941513,0.4835546274776987,258.7585215624956,61.859027777777776,64.51311684369402,2787.6881866002964
FUNIEGAN,vid_000249_frame0000028.jpg,15.800519430691129,0.4836340738385199,281.87584359015375,71.7225636574074,70.38619345658131,2829.1312906522944
FUNIEGAN,vid_000249_frame0000033.jpg,15.84276326909855,0.4889725739983577,290.30137346472173,75.03501736111112,72.67081900366922,2829.1642597339774
FUNIEGAN,vid_000251_frame0000014.jpg,17.354279398430887,0.5443987693973938,242.56266273636328,82.96357060185186,61.80353147482805,2066.0901155759375
FUNIEGAN,vid_000251_frame0000015.jpg,17.49700163046663,0.5528121484658325,241.78351088113737,82.83101851851852,61.71191844473227,2010.8549928819443
FUNIEGAN,vid_000251_frame0000016.jpg,17.273007295009688,0.559961575648443,236.61848354166776,79.68441550925925,60.437767638486186,1997.8995722413783
FUNIEGAN,vid_000251_frame0000017.jpg,16.63677244525212,0.5285788261409056,235.65783290464492,76.44369791666666,59.823220005568665,2085.5698823302473
FUNIEGAN,vid_000251_frame0000018.jpg,16.35570721838572,0.5140116648730838,232.84028456717078,74.47157986111111,59.01811674674771,2071.3986523434487
FUNIEGAN,vid_000251_frame0000019.jpg,16.407790337286357,0.5135923214985095,233.9020966354283,73.9486111111111,59.262156300351435,2084.5059413494514
FUNIEGAN,vid_000251_frame0000020.jpg,16.27881426761067,0.49836732828148705,236.36240034982043,73.61619212962962,59.530195569762725,2205.4277974772804
FUNIEGAN,vid_000251_frame0000021.jpg,16.150022821151776,0.49863579565152705,238.39268765157703,73.61897569444444,60.04245189838034,2210.3822260459533
FUNIEGAN,vid_000251_frame0000022.jpg,16.01891771672548,0.4898715793267249,239.4217533751957,73.02253472222222,60.080344174073964,2282.1903270146126
FUNIEGAN,vid_000251_frame0000023.jpg,15.985502418586242,0.491608961824735,239.08168097056728,73.40743634259259,60.12482932159399,2248.1292934951766
FUNIEGAN,vid_000251_frame0000026.jpg,16.092428347613414,0.49578089808923326,237.88434393600616,72.95144675925926,59.853610414241935,2199.6863044462393
FUNIEGAN,vid_000251_frame0000027.jpg,15.982236391007568,0.48607896036545345,240.61215032830816,73.22508101851852,60.28397716931024,2321.6958171293286
FUNIEGAN,vid_000251_frame0000028.jpg,15.90323983103154,0.4809126059544154,242.43356616021126,73.50381944444445,60.665179959231295,2339.9436100252046
FUNIEGAN,vid_000251_frame0000029.jpg,15.98412463121284,0.4877347825509742,240.52054990681864,73.5125,60.34613742472117,2262.1912635271656
FUNIEGAN,vid_000251_frame0000030.jpg,15.768558415159,0.47813598949005504,242.686541338074,73.97657407407408,60.758016978436025,2367.8804237260147
FUNIEGAN,vid_000265_frame0000005.jpg,13.996563463762064,0.8493369830945667,109.98328290661202,182.88436921296295,27.882403785607902,844.1952378460167
FUNIEGAN,vid_000265_frame0000006.jpg,13.602315413390942,0.8320119571539629,109.87091947613719,182.9050289351852,27.675777493956623,812.4780506896217
FUNIEGAN,vid_000277_frame0000021.jpg,18.48947938643537,0.5367700197338063,229.34801296939318,87.25135416666667,58.434106738634746,2082.9860215590907
FUNIEGAN,vid_000282_frame0000047.jpg,18.235488564653732,0.7941526471349546,128.91853034681483,101.81644097222222,32.48268472957137,1166.07610451697
FUNIEGAN,vid_000282_frame0000048.jpg,18.19958797058551,0.7841564221575111,130.52392632379974,103.52093171296296,32.71456224216863,1222.9978872411573
FUNIEGAN,vid_000282_frame0000049.jpg,18.189862894320722,0.8033988419574559,132.42548670260464,109.571875,33.3672940986508,1143.8970783414782
FUNIEGAN,vid_000282_frame0000050.jpg,17.98265230044242,0.7975206264357775,139.9774336746401,113.31600694444444,34.96539692615623,1374.9019513533894
FUNIEGAN,vid_000282_frame0000051.jpg,18.098671528900542,0.7817333249944554,142.73374126708978,113.6525,35.35819743276578,1483.2680378038194
FUNIEGAN,vid_000282_frame0000053.jpg,18.192224004347235,0.7961484122104284,152.16319715855045,119.11370949074075,37.60306136589015,1641.7740984433942
FUNIEGAN,vid_000282_frame0000054.jpg,18.095742563723537,0.7875828907833204,154.69474819740316,119.70144675925926,38.05866767776938,1763.5182910943597
FUNIEGAN,vid_000282_frame0000055.jpg,18.170150400976436,0.7884686410763996,155.5953228090022,119.81086226851852,38.22462555616825,1831.6944502281326
FUNIEGAN,vid_000282_frame0000056.jpg,18.130458649806624,0.7953244352439892,155.6069715056345,120.11092013888889,38.337061186014196,1774.9725963179642
FUNIEGAN,vid_000282_frame0000057.jpg,18.16382370286012,0.7928358066416442,158.01756186768907,120.00700231481481,38.865942550251354,1848.8728941813154
FUNIEGAN,vid_000298_frame0000022.jpg,19.00393725636471,0.6170013167795484,203.59234957169144,80.40243055555555,52.98869272394252,1655.3521177206576
FUNIEGAN,vid_000304_frame0000020.jpg,19.6733642691172,0.7587303594950937,242.92186066573555,158.71369791666666,61.81271850394998,1609.2682075228465
FUNIEGAN,vid_000338_frame0000019.jpg,18.188675940786073,0.663168799880517,135.29311365156505,99.3686651234568,31.60743565689131,2905.0340267998763
FUNIEGAN,vid_000338_frame0000020.jpg,17.53113512963019,0.6175305425713148,145.03840961198208,98.6149074074074,33.27223506971896,3529.7781903206446
FUNIEGAN,vid_000340_frame0000023.jpg,18.406545678138706,0.7479431877969382,114.34997638017157,86.65039351851851,27.749043844044852,2638.9795301997
FUNIEGAN,vid_000340_frame0000024.jpg,18.36452011780183,0.7232591536187724,117.39534522988536,86.35734567901234,28.260048279453617,2795.882047930896
FUNIEGAN,vid_000340_frame0000026.jpg,18.35144410501722,0.7302696312349309,117.79635030092386,87.05605709876544,28.467479516267073,2753.6670714439488
FUNIEGAN,vid_000340_frame0000028.jpg,18.32931501424455,0.719425673705198,120.59961254292607,86.64426697530864,29.005527708647524,2842.0036369303457
FUNIEGAN,vid_000340_frame0000029.jpg,18.365921538037814,0.7576284987965686,116.77261865713993,87.19797839506172,28.452872594451275,2706.20710776743
FUNIEGAN,vid_000340_frame0000030.jpg,18.29851608199235,0.7228970425058989,121.58940730689707,87.16548611111111,29.272935217716203,2865.50989100598
FUNIEGAN,vid_000340_frame0000031.jpg,18.36953366261135,0.7367766682991977,118.74897496261272,87.50526234567901,28.673125673493725,2735.1672197858916
FUNIEGAN,vid_000340_frame0000036.jpg,18.302334638203025,0.7485599051360836,118.42488917147548,86.54511574074074,28.734349498694886,2782.877459567901
FUNIEGAN,vid_000342_frame0000212.jpg,19.00214474739718,0.7672454336292626,120.22932045721994,100.46868827160493,29.361131469693106,2708.0508224236373
FUNIEGAN,vid_000342_frame0000213.jpg,18.882800710346338,0.7265247169316069,124.3779069582134,99.68912037037038,29.9623630499147,2951.7205377905425
FUNIEGAN,vid_000342_frame0000225.jpg,18.84967324722136,0.7280787974018507,125.2014102791864,100.59484567901235,30.14977096898678,2931.594299703682
FUNIEGAN,vid_000342_frame0000227.jpg,18.918386104314113,0.7353104574040029,125.44318106317363,101.43517746913581,30.36205872084249,2857.676874502505
FUNIEGAN,vid_000342_frame0000228.jpg,19.000432416864097,0.7459449533054281,124.21193219858733,101.3339274691358,30.129464171679473,2814.2468157826547
FUNIEGAN,vid_000342_frame0000265.jpg,18.956640810150194,0.7649107226739601,121.85483929782353,100.51586419753086,29.78493531609607,2708.5570255910284
FUNIEGAN,vid_000342_frame0000266.jpg,18.946594207711474,0.7696257937609571,121.26654208256019,100.58930555555555,29.645955938881322,2712.801568405576
FUNIEGAN,vid_000342_frame0000267.jpg,18.900849166645333,0.7587874510730233,122.05672359510348,100.12289351851852,29.74099013828101,2782.9803713729207
FUNIEGAN,vid_000342_frame0000268.jpg,18.843469226966224,0.7646730351428627,121.31663358045547,99.87198302469136,29.574440117421855,2746.070991305096
FUNIEGAN,vid_000342_frame0000269.jpg,18.934545820489653,0.7699001180637484,123.1612405560581,99.5297762345679,30.124334567404826,2709.7336149643133
FUNIEGAN,vid_000429_frame0000010.jpg,13.346380411971543,0.5028436845162453,293.6659737063615,129.8147627314815,65.62483755448466,3892.1812596643176
FUNIEGAN,vid_000429_frame0000013.jpg,14.747606637905939,0.5776679133157314,248.31431075047513,120.1583738425926,58.28320697404774,2088.250138083493
FUNIEGAN,vid_000429_frame0000014.jpg,14.210001496482159,0.5596951868202457,270.8258870537418,121.81873263888889,62.34645347858015,3155.8755137597523
FUNIEGAN,vid_000444_frame0000001.jpg,17.14900015156737,0.6700629272873009,182.09268510346692,105.7890586419753,42.19978929694362,7115.171230609794
