Image,Brightness_Raw,Brightness_Enhanced,Contrast_Raw,Contrast_Enhanced,Sharpness_Raw,Sharpness_Enhanced
vid_000002_frame0000013.jpg,90.36143518518519,112.79959104938271,19.666351153514213,23.051287051036923,2554.71123171719,2335.6730736239115
vid_000002_frame0000014.jpg,87.26065586419753,108.8214274691358,19.15810714352878,22.696007068451948,2514.444798842057,2252.358377095658
vid_000002_frame0000015.jpg,84.00002314814814,107.85652006172839,18.70673093853845,22.71200479843432,2645.198693272509,2431.89558532998
vid_000002_frame0000016.jpg,81.2884799382716,105.78699074074073,18.28167249971794,22.40391480657807,2728.2455630738814,2467.117481090856
vid_000002_frame0000017.jpg,80.35175154320987,105.01036265432099,18.255265539726434,21.98098207931008,2652.106082807261,2413.5311682655442
vid_000002_frame0000018.jpg,80.92063271604938,103.96850308641976,18.646146051198713,22.80295550031559,2697.6269481523755,2542.4695732729383
vid_000002_frame0000019.jpg,81.70596450617283,106.48751543209876,18.887102078362716,22.316884109520903,2681.8762267982684,2408.0413310613258
vid_000002_frame0000020.jpg,81.94920524691358,104.82770061728395,19.51837623734212,23.108744295671187,2773.2300113623587,2471.476643136943
vid_000002_frame0000021.jpg,82.15158179012346,105.94688271604939,20.011799215399055,22.699999038148075,2752.2296057050544,2419.7921199916527
vid_000002_frame0000022.jpg,82.72876543209877,104.03060956790124,21.034981439375088,23.940689247275227,2794.11282748146,2579.755684102795
vid_000002_frame0000023.jpg,85.13036265432099,107.4986574074074,22.160717755581743,24.257545244394883,2736.099089002248,2553.008437514229
vid_000003_frame0000001.jpg,82.55976080246914,103.91631944444444,18.733612417311395,23.132690493719103,2721.643350300009,2694.61790184179
vid_000003_frame0000002.jpg,82.66942129629629,106.63906635802469,18.4502250012622,22.082820330699207,2607.462310030328,2431.1371459232946
vid_000003_frame0000003.jpg,82.40329475308641,105.66826388888889,18.748318853262933,22.813316224088055,2753.3943867052944,2524.7891082952297
vid_000003_frame0000004.jpg,82.59527777777778,106.35730709876543,18.51756913283993,22.233771509261775,2637.4182376828394,2513.875322054505
vid_000003_frame0000005.jpg,83.50500771604938,106.6236188271605,18.919414621339055,22.51313565515801,2754.7818153747044,2529.5941234562542
vid_000003_frame0000006.jpg,84.46306327160494,108.6892438271605,18.88377201606286,22.968025044139136,2636.8593539930557,2530.34468475598
vid_000003_frame0000007.jpg,86.32581790123457,109.31708333333333,19.5126885778137,23.26723073468256,2667.1416541914336,2455.0143173846877
vid_000003_frame0000008.jpg,86.8050848765432,110.05411265432099,19.2989295681746,23.26060648617299,2570.997103151196,2368.8444484224965
vid_000003_frame0000010.jpg,84.88262345679013,109.10328703703703,18.476278265645742,21.91582124121451,2575.2079042694877,2302.4512027258015
vid_000003_frame0000011.jpg,83.55483796296296,107.81750771604938,18.192607258092526,21.246403994027077,2655.351320826664,2301.783624227859
vid_000003_frame0000012.jpg,83.05576388888889,107.19818672839506,17.940583948849966,21.413484879276634,2678.6145947139707,2307.7522381077583
vid_000003_frame0000013.jpg,82.2740200617284,107.49763888888889,17.938423853601222,21.156539440367393,2622.892195095486,2341.5212669410153
vid_000003_frame0000014.jpg,82.17163580246914,106.38502314814815,18.41431108892499,21.354474610233186,2630.8874388850786,2277.2355389874238
vid_000003_frame0000015.jpg,83.15978395061728,107.32135030864198,18.58145962858223,21.77227568741415,2666.933507277854,2271.5077228928512
vid_000003_frame0000016.jpg,84.0375,108.62684413580247,18.86892690091239,21.537444211368378,2615.2831498599085,2228.177107024225
vid_000003_frame0000017.jpg,85.68843364197531,109.96605709876543,19.456636309143356,21.952569818699768,2650.0695858309873,2243.239073128858
vid_000003_frame0000018.jpg,86.65906635802469,110.21404320987655,19.68604092124681,22.396067301337396,2561.0758367567355,2220.7871949567043
vid_000003_frame0000019.jpg,86.52738425925926,109.98135030864198,19.583215289885345,22.253951293571813,2543.603651746828,2176.7408831775238
vid_000003_frame0000020.jpg,85.95081018518519,109.09207561728395,19.764306315364337,22.401402324252995,2471.985401576968,2235.5409291257047
vid_000003_frame0000021.jpg,85.31838734567901,109.39364969135802,19.94353127415746,22.154023854487136,2581.5038038692173,2193.218988425867
vid_000003_frame0000022.jpg,84.37851851851852,107.3500848765432,20.108799244720505,22.674290197260554,2679.3882675920568,2284.954320420322
vid_000003_frame0000023.jpg,83.37848765432099,107.33136574074074,19.248386260638487,21.96886273275325,2661.3266698444763,2313.68660723588
vid_000004_frame0000010.jpg,83.19015432098766,106.67289351851852,18.950154287156852,22.753122492086582,2663.713905904147,2381.9201569215224
vid_000004_frame0000011.jpg,83.44734567901234,107.05104166666666,18.92106138519281,22.128787839141694,2735.745706399498,2325.9804757415386
vid_000004_frame0000012.jpg,83.07498456790124,106.23722993827161,19.04063095894085,22.797799697130024,2731.441071901196,2463.301351017137
vid_000004_frame0000013.jpg,82.55929783950617,104.68528549382717,18.84336145180225,23.001836805922064,2682.4306188185274,2402.5569266326947
vid_000004_frame0000014.jpg,81.88186728395061,104.35828703703703,19.083198970115145,23.176737968666494,2711.327132473077,2496.4542583061248
vid_000004_frame0000015.jpg,82.2044212962963,106.25731481481482,18.475156255415424,22.274735014142692,2725.3854981138547,2486.908943710884
vid_000004_frame0000016.jpg,82.31479938271605,105.52381172839506,18.540679502390685,22.628282879794718,2679.1007865073916,2579.399425618653
vid_000004_frame0000017.jpg,83.08344135802469,106.52378858024692,18.87288244706565,22.384245220767436,2734.497016574979,2497.3329692034367
vid_000004_frame0000018.jpg,83.44729938271605,105.26132716049382,19.034869735693345,22.979382427671194,2721.033042569492,2615.6808473305805
vid_000005_frame0000007.jpg,79.87880401234568,104.52958333333333,18.313203463634583,21.337015484004798,2762.1301635650048,2230.8150154168575
vid_000005_frame0000008.jpg,81.59190586419753,104.43671296296296,18.83785575602928,22.610813354530443,2798.6872494164745,2403.502590234375
vid_000005_frame0000009.jpg,83.63001543209876,107.90179783950617,18.977064055984712,22.21624523458743,2672.197255014896,2277.0606113039526
vid_000005_frame0000010.jpg,85.46523919753086,107.68184413580246,19.524087568701265,22.926569658161274,2589.816678274975,2349.189421401975
vid_000005_frame0000011.jpg,86.82398919753086,109.60756944444445,19.95281509919338,23.169970849895176,2714.8965744455277,2326.079359156141
vid_000005_frame0000012.jpg,85.78703703703704,108.0005324074074,19.913990642752044,22.900407862570873,2743.182498170951,2357.8231698521568
vid_000020_frame0000002.jpg,70.55422839506173,96.4633487654321,18.93787823703266,21.08815819236625,3088.7329619850616,2118.203936575443
vid_000020_frame0000003.jpg,71.74224537037037,97.52736882716049,19.358947094628697,21.355487072595505,3023.4812813994986,2143.620265721451
vid_000020_frame0000004.jpg,72.49024691358025,97.6705787037037,19.748609826073594,21.780009986329397,2970.9535306048524,2056.262550147117
vid_000021_frame0000001.jpg,79.37459104938272,102.27349537037037,28.76598102916731,26.967926044820896,2921.8796232472187,2010.0328607238205
vid_000021_frame0000007.jpg,79.65049382716049,103.8388425925926,28.6181866612968,26.981366178950804,2881.822517990719,1939.0647871046715
vid_000021_frame0000010.jpg,79.87559413580247,103.20263888888888,28.779346697399184,26.68124576837286,2964.9280337276496,1953.953539647098
vid_000021_frame0000013.jpg,80.65550154320988,104.61045524691357,28.691597978828252,27.138457979227212,2898.7790421495743,1916.9272966811463
vid_000021_frame0000015.jpg,81.04506944444445,105.68458333333334,28.71546903058371,27.032217632006567,2870.4193917561515,1954.1667950740525
vid_000021_frame0000016.jpg,81.0070524691358,105.72706790123456,28.70756013500023,27.297693827801226,2788.9100775024767,1999.2604190314332
vid_000021_frame0000017.jpg,81.95900462962963,106.32778549382716,28.76089584079038,27.341736279562564,2854.479946552009,1949.7926604890047
vid_000021_frame0000018.jpg,82.2226774691358,105.72238425925926,28.773020943049822,27.349066816530705,2799.7683993436,1963.570162172723
vid_000021_frame0000019.jpg,82.8878549382716,106.7390586419753,28.744207157096337,27.06304389370969,2755.1624830574965,1917.0061505906112
vid_000021_frame0000020.jpg,82.57808641975309,105.97951388888889,28.798940867741,27.129217344300834,2827.1776236877354,1955.5121206409087
vid_000021_frame0000021.jpg,82.61087962962964,106.78650462962963,28.83995570755798,27.074931716310566,2862.433887831266,1939.8950178954594
vid_000021_frame0000022.jpg,82.25939814814815,104.9664737654321,28.915270212979618,27.2491444718616,2823.0483832866557,1969.8680358308093
vid_000021_frame0000023.jpg,82.83756172839506,105.77559413580246,28.937397354630388,27.42445749436013,2825.3368406111877,1994.0514475946286
vid_000021_frame0000024.jpg,82.92031635802469,106.58030864197531,28.938713991684395,27.706356535952768,2813.086652719669,2050.0747080008764
vid_000021_frame0000025.jpg,83.48793981481481,107.39984567901234,28.886718287836405,27.395859491173766,2826.9659078682275,1950.3307532144847
vid_000021_frame0000026.jpg,83.32214506172839,107.63412037037037,28.925241876619328,27.41961944018863,2808.5948360324624,1996.9509891160242
vid_000021_frame0000027.jpg,83.38212191358025,106.6939737654321,28.98041473288599,27.424283206011225,2848.7564122920953,1944.0113751705146
vid_000021_frame0000028.jpg,83.15324074074074,106.34055555555555,29.08118062696378,27.70737623521047,2861.8454907163905,1995.6737264708124
vid_000021_frame0000029.jpg,83.52621913580246,107.15910493827161,29.026647094855157,27.739402833681098,2785.9864252314815,1952.84743492584
vid_000021_frame0000030.jpg,83.46784722222222,106.61909722222222,29.082501317210454,27.904118480922094,2859.8070493055557,2040.3706072096834
vid_000021_frame0000031.jpg,83.9491512345679,107.37907407407407,29.09187777842226,27.83752530653621,2786.7173216542355,1964.2464010558963
vid_000021_frame0000032.jpg,83.79355709876543,107.75908179012346,29.156719417532685,27.82186013402742,2882.6481360367484,2033.0494266974715
vid_000021_frame0000033.jpg,83.85524691358025,107.7535725308642,28.9678510114745,27.205014806120225,2831.4816161370222,1987.4481448864499
vid_000021_frame0000034.jpg,83.2922299382716,106.72729938271605,28.944809042215812,27.085887374556517,2874.1022846864403,1917.3310338455929
vid_000021_frame0000035.jpg,83.07460648148148,106.9065200617284,28.797438536792264,26.985347031349722,2775.8429353373626,1860.9787402548561
vid_000022_frame0000013.jpg,92.4145987654321,114.20611111111111,32.3813306860528,30.867568126385287,2727.8072249413553,2121.3525418880863
vid_000022_frame0000014.jpg,92.39104938271605,114.19737654320987,32.56604443486135,31.008732977908856,2775.6649400791016,2165.520810076529
vid_000022_frame0000015.jpg,92.90207561728396,115.14145061728395,32.736428749891935,31.256164938474804,2716.30169883777,2098.275187489938
vid_000022_frame0000016.jpg,92.85996913580247,114.90114969135803,32.710466045104525,31.21961098074928,2716.415596448474,2131.435532830123
vid_000022_frame0000017.jpg,92.65191358024691,114.61641975308642,32.5447587241369,31.14383614416221,2736.121119427238,2076.924179632428
vid_000022_frame0000029.jpg,88.28587191358025,111.45563271604938,30.890237996551498,29.85662355015583,2731.3954434365355,2117.9521505477446
vid_000022_frame0000030.jpg,88.12787037037037,110.73323302469136,30.83475558934757,29.820636919871625,2893.312129486502,2135.831876496533
vid_000022_frame0000033.jpg,86.77103395061728,109.57614197530864,30.49384091595366,29.139943131943983,2808.2031680678797,2168.887250007085
vid_000022_frame0000040.jpg,84.35566358024691,107.88630401234568,29.32602418971434,28.140302104692815,2880.3871819120563,2184.876582433068
vid_000022_frame0000041.jpg,84.10263117283951,108.07467592592593,29.123082237339773,28.20347984483367,2839.85622085048,2157.2309552420907
vid_000022_frame0000042.jpg,84.21676697530864,107.97871141975308,29.123921238613857,28.07492047095899,2863.964059212046,2188.4978769995046
vid_000022_frame0000043.jpg,83.9986574074074,107.68815586419753,29.036875736181276,28.516181758119828,2840.433401808449,2256.1003539856724
vid_000022_frame0000044.jpg,83.8707175925926,107.68256172839506,28.85906725642717,28.20620343038152,2784.843116740909,2242.01559423011
vid_000023_frame0000010.jpg,93.08287808641975,114.76823302469136,33.09684778620594,31.426843991509664,2669.7935320216047,2097.790715696385
vid_000023_frame0000011.jpg,93.56354166666667,115.64733024691358,33.29991481451759,32.17821190768875,2631.1056460985724,2096.6501695729858
vid_000023_frame0000012.jpg,93.70926697530864,114.37606481481481,33.53892276220414,31.933940707063055,2659.82581431089,2131.184410350699
vid_000023_frame0000013.jpg,93.78110339506173,115.16276234567901,33.43353863372292,31.897014630987744,2704.241099054784,2149.567291905769
vid_000023_frame0000014.jpg,93.60793209876543,114.62158950617284,33.42089082078227,31.79102433608687,2641.6561662465706,2145.02166137379
vid_000023_frame0000015.jpg,92.70989197530864,114.14126543209876,33.263594236515395,31.435527263346604,2633.1293803578324,2085.5775634773067
vid_000023_frame0000016.jpg,91.46875,113.01243827160494,33.31167739093896,31.206822016205493,2748.0870787750887,2092.3687827574277
vid_000023_frame0000017.jpg,89.95884259259259,112.05426697530864,33.00081934850639,31.256217324772614,2664.533396433232,2031.6327700230886
vid_000023_frame0000018.jpg,88.1984799382716,110.6183024691358,33.13396553496319,31.05204216194212,2762.8191135535744,2107.2307710161726
vid_000023_frame0000019.jpg,86.86484567901235,111.44391203703704,32.677662151382386,31.644046538028356,2803.6391976022496,2056.074531313765
vid_000024_frame0000015.jpg,89.75057098765433,112.43175154320987,28.864298690103386,28.594653079566086,2791.3323226008206,2131.664040697338
vid_000024_frame0000024.jpg,96.07999228395062,116.984012345679,31.25407377397507,29.936301829625105,2627.606627474613,2121.796534326358
vid_000024_frame0000030.jpg,95.93248456790124,116.16541666666667,30.973809779936865,29.705472149050145,2630.7684297405476,2252.134881343355
vid_000024_frame0000031.jpg,95.4516512345679,116.58952160493827,30.645936915583412,29.75751479037746,2593.6178432993615,2114.2360682203557
vid_000024_frame0000032.jpg,94.36067901234568,115.18070216049382,30.680126678286914,29.519206074770178,2660.1954488806373,2181.3478496332496
vid_000024_frame0000033.jpg,93.45834104938271,114.60320216049382,30.534007185083766,29.292683543687367,2636.662652872085,2148.007781223744
vid_000025_frame0000007.jpg,84.93037037037037,109.62520833333333,28.484684218857176,28.314185556668612,2707.0510353214063,2016.0315823640044
vid_000025_frame0000008.jpg,85.47383487654321,109.9140663580247,28.94870853561764,28.163969840903114,2813.767163869599,2090.0278734375
vid_000025_frame0000009.jpg,85.7728549382716,110.41184413580247,28.901884537384245,28.77255352881108,2736.2481303116906,2053.8120429521396
vid_000025_frame0000010.jpg,85.47445216049383,109.36975308641975,28.84547103376453,28.370264252667692,2845.209312722908,2072.2485346316657
vid_000025_frame0000011.jpg,85.57953703703704,109.99968364197531,28.852718827456844,28.12599586536335,2806.1343163365314,2120.325971819214
vid_000025_frame0000012.jpg,85.20026234567901,109.51993827160494,28.626711818873023,28.009848422263282,2809.8591203441138,2050.378454160713
vid_000025_frame0000013.jpg,84.74802469135803,109.87118055555555,28.183559953520977,28.005839938737594,2714.100334670246,2040.3042609739368
vid_000025_frame0000014.jpg,83.79449074074074,109.10889660493827,27.97840829566924,27.67425321884569,2785.7188879881473,2077.630220909958
vid_000025_frame0000015.jpg,83.59369598765431,109.22749228395061,27.681916291695124,27.395323202544155,2821.1718535779014,2063.169962076808
vid_000025_frame0000016.jpg,83.19092592592592,107.41310956790123,27.68578206900233,27.019216059548487,2812.8991503338266,2176.9081720416452
vid_000025_frame0000017.jpg,82.97081018518519,108.48457561728395,27.51498982245895,27.310705568176516,2880.404207761536,2114.4038208504803
vid_000025_frame0000018.jpg,82.58266975308642,107.46805555555555,27.544542248642166,27.446911965939798,2879.698585619332,2091.4737679924456
vid_000025_frame0000019.jpg,82.7749151234568,108.76643518518519,27.883541852548003,28.141664335134028,2801.1289212560487,2054.5604370998494
vid_000026_frame0000003.jpg,80.72064043209876,106.3395524691358,27.54371144239544,27.24170301455196,2960.4215342647367,2120.4958610958697
vid_000026_frame0000004.jpg,82.22061728395062,107.01136574074074,27.918396589658922,27.047044385985473,2932.132679277585,2158.6351624464164
vid_000026_frame0000005.jpg,83.7406712962963,107.91864197530865,27.964396072461664,27.272042868656595,2986.5249528148697,2208.403967901235
vid_000026_frame0000006.jpg,84.0584413580247,107.82352623456791,27.910406617794646,26.961495588260554,2983.4708645184974,2260.4835657004937
vid_000026_frame0000007.jpg,84.49938271604938,108.64384259259259,27.869902782400263,27.09969797426183,2874.056192028654,2211.0862827498077
vid_000026_frame0000008.jpg,87.25023919753086,110.90633487654321,28.879242445620143,27.968137183653475,2916.3353460209955,2212.6649111330207
vid_000026_frame0000009.jpg,96.03354166666666,118.31276234567902,31.00705032262314,29.69664118408612,2659.8876524319253,2124.0457218390393
vid_000026_frame0000010.jpg,100.84734567901235,120.15430555555555,32.12099856028974,30.559719690686016,2638.0881415142508,2085.7759386371645
vid_000026_frame0000011.jpg,105.66125771604938,124.47372685185185,32.75403305143047,31.190952428955903,2474.799647718943,2074.844426436519
vid_000026_frame0000012.jpg,106.06474537037037,124.33389660493827,33.01219772249516,31.440459883513793,2523.274166358025,2171.498320610187
vid_000026_frame0000013.jpg,106.93309413580246,125.03619598765432,33.56033180449141,31.521243229400405,2495.7059725534878,2162.327012774289
vid_000026_frame0000014.jpg,107.9023225308642,125.43729166666667,34.14239771554342,32.522966050951595,2523.954858003198,2213.6635926649305
vid_000026_frame0000015.jpg,102.73729166666666,121.41196759259259,33.402625729542486,31.599248364618205,2570.8019087770062,2072.7639011744945
vid_000026_frame0000016.jpg,95.64838734567901,115.73502314814814,32.691989944086984,30.69231408267327,2576.3808951750875,1962.8528891458523
vid_000026_frame0000017.jpg,92.57452160493827,113.96989197530864,32.641517656589734,31.283595832292157,2695.720076174495,1936.9481954060334
vid_000026_frame0000018.jpg,95.8088811728395,116.26042438271605,33.64324005919056,31.746733745750962,2660.535379628677,2008.9680998454407
vid_000026_frame0000019.jpg,99.96468364197531,120.06976851851852,34.10186937748144,32.331827613023485,2499.572689214618,2011.3025197149825
vid_000026_frame0000020.jpg,103.64331018518519,122.43581018518519,34.72380733047797,33.00955062003737,2467.23746508196,2074.9479250251843
vid_000026_frame0000021.jpg,103.67918981481482,122.75287808641976,34.33865819402124,32.65553126847725,2474.9011410598614,2115.1204135716735
vid_000027_frame0000047.jpg,107.32433641975308,127.10341049382716,25.91835007676292,28.248200545301007,2426.585338634485,2320.6070445127934
vid_000027_frame0000048.jpg,108.34033950617284,128.75773919753087,26.11292640041283,28.44080146180847,2463.3779362067876,2324.8210053578323
vid_000027_frame0000049.jpg,107.75664351851852,128.36675925925925,26.24644799306281,27.709301598076323,2427.135678703704,2280.151847626541
vid_000027_frame0000056.jpg,102.53623456790123,123.04470679012346,25.702678236665736,26.553513544347208,2588.227729552469,2336.1607486565977
vid_000027_frame0000068.jpg,102.85560956790124,124.57520061728395,24.62531146350688,26.848747168104317,2547.29777004738,2326.839102091847
vid_000027_frame0000069.jpg,103.13103395061728,125.91223765432099,24.33791001820828,27.0721364021316,2544.270340894526,2315.1128121212823
vid_000027_frame0000070.jpg,102.10962191358024,123.23645833333333,24.139760181416673,25.88250528330957,2551.1574514859944,2280.3486991997574
vid_000027_frame0000071.jpg,100.08143518518519,121.3001774691358,24.178570588809038,25.72939532750667,2582.456036674811,2312.8971561756375
vid_000027_frame0000072.jpg,98.92508487654321,120.7474537037037,24.399933535799597,26.12879397693691,2588.2573416092723,2338.6323371955855
vid_000028_frame0000001.jpg,91.3874537037037,112.8832098765432,26.258103452295195,25.985583649360795,2559.8729521202467,1854.1864114535108
vid_000028_frame0000002.jpg,91.63641975308641,113.49400462962963,26.22272599839251,25.83750404528468,2540.5010768032103,1853.002684589811
vid_000028_frame0000003.jpg,91.84341049382716,113.85983024691357,26.063240422700606,26.2272278761967,2517.9237513473913,1817.2273783948235
vid_000028_frame0000004.jpg,91.81855709876544,113.68319444444444,25.86305344928369,26.24653248666007,2567.0086897361657,1905.4840809327845
vid_000028_frame0000005.jpg,90.87193672839506,113.99666666666667,25.449823778447296,26.212759968862212,2522.5877125340553,1861.8103914937105
vid_000028_frame0000006.jpg,90.5376774691358,112.50820216049382,25.135022419191465,26.067757934126544,2504.9839730450294,1864.8464244932172
vid_000028_frame0000007.jpg,91.43777777777778,113.83208333333333,25.05382388694438,26.107432926142998,2562.9325317571993,1899.4492986253406
vid_000028_frame0000008.jpg,91.0783024691358,113.36395833333333,24.80776047599699,25.960068970180636,2607.9631156433375,1903.792996999255
vid_000028_frame0000009.jpg,90.25726851851852,113.38627314814815,24.403658864928413,25.396840138936067,2514.4915462191357,1897.8619345416453
vid_000028_frame0000010.jpg,90.40069444444444,113.076512345679,24.1811709248234,25.035073129545665,2474.683998475306,1919.032003908929
vid_000028_frame0000011.jpg,90.8901311728395,113.37806327160494,24.045902377011533,25.160674880587244,2530.1150735701494,1962.785038717183
vid_000028_frame0000012.jpg,90.31598765432099,112.43227623456791,23.890838046059777,24.94104430991961,2535.165913351385,2029.8056092533054
vid_000028_frame0000013.jpg,89.47849537037037,112.09906635802469,23.47622057769591,24.599395111852917,2484.788391956019,1962.9995634115776
vid_000028_frame0000014.jpg,88.78172839506173,113.0603549382716,23.00766202436626,24.620346258207235,2590.409730450532,2012.897678059211
vid_000028_frame0000015.jpg,88.8875,112.63445216049382,22.358653375975866,23.89139992796096,2530.4983020573754,2019.2000648681599
vid_000028_frame0000016.jpg,88.1138888888889,112.3479475308642,21.83139145308374,23.632974135017005,2539.2712315538192,2049.2232235701495
vid_000028_frame0000017.jpg,87.61182098765433,111.83341820987654,21.39508342662286,23.08753248771719,2577.649468926231,2078.0751257043876
vid_000028_frame0000018.jpg,86.750625,110.14315586419752,21.20944922651437,22.578014446288616,2621.800229040686,2123.2346581356096
vid_000028_frame0000019.jpg,87.32020833333333,111.43745370370371,21.073632425345483,22.61199544402969,2569.2491089243613,2132.936983590297
vid_000028_frame0000020.jpg,87.29987654320988,111.04001543209877,20.943898017854494,22.874216656621986,2587.12287422786,2137.614188116748
vid_000028_frame0000021.jpg,86.77645833333334,110.79502314814815,20.726948890179266,22.273193243627702,2590.3805408492776,2143.123686998933
vid_000028_frame0000022.jpg,85.44929012345679,109.61002314814814,20.40074298428589,22.33080990095965,2631.4943955073063,2169.9401466001154
vid_000028_frame0000023.jpg,85.86146604938271,110.37905092592592,20.22818264598531,22.124762697211025,2603.4854192348726,2148.517359200615
vid_000028_frame0000024.jpg,85.81161265432098,110.09186728395062,20.339864146045638,22.251031018579653,2692.8894377855418,2170.071053091897
vid_000028_frame0000025.jpg,86.35945216049383,110.73398148148148,20.382464534553737,22.305038866569213,2688.549203530748,2186.844421795458
vid_000028_frame0000026.jpg,87.06168981481481,110.75429783950618,20.59741417268964,22.170817821084906,2638.028998126655,2154.083295382695
vid_000028_frame0000027.jpg,88.85337962962963,112.28503086419754,21.22542295520837,22.83706088793055,2649.786379776747,2193.9552562370804
vid_000028_frame0000028.jpg,90.60135802469136,113.84582561728395,21.853780812712703,23.49197926586041,2597.647889564698,2191.6823159862734
vid_000028_frame0000029.jpg,92.40962962962963,114.92024691358024,22.35251000595972,23.957793016789548,2498.161079672437,2103.6791559484427
vid_000028_frame0000030.jpg,93.33663580246913,115.86872685185185,23.23198048116511,24.34100456989576,2562.289293766194,2136.018776560297
vid_000028_frame0000031.jpg,93.43283179012346,115.21923611111112,23.69383275567303,24.282648228149036,2487.870123788057,2103.470641403511
vid_000028_frame0000032.jpg,93.54286265432098,115.29986111111111,24.252949403488497,24.74695279868243,2546.650440986452,2132.671916709474
vid_000028_frame0000033.jpg,93.80226080246914,115.45698302469135,24.619072504866693,25.322843555032968,2539.8964338262435,2119.3649246184245
vid_000028_frame0000034.jpg,93.87793209876543,114.60307098765432,25.02966710186049,25.572377189790863,2530.491629271453,2125.5537095619475
vid_000028_frame0000035.jpg,93.85371913580246,114.82070216049382,24.993595909285858,25.746027299938778,2515.489552469136,2064.539313917229
vid_000028_frame0000036.jpg,94.53448302469135,116.38814814814815,25.176367074483885,25.823994219230343,2494.350647366481,2091.5279606707722
vid_000028_frame0000037.jpg,94.75525462962963,115.4729012345679,25.485209024543433,26.004572667273912,2515.9257408833923,2090.4473820939425
vid_000028_frame0000038.jpg,94.38491512345679,114.77626543209877,25.83422780844911,25.742319151783157,2532.6242574916528,2169.3625476151096
vid_000028_frame0000039.jpg,93.44837191358025,114.34848765432099,26.2022874078751,25.788748399430066,2514.5595157578277,2018.7289450579178
vid_000028_frame0000040.jpg,93.70243827160493,114.5176774691358,26.460399427861855,25.789227806206572,2586.4376180984223,1956.1321316850992
vid_000028_frame0000041.jpg,93.7370138888889,114.33079475308642,26.5958288936429,25.700256324402144,2552.181904706254,2002.5572991683812
vid_000028_frame0000042.jpg,93.18926697530864,115.16747685185184,26.451311910328563,26.107613523865048,2480.454345626083,1895.3902285745671
vid_000028_frame0000043.jpg,91.64634259259259,114.97722222222222,24.99381196045791,25.73742902423973,2566.202462229403,1906.0064070035057
vid_000029_frame0000012.jpg,85.14952932098765,104.05682098765432,27.208002418622993,27.235598976748715,2592.9221571344283,1750.3522702331964
vid_000029_frame0000013.jpg,86.18960648148148,105.74211419753087,26.909077275415427,27.111038669744676,2581.1903152949244,1769.3651862330437
vid_000029_frame0000014.jpg,87.9839274691358,106.89453703703704,26.666359882627418,27.077596049323812,2584.9924468364197,1824.1480438955095
vid_000029_frame0000015.jpg,89.62927469135802,108.73868827160494,26.228979551272822,26.14762081347545,2407.4107516927083,1796.5564176049165
vid_000029_frame0000016.jpg,89.32719907407407,109.2197762345679,26.19609193052643,25.928952832917442,2513.3540755729287,1898.1156838124905
vid_000029_frame0000017.jpg,89.31506172839507,108.88422839506173,26.310178433331092,26.151476034582483,2535.598947016223,1934.725919020538
vid_000029_frame0000018.jpg,89.41206018518518,108.70521604938271,25.93819603408361,25.944617545513218,2513.5328477280523,1965.6462200036199
vid_000030_frame0000001.jpg,97.45886574074073,117.72891203703703,26.26648904710342,26.211949033194873,2516.1922646599583,1864.1602501880786
vid_000030_frame0000002.jpg,97.63581790123457,117.8833950617284,26.244516378044715,26.091693114565544,2495.7019315555463,1853.2435989538087
vid_000030_frame0000003.jpg,94.67177469135802,115.61248456790123,26.198549806695933,25.8425279634747,2507.1889555469825,1823.5846045181754
vid_000030_frame0000004.jpg,89.77199845679013,111.11865740740741,26.18263074333771,25.53646951631997,2621.626998159341,1842.4925676177768
vid_000030_frame0000005.jpg,87.23314043209876,107.41404320987654,25.86578467464726,24.706594068033283,2612.8532937240416,1789.8336145732715
vid_000030_frame0000006.jpg,88.66608796296296,108.22967592592593,25.750666261996155,24.895497551801732,2606.799807224449,1788.8213410464655
vid_000030_frame0000007.jpg,89.9609336419753,110.03295524691357,25.443815374172548,24.429305641726415,2520.2765735781863,1813.8185811370574
vid_000030_frame0000008.jpg,91.08290895061728,111.24588734567901,25.2327667238059,24.653477659541892,2514.962553150184,1806.1919831768691
vid_000030_frame0000009.jpg,92.66856481481481,113.38220679012346,25.119277730081816,24.449480189767435,2518.830787491367,1836.1650976032024
vid_000030_frame0000010.jpg,92.88818672839506,114.56533179012345,25.083637058866383,24.51291245076618,2536.9088929683335,1864.8847153518423
vid_000030_frame0000011.jpg,92.24280092592592,113.6804475308642,25.08068288926462,24.651007926148267,2568.507945487481,1893.3088842063305
vid_000030_frame0000012.jpg,90.83334104938271,112.86550154320987,25.10247167834435,24.666733382886456,2562.5130618846215,1917.4567512336153
vid_000030_frame0000013.jpg,90.07932870370371,112.4622299382716,25.199472642556263,24.52334695029737,2555.896027663406,1909.3187939785641
vid_000030_frame0000014.jpg,88.03340277777778,110.53054012345679,25.211206049870057,24.646559798346132,2558.8204861939275,1857.9236724093482
vid_000030_frame0000016.jpg,86.41381944444444,109.20869598765432,25.211738436898983,24.322743827147324,2600.8843974788883,1864.7328041066532
vid_000030_frame0000017.jpg,86.71425925925926,109.41929012345679,25.229656951361857,24.13765304576656,2714.6781781550076,1920.3987781678072
vid_000030_frame0000018.jpg,86.53814814814815,108.83573302469136,25.162107355518632,24.181101678746153,2726.2589206961,1951.6273894627698
vid_000030_frame0000019.jpg,87.0243287037037,109.8393287037037,25.06239656109888,24.321804622702587,2650.2693385450007,1932.7371543200352
vid_000030_frame0000020.jpg,87.156875,110.01140432098765,24.931961052052074,24.20440048126605,2613.9162101551187,1902.8735552469136
vid_000030_frame0000021.jpg,88.06233796296296,110.41893518518519,24.799231396703863,23.665882605207297,2583.6834271161383,1886.9928836519184
vid_000031_frame0000011.jpg,80.87185185185186,102.41060956790123,18.456213973211455,20.1218039429508,2828.863646944064,2099.4944265346367
vid_000031_frame0000012.jpg,80.45256172839507,102.21962962962964,18.403466936677976,20.604208274725284,2842.5587339891376,2143.8460338291015
vid_000031_frame0000013.jpg,80.8669212962963,102.555625,18.444551077251422,20.00892219955313,2802.5953056660564,2096.9712027258015
vid_000031_frame0000014.jpg,80.40679012345679,102.0114737654321,18.589552194924,20.243586459306634,2765.405753762229,2130.57708215872
vid_000031_frame0000015.jpg,80.65373456790124,102.56400462962964,18.786635195769584,20.470727195825372,2751.4855310784733,2153.0924080132004
vid_000031_frame0000016.jpg,80.52523919753087,101.80287808641975,18.810594976057466,20.73802739647302,2781.4306200271963,2207.864389496111
vid_000031_frame0000017.jpg,81.45179783950617,103.12230709876543,19.06995667376772,20.734848757843128,2829.6854399833655,2172.834487696235
vid_000031_frame0000018.jpg,82.78998456790123,103.73316358024691,19.443883682384104,21.10122434114816,2714.101408489559,2164.933651098763
vid_000031_frame0000019.jpg,84.47549382716049,105.47771604938272,19.90806108994728,21.09081437394984,2699.1148153286817,2141.540622747997
vid_000031_frame0000020.jpg,86.95939043209877,107.54032407407408,20.836110050482898,22.07179734789582,2646.104704271452,2128.787451078104
vid_000031_frame0000021.jpg,89.58162037037037,109.48868055555556,21.985021314277013,22.95467813787393,2578.3668499228397,2083.093536863426
vid_000031_frame0000022.jpg,89.94434413580247,108.97165895061728,23.061406144264197,23.078976207201528,2506.4763761993213,2059.8607591591767
vid_000031_frame0000023.jpg,90.17017746913581,109.16403549382716,23.988072804025354,24.004299346364004,2452.564658650489,1958.756075573881
vid_000031_frame0000024.jpg,89.54855709876543,107.95730709876543,25.05756896784941,23.588635835668605,2464.0602244698193,1927.2788808582438
vid_000031_frame0000025.jpg,91.73117283950617,109.87074845679012,26.210227668353372,25.15418962038592,2410.5150097350224,1930.5183069463496
vid_000031_frame0000026.jpg,94.24040895061728,111.33449074074075,27.24663114558159,25.7109058119848,2410.060226305953,1938.0384528425545
vid_000031_frame0000027.jpg,96.94613425925925,113.66037037037037,29.01903522829007,28.24222427433065,2349.570373828244,1788.2895385221382
vid_000031_frame0000028.jpg,90.90422839506172,108.16042438271604,28.642583725827627,27.145226090627013,2498.808812970584,1619.5192877762536
vid_000031_frame0000029.jpg,89.50394290123457,107.74233796296296,28.480764570195667,27.512977141716156,2627.738877874705,1629.2195464605602
vid_000031_frame0000030.jpg,89.10167438271606,106.08161265432099,29.93481901017194,28.44387583293363,2595.2622417004245,1619.9385647376544
vid_000031_frame0000031.jpg,87.88536265432099,105.8853549382716,29.547468326635762,27.952084857266836,2574.7227423122904,1564.4513977478184
vid_000031_frame0000032.jpg,86.74834104938272,104.67837191358025,29.66413263513357,27.83554944832373,2627.540497460789,1611.6045579212748
vid_000031_frame0000033.jpg,86.08954475308641,104.56932098765432,29.584149158435377,28.11358756387704,2626.4453626013924,1579.483566767404
vid_000031_frame0000034.jpg,97.08013888888888,114.9133024691358,30.765323352247805,30.74033270031078,2664.7487339115005,1881.6264275071803
vid_000031_frame0000035.jpg,89.02000771604938,108.38167438271606,30.348983691567856,30.832687865698684,3012.172915133935,2000.9802899933677
vid_000031_frame0000036.jpg,87.43242283950617,107.60925154320988,30.585145541125417,30.874376725277877,3052.747207540235,1975.4410684127204
vid_000031_frame0000037.jpg,91.04244598765432,110.16756172839506,31.033193039900233,31.03133387926527,2906.2791919560186,1942.911011925583
vid_000031_frame0000038.jpg,93.68077932098765,112.23434413580247,31.32896892886431,31.27247928950365,2843.7498063266244,2018.973021431327
vid_000031_frame0000039.jpg,94.39918209876544,112.27226080246913,32.70881171073887,32.68413321277242,2865.2780434039687,2012.0891818114972
vid_000031_frame0000040.jpg,92.49452932098765,109.77716820987655,32.808447530033035,32.38398164663522,2877.220831482851,2050.2742737906165
vid_000031_frame0000041.jpg,89.96353395061729,107.01388888888889,33.35818699154744,32.30751510728436,2868.97686779621,2010.751023661599
vid_000031_frame0000042.jpg,87.28550154320988,104.96826388888888,34.37235008387669,32.79720616175686,2898.9623662536555,1992.8776430803232
vid_000031_frame0000043.jpg,86.80623456790123,103.82338734567901,37.25546713571759,37.73785395649756,3170.692897839506,2614.7666473648737
vid_000031_frame0000044.jpg,80.20746913580247,99.28037037037036,37.36126451536831,37.58383719607864,3665.596882286844,2822.6716668550425
vid_000031_frame0000045.jpg,78.67672839506173,97.83360339506173,38.14851098707746,38.06905586339592,3696.3553395061726,2801.614477430496
vid_000031_frame0000046.jpg,78.31980709876544,96.90775462962964,38.99186603559899,39.37343630116649,3107.5427372470253,2411.961937409444
vid_000031_frame0000047.jpg,74.62916666666666,93.52341820987654,37.08800571376242,35.176224886511896,3440.62794940534,2266.903364925733
vid_000031_frame0000048.jpg,76.38253086419753,94.94163580246914,36.78604321877377,34.48180730441012,3159.361601641744,1943.5836257667825
vid_000031_frame0000049.jpg,79.16499228395061,97.51287037037036,37.27498033157196,34.51477614913896,2929.651647529912,1985.4436777692042
vid_000031_frame0000050.jpg,81.45202932098765,98.96754629629629,39.686307556333965,38.641140350943495,3484.3341048332472,2769.1688474963325
vid_000032_frame0000006.jpg,101.04451388888889,116.17712191358025,45.6981915214214,41.83278193956312,3047.3181657976584,3065.2861200602397
vid_000032_frame0000007.jpg,99.0302700617284,114.2426774691358,45.4124379827617,42.53325501332681,2947.608820395554,3262.8762714999143
vid_000032_frame0000008.jpg,99.13526234567901,113.66292438271606,45.42054000227035,43.2098371869137,2991.8603624180173,3494.2738310051222
vid_000032_frame0000009.jpg,100.35679783950617,115.45783179012345,45.62535272238961,43.33339134172871,2793.4805576745516,2977.911106157598
vid_000032_frame0000010.jpg,99.53992283950618,114.59764660493828,43.37951024681244,41.9176124886125,2950.837817824074,3471.170592356288
vid_000034_frame0000005.jpg,94.27223765432099,114.35416666666667,38.69680926321183,38.82466042775193,2878.0025892698686,3067.1388053578316
vid_000034_frame0000006.jpg,93.72396604938271,113.57947530864197,38.452605825409016,38.38959452281221,2802.5506418371815,2984.112592586639
vid_000034_frame0000007.jpg,93.58179783950617,113.00774691358025,39.25737829340463,38.65523500215397,2870.623698395288,2900.213203302124
vid_000034_frame0000008.jpg,92.97783179012346,112.41917438271605,39.58687813666933,38.89596337950239,2801.103353748476,2915.8874184992283
vid_000034_frame0000009.jpg,93.08611111111111,111.38682098765432,40.1505332014162,37.8973858070051,2696.7644148641116,2675.6113479642972
vid_000034_frame0000010.jpg,91.82729938271605,109.86909722222222,39.46332769976152,36.965634924733756,2931.5662829855755,2779.623923696607
vid_000034_frame0000011.jpg,92.21047839506173,110.65537037037036,39.43354941183436,36.69554286586929,2942.302641350821,2875.373651465514
vid_000034_frame0000012.jpg,92.05534722222222,111.15626543209876,39.366415191357284,36.719884077571464,2912.3630515374343,2924.9517525698734
vid_000034_frame0000013.jpg,91.63289351851851,111.61358796296297,39.006711314648676,36.210875424508004,2961.751089883402,2800.1563936327707
vid_000034_frame0000014.jpg,91.56307870370371,110.42996141975308,38.500432931227586,35.1594051064119,2969.6847462057394,2954.6292076045956
vid_000034_frame0000015.jpg,91.93513888888889,110.8978086419753,38.02021704497986,34.741344132193994,2940.527014356615,2860.358785322121
vid_000034_frame0000016.jpg,91.26058641975308,111.15939814814814,36.754030336174125,33.87008280026834,2910.734400805363,2835.302163004877
vid_000034_frame0000017.jpg,90.71420524691358,111.10109567901235,36.18197656072135,33.90614308533108,2929.194892851164,2667.1915218701774
vid_000035_frame0000001.jpg,99.34533179012345,117.84813271604938,39.33081223046146,45.24610011058361,3734.9909274117417,4803.388337614075
vid_000035_frame0000008.jpg,107.7273225308642,122.85471450617284,40.12688909930533,50.0284770309757,3359.886275925926,5169.122648662493
vid_000035_frame0000021.jpg,99.18692901234567,118.59984567901235,40.30274374311699,50.32031441859303,3912.9132442200485,5710.085378157804
vid_000035_frame0000031.jpg,104.33077932098766,121.58613425925925,40.81549939551156,51.70408714198209,3339.0247092973036,5304.351678806346
vid_000035_frame0000032.jpg,107.92692901234568,122.85952932098765,38.1198651690599,52.184159868071895,3255.0253893146405,5971.936326684135
vid_000035_frame0000033.jpg,109.51108024691358,124.18229938271605,35.34624830450096,50.45038289467199,3201.7903822396906,5853.287420388887
vid_000035_frame0000034.jpg,108.85657407407408,125.17682098765432,31.42695356672762,47.95071254010473,3211.857995415857,5997.284575794407
vid_000035_frame0000035.jpg,108.55097993827161,126.47398919753087,29.71828338069473,45.05753440626205,2955.0075066514614,5023.621235013479
vid_000035_frame0000036.jpg,109.02633487654322,126.90065586419753,27.80678639731464,40.482174093333086,2644.4753984195795,4062.266252779147
vid_000035_frame0000037.jpg,107.45810956790123,126.14395833333333,26.899563218843127,39.25127653516812,3042.91297354818,4538.832799363426
vid_000035_frame0000048.jpg,112.96072530864197,128.8367438271605,27.245758828949604,40.11685879736484,3170.8849724041684,5193.989732496892
vid_000035_frame0000049.jpg,112.93057098765432,129.7083410493827,26.985721429928944,39.40467406075455,3052.12129612459,4666.73178079698
vid_000035_frame0000052.jpg,115.82667438271605,131.22476080246915,28.27062035410086,41.53183684571637,2711.9420767982683,4213.856514321786
vid_000035_frame0000053.jpg,114.03027777777778,128.5243287037037,29.51260548712853,44.48777066072304,3513.9806127823863,6285.804182631684
vid_000035_frame0000054.jpg,111.52003858024692,127.07461419753086,29.155572223250537,44.21804999168559,3465.8282715361133,6053.947453557897
vid_000035_frame0000068.jpg,108.63373456790123,125.44197530864197,30.255720828351222,45.98404058011284,3324.5448257694616,5533.461998187919
vid_000035_frame0000069.jpg,106.15358024691358,124.83749228395062,30.109701578679598,46.099742610033736,3268.914167418982,5922.730276165743
vid_000035_frame0000070.jpg,105.06422839506173,123.01140432098765,30.364959012394188,46.0870669527996,3129.0511834490144,5371.621670457474
vid_000035_frame0000071.jpg,103.78435185185185,122.5620524691358,31.639451885727834,47.131866740603826,3565.4813339420443,6213.231289887152
vid_000035_frame0000072.jpg,104.86347222222223,123.1564737654321,31.98326171482486,47.08717420162379,3290.9206110339505,5508.976463115141
vid_000035_frame0000073.jpg,106.92083333333333,125.3210725308642,30.760386651664128,45.008183999536094,3282.993190396853,5203.8999785136
vid_000035_frame0000074.jpg,107.02630401234568,125.38280092592592,31.774258659264547,45.76104281010644,3257.4856253391245,5233.7807919523875
vid_000035_frame0000075.jpg,109.14263888888888,126.41578703703703,32.40942473347505,47.85610898763217,3684.024111646412,6644.687034329215
vid_000035_frame0000080.jpg,111.90922067901235,128.54784722222223,30.498075604804356,48.031939870052746,3553.818447973763,6279.752616798067
vid_000035_frame0000083.jpg,105.9411574074074,124.01925925925926,29.643703303973144,46.07081505086819,3559.8732653886955,5810.414446226757
vid_000035_frame0000084.jpg,104.3234413580247,124.11619598765432,30.443624530873585,44.84506207631176,3104.3015064985693,4933.483211183926
vid_000035_frame0000087.jpg,109.9344675925926,125.86422067901235,32.742860925928426,44.486691699413974,3269.9150056203325,4843.5798248156125
vid_000035_frame0000099.jpg,112.34820987654321,130.38371913580247,29.20943451518178,34.31690991218637,2606.8839299458928,3484.1266211696006
vid_000035_frame0000104.jpg,112.61567901234568,127.05729938271605,28.80103705858616,32.79814509570643,2530.8601005706073,3076.1823264660493
vid_000035_frame0000107.jpg,111.18396604938272,126.45650462962963,26.082497602492605,29.594648438145835,2547.4028851994144,2866.7294048808776
vid_000035_frame0000110.jpg,115.4137037037037,129.6874922839506,27.70161877181323,31.202648090795545,2594.932850328587,2995.6924609910243
vid_000035_frame0000111.jpg,116.82729166666667,130.90060185185186,27.983965215409988,31.744770342250373,2546.4932842477688,3027.2576318538877
vid_000035_frame0000112.jpg,117.76546296296296,131.77054012345678,28.10978957865099,32.35042435872748,2558.9102134164,3034.906535676667
vid_000035_frame0000113.jpg,117.08730709876544,130.93329475308641,28.060658655828096,33.24063781834711,2640.3126523014184,3226.9770661856046
vid_000035_frame0000114.jpg,116.54635802469136,130.7894290123457,27.955813277300216,33.41164799269191,2637.4608954831933,3185.3551400533815
vid_000035_frame0000115.jpg,113.28552469135802,130.14425925925926,25.863719650683336,31.253695945500144,2513.0650991483176,3023.967858538559
vid_000035_frame0000116.jpg,111.42010802469136,128.88262345679013,26.739244520352383,30.959511152015878,2523.6979818943732,2908.872113983196
vid_000035_frame0000117.jpg,108.64179783950617,126.48853395061728,27.720608695682188,31.569313432960133,2514.3884240992584,2961.663357967476
vid_000035_frame0000118.jpg,108.64759259259259,126.36050925925926,28.76162927023543,31.891106955185403,2539.021387044658,2893.790387359908
vid_000035_frame0000119.jpg,110.76501543209876,127.99534722222222,29.798460087911806,31.867951677075194,2491.274099672723,2885.9625435308426
vid_000035_frame0000120.jpg,111.69472222222223,128.77370370370372,30.582106140228834,33.11154608940403,2515.132949359616,3055.8368594235226
vid_000035_frame0000121.jpg,109.73654320987654,127.25180555555555,31.59558231780543,34.565580961009,2552.498383286656,3197.7452773967384
vid_000035_frame0000122.jpg,108.93404320987655,127.5327700617284,32.11055389286792,35.011235721412895,2574.646900062812,3201.61958646524
vid_000036_frame0000001.jpg,102.3639274691358,118.51324845679012,40.633896021317994,42.21569368865322,3322.4812196711036,4311.136960807947
vid_000036_frame0000002.jpg,102.70003858024691,119.09439043209876,40.46812665159915,41.94672200603125,3251.7926814471884,4115.397466225078
vid_000036_frame0000003.jpg,103.44402777777778,118.78638117283951,40.660872004570535,42.18443822568265,3202.732573300326,4086.6888856723804
vid_000036_frame0000004.jpg,103.03413580246914,118.59817901234568,40.72963694274392,42.29773225707746,3242.5435890479725,4226.247794733797
vid_000036_frame0000005.jpg,102.78633487654321,118.40672067901235,40.71325905593605,41.81450627199543,3280.3852224660277,4144.052357421637
vid_000036_frame0000006.jpg,103.3514737654321,118.31195987654321,40.837586987300064,42.05285947087787,3252.9750179467214,4168.286154801098
vid_000036_frame0000007.jpg,103.7374074074074,118.8360725308642,41.287199224719444,41.748501891592106,3222.7173488768262,4066.075991982929
vid_000036_frame0000008.jpg,103.48777777777778,118.92145061728395,41.41356447879736,41.86622585129345,3307.619495240281,4143.785734993654
vid_000036_frame0000009.jpg,104.44883487654322,120.38332561728394,41.14834075567272,41.53846274344319,3170.1550183598515,3998.6434469949677
vid_000036_frame0000010.jpg,104.97384259259259,119.83905864197531,41.53741390676173,42.96489119801253,3318.83782387379,4250.94902595111
vid_000036_frame0000011.jpg,105.43184413580246,119.96064814814815,41.599062376220026,43.57816530735562,3233.6376228537356,4122.991751928476
vid_000036_frame0000012.jpg,104.83134259259259,118.8632638888889,41.94055330427879,43.729698808310445,3254.1339974750776,4108.017711153919
vid_000036_frame0000013.jpg,104.12770061728395,117.445625,42.198651366130726,43.52245170735025,3181.937166237462,3926.3164853346834
vid_000036_frame0000016.jpg,103.44179012345678,116.53989197530865,43.145927635025025,44.185487583043525,3146.315864753848,3970.9569024453212
vid_000036_frame0000037.jpg,103.37283950617284,119.26386574074074,44.06615540787546,42.81090236122073,3089.7524246779617,3998.681539437347
vid_000036_frame0000041.jpg,103.3977237654321,119.22002314814814,44.24924899346229,44.35367406524384,2979.974236105158,4008.3678725842096
vid_000036_frame0000043.jpg,102.41894290123457,117.36953703703703,44.5274840996049,44.0802733073128,2971.786260282112,3980.917545792372
vid_000036_frame0000044.jpg,102.94606481481482,117.9194675925926,44.29271801067956,44.11576456031601,3050.646540266287,3981.822456704151
vid_000036_frame0000045.jpg,104.63622685185184,118.86425925925926,44.0016170889476,44.58077545871859,2980.2719925390093,4092.5601647018725
vid_000036_frame0000046.jpg,105.7318287037037,121.23013888888889,43.627405369552974,44.79246811320032,3006.6563483500986,4103.043433033205
vid_000036_frame0000047.jpg,107.34216820987655,122.31591049382716,43.45683447494556,45.59830785188143,3047.6763090192044,4433.256958290406
vid_000036_frame0000048.jpg,107.60233024691358,122.83947530864198,43.16501828114897,45.74715993717306,2998.44380622422,4462.989596013314
vid_000036_frame0000049.jpg,107.24804012345679,121.92127314814815,42.45975186651815,44.88611977070921,2896.1944296944066,4113.272324156891
vid_000036_frame0000050.jpg,107.02051697530864,120.92398148148148,42.68705661929804,45.149043564233885,3083.575124096877,4475.42366953393
vid_000036_frame0000051.jpg,106.80585648148148,120.90758487654321,42.96641454640158,45.28099035501958,2944.7542993538996,4384.761372255979
vid_000036_frame0000052.jpg,107.09440586419753,121.40857253086419,42.99121374707145,45.35856329817642,3063.120564242303,4401.710538820242
vid_000036_frame0000053.jpg,107.58873456790124,120.73591820987654,42.94707135422454,45.51893334883334,3087.0788593363595,4425.106321173351
vid_000036_frame0000054.jpg,108.02323302469136,120.47185185185185,42.899318054574614,45.682694986854735,3079.5250429803004,4461.265437831266
vid_000036_frame0000076.jpg,108.10139660493827,122.39864197530864,40.59825801195232,42.33724159571035,2977.412126590304,3981.7944455803586
vid_000036_frame0000077.jpg,107.18334104938272,121.18999228395062,40.75950644939022,42.17016645006119,3082.1469103888026,4136.271300439863
vid_000036_frame0000078.jpg,107.43716049382716,121.29901234567902,40.56983654904487,41.65787561645926,3061.0143249156354,4090.5130829855752
vid_000037_frame0000001.jpg,119.01658950617283,130.45817129629629,28.83280805726867,35.18614929501946,2665.393359579273,3685.2298093106406
vid_000037_frame0000002.jpg,118.97198302469135,131.74600308641976,28.50518678034627,34.37188065864794,2523.8046539089296,3352.848078872254
vid_000037_frame0000003.jpg,118.39074074074074,130.86416666666668,27.17819979129868,33.910098188918575,2707.6865234838797,3626.286568722792
vid_000037_frame0000004.jpg,115.9592901234568,129.28118055555555,24.942629730867132,32.06750336979355,2612.425406717726,3517.153085080161
vid_000037_frame0000005.jpg,115.36473765432099,128.5410185185185,24.82620654184475,32.5206330450989,2794.754217911177,3729.0607823731143
vid_000037_frame0000006.jpg,115.29135030864198,128.86982253086418,24.535197365229013,32.194157411231025,2687.4141849506077,3428.233681823464
vid_000037_frame0000007.jpg,115.41123456790123,128.47198302469135,24.423843093149877,33.4029733501277,2455.480549011143,3337.0076745026845
vid_000037_frame0000008.jpg,114.92054012345679,128.84293981481483,25.015409405663505,35.23423932311405,2637.782622073379,3796.8128091406006
vid_000037_frame0000009.jpg,111.88533179012346,128.10209104938272,27.044976672918036,37.739474478311394,2375.8723513707896,3689.230344030778
vid_000037_frame0000010.jpg,107.94777777777777,124.86108024691357,33.49425560662567,43.88392349626067,3267.770420676869,4963.938929445779
vid_000037_frame0000011.jpg,106.98970679012346,122.86206790123457,32.85874701142667,42.83106928785538,3197.5671338276725,4817.207193251255
vid_000037_frame0000012.jpg,106.23190586419753,122.31832561728395,33.25866928072246,43.13867071532607,3429.086043978564,4905.005174033827
vid_000037_frame0000015.jpg,105.89449845679012,121.24480709876543,33.864877021169704,44.26612038139548,3460.871183510457,4875.893276748436
vid_000037_frame0000016.jpg,106.62235339506172,122.45269290123457,34.045851871361904,44.80734738100836,3345.0321511574075,4746.671670341554
vid_000037_frame0000019.jpg,107.89540895061728,122.14484567901235,35.23334310814951,46.10841700269815,3530.476255357832,5067.723933241645
vid_000038_frame0000001.jpg,106.75341049382716,126.10568672839506,27.27972915239063,27.16350887817515,2475.450429522939,2358.0782728594513
vid_000038_frame0000003.jpg,103.64327160493828,125.49148148148149,26.48108743548378,27.41690034173124,2398.8847487709095,2195.144452956866
vid_000038_frame0000004.jpg,102.35074845679013,122.42206018518519,26.51168927890665,26.54559447213593,2487.004028692213,2311.786382946995
vid_000038_frame0000005.jpg,103.36735339506173,123.40918209876543,26.47175347495311,26.556576438027836,2550.581377433354,2349.515981452665
vid_000038_frame0000007.jpg,102.81990740740741,122.60178240740741,26.425626275747955,26.45041648664253,2524.163645057918,2373.7208486701725
vid_000038_frame0000008.jpg,102.30335648148149,121.94407407407408,26.3694853429594,26.71560362838693,2550.7042516953875,2438.5612859996572
vid_000038_frame0000009.jpg,101.86991512345679,123.62748456790123,26.27949399773037,27.994243469649852,2585.632762076808,2351.5640352344826
vid_000038_frame0000010.jpg,102.37104938271605,122.24074845679013,26.551780731429428,27.12592340798943,2598.1636184365357,2460.0154406587576
vid_000038_frame0000011.jpg,102.59730709876543,122.14391975308642,26.65026128183846,26.916921167350527,2584.7129495418,2462.6303794000537
vid_000038_frame0000012.jpg,102.87577932098766,122.00262345679012,26.68276093772799,26.976390727777527,2644.364919349185,2600.241959619282
vid_000038_frame0000013.jpg,104.2310725308642,123.69354938271604,26.728527361789396,27.10066297525171,2515.916404082302,2470.6149364881026
vid_000038_frame0000014.jpg,105.47363425925926,124.08319444444444,26.88844178752825,27.1196840096484,2490.702450925926,2413.5882035102663
vid_000038_frame0000015.jpg,106.79047067901234,125.18775462962962,26.96915179217864,27.615289249970687,2461.0744505572106,2405.4335010282703
vid_000038_frame0000016.jpg,107.9439274691358,126.36506944444444,26.96367748862882,27.720663570825753,2424.585257189977,2473.7496547767464
vid_000038_frame0000017.jpg,109.26820216049383,127.20841820987654,27.053390080049645,27.4927610303515,2424.817172496571,2470.9589218392175
vid_000038_frame0000018.jpg,109.28235339506173,127.8095061728395,26.875691326482126,27.514850520016473,2430.776791683575,2347.03228252166
vid_000038_frame0000019.jpg,109.38387345679013,129.6299537037037,26.6095952211949,27.979678102620333,2361.2779521556713,2291.792370732358
vid_000038_frame0000020.jpg,108.35006944444444,127.29430555555555,26.650588425419492,27.962469694225206,2447.5814121618273,2341.2778350763506
vid_000038_frame0000021.jpg,107.48195216049383,126.3032098765432,26.401616782309635,27.957997743844977,2423.6474814805288,2371.735349234051
vid_000038_frame0000022.jpg,106.9883024691358,125.51140432098765,26.536426784725652,27.84192553456616,2410.0266209204365,2499.9444004608195
vid_000038_frame0000023.jpg,107.01523148148148,126.28185185185185,26.341233568365897,28.082688545674554,2414.240843489881,2404.2439578569747
vid_000038_frame0000024.jpg,107.50641203703704,126.03020061728395,26.779473014515496,28.518568214138032,2455.696524142661,2494.4457383353697
vid_000038_frame0000025.jpg,108.62101080246913,127.8404012345679,27.063770169146828,29.810885779361236,2444.722723752036,2469.550889102271
vid_000038_frame0000026.jpg,108.50141975308642,127.23558641975309,27.225075493717593,29.797758516691733,2426.3901317895875,2612.0152534957992
vid_000038_frame0000027.jpg,107.5202700617284,126.87787037037037,27.124286238340215,29.941126250421675,2496.66900322925,2545.884628290038
vid_000038_frame0000028.jpg,106.41990740740741,125.00023148148148,27.025292314474317,29.637420300106786,2496.9889173524784,2634.446632897996
vid_000038_frame0000029.jpg,106.2704012345679,126.42412808641976,27.45188187278842,30.302687249876715,2369.0633330894684,2481.280291775025
vid_000038_frame0000030.jpg,106.62966049382716,124.10625,28.343798337656214,30.1533246198302,2462.7784792521625,2620.256509182099
vid_000038_frame0000031.jpg,106.30212191358025,125.2160262345679,28.581464604779665,30.576024067714155,2368.518592871168,2560.842421710617
vid_000038_frame0000032.jpg,105.0559413580247,123.86182098765433,28.67834393210178,30.28223635498727,2411.220834257116,2521.007951798268
vid_000039_frame0000001.jpg,104.76487654320988,120.55462191358025,29.81686842855891,35.1143053368006,2606.1344493240717,3645.3886716386955
vid_000039_frame0000002.jpg,104.69204475308642,120.9700462962963,29.34968454703292,34.037660211186335,2494.65348951165,3331.5792638486414
vid_000039_frame0000003.jpg,103.09792438271604,120.78199074074074,25.79378936422268,31.56618590094862,2480.276770923294,3037.9718205112954
vid_000039_frame0000004.jpg,102.28540895061728,121.44814814814815,23.372778828964638,30.248263591061693,2566.3914415051418,3112.924629552469
vid_000039_frame0000008.jpg,104.30523919753087,121.5859799382716,28.856128331844793,33.31967520247403,2725.634715267716,3523.1865945528025
vid_000039_frame0000009.jpg,103.37912808641975,121.19391975308642,30.96038046437779,32.9407563525791,2556.2948538936876,2854.722093954273
vid_000039_frame0000010.jpg,100.35566358024691,119.64290895061728,31.984866218227847,34.01883297211884,2767.847385609508,3230.087305864198
vid_000039_frame0000011.jpg,100.69400462962963,118.99105709876544,32.571041792338335,32.86777858478713,2647.1065334466925,2938.743861108968
vid_000039_frame0000012.jpg,100.3508950617284,118.20281635802469,32.547930313882986,33.14089427340438,2647.0209529299555,3021.438032710096
vid_000039_frame0000013.jpg,101.55878086419753,119.66215277777778,32.416161355598945,32.61602489472697,2656.955156119256,2899.22203754763
vid_000039_frame0000014.jpg,100.0120524691358,117.89935185185185,32.1655307290843,31.98113414089514,2755.081503270688,2952.3930287491903
vid_000039_frame0000015.jpg,96.46496141975308,115.46582561728395,31.31607494683317,31.13283872258328,2694.9600831117946,2679.4442377328505
vid_000039_frame0000016.jpg,95.78188271604938,114.10630401234567,31.18723205686841,30.825081784961284,2734.286284239969,2687.3438189585595
vid_000039_frame0000017.jpg,96.35880401234567,113.90496141975309,31.37414479856333,31.0697277354848,2802.551329043722,2589.2945990735384
vid_000039_frame0000018.jpg,96.42904320987654,115.00567901234568,31.170465885658448,30.894526341607435,2792.255619501362,2806.707931404321
vid_000039_frame0000019.jpg,97.10318672839506,116.24308641975308,30.87877046051873,30.336906816044564,2703.278531159444,2662.2361508329877
vid_000039_frame0000020.jpg,97.05634259259259,116.12961419753087,31.15251790479473,30.615899093776296,2789.297010152261,2794.40637035108
vid_000040_frame0000001.jpg,88.35432098765432,105.52561728395062,28.5093093930703,29.12016835229278,2747.897532435926,2566.9002876457475
vid_000040_frame0000002.jpg,88.61796296296296,106.03301697530864,28.3992091730201,28.752051150712163,2702.69199279115,2450.1407093735115
vid_000040_frame0000003.jpg,86.74675154320988,104.67276234567902,25.79423342286904,27.522487417850567,2625.737264737654,2332.562402155671
vid_000040_frame0000004.jpg,87.10201388888889,105.3973225308642,25.440537102093913,28.25424605789889,2707.113666407322,2503.1878123794363
vid_000040_frame0000005.jpg,87.56472993827161,105.52530092592593,18.25431941538884,25.116580193248602,2656.1199921103394,2576.93268255506
vid_000040_frame0000006.jpg,88.87150462962963,106.24180555555556,18.281940839346724,25.666707596392932,2642.868283873457,2922.121814582381
vid_000040_frame0000007.jpg,88.7217824074074,106.34476080246914,18.455388593018572,25.480555516580196,2676.24197229456,2803.5245042438273
vid_000040_frame0000008.jpg,87.77250771604939,105.83328703703704,18.637400968303908,25.768848429461737,2734.429853875172,2831.032509250686
vid_000040_frame0000009.jpg,87.3333950617284,105.13625771604939,18.406889198206127,24.467773719938755,2618.9562696101375,2523.282867857831
vid_000040_frame0000011.jpg,86.63167438271606,103.9739274691358,18.41104384095933,25.137520972745765,2774.751674637774,2572.817074865624
vid_000040_frame0000012.jpg,86.41434413580247,104.02888888888889,18.350696561915473,25.09652720552742,2686.176623941127,2654.2509612053586
vid_000040_frame0000013.jpg,85.68673611111112,103.68077932098765,18.26731944954488,24.64375226355002,2742.213198405112,2498.53610365012
vid_000040_frame0000014.jpg,85.44148919753087,103.09226080246914,18.278088546958045,24.885382912412943,2789.698230509593,2642.9289722174
vid_000040_frame0000015.jpg,86.24887345679012,104.50847222222222,18.153532636588682,24.647164571839234,2679.917640945966,2573.7341284712697
vid_000040_frame0000016.jpg,86.52554012345679,104.6050925925926,18.00681915202401,24.635641875313713,2633.104380423859,2579.0920725115743
vid_000040_frame0000017.jpg,86.88604938271605,105.04128858024691,18.431585455877485,25.32335086961216,2785.521566285627,2651.7381186980238
vid_000040_frame0000018.jpg,87.27173611111111,106.03357253086419,18.361321075739948,25.740514393043988,2696.413689228907,2812.8812096192814
vid_000040_frame0000019.jpg,88.28245370370371,107.11994598765432,17.993211704310273,24.483602543653603,2580.5942436404507,2441.521301617453
vid_000040_frame0000020.jpg,88.27234567901235,107.29396604938272,18.38860130836592,26.16440637817537,2654.461609489252,2809.3145259982643
vid_000040_frame0000021.jpg,88.40198302469136,107.65523148148148,18.290956261063997,25.440429246068042,2662.920317356765,2578.828229547646
vid_000040_frame0000022.jpg,87.66447530864197,107.25693672839506,18.372036597422852,25.30332946421067,2731.844719596622,2584.637408401921
vid_000040_frame0000023.jpg,86.60268518518518,106.36513117283951,18.23095307978132,24.5944291700769,2683.7589769080546,2512.0859053363984
vid_000040_frame0000024.jpg,86.19726080246913,106.21230709876544,18.29808016889114,24.284766247247845,2773.461788922945,2569.772048256506
vid_000040_frame0000039.jpg,87.17716820987654,106.61979938271605,18.08569472564877,22.959348803714292,2815.607358821957,2398.965356961591
vid_000040_frame0000040.jpg,89.2297299382716,108.153125,23.76081612878815,26.60705870245908,2686.0110218790487,2313.404992270555
vid_000040_frame0000041.jpg,91.75803240740741,110.05716820987654,29.768586259993988,31.147813103278487,2734.4693298967745,2607.6563098591582
vid_000040_frame0000042.jpg,91.06349537037038,108.72454475308642,29.354620392702575,31.058676736807634,2842.91515829904,2623.6686255058303
vid_000040_frame0000043.jpg,90.99158950617284,108.65645833333333,29.673034693228953,31.393995343527667,2859.668652333331,2622.614960923866
vid_000040_frame0000044.jpg,90.27279320987654,107.75324845679012,29.256751577661365,31.479814732452027,2842.5163444782024,2674.0360094278094
vid_000040_frame0000045.jpg,90.6759336419753,108.52139660493827,29.35142599342404,31.61436698073685,2817.599507744389,2653.3104400219454
vid_000040_frame0000046.jpg,91.14287808641976,108.7226774691358,29.498102487424404,31.72735969185498,2846.320035941013,2628.7483838433905
vid_000040_frame0000047.jpg,91.16315586419753,109.20746141975309,29.41638902781208,31.71362782302879,2863.6622519861094,2648.8444899288884
vid_000040_frame0000048.jpg,91.59804783950618,109.93599537037036,29.487920223208416,31.613546586710296,2746.4779606460042,2633.455306515239
vid_000040_frame0000049.jpg,91.8375462962963,110.1962037037037,29.3304901425808,31.17910809956614,2707.462675307689,2566.0360186327707
vid_000040_frame0000050.jpg,91.32612654320988,109.53151234567902,29.54940724681813,31.298554292478595,2779.0973388193493,2651.4523205884566
vid_000040_frame0000051.jpg,90.59188271604938,108.32263888888889,29.564920177422355,31.055139777764843,2828.7023912606214,2613.150536496378
vid_000040_frame0000052.jpg,90.05444444444444,108.18532407407407,29.692717681837973,30.90478444001616,2924.441883468364,2564.0478500842455
vid_000040_frame0000053.jpg,89.38441358024691,108.13574074074074,29.261090083351107,30.895681962977868,2928.1829268017805,2634.1326420608043
vid_000041_frame0000002.jpg,88.32189814814815,111.73188271604938,19.039244528066305,22.11045111044169,2713.9269735937264,2246.2001634773064
vid_000041_frame0000004.jpg,87.49135802469135,110.26863425925926,18.931838898577574,22.244933272854844,2733.740817541093,2266.7551357831794
vid_000041_frame0000005.jpg,88.28835648148149,111.15100308641975,19.024952513270048,22.286564987276286,2700.3327182865014,2223.185011588304
vid_000041_frame0000006.jpg,88.42120370370371,110.75364969135802,19.152605416238014,22.266382125194585,2767.461566414228,2358.21467498071
vid_000041_frame0000007.jpg,90.22560956790123,112.73153549382717,19.35261259395641,22.54873157488212,2718.990962109851,2377.1117930169157
vid_000041_frame0000008.jpg,92.10424382716049,113.39656635802469,19.70003910229384,23.241575115025807,2675.9201739192176,2376.1026912034654
vid_000041_frame0000009.jpg,93.4120524691358,115.96777777777778,19.76750856485067,22.93062797619629,2552.7695967715836,2280.403624005427
vid_000041_frame0000010.jpg,92.97816358024691,114.13664351851853,20.08009736549625,23.63889430407474,2611.1120237937716,2359.2536600934977
vid_000041_frame0000011.jpg,92.30296296296297,114.26881172839506,20.190400111264495,23.21309648192952,2672.2750667123323,2261.600690723356
vid_000041_frame0000012.jpg,91.72851851851851,113.45587962962964,20.199165388033087,23.55691356798909,2669.648279172144,2271.0430311728396
vid_000041_frame0000013.jpg,92.22859567901234,114.92410493827161,20.28913259414863,23.266650001349234,2643.6115747551225,2228.8796341172624
vid_000041_frame0000014.jpg,91.68291666666667,113.66554783950617,20.347636093155277,23.64543129387427,2727.7746801263506,2292.1553732266784
vid_000041_frame0000015.jpg,90.77753086419753,113.45825617283951,20.22114995819386,23.18149574784196,2638.1761600336627,2191.6509559255805
vid_000041_frame0000016.jpg,89.55621913580246,112.10432098765432,20.16836011932048,23.3018957496294,2606.9675522690304,2225.4600917159637
vid_000041_frame0000017.jpg,89.58182098765432,112.51003858024691,20.099452262484796,22.917690034356806,2635.9342877914355,2240.232337190822
vid_000041_frame0000018.jpg,89.43594907407407,111.44548611111111,19.889473205504167,23.20002541960862,2617.745193514708,2230.405351060957
vid_000041_frame0000019.jpg,90.5668287037037,113.5990586419753,19.55956106322659,22.794629993076274,2552.2879009259264,2182.804985070635
vid_000041_frame0000020.jpg,90.85193672839506,112.15628086419753,19.679520245229973,23.566034862296878,2615.9051758792484,2229.6226674551804
vid_000041_frame0000021.jpg,90.17817901234568,112.08885802469136,19.563251620524504,23.266917499541282,2624.2713171695796,2206.8854484305343
vid_000041_frame0000022.jpg,89.13506172839506,111.28782407407408,19.786665036528884,23.441838254692687,2746.67750250718,2279.818321901196
vid_000041_frame0000023.jpg,90.15454475308643,112.04329475308641,19.940653002192814,23.171527280053876,2689.0390253771693,2220.435393655455
vid_000041_frame0000024.jpg,90.46331018518518,112.02874228395062,20.22442058028131,24.14154440306303,2725.4361051025353,2366.0949440976988
vid_000041_frame0000025.jpg,91.26692901234568,112.98650462962964,20.464519479927777,24.48845302921088,2719.4494689976755,2294.0750158883934
vid_000041_frame0000026.jpg,90.85368827160494,111.42315586419753,20.619262321446012,24.707763048388983,2703.993282990338,2334.77445073868
vid_000041_frame0000027.jpg,90.17150462962962,111.0525,20.990116531982693,25.251806986742135,2731.271453082073,2388.300334207581
vid_000041_frame0000028.jpg,88.7374074074074,109.52631172839506,21.493359484278837,26.037965852148286,2759.20933795814,2449.904715324872
vid_000041_frame0000029.jpg,87.42918981481482,108.9486111111111,21.52030518604209,25.523849859518343,2719.569748761086,2273.1403207041967
vid_000041_frame0000030.jpg,87.0783487654321,107.87194444444444,21.948536968354,26.989461362061256,2913.330519232908,2572.8380534576954
vid_000041_frame0000031.jpg,87.54685956790124,109.14989969135803,21.95057042163636,26.647035728336128,2815.3643901076794,2505.245156879608
vid_000041_frame0000045.jpg,88.01925154320988,111.48114197530865,19.529065266431807,22.140205577565897,2623.8129661627418,2132.4168328698343
vid_000042_frame0000001.jpg,84.2791049382716,106.74948302469136,24.128980547990093,24.11166337458962,2653.859627161863,1956.3945877028439
vid_000042_frame0000002.jpg,84.53566358024692,107.6860262345679,24.0952708404466,23.39927143095083,2663.96493837395,1909.6737897304508
vid_000042_frame0000003.jpg,83.96494598765432,107.18132716049382,24.110521586114434,23.71907291281814,2676.500665037485,1908.152442123676
vid_000042_frame0000004.jpg,83.44743055555556,106.41335648148149,24.12896258066108,23.75878704893205,2723.6941230280613,1938.635305233994
vid_000042_frame0000005.jpg,83.52652777777777,105.91814814814815,24.058934006648453,23.342529225529926,2655.296344127169,1866.47442710691
vid_000042_frame0000006.jpg,83.07844907407407,105.40121141975308,24.12332886303495,23.977918920429364,2724.121506624133,1891.783701748733
vid_000042_frame0000007.jpg,83.0071836419753,105.6048225308642,23.990115684501855,23.586671008729915,2736.448801225994,1865.5766816314563
vid_000042_frame0000008.jpg,83.04929783950617,106.58200617283951,24.09756148273883,23.392158724718655,2697.75042866941,1901.1994998704467
vid_000042_frame0000009.jpg,83.36266203703704,106.65277777777777,24.074556186311717,23.319839186653027,2659.0193738852213,1874.2731486362954
vid_000042_frame0000010.jpg,83.72463734567901,107.21885802469136,24.225947428401373,23.692438743914987,2717.5813096555407,1890.7277543933253
vid_000042_frame0000011.jpg,84.55587191358025,108.1292438271605,24.142640903819004,23.202234747276147,2685.6107972602667,1880.771572145062
vid_000042_frame0000012.jpg,84.27252314814815,107.85987654320988,24.21911131828135,23.45763737504965,2658.1980794609594,1887.6107778277299
vid_000042_frame0000013.jpg,84.24823302469136,107.54307098765432,24.09487406032114,23.25218454786662,2658.9969511602058,1846.7589867154754
vid_000042_frame0000014.jpg,83.00664351851852,106.4509799382716,24.1274620185434,23.33253778001378,2744.6333570596494,1900.7080903991746
vid_000042_frame0000015.jpg,81.8947762345679,105.07333333333334,23.999468239915117,22.824807654051423,2719.9627993055556,1848.012236915521
vid_000042_frame0000016.jpg,81.61445987654321,104.72070216049383,24.125339839957732,23.136800168515844,2817.138941500676,1873.9776658021235
vid_000042_frame0000017.jpg,82.35827160493827,105.97061728395062,23.93583544849832,23.044873045713107,2739.368436611166,1919.2517910091353
vid_000042_frame0000018.jpg,82.35626543209877,106.23574845679012,23.89473095756644,23.44917609199769,2735.893649329133,1950.4666709056714
vid_000042_frame0000019.jpg,83.02945216049383,106.67728395061728,23.77875267035461,22.95464508317828,2607.2326592056756,1854.2280386773525
vid_000042_frame0000020.jpg,84.08823302469136,106.79456790123457,24.0612698587856,23.709387396961915,2699.55779053492,1925.3882025889247
vid_000042_frame0000021.jpg,86.30962191358024,109.45921296296297,24.14893870860813,23.727696544991254,2704.615407338583,1903.7895613182418
vid_000043_frame0000008.jpg,85.82917438271605,106.9925848765432,28.92024007855177,27.996593139583098,2810.4483879436725,2236.2513809770207
vid_000043_frame0000009.jpg,85.50170524691357,107.50516203703704,28.72130178290111,28.255909813749696,2799.535408876255,2167.4191381151404
vid_000043_frame0000010.jpg,84.69619598765432,105.76483024691358,28.591202799196793,27.8087447522071,2851.723491769309,2176.539222210553
vid_000043_frame0000011.jpg,83.4123225308642,105.42208333333333,28.32248372347214,27.947020148235755,2840.025092135107,2231.8813411179103
vid_000043_frame0000012.jpg,82.35381172839506,103.40720679012345,28.358802049462582,28.266593519086932,2981.420124539835,2428.4485581532326
vid_000043_frame0000013.jpg,82.31273148148148,104.00979938271605,28.555659721093996,28.607450892463152,2919.9677922019673,2392.834240706447
vid_000043_frame0000014.jpg,83.50047839506173,105.58962962962963,28.633379410013845,28.240746717667857,2862.783941376541,2255.5947587160404
vid_000043_frame0000015.jpg,86.17046296296296,107.89265432098766,28.899937274620914,28.792427176389047,2807.970324142602,2103.9947554154637
vid_000043_frame0000016.jpg,87.4475925925926,108.9793287037037,29.25892156450695,28.88356997263628,2719.7477194670687,2150.6968750699566
vid_000043_frame0000017.jpg,86.34121913580248,107.7077700617284,29.60237006269131,29.544368101885695,2754.2767764045475,2123.0569441214534
vid_000043_frame0000018.jpg,85.06992283950618,106.79226080246913,29.669782706623312,28.61774222476492,2836.7388949567044,2138.263028484547
vid_000043_frame0000019.jpg,82.76359567901234,106.54679012345679,28.67455358834459,27.94917900369603,2876.842047890708,2113.597063545715
vid_000044_frame0000011.jpg,59.991072530864194,81.6929475308642,24.630200564920216,24.570859539997453,3439.3354058299033,1816.7257535636122
vid_000044_frame0000012.jpg,59.84891975308642,81.77256172839506,24.655451631015865,24.45760694067815,3493.2147938170992,1822.8385036479174
vid_000044_frame0000013.jpg,59.78780092592593,81.66483024691358,24.637532111156563,24.747104035628013,3393.679325442899,1832.8833192081404
vid_000044_frame0000014.jpg,59.51412808641975,80.80880401234568,24.572395264588057,24.40341590808946,3437.9578574567045,1814.4954304907192
vid_000044_frame0000015.jpg,59.235408950617284,80.90105709876543,24.455366074712344,24.43589532560703,3448.5182944663547,1827.951666120768
vid_000044_frame0000016.jpg,58.86005401234568,80.9478163580247,24.413230196740823,24.461962485819356,3418.2804174201724,1803.846704058011
vid_000044_frame0000017.jpg,58.54883487654321,80.98282407407407,24.26244795124622,24.18993799184481,3382.1885580917897,1753.2438774919385
vid_000044_frame0000018.jpg,58.122746913580244,79.94020061728395,24.304276052369353,24.330389623247136,3461.7488037965227,1805.0106779572832
vid_000044_frame0000019.jpg,58.09891203703704,80.99730709876543,24.174362607074293,24.223901263827035,3431.44036933299,1798.7694819601027
vid_000044_frame0000020.jpg,57.815061728395065,80.7540200617284,24.19799492374364,24.589840853306786,3366.3391161021923,1757.3106515736931
vid_000044_frame0000021.jpg,57.90753086419753,80.47889660493827,24.354430518463722,24.394349597827727,3398.8350995322144,1761.9724641927082
vid_000044_frame0000022.jpg,57.54253086419753,80.14648148148149,24.314943832851565,24.468314607238337,3388.9908883672815,1776.7582221478601
vid_000044_frame0000023.jpg,57.9662962962963,80.74335648148148,24.61751527885788,24.86493620169332,3402.028295369835,1790.0767410493827
vid_000044_frame0000024.jpg,57.81553240740741,80.49726080246914,24.665436801994996,24.803929744465933,3430.556790407748,1778.186354123264
vid_000044_frame0000025.jpg,57.88351080246913,80.51618055555555,24.61375994690061,24.491649822523758,3470.6398241417082,1793.770979877305
vid_000045_frame0000002.jpg,76.5148688271605,98.980625,24.306146873405478,24.16201397571116,2679.514428154947,1787.0771744941105
vid_000045_frame0000003.jpg,76.00106481481481,98.89408950617283,23.00717411144977,22.994259930630964,2790.7256579855757,1813.4202145475513
vid_000045_frame0000004.jpg,76.11872685185185,99.06304012345679,23.07291183219255,22.848145871601815,2790.4368472064443,1806.1506207513503
vid_000045_frame0000005.jpg,76.46325617283951,99.3997762345679,23.063331524354343,22.797389625028586,2813.08897422262,1812.9011745303685
vid_000045_frame0000006.jpg,76.64605709876543,99.1060725308642,23.18283130516849,22.87200813951948,2780.463960643326,1803.9050098679697
vid_000045_frame0000007.jpg,77.17594907407407,99.64317901234568,23.15129766535775,22.96764820280811,2791.51654085928,1812.3285416666672
vid_000045_frame0000008.jpg,77.20223765432098,100.25180555555555,23.193247033476492,22.937446568293133,2686.6868664475096,1785.086157786006
vid_000045_frame0000009.jpg,77.41690586419753,99.92407407407407,23.11558035700463,22.894762071607136,2699.429119596622,1796.8721309096845
vid_000045_frame0000010.jpg,76.93641975308643,99.7707638888889,23.235449797782888,22.99119205750576,2821.606407981289,1799.3994215513544
vid_000045_frame0000011.jpg,77.18792438271605,99.79422839506172,23.187173860749027,22.844205049484593,2743.699709533369,1778.2096941691434
vid_000045_frame0000012.jpg,77.23229938271605,99.79003086419753,23.2680807823311,23.13193544979253,2736.019666528004,1781.4726425980703
vid_000045_frame0000013.jpg,77.7523688271605,100.60777777777778,23.219157455386718,22.891181883526492,2702.5233209718763,1759.3773940243484
vid_000045_frame0000014.jpg,77.46331018518518,100.43070216049382,23.180966732910505,23.160745918755367,2772.9128414494144,1775.8439227165613
vid_000045_frame0000016.jpg,77.4601774691358,100.22418209876543,23.205194194895796,23.141440871226443,2798.057920963839,1753.069119285301
vid_000045_frame0000017.jpg,77.76248456790124,100.04663580246914,23.15380185030568,22.863530676132928,2710.5971370370366,1742.6481719721055
vid_000045_frame0000018.jpg,77.10867283950617,99.63973765432098,23.187222004544395,22.99854218257686,2759.2310460385593,1757.3721201129306
vid_000045_frame0000019.jpg,77.05481481481482,99.92873456790123,23.096394318621726,22.93176872631503,2773.913483448538,1763.166264775699
vid_000045_frame0000020.jpg,76.86046296296297,99.35189043209877,23.12873903909921,22.861873390295923,2665.6793138416756,1725.2920594876448
vid_000045_frame0000033.jpg,73.68885030864197,96.38393518518518,22.853383311247427,22.540006639953155,2839.3500692943503,1797.3948740306712
vid_000045_frame0000034.jpg,73.90296296296296,96.6217361111111,23.116612202902243,22.91098100670554,2809.2651387517144,1812.4245599893668
vid_000045_frame0000035.jpg,74.14226080246914,96.59564043209876,23.739428793816277,23.397034827307007,2860.7508970562317,1819.3061027448534
vid_000045_frame0000036.jpg,72.96452160493827,95.50778549382716,23.328410338850883,23.062750574843495,2869.902233270224,1812.1824905004476
vid_000045_frame0000037.jpg,73.1472762345679,95.33235339506173,23.61288325678137,22.983122756772843,2914.685360165895,1839.6796011574074
vid_000045_frame0000038.jpg,73.56351851851852,95.98030092592593,23.57607844101865,23.138209058351126,2768.3179142360514,1809.652148705359
vid_000045_frame0000039.jpg,73.72653549382716,96.28361111111111,23.74725896210437,23.69618685628086,2819.343238914073,1819.0513131456237
vid_000045_frame0000040.jpg,75.65870370370371,96.716512345679,28.943028033991293,27.249015536580593,2845.5744701624653,1896.9600659998473
vid_000045_frame0000041.jpg,73.95998456790123,95.34712191358025,23.606421834992563,23.780527655513517,2868.669877874705,1854.535075650089
vid_000045_frame0000042.jpg,74.48047839506172,96.63633487654322,24.091954533161655,24.440863863245195,2802.807802837732,1851.6236331703794
vid_000045_frame0000043.jpg,75.72226080246914,97.30202160493828,24.069487526021728,24.72103091236091,2842.6718794236303,1899.9781990109643
vid_000045_frame0000044.jpg,77.51759259259259,99.22843364197531,23.91537386635117,23.776175020948376,2876.9367163685038,1876.070747959295
vid_000045_frame0000045.jpg,77.58927469135803,99.07399691358025,24.644061384255732,24.213411109201456,2800.079409449779,1856.3196395861316
vid_000045_frame0000046.jpg,77.29466820987655,98.82206790123456,24.8621992182324,24.698804902768455,2828.02723236591,1842.0512774691358
vid_000045_frame0000047.jpg,75.27850308641975,97.23854166666666,22.666504920038157,22.09263404499571,2856.6147127893523,1754.8890238661693
vid_000045_frame0000048.jpg,72.8649537037037,95.26881944444445,22.706209791930064,22.38539909377919,2856.729630503877,1744.420536065148
vid_000045_frame0000049.jpg,71.87666666666667,94.82672067901234,22.84278572934009,22.513036975157735,2936.8793852344816,1782.0038289346492
vid_000045_frame0000050.jpg,73.33300154320987,96.01903549382716,22.90834758975879,22.569467869977025,2883.1216435822826,1826.1320950045128
vid_000045_frame0000051.jpg,73.78202932098766,96.49527777777777,22.928972040735264,22.651124013139878,2870.0580763459625,1842.567638828816
vid_000045_frame0000052.jpg,73.80257716049383,96.61993055555556,22.95351998665993,22.784678818979792,2839.5146416323732,1846.9498853414113
vid_000045_frame0000053.jpg,74.08297839506173,96.66160493827161,22.9513070935405,22.625328820025945,2876.8575855043055,1845.7530367197621
vid_000045_frame0000054.jpg,73.6766512345679,96.22742283950618,22.911129254666644,22.692791477138957,2803.891890432099,1783.8641938719327
vid_000045_frame0000055.jpg,72.91021604938271,96.04075617283951,22.916712335636415,22.63995681289898,2939.5923884506933,1843.882506322338
vid_000045_frame0000056.jpg,73.09389660493827,95.6791975308642,23.1182471575476,22.889520338603692,2969.6575423296154,1798.8777817177263
vid_000045_frame0000059.jpg,72.9942361111111,95.95001543209877,22.709874513514166,22.377424380686488,2926.335286959877,1827.4237432469686
vid_000045_frame0000060.jpg,73.27448302469136,96.32158950617284,22.77558234937379,22.482167623557054,2947.152028458827,1876.0488616249784
vid_000045_frame0000061.jpg,73.00972222222222,95.78980709876544,22.723573334931828,22.66902512498299,2917.375328565042,1859.2939470078281
vid_000045_frame0000062.jpg,73.0191975308642,95.8274074074074,22.780182162485954,22.73038047118621,2937.113668444156,1854.3026290079993
vid_000045_frame0000063.jpg,73.30471450617284,96.13523919753086,22.815612128228718,22.874379614906687,2903.888907981289,1865.3402391975305
vid_000045_frame0000064.jpg,73.54645061728395,96.42300154320988,22.865505242493,23.10917053023922,2949.7444283548148,1870.6649682889424
vid_000045_frame0000065.jpg,73.81644290123457,96.8470138888889,22.92965361981786,23.039134671741614,2957.4092591639996,1873.489007970334
vid_000045_frame0000066.jpg,73.97796296296296,96.68648919753086,22.953523738705556,22.83388123541487,2990.8582298522992,1870.2928025453436
vid_000045_frame0000067.jpg,74.25876543209877,97.56675154320988,22.91019640014302,22.936870981115067,2880.9077610480017,1875.1010717277638
vid_000046_frame0000001.jpg,86.11020061728395,110.20645833333333,21.564443348601912,21.979359143333976,2636.9124580246917,2002.142944435871
vid_000046_frame0000002.jpg,86.36933641975308,110.0540586419753,21.49380461680389,21.5640535341508,2624.7744840189666,1971.9112363677768
vid_000046_frame0000003.jpg,86.42350308641976,109.1180787037037,21.509538081258885,21.782042177722392,2647.606966010743,1957.2413664265523
vid_000046_frame0000004.jpg,85.69064043209876,109.19125771604938,21.450358972586212,21.746059720953728,2669.980921919058,1948.060160474537
vid_000046_frame0000005.jpg,85.2150462962963,108.58521604938272,21.45759072064927,21.398206641776945,2721.221148834019,1975.2408004195602
vid_000046_frame0000006.jpg,84.14443672839506,108.06730709876543,21.48309938830491,21.584764695883948,2697.7050384942754,1979.2196258535282
vid_000046_frame0000007.jpg,83.27058641975309,107.02091049382716,21.610517893070707,21.63365849862659,2734.08103287174,1958.2207001883764
vid_000046_frame0000008.jpg,82.02405092592592,106.01375771604938,21.729170889396965,21.749962833442115,2777.0959742795976,1952.034983721041
vid_000046_frame0000012.jpg,86.02377314814815,110.00216820987654,21.949832628747302,22.209731626943203,2741.6264706159022,1996.693345650196
vid_000046_frame0000013.jpg,88.96630401234567,112.55914351851852,21.89075708497208,22.16452277730003,2703.879573213818,2024.2077545436573
vid_000046_frame0000014.jpg,90.60354938271605,113.59099537037036,21.96090212103737,22.52663116886055,2632.0229531997793,2011.5658602859228
vid_000046_frame0000015.jpg,90.68628086419753,114.1755324074074,21.91008611379033,22.62120301221022,2611.4129104137496,2009.4929681769522
vid_000046_frame0000016.jpg,90.26564043209876,113.60474537037037,21.889281898058837,22.373658674464934,2624.0597282655085,1972.4333249161714
vid_000046_frame0000017.jpg,90.47666666666667,113.9742824074074,21.93297369681515,22.36600865677783,2581.271499390337,1925.4942435185183
vid_000047_frame0000001.jpg,84.66273148148149,103.90051697530865,28.162878058957332,27.342022439657992,3060.6016560204234,2273.42347544147
vid_000047_frame0000002.jpg,84.8583487654321,104.20331018518519,28.09879857260879,27.099293300305956,3022.49485994513,2223.9634304924457
vid_000047_frame0000003.jpg,84.83510030864197,103.39285493827161,28.161168777572968,27.210661686954985,3037.298973591821,2234.3556080198687
vid_000047_frame0000004.jpg,84.15858796296297,103.0132561728395,28.129681166204573,27.2614942382299,2985.492777769204,2271.8955966675717
vid_000047_frame0000005.jpg,84.10337191358025,102.86564043209877,28.157434401716873,27.42793045059743,3005.4700798038953,2238.8258141069746
vid_000047_frame0000006.jpg,83.78621141975309,102.09889660493828,28.2178285020106,27.286102124577813,2997.0542569041972,2210.541546292486
vid_000047_frame0000007.jpg,83.76344135802469,102.58307098765432,28.08892921294606,26.85615627887222,2914.9442992624504,2146.546399675581
vid_000047_frame0000008.jpg,83.37329475308643,102.16328703703704,28.180687307772132,27.100914880194274,3031.398870903289,2210.049220356022
vid_000047_frame0000009.jpg,83.46584104938272,103.27962962962962,28.043266942715743,27.351309330360184,2962.09606065291,2174.286340765925
vid_000047_frame0000010.jpg,83.43498456790124,102.3426311728395,28.19265623502301,26.769746153565077,3035.7862460369515,2201.9081900076562
vid_000047_frame0000011.jpg,83.43209104938272,102.78033179012345,28.121984108989853,27.103425775698618,3023.301972830933,2230.3193315957337
vid_000047_frame0000012.jpg,83.0888425925926,102.81332561728395,28.09610368323207,27.08303657767035,2960.1940409092913,2174.6018103608803
vid_000047_frame0000013.jpg,82.74158950617284,102.13453703703703,28.192402749359836,27.171078971982592,3017.3404158033745,2199.9588904204293
vid_000047_frame0000014.jpg,82.02552469135803,101.07898919753086,28.354288215691923,27.04082823952537,3039.5375694156282,2199.4590427276235
vid_000047_frame0000015.jpg,81.6325848765432,101.04279320987655,28.467995864381862,27.219077294081597,3075.5652736604084,2224.9257337867703
vid_000047_frame0000016.jpg,80.69345679012346,99.94566358024692,28.55184769098351,27.503373441087337,2985.275366297951,2230.500592988874
vid_000047_frame0000017.jpg,80.00354938271605,99.58390432098766,28.662981347856352,27.30660357777599,3041.6779498111473,2183.2159328441144
vid_000047_frame0000018.jpg,80.10136574074075,99.86438271604938,29.010322151686438,27.693048888082476,3057.4414818958026,2220.2199188013806
vid_000047_frame0000019.jpg,79.89484567901235,99.92582561728395,29.189066392910977,27.88705753748897,3040.30307865012,2184.711689340361
vid_000047_frame0000020.jpg,80.15488425925926,99.80589506172839,29.398808975867833,27.928694078001,3105.829537265422,2206.7432829894447
vid_000047_frame0000021.jpg,82.2144212962963,101.53328703703704,29.39331415519885,27.843360413816058,3000.7091598070037,2186.1098595390854
vid_000047_frame0000022.jpg,84.22315586419754,103.37390432098765,28.349419331977053,27.118392314655864,2958.1941878084044,2172.074075068587
vid_000047_frame0000023.jpg,86.6533487654321,106.09877314814815,27.981146698730797,27.11748112280069,2877.265964768137,2167.0369461474525
vid_000047_frame0000024.jpg,87.54462962962963,105.7195061728395,27.81284811992181,26.959190908621366,2942.4765438513928,2210.2602713296374
vid_000047_frame0000025.jpg,85.59260030864198,105.04665895061729,27.729227669701658,26.810257914160555,2935.8715249885095,2200.6792014057974
vid_000048_frame0000001.jpg,78.87135030864198,102.76871141975309,26.058533356209185,25.361410507665504,2993.402873421008,2109.502428486273
vid_000048_frame0000002.jpg,79.2003163580247,103.1704475308642,26.012748326872376,24.974798225504333,2965.432277434783,2103.814629797287
vid_000048_frame0000003.jpg,80.35034722222223,103.89047067901235,26.0134022147593,25.119647982159247,2985.5072358538496,2101.107165830702
vid_000048_frame0000004.jpg,81.86670524691358,105.36531635802469,25.931580550642853,24.865922113181455,2926.149896964485,2064.6109406620917
vid_000048_frame0000005.jpg,83.25155092592593,106.26109567901234,25.772253387364675,24.92642863465402,2951.787776485816,2102.0882346812605
vid_000048_frame0000006.jpg,83.45398919753086,107.0553549382716,25.753685706137297,25.263767009001846,2887.9197141584145,2066.576022093086
vid_000048_frame0000007.jpg,83.13787808641975,106.04314814814815,25.77551343869501,25.287752414715087,2970.8001063266247,2123.8376016222755
vid_000048_frame0000008.jpg,82.00476851851852,105.29797067901235,25.900131239993467,25.369977193435485,3008.5176336800196,2118.909754113083
vid_000048_frame0000009.jpg,81.43868827160493,104.77217592592592,25.898650522694275,25.174990232933744,2957.4667094963975,2095.186690812126
vid_000048_frame0000010.jpg,81.08475308641975,104.77067901234568,26.055314064282864,25.121936669135962,3051.173539706159,2108.346420466047
vid_000048_frame0000011.jpg,81.29041666666667,104.7121913580247,26.1473367647284,25.19765242617936,3074.785413168486,2147.6909989054047
vid_000048_frame0000012.jpg,81.19020833333333,104.80934413580248,26.095355201144155,25.213277917917345,3108.128280166657,2163.1467825097525
vid_000048_frame0000013.jpg,82.32246913580246,105.63150462962963,25.845150727468987,24.93397373140829,2947.907293689987,2116.472393421115
vid_000048_frame0000014.jpg,83.58973765432098,106.98901234567901,25.78194236460218,25.140816739089633,3012.0337517823123,2112.0338909721627
vid_000048_frame0000015.jpg,84.45622685185185,108.14996913580246,25.656034906457734,24.821264964612336,2936.47044941695,2068.7355615547835
vid_000048_frame0000016.jpg,83.08222993827161,106.40032407407408,25.62985887020035,24.721178252987126,2858.9795776248266,2062.253219695692
vid_000048_frame0000017.jpg,81.40576388888888,104.85266975308642,25.87812173188343,24.94135573494572,3044.501607947531,2152.5407777000814
vid_000048_frame0000018.jpg,79.97355709876543,103.36108024691357,26.084660121884067,25.039816886256663,3072.916890881666,2153.5449435182804
vid_000048_frame0000019.jpg,80.18956018518519,103.72206018518519,26.136865265115667,25.06445538690312,3097.8711379386123,2138.333888768326
vid_000048_frame0000020.jpg,81.31509259259259,104.7779861111111,26.21245328844353,25.445223331476107,3067.1977922837123,2111.559382059649
vid_000048_frame0000021.jpg,82.75916666666667,106.39956018518518,26.167080544910377,25.380968338873686,3000.4854884142565,2157.8163549039778
vid_000048_frame0000022.jpg,82.72185956790123,106.56949845679013,26.102354452458123,25.41332127762063,3007.964108092326,2216.747818994282
vid_000048_frame0000023.jpg,82.44516975308642,105.7747299382716,26.04607627499842,25.18656011642031,2947.6199009815937,2127.209391931906
vid_000048_frame0000024.jpg,81.53206018518519,104.95855709876543,26.091703601640962,24.905008174608078,3002.0535173846883,2090.6724603108682
vid_000048_frame0000025.jpg,81.89377314814814,104.83783179012346,26.29659306650442,25.344104787097134,3058.4915312068947,2130.4091234558377
vid_000048_frame0000026.jpg,84.58696759259259,107.29532407407407,26.296445651870698,25.69611627689997,2968.6522723229596,2134.0335808068035
vid_000048_frame0000027.jpg,89.35643518518519,111.50212191358025,25.78591299328053,25.401531227612228,2901.419538180096,2146.506718704216
vid_000048_frame0000028.jpg,89.12644290123457,111.52590277777777,25.194237561961067,24.8700007452914,2866.6032447887496,2113.581226335305
vid_000048_frame0000029.jpg,87.86047067901235,110.51273919753086,24.98096804756125,24.69781175760478,2867.459875956409,2095.5428892741556
vid_000049_frame0000007.jpg,73.96668209876543,100.439375,26.84986955006912,26.7720103386417,3119.2892271366786,2001.7303241640352
vid_000049_frame0000008.jpg,75.65845679012345,101.48796296296297,28.696342296514903,28.09121485488514,3074.325973073607,1972.9043584352614
vid_000049_frame0000009.jpg,82.93850308641976,105.60114969135803,37.259300134660094,34.93144079159884,2989.390007712239,2267.262852794865
vid_000049_frame0000010.jpg,72.90476080246914,99.36492283950618,29.396182861741295,28.70376144039975,3142.236670513022,2031.9061665121076
vid_000049_frame0000011.jpg,69.20710648148147,96.65904320987654,26.311936052273097,26.282892061832452,3370.7123578987103,2076.5367565919832
vid_000049_frame0000012.jpg,71.20891975308642,98.38858796296296,30.47860174393119,29.598291643643908,3269.9094,2007.421813888353
vid_000049_frame0000013.jpg,75.19697530864198,99.87073302469136,35.37542125717865,32.98795391231016,2898.6391632129607,2048.3781775796374
vid_000049_frame0000015.jpg,67.56604938271605,96.00604938271604,25.92903280913722,26.250779126780092,3444.789451838456,2100.8123983238434
vid_000049_frame0000016.jpg,67.45137345679012,95.66378086419753,25.85897197793431,26.527457762376997,3363.8080477222775,2067.1244315709664
vid_000049_frame0000017.jpg,66.68244598765432,95.54863425925926,25.854044276222965,26.830391985424708,3380.7049687880444,2105.8574597988472
vid_000049_frame0000018.jpg,66.28472222222223,94.0664737654321,26.13489073065136,26.88016650432504,3440.9274722150185,2097.2333808641974
vid_000050_frame0000004.jpg,79.57632716049383,103.96981481481481,31.67840194001606,32.194218184848154,3245.392101586018,2548.8052880191667
vid_000050_frame0000005.jpg,82.18125771604939,106.29121141975308,31.95305838872797,32.2101881730544,3139.3463421579695,2532.822679912492
vid_000050_frame0000007.jpg,89.5170061728395,113.64541666666666,33.083670410447546,33.75658571748182,2935.602709159177,2399.5211529025682
vid_000050_frame0000008.jpg,83.27263888888889,107.58486882716049,31.893595589729355,32.338701173338315,2991.6594006486607,2229.9428385907254
vid_000050_frame0000009.jpg,82.00695216049382,106.42327160493826,31.499097176963037,32.54638795513614,3021.0397139559877,2441.6467299953683
vid_000050_frame0000010.jpg,83.53276234567902,107.23378086419753,32.02452027510994,33.34532850231481,3079.6527466992457,2592.0496565114286
vid_000050_frame0000011.jpg,85.53097222222222,109.88345679012346,32.35290473887064,34.573824856545684,2980.881758859108,2475.5253687056447
vid_000050_frame0000012.jpg,83.98638888888888,108.94765432098765,31.868318228500275,35.35377017356769,3057.8386763822205,2682.2514727479975
vid_000050_frame0000013.jpg,84.06572530864197,109.70578703703704,32.00985527153773,36.9052674127488,3054.82639070353,3025.8477987610863
vid_000050_frame0000014.jpg,81.1423688271605,108.04418981481481,31.242147180340222,37.03948592973827,3073.8258000683486,2889.1061566114518
vid_000050_frame0000015.jpg,82.85581790123457,110.9526774691358,31.518893243187996,37.56840517877806,3157.883835750493,2943.9121499914263
vid_000050_frame0000016.jpg,84.14395833333333,111.97112654320988,31.448832287269934,37.271998222642665,3079.2991985587178,2974.3702265651195
vid_000050_frame0000017.jpg,84.95145833333333,112.75939043209877,31.185245455803233,37.31596281487678,3144.714657454502,3077.9456301418895
vid_000050_frame0000018.jpg,81.88049382716049,109.87233024691358,30.206784135038706,35.6227814531493,3047.5144254624265,2755.7969843577935
vid_000050_frame0000019.jpg,77.10999228395062,105.37344907407407,29.03164608196262,33.850618012104576,3078.3138088133837,2501.0524983895725
vid_000050_frame0000020.jpg,75.20157407407407,102.65398148148148,28.656261041960917,32.94559525177052,3194.5834392918377,2670.8560803990913
vid_000050_frame0000021.jpg,76.00496913580247,103.29591049382717,29.029956962310766,32.97281636558225,3281.620039390909,2578.726046438948
vid_000050_frame0000022.jpg,75.03375,102.54494598765432,28.98381497820096,32.78040952118677,3279.2819733796296,2676.2280020173657
vid_000050_frame0000023.jpg,74.36597993827161,101.9675,28.964732999958013,31.908522932365713,3310.6940609043972,2443.953715706447
vid_000050_frame0000024.jpg,73.83481481481482,101.14144290123457,28.8222674274087,31.479930924391425,3341.7451126647998,2477.4370821785456
vid_000051_frame0000016.jpg,78.87012345679013,104.87008487654322,27.534710125823977,29.02324946325577,2902.1355534807362,1930.8855471578627
vid_000052_frame0000021.jpg,93.93266203703703,116.01918209876543,29.18391967778211,30.16045034085427,2629.9829548348557,2499.6441370596613
vid_000052_frame0000022.jpg,94.09260802469136,116.65180555555555,28.713439517740607,30.660487171469097,2620.704426153061,2668.2651697337965
vid_000052_frame0000023.jpg,93.99883487654321,116.24201388888889,28.41894620270282,29.632202494042783,2596.6462252798265,2451.54436417318
vid_000052_frame0000025.jpg,109.57766203703704,127.06173611111112,31.3813113188325,32.303880372323306,2630.059873299552,2688.9701137387956
vid_000052_frame0000027.jpg,103.3450462962963,122.55929783950617,30.53366920956424,32.5493213475486,2616.437290368989,2687.9696657016243
vid_000052_frame0000029.jpg,100.27762345679012,120.38201388888889,29.9307458240955,31.199627534474363,2631.4566448473342,2449.210391420658
vid_000052_frame0000031.jpg,97.8129938271605,118.77515432098765,29.106528174878978,31.069902022770847,2633.4565692081405,2540.97181391455
vid_000052_frame0000033.jpg,98.8634336419753,119.60697530864198,29.216862614757407,31.59541898326062,2769.3711664522725,2814.8200663317684
vid_000052_frame0000035.jpg,102.39608024691358,121.54610339506173,29.055822232784777,31.534033707795317,2687.9467708140437,2533.4632713132046
vid_000052_frame0000037.jpg,103.25228395061728,123.23145061728395,28.323988562999084,31.88717806668071,2656.8335728508778,2877.0924893189276
vid_000052_frame0000039.jpg,101.90712191358024,122.60898148148148,28.317298979609077,31.47203769995377,2779.1581370069707,2791.976700308642
vid_000052_frame0000041.jpg,106.10127314814815,125.7336188271605,28.79204223235924,32.9837121610441,2787.9383954389573,3124.315598546275
vid_000052_frame0000043.jpg,106.28604166666666,124.96003086419753,28.738457579588705,33.167755537667226,2708.5265658757717,3054.7948058068037
vid_000052_frame0000045.jpg,97.08110339506173,118.51648919753086,28.190248801424634,32.28722595064256,2944.4959210771385,2832.061475045487
vid_000052_frame0000047.jpg,97.52591820987654,118.99770061728395,28.249276039660117,33.05774914696184,2868.4882958890007,3022.576483135193
vid_000052_frame0000049.jpg,99.58927469135803,120.6860725308642,28.109362743695268,32.82218517978687,2741.5593138145264,2898.9230628312657
vid_000052_frame0000051.jpg,102.0542901234568,123.50596450617284,27.43296909419824,34.57262500317052,2817.587326525825,3011.2065997413106
vid_000052_frame0000052.jpg,102.66898919753086,125.91907407407408,27.68296777798213,36.05218817190113,2919.7379797738886,3266.0192125509043
vid_000052_frame0000054.jpg,102.31274691358024,126.07690586419753,28.699970929312016,38.26084374646952,2981.06962279658,3647.213361048002
vid_000052_frame0000056.jpg,105.8714737654321,129.23023148148147,31.292813405346642,40.39270961916909,3204.0482650433787,3832.729932364005
vid_000052_frame0000058.jpg,110.19121913580247,133.34768518518518,31.30656525131263,41.06347703100896,3112.8738487823407,4133.145334308557
vid_000052_frame0000060.jpg,106.93659722222222,132.9965663580247,42.52344143101723,49.37683607088041,3524.499019964325,4437.7910475134795
vid_000052_frame0000062.jpg,110.36873456790123,135.69074074074075,38.06063073543223,47.49006384777892,3552.093565995799,4819.81265879576
vid_000052_frame0000064.jpg,113.99435185185185,138.144375,37.72504426786008,47.56635404392704,3434.6929444181883,4922.665458329522
vid_000052_frame0000066.jpg,113.56168209876543,137.708125,36.1277259761472,45.27245557032544,3099.123234618806,4147.18563564148
vid_000052_frame0000068.jpg,114.1060725308642,137.86797839506173,36.043535577847095,45.99046022173447,3468.7703645832735,4871.254281925154
vid_000052_frame0000070.jpg,109.85726851851852,135.856875,46.97225324864732,54.120308094642866,3778.651580284958,4595.10824690977
vid_000052_frame0000072.jpg,113.95793981481482,138.6104012345679,46.94272266154886,53.785375982622796,3719.1810123141836,4602.185130154512
vid_000052_frame0000074.jpg,118.9507175925926,141.29916666666668,44.809190648958285,52.209370368199494,3744.737290380599,5085.544181235473
vid_000052_frame0000076.jpg,122.85530092592593,143.18260030864198,45.23231625830743,52.121032264811355,3275.345343310614,4396.127675089485
vid_000052_frame0000078.jpg,121.77239969135802,142.0139274691358,46.99972940177685,55.243082345891835,3844.4088737039297,5444.465072393689
vid_000052_frame0000080.jpg,120.1635262345679,140.39163580246912,48.18354771053162,55.80534277192508,3803.790287679505,5571.406820601316
vid_000052_frame0000082.jpg,114.00983796296296,137.71189043209876,54.03323540391121,60.11969666023656,4063.020356462192,4931.5451121361075
vid_000052_frame0000084.jpg,121.98143518518519,140.92252314814814,53.185521831680326,58.54903104166348,4099.450378395061,5376.631769688726
vid_000052_frame0000086.jpg,119.41439814814815,138.5170061728395,53.76291104861906,58.38932739279224,4051.4026222184116,4735.700011226316
vid_000052_frame0000087.jpg,117.92925154320987,137.50155864197532,54.4066237902009,60.534744492568166,4390.053886271088,5792.974968949093
vid_000052_frame0000089.jpg,116.59251543209876,136.42692901234568,54.55827773390473,61.26912765188808,4554.225105691777,5991.536184513543
vid_000052_frame0000091.jpg,116.83787808641975,136.06259259259258,54.65722653476657,60.763210615191475,4619.885284327846,6318.232503825636
vid_000053_frame0000001.jpg,109.96497685185186,136.52912808641975,36.25966346610776,51.468884886221545,3911.728797528721,6076.592487404205
vid_000053_frame0000002.jpg,110.01383487654321,136.6391589506173,36.23333228922474,51.4680156784083,3899.226124911349,6080.011125891632
vid_000053_frame0000003.jpg,110.08509259259259,137.17349537037038,36.186409485784964,51.6480212739748,3939.906679259486,6076.921972991684
vid_000053_frame0000004.jpg,110.03805555555556,136.64760802469135,36.31229856513263,51.64049040150649,4046.943440746218,6280.730284475499
vid_000053_frame0000005.jpg,110.13534722222222,136.60855709876543,36.26077477951786,51.691302721876745,3984.4432311611704,6259.2830569053285
vid_000053_frame0000012.jpg,110.11762345679013,136.4508101851852,36.34130189418629,51.72244125258929,3927.5486365909824,6275.50544683642
vid_000053_frame0000013.jpg,110.24412037037037,137.00989969135802,36.248236496027374,51.503490405114206,3857.824791642316,6031.06153933036
vid_000053_frame0000014.jpg,109.95001543209877,136.66690586419753,36.2656862825312,51.56692595364824,3987.3846867640573,6244.396046970498
vid_000053_frame0000015.jpg,110.13655864197531,136.88952932098766,36.21249562501351,51.59099412024833,3853.1401842177625,6193.11043383434
vid_000053_frame0000016.jpg,109.93844135802469,136.82244598765433,36.14783291887812,51.46974654541484,3834.211295601852,5982.365278897081
vid_000053_frame0000017.jpg,110.02157407407407,136.83442129629628,36.23294721067655,51.66054263635839,3896.3878729592957,6136.909941956018
vid_000053_frame0000018.jpg,109.95513888888888,136.80831790123457,36.31722174816517,51.789748276000836,3982.2171148399993,6245.507823469115
vid_000053_frame0000035.jpg,110.16138117283951,137.1498688271605,36.19076041974012,51.71285809266805,3876.028192634507,6217.361937653368
vid_000053_frame0000040.jpg,109.99706790123457,137.2353009259259,36.18098612303009,51.60485157429602,3889.8741880138678,6135.5429324871875
vid_000054_frame0000001.jpg,109.91820987654322,134.4535262345679,33.67894200312384,46.15298300423415,3656.4901370598404,5421.523610695779
vid_000054_frame0000002.jpg,110.0903549382716,134.62648148148148,33.66221160747044,46.10213305464215,3636.402354147376,5371.391135650947
vid_000054_frame0000003.jpg,110.41621913580246,134.8662422839506,33.721361226810174,46.046788831048524,3603.1089953358387,5329.643871131913
vid_000054_frame0000004.jpg,110.17024691358024,134.8037422839506,33.717514735505546,46.13284337149099,3562.0348626521777,5418.436940997883
vid_000054_frame0000005.jpg,110.50525462962963,135.05435185185186,33.716563732381324,45.946372318274854,3545.1251628858026,5306.228984040103
vid_000054_frame0000006.jpg,109.96386574074074,134.2057561728395,33.51726266382447,45.519903164993934,3515.2555512087883,5215.6963382523145
vid_000054_frame0000008.jpg,114.55119598765432,136.54222993827162,30.816684233041624,38.94785399517981,2881.4957149462134,3866.6593482438248
vid_000054_frame0000015.jpg,108.62192129629629,132.75868827160494,32.244029919419546,40.808095679297836,3248.850343852345,4077.991635653626
vid_000054_frame0000018.jpg,105.62796296296297,130.76675154320986,33.67449210737983,42.362002552769646,3383.717787654083,4273.115807096622
vid_000054_frame0000020.jpg,105.07483796296296,130.13809413580248,33.4998190923111,42.043708474557846,3221.8379875637647,4144.165370935976
vid_000054_frame0000024.jpg,104.67591820987654,130.83015432098765,33.15489103732681,42.29712958303246,3248.4284502112387,4264.385856427898
vid_000054_frame0000035.jpg,108.73050925925926,133.11846450617284,32.08160093523725,39.686014793288614,3090.6110622636966,3826.702049321749
vid_000054_frame0000036.jpg,108.95498456790123,133.16640432098765,31.52743237451143,39.16716521790791,3047.1913401148836,3757.580578344991
vid_000054_frame0000041.jpg,106.24439043209877,131.16679783950616,36.19073022021322,47.11086341417322,3638.847782554525,5087.022543549002
vid_000055_frame0000001.jpg,74.45381172839507,104.6413425925926,47.00375719788409,59.218950743911286,3655.4505047910357,4322.196625010479
vid_000055_frame0000005.jpg,81.22898148148148,107.87175925925926,52.64812281553501,62.09946550527476,3091.3161009287246,3897.5470785250322
vid_000055_frame0000015.jpg,77.03682098765432,105.3884799382716,53.30341770148808,63.57217829679339,3738.6562522475974,4867.027315567129
vid_000055_frame0000020.jpg,74.45248456790124,102.95258487654321,51.62410503513619,62.11969477273629,3369.2305026648355,4513.539186056753
vid_000055_frame0000025.jpg,73.58765432098765,104.23557098765433,45.40353159080847,56.49323910833712,4448.886243247922,4646.340451703187
vid_000055_frame0000030.jpg,75.43121141975308,105.59715277777778,46.4990996817965,57.43520293902,4409.2337253085825,4677.969542436129
vid_000055_frame0000045.jpg,77.94460648148149,108.14344907407407,46.35024582501788,57.45799768509542,4169.391195729918,4568.51462962963
vid_000055_frame0000049.jpg,78.31317901234569,108.32369598765432,46.77908736374875,57.44991079391302,4138.671041420836,4363.792446729729
vid_000055_frame0000055.jpg,77.44533950617284,107.84828703703704,46.85779830754337,57.4402106635944,4297.3624078837065,4359.183311013887
vid_000055_frame0000060.jpg,76.81118827160493,107.70012345679012,46.30136185243885,57.20592834347748,4333.133848700595,4515.341200737253
vid_000055_frame0000070.jpg,78.03256944444445,108.00167438271605,46.748305039945905,57.457368028086364,4228.604081372827,4382.1620467475905
vid_000055_frame0000075.jpg,76.12848765432099,105.83735339506173,46.718532059946696,57.122417585699125,4451.648463611624,4470.331265350592
vid_000055_frame0000080.jpg,75.70706790123457,105.51699845679012,46.05803765642672,57.0376726378396,4460.798752621969,4632.862769508685
vid_000055_frame0000095.jpg,77.1329475308642,107.20595679012345,47.00859565754733,57.569775069507514,4344.340775291257,4596.13219380406
vid_000055_frame0000175.jpg,79.03097222222222,108.92152777777778,53.8111685879012,63.36328920811193,4476.438409110417,4504.245189525225
vid_000055_frame0000245.jpg,74.12599537037038,107.37205246913581,45.037032397835475,57.02863873180023,4242.782750910685,4358.707592438033
vid_000063_frame0000001.jpg,107.63118055555556,124.17497685185185,40.366332326445075,49.11538215543228,3609.779886916474,5347.348095717057
vid_000063_frame0000002.jpg,107.6861574074074,124.11576388888889,40.30919356871839,49.11572220955805,3520.207378572007,5248.555287028463
vid_000063_frame0000003.jpg,110.5011574074074,123.35126543209877,39.86125472548547,48.54895891756,3070.3444506087108,4538.665344485823
vid_000063_frame0000005.jpg,107.35453703703703,121.51819444444445,41.52203636753203,50.14737332780492,3475.459044895738,5297.254179178992
vid_000063_frame0000010.jpg,108.10347222222222,125.56131172839507,34.710233534474334,49.59118960612836,3434.053085298008,5562.87760370936
vid_000063_frame0000015.jpg,107.90057098765432,125.2261651234568,33.3227037169451,47.94527116208717,3112.8497603261103,5020.702438793093
vid_000063_frame0000021.jpg,103.12923611111111,120.15567129629629,38.42024973492821,49.65003064130049,3344.2254362902,4787.012303359816
vid_000063_frame0000026.jpg,102.0611188271605,118.00720679012346,38.42464997769947,51.33922519615181,3064.6547246570644,4690.4798332359305
vid_000063_frame0000030.jpg,102.67503086419752,119.47394290123457,38.46767137142289,50.05731236937204,3471.7233321172816,5043.706777357682
vid_000063_frame0000040.jpg,105.79876543209876,123.12534722222222,37.13813593129239,48.94391621722581,3153.9855803011524,4987.153242148146
vid_000063_frame0000044.jpg,107.13385030864198,124.5508950617284,34.739793231771465,48.825685336527336,3230.4596765803017,5325.033403629162
vid_000067_frame0000013.jpg,107.46082561728394,125.76459104938272,30.933928134205384,31.22112207783072,2739.425846581838,2473.3691230945647
vid_000067_frame0000015.jpg,120.41614197530865,135.6399151234568,29.992079025160095,31.237027050335847,2555.452054371892,2554.7701249094434
vid_000068_frame0000001.jpg,93.42055555555555,116.42086419753086,28.10167222408879,27.568959047393616,2770.410365189127,2628.674505441184
vid_000068_frame0000002.jpg,93.68220679012346,116.18596450617284,28.000105457371127,27.271696124120965,2741.118918800488,2590.2742118291326
vid_000068_frame0000015.jpg,88.60203703703704,111.56962962962963,28.239538741268703,27.077390467956544,2972.789427504799,2535.8310311497394
vid_000068_frame0000016.jpg,88.8766512345679,112.07143518518518,28.21356988796007,27.265927876018512,2923.129067291036,2570.1135553945664
vid_000069_frame0000001.jpg,103.77800925925926,122.66135030864197,26.199787561336706,32.6342457694689,2643.0882829646184,3091.057139143947
vid_000069_frame0000002.jpg,104.07832561728395,122.75358796296297,26.158128165257214,32.258054290391264,2570.126340519738,2884.502348215247
vid_000069_frame0000003.jpg,103.88375771604939,122.95711419753087,26.34309386182465,32.74979639470094,2673.6253680883606,3110.4953219762137
vid_000069_frame0000004.jpg,104.2077700617284,123.29263888888889,26.751424096099083,32.932625687954676,2753.357136342533,3205.424950814412
vid_000069_frame0000005.jpg,104.82072530864197,123.3228163580247,26.8222073684457,32.80613172558634,2657.0515116512343,3055.700340040521
vid_000069_frame0000006.jpg,104.92573302469135,122.97606481481482,26.74495253238615,31.934213790858283,2624.67684156325,2816.212946368634
vid_000069_frame0000007.jpg,104.68192901234568,123.67393518518519,26.458356004327836,32.265392196413664,2572.1764180383493,2956.430250296258
vid_000069_frame0000008.jpg,103.76669753086419,122.855625,26.203532338120603,32.585850238986346,2653.733888305362,3033.231235664342
vid_000069_frame0000009.jpg,103.20399691358024,122.2851388888889,26.027661082626867,32.432738681872614,2628.426374927603,3023.653927902032
vid_000069_frame0000010.jpg,102.25893518518518,121.59019290123457,26.07238390653745,33.184508245004764,2751.441100282386,3183.0013194444446
vid_000069_frame0000020.jpg,101.05675154320987,122.02077932098766,27.269649387535832,35.04683694200622,2811.259504726735,3547.245544571557
vid_000069_frame0000030.jpg,100.32087191358025,122.32304012345679,27.94396337412754,36.15931863421907,2917.343763703073,3763.624177563443
vid_000069_frame0000050.jpg,100.24490740740741,121.68789351851852,27.906194641587067,35.888035830604956,2845.0530519204394,3525.7661779701434
vid_000069_frame0000060.jpg,100.28643518518518,121.89933641975308,28.24071585574951,36.494564826907315,2861.8970138867458,3609.7304368397895
vid_000069_frame0000070.jpg,100.02550925925927,121.61591820987654,28.420151799208213,36.37068252777944,2933.942934163464,3661.645951891623
vid_000070_frame0000004.jpg,161.8469135802469,160.6758487654321,36.32605482284763,34.656638774732805,1211.1663285169943,1369.9715286774478
vid_000070_frame0000005.jpg,161.48685956790123,160.91150462962963,35.99457709732765,34.38148794515022,1153.8641082675447,1215.8771404820507
vid_000070_frame0000006.jpg,160.38939043209876,159.11657407407407,35.65480336753815,35.096337081448205,1218.4929220012193,1425.6689008144717
vid_000070_frame0000007.jpg,159.9834490740741,158.74820216049383,35.04842015537703,34.715474242193,1182.4046189528442,1317.9586356923844
vid_000070_frame0000008.jpg,158.87057098765433,158.18475308641976,34.315317881969854,34.68187458801836,1213.005102934004,1473.5406086962141
vid_000070_frame0000009.jpg,158.35237654320989,158.48979166666666,33.39567846340383,34.63037858728334,1135.4725949068718,1231.8365986362955
vid_000070_frame0000010.jpg,157.54895833333333,157.96797839506172,32.78031927051137,34.92340528875293,1202.2470275319479,1516.4519332961222
vid_000070_frame0000011.jpg,157.254375,158.4498688271605,31.995138401362446,34.557616084708485,1120.8751085724355,1357.1058905249176
vid_000072_frame0000001.jpg,115.05665895061729,128.4927700617284,23.032455119621726,32.11566519339763,2291.3951986015854,3130.9519995707947
vid_000072_frame0000004.jpg,113.60279320987654,128.12827160493828,23.188683347871542,32.97232748425109,2379.7057191185963,3220.9920839582383
vid_000072_frame0000008.jpg,115.68623456790124,129.2707638888889,23.630798498429396,33.33372935232057,2433.583172145062,3344.055131708141
vid_000072_frame0000012.jpg,115.25172839506173,130.94150462962963,22.371195036989437,30.69653556810993,2322.2707744079007,2790.3036004771925
vid_000072_frame0000020.jpg,122.98561728395062,136.53317901234567,21.2759506015989,29.249080830003077,2252.2841324864735,2785.892091039321
vid_000072_frame0000024.jpg,120.3162962962963,134.87976851851852,20.28358371642803,28.193008796652844,2234.3279896776407,2742.384808931982
vid_000072_frame0000028.jpg,121.48398919753086,136.65125,19.633927704639092,27.937439092857627,2241.994258839163,2708.9223473248644
vid_000072_frame0000032.jpg,117.18949845679012,132.1269598765432,20.08140783519712,28.40034463935592,2292.262937037037,2702.149850508449
vid_000072_frame0000036.jpg,117.19388117283951,133.2393209876543,20.401455661680362,28.432173354101998,2285.7587977135245,2718.2344836953207
vid_000072_frame0000040.jpg,118.74610339506172,132.8571836419753,26.241374616450916,32.51911446593179,2230.1875205751794,3189.901118921468
vid_000072_frame0000044.jpg,111.12125,127.34635030864197,28.86251823613676,35.9959398831124,2839.0640713591083,3995.506008224499
vid_000073_frame0000001.jpg,92.59621141975309,112.80548611111111,26.17209903798446,29.143570154020903,2742.3437958146988,2409.095406824179
vid_000073_frame0000007.jpg,85.32933641975309,108.12864969135802,16.701392356879314,21.403646067846807,2681.214786791207,2254.1769229966253
vid_000073_frame0000008.jpg,90.15449074074074,111.95636574074074,16.827469822754598,22.056467628822514,2578.0546148047533,2349.491635146069
vid_000073_frame0000010.jpg,93.62331018518519,113.4552237654321,16.922717258556453,21.288842887967654,2408.4287856433257,2283.970516763594
vid_000073_frame0000011.jpg,87.70474537037038,109.51364969135803,16.944695144228554,21.636515676039572,2692.8827831768685,2250.3923109374996
vid_000073_frame0000012.jpg,84.98805555555556,107.36091820987654,16.751184661902588,20.91974690517655,2725.8641880420287,2238.1482622768535
vid_000073_frame0000014.jpg,81.56220679012345,104.92785493827161,16.47694341393087,19.925317632208255,2714.076448186669,2177.6464814799933
vid_000073_frame0000021.jpg,81.96332561728396,105.54349537037037,18.738097186280466,20.621652518583492,2690.5628220698068,2041.8128857872277
vid_000073_frame0000030.jpg,93.95863425925926,115.45940586419754,19.18580631288383,21.326521343387572,2447.6570660434286,2204.1611755058298
vid_000073_frame0000035.jpg,92.43313271604939,113.99854938271605,18.061805868613273,20.51549845624169,2530.302816098679,2218.216469853824
vid_000073_frame0000042.jpg,97.26719135802469,116.30516975308642,20.472470166155396,23.27867714655208,2524.0821508415615,2429.6961627157043
vid_000073_frame0000049.jpg,96.38970679012345,117.3758950617284,20.42575637961689,24.107788412913937,2419.8492683813447,2331.159999054784
vid_000073_frame0000051.jpg,94.76226080246913,115.61723765432099,20.131517428222995,24.019330674961573,2508.7801767946366,2528.4146848744
vid_000073_frame0000052.jpg,94.05949074074074,114.56737654320987,20.216290210226795,24.219522286456048,2493.215721379113,2556.1357479421486
vid_000073_frame0000053.jpg,94.63152777777778,115.55894290123457,20.495148849657053,24.06056365227669,2488.386599790428,2503.0489208670906
vid_000073_frame0000055.jpg,100.75378086419754,118.90063271604939,21.39187986796188,24.64770109670995,2417.597806712963,2591.0152417674035
vid_000073_frame0000056.jpg,101.28639660493828,119.53655092592592,21.525396430515574,24.406816186784642,2289.258322140239,2387.713401920439
vid_000073_frame0000063.jpg,99.05993827160493,117.70023148148148,28.152772213931666,28.263104410769717,2381.073666330816,2043.5986926296844
vid_000074_frame0000001.jpg,70.9391512345679,90.89104166666667,35.77648442135144,36.773683306758855,4259.049393071749,3298.4108653004023
vid_000074_frame0000006.jpg,76.76111882716049,95.93521604938272,33.775871368644054,35.80245806724765,3985.0133977859227,3306.620036555975
vid_000074_frame0000012.jpg,77.96304012345679,97.24388117283951,33.22133487320534,35.57448374730285,4068.4896925510943,3315.1749852344815
vid_000074_frame0000016.jpg,79.42034722222222,99.1894212962963,34.02099226498621,36.42968778317921,4133.725104236623,3430.7764871898694
vid_000074_frame0000020.jpg,81.3779938271605,100.69378086419754,34.21865543714259,36.858434067925806,4119.301638300123,3447.8761933698534
vid_000074_frame0000021.jpg,80.64630401234568,99.6675,34.148131369083266,36.75506262999949,4068.3232580758936,3416.6918920207954
vid_000074_frame0000022.jpg,80.2809799382716,99.2535262345679,33.74575912033425,36.249419204426744,4038.402934356186,3370.613641280864
vid_000074_frame0000023.jpg,80.74592592592593,99.50402777777778,34.07178105509188,36.82850687934811,4074.739396780634,3394.043445523203
vid_000074_frame0000024.jpg,80.91416666666667,100.23604938271605,34.144580620141,36.98149278310297,4118.341682021605,3395.163887309897
vid_000074_frame0000025.jpg,81.38250771604939,100.39558641975309,33.76445677398385,36.51921985464523,4034.375944329895,3372.5504671915483
vid_000074_frame0000026.jpg,81.65639660493827,100.43981481481481,33.93658437789175,36.638830190707296,3991.97779731647,3372.701595121682
vid_000074_frame0000027.jpg,82.07418981481482,101.08751543209877,33.92603470416078,36.74372116093916,4109.678367423923,3401.8109281406587
vid_000074_frame0000028.jpg,79.80285493827161,99.41839506172839,33.44640509014781,36.42851436080374,4007.7927655473036,3376.192070587325
vid_000074_frame0000029.jpg,81.24010802469135,100.65333333333334,33.581570388256374,36.78779644507062,3992.1753745484084,3335.0490582389666
vid_000074_frame0000030.jpg,85.05752314814815,104.09086419753086,33.69582324797885,37.401153674275115,4042.0329565585826,3443.456702415552
vid_000074_frame0000031.jpg,84.43979166666666,103.66695216049382,33.511331024824464,37.24320321371514,3893.076204513354,3413.0387692365393
vid_000074_frame0000032.jpg,83.60318672839506,102.60780864197531,33.52215018635241,37.2206203736641,3931.550774238338,3387.0160922258415
vid_000074_frame0000033.jpg,83.23442129629629,102.7253086419753,33.689741478899805,37.48377786856338,3897.8415560684703,3349.625107428781
vid_000074_frame0000034.jpg,81.93903549382716,101.51716049382716,33.781479754125186,37.599284189553856,3982.4963914751347,3327.857853734187
vid_000074_frame0000035.jpg,80.8880787037037,100.66512345679013,33.78823983418745,37.35980608604958,3906.8238920309764,3290.26605519333
vid_000074_frame0000036.jpg,79.89193672839507,99.8898225308642,33.6041034446239,37.3946637623686,3879.3603379743345,3223.7350855190116
vid_000074_frame0000037.jpg,81.56923611111111,100.44161265432099,33.45110545798028,37.038593296546786,3881.108548393859,3314.591231864366
vid_000074_frame0000038.jpg,81.85981481481481,100.90065586419753,33.68126873420824,37.04489059671966,3992.1409784141138,3395.8555474048826
vid_000074_frame0000039.jpg,80.81706790123457,99.53925925925925,33.324640885810446,36.434598967471004,3954.1210827445675,3291.840215976449
vid_000074_frame0000040.jpg,79.3834413580247,99.33185956790123,33.42491115452544,36.45314619733093,4079.1659753643094,3334.9666844130447
vid_000074_frame0000041.jpg,77.91300154320987,97.96791666666667,33.51822059453741,36.231773259105445,4126.015987482794,3322.7247011525847
vid_000074_frame0000042.jpg,76.21843364197531,96.14762345679013,33.331035958102916,35.743984177003405,4055.132408732472,3262.409646615417
vid_000074_frame0000043.jpg,74.98805555555556,94.8866975308642,33.56618295538599,35.50358574597914,4085.1368679006987,3224.9633923467627
vid_000074_frame0000044.jpg,74.4053549382716,94.85635802469136,33.750709078476326,35.810784029191524,4139.030540220563,3286.127282918893
vid_000074_frame0000045.jpg,74.6022762345679,94.39454475308642,33.768742661370545,35.82143738188738,4122.335547048611,3216.878952328151
vid_000074_frame0000046.jpg,73.12385030864198,94.07058641975308,34.36629587653998,37.37765435838804,3649.018758500991,3081.6510735381776
vid_000074_frame0000047.jpg,72.88558641975308,93.98925154320987,38.32372378298309,43.05031921808848,4153.474957040122,3590.2575485251386
vid_000074_frame0000048.jpg,74.05978395061729,95.20108024691358,38.79458076673729,43.576911205259734,4150.694693072703,3888.309555825558
vid_000074_frame0000049.jpg,76.77191358024692,96.14486111111111,36.88659900914786,40.87304686101749,4030.102825394316,4006.965089401149
vid_000074_frame0000050.jpg,73.5161188271605,94.18919753086419,37.1558670914731,42.05144637900009,4517.399003463649,3856.0954839675255
vid_000074_frame0000051.jpg,70.10594907407408,90.95600308641976,36.801244633623824,42.887441787043294,4602.776090790038,4236.352935185125
vid_000074_frame0000052.jpg,68.32067901234568,90.09113425925926,38.09297213505599,44.1858683463627,4514.4539987709095,4323.344559124883
vid_000074_frame0000053.jpg,71.26858024691359,93.71074845679013,38.42495865950022,45.291414939110986,4189.04740663098,4265.985554397196
vid_000075_frame0000001.jpg,79.45681327160494,102.3608024691358,29.310896601739238,28.1718958652057,2834.9168518458982,2201.0610998683032
vid_000075_frame0000002.jpg,79.76641975308642,102.72935956790124,29.195432515625185,27.87359976647614,2796.8506782919426,2083.247226036844
vid_000075_frame0000003.jpg,81.36023919753086,104.0336188271605,29.82022556454867,27.82801020881421,2737.011650265239,2004.8813126494983
vid_000075_frame0000037.jpg,82.8899074074074,105.8070987654321,16.292927913405457,19.34004342948699,2857.0402941609873,2178.8215873984886
vid_000075_frame0000038.jpg,83.4788425925926,105.87980709876543,16.321961741168284,19.3262827891002,2928.153380963268,2247.4533097162684
vid_000075_frame0000040.jpg,85.50658179012346,107.43993827160494,16.179415645524905,19.346554881907498,2870.798317244835,2230.9695107438247
vid_000075_frame0000041.jpg,86.20288580246914,107.17000771604938,16.106168140373153,19.08710241365418,2790.0987629624274,2221.6262753305514
vid_000075_frame0000042.jpg,86.48581790123457,107.43596450617284,16.04724744994999,19.05058620202317,2725.668230285434,2196.414432435747
vid_000075_frame0000043.jpg,86.98704475308642,107.56912808641975,16.194480952917786,20.176257797596545,2725.691677974966,2253.2134680917543
vid_000075_frame0000044.jpg,86.80369598765432,107.59608024691359,16.255440881540416,20.593436868161255,2824.994022350287,2379.3402133629947
vid_000075_frame0000045.jpg,86.25708333333333,107.59519290123457,16.373848677247548,20.973270320605327,2785.4146965234313,2402.1721559970256
vid_000075_frame0000046.jpg,86.03258487654321,107.48583333333333,16.30050162876215,20.894803017322655,2736.700976222184,2388.4939240338267
vid_000075_frame0000047.jpg,85.70205246913581,107.0379012345679,16.41249548767796,21.068006035485016,2822.7128742826335,2443.347964544217
vid_000075_frame0000048.jpg,87.9772299382716,107.06729166666666,24.10681794304474,27.865596757185486,2545.057526194321,2192.321553925123
vid_000075_frame0000049.jpg,87.6462962962963,107.61125,23.764327748110528,27.93618858571726,2498.550259487645,2290.475237707666
vid_000075_frame0000050.jpg,86.91833333333334,107.31813271604938,23.20473385212914,28.230619292694467,2529.63279877091,2340.6537332089597
vid_000075_frame0000051.jpg,87.02953703703703,107.17996913580247,23.282500338406262,28.196427188065634,2549.518786246142,2373.8180442457683
vid_000075_frame0000052.jpg,87.83925925925926,108.76183641975308,22.548552458413415,28.466715028762927,2514.8034920515165,2431.749315211989
vid_000075_frame0000053.jpg,88.94779320987654,109.55328703703704,22.406483775724514,28.67071300035062,2466.9059232279283,2497.027944861444
vid_000075_frame0000054.jpg,89.92849537037037,111.32983796296297,22.380211022715464,29.041870504704335,2575.191096247654,2628.54653999432
vid_000075_frame0000055.jpg,89.05100308641975,110.88253086419753,22.26759411006514,29.05237098145535,2597.6330153978056,2642.3871421676736
vid_000075_frame0000056.jpg,88.7778549382716,110.77238425925925,21.713548716592733,28.534104102613153,2594.9780870969907,2544.9265742052944
vid_000075_frame0000057.jpg,89.23302469135803,111.42023148148148,21.73473187926614,28.956709833661368,2663.4619006939083,2694.541786807461
vid_000075_frame0000058.jpg,89.81574845679012,111.29371141975308,21.60902611646712,29.028814292340474,2560.8291859815577,2682.798394394909
vid_000075_frame0000059.jpg,90.19208333333333,112.33587962962963,21.57804029861975,28.888452074651934,2500.659340246282,2554.505412093955
vid_000075_frame0000060.jpg,89.42171296296296,111.68693672839507,21.730014178586273,28.90539633659477,2596.2890067467206,2565.6919660607546
vid_000075_frame0000061.jpg,90.01148148148148,111.82491512345679,21.489094441227113,28.46994952298935,2591.3324440843026,2524.9281966447093
vid_000075_frame0000062.jpg,88.60721450617284,110.85235339506173,17.02793734165693,24.37053311115753,2747.041869395802,2777.4909153805984
vid_000075_frame0000063.jpg,88.88699074074074,111.23257716049383,17.15096478641515,24.857196411099384,2807.2646445467894,2831.1022909769854
vid_000075_frame0000070.jpg,89.61164351851852,111.47067901234568,16.925829627060498,24.083846684943843,2784.863062070795,2815.0497930231672
vid_000075_frame0000075.jpg,88.87231481481481,109.00162808641976,29.231380993122603,34.43458177083106,2701.247716135057,2431.9216699471785
vid_000075_frame0000080.jpg,85.49667438271605,103.5325462962963,16.662664465457436,21.01508693796441,2795.7870560908564,2307.0268362668016
vid_000075_frame0000085.jpg,85.58409722222223,103.29789351851852,16.92344997743356,21.275819141237243,2825.314144996892,2382.3511475689083
vid_000075_frame0000090.jpg,90.92503858024692,109.7682638888889,17.122766762063243,24.86822946964769,2707.0845586061937,2637.6912605843236
vid_000075_frame0000095.jpg,91.1102237654321,107.7252237654321,18.103773746644155,23.99709568710302,2782.9843329665828,2689.3318141712743
vid_000075_frame0000100.jpg,88.61656635802468,105.22783179012346,17.23890970923594,21.449661464337108,2788.288152365719,2387.663030194937
vid_000075_frame0000105.jpg,88.62506172839507,104.68516975308641,16.74414929132014,20.85909745723537,2698.9605392646295,2332.863527431032
vid_000075_frame0000110.jpg,88.3116975308642,104.10501543209877,35.24114618982632,36.356331994303396,3088.100183536951,2724.120255806982
vid_000075_frame0000115.jpg,75.21863425925926,95.6698225308642,32.284658379070244,30.948705368911874,3182.7512344130446,2022.1176694953488
vid_000075_frame0000147.jpg,87.68963734567902,105.41426697530864,15.768637141704842,18.428148637184265,2663.7000486796387,2091.2904696385363
vid_000075_frame0000150.jpg,85.18500771604938,103.79645833333333,16.04107648505309,18.75795752424257,2797.7034997425603,2114.342721146738
vid_000075_frame0000157.jpg,95.65343364197531,112.27939814814815,33.273780015390074,34.52137902104025,3308.7635590875534,3076.5819619320127
vid_000075_frame0000160.jpg,87.2488425925926,106.08606481481482,34.375879879467355,34.94847486395918,3525.6620771519206,3048.738338694321
vid_000075_frame0000165.jpg,86.73931327160494,105.79180555555556,34.43965621948132,35.214793785703165,3525.7974227442464,3040.589409049687
vid_000075_frame0000170.jpg,87.14886574074075,105.66664351851851,33.407415008819235,33.27317917121774,3298.1258358624227,2821.911866757878
vid_000075_frame0000175.jpg,87.32118827160494,107.78398919753086,34.39248188654616,34.049837268875756,3358.3604908449906,2957.7392182496474
vid_000075_frame0000180.jpg,90.5429012345679,109.91200617283951,34.19605324642334,33.42812592361998,3173.477246981214,2949.0781204844443
vid_000075_frame0000184.jpg,88.20103395061729,107.80637345679013,34.78569712165603,33.74306937704374,3337.480142860987,3065.956183090361
vid_000075_frame0000185.jpg,86.3922762345679,105.49207561728394,34.63876972140586,33.0623762642856,3202.6316782163904,2836.849639864112
vid_000075_frame0000190.jpg,81.95547067901235,102.35939043209876,33.199297881037985,30.2385321176215,3071.6981514488425,2180.565697292179
vid_000075_frame0000195.jpg,79.441875,99.36262345679012,33.63254644130222,30.491467151375325,3149.5049057210695,2126.7387025390926
vid_000075_frame0000200.jpg,80.65623456790124,100.65763888888888,32.777932269229744,29.91653350809889,3003.5583326388887,2053.213075796789
vid_000076_frame0000001.jpg,89.4420524691358,108.07118055555556,28.245651202207274,29.30007694436646,3075.1540854694763,2328.2007666532704
vid_000076_frame0000002.jpg,89.68945987654321,108.2191975308642,28.212548648632875,29.147519248958204,3080.899311211848,2303.420616223649
vid_000076_frame0000003.jpg,89.20912808641975,107.28353395061728,28.360024329144068,29.26260059673495,3084.9640867969824,2292.5434693000657
vid_000076_frame0000004.jpg,90.10521604938272,108.29881172839507,28.174512285857148,29.353006899125504,3005.0242272113983,2295.0017330416
vid_000076_frame0000005.jpg,93.20844907407407,111.24015432098766,26.72683284148356,27.785191710176246,2814.259557609358,2102.216818083181
vid_000076_frame0000006.jpg,97.56039351851852,114.57995370370371,18.06224860988086,20.585889314934768,2493.354349372654,1983.2904666580937
vid_000076_frame0000007.jpg,100.24842592592593,117.61421296296297,15.969961115047148,19.716317077557736,2435.0046428097253,2119.0853130286323
vid_000076_frame0000008.jpg,99.12213734567901,115.5182638888889,15.807355318336732,19.623336362876973,2417.6171572096832,2142.768651967533
vid_000076_frame0000009.jpg,100.15345679012346,116.35023148148149,15.812853726917025,19.727653593482447,2427.1413490220984,2135.0306745075063
vid_000076_frame0000010.jpg,99.50431327160494,115.73975308641975,15.875634426148933,19.79090123122168,2471.1454702501046,2162.5061930126294
vid_000076_frame0000012.jpg,99.79877314814814,116.91136574074073,15.900846608830317,20.1982360910627,2465.863223336227,2157.935850068349
vid_000076_frame0000013.jpg,100.47978395061729,117.24970679012345,15.865312499098888,19.91473432995144,2398.4495803609866,2145.408493043886
vid_000076_frame0000014.jpg,99.5411111111111,116.12184413580248,15.918459022603948,19.870386909170914,2449.7660703551287,2199.4296578244075
vid_000076_frame0000015.jpg,98.85483024691358,115.67961419753087,15.97842845034482,19.82814454003549,2488.9257333066607,2201.6882567205835
vid_000076_frame0000016.jpg,97.40857253086419,114.3599074074074,15.903414755782187,20.076544587752622,2479.8108705739883,2202.5877484529797
vid_000076_frame0000017.jpg,98.25257716049383,115.31851851851852,15.863754435126538,20.0110547294604,2485.7319524174573,2197.7857320601256
vid_000076_frame0000018.jpg,98.55624228395062,115.3864737654321,15.995545302412964,20.24599520079485,2531.4898052352446,2272.6126396732943
vid_000076_frame0000019.jpg,99.59286265432098,116.50557098765432,15.844275555715924,20.046327127675422,2456.6240452589163,2258.2226281406583
vid_000076_frame0000020.jpg,98.39148148148148,115.96189043209877,15.978406965753416,20.00941961372489,2506.779237645748,2184.173322830932
vid_000076_frame0000021.jpg,99.64878858024692,117.17855709876544,15.985342656934904,20.15838462668927,2450.2410212733744,2209.7823087748034
vid_000076_frame0000022.jpg,100.32676697530864,117.6038425925926,15.867725986211044,19.856824806784232,2390.7195091047,2178.1128438271603
vid_000076_frame0000023.jpg,99.99313271604939,117.52054012345678,15.897933975591387,20.362395617014766,2403.7198397318793,2177.3774279299555
vid_000076_frame0000024.jpg,98.56068672839505,115.6188348765432,15.900951301924733,20.051357637001335,2485.3596128852664,2215.8387448544786
vid_000076_frame0000025.jpg,97.08999228395062,114.20847993827161,15.942137226601469,20.16355540748937,2454.4402611620153,2188.730528556467
vid_000076_frame0000026.jpg,94.83558641975308,112.00502314814815,16.017570087499653,19.973015694702244,2540.691775376276,2190.560804931068
vid_000076_frame0000027.jpg,94.72694444444444,112.01502314814815,15.84109729479263,19.96012725834225,2512.2691707475997,2189.253339848572
vid_000076_frame0000028.jpg,93.79820987654321,111.25916666666667,15.93889827676115,19.805461101146125,2591.9942881944444,2202.2756207123534
vid_000076_frame0000029.jpg,92.61297839506173,110.33991512345679,15.900672051354258,19.683788199785894,2580.982668788044,2158.803464106022
vid_000076_frame0000030.jpg,91.85344907407408,109.80121913580247,16.000823560561926,19.452435462617224,2657.2162744079,2141.166219058642
vid_000076_frame0000031.jpg,96.27065586419754,113.46810185185186,15.672560752047902,19.743279473278914,2541.9186335388563,2210.0862581151887
vid_000076_frame0000032.jpg,95.46682098765432,112.54629629629629,15.819793267602549,19.798516401858944,2577.1549300733027,2289.823131100442
vid_000076_frame0000033.jpg,96.86746913580247,114.58610339506173,15.71135609237449,19.92906153366902,2531.8700740719305,2218.4091341301228
vid_000076_frame0000034.jpg,99.3082561728395,116.73596450617283,15.703349284442167,20.19717503498452,2476.077627561954,2271.915180892537
vid_000076_frame0000035.jpg,102.85622685185186,118.85078703703704,15.79305160420967,20.432180145341412,2452.885149176002,2411.503637722908
vid_000076_frame0000036.jpg,102.59270833333333,119.00097222222222,15.74767426228722,20.48193231909333,2531.9153569556374,2399.1281785148512
vid_000076_frame0000037.jpg,102.96584104938272,119.57472222222222,15.611772865157027,19.832808581215517,2491.0938837439035,2310.9893162550843
vid_000076_frame0000038.jpg,105.53331790123457,121.02574074074074,27.377382941172094,27.423520494333964,2416.251567662549,2215.6190628757404
vid_000076_frame0000039.jpg,94.9164274691358,112.68015432098765,31.87033236532888,33.24631230790793,2758.366745004513,2389.062703631306
vid_000076_frame0000040.jpg,91.27925154320988,110.37869598765432,33.66167782611915,35.44383543751683,3305.9488362080383,2719.807378180727
vid_000076_frame0000041.jpg,90.45854166666666,109.62194444444444,33.7933356034381,35.40100620976161,3380.2612354595335,2724.836551424552
vid_000076_frame0000042.jpg,89.01735339506173,108.34628858024692,32.09089905650419,33.58598761622862,3491.0090266331717,2512.3122283948237
vid_000077_frame0000001.jpg,88.44493827160494,112.10654320987655,21.407998872779547,25.192263297010662,2822.467689964313,2109.2225986604085
vid_000077_frame0000002.jpg,88.75440586419754,113.1157098765432,21.3653886022557,25.132790361357156,2786.454478623626,2074.5519628981265
vid_000077_frame0000003.jpg,88.82680555555555,112.65271604938272,21.499468210028898,25.45252440910165,2786.9370067291575,2045.7845282273447
vid_000077_frame0000004.jpg,88.30550154320987,112.47032407407407,21.509372289219232,25.801278479782205,2793.795614806241,2095.223326891623
vid_000077_frame0000005.jpg,88.31192901234567,112.03052469135802,21.541643913904977,25.777968336867644,2879.818157195692,2081.09706795458
vid_000077_frame0000006.jpg,91.5723611111111,114.13264660493827,19.504480214491746,23.199843462151247,2615.870144318641,2098.5088534493
vid_000077_frame0000007.jpg,88.00000771604938,109.84601851851852,19.202632720411078,25.61425522180097,2706.5896954646782,2307.8891384596836
vid_000077_frame0000008.jpg,87.12895061728395,110.4937962962963,19.99709025463161,29.0081926236682,2798.5197897033604,2802.3692877190974
vid_000077_frame0000009.jpg,89.93375771604939,111.71788580246914,20.12684396697426,29.157057324539203,2676.498825284827,2811.799305357832
vid_000077_frame0000010.jpg,90.47268518518518,113.13493055555556,20.174270701696656,29.96529750474116,2806.6793307741177,3118.6668246955846
vid_000077_frame0000011.jpg,90.95253086419753,113.64005401234567,19.99488514261413,29.6424724324855,2740.355596563441,2857.8820759458713
vid_000077_frame0000012.jpg,91.58377314814815,114.20528549382716,19.84903682609932,29.33655356106666,2788.536557058518,2916.34847290714
vid_000077_frame0000013.jpg,86.19763888888889,109.22467592592592,20.14139250290353,28.363831065348315,2832.3571035055634,2653.8128572315936
vid_000077_frame0000014.jpg,91.329375,113.17112654320988,20.060806285834328,28.500120580685557,2748.630658778197,2683.119742781148
vid_000077_frame0000015.jpg,92.95335648148148,114.06626543209876,19.67292607544273,28.409129133990856,2685.214704861111,2696.668766160301
vid_000077_frame0000016.jpg,94.47881172839506,116.35932098765431,19.164819922506048,28.48861603107639,2674.0394872875704,2817.1518595630787
vid_000077_frame0000017.jpg,97.82299382716049,119.39271604938271,18.977744738455797,28.363695649450914,2592.215700357939,2722.1021306010425
vid_000077_frame0000018.jpg,98.26218364197531,120.0365200617284,18.731113587274038,26.908910726193966,2571.9780082375373,2499.9637578265506
vid_000077_frame0000019.jpg,86.56730709876543,109.28383487654321,19.958250189298994,27.14794261212992,2748.506932612633,2397.8467397002646
vid_000077_frame0000020.jpg,89.88923611111112,111.36148919753086,20.213259801254644,27.545227902300937,2681.3260206894906,2588.5198687983443
vid_000077_frame0000021.jpg,92.6966512345679,114.67966049382716,20.17584083998942,28.213228114228194,2698.481399476964,2691.6246449664686
vid_000077_frame0000022.jpg,92.32364197530865,114.29315586419753,20.20809472195663,27.6078288806542,2705.255063365912,2615.881301045894
vid_000077_frame0000023.jpg,90.87172067901234,112.32145833333334,20.197021147757592,27.573923750917498,2710.6648255134505,2568.064140940548
vid_000077_frame0000024.jpg,92.65692129629629,114.11225308641976,20.057396939858997,27.566307957899884,2677.6613251705153,2630.684894237731
vid_000077_frame0000025.jpg,94.93101851851851,115.89581790123457,19.828116203323418,27.213089643444544,2599.0438007077805,2532.95695404658
vid_000077_frame0000026.jpg,96.18192901234568,117.70875771604938,19.67850798525704,27.562661782508915,2610.0796167809185,2506.8048844206655
vid_000077_frame0000027.jpg,86.25055555555555,108.22803240740741,20.521026923320733,27.391627364542657,2773.2792954860515,2599.7656255713205
vid_000077_frame0000028.jpg,88.64209104938271,110.09923611111111,20.620635227138916,27.957640567171264,2759.1804354745373,2649.8450391622846
vid_000077_frame0000029.jpg,92.18676697530864,112.94077932098766,20.551832678140105,27.630241874788677,2527.9284184527296,2506.785209283491
vid_000077_frame0000030.jpg,93.77000771604938,114.9786111111111,20.46534477046538,27.555827831036098,2562.108484138993,2645.295593619256
vid_000077_frame0000031.jpg,94.92587191358025,115.45837191358025,20.72041227787409,26.278353502101943,2597.6736344087576,2555.916601123054
vid_000077_frame0000032.jpg,95.18385030864198,115.11503086419754,19.585340007255805,24.98578471157887,2505.148473818778,2298.618254230431
vid_000077_frame0000033.jpg,106.86815586419753,125.06773919753087,19.757425580794795,28.969693923663527,2290.9067771262003,2370.337053433106
vid_000077_frame0000034.jpg,101.45092592592593,120.13279320987654,20.697749156135686,29.851789582402805,2399.1796669217247,2368.486772689412
vid_000077_frame0000036.jpg,95.71345679012346,117.45099537037036,22.47237414647142,31.458251872790928,2551.195248270081,2252.874342818299
vid_000077_frame0000037.jpg,93.82479938271605,114.54919753086419,19.458784770475862,26.89024564938815,2609.0619264902807,2441.4141438266242
vid_000077_frame0000038.jpg,92.99156635802468,114.9054938271605,16.75883215227872,21.1820952971109,2538.4407233643883,2167.9693853335525
vid_000077_frame0000039.jpg,97.74395833333334,119.9980864197531,16.076393813144193,20.37232515302757,2482.494390174361,2257.494537258457
vid_000077_frame0000040.jpg,99.31899691358025,121.33489197530864,16.308919307968193,20.762546225353375,2438.6992710304617,2301.789900519881
vid_000077_frame0000042.jpg,104.62036265432099,124.66969907407407,20.975077521405627,33.78111869080176,2446.2557809632676,2601.1486643989456
vid_000077_frame0000050.jpg,108.47951388888889,128.8513811728395,19.32911943408259,24.03736489095682,2263.1119079322893,2212.432331275185
vid_000077_frame0000051.jpg,98.95319444444445,119.93190586419753,23.480222515202577,25.478800203180832,2421.4433424210656,2022.0494499480237
vid_000077_frame0000053.jpg,94.1787962962963,117.2067438271605,24.81770744593636,26.24555672358031,2544.0567906357164,1794.8778131665808
vid_000078_frame0000003.jpg,90.83939814814815,113.67309413580247,21.289876026945592,23.921964018328946,2604.6850082587925,2150.5734476413654
vid_000078_frame0000004.jpg,92.76476851851852,115.3100925925926,21.60841827215019,24.39639374516661,2607.417977618634,2139.6043672601354
vid_000078_frame0000005.jpg,102.15399691358024,123.64245370370371,21.950224718611,24.534607395039377,2432.1869521888334,2063.0833058946805
vid_000078_frame0000006.jpg,99.23379629629629,121.37631944444445,20.85126339028047,23.37130401300547,2393.9272950617287,2041.9147844492431
vid_000078_frame0000009.jpg,98.54204475308642,120.06193672839507,16.558313737928636,21.990625077764648,2415.5324939793386,2273.34863152286
vid_000078_frame0000011.jpg,100.09677469135802,120.83398919753087,16.673411656408263,23.008263625121586,2476.504495240281,2342.276126350249
vid_000078_frame0000014.jpg,101.90689814814814,122.98969907407407,17.054619643398215,24.463227513400735,2493.9698220807013,2683.8756558106143
vid_000078_frame0000032.jpg,95.46176697530865,117.97963734567901,23.940625912870793,28.90911061260259,3034.1985548124694,2661.171450197188
vid_000078_frame0000033.jpg,94.91878858024691,117.41108796296297,24.58815869933778,28.285664348086875,2930.1940582513503,2648.245083791474
vid_000079_frame0000008.jpg,72.93684413580247,98.38239969135803,26.381226383028896,26.62230622402811,3137.965590263429,2193.497372444892
vid_000079_frame0000010.jpg,76.10532407407408,99.82223765432099,26.580025094042224,26.846109896926247,2969.0023685185183,2323.39865543529
vid_000079_frame0000011.jpg,75.02199845679013,99.14480709876543,26.181385380659577,27.130523191051747,2979.5911593790493,2515.091846705675
vid_000079_frame0000012.jpg,72.3793287037037,96.72595679012346,25.919425067806916,27.25126583895312,3159.338343942842,2605.144237649499
vid_000079_frame0000013.jpg,70.8255787037037,95.88121913580247,25.787555348527587,26.721712787846833,3064.6053619583886,2478.042862909379
vid_000079_frame0000014.jpg,71.97253086419754,96.67173611111112,26.257367309750816,27.362517401730276,3174.392603071178,2673.3466562526196
vid_000079_frame0000015.jpg,76.22209104938271,101.57733024691358,26.88188650691618,27.40045718566626,3018.042373110044,2258.9161598121837
vid_000079_frame0000016.jpg,80.41591820987654,103.91819444444444,26.81994026251118,27.329437207853253,2841.43221332251,2330.6728432782256
vid_000079_frame0000017.jpg,81.4542824074074,104.74409722222222,26.46530181247107,26.991466985010163,2810.3231987873414,2226.2114578660244
vid_000079_frame0000018.jpg,82.01249228395062,106.53865740740741,25.776883481702388,26.89628375220128,2902.0778796481454,2217.0683468744646
vid_000079_frame0000019.jpg,81.53587962962963,106.20238425925926,25.800107240859138,27.80202922795117,2758.318406142773,2285.829621478957
vid_000079_frame0000026.jpg,89.5734413580247,111.82655864197531,25.307071393975463,27.213554088358574,2716.3067954317535,2443.102482826968
vid_000079_frame0000027.jpg,91.29431327160493,113.8746450617284,25.963360789073306,28.155354878986575,2743.1163082061016,2330.5806535884394
vid_000079_frame0000039.jpg,94.07526234567901,115.80991512345679,26.24421010383785,29.00214820947581,2616.807901234568,2269.997704892309
vid_000079_frame0000050.jpg,97.14981481481482,119.15516203703703,26.852261152052954,28.563798643600244,2551.753845192949,2102.8559231023637
vid_000079_frame0000055.jpg,94.92471450617283,117.503125,26.766903111046442,29.050566909532748,2585.936294772139,2093.8313901213132
vid_000079_frame0000058.jpg,91.43154320987654,115.18682098765431,26.03482927297247,28.630630974837725,2678.433438592571,2090.841784653397
vid_000079_frame0000061.jpg,91.39408950617283,115.4119212962963,25.698001296241276,28.90005400983852,2697.27355838263,2099.962475022624
vid_000079_frame0000070.jpg,96.2897299382716,117.8267438271605,26.766454488479734,29.494777172352414,2670.725485967983,2250.4761447757105
vid_000079_frame0000073.jpg,93.48800154320988,115.29756944444445,26.47852631920883,29.351635866558052,2721.761395221527,2228.537389721877
vid_000079_frame0000079.jpg,89.54778549382716,112.45171296296296,25.46333542791441,28.438170127733358,2701.8983751985575,2233.619919234873
vid_000079_frame0000090.jpg,89.85265432098765,112.57391203703703,25.488442413342636,27.598252091251407,2709.2672339791357,2166.0173698214353
vid_000079_frame0000097.jpg,89.04038580246913,112.71719907407407,25.30016569943876,27.493705798106568,2688.98906592882,2045.538021269088
vid_000079_frame0000101.jpg,88.48672839506173,110.96359567901234,25.27585877527142,25.972804545523793,2730.0480520109363,2120.718232165864
vid_000079_frame0000110.jpg,87.13714506172839,110.62074074074074,24.592858541292905,25.78934526274238,2699.048639852859,2128.852820438957
vid_000079_frame0000111.jpg,85.14344907407407,108.21701388888889,24.485382408370405,25.73705797927998,2857.177415875771,2204.6331246282484
vid_000079_frame0000115.jpg,83.76288580246914,107.43340277777777,24.88801267689884,26.307396568127153,2875.1668925325193,2295.505564840475
vid_000079_frame0000118.jpg,89.9949537037037,113.52849537037036,25.208064843951608,27.327927249737655,2710.2661043093185,2248.343911983453
vid_000079_frame0000120.jpg,87.04820987654321,110.98095679012346,24.523764423244977,26.298174636426946,2770.9849963300535,2254.9279871098515
vid_000079_frame0000121.jpg,85.31416666666667,109.05822530864198,24.64831937619658,26.20398386328424,2796.846740883393,2296.2849510230317
vid_000079_frame0000126.jpg,90.37758487654321,113.78966049382716,25.013918021462825,26.09150566345243,2649.338120691337,2160.6757920995633
vid_000079_frame0000127.jpg,87.49202932098765,111.4781712962963,25.29726168607889,26.39917493195463,2735.1302573773414,2093.2584284235804
vid_000080_frame0000009.jpg,79.73265432098765,103.80604938271605,27.22917470839429,27.068272287671718,2871.3866014988544,2118.4912917690117
vid_000080_frame0000020.jpg,81.71033179012346,103.99797067901234,27.720191220098105,27.375649615479645,2891.540800906636,2232.191526438186
vid_000080_frame0000023.jpg,82.185625,105.16238425925926,28.038601232945194,27.61828791471331,2955.0919641617493,2229.8461261902125
vid_000080_frame0000029.jpg,82.65184413580246,105.3226774691358,28.096308665772682,28.068036683445776,2851.0508171751158,2144.563403006342
vid_000080_frame0000030.jpg,82.28199845679012,104.90545524691358,28.038278894251864,28.152376188433827,2892.780228158758,2338.754113518745
vid_000080_frame0000031.jpg,82.50143518518519,105.27651234567901,28.02089852437075,28.17216428152802,2805.7677123194235,2236.647593409684
vid_000080_frame0000034.jpg,87.97898148148148,108.97724537037037,28.303352431101928,28.567296804790672,2772.99805753452,2387.3296470790947
vid_000080_frame0000037.jpg,86.71851080246914,108.49630401234568,26.146692363427594,27.555717717603873,2784.493416833312,2394.618902184726
vid_000080_frame0000045.jpg,86.59016975308641,109.28651234567901,27.21794358045739,28.164863686484313,2730.5024801095014,2147.815637401882
vid_000080_frame0000046.jpg,87.60388888888889,109.78959104938272,27.277270763561408,28.171220232176605,2770.15516813218,2222.4164056069367
vid_000080_frame0000051.jpg,82.90303240740741,106.02377314814815,26.979193001311884,27.922526161592803,2746.2129456980642,2085.7861246136617
vid_000080_frame0000052.jpg,83.13346450617284,106.42488425925926,27.144472652069066,27.846469337046543,2889.500621581123,2142.9185699559303
vid_000080_frame0000053.jpg,83.62858796296297,105.97499228395061,27.303977444167057,27.59307956241193,2790.0350859032064,2110.891976017137
vid_000080_frame0000054.jpg,84.21888888888888,106.30945987654322,27.48119538884726,28.05501853201533,2797.375401774632,2188.14518706752
vid_000080_frame0000055.jpg,85.82628858024691,107.40007716049382,27.64373216007038,27.97479603065962,2805.588820264572,2188.574550068349
vid_000080_frame0000056.jpg,87.30564814814815,109.43215277777777,27.88556679327808,28.47563846976235,2614.4781915749786,2141.807655027756
vid_000080_frame0000057.jpg,88.31320216049383,109.26430555555555,27.802545043361473,28.748693807888422,2753.8810296624347,2241.942800885679
vid_000080_frame0000058.jpg,88.155262345679,109.34726851851852,27.746097463755362,28.753940797152822,2712.5333345183667,2198.0019756296083
vid_000080_frame0000059.jpg,87.30936728395062,109.47329475308642,27.63399345647959,29.010920886055096,2637.181194855015,2161.2572618874788
vid_000080_frame0000060.jpg,86.7875848765432,108.90871913580247,27.84556110646444,28.7798977859419,2740.096953588439,2206.026028330226
vid_000080_frame0000061.jpg,87.57565586419753,108.56693672839506,28.23197422751029,29.082034530571526,2724.6224493767627,2187.1717913565362
vid_000080_frame0000063.jpg,90.53143518518519,111.28890432098765,29.04114098746507,29.556829134581495,2698.8687825788747,2167.496698790617
vid_000080_frame0000064.jpg,89.1063811728395,110.51125771604939,28.87747054296213,29.727883621641386,2641.012448765432,2154.458811553117
vid_000080_frame0000069.jpg,82.46843364197531,107.97718364197532,27.172733198759506,28.902281555357607,2867.5675143932303,2103.680136452558
vid_000080_frame0000071.jpg,83.65121913580246,108.58412037037037,27.220182521002148,28.570541209397078,2805.8464061413447,2060.12065963625
vid_000080_frame0000072.jpg,89.92400462962964,112.9742901234568,27.47535547259867,29.305892090575753,2807.701715970734,2099.2580551354595
vid_000080_frame0000074.jpg,93.6518287037037,116.69428240740741,27.954258612739878,30.0946982948373,2638.9488422019676,2130.2303172067896
vid_000080_frame0000075.jpg,92.66121141975309,113.97766203703704,28.110236016491083,29.41314037352514,2646.403063728614,2168.3437510716144
vid_000080_frame0000077.jpg,91.36337962962963,112.98155092592593,28.335550702956734,30.111912772265153,2636.73123531325,2097.401252407634
vid_000080_frame0000079.jpg,92.73141975308641,116.00873456790123,28.058652367418844,30.385686926637348,2644.7749808527064,2083.0200249464165
vid_000080_frame0000080.jpg,92.92539351851852,115.37037808641975,27.945184940201358,29.774596440946908,2626.346338637165,2003.5843369812505
vid_000080_frame0000081.jpg,90.59129629629629,112.59336419753086,28.12465662097959,29.35883838218588,2644.7802116897556,2053.85396412037
vid_000080_frame0000082.jpg,90.39487654320988,112.18841820987655,28.117960545382235,29.031765012672352,2721.3836962962964,2035.367483281357
vid_000080_frame0000083.jpg,89.90916666666666,111.43930555555555,27.866653197265485,28.64630206047491,2755.491687424745,2091.808923668029
vid_000080_frame0000084.jpg,89.9580324074074,111.76853395061728,27.645318450683302,28.731430997631964,2768.71359308074,2028.4333330975055
vid_000080_frame0000085.jpg,89.92260030864198,111.40306327160494,27.59137353498439,28.360149100002836,2735.3836994110557,2041.0882795115078
vid_000080_frame0000087.jpg,89.21353395061729,112.58948302469136,27.629624167675455,28.992067383740572,2798.041482920858,2106.2940579475307
vid_000080_frame0000088.jpg,89.66878086419753,112.98595679012345,27.875064370099032,29.601801022503864,2881.9848320086853,2155.6989388803154
vid_000080_frame0000089.jpg,89.78815586419753,112.59908950617285,27.902623170199885,29.507757597456642,2750.528456575789,2075.9790370653764
vid_000080_frame0000090.jpg,89.65712962962964,112.3936574074074,27.949791322492025,29.954043553477348,2886.429437368482,2198.834628660301
vid_000080_frame0000091.jpg,88.67530092592592,111.25218364197531,27.94418231297751,29.11636494178258,2791.1365843377894,2127.961876771774
vid_000080_frame0000105.jpg,85.68037808641975,106.99391203703703,27.86489994475352,28.806490957248513,2930.008599376941,2315.0788641203703
vid_000080_frame0000122.jpg,84.15891975308642,105.50518518518518,27.46567820171168,28.22089953642015,2904.98241293629,2326.0612066165118
vid_000080_frame0000124.jpg,83.028125,104.8311574074074,27.5388037796489,28.24589440646024,2882.107362394976,2403.729593484225
vid_000080_frame0000125.jpg,83.35658950617284,104.55054012345678,27.495911392547136,28.150183507366165,2917.804772404169,2435.025477337439
vid_000080_frame0000126.jpg,83.07581018518519,105.77756172839506,27.232962190471937,28.12167038583234,2983.329819482489,2325.4004400028934
vid_000080_frame0000132.jpg,81.03638117283951,105.36827160493827,25.753640438872075,26.498827881840658,2943.9077339163237,2206.5635479890043
vid_000081_frame0000010.jpg,83.41287808641975,106.19378858024692,19.57879346638435,22.73423514282756,2799.320839591668,2365.769135908148
vid_000081_frame0000014.jpg,85.74721450617284,108.90657407407407,19.774555662633848,21.885856882308907,2540.9213413635025,2050.7998596622083
vid_000081_frame0000016.jpg,85.72246141975309,108.69889660493827,19.567341818831526,21.968153339054204,2587.25761412037,2058.6365879798714
vid_000081_frame0000017.jpg,85.94604938271605,109.3241049382716,19.59884901061211,21.757056521003108,2537.050707723135,2066.753247487462
vid_000081_frame0000018.jpg,85.95144290123457,108.88199845679013,19.685846232751018,21.928174770918538,2535.562770516058,2044.0412479504243
vid_000081_frame0000020.jpg,85.73206790123457,108.75139660493826,19.615924481263907,22.08158540378286,2590.9804808927156,2116.4245314348036
vid_000081_frame0000021.jpg,85.36398919753087,108.50878858024691,19.57966642926699,21.765931087233337,2553.309953439298,2035.8201653348742
vid_000081_frame0000022.jpg,85.43570216049383,108.20972993827161,19.686413541666592,22.232307838139132,2636.97412879938,2076.37216961496
vid_000081_frame0000023.jpg,85.60447530864198,108.47260802469135,19.61624920972489,22.020398574580625,2646.3616496865357,2145.528882993196
vid_000081_frame0000024.jpg,85.68216049382715,107.37658179012345,19.830650214374188,22.61777200650107,2684.0437990395426,2191.12579192363
vid_000081_frame0000025.jpg,86.97841049382716,109.3849537037037,19.98202000297758,22.65768283629644,2603.26955670814,2116.1402462191354
vid_000081_frame0000026.jpg,88.4036111111111,110.05782407407408,20.29544852391878,22.70053173263478,2552.448699839725,2160.186457292858
vid_000081_frame0000029.jpg,87.58984567901234,110.13358024691358,20.22897205668178,22.52903501402831,2497.348260011574,2083.3704552154177
vid_000081_frame0000030.jpg,85.29653549382716,107.62888117283951,19.947711130734316,22.87241405773498,2665.410019489931,2204.891384515925
vid_000081_frame0000031.jpg,83.9898225308642,106.3488888888889,19.77133547852312,23.113663160376767,2734.1266271147097,2324.739647452215
vid_000081_frame0000032.jpg,83.4611651234568,104.76743055555555,19.77418556330121,23.06035377185572,2673.765932985575,2346.9122719463853
vid_000081_frame0000033.jpg,84.44068672839506,106.25578703703704,19.950309811264617,22.92775433117461,2737.692483338811,2326.839476592507
vid_000081_frame0000035.jpg,86.90462962962962,108.61518518518518,20.44149269569759,23.20977645549079,2649.120531549116,2214.7419352780043
vid_000081_frame0000036.jpg,88.18757716049383,109.99988425925926,20.513805197908795,23.323456407954733,2462.116806622407,2146.531323086646
vid_000081_frame0000037.jpg,89.5284799382716,110.58113425925926,20.806881889289524,23.71947012289665,2481.4040444643897,2190.1537058449076
vid_000081_frame0000039.jpg,87.33027777777778,109.38094135802469,20.890889899356537,23.584902271648865,2544.7648294731653,2320.334388713611
vid_000081_frame0000040.jpg,86.18871913580247,107.91777777777777,20.828989604089973,23.70983378054841,2635.757813831495,2306.5598432013035
vid_000081_frame0000041.jpg,85.17628858024692,105.3247299382716,20.92105482500334,24.33690212612977,2682.6815932436343,2424.063064088696
vid_000081_frame0000042.jpg,84.9639737654321,106.07649691358024,20.908833340918953,24.313942935314273,2772.042592483937,2460.8566819629605
vid_000081_frame0000043.jpg,84.69894290123457,104.81860339506173,21.0388728719494,24.878540220069052,2738.3295523604797,2442.8280455241556
vid_000081_frame0000044.jpg,84.3420061728395,104.72990740740741,20.92858980638477,24.15507028269214,2707.6664753076893,2374.87941148834
vid_000081_frame0000045.jpg,83.63156635802468,104.1376311728395,20.89622851663338,23.988690119469158,2784.593204496682,2477.200777891137
vid_000081_frame0000046.jpg,84.28182098765433,106.00756944444444,21.15916620723129,23.8173663775049,2646.654617581102,2216.458697271519
vid_000081_frame0000047.jpg,85.64849537037037,105.97765432098765,21.8268297153131,24.57031219605014,2746.4483289892446,2449.3389363996885
vid_000081_frame0000048.jpg,86.25156635802469,106.58154320987654,22.186834528714257,24.14316485771694,2687.934282806546,2361.030520537492
vid_000081_frame0000049.jpg,86.66314814814815,108.57628086419753,21.966772114404982,23.568487652840666,2635.451842489653,2290.949509224966
vid_000082_frame0000001.jpg,89.67975308641975,109.36849537037037,30.551290418496734,32.75644960130757,3042.14413979743,2805.4238240854456
vid_000082_frame0000002.jpg,89.77271604938272,110.62152777777777,30.325232068864423,32.79126181423336,2924.2086413293873,2754.5937690519736
vid_000082_frame0000003.jpg,84.84617283950617,107.53469135802469,26.38004929458892,29.420843532502587,3026.3194168547457,2564.986637255123
vid_000082_frame0000004.jpg,80.16229938271604,102.86916666666667,27.045799089998116,30.047978300092662,3206.644940069873,2528.1150239668473
vid_000082_frame0000005.jpg,80.30098765432099,103.29347222222222,27.571474886548973,30.370267257863294,3291.9757822144466,2541.9913039542375
vid_000082_frame0000006.jpg,83.45175154320988,105.79721450617284,26.763512264893112,28.488963045171936,2924.4989279813954,2285.6783842554487
vid_000082_frame0000007.jpg,88.52864969135803,107.99297839506173,25.675010612187208,26.668649754147843,2667.0979299763158,2069.26575051226
vid_000082_frame0000008.jpg,88.44568672839506,106.13345679012346,31.246005879181755,30.955838184100777,2748.4601676168245,2236.425727394595
vid_000082_frame0000009.jpg,78.15641203703704,95.9123225308642,42.456644768116426,40.74341258587562,2930.7426322011097,1891.3081046296297
vid_000082_frame0000010.jpg,71.10224537037037,89.91728395061729,41.43344359384978,40.57428308890536,3174.8583309134947,1835.3755272917142
vid_000082_frame0000011.jpg,71.4086188271605,89.56195216049383,41.11917430056521,39.339300060038696,3294.2146241995792,1890.3445462191357
vid_000082_frame0000012.jpg,69.02493055555556,88.19731481481482,40.74245371024673,38.81326339834473,3413.546268586154,1849.9608876769453
vid_000082_frame0000013.jpg,61.41249228395062,81.90958333333333,40.45650457161022,39.54950313573078,3241.558981738624,1609.061146958352
vid_000082_frame0000014.jpg,67.89256172839507,88.79507716049383,41.1975386593143,39.693924619412186,3152.2658430460297,1697.961098375819
vid_000082_frame0000015.jpg,82.96533950617284,100.9174537037037,41.408292087315544,40.57275214935715,2745.663221377684,1880.9604344840723
vid_000082_frame0000016.jpg,87.67141203703704,105.15807870370371,41.047497337433924,40.045769767191295,2617.660126452654,2024.6929590677273
vid_000082_frame0000017.jpg,81.64784722222223,99.73996913580247,33.067083085622684,33.18966713180527,2879.264256982489,2045.6865567784541
vid_000082_frame0000018.jpg,77.18502314814815,97.10222222222222,27.616572555374322,28.048616270528534,3121.1111524643134,2077.4346479547116
vid_000082_frame0000019.jpg,76.46429012345679,100.27416666666667,28.858992641570126,31.451674216708252,3344.0034756296077,2329.8018627157044
vid_000082_frame0000020.jpg,77.93095679012346,100.96087191358025,31.456660637570366,33.696631396174354,3624.8581330587467,2579.7552948778766
vid_000082_frame0000023.jpg,80.62609567901235,103.1512962962963,31.603387718911296,33.68818726620029,3608.6957107681756,2548.002287218984
vid_000082_frame0000024.jpg,81.38456790123456,103.9558950617284,31.683899201967726,33.98452987469155,3606.463140106072,2603.948954989474
vid_000082_frame0000025.jpg,81.95963734567901,104.18655864197531,31.703473475694068,33.78323048381382,3656.680230814663,2613.2677521575765
vid_000082_frame0000026.jpg,81.47664351851851,103.68663580246914,30.13162371470627,32.037628779576956,3332.0612106433255,2358.7310425001906
vid_000083_frame0000001.jpg,81.42507716049383,102.71106481481482,19.079869590884456,26.285408296206246,3088.8175288622515,3632.288149819423
vid_000083_frame0000002.jpg,81.82754629629629,104.01802469135802,18.589773767650446,24.378864982327435,2827.2428223191496,2953.35611880787
vid_000083_frame0000004.jpg,84.99317901234568,107.0712962962963,18.850094960432887,23.95008718350298,2738.619651746828,2686.487234749847
vid_000083_frame0000008.jpg,86.93698302469136,107.61695216049382,20.66363559395075,25.60992666520336,2713.60027181064,2811.011254715304
vid_000083_frame0000042.jpg,84.28541666666666,107.31176697530864,19.85964766121553,23.846894299072396,2651.586914864112,2432.312449893309
vid_000084_frame0000008.jpg,80.08283950617285,104.30424382716049,18.323572451061597,21.4581680442924,2732.0555315500683,2202.0685259478355
vid_000084_frame0000012.jpg,82.06489969135802,106.68824074074074,18.46671370011225,21.458658875432253,2638.5125598336167,2199.151579355043
vid_000084_frame0000041.jpg,81.29499228395062,102.92354938271605,20.27486835101957,25.1751268167886,2756.196125251248,2611.747010493768
vid_000084_frame0000047.jpg,83.89845679012346,107.79731481481481,20.169370359654835,23.455435789991675,2649.5421882358232,2286.3589765560105
vid_000084_frame0000056.jpg,85.78469907407407,109.63206790123456,20.403975166865422,24.099767160810202,2564.0165187742314,2215.7009359210083
vid_000084_frame0000064.jpg,86.84776234567902,108.4915586419753,22.789391746287187,26.36208006139174,2573.123541974773,2288.9770084442516
vid_000084_frame0000065.jpg,84.66693672839506,105.86537037037037,23.245845959029648,25.80143953872018,2595.73194772323,2329.64270359868
vid_000084_frame0000071.jpg,83.80795524691358,106.13043981481482,28.24809553262342,28.89847649596851,2677.4103301082505,2266.898731198024
vid_000084_frame0000073.jpg,88.40894290123457,108.3904938271605,22.284586351370265,25.453920768168192,2601.5785383439434,2386.650505608365
vid_000084_frame0000074.jpg,88.17294753086419,110.44988425925926,21.2223010386195,24.67608061386396,2527.793380743932,2287.150398052352
vid_000084_frame0000075.jpg,88.12762345679012,109.07231481481482,21.43640809191005,24.894308416889444,2562.9982776625134,2337.2811831844897
vid_000084_frame0000081.jpg,89.80847222222222,111.86175925925926,21.385177148628923,24.323682015302495,2485.755884409234,2143.643085800326
vid_000084_frame0000082.jpg,88.8180324074074,110.60858024691358,21.29674264677928,23.761246209765417,2577.660049189279,2110.6194292257273
vid_000084_frame0000092.jpg,85.8416512345679,109.82276234567901,21.052191970899308,23.821210146910534,2632.551110253772,2141.650290457759
vid_000084_frame0000096.jpg,84.6830787037037,108.6911574074074,20.88936171369375,23.837939574690196,2728.4686388531068,2234.5922262972013
vid_000084_frame0000097.jpg,83.9185262345679,107.36838734567901,20.886164627044753,23.912294587308224,2717.2450041571406,2262.0440893246437
vid_000084_frame0000098.jpg,84.2025925925926,107.12341820987655,20.737449485886597,23.54095867924804,2692.9399297681734,2227.1613767908852
vid_000084_frame0000124.jpg,82.54471450617284,104.77724537037037,21.607156321844887,25.01541751399864,2795.7612573873434,2486.9009338875076
vid_000084_frame0000127.jpg,82.14814043209877,104.80938271604938,20.798054732280743,23.435477977076168,2729.2582122551225,2337.4385108558145
vid_000084_frame0000128.jpg,81.69587191358025,105.08920524691358,20.01919098390993,23.263296957335125,2824.41457802206,2418.867112370863
vid_000085_frame0000008.jpg,102.69736882716049,115.98868055555556,25.08713141891707,27.155905388836906,2442.987461584017,2179.0787446401437
vid_000085_frame0000009.jpg,97.03243055555555,110.51948302469135,21.820532488321206,25.200806008899175,2332.24182029321,2258.258656429505
vid_000085_frame0000010.jpg,97.27542438271605,110.82215277777777,21.729669746077665,25.109573422587516,2456.5635185754363,2222.7668703322665
vid_000085_frame0000011.jpg,94.62524691358024,107.44439814814815,21.80551751449243,27.013145710007933,2582.7258064412345,2522.1063382243915
vid_000085_frame0000012.jpg,96.07081790123456,108.5066975308642,21.563568104392324,25.968908610150322,2532.4450650146227,2457.111874763696
vid_000085_frame0000013.jpg,94.7265200617284,106.97958333333334,19.42007839413822,24.355455123459166,2542.718084207581,2332.922576031605
vid_000085_frame0000015.jpg,99.4789737654321,117.06949074074075,17.97594730060839,23.23555341802492,2525.6012742269068,2251.3988461353074
vid_000085_frame0000019.jpg,98.60198302469136,115.91180555555556,18.052721164355898,24.466669810509813,2421.305911521681,2357.815415450615
vid_000085_frame0000021.jpg,100.24461419753086,116.75280092592592,18.114070404258005,24.370922812419064,2516.7963009221153,2328.7134416321346
vid_000085_frame0000022.jpg,99.46592592592593,116.54050154320987,18.033146249305307,23.80812695294852,2476.1032015410665,2387.827332292857
vid_000085_frame0000024.jpg,97.7180324074074,114.89558641975309,18.38963808860343,24.520300715671823,2582.5361930212025,2352.411166589506
vid_000085_frame0000027.jpg,98.18243055555556,115.20739969135802,18.523185295059697,24.634174718705886,2595.4285719554946,2365.7480703160127
vid_000085_frame0000031.jpg,97.10263117283951,114.45996913580247,18.330253929673543,24.56491468196828,2610.467343962191,2361.0590570985273
vid_000085_frame0000033.jpg,78.93214506172839,98.6360725308642,18.338316932847857,23.285552328199284,2981.9817760164224,2119.0589943013165
vid_000085_frame0000034.jpg,78.31063271604938,98.29382716049383,18.45476003121002,23.65334932135985,3068.196451920201,2157.035225335731
vid_000085_frame0000035.jpg,78.06081018518519,97.4959799382716,18.477410665435663,23.912467676555544,3030.27864304216,2163.3359876007376
vid_000085_frame0000036.jpg,79.0230787037037,98.87402777777778,18.436054394384247,24.52382303865625,2983.355123898796,2149.6105676952343
vid_000085_frame0000037.jpg,80.1251311728395,99.44693672839506,19.808399699901685,26.450126473460312,2975.561943414685,2196.5301277603926
vid_000085_frame0000038.jpg,85.17400462962964,103.10009259259259,25.41451858281551,32.35087029174644,2785.6104674380335,2208.7240731586267
vid_000085_frame0000039.jpg,82.11373456790123,102.1455324074074,20.785135646196306,27.245792816187087,2797.2161049189813,2168.5261623218644
vid_000085_frame0000040.jpg,81.66190586419754,100.04686728395062,20.92004707988182,26.75605898383736,2774.109577672754,1991.8710838932236
vid_000085_frame0000041.jpg,80.61625771604939,98.775625,21.15961357135659,27.32004170947627,2766.7823715405784,1996.1540460845813
vid_000085_frame0000042.jpg,78.58406635802469,97.33851080246913,20.263769152229695,25.362924997897174,3085.6344919309536,2081.009931300904
vid_000085_frame0000043.jpg,78.548125,98.25323302469135,18.3831717036427,23.12124713381309,3028.1404172646603,2127.874038271605
vid_000085_frame0000044.jpg,78.27243827160494,97.344112654321,18.608680759537663,22.54892975478159,3001.3316921103396,2123.741251452653
vid_000085_frame0000045.jpg,80.34059413580248,97.41302469135802,19.879621683748866,24.127862782604275,2919.201958776232,2141.881338475223
vid_000085_frame0000046.jpg,81.87330246913581,98.92651234567901,20.2144371512197,24.36781519681026,2826.3102135716736,2168.4516527705737
vid_000085_frame0000047.jpg,80.99600308641975,98.5658950617284,19.987967817701527,23.672179401016844,2827.4201883115547,2102.159829663685
vid_000086_frame0000009.jpg,83.75691358024692,108.56345679012345,23.24756853830415,23.952627522071477,2775.9042806326565,1875.4152936954638
vid_000086_frame0000011.jpg,80.3987037037037,104.53884259259259,22.999274039506275,23.735971566196152,2824.1480137517146,1913.823171532005
vid_000086_frame0000012.jpg,76.4759799382716,100.56487654320988,22.6654886719951,23.57551835539357,2868.487588614005,1911.89372992303
vid_000086_frame0000013.jpg,76.7841512345679,101.53625771604938,22.921622670606705,23.781951156499453,3008.9605722007295,1969.3303340272419
vid_000086_frame0000014.jpg,78.435887345679,102.61538580246913,23.296117690381354,24.613306354426165,2948.2253089811,1981.9333234948347
vid_000086_frame0000015.jpg,79.78207561728395,103.33006944444445,23.54752486299344,24.958109289072777,2938.983023704466,1999.6533258529926
vid_000086_frame0000016.jpg,78.17600308641975,102.57112654320987,23.624077709085885,24.92233249646256,2920.670726294522,1993.1246850556317
vid_000086_frame0000019.jpg,75.01929012345678,99.72540895061728,23.70215612664027,25.135600633365485,2859.136546478242,1967.7145104938272
vid_000086_frame0000021.jpg,78.52735339506172,102.50614969135802,24.256402844450626,25.29913644324424,2928.9949836862115,2070.470846614881
vid_000086_frame0000023.jpg,76.93783179012345,100.98723765432099,24.267884793197428,24.948129660202703,2902.8929503600225,2009.3929667885993
vid_000086_frame0000024.jpg,74.04777777777778,98.76819444444445,23.793454424626745,24.410251985321306,2865.299571754437,1984.6369458132692
vid_000086_frame0000025.jpg,73.70506172839507,98.22127314814814,23.40038023978585,24.056708907097455,2852.6294650184327,1983.5808045338338
vid_000086_frame0000026.jpg,74.6196913580247,99.13328703703704,23.55902512243567,24.343371153841023,2871.877054731558,2026.2455871327134
vid_000086_frame0000027.jpg,76.53537037037037,100.4160725308642,23.38914882776877,24.309437645677043,2923.276152945435,2024.8014565100002
vid_000086_frame0000028.jpg,77.96179783950618,102.0375848765432,23.33188419129328,24.36390138652094,2948.3080702672514,1988.5243737396522
vid_000086_frame0000029.jpg,79.46780864197531,103.59791666666666,23.234773936694715,24.239621273585993,2905.2774722836057,2000.1149019284762
vid_000086_frame0000031.jpg,80.33877314814815,104.45775462962963,23.151000759128223,24.414775983333055,2902.170659601659,2003.412646540102
vid_000086_frame0000034.jpg,79.28808641975309,103.88749228395062,23.02644313339009,23.986688779795507,2917.8389269868826,1997.4199349136352
vid_000086_frame0000036.jpg,79.4430787037037,103.91892746913581,22.88837480740065,23.825752674707765,2729.0717813890797,1951.6410779368618
vid_000086_frame0000038.jpg,78.98302469135803,103.41148919753087,22.880027049040443,23.67734153695468,2886.0483039860896,1995.3574434134944
vid_000086_frame0000040.jpg,78.37008487654322,102.4578086419753,22.70982285618852,23.46982750730481,2826.3569583523854,1971.216265180553
vid_000086_frame0000042.jpg,78.31932098765432,102.66643518518518,22.55884062357113,23.334585944065605,2911.8226527729557,2008.5481572337965
vid_000086_frame0000043.jpg,78.6915200617284,102.77130401234568,20.234198277730176,22.4920082994552,2889.1551297972865,2059.189521122685
vid_000086_frame0000044.jpg,80.44323302469135,103.72462962962963,21.301990931224505,24.810022706855342,2860.9683558122215,2105.616227364112
vid_000086_frame0000045.jpg,80.74063271604938,103.92293981481481,23.112371364563558,27.459710300989688,2800.7386387517145,2059.7910793314663
vid_000086_frame0000046.jpg,83.24483024691358,105.4625848765432,23.332364982595752,29.578671068986555,2781.15418724256,2090.876706638601
vid_000086_frame0000047.jpg,80.45996141975309,102.94591820987654,23.04121746930156,28.67972247118466,2887.643019689977,2068.422505396412
vid_000086_frame0000048.jpg,79.55993827160493,101.93381944444444,23.13699478700653,29.494844622943805,2878.385889802431,2084.9207781535183
vid_000086_frame0000049.jpg,79.608387345679,102.98722222222223,23.293018989920096,30.34802717467911,2877.771033093278,2100.5625169410146
vid_000086_frame0000050.jpg,79.89349537037037,101.99986111111112,23.230606028582756,31.030572091111978,2843.735526336913,2217.5391162465708
vid_000086_frame0000051.jpg,79.98319444444445,102.27542438271605,22.973658996702273,29.48586940899771,3002.808852623219,2182.299742240548
vid_000086_frame0000055.jpg,77.80490740740741,101.08810185185185,19.924383535022752,25.474430422438317,3068.3506219063765,2172.3056186899867
vid_000086_frame0000056.jpg,78.89678240740741,101.92172067901235,19.343403000689868,25.233229801925766,3028.178928085884,2130.7733952745743
vid_000086_frame0000057.jpg,79.60533179012346,102.85697530864198,18.8452166941913,24.050380969994208,2980.529801678241,2146.704241683754
vid_000086_frame0000058.jpg,79.20614197530864,101.76025462962963,18.339530247079576,22.832250898849267,3032.80711683093,2173.579234559328
vid_000086_frame0000059.jpg,79.34118055555555,102.6219675925926,17.864064258061912,22.857379886250786,2927.7402271412034,2148.138698090754
vid_000086_frame0000060.jpg,80.40376543209877,103.47662037037037,17.810452993158854,22.804943008373,2922.3525267146774,2159.0962238034767
vid_000086_frame0000061.jpg,82.0325462962963,105.05864969135803,18.404158380020235,22.329590483025648,2917.4368787674684,2164.347195183661
vid_000086_frame0000062.jpg,81.60804012345679,105.55801697530865,20.58145275975663,22.403712312663735,2793.6948443870506,2023.6637874713622
vid_000086_frame0000063.jpg,81.80697530864198,105.93134259259259,24.099811947668194,24.243742206194327,2878.230103999961,1967.3232785300925
vid_000086_frame0000067.jpg,80.7386574074074,104.89469135802469,23.954208232054043,24.007026162181223,2890.230593072702,2008.9461900505235
vid_000086_frame0000069.jpg,81.81117283950617,106.22650462962963,23.980003086054086,24.146973770178626,2859.8518035536104,1991.4335504752871
vid_000086_frame0000074.jpg,83.181875,106.26399691358024,25.069446141024105,25.57866944000368,2841.6600482119134,2037.5959570185091
vid_000086_frame0000077.jpg,77.49240740740741,101.303125,25.635384756461075,26.236727793231065,2815.974188205816,1988.9052509596838
vid_000086_frame0000079.jpg,76.18190586419753,99.63068672839506,26.495183083243553,26.62945531014151,2990.7880990225744,1997.2509617597714
vid_000086_frame0000082.jpg,78.94715277777777,102.5823688271605,26.807748478143402,26.62924496861551,2865.7734330632125,1983.3215619541015
vid_000087_frame0000001.jpg,93.69958333333334,113.58881944444444,25.55162191608271,25.44690090025259,2564.9567441584272,2007.9019934153996
vid_000087_frame0000003.jpg,92.22801697530865,113.28614197530864,25.42861996856858,25.820649620875933,2550.1493746355713,1950.0792082952294
vid_000088_frame0000001.jpg,90.69885802469136,108.95755401234568,44.59293951814269,41.55913545786051,3483.3023301037856,2476.512163443073
vid_000088_frame0000006.jpg,91.17037808641976,109.80598765432099,42.670365045283965,39.81820200689097,3436.366604749597,2490.5131346212465
vid_000088_frame0000030.jpg,99.10087962962963,115.03170524691357,33.87529794635978,33.24466989710443,2693.155539761231,2241.192906515537
vid_000089_frame0000001.jpg,84.51353395061729,104.11887345679013,34.264794302032165,39.8356429126199,3417.0653971402394,3784.956503766337
vid_000089_frame0000010.jpg,84.54351080246913,104.0910725308642,34.33403143871631,40.61824398437688,3466.8405100946284,3962.3384674039185
vid_000089_frame0000014.jpg,84.44594907407408,103.9120987654321,34.41805321541853,40.68334154842496,3471.5436495768076,4027.5859567291564
vid_000089_frame0000015.jpg,84.59866512345678,104.14597222222223,34.57023807948718,40.76772909201856,3460.7850854078547,3967.0062457118174
vid_000089_frame0000016.jpg,84.37398919753086,103.63837962962963,34.56433549114358,40.32240117184601,3367.8810442043896,3825.826909922209
vid_000089_frame0000024.jpg,84.43335648148148,103.92658950617285,35.09201357383373,40.87943406430567,3532.6290571058503,4079.66335237334
vid_000089_frame0000028.jpg,86.31449074074074,104.52443672839506,31.253985176312298,37.806225054166745,3079.6285916051647,3475.4091807591735
vid_000089_frame0000029.jpg,88.91381944444444,106.71418981481482,30.729312830710136,37.928684736089245,2839.4649444251545,3507.4608791580335
vid_000089_frame0000030.jpg,92.91635030864198,110.10683641975308,37.9600039427563,44.97786842112251,2962.8173715132507,4395.296731600021
vid_000089_frame0000038.jpg,84.63786265432098,111.71049382716049,32.73402291552663,49.686894163430935,4286.053471277007,7769.800544724449
vid_000089_frame0000039.jpg,86.01855709876543,112.65797067901235,32.66552180181272,49.84734194486479,4260.399951187891,8097.0403111210535
vid_000089_frame0000044.jpg,86.36225308641976,113.13226080246913,32.91813509876269,50.707159282003765,4460.052934677867,8857.582608333332
vid_000089_frame0000047.jpg,86.7608024691358,113.3821450617284,33.01686167568927,50.87051159286387,4504.958025965697,9016.074314364176
vid_000090_frame0000018.jpg,102.81091049382717,122.47043209876543,28.748432615965424,57.73703803386871,3731.4713185270325,10478.592919124134
vid_000090_frame0000030.jpg,102.31932098765432,121.99641975308641,28.662799483482075,57.82229136896203,4026.8522265925076,11134.065979783714
vid_000090_frame0000048.jpg,112.08463734567901,131.2675385802469,24.752721606963046,47.55996463812483,2717.406123314793,6510.068502264744
vid_000090_frame0000049.jpg,111.3968287037037,130.4454861111111,25.813520552957154,49.14245345869111,3270.460184036113,8441.352276060956
vid_000090_frame0000050.jpg,110.6889274691358,129.37159722222222,25.923903079124685,48.58882626096268,3469.0713270745214,8247.924181043703
vid_000090_frame0000051.jpg,110.62923611111111,129.53617283950618,26.116918890798978,49.191353690922504,3707.0576395973844,8958.127388077037
vid_000090_frame0000054.jpg,110.15453703703703,128.27868055555555,26.025707692525412,47.69369878197727,2860.18627446839,6130.479088145803
vid_000090_frame0000065.jpg,103.83146604938271,118.8298688271605,26.54003481835209,44.91006254082781,2802.5275611824964,5299.256103085467
vid_000090_frame0000066.jpg,99.92198302469136,115.77199845679013,27.339305491751556,40.01588744887442,2566.8105264896258,3535.1347529658565
vid_000090_frame0000068.jpg,94.37306327160493,111.55863425925926,25.0242243383017,31.13865205062374,2477.1119348922016,2794.3220561268768
vid_000090_frame0000073.jpg,104.69513117283951,118.55489969135803,24.33167950489834,34.910144510265106,2659.985730481015,3926.0794255686424
vid_000090_frame0000074.jpg,106.03631944444444,118.94520833333333,25.880763216400464,39.63910942907338,2639.316935011574,4527.022418791914
vid_000090_frame0000075.jpg,100.64815586419753,116.51448302469136,28.311959157242818,43.3674017445034,2713.4343207733195,4546.700833309518
vid_000090_frame0000077.jpg,91.55274691358025,110.46925925925926,28.056953406059154,46.88813301859887,3029.7472175663365,5600.137027296715
vid_000090_frame0000079.jpg,95.16557098765432,112.97243055555556,27.90485144909744,48.115038370501885,3246.3479397174115,6679.190390089164
vid_000090_frame0000084.jpg,94.61309413580247,113.6216512345679,28.442020076160965,45.00039557839126,2854.316684699122,5353.209412376162
vid_000090_frame0000085.jpg,93.95781635802469,113.48405864197531,28.624004697509847,46.09879211825396,3363.784371924952,6145.293107163542
vid_000090_frame0000086.jpg,98.04385030864198,117.41653549382715,27.71206919937459,44.95111140330413,2655.770045061728,4499.154967180535
vid_000090_frame0000087.jpg,104.82287808641975,122.99975308641976,27.793402156717224,48.85922553307737,2802.6321828631662,5918.265136178209
vid_000091_frame0000007.jpg,83.9741512345679,100.59804783950618,42.78883257290899,44.24811620685943,3810.1679059175435,3262.791457942709
vid_000091_frame0000009.jpg,78.72904320987654,95.4303549382716,43.35821659864964,44.791983149930395,4175.100723859739,3257.145696872082
vid_000091_frame0000011.jpg,77.36841820987654,94.51209104938272,43.53775998207991,45.25472053111957,4329.284451345069,3349.636462019652
vid_000091_frame0000012.jpg,77.35630401234567,94.3266512345679,43.57997879853105,45.804337759790066,4334.840204571521,3369.0773826659783
vid_000091_frame0000017.jpg,80.79167438271605,99.153125,42.76349206057617,46.932550287618156,4233.623812442606,3821.865760150892
vid_000091_frame0000019.jpg,79.12270833333334,97.02340277777778,42.69906318266569,45.82054872363145,4103.928880840383,3518.0159678819446
vid_000091_frame0000021.jpg,78.40929783950617,96.2223688271605,43.179823695247414,44.60281545194776,4259.418624065501,3568.4648729402434
vid_000091_frame0000022.jpg,78.85684413580248,96.41523148148148,43.441129724823185,44.52996656548216,4213.937209202044,3660.3619249351636
vid_000091_frame0000030.jpg,83.47881172839506,101.20401234567902,42.637877278716914,43.66820554200856,4091.68508805727,3719.537632372161
vid_000091_frame0000035.jpg,82.9629012345679,100.4404938271605,43.222827904669366,45.85691910718652,4224.425412758571,3636.1833003243005
vid_000091_frame0000040.jpg,80.9886574074074,98.06369598765433,43.736818413389884,45.56210819994643,4190.091481698436,3502.7946353823727
vid_000091_frame0000041.jpg,80.28417438271605,96.5664274691358,43.80152232028618,45.40747410587045,3910.7054559184357,3330.1047562942363
vid_000091_frame0000042.jpg,80.13729938271605,96.99324074074075,43.85440495622636,44.988162029926634,4240.261788094183,3280.2603317863127
vid_000091_frame0000054.jpg,82.31446759259259,99.4489274691358,43.233797799525384,45.21422533297224,4242.557221421086,3439.3353129227157
vid_000092_frame0000002.jpg,87.62204475308641,105.66255401234568,31.501408406949903,35.05222112538234,3061.032961581159,2797.59503726185
vid_000092_frame0000024.jpg,84.62183641975308,102.30222222222223,33.93011747601538,38.024535467653834,3350.2073450759576,3373.483879886295
vid_000092_frame0000049.jpg,91.79766975308642,108.72140432098766,32.65483682437778,35.791642092908994,3058.772502352859,2703.3227951383533
vid_000092_frame0000051.jpg,90.73821759259259,108.09746913580247,32.97187300997604,36.47028923221128,3220.1633193870503,3034.707155862054
vid_000092_frame0000056.jpg,91.11800154320987,110.2768287037037,30.69316040582215,37.03033032968509,3081.5999361673144,3381.461818072643
vid_000092_frame0000060.jpg,93.61469907407407,113.5775925925926,30.139659616139127,39.86353280766888,3315.9268022261635,4411.144366678991
vid_000092_frame0000063.jpg,90.39021604938272,109.461875,31.24883503926742,40.00351736313504,3557.048465004799,4427.148769089125
vid_000092_frame0000093.jpg,84.11360339506173,103.62318672839505,35.75662271571608,44.58034044331978,5200.518065385421,5428.314979389575
vid_000092_frame0000112.jpg,83.8617438271605,104.93611111111112,36.45567140820841,43.89528249843352,5086.770008248968,4718.500908071786
vid_000092_frame0000113.jpg,87.2303549382716,107.77338734567901,35.82507710480714,44.776204963843924,4887.151006095678,5035.327816463703
vid_000094_frame0000004.jpg,72.60099537037037,109.2728086419753,33.57806250242329,49.66229291716748,4216.567943965704,5525.023459842249
vid_000094_frame0000007.jpg,72.9542438271605,108.85689043209877,33.58316706441414,48.90616414691665,4171.7957532435385,5420.081599091161
vid_000094_frame0000010.jpg,72.93158950617284,109.0452237654321,33.681178055250975,48.98116716880527,4165.095793481307,5498.000810179231
vid_000094_frame0000024.jpg,72.71682098765432,109.12770833333333,33.69382812139528,50.13755102088374,4171.6437833781065,5695.824740552067
vid_000094_frame0000027.jpg,72.4684799382716,108.40168981481482,33.4353161269697,49.48665437924349,4133.606180040199,5435.194736479707
vid_000094_frame0000036.jpg,72.92403549382716,108.89610339506173,33.491417171372255,47.67243700765221,4038.4503883020884,4883.2151389945675
vid_000094_frame0000039.jpg,73.44249228395061,108.31700617283951,33.64906619544676,47.03715861993578,4103.299352532901,4844.808838218022
vid_000094_frame0000041.jpg,72.88122685185185,107.80391975308642,33.47503131653475,46.55978759675874,4118.914142433449,4881.45976119875
vid_000094_frame0000065.jpg,78.35177469135803,110.32667438271605,29.735649691762433,42.43072354819071,3622.5668959018612,3833.7218447787473
vid_000094_frame0000066.jpg,78.2973225308642,109.95223765432098,29.6304223915685,42.515274883128356,3574.3967131558047,3765.9943660255676
vid_000094_frame0000068.jpg,77.68837191358024,109.86890432098765,29.130622341403605,41.842964684072925,3707.4536077951143,3893.3627289689425
vid_000095_frame0000001.jpg,90.75510030864197,122.7928549382716,44.12388844897084,59.587688586207626,4223.369896164599,8507.721155105928
vid_000095_frame0000008.jpg,87.09887345679013,118.16189043209877,44.5835987388712,60.36450074703354,3852.0904901003555,8061.320995312261
vid_000095_frame0000012.jpg,90.88077160493827,122.17689814814815,45.423522051658054,62.44197827975685,4201.280961059611,9671.90006432893
vid_000095_frame0000019.jpg,91.13661265432098,121.44181327160494,45.27651806981064,61.89404384662029,4016.3122045724144,9387.300669169561
vid_000095_frame0000021.jpg,90.99699074074074,122.03124228395062,45.310465435497306,61.7641267204271,3924.28794729456,8813.361286006088
vid_000098_frame0000009.jpg,76.69858796296296,103.0000925925926,18.973699906175607,21.169233585765703,2631.2523591820986,2103.3855509364043
vid_000098_frame0000010.jpg,74.87601080246914,101.23966049382716,18.99713888009226,21.102420021147648,2760.557693078358,2203.5573977251347
vid_000098_frame0000011.jpg,72.95228395061729,99.50967592592593,18.72180038346698,21.182487137131208,2820.7158040632503,2143.3790177978185
vid_000098_frame0000012.jpg,71.11351851851852,97.89263888888888,18.605657143554062,21.35971931918325,2885.159247222222,2123.9062014431274
vid_000098_frame0000013.jpg,71.02443672839506,98.37793981481481,18.609321972228283,21.30088409056271,2912.729471386257,2152.2604159083976
vid_000098_frame0000015.jpg,72.13365740740741,99.26164351851853,18.777769721067653,21.169828965061527,2887.7333873451435,2111.7531240702638
vid_000098_frame0000016.jpg,73.28979166666667,100.37933641975309,19.03838903114026,21.490907326304523,2767.0312165851606,2119.548127793436
vid_000098_frame0000017.jpg,74.71340277777777,101.43199845679013,19.139464174424173,21.162373197974937,2807.943974363426,2103.187349982615
vid_000098_frame0000018.jpg,74.65679012345679,100.95666666666666,19.06570672778814,21.131901429466573,2845.47197387379,2113.036753619339
vid_000098_frame0000019.jpg,73.89248456790123,99.75865740740741,18.927346854495458,21.27813701582241,2808.064497209838,2121.1540059855943
vid_000098_frame0000020.jpg,73.14135030864198,99.52891203703703,19.15822591992507,21.556438209770306,2833.7556371455735,2149.048081746721
vid_000098_frame0000021.jpg,73.14871141975308,99.93783179012345,18.497253901294204,21.012537797267182,2848.5145755637004,2168.799321443949
vid_000099_frame0000007.jpg,140.85429783950616,147.87398919753088,26.744035868252993,41.13647576364521,1320.8775439526655,2887.203306324243
vid_000099_frame0000009.jpg,140.30784722222222,147.70684413580247,26.64349062608147,41.32672019315393,1347.7168898888795,3089.2179083718543
vid_000099_frame0000012.jpg,140.67368827160493,147.0525385802469,27.030858890984337,41.210409851513056,1370.388330918436,2766.467808493132
vid_000099_frame0000017.jpg,138.2852700617284,146.22998456790123,26.97410542123375,42.14824779612685,1274.3982176268266,2381.1686890645838
vid_000099_frame0000019.jpg,136.97480709876544,145.9280864197531,26.436656291469294,43.29106340839376,1233.1345539930555,2142.221350874248
vid_000099_frame0000021.jpg,134.22168981481482,143.513649691358,26.21310364493456,45.83298365638462,1430.7885309922624,3386.8284133739494
vid_000099_frame0000022.jpg,135.3187114197531,144.4374459876543,25.817591175016727,44.54961054777586,1285.3940378655598,2821.402012857939
vid_000099_frame0000025.jpg,135.3346450617284,145.23817901234568,25.760451918649082,43.70338750486115,1287.35920675583,2610.4908353680244
vid_000100_frame0000007.jpg,107.81888888888889,135.72172067901235,20.073478633372055,27.057159554365178,1532.223132384485,1118.1145028848857
vid_000100_frame0000008.jpg,102.12953703703704,131.3877160493827,20.073938045997707,26.999551900138286,1590.5771582170566,1259.0638550716353
vid_000100_frame0000012.jpg,115.55999228395062,139.7520987654321,21.151671117179443,28.036663252532822,1509.3329423715895,1203.4495013359601
vid_000100_frame0000013.jpg,110.39112654320988,134.2592824074074,23.57616430027617,28.11161894760654,1545.986572399346,1254.5683272345584
vid_000100_frame0000014.jpg,112.02358796296296,135.92798611111112,24.460315064455887,29.60359828791763,1608.94549175377,1400.1396665978414
vid_000100_frame0000015.jpg,114.73848765432099,137.77793981481483,27.9238579493332,33.37571291257018,1708.4234179505315,1564.4502111908912
vid_000100_frame0000016.jpg,118.48093364197531,140.3517438271605,31.808475956053464,37.806970073739016,1740.5663538751714,1783.626697658929
vid_000100_frame0000017.jpg,137.70689814814816,150.98595679012345,37.75815056245517,44.815832709325306,1732.7189676380792,2182.67831248071
vid_000100_frame0000018.jpg,129.7653009259259,144.68054012345678,45.28321066231765,49.72936957647561,1983.444315422037,2903.4007031949563
vid_000101_frame0000001.jpg,164.94162037037037,163.63716049382717,35.785602610051484,41.22076665548082,1470.6227929695838,1978.2925393084492
vid_000101_frame0000002.jpg,165.1824922839506,164.2234336419753,35.653715508919824,40.99395309142502,1431.158232316851,1863.457986880573
vid_000101_frame0000003.jpg,170.6373225308642,167.30595679012345,35.48872039449389,41.65806839073933,1396.3534161806033,1933.8490876113945
vid_000101_frame0000005.jpg,181.9877314814815,174.95849537037037,34.146333662193854,41.54829776810896,1207.5820480380635,1783.5851802545344
vid_000101_frame0000006.jpg,187.2576388888889,178.96854166666665,34.31288579327293,41.85031516249817,1243.8415589275169,1927.378701221648
vid_000101_frame0000007.jpg,193.32917438271605,182.84603395061728,33.99775093456153,41.883568200385916,1157.5718048267581,1829.1714969892523
vid_000101_frame0000008.jpg,197.29070216049382,186.06358024691357,34.227510729100274,42.02991201333282,1232.2822375771605,1976.680472702332
vid_000101_frame0000009.jpg,202.41577932098767,189.79927469135802,32.801872821241936,41.20360506632377,1049.434010921008,1751.885675617284
vid_000101_frame0000010.jpg,206.1688888888889,192.738125,32.271292779408775,41.512710126417076,1086.5186115338267,1915.733741655176
vid_000101_frame0000011.jpg,210.5820138888889,196.45762345679012,31.457121545752585,40.65596448315728,1003.8016109610172,1784.5185237301862
vid_000101_frame0000012.jpg,213.99951388888888,199.17212962962964,31.141820033687974,41.0619757170264,1004.1938558593752,1803.2274999464164
vid_000101_frame0000013.jpg,218.4634336419753,203.62452932098765,30.808992984255912,40.89444371059266,917.3596951624656,1671.683150289352
vid_000102_frame0000001.jpg,82.63931327160493,106.57790895061729,41.32568036033349,54.598297309387796,5113.194044900739,7200.797362062221
vid_000102_frame0000002.jpg,82.69074845679012,106.7729012345679,41.2786492830273,54.66951579276093,5050.56939857533,7116.068176335306
vid_000102_frame0000003.jpg,83.2048688271605,106.60501543209877,41.486080285649564,54.99724787867259,4910.192411521682,7031.520643036921
vid_000102_frame0000004.jpg,84.93356481481482,106.73523148148148,40.73726397136094,55.83950620472174,4663.430231674322,7635.084044192006
vid_000102_frame0000005.jpg,86.34432870370371,107.19351851851852,41.54340149537028,57.44711312812708,5269.894031292629,8566.458911408085
vid_000102_frame0000006.jpg,78.72761574074075,102.38985339506173,40.72707409735393,54.725247777133276,3689.6953165578325,5954.375122974537
vid_000102_frame0000007.jpg,79.94452932098766,101.9120987654321,42.30163239828134,56.229756620012154,4486.492839906205,6573.4437746141975
vid_000102_frame0000008.jpg,83.69516203703704,104.51256944444444,42.87927999069061,56.18643730537464,4865.99088039909,7758.2717062585125
vid_000102_frame0000009.jpg,86.67519290123457,106.1195524691358,42.25254359400634,56.81129213455057,3692.0503447635647,6767.560113585724
vid_000102_frame0000010.jpg,86.22381944444444,106.16741512345679,41.86563168370975,56.82603967766928,4113.120089634237,7298.265007424316
vid_000102_frame0000011.jpg,86.00270833333333,105.26536265432098,40.24589754123392,56.23185200474828,3312.516313390144,5095.532013888889
vid_000102_frame0000012.jpg,86.94496141975308,104.98452932098765,41.2082857178513,58.195825095083904,2914.6885450081445,4209.98931556713
vid_000102_frame0000014.jpg,81.61611882716049,99.9923225308642,40.414486627704946,54.16607630454053,3049.604542858308,2584.052026619417
vid_000102_frame0000020.jpg,84.3053163580247,101.85842592592593,42.31535232895966,58.09452894379386,4333.735065757649,6330.990542451609
vid_000102_frame0000023.jpg,84.05317901234568,101.80964506172839,42.22297491016296,58.08141170260797,4262.678524822578,6149.961805521261
vid_000102_frame0000027.jpg,83.63650462962963,101.12089506172839,41.91277420044452,57.15003279597992,3976.3701086790675,5777.389310230672
vid_000102_frame0000030.jpg,87.26759259259259,104.94159722222223,41.086591025608634,55.77571038038454,4330.873102223306,7221.845997665894
vid_000102_frame0000033.jpg,89.51077160493827,108.97871913580246,43.27698695637105,54.68000989676213,4397.976469161463,6363.216785450425
vid_000102_frame0000035.jpg,97.74288580246913,113.5746913580247,41.82261837476854,57.0629489818891,6270.340238263031,10356.22467872889
vid_000103_frame0000001.jpg,104.12656635802469,127.63916666666667,33.38455704613876,47.305412832530834,4148.993272456323,5669.949254205188
vid_000103_frame0000004.jpg,103.77507716049382,126.85246141975308,34.52856277591915,48.446209186352576,4290.10517414403,5735.518518274653
vid_000103_frame0000005.jpg,103.34510802469136,125.78358024691359,34.693217074020694,47.96143559638079,3831.049396051895,5125.466494410091
vid_000103_frame0000006.jpg,101.78530092592592,125.59011574074074,35.20491787052705,47.81687075869009,3678.560255486016,4927.324180381945
vid_000103_frame0000007.jpg,99.5991512345679,123.00600308641975,36.44809622484279,48.7318393943126,4325.651165694956,5353.733229926602
vid_000103_frame0000008.jpg,94.01523148148148,119.7544212962963,36.66636194455192,49.387480995321575,4575.239231215647,5534.224885253534
vid_000103_frame0000009.jpg,89.44868055555555,115.63993055555555,36.37177403649065,47.6312263321947,4535.596258839163,5013.783383058033
vid_000103_frame0000010.jpg,91.99319444444444,117.12942901234568,37.62464182979309,48.56999268569832,4759.959644941165,5190.066731283758
vid_000103_frame0000018.jpg,84.81092592592593,107.71077160493827,37.86251372319273,43.6135764132314,4914.754516117017,4744.660158993425
vid_000103_frame0000020.jpg,83.02638888888889,105.11925154320987,39.649861028160856,45.96263679587949,4724.434345564462,4494.417476108766
vid_000103_frame0000021.jpg,83.44066358024692,106.10663580246914,39.331074333173724,45.97202721452513,4313.377411682432,4236.8935177173835
vid_000103_frame0000022.jpg,82.84064814814815,104.15371913580248,38.45400923340912,44.117363257539076,4141.53591460691,4164.578698930946
vid_000103_frame0000023.jpg,81.30550925925925,103.176875,36.47242126398985,40.62070798736611,3818.5239118998625,3691.5311212620027
vid_000104_frame0000001.jpg,110.51503858024691,128.12154320987653,45.33712578514862,42.90030967068566,2773.1475335599926,2592.49540080441
vid_000104_frame0000002.jpg,110.72141203703704,128.373125,45.261114399778705,42.708051922683985,2750.2778888867456,2526.520493106758
vid_000104_frame0000003.jpg,111.55698302469136,128.5673611111111,45.33782463287216,42.95363833034453,2750.2254911550613,2579.006865984547
vid_000104_frame0000004.jpg,111.62415895061729,128.64833333333334,45.31027703430373,42.99279623479286,2777.0252714313274,2670.5003568786556
vid_000104_frame0000005.jpg,110.94466820987654,127.76287808641975,45.400589595458165,43.08289096471025,2592.6926441755736,2384.4512288370674
vid_000104_frame0000006.jpg,109.98586419753086,127.19690586419753,45.38977101203274,42.885342232390855,2579.302804715125,2286.921246776406
vid_000104_frame0000007.jpg,110.67016975308643,127.96405864197531,45.274926893569884,43.028757124744665,2669.3619401041665,2428.605396585648
vid_000104_frame0000008.jpg,111.49549382716049,128.19716820987654,44.771876107532435,42.42177884866061,2597.599171036951,2432.528139413771
vid_000104_frame0000009.jpg,112.64684413580247,129.59154320987653,44.839020998274826,42.75557522047058,2598.631372144526,2453.72525986797
vid_000104_frame0000010.jpg,111.9608487654321,129.12109567901234,45.07201194078991,43.108683487313364,2669.744513370675,2541.559782464325
vid_000104_frame0000011.jpg,109.93755401234569,127.2114737654321,45.172476873165266,42.71012138429659,2613.238509239969,2290.891507577387
vid_000104_frame0000012.jpg,108.26470679012345,125.7245138888889,45.19677237131428,42.9867361576685,2623.7511345733783,2387.224661046275
vid_000104_frame0000013.jpg,110.32424382716049,127.02763888888889,45.16921516538225,42.18999144426471,2619.475753576472,2208.2487876023447
vid_000104_frame0000014.jpg,110.95439814814814,128.1366975308642,44.75182599325269,42.26766069876058,2533.9158900248035,2262.538141680896
vid_000104_frame0000015.jpg,111.22347993827161,128.5818209876543,44.51390512658291,42.38761942636813,2587.852241855043,2244.655978048316
vid_000104_frame0000016.jpg,111.07421296296296,127.95051697530864,44.191467723946694,41.733096643343075,2474.7746278286827,2100.3433484295815
vid_000104_frame0000017.jpg,111.41875,128.34907407407408,44.931599630450286,42.414741269049834,2594.852791034141,2235.8174339560946
vid_000104_frame0000018.jpg,112.11739969135803,128.74814043209878,44.790488508510236,42.339514718202324,2602.1886233467053,2263.7125190212523
vid_000104_frame0000019.jpg,111.17474537037037,127.05064043209876,45.27079662792714,41.80172062946302,2313.507853375772,1818.6466197928573
vid_000104_frame0000020.jpg,107.29756172839507,123.60417438271605,45.278986080461046,42.59428154738018,2508.489749902597,1978.3861004762996
vid_000104_frame0000021.jpg,113.76807098765433,128.49270061728396,43.506223185273306,41.861409448799016,2657.043614987652,2315.261394455638
vid_000104_frame0000022.jpg,115.15075617283951,129.98078703703703,43.00761385774436,41.36073036908951,2597.1764611062886,2314.5393839484736
vid_000104_frame0000023.jpg,115.43931327160495,130.95409722222223,42.105430456309556,41.35435545944171,2498.4835865281107,2284.044001061612
vid_000104_frame0000024.jpg,119.53808641975309,135.14810956790123,40.034710634616424,41.290634871143226,2574.772494122407,2582.549737639972
vid_000104_frame0000025.jpg,129.30850308641976,142.29347993827162,38.18542534216057,41.79089670005859,2980.3477593315974,3372.7199726079652
vid_000104_frame0000026.jpg,125.56456018518519,142.13702160493827,39.90465351442042,46.59384006357389,2812.5200233386677,3670.52042116716
vid_000104_frame0000027.jpg,123.53499228395061,139.9316512345679,42.423811094269766,50.109051953769026,3703.5604939171217,5076.306370779748
vid_000104_frame0000028.jpg,122.3911574074074,139.1191975308642,43.44685545547629,50.667024291846964,3882.0610996075293,5229.242477802962
vid_000104_frame0000029.jpg,115.09070216049383,131.82033950617284,40.85947640019789,47.713803000791245,3855.2938277343746,4625.619443234109
vid_000104_frame0000030.jpg,107.47596450617284,126.01396604938272,38.31208520705079,46.25452653203307,3981.2510483453357,4514.20803484225
vid_000104_frame0000031.jpg,108.71329475308642,126.30709104938272,38.5091715760254,45.64031132253869,4053.203215141973,4278.02766784259
vid_000104_frame0000032.jpg,110.84317129629629,125.48644290123457,38.3524398294138,43.61920945511305,3891.4547918161647,4084.9452327139065
vid_000104_frame0000033.jpg,113.33965277777777,126.46314814814815,34.780944990717806,39.45357425596121,3548.2666403175485,3638.8712274814598
vid_000105_frame0000001.jpg,52.07066550925926,77.21717013888889,41.57644273956758,60.701867327821795,2453.9546514912336,4786.36466295814
vid_000105_frame0000002.jpg,52.0979224537037,77.30431712962962,41.58732320915016,60.77674894928053,2449.878152788997,4771.206422271519
vid_000105_frame0000003.jpg,54.475017361111114,78.93657986111111,43.37049022277763,62.37139444315904,2601.8118923554516,5267.474534595631
vid_000105_frame0000004.jpg,54.74990162037037,79.06865162037037,43.57889626462675,62.68835020221374,2670.1017475946287,5468.458865727345
vid_000105_frame0000005.jpg,54.99044560185185,79.38296875,43.71660691380415,62.677502908269666,2655.2224941981945,5325.240837364132
vid_000105_frame0000006.jpg,53.901614583333334,78.26105902777778,42.81426985727585,60.51948589847321,1648.7700862988884,3427.016848660408
vid_000105_frame0000007.jpg,53.173732638888886,77.81241319444445,43.26618002934042,62.13832698426427,2482.0690211161213,4999.102638194444
vid_000105_frame0000008.jpg,56.425503472222225,79.35956018518519,44.12688623907467,62.33417277948637,2041.212817171291,4611.091424421263
vid_000105_frame0000009.jpg,61.64420717592593,81.04254050925925,45.851927194378206,62.13569819414272,1642.8702893497084,3617.249588023211
vid_000105_frame0000010.jpg,60.518628472222225,80.7367650462963,44.25099065346849,64.88307375149918,1621.5481354890046,4183.905112638112
vid_000105_frame0000011.jpg,58.010868055555555,80.60972800925926,42.78686638591461,65.19877270377718,1530.6341664930558,4432.58706806788
vid_000105_frame0000012.jpg,56.96086805555556,80.7884548611111,42.730043221262065,66.47515426135452,1684.6271006435063,4744.052514162032
vid_000105_frame0000013.jpg,57.533854166666664,81.16956597222222,43.1774971634856,66.9878129699831,1522.799892069616,3937.3484657009553
vid_000105_frame0000014.jpg,59.076336805555556,83.08626736111111,44.33553762019523,65.9324720749543,1328.1631934536824,2371.795748827824
vid_000105_frame0000017.jpg,59.6327662037037,85.56297453703704,45.70660915907391,70.37775686623225,1621.918828992754,4076.1295930807405
vid_000105_frame0000018.jpg,59.448564814814816,85.72555555555556,45.652109072364425,70.87199217712397,1657.3310011919352,4331.677751023147
vid_000105_frame0000020.jpg,58.20736111111111,84.90656828703703,44.93551886354786,70.44575609477845,1685.293201564074,4478.38180320293
vid_000105_frame0000023.jpg,65.45579282407408,88.48527199074074,49.305048684877995,72.82890355352033,1512.833717825648,4153.461698128858
vid_000105_frame0000027.jpg,65.37476851851852,89.57030671296296,49.90345076339475,74.06859503142391,1600.8610164587622,4241.346773562049
vid_000105_frame0000030.jpg,65.14003472222223,89.46746527777778,49.869330727622724,74.27095823932896,1649.091816915295,4494.817502163575
vid_000105_frame0000033.jpg,65.69962962962963,89.48771990740741,50.15194664395033,73.60893122853186,1500.5629966712481,3758.9648189513405
vid_000105_frame0000037.jpg,63.54661458333333,87.4228125,48.013450837654645,72.03210617403617,1429.6797682822146,4009.4097596016586
vid_000105_frame0000039.jpg,62.45777777777778,82.89291087962962,45.22173060236461,64.9232519354507,1546.582262288579,4719.445821745863
vid_000105_frame0000040.jpg,58.55019675925926,80.27659143518518,44.100625848084825,61.716004817633845,1798.949809509897,4209.806711925583
vid_000105_frame0000042.jpg,59.1385474537037,80.8158738425926,47.04230636531214,63.99854773824524,2572.849541945168,5239.001273611111
vid_000105_frame0000044.jpg,59.883859953703706,80.9491087962963,47.574010092256934,64.15973296154291,2622.271460990548,5370.232568227962
vid_000106_frame0000001.jpg,66.86268518518519,83.41380787037038,47.26830968693667,53.18011260304312,1182.2467961435493,1069.2660783949277
vid_000106_frame0000002.jpg,67.07302083333333,83.86174189814815,47.372840431522484,53.216131306447394,1166.2898966046369,1044.3419932258178
vid_000106_frame0000003.jpg,67.83894097222222,84.27460648148148,47.91239815324554,53.53875183231124,1152.547063725693,1049.4571571105203
vid_000106_frame0000004.jpg,67.88019097222222,83.86998842592592,47.93178315866295,53.3118313405148,1165.6622909995165,1052.6298453799818
vid_000106_frame0000005.jpg,68.08145254629629,84.41368055555556,48.06319676055488,53.54776859193792,1178.2675377890505,1042.9599376269598
vid_000106_frame0000006.jpg,67.6155787037037,84.12669560185185,47.65754827691993,53.23694954262595,1110.8589828734514,997.2359988905165
vid_000106_frame0000007.jpg,67.10851851851852,84.13412615740741,47.46037364290058,53.53353117818197,1185.7763526041665,1051.327848663322
vid_000106_frame0000008.jpg,65.66650462962963,82.80904513888889,46.1699910636706,52.60513250281921,1209.0123830755958,1077.9941109020008
vid_000106_frame0000009.jpg,64.73769675925926,82.77663773148149,45.29737307168135,52.16251358415708,1216.5382387149766,1052.9207565822187
vid_000106_frame0000010.jpg,64.98201967592593,82.59653935185185,45.54233767010589,52.161284307583024,1197.7022618848262,1049.0158021620678
vid_000106_frame0000011.jpg,66.59193865740741,83.66803819444445,46.78425768557925,53.08555652695296,1194.9485566759568,1040.0463017936802
vid_000106_frame0000012.jpg,68.71298032407407,86.00493055555556,48.38746906513819,54.65129747743781,1170.8649136765637,1052.1622833871513
vid_000106_frame0000013.jpg,70.02300347222223,86.41747106481482,49.36990336806167,55.159695926605664,1159.289408079849,1053.686897180293
vid_000106_frame0000014.jpg,69.2796238425926,85.53903935185186,48.79237165348154,54.58208303490265,1169.3508777006175,1066.3099884259257
vid_000106_frame0000015.jpg,68.49201967592593,84.74968171296297,48.22513146037016,54.0628217975059,1173.617516335486,1066.9655591723194
vid_000106_frame0000016.jpg,67.01962962962963,83.57175925925925,47.16036823722046,53.05692807553425,1173.1921619104455,1048.6603324408636
vid_000106_frame0000017.jpg,65.5613425925926,82.84389467592592,46.19217517363216,52.58621305609959,1234.4961130947454,1083.4621608362268
vid_000106_frame0000018.jpg,64.87606481481481,81.75418402777778,45.71606499255165,51.97349003042787,1215.0999362412858,1084.7165336041653
vid_000106_frame0000019.jpg,65.1378587962963,83.14644675925926,45.92879691605243,52.71117471581122,1194.1169268636067,1054.940150771069
vid_000106_frame0000020.jpg,66.52982060185185,83.13985532407408,46.941420986695995,52.70029501268009,1181.102983409958,1080.9377820368427
vid_000106_frame0000021.jpg,67.65269097222222,83.78561921296296,47.7476090908532,53.28251035838226,1163.544646607316,1065.3841241171754
vid_000106_frame0000022.jpg,68.4846412037037,84.66421296296296,48.343667192569235,53.987081803848106,1169.8098249399864,1060.7333204023867
vid_000106_frame0000023.jpg,69.78755208333334,85.80477430555555,49.31294000792588,54.90852320444471,1154.5185197396904,1033.7822719135802
vid_000106_frame0000024.jpg,69.86457175925926,85.57238425925927,49.4806946961897,54.83664148126631,1171.2904113617487,1058.0080316880133
vid_000106_frame0000025.jpg,69.82282986111112,86.17695601851852,49.577146494043866,55.22922524195654,1134.6641351246024,1013.3969335173598
vid_000106_frame0000026.jpg,69.7577199074074,85.4199537037037,49.69706975754569,54.82914290808213,1109.5145285678354,1009.2083091015893
vid_000106_frame0000027.jpg,69.60628472222223,85.836875,49.687156589471996,55.1172365739538,1134.2810806904527,1012.5767011541587
vid_000106_frame0000028.jpg,68.93592013888889,84.91070023148148,49.22129765268276,54.56016021113122,1163.5144696212371,1055.1825415895062
vid_000106_frame0000029.jpg,67.8945138888889,84.22798032407407,48.39413113421831,53.93516403653336,1158.0094238023712,1026.2701092155553
vid_000106_frame0000030.jpg,65.4619386574074,81.87716435185185,46.373500504268435,52.15331690932308,1169.2104850260416,1031.0724817681205
vid_000106_frame0000031.jpg,64.07617476851851,81.94384837962963,45.267370841632726,52.03874247638299,1235.574131696754,1055.209750295246
vid_000106_frame0000032.jpg,64.22028356481482,82.14215277777778,45.03670814430321,51.803744466359944,1213.2989926203222,1045.2078983804
vid_000106_frame0000033.jpg,63.51888888888889,82.43538194444444,44.45219227259221,52.008704448349654,1237.0479882731788,1046.087695130818
vid_000106_frame0000034.jpg,61.448061342592595,81.30361689814815,42.83225367819962,51.228736992653765,1284.9330593323677,1089.5568371189866
vid_000106_frame0000035.jpg,61.36142939814815,81.15921296296297,42.62791724071087,50.88068114454075,1278.0399476830419,1074.4072762152778
vid_000106_frame0000036.jpg,61.47015625,81.3724537037037,42.61118327820884,50.92825182346389,1253.0034836028592,1065.9009969745318
vid_000106_frame0000037.jpg,62.52984375,81.95264467592592,43.26410175369748,51.421085005741816,1240.54710031102,1070.622503963819
vid_000106_frame0000038.jpg,63.48190972222222,82.26798032407407,43.96283609441129,51.65954955657765,1235.9451666473767,1064.8330510167166
vid_000106_frame0000039.jpg,64.39652777777778,82.69825231481481,44.61784618952176,51.816588503758325,1193.524218617079,1055.8125196372118
vid_000106_frame0000040.jpg,65.20712962962963,83.64670138888889,45.17213786667794,52.40593961069943,1173.9744427640603,1047.169354735692
vid_000106_frame0000041.jpg,64.91554976851852,83.04491898148149,45.03703058534654,52.16042857065106,1231.5591939661765,1085.7878969135802
vid_000106_frame0000042.jpg,64.84732060185185,82.88980902777777,44.97962828872779,52.03981119666775,1243.5073945339293,1095.0319675925925
vid_000106_frame0000043.jpg,64.8170486111111,83.08388310185185,44.941256422014995,52.1508012523692,1235.666341507222,1076.4974772327982
vid_000107_frame0000001.jpg,45.29208912037037,73.36041087962963,36.18835358375908,52.359310441195404,1638.946598378424,1980.7577078981
vid_000107_frame0000003.jpg,46.03236111111111,74.31212962962962,36.56651181192733,53.09969882126566,1594.5890152919442,1867.7148520230185
vid_000107_frame0000005.jpg,46.31471643518518,74.85563078703704,36.872878452474794,53.80998071388334,1637.4772570164812,1925.7784181048528
vid_000107_frame0000007.jpg,46.197615740740744,75.19255787037036,36.650256256500576,54.059071708331786,1638.3435391200692,1953.50678284542
vid_000107_frame0000010.jpg,47.20368634259259,76.70950231481481,37.025949659886294,54.63466159562971,1612.9382160267435,2040.1133776194044
vid_000107_frame0000012.jpg,48.33232638888889,78.02999421296296,37.58067986327633,55.431599467813946,1584.8839830020522,2029.176127209791
vid_000107_frame0000014.jpg,49.62240740740741,78.73817708333333,38.41151544447871,56.173926302280236,1583.187937315103,2070.29558989077
vid_000107_frame0000017.jpg,51.3164525462963,79.05007523148149,39.32049758382574,56.10976323836732,1518.13608641761,1910.8710821114914
vid_000108_frame0000001.jpg,69.22241898148148,86.00883101851852,53.82243286768703,58.46974222062592,1087.2263788210184,1099.243940616929
vid_000108_frame0000002.jpg,69.32951967592592,86.2259548611111,53.810678810545554,58.3747717197757,1066.9312044731653,1041.0764845483097
vid_000108_frame0000003.jpg,68.07096643518518,84.26038773148149,52.980055468284334,57.203967668154746,1081.5685396733204,1106.5392297667704
vid_000108_frame0000004.jpg,65.71282407407408,83.03089699074074,51.610834594880956,56.9205178073715,1116.6599230901438,1105.3599131003716
vid_000108_frame0000005.jpg,65.87471643518519,83.1589988425926,51.57209134902055,56.81694118987408,1147.2326385496708,1130.85720350809
vid_000108_frame0000006.jpg,68.70798611111111,85.39372106481481,53.574242952946044,58.42582885964121,1099.9394137297454,1176.025579624807
vid_000108_frame0000007.jpg,76.29259837962962,92.01452546296296,58.197199828696235,62.54166331432221,1109.9302904984086,1252.80648551228
vid_000108_frame0000008.jpg,74.39556134259259,90.55252893518518,57.05219564356857,62.07458361137659,1173.813565354804,1327.731351937452
vid_000108_frame0000009.jpg,73.61991319444445,89.94614004629629,56.50796134085773,61.65164342740453,1105.4627516953874,1233.447464420439
vid_000108_frame0000010.jpg,73.6117824074074,90.09347222222222,56.44508243489669,61.83110462424865,1154.7288052077974,1309.8668974537038
vid_000108_frame0000011.jpg,74.05747106481482,90.04324652777778,56.62550681723025,61.70614529369303,1156.6813413761092,1287.111588069829
vid_000108_frame0000012.jpg,73.76278935185185,90.42423611111111,56.42978915248214,62.11450513574963,1164.8899358040433,1357.0895996213978
vid_000108_frame0000013.jpg,74.36840856481481,90.56090277777778,56.721149448907475,62.106718706145244,1079.5989900936845,1268.134083133868
vid_000108_frame0000014.jpg,81.15152199074075,95.97131944444445,61.010758182495884,65.9749667496007,1210.0464139896262,1433.5967863295987
vid_000108_frame0000015.jpg,77.63793981481481,93.59092013888889,58.84806807471259,64.34352824524672,1268.942152729519,1451.3410161844133
vid_000108_frame0000016.jpg,76.34063078703704,92.56977430555555,58.04813980072342,63.57290392162187,1281.9363566285351,1455.4748358362267
vid_000108_frame0000017.jpg,74.91008680555555,91.30347800925927,57.11158262978339,62.65753480994131,1304.2570243291325,1455.7456070641706
vid_000108_frame0000018.jpg,75.09651041666666,91.57533564814815,57.241216246336386,63.206932402283094,1278.3175240448377,1450.8037961675616
vid_000108_frame0000019.jpg,83.42710069444445,96.85934606481482,61.41354505896698,66.42891940539651,1060.3123916730633,1334.5189632086108
vid_000108_frame0000020.jpg,81.79005787037038,95.27148148148149,60.74802712271573,66.46702661101153,1359.3746934794024,1660.0986509162474
vid_000108_frame0000021.jpg,79.44235532407407,93.99489004629629,59.42109077544092,65.66970692728994,1252.325001499807,1503.8948235510973
vid_000108_frame0000022.jpg,79.78373842592593,94.7073900462963,59.60644104679386,66.34583746619617,1317.072274253278,1631.622238704427
vid_000108_frame0000023.jpg,80.96862268518518,96.1422974537037,60.160815344907974,67.3485408108545,1325.2326011440114,1637.2222901168927
vid_000108_frame0000024.jpg,80.57777199074074,95.91394675925926,59.90265399919345,67.09350450792218,1310.0425860674068,1600.664663083225
vid_000108_frame0000025.jpg,79.0560300925926,94.02872685185186,59.004214848500304,65.76418957750867,1322.4381107855568,1594.5690068222402
vid_000108_frame0000026.jpg,77.6968113425926,92.78872685185185,58.13418568611776,64.84119537983936,1333.9754669490526,1565.1798834136753
vid_000108_frame0000027.jpg,77.83368055555556,92.5677662037037,58.105845409156295,64.59917979685827,1335.059343512055,1593.3798891375172
vid_000108_frame0000028.jpg,77.78984375,93.10888888888888,57.96326738202899,65.01484655707114,1335.5511986291956,1641.6068151362833
vid_000108_frame0000029.jpg,76.93427083333333,91.33671875,57.11520609819781,63.33745705779648,1250.389794798599,1547.062955921934
vid_000108_frame0000030.jpg,78.38394675925926,92.39642361111112,58.489632700993816,64.90671494242218,1247.6930132667824,1586.400722769278
vid_000108_frame0000031.jpg,79.32616898148149,93.05825231481481,59.86415710527585,65.56045174889867,1346.3005557403856,1603.1242975822713
vid_000108_frame0000032.jpg,77.25985532407407,92.14333333333333,58.67317932188717,64.97296241087092,1399.6777403055075,1678.3165873628259
vid_000108_frame0000033.jpg,78.6226099537037,93.31738425925926,59.34741212214353,65.65963853824292,1316.1937443092797,1626.8830092109001
vid_000108_frame0000034.jpg,83.09792824074074,95.38739004629629,63.80762305239635,69.0149717353268,1265.2849288499535,1671.004756429505
vid_000108_frame0000035.jpg,82.60997685185185,95.42708912037037,63.47867633730639,68.72306111086785,1348.5406025450907,1731.0369790294926
vid_000108_frame0000036.jpg,82.76622106481481,96.10161458333333,63.4110044117842,69.03446455216576,1359.70770947989,1712.467204386862
vid_000108_frame0000037.jpg,82.8616550925926,96.36756944444444,63.44269326155051,69.20135866333594,1252.0434094220195,1676.3875789918502
vid_000108_frame0000038.jpg,88.46151041666667,99.79776041666666,69.98256148549075,75.16676026006127,1247.9975964698738,1818.5057870348937
vid_000108_frame0000039.jpg,82.57654513888889,96.7979224537037,67.34017513444711,73.77626229882924,1582.1022798091349,2060.273780901572
vid_000109_frame0000001.jpg,44.41181134259259,65.76931134259259,45.17049902336661,53.422649769903664,1966.943888287546,1616.1464157214505
vid_000109_frame0000002.jpg,44.48011574074074,65.6815451388889,45.15952022169047,53.22252218517491,1961.3624367754148,1585.42596570427
vid_000109_frame0000003.jpg,44.752430555555556,65.96024884259259,45.18956004084342,53.47425944618314,1929.2789777986418,1598.0110681562926
vid_000109_frame0000004.jpg,44.74975694444444,65.63060763888889,45.27153384370022,53.68200060848933,1985.962195478576,1684.104959064717
vid_000109_frame0000005.jpg,44.39888310185185,66.01765046296296,45.111430912619255,53.844502419243994,1975.4720015616629,1675.7070967291186
vid_000109_frame0000006.jpg,44.18553819444445,65.22564236111111,45.111312717201464,53.83093223159915,2021.775077200648,1698.7706516669546
vid_000109_frame0000007.jpg,44.27918402777778,65.1088599537037,45.20340528215444,53.89581133419916,2003.6774980709877,1696.0344648564758
vid_000109_frame0000008.jpg,44.37714699074074,65.44394097222222,45.246882818856164,54.1643395310037,2060.492185176612,1749.4352059594426
vid_000109_frame0000009.jpg,44.511371527777776,65.89543981481482,45.19381472288962,54.095693824146686,2006.7063842158564,1691.3682459777076
vid_000109_frame0000010.jpg,44.796215277777776,65.95231481481481,45.33513731633216,54.419046393541045,2081.6776060755515,1773.479388746591
vid_000109_frame0000011.jpg,44.39982060185185,65.45501157407408,44.53151543419519,53.296112025738346,1888.2622646978684,1620.2102604163651
vid_000109_frame0000012.jpg,40.34840277777778,62.215069444444445,36.01786374874217,46.76257785092366,1810.1669873541184,1493.2554246479217
vid_000109_frame0000013.jpg,43.725399305555555,64.83078703703704,33.230260685791315,44.72606321149998,1601.7039000289014,1148.120999276319
vid_000109_frame0000014.jpg,43.469293981481485,63.7527662037037,32.985252480684466,44.03955395948021,1594.8626227794923,1015.7241829727152
vid_000109_frame0000015.jpg,44.08163773148148,64.26747685185185,33.31211940722429,44.42079113771377,1602.1741553328818,1051.2178759154435
vid_000109_frame0000016.jpg,44.84778356481481,65.01643518518519,33.31471348451023,44.63697249162426,1577.0526388888889,1101.8739635154107
vid_000109_frame0000017.jpg,45.11600115740741,65.85387731481481,33.45306272974119,44.79941188864293,1562.233310165895,1047.7831496908223
vid_000109_frame0000018.jpg,44.225596064814816,65.56403935185185,33.030793589702625,44.70479361961674,1603.2962455138406,1112.4161025068788
vid_000109_frame0000019.jpg,44.14921875,64.62471064814815,33.083048504452876,44.50241075486787,1629.6880844730247,1162.8906975179707
vid_000109_frame0000020.jpg,44.45185185185185,64.33605902777778,33.25605342134327,44.33358642081307,1544.008090122921,1128.343943955627
vid_000109_frame0000021.jpg,44.390648148148145,64.98005787037037,33.17452305116829,44.287997736578355,1578.8783505931378,1122.4774375280979
vid_000109_frame0000022.jpg,43.97740162037037,64.26777777777778,32.99871409122406,44.2502523655355,1581.8005543209879,1145.2920618486569
vid_000109_frame0000023.jpg,44.39061342592593,64.03578125,33.62666149472939,43.945567246103195,1556.9525240692515,1133.628162017747
vid_000109_frame0000024.jpg,45.56755208333333,65.77215277777778,38.87310042582193,48.98754691051587,1721.8664906367549,1346.4253430019717
vid_000109_frame0000025.jpg,49.20211805555556,69.2817650462963,47.05097516558354,55.1142450950194,1651.0591660231266,1520.3478288832089
vid_000109_frame0000026.jpg,46.52689236111111,67.35074074074075,46.6028751144234,55.14360546779962,1958.3687389467257,1704.3492235060871
vid_000109_frame0000027.jpg,45.139021990740744,65.75269675925927,45.89023155622816,54.32343743722417,1964.9242923332474,1644.8593711414396
vid_000109_frame0000028.jpg,44.61220486111111,65.1823263888889,45.76350302020437,54.340235354516196,2001.5965258053627,1713.6244613147292
vid_000109_frame0000029.jpg,44.4702662037037,64.87641203703704,45.696395257311806,53.854454418716685,1938.1312793303312,1598.2659386691623
vid_000109_frame0000030.jpg,44.29391782407407,64.43524884259259,45.7616512187486,54.00642255933997,2007.9534357491198,1664.7433323564694
vid_000109_frame0000031.jpg,44.684131944444445,64.72878472222222,45.951038083840835,54.16163604977156,1998.241629677822,1647.7816597945603
vid_000109_frame0000032.jpg,44.61251736111111,64.79563657407408,46.02496908916141,54.508525025035844,2063.2465926284603,1724.8951521264348
vid_000109_frame0000033.jpg,44.71774884259259,64.90748842592592,46.08906539372952,54.27082736777408,2012.4786663652253,1673.676043045609
vid_000109_frame0000034.jpg,44.353802083333335,64.5863136574074,45.9226041358023,53.88775696648053,2024.6335456444174,1619.546752013373
vid_000109_frame0000035.jpg,44.102783564814814,64.60884837962963,45.50515382524461,53.912375358956936,2000.6403457751612,1616.7123158902057
vid_000109_frame0000036.jpg,44.053784722222225,64.55496527777778,45.48937720195973,53.818436403093266,1909.3603967661913,1577.0009550733023
vid_000109_frame0000037.jpg,43.99648726851852,64.18831018518519,45.42113719509786,53.53841410281524,1970.6619110215927,1568.2109945553625
vid_000109_frame0000038.jpg,43.89523148148148,64.50112268518518,45.26349433473802,53.5608959082915,1999.4805267059699,1607.5779804043154
vid_000109_frame0000039.jpg,43.71188078703704,64.5178125,45.09887275891358,53.39266606188836,1973.9235918075915,1573.6999136176212
vid_000109_frame0000040.jpg,43.743125,64.2300925925926,45.19417365506315,53.61559668475021,2035.1445879608195,1628.5542734010296
vid_000109_frame0000041.jpg,43.78017361111111,64.10952546296296,45.202781768376695,53.42851636209304,1997.2464572396905,1594.7387864301684
vid_000109_frame0000042.jpg,43.62941550925926,64.1504224537037,45.15234666142359,53.20304066761472,2011.7430161618747,1596.6498466793862
vid_000110_frame0000001.jpg,114.94007716049383,129.51248456790123,35.75464450526322,41.910208415661764,2243.2551506513396,2322.032634024682
vid_000110_frame0000002.jpg,115.36020833333333,129.70114197530864,36.049025195547095,41.87319506253702,2149.2939234438704,2178.297236613845
vid_000110_frame0000003.jpg,115.35851080246914,128.50591820987654,39.77024113042834,42.746135795749055,2263.231581089011,2448.8278723107546
vid_000110_frame0000004.jpg,115.01521604938272,127.65079475308642,41.98766500174785,44.033107022203886,2368.4903985329984,2498.5636731786312
vid_000110_frame0000005.jpg,115.98346450617284,129.39051697530863,43.64734089276852,45.127099190713984,2280.8404277584877,2473.1675916137383
vid_000110_frame0000006.jpg,116.21542438271605,129.35712962962964,44.42505797382044,46.59189269176001,2382.0232381151404,2509.8123980907544
vid_000110_frame0000007.jpg,116.79534722222222,129.30787808641975,44.7472213595553,47.04575707673763,2499.486765517773,2582.9110020546964
vid_000110_frame0000008.jpg,115.0294675925926,126.82013117283951,42.88907999231171,45.708154991192146,2710.315004308068,2793.3068824287816
vid_000110_frame0000009.jpg,114.71038580246913,127.35943672839507,42.76585544725029,45.546541398054586,2494.5384380700707,2597.171208633402
vid_000110_frame0000010.jpg,104.0234799382716,121.20550154320988,42.339795871416754,42.79034825021874,2243.8139630353007,1651.881890157691
vid_000110_frame0000011.jpg,81.22137345679012,103.96608796296296,34.094016119410945,30.042615045979346,2270.612244930032,1247.2556866941018
vid_000110_frame0000012.jpg,95.80141975308642,116.69198302469135,33.638585343474645,28.491412404263766,1945.8095418093178,908.7413632220699
vid_000110_frame0000013.jpg,108.11576388888889,127.03819444444444,31.215950115658245,28.54898337381282,1921.9955939542733,1135.7843467754535
vid_000110_frame0000014.jpg,110.09985339506173,127.72260802469135,32.12868809559362,28.426333991316245,1872.5800597135894,1134.9988980278827
vid_000110_frame0000015.jpg,109.61516203703704,127.98190586419753,30.749206203570036,27.904133804952963,1887.4187021661496,1137.2629615482945
vid_000110_frame0000016.jpg,109.52942129629629,128.2649074074074,30.825255926039656,28.018484198499213,1850.4812618596156,1101.473342761143
vid_000110_frame0000017.jpg,110.08496913580247,128.23388888888888,30.894614067732082,28.059217632282667,1890.9831719649612,1127.0220790406854
vid_000110_frame0000018.jpg,110.05381172839506,128.0994675925926,30.98813426795809,28.394952435082832,1908.942516459953,1169.613429853907
vid_000111_frame0000006.jpg,113.25241512345679,130.92540895061728,31.020790736242468,29.312600249680585,1565.922892460896,994.2521537417481
vid_000111_frame0000007.jpg,106.80858024691358,125.78552469135802,25.098035136986073,26.929055233596326,1711.9971060661487,1189.9979346249977
vid_000111_frame0000008.jpg,106.94290895061728,124.18324845679012,28.041559295282525,30.59971317247356,1750.0183892661182,1456.7906666232639
vid_000111_frame0000009.jpg,106.56797067901235,124.26191358024691,27.71631272550347,29.422446133210396,1768.2503061742086,1229.0135807717954
vid_000111_frame0000010.jpg,104.73844907407407,122.11366512345678,27.528886513194774,29.555768665567626,1844.1263567767278,1572.9929847936075
vid_000111_frame0000011.jpg,104.30597222222222,122.37121141975308,26.674124677213396,30.070951385104227,1803.919128072071,1465.778422684947
vid_000111_frame0000012.jpg,101.68351080246913,120.97069444444445,24.53155746053842,27.63074903832651,1820.6625002550581,1503.9285782744985
vid_000111_frame0000013.jpg,100.65015432098765,119.40262345679012,23.001034933256296,25.190219403794433,1805.9543782290714,1264.2154632370732
vid_000112_frame0000001.jpg,149.81847222222223,146.75392939814816,55.91483592365803,60.86472467427723,878.1814531244642,4212.7225909834415
vid_000112_frame0000002.jpg,150.44295717592593,146.86427662037036,55.73616844534681,60.643608058699684,755.0238604278858,3935.5466870433333
vid_000112_frame0000003.jpg,126.505625,133.31769675925926,52.631621082803626,58.60263566369792,729.6604555297015,3843.6549424720292
vid_000112_frame0000004.jpg,128.3506365740741,134.1237789351852,52.342210352147696,59.61609896933462,742.5553845700111,4114.658067450295
vid_000112_frame0000005.jpg,135.43359953703703,137.12497106481482,55.737590491124536,60.061447713536865,668.1947637800805,3579.1710792095337
vid_000112_frame0000006.jpg,131.06005208333335,136.19357060185186,56.38970305102229,57.83357530053342,601.8730639080452,3182.501870816153
vid_000112_frame0000007.jpg,123.59513888888888,133.50575231481483,54.466246232730356,55.70084188192598,574.0947832431788,2938.417617827155
vid_000112_frame0000008.jpg,118.67792824074074,130.9941261574074,52.82609009991986,54.488534144620324,628.4441073815533,2902.2414512838645
vid_000112_frame0000009.jpg,120.99432291666666,133.76571759259258,48.90086765914304,52.02495646850534,477.74405308397496,2169.931360330933
vid_000112_frame0000010.jpg,140.2814525462963,144.1159548611111,50.362970059500896,54.43784754600797,607.579297608795,2749.664221183737
vid_000112_frame0000011.jpg,142.5381365740741,144.0672511574074,47.19935671985779,55.015456028741106,654.468489619201,3181.0654734277214
vid_000112_frame0000012.jpg,143.42386574074075,144.3544560185185,46.80988096427272,55.82290696434086,724.7511311773607,3560.762523813624
vid_000112_frame0000013.jpg,143.39561342592592,144.03928819444445,46.70061086144422,55.47077278640627,715.2595922516666,3470.100152488292
vid_000112_frame0000014.jpg,142.18789930555556,145.59581597222223,38.51085375638167,50.52462692371858,504.39803990078315,2369.8819893795812
vid_000112_frame0000015.jpg,129.30925347222222,140.71949074074075,32.58840014630166,45.01737737745679,366.7699704860776,1562.2039115547836
vid_000112_frame0000016.jpg,129.07189814814814,142.41436342592593,32.60254768232868,46.85122413997544,409.67536052758487,1656.7752680161377
vid_000112_frame0000017.jpg,130.05329282407408,142.61267361111112,32.83302173307998,47.64780210458925,379.7504754789041,1727.9787267166873
vid_000112_frame0000018.jpg,130.46447916666668,143.21911458333332,33.094737221934814,48.518236158755585,437.845395783467,2043.7091434649346
vid_000112_frame0000019.jpg,130.81286458333332,142.64587384259258,32.99618608730487,47.803770684490786,400.6680468613027,1921.7048223679699
vid_000112_frame0000020.jpg,130.69381944444444,142.48991319444445,33.15508562108495,48.38237911579485,431.568771947338,2033.5220177469137
vid_000112_frame0000021.jpg,139.47341435185186,147.0939236111111,34.21544755039283,45.374825120810826,378.80979550376026,1620.802171947338
vid_000112_frame0000022.jpg,149.08701967592592,148.10848958333332,44.96303242903986,52.681761261309795,591.9578404058428,2539.547216289304
vid_000112_frame0000023.jpg,149.10958912037037,148.89638888888888,50.161391363395545,57.9839835078736,768.4080311080032,3568.3956505914293
vid_000112_frame0000024.jpg,144.26548032407408,147.00686342592593,51.566634463317996,56.79639938399244,634.2551993472168,2952.446482240729
vid_000112_frame0000025.jpg,128.26508680555557,138.31840277777778,54.125874499430616,55.31263394413405,590.787915884211,2596.7042021240236
vid_000112_frame0000026.jpg,129.78556712962964,138.42574074074074,57.73742910740825,56.873618069555526,572.7792137800805,2348.2816564281325
vid_000112_frame0000027.jpg,131.61409722222223,140.5175462962963,60.7918174765458,57.77454548916277,612.6664348314996,2276.591014895056
vid_000112_frame0000028.jpg,135.04340856481483,142.5367824074074,62.00731958139074,58.19301537348112,621.9218063365042,2336.4949202589164
vid_000112_frame0000029.jpg,136.57661458333334,143.60660300925926,62.375174408737614,57.90196577343507,592.9874485977152,2116.006877736753
vid_000112_frame0000030.jpg,130.7899884259259,137.70837962962963,62.639359662556025,58.30353746307109,610.8286409464687,2509.413369177464
vid_000112_frame0000031.jpg,122.84086226851852,128.86988425925927,61.54263497280062,58.53985082581631,750.5145342230568,3337.2887268153813
vid_000112_frame0000032.jpg,116.80372106481481,125.0786400462963,60.78072391266923,58.28213429526785,818.4047430361314,3619.761143164733
vid_000112_frame0000033.jpg,122.39351273148148,128.28122106481482,61.72430351375331,58.607535850457865,779.7943306278936,3451.852875363164
vid_000112_frame0000034.jpg,130.81724537037036,134.38057291666667,62.67480806530744,59.23751125331466,790.979506210884,3451.5409275590227
vid_000112_frame0000035.jpg,134.2920775462963,140.53576388888888,51.295457344478095,51.53652342181431,458.6365636847016,1956.540995711129
vid_000112_frame0000036.jpg,145.24390625,146.34813657407406,43.05790318980155,50.66294752888624,447.256320253424,1858.1160732333128
vid_000112_frame0000038.jpg,129.57267939814815,138.87054976851852,43.239368288862636,55.27906021654679,361.1003068013425,1882.0054998708633
vid_000112_frame0000039.jpg,141.9574074074074,146.2424826388889,40.78780118151637,51.059994143540166,325.23154191954814,1602.3866803518038
vid_000112_frame0000040.jpg,147.79857638888888,149.52006944444443,40.65907938455146,52.349909927712595,383.7850623994971,1855.8793712191357
vid_000112_frame0000041.jpg,147.3411111111111,149.46483217592592,41.156969839360436,52.49433877573779,414.3302385202332,1956.6217996439034
vid_000112_frame0000042.jpg,147.6054861111111,149.85883680555557,41.377496791564354,52.62896184645739,400.02177165634515,1841.0075121953435
vid_000112_frame0000043.jpg,149.0102488425926,150.41611689814815,41.52423564761467,52.41887824971608,391.26170707461927,1792.6982182596762
vid_000112_frame0000044.jpg,149.90052662037036,151.20752314814814,41.27423089891252,50.27435321861824,382.92372679826815,1439.6441492315769
vid_000112_frame0000045.jpg,149.9750173611111,151.56525462962964,41.14261816903415,49.77930356676931,367.5394096513578,1270.7148433620544
vid_000112_frame0000046.jpg,150.09539930555556,151.0856076388889,41.30378804751873,50.579360921163044,370.4739699025848,1391.735005779502
vid_000112_frame0000047.jpg,149.88572337962964,150.89389467592594,41.46618870160808,50.78986834609741,399.764519588819,1519.9607405044367
vid_000112_frame0000048.jpg,149.92166087962963,151.0429224537037,41.3893794613447,50.61639894037056,380.5487495947734,1449.5733667869285
vid_000112_frame0000049.jpg,149.90826388888888,151.44617476851852,41.379386292559744,50.17360805679664,360.7319283130452,1289.9155369050873
vid_000112_frame0000050.jpg,149.95009837962962,151.2814699074074,41.38773041105642,49.92348832692144,358.1503164059486,1312.8269208299844
vid_000112_frame0000051.jpg,158.15545138888888,154.89299189814815,42.84282956941384,52.65192130043546,433.8412399207765,1555.9183421724965
vid_000112_frame0000052.jpg,134.54396990740742,141.91343171296296,46.24239463974171,51.74364852019694,421.75928574245546,2027.586738417855
vid_000112_frame0000053.jpg,122.56950231481481,129.30882523148148,57.864682169492504,56.62760329135162,616.3562705675583,3034.801936684992
vid_000112_frame0000054.jpg,123.14439236111112,129.46169560185186,58.063314652928156,57.384452262584034,704.2377722556785,3584.9671479443964
vid_000112_frame0000055.jpg,128.9983275462963,133.0075,59.260160800343165,58.04114572032307,641.4325327498071,3292.3997266480997
vid_000112_frame0000056.jpg,130.60317708333332,132.48374421296296,58.379535297281286,56.95882580953754,614.9719733494888,3078.4757417522665
vid_000112_frame0000057.jpg,125.46378472222223,129.44751157407407,56.86737165798142,56.84397841055126,663.9326918322068,3378.146215319439
vid_000112_frame0000058.jpg,123.68678819444445,128.88014467592592,56.387780693686686,55.803651141893084,616.6359637439115,3242.245505654384
vid_000113_frame0000001.jpg,114.18333333333334,129.94007523148147,65.84888845767338,55.900560712369455,422.8298600260417,1065.3949232026696
vid_000113_frame0000002.jpg,114.18086226851852,129.69951967592593,65.81409944556385,55.96072806368263,413.5462071114916,1049.5701140753265
vid_000113_frame0000003.jpg,113.41539930555555,128.86533564814815,65.44565083405367,55.82132293916911,416.96589734224966,1060.5619161939246
vid_000113_frame0000004.jpg,129.82015625,141.19274305555555,70.53535854825678,58.75883623954483,468.2763518324278,1087.923363711929
vid_000113_frame0000005.jpg,133.18003472222222,145.03875578703705,70.04745890848456,58.90920427813819,452.4053709056713,1014.6986971723559
vid_000113_frame0000006.jpg,146.31015625,155.88684027777776,47.95176505458986,43.44060728792742,408.00168540367264,1060.7553824794438
vid_000113_frame0000007.jpg,149.38389467592592,162.1569502314815,26.12711609572797,41.733951114801194,377.117667136562,1672.626323043124
vid_000113_frame0000008.jpg,156.08718171296297,165.70159143518518,23.016411164943584,41.60619052568892,350.54299309624565,985.0622742546174
vid_000113_frame0000009.jpg,162.17126736111112,168.59258680555556,25.96644272546958,43.72677906930751,335.98116935492624,1100.1608168933258
vid_000113_frame0000010.jpg,157.17815972222223,164.62084490740742,27.119106201171434,48.9411569465579,446.59954108139897,1851.6837782856173
vid_000113_frame0000011.jpg,155.4788425925926,163.84469907407407,26.642834907365785,48.3757584604356,402.9558940538194,1729.7814308006675
vid_000113_frame0000012.jpg,154.9929050925926,163.81173611111112,26.73050489219982,48.52895323493503,432.9397013695987,1834.0840915155272
vid_000113_frame0000013.jpg,155.25842592592593,163.7384375,26.651999843734785,48.35685621907122,410.6090974255387,1727.4758829544633
vid_000113_frame0000014.jpg,136.6223148148148,151.42592592592592,26.56636265532459,50.64182424210829,319.57745718768086,1512.8483001109182
vid_000113_frame0000015.jpg,143.9513425925926,154.59625,27.948639121663877,51.72656380047071,353.0922136581777,1568.5167686208633
vid_000113_frame0000016.jpg,144.4922222222222,155.0505613425926,27.69814218878004,51.14611961028446,332.9693873911917,1480.144458188624
vid_000113_frame0000017.jpg,144.57460069444446,155.04356481481483,27.281939564537105,49.92462142399412,333.61815494778267,1293.6979076685943
vid_000113_frame0000018.jpg,144.13131944444444,156.61903935185185,25.80976838509791,44.45868213966394,317.9297387890893,860.4436339578174
vid_000113_frame0000019.jpg,144.74953125,157.18159722222222,25.60322634811971,43.61263949103295,302.8354971761068,791.5402434413245
vid_000113_frame0000020.jpg,144.43828125,157.2566087962963,25.690977818270394,43.97184622826246,319.3371788494513,799.6905189299072
vid_000113_frame0000021.jpg,144.25120949074073,156.06141782407408,26.901680581281855,48.09911179426479,314.40096377194254,1035.4522998113855
vid_000113_frame0000022.jpg,143.87973958333333,154.5497685185185,27.82560894439918,51.441994819067176,363.4064862054184,1599.8006939621914
vid_000113_frame0000023.jpg,144.1897337962963,154.54893518518517,27.918678139365873,52.366688116866165,372.7755106758777,1738.586276724825
vid_000113_frame0000024.jpg,143.84023148148148,154.35348958333333,28.079552489346618,52.80360004977243,406.9632610548148,1954.0903576303156
vid_000114_frame0000009.jpg,107.76548611111112,123.36479938271604,68.92838190426075,63.47711572522089,2681.897334975613,3485.2435228052127
vid_000114_frame0000018.jpg,108.02199074074075,123.51918209876543,68.54697076890055,63.47492568478567,2794.2963437699455,3704.6388129829083
vid_000114_frame0000021.jpg,108.33329475308642,123.53470679012345,68.35738569091458,63.331399086500014,2774.6706035605753,3562.7231749876164
vid_000114_frame0000025.jpg,110.04593364197531,125.16839506172839,67.3271350487006,63.1139478129461,2750.1400691358026,3651.448605203511
vid_000114_frame0000030.jpg,111.72891975308642,128.1172222222222,66.63042292621962,63.50029631747719,2853.9027865188227,4279.918427110958
vid_000114_frame0000031.jpg,112.36585648148149,128.78466049382715,66.34041070068976,63.57237444422954,2824.7568802077976,4197.536470573988
vid_000114_frame0000034.jpg,113.93396604938272,130.2876388888889,65.51750666532436,63.38158988783024,2848.8296006572336,4548.350794292029
vid_000114_frame0000036.jpg,107.89951388888889,128.4520138888889,52.40672360275961,59.37468229767991,1987.2090955289186,4146.383679461913
vid_000114_frame0000037.jpg,117.99752314814815,134.09144290123456,54.342136315745186,61.816671242009846,3357.795651036844,6016.5913640617255
vid_000114_frame0000038.jpg,120.36237654320988,134.12365740740742,55.5816223116642,63.28686089003569,3520.8651136825915,6464.118930497446
vid_000114_frame0000039.jpg,120.68831790123457,134.1932175925926,56.12304108003929,63.811785759673384,3983.850285684347,6682.122319355793
vid_000114_frame0000042.jpg,114.14366512345678,130.79114197530865,55.8027537941571,63.20696216871308,5086.1498971550045,7576.476955208809
vid_000114_frame0000046.jpg,114.44438271604939,131.45757716049383,55.45361349191158,62.615374421007296,4819.278720987417,6989.825538989626
vid_000114_frame0000049.jpg,115.05434413580247,131.94657407407408,55.36814042555556,62.94112132537146,5065.95224318362,7558.007792681125
vid_000114_frame0000052.jpg,105.89465277777778,124.97587962962963,54.98760948355417,57.07826110201637,1868.9174550953908,2650.2248813523443
vid_000114_frame0000053.jpg,107.62537808641976,126.3955787037037,64.32972468358861,60.54191824439822,1732.9229416285627,2368.3747277515217
vid_000114_frame0000054.jpg,108.67636574074074,128.23808641975307,64.14157294371097,60.227819774031936,1843.1068226830419,3448.9857435185186
vid_000114_frame0000056.jpg,89.073125,116.0299074074074,22.709488416829828,32.975646653456984,1801.0968214877087,2845.865572416314
vid_000114_frame0000057.jpg,90.745625,118.703125,20.817216547346767,26.19718065336406,1641.7085116464123,1437.6107177238132
vid_000114_frame0000058.jpg,91.28926697530864,120.02689814814815,20.67316853188838,26.529852192460925,1736.34857108476,1897.2636456356095
vid_000114_frame0000059.jpg,91.46065586419753,119.72994598765432,20.56362780393409,26.513487916708137,1671.285534361187,1773.117465545458
vid_000114_frame0000060.jpg,88.27577932098765,117.40567901234567,17.591392828037044,22.115380837794106,1595.8672942301098,1115.1570194258093
vid_000114_frame0000061.jpg,88.31908179012346,117.58229166666666,17.447650097075453,22.065995353056326,1606.7335450424382,1196.2650653854214
vid_000114_frame0000062.jpg,89.32783179012345,118.6577237654321,17.522911018910175,22.151646604437605,1573.645589557375,1247.3797922881777
vid_000115_frame0000007.jpg,85.54153549382715,111.90233796296296,36.501768561757196,47.800450441760105,3164.717191184414,3454.210098688272
vid_000115_frame0000010.jpg,77.45887345679013,105.10966049382716,30.698220832992053,38.40434641211234,3051.3958851013567,2734.970507400203
vid_000115_frame0000013.jpg,80.70383487654321,106.06507716049383,32.6938491513428,39.803671074570055,2935.949125990702,2722.6990624807095
vid_000115_frame0000018.jpg,84.97842592592593,104.19408179012346,43.94003662390309,47.08992524001917,3205.960894594419,3337.6755323121474
vid_000115_frame0000033.jpg,91.27831018518519,110.31426697530864,49.54313236703063,50.47615141102014,3541.0374524453214,3619.466254191434
vid_000115_frame0000038.jpg,85.17867283950618,107.1330401234568,46.17246392366185,42.214858652686395,3066.4886568643674,1884.933602394595
vid_000115_frame0000040.jpg,88.05231481481482,109.06884259259259,52.22495274374192,50.112935710375815,3511.0245789885303,2624.63005775582
vid_000115_frame0000041.jpg,101.16871913580248,119.03118055555555,55.489421246513,53.8219797251865,3611.5599756358,3035.7275138543573
vid_000115_frame0000048.jpg,107.1420061728395,119.38445216049382,58.96180120140108,55.60899913232799,3665.8368947830336,3744.340090196271
vid_000115_frame0000050.jpg,109.9090586419753,129.86975308641976,54.77743225642904,61.201465113490535,3972.745223628258,4637.062713238681
vid_000116_frame0000001.jpg,76.24954475308643,100.22631944444444,20.010156077436466,24.46832148638149,2688.520978006342,2133.8349076893765
vid_000116_frame0000002.jpg,76.50868055555556,100.17667438271604,19.943695481599445,24.300802660157625,2668.0922005706066,2072.5863438490705
vid_000116_frame0000003.jpg,76.36134259259259,99.4486111111111,19.727126214714403,24.697748146401654,2778.0685316271692,2188.1427437366037
vid_000116_frame0000006.jpg,75.18064814814815,98.23354938271605,19.10520270940767,24.930859473121842,2761.197209809326,2298.799300921103
vid_000116_frame0000010.jpg,75.23402777777778,98.78499228395061,19.095523346151733,24.826624095232717,2754.8468984562546,2341.941915500686
vid_000116_frame0000013.jpg,74.00641203703704,97.20020061728395,19.81115622689082,25.453228650314383,2721.0047365468654,2386.7307810461443
vid_000116_frame0000015.jpg,73.31943672839506,96.71360339506172,20.176392405115298,25.89155995061012,2758.034678444358,2406.295367275377
vid_000116_frame0000020.jpg,72.40061728395062,95.79643518518519,20.531892526751438,26.47784677816806,2861.7186035834384,2486.7369602951508
vid_000116_frame0000021.jpg,72.65409722222222,96.02941358024691,20.68922464452891,26.569762859716004,2854.971138112461,2471.199209617198
vid_000116_frame0000022.jpg,72.33286265432099,96.11556327160494,20.809600859872003,26.392541590603535,2812.9710000570963,2444.5835457575427
vid_000116_frame0000027.jpg,71.41513117283951,95.20036265432098,21.856394473493147,27.445892643829783,2841.7263102020934,2469.2753430069138
vid_000116_frame0000028.jpg,70.91974537037036,95.2845987654321,22.06202855467986,27.98715821850537,2871.522893446121,2523.370992700951
vid_000116_frame0000029.jpg,70.98281635802469,95.10993055555555,22.11884125275155,28.463093227466064,2861.0243910605764,2538.8340833285106
vid_000116_frame0000030.jpg,70.70825617283951,94.64043981481481,22.1730878972086,28.605704162090333,2885.6794240966983,2613.0330897955246
vid_000116_frame0000032.jpg,86.41823302469136,107.46131172839506,36.33350678638544,36.79167264554775,2973.835292885457,2590.419232695985
vid_000116_frame0000033.jpg,82.80845679012346,104.0363888888889,35.99499548670119,36.01358694114326,3018.7558730275846,2490.1072998054315
vid_000116_frame0000034.jpg,76.6673611111111,99.47456018518518,33.92945181011669,34.20094375062048,3096.835098591821,2323.601207994625
vid_000116_frame0000036.jpg,77.35207561728394,100.1271450617284,33.85081720087599,34.31421965531245,3091.0693378457336,2389.411196644709
vid_000116_frame0000041.jpg,78.48657407407407,101.31959104938272,34.489508451140665,34.6062211030082,3116.9927688004877,2454.689790837846
vid_000116_frame0000042.jpg,78.6000462962963,101.49690586419753,34.64337211472547,34.971914961942474,3121.300384761993,2443.4271956387656
vid_000116_frame0000046.jpg,78.47124228395062,101.39265432098766,35.05877415449647,35.05321402275332,3105.8779082346796,2284.5839936535494
vid_000116_frame0000048.jpg,78.15356481481481,100.94501543209877,35.15661890786479,34.83086959433101,3109.6245423630166,2270.771321242713
vid_000116_frame0000054.jpg,75.53337962962964,98.72203703703704,35.49802046294948,36.30233075262113,3135.4544807917996,2483.4152238625375
vid_000116_frame0000064.jpg,76.4230324074074,99.7498225308642,35.38282438097439,37.246855602632,3246.0268634066356,2808.892572872311
vid_000116_frame0000066.jpg,76.59425154320988,99.86094907407407,35.355869245478786,37.02380711010713,3244.639460276397,2820.451031823881
vid_000117_frame0000001.jpg,89.04457561728395,111.82649691358024,21.610236251689845,24.96137704955131,2561.868833441691,2032.3125987644792
vid_000117_frame0000002.jpg,89.40475308641976,112.27516975308642,21.6300963223547,24.766163648290384,2545.7320070585174,2024.4153414036903
vid_000117_frame0000003.jpg,89.84129629629629,111.87469135802469,21.86251650540819,25.18222216517726,2638.377832052088,2119.169440774796
vid_000117_frame0000004.jpg,89.75282407407407,111.41033950617285,22.020616736800314,25.67226041514473,2725.901861225185,2315.1864469876446
vid_000117_frame0000006.jpg,90.35752314814815,112.02090277777778,21.973102799627153,25.263318265862782,2622.509054629094,2209.30543156144
vid_000117_frame0000007.jpg,93.08362654320987,115.01853395061728,21.1211799189622,25.175123285072516,2509.7498481822036,2158.985302323328
vid_000117_frame0000008.jpg,94.82587962962963,115.52070987654321,21.200981735312787,26.143171277301974,2533.4163716268486,2311.8324851106445
vid_000117_frame0000009.jpg,93.07843364197531,114.25048611111112,21.01496485495906,25.80314177644461,2489.6090792028654,2229.1760178609875
vid_000117_frame0000011.jpg,92.21372685185185,113.40632716049383,20.998318748824676,25.833195461359747,2591.393733652454,2337.821482033929
vid_000117_frame0000013.jpg,92.22308641975309,113.85985339506173,20.948203340383692,25.82897686044725,2580.896369084303,2293.8240142612954
vid_000117_frame0000014.jpg,91.15075617283951,113.96704475308643,20.32664099906194,24.714173197842072,2446.8907593447543,2010.3374175282324
vid_000117_frame0000015.jpg,91.17609567901235,114.0979938271605,20.5125889425652,25.528870953258195,2559.064198900463,2291.5985144868823
vid_000117_frame0000016.jpg,91.65749228395062,114.87238425925926,20.480031946414904,25.07265897569709,2481.0358562983442,2193.531362917179
vid_000117_frame0000018.jpg,91.97270061728395,113.11486882716049,20.86673385808611,25.81207622253543,2642.316820450329,2353.7064871041357
vid_000117_frame0000021.jpg,92.0723225308642,113.45121913580248,20.841696677033166,25.847253060966818,2630.562727907748,2313.3273605624145
vid_000117_frame0000022.jpg,92.01820216049383,113.5470524691358,20.886956556070597,25.83367698009832,2656.961078760622,2366.4237944444444
vid_000117_frame0000023.jpg,92.32945987654321,113.78497685185185,20.823202855886567,25.70350004838093,2621.74985582395,2319.0947323959163
vid_000117_frame0000024.jpg,91.26609567901235,112.99425925925927,20.8868977006818,25.56494086853707,2678.724397516516,2295.2839788832093
vid_000117_frame0000025.jpg,89.47242283950617,111.69568672839506,21.250089222621042,25.166142254298517,2745.256834169179,2232.829665851659
vid_000118_frame0000001.jpg,68.55414351851852,94.87597222222222,30.26918686416393,30.57110745356635,2856.731875647231,2082.908160131601
vid_000118_frame0000005.jpg,67.1365663580247,93.47290895061728,29.229266408059452,29.803522619306055,2796.2121577774324,2015.2519664435204
vid_000118_frame0000008.jpg,71.81972222222223,96.82447530864198,30.85484259644237,30.302282535894765,2841.3310755791804,2065.4465896583506
vid_000118_frame0000010.jpg,72.79036265432099,98.23506172839507,31.126600975602972,30.54689916264791,2825.590881767023,2051.459303139765
vid_000118_frame0000012.jpg,70.58963734567901,96.22337962962963,30.360578510495127,30.27551764751541,2825.6323020490395,2078.1843744131993
vid_000118_frame0000014.jpg,67.01877314814814,93.19916666666667,29.062865466297687,29.286598543426432,2823.0370654235257,2028.372531846327
vid_000118_frame0000018.jpg,74.2526311728395,99.09898919753087,31.24065534392117,30.484950631871804,2768.8736316514614,2092.3161366881477
vid_000118_frame0000019.jpg,74.33256172839506,99.96682098765432,31.445439789594364,31.189664139793805,2723.3548738377704,2069.5195270833333
vid_000118_frame0000021.jpg,72.22900462962963,97.05333333333333,30.76001422446818,30.6803262352478,2765.3720726163597,2078.395140117682
vid_000118_frame0000024.jpg,66.39599537037037,92.08609567901235,29.13667401305764,29.644750194212556,2802.3538641317423,1983.5437640565463
vid_000118_frame0000026.jpg,65.65270833333334,88.74216049382716,28.841936169695373,28.647841853499724,2758.25172401543,1844.9845001494984
vid_000118_frame0000028.jpg,66.30800154320988,89.44505401234568,29.229297372057975,28.92980418953114,2820.620628057782,1908.196180780369
vid_000118_frame0000029.jpg,66.02261574074075,88.83956018518519,28.96510202179873,28.754389758124212,2776.15767646599,1849.09687748146
vid_000118_frame0000031.jpg,65.35152777777778,88.2570524691358,28.72066392418779,28.61099387166422,2827.4327567727396,1835.4375121427158
vid_000118_frame0000036.jpg,61.65618827160494,85.17525462962963,27.688600246651596,28.076252877291303,2798.2153280747507,1734.354564394719
vid_000118_frame0000037.jpg,61.72373456790123,85.46396604938272,27.73976490600915,28.22750384216325,2773.888728905655,1714.4944620675203
vid_000118_frame0000038.jpg,62.0039274691358,85.50177469135802,27.723128603658466,27.925246552154533,2787.2926236253397,1736.5370942381473
vid_000118_frame0000039.jpg,61.73539351851852,85.7364274691358,27.559794819786365,28.073858664662453,2723.4744054349926,1724.076129586227
vid_000119_frame0000001.jpg,107.71265432098765,127.0746913580247,23.892360414250756,26.59260185973107,2541.9594991826107,2193.434978922265
vid_000119_frame0000002.jpg,108.13875771604938,128.5408024691358,23.765041000708845,26.65300724186777,2498.7054270304043,2146.4399560163756
vid_000119_frame0000003.jpg,107.15076388888889,129.01927469135802,22.78253934383766,26.241853211382665,2485.201304694406,2089.23127869132
vid_000119_frame0000004.jpg,109.51290895061729,127.373387345679,23.84707587532355,27.211985378654596,2620.3119259173523,2392.5413733843925
vid_000119_frame0000005.jpg,110.43023919753087,129.08872685185185,23.45168879856018,26.93722680104516,2489.8598924875687,2315.1985765279683
vid_000119_frame0000006.jpg,112.0725462962963,129.63230709876544,23.054882841544927,27.279108268380693,2430.74365823593,2287.150020640372
vid_000119_frame0000007.jpg,112.41596450617284,129.87015432098767,22.482677277004846,27.613292580506926,2402.196157702653,2398.280674229765
vid_000119_frame0000009.jpg,112.01699074074074,129.3964814814815,22.406600828716638,27.522832159666333,2369.1806308861073,2387.672679012108
vid_000119_frame0000011.jpg,111.82081018518518,129.15253086419753,22.38460906070039,27.529535033310715,2368.4986381944445,2391.357297300752
vid_000119_frame0000012.jpg,111.65842592592593,128.51631172839507,22.42572259576141,27.639889361709045,2426.016917077237,2421.772697941434
vid_000119_frame0000013.jpg,102.08869598765432,123.24134259259259,21.850626004469667,25.53735512615628,2455.7601023031452,2194.004083207352
vid_000119_frame0000014.jpg,103.38496913580246,123.94871141975308,22.15206723344566,26.298477588900123,2532.300030003941,2222.4854253426975
vid_000119_frame0000015.jpg,103.84252314814815,124.41467592592592,22.204484423428223,26.371826426352094,2459.7198072401666,2262.5684920262133
vid_000119_frame0000017.jpg,103.13443672839506,123.73112654320988,22.913370589375507,26.100014609570415,2459.3577508353696,2183.330002666324
vid_000119_frame0000018.jpg,101.65295524691358,122.35516203703703,23.571444779932968,26.347924820274844,2500.400794322928,2270.719907298752
vid_000120_frame0000001.jpg,95.9659413580247,114.93388888888889,42.18671146178052,41.908638282033465,3080.961924093126,2852.379697645117
vid_000120_frame0000002.jpg,96.21253086419753,114.83819444444444,42.228469023442734,41.66938351674878,3038.7875547646604,2770.9012538193847
vid_000120_frame0000003.jpg,94.58015432098766,113.45998456790123,42.732961494896806,42.19803953669533,3103.7261268546504,2803.943118498454
vid_000120_frame0000004.jpg,92.329737654321,111.4945524691358,43.487294244798036,43.78971267745189,3189.5194301049173,2920.028567955473
vid_000120_frame0000005.jpg,89.45983796296296,108.89890432098765,42.953831351248766,43.52246612315831,3166.9470767773105,2905.5963528568436
vid_000120_frame0000007.jpg,87.03971450617284,107.57939814814814,41.91690050275663,42.840385011217855,3321.6773332180687,3012.178670185983
vid_000120_frame0000008.jpg,87.19084104938271,108.29305555555555,42.20592292560978,43.79770941411022,3170.741799038828,3145.3447185354275
vid_000120_frame0000012.jpg,87.91640432098765,108.49125771604939,41.23634195178956,42.83682992060156,3222.1736054735725,3251.3123208847146
vid_000120_frame0000013.jpg,87.67920524691358,108.26504629629629,41.188262999746286,42.98850492883388,3283.1002844247732,3470.9740895040295
vid_000120_frame0000015.jpg,86.15771604938271,107.21085648148149,41.484045003414245,43.379108739553935,3445.1663759752223,3531.393213734032
vid_000120_frame0000017.jpg,91.48956018518518,112.44435185185185,39.82783046164919,41.49650909993681,3208.3741808868217,3419.6999025833884
vid_000120_frame0000018.jpg,95.47653549382716,114.22999228395062,38.237615263270385,38.61202573057336,2947.212488504456,3114.388760280862
vid_000120_frame0000019.jpg,98.71079475308642,116.2989737654321,38.596937176403415,39.20925980559182,2633.36662036656,2790.4872060697203
vid_000121_frame0000001.jpg,89.40507716049383,115.74675925925926,49.36812682738392,55.737191453306444,3931.8919726316017,3985.6988752771467
vid_000121_frame0000002.jpg,89.79557098765432,116.0783487654321,49.32266665979479,55.63932146380325,3876.1683949545018,3792.940131468086
vid_000121_frame0000003.jpg,92.46677469135803,118.75979166666667,47.93055055956549,54.192724293161554,3713.6671321956924,3662.3813608136625
vid_000121_frame0000004.jpg,91.23665895061728,118.08518518518518,46.07239928162831,53.15002755097508,3556.2922604764426,3735.769221911437
vid_000121_frame0000007.jpg,87.00876543209877,112.5061651234568,42.881860575038914,49.086393908388956,3234.2139096171977,3006.838147987159
vid_000121_frame0000008.jpg,92.60315586419753,117.15332561728395,44.80182244120061,51.10598738408248,3344.953217499655,3374.5297967154393
vid_000121_frame0000009.jpg,92.81641975308642,117.24686728395062,42.106915675167414,48.15175340449017,3020.5397165251466,2834.88250899914
vid_000121_frame0000011.jpg,91.31202160493827,114.93449074074074,37.29363200597475,42.454075753019566,2879.792634180611,2481.8247259792715
vid_000121_frame0000017.jpg,101.82033179012346,122.77899691358024,35.333599691707974,38.225958920785374,2356.676691529254,2088.622851570299
vid_000121_frame0000020.jpg,103.90699845679012,124.04978395061728,36.46977376612675,37.849167105375074,2302.656333898641,2004.7827023319614
vid_000121_frame0000023.jpg,105.04635802469136,123.82962191358024,37.24614337904743,38.57918913043649,2368.046358839104,2072.701505389565
vid_000121_frame0000029.jpg,108.30488425925925,126.70621913580247,40.35982181433353,42.0204661139481,2453.9837374254594,2312.3275767660584
vid_000121_frame0000031.jpg,101.86471450617285,122.8693287037037,38.831347016383106,42.39925241755896,2624.687981755592,2442.845684956323
vid_000121_frame0000032.jpg,101.45744598765432,122.5341512345679,38.581006180781046,42.01275350592922,2582.85065200135,2395.7536184461214
vid_000122_frame0000004.jpg,117.50342592592592,128.19837962962964,74.15279960244466,63.02108012867025,3682.152044653005,2011.5156843697607
vid_000122_frame0000005.jpg,117.84760030864197,128.2486111111111,74.27592612551666,62.826799060351256,3796.375647110769,2108.839209795037
vid_000122_frame0000007.jpg,115.73033179012346,126.50503086419754,73.61710784618498,62.24826604753721,3761.9130485438936,2127.4980535736145
vid_000122_frame0000010.jpg,102.84665895061728,116.14091049382716,66.961247986376,56.5010193760168,3467.0257887507614,1929.2910742167255
vid_000122_frame0000014.jpg,113.39729166666666,125.49199074074075,70.19467632031872,59.52761249046302,3506.4405209702695,2048.301549602707
vid_000122_frame0000017.jpg,113.92128086419753,125.67130401234567,70.22855934108871,59.90651184227132,3571.0086236362954,2057.61043309179
vid_000122_frame0000018.jpg,113.43006172839506,125.23288580246914,70.25812944919537,59.76501367758583,3582.293040002893,2077.259104212153
vid_000122_frame0000019.jpg,113.40466820987655,125.66736882716049,70.23435066761594,59.51509687629025,3531.246070814043,2013.1032104504243
vid_000122_frame0000020.jpg,113.21395061728396,125.33438271604938,70.26561168174591,59.51153749993874,3584.5336725046072,2027.3841580694634
vid_000122_frame0000021.jpg,113.5607561728395,125.5383487654321,70.17121024294127,59.62103866584691,3562.846251026663,2016.0711570263677
vid_000122_frame0000022.jpg,113.70665895061728,125.79480709876543,70.26240000033108,59.63865123802321,3594.7865961133375,2067.3814294293456
vid_000122_frame0000023.jpg,113.78398919753086,125.99363425925925,70.27676063040745,59.52027690002057,3559.840104480072,2030.931016184414
vid_000122_frame0000033.jpg,113.73970679012346,125.91996913580248,70.22052055278536,59.636746838302955,3497.7632432055307,2011.0009940471514
vid_000122_frame0000037.jpg,125.85425925925927,135.87095679012344,74.08466197038439,63.464604203751826,3602.112428935185,2087.9866868140693
vid_000122_frame0000038.jpg,119.39368827160494,129.58407407407407,74.11944695525061,62.715324510550445,3744.4478664217895,2217.3801105080565
vid_000122_frame0000039.jpg,116.92799382716049,127.80344907407408,73.80287840868654,62.7759594290656,3703.7178817155827,2169.4182326700866
vid_000122_frame0000041.jpg,117.26689814814814,128.0348611111111,73.94827166785215,62.649776000007215,3763.5186376543206,2138.45048445353
vid_000122_frame0000043.jpg,117.23932098765432,128.23414351851852,73.9337596222769,62.67599147002788,3638.7276572096835,2132.1320095619476
vid_000122_frame0000045.jpg,117.2450925925926,127.90616512345679,73.9152715471753,62.684050477082884,3718.913027908998,2117.855243255363
vid_000122_frame0000046.jpg,117.18586419753086,128.0788348765432,73.93284724688303,62.77597401194712,3643.545193697607,2077.946654292172
vid_000122_frame0000049.jpg,117.21723765432098,128.4220138888889,73.965166762614,62.64556541126704,3667.272877794686,2094.8783355190117
vid_000122_frame0000050.jpg,117.23706790123457,128.17236111111112,73.95576820412357,62.81326257429734,3716.6035061575976,2135.3521004581407
vid_000122_frame0000051.jpg,117.28400462962964,128.16868827160494,73.95504565679575,62.75532354926708,3723.9168532063886,2131.9237766831825
vid_000122_frame0000053.jpg,117.26218364197531,128.10077160493827,73.94655572691457,62.81995399373511,3698.5070146342387,2146.8756697187932
vid_000122_frame0000054.jpg,117.24016203703704,127.58837191358025,73.92332227941056,62.82384911453121,3734.941176200036,2185.6289404128083
vid_000122_frame0000056.jpg,117.29086419753087,127.87001543209877,73.99566655976237,62.88549548412346,3699.348224486966,2144.3963700530953
vid_000122_frame0000057.jpg,117.37260802469136,127.87989197530864,74.00192829686938,62.805012307744875,3823.9576750728143,2212.428790116253
vid_000122_frame0000058.jpg,117.39999228395062,127.75877314814815,74.00448204436175,62.76220674179464,3839.0636408083747,2200.6876971778665
vid_000122_frame0000060.jpg,117.205625,128.01493055555557,73.9647641596087,62.70480666282068,3838.875243183204,2167.2492797629934
vid_000122_frame0000061.jpg,117.26123456790124,127.8271450617284,73.90399071038239,62.66072948281454,3792.3525331356095,2125.618706437126
vid_000122_frame0000062.jpg,117.23779320987654,127.85586419753086,73.9013660981951,62.40720676614143,3784.241479976316,2140.0636288827923
vid_000122_frame0000064.jpg,117.30862654320988,127.70945216049383,73.92879830480561,62.58358684795421,3794.865172824265,2176.1171776186343
vid_000122_frame0000065.jpg,117.27682098765432,127.74810956790124,73.95576958364165,62.505212130622894,3837.459560179232,2211.8808049239237
vid_000122_frame0000066.jpg,117.67826388888889,127.9276774691358,73.9911172288677,62.53361300582784,3750.068437928431,2145.826705188805
vid_000122_frame0000067.jpg,118.49486882716049,128.54993055555556,74.07477362684679,62.22124471574527,3821.6716622940007,2161.237836754056
vid_000122_frame0000068.jpg,118.53821759259259,128.5053549382716,74.22843530155308,62.634710890700795,3772.9271849017277,2132.816462562633
vid_000122_frame0000069.jpg,118.4029938271605,128.35195987654322,74.43827599021235,62.66380889503094,3690.895629834438,2073.746172381306
vid_000122_frame0000072.jpg,118.39277777777778,127.7948688271605,74.44602569008894,62.68821546295862,3764.8021643384554,2182.423013543036
vid_000122_frame0000075.jpg,117.10260802469136,127.06782407407407,73.92091742748912,62.30575740706324,3809.7985999608836,2146.820586400463
vid_000122_frame0000076.jpg,119.0338811728395,129.20801697530865,74.5588314930521,62.764669297007174,3677.6878145789865,2015.1085930727022
vid_000122_frame0000077.jpg,119.95104166666667,129.3155324074074,74.88818425934657,62.8893380635991,3809.144423688212,2132.832934060583
vid_000122_frame0000078.jpg,118.66789351851853,128.29070216049382,74.4466993234858,62.53843255364041,3816.790563393002,2120.2877749199224
vid_000122_frame0000079.jpg,115.99508487654322,126.452137345679,73.70951587462227,61.56903276474363,3736.0254082475394,2106.196767443927
vid_000122_frame0000080.jpg,124.28308641975309,134.73181327160495,75.30713429866046,63.94066522968396,3224.930292051517,1843.664174382716
vid_000122_frame0000081.jpg,124.04985339506173,133.65298611111112,76.6555625461625,66.75698978201443,3233.062043668017,2274.881009653397
vid_000122_frame0000082.jpg,112.75375771604938,126.20660493827161,74.31091707915468,67.18157689631902,3340.6360357652575,2304.4031865325765
vid_000122_frame0000083.jpg,102.88662037037037,118.53774691358025,75.19748690637802,68.9303464714685,3532.864150102821,2573.5923254436725
vid_000122_frame0000084.jpg,97.08420524691358,115.84702160493828,73.77828208851967,69.14685822169821,3590.659676946159,2606.246572427031
vid_000122_frame0000085.jpg,100.43699074074074,118.61478395061728,72.66355282714215,67.04403820782711,3627.8125851385075,2623.7846004629037
vid_000122_frame0000087.jpg,102.38653549382715,119.80851080246913,73.9703017183225,67.54460933410678,3969.212554886295,3154.7022933696753
vid_000123_frame0000003.jpg,98.49249228395061,121.3307638888889,59.3310421878041,53.09734044980407,3222.3173811270553,1946.3465971149956
vid_000123_frame0000004.jpg,91.49185185185185,113.11769290123456,66.75603982682591,59.94441650126637,3338.440332561193,2079.0022009256877
vid_000123_frame0000005.jpg,89.42891203703704,111.27084876543209,65.76472075424816,59.14434338048929,3311.928051516001,2063.334858841783
vid_000123_frame0000006.jpg,88.21724537037036,110.41804012345679,65.32937974955371,58.816909719895946,3255.69448117284,1980.8569853775507
vid_000123_frame0000007.jpg,87.25882716049382,110.09952160493827,64.86095324164278,58.89067976642301,3333.064060146545,2046.0196527491405
vid_000123_frame0000008.jpg,87.87568672839507,110.42672067901235,65.28738204694561,59.41902130718814,3361.9349296982164,2082.7754826674072
vid_000123_frame0000009.jpg,90.01618055555555,112.57179783950617,66.2935577208554,60.03592866669684,3280.004543604014,2013.457108809633
vid_000123_frame0000010.jpg,91.09287037037036,112.40365740740741,66.8852766542757,60.10885245977316,3368.971436534958,2103.7154852537724
vid_000123_frame0000011.jpg,90.35287037037037,111.8846913580247,66.38257109247421,59.73278167809955,3368.252592513944,2050.414087172068
vid_000123_frame0000012.jpg,87.57891975308642,109.91314043209877,65.01920293319223,59.359675489701125,3315.61985350217,2102.3953858024693
vid_000123_frame0000013.jpg,106.65493827160493,126.92775462962963,70.82772629439143,62.1851250130641,3253.695897819442,1976.6634145116502
vid_000123_frame0000014.jpg,110.37100308641975,130.7795447530864,63.7893812899282,56.32660698208031,3061.9131614354114,1951.1694391172746
vid_000123_frame0000015.jpg,102.88859567901234,125.76679783950617,56.92038472376972,51.996241623668425,3068.8583127486286,1963.5230167775853
vid_000123_frame0000016.jpg,101.5744212962963,124.52319444444444,53.611813337844595,49.27628898833791,3032.2996447615997,1951.4669373740187
vid_000123_frame0000017.jpg,101.81903549382716,125.2316975308642,51.90979614186017,48.667952211152574,3068.6825159459663,1939.1730952215269
vid_000123_frame0000018.jpg,98.32355709876543,121.09888117283951,53.00802985410527,48.89151301651977,3224.224538027204,2102.1147908302255
vid_000123_frame0000019.jpg,97.94858796296296,120.88695216049383,53.13506523688829,48.8629382464345,3211.709290826236,1994.3845263772196
vid_000123_frame0000020.jpg,97.12524691358024,119.81032407407407,52.88837556591015,48.60774999383202,3243.990698901654,2098.4542970498023
vid_000123_frame0000021.jpg,97.56802469135802,120.6850925925926,52.86378359963015,48.68558121140859,3269.6016827155136,2073.6101467191907
vid_000123_frame0000022.jpg,97.58238425925926,120.38847222222222,52.947406380893256,49.089880244496236,3209.9602215896966,2129.3041568527565
vid_000123_frame0000023.jpg,84.70722222222223,109.95472993827161,52.03689624964479,50.750742970337534,3215.6121621396796,2012.4649570177946
vid_000123_frame0000024.jpg,88.82340277777777,113.24672067901234,54.229279995141674,52.25478639739533,3264.5527075116574,2087.2560788120613
vid_000123_frame0000025.jpg,93.27648148148148,116.98400462962962,56.02866227442881,52.93846006764186,3215.4619335318903,2049.058222106958
vid_000123_frame0000026.jpg,93.9188811728395,117.25466049382716,56.25089602837575,52.706102733144995,3215.0522297191146,1996.7577027882567
vid_000123_frame0000027.jpg,93.0478549382716,116.97901234567901,55.847227072015656,52.960845142051326,3284.660480806982,2025.1496485881894
vid_000123_frame0000028.jpg,93.24384259259259,117.7925,55.89053261930011,52.85021402759261,3302.970130279719,2036.1466756506252
vid_000123_frame0000029.jpg,95.98765432098766,120.60496913580246,56.11986567065937,52.621126290662126,3160.6370771519205,1930.1444584975973
vid_000123_frame0000030.jpg,99.3698225308642,122.60490740740741,56.363136413964064,52.63561245145319,3228.5851635716735,2104.6994979418505
vid_000123_frame0000031.jpg,101.33695216049382,124.26743055555555,55.863711100061806,51.79039129596641,3183.182880105394,2000.5250177611429
vid_000123_frame0000032.jpg,98.59524691358024,122.1030401234568,54.128462472440425,51.03190057758106,3160.1552880915046,2089.1929123190057
vid_000123_frame0000033.jpg,93.90619598765431,118.94260802469135,52.40250564059133,50.23743878367891,3161.9765471378587,2011.158918464935
vid_000123_frame0000034.jpg,88.36320216049383,113.50111111111111,51.19866525006432,48.981300116586446,3168.4725983662333,2029.8224352306715
vid_000123_frame0000035.jpg,90.33698302469136,116.02457561728394,53.02962905944007,50.692711441204814,3010.4252740731213,1957.959210583312
vid_000123_frame0000036.jpg,92.62644290123457,117.53231481481481,54.35847904121499,51.098947727317864,2989.644908639833,1900.5108383344166
vid_000123_frame0000037.jpg,95.25066358024691,119.44298611111111,55.37863725360019,51.49370607024292,3029.7877731861927,1994.885359166857
vid_000123_frame0000038.jpg,100.7172299382716,123.64535493827161,57.33261373939754,52.35336501823014,3031.5691971349993,2005.4403438137647
vid_000123_frame0000039.jpg,103.59979938271604,125.77398148148148,57.7273108383408,52.49102741268419,2939.616651051431,1931.8788808718182
vid_000123_frame0000040.jpg,100.49559413580246,123.9723688271605,55.47141666667721,51.893421469057145,2941.8138760973343,1989.0609755363128
vid_000123_frame0000041.jpg,99.21885802469136,122.16091049382716,54.69358107713895,51.05254074436405,2938.9116925925928,1930.8698833247602
vid_000123_frame0000042.jpg,96.12555555555555,120.86989197530865,54.817139829945546,51.34684707572569,3075.14995369513,1949.738187974156
vid_000123_frame0000043.jpg,87.98447530864198,112.98664351851852,53.71907413247761,51.26330043311453,3117.6947821715794,1908.1747015201092
vid_000123_frame0000044.jpg,91.26570987654321,115.45414351851852,56.12573833099908,52.65145038296684,3151.963779882485,1927.2662633342384
vid_000123_frame0000045.jpg,95.6448688271605,118.93489197530864,57.28949578969719,52.83331556099184,3235.0308789122632,1955.1600271942514
vid_000123_frame0000046.jpg,97.74350308641975,119.98088734567901,57.42829946728089,52.38717327062695,3156.7871112510834,1899.9046807198195
vid_000124_frame0000001.jpg,51.78552469135803,73.41809413580246,32.79962671567562,34.07878383215564,3281.818004610339,1716.9582484546468
vid_000124_frame0000002.jpg,52.051574074074075,73.60505401234568,32.79044708999554,34.19167802800178,3251.2445307260705,1661.6566542561513
vid_000124_frame0000003.jpg,52.410069444444446,74.29538580246914,32.99303960678945,34.466574884440384,3278.2847135335696,1642.9265849708504
vid_000124_frame0000004.jpg,52.8322299382716,74.47981481481482,33.15861911202371,34.40724684958353,3226.869611303476,1621.722324586334
vid_000124_frame0000005.jpg,53.18026234567901,74.9596836419753,33.244958161216736,34.61981301646471,3295.0670520688063,1630.3829703931733
vid_000124_frame0000006.jpg,53.255262345679014,75.28155864197531,33.339807404985784,35.14022065165753,3246.2597264400906,1626.5872975965337
vid_000124_frame0000007.jpg,53.386180555555555,75.2619212962963,33.37989930856766,34.80193850159951,3222.689584168703,1621.6668413836853
vid_000124_frame0000008.jpg,53.30026234567901,74.92127314814815,33.473405879380465,34.737497056842706,3259.0684733867147,1633.8966631906342
vid_000124_frame0000009.jpg,53.26428240740741,75.3261188271605,33.285103193830565,34.864907007568135,3298.952907864417,1660.234095307261
vid_000124_frame0000010.jpg,53.22182098765432,75.28712191358025,33.19747023520523,35.404399935208254,3299.966294367284,1718.4033159588262
vid_000124_frame0000011.jpg,53.66125,75.25719907407408,33.360985775217884,35.19010801392001,3315.363919945452,1620.5018667064378
vid_000125_frame0000002.jpg,71.3663348765432,93.04810956790124,36.51364307417642,36.19108143292061,2929.1599111073006,2115.9311459833084
vid_000125_frame0000003.jpg,71.86702160493827,93.22300925925926,36.90945484384596,36.60350289627609,2909.7855376883763,2104.5489272661725
vid_000125_frame0000004.jpg,74.38891203703703,95.34940586419754,39.08534570616791,38.14124505692862,2828.749282743139,2113.340804678927
vid_000125_frame0000005.jpg,78.76194444444444,99.01349537037036,42.237544324216145,40.225987718596876,2899.6629983593875,2117.593946656319
vid_000125_frame0000006.jpg,82.1247299382716,101.82922067901235,44.40745898068827,41.38524416663704,2948.0303388773978,2145.905294431049
vid_000125_frame0000007.jpg,80.27376543209877,99.88524691358025,43.79713816846309,40.869458452471484,2918.8763247165425,2088.1138985205544
vid_000125_frame0000008.jpg,77.62940586419754,98.13358796296296,42.18938870799635,40.209685372739116,3094.134285122254,2122.0342468706535
vid_000125_frame0000009.jpg,74.72476080246913,95.45117283950617,40.243875669199284,38.72943689979322,3107.042882548809,2098.2859560970483
vid_000125_frame0000010.jpg,73.5242901234568,94.2958487654321,39.89480336981031,38.72921511130353,3110.2426695528034,2128.7479831189985
vid_000125_frame0000011.jpg,75.53414351851852,95.83835648148148,41.54729297265882,39.8270453283042,2983.040705589313,2097.1528660617073
vid_000125_frame0000012.jpg,79.44087191358025,98.82215277777777,44.68519800265031,41.7482700720344,3069.342626375969,2152.4838268518515
vid_000125_frame0000013.jpg,84.37315586419753,103.42679012345678,48.14172803780985,44.11175774301194,2945.6795738549167,2112.930009310164
vid_000125_frame0000014.jpg,83.74606481481482,101.92050154320988,49.133967547122886,44.9480311993648,2941.445777176152,2163.2977919179148
vid_000125_frame0000015.jpg,83.10503858024691,101.84552469135802,49.60501106502102,45.79859233883205,2968.1201517594495,2065.0870022612307
vid_000125_frame0000016.jpg,83.07662037037036,102.09229166666667,50.12091176331004,45.85591203952505,3012.4121381124614,2038.2146131681886
vid_000125_frame0000017.jpg,83.16624228395062,102.01556327160493,51.06974075322678,46.51609435474076,3165.1788909176867,2076.4643647097905
vid_000125_frame0000018.jpg,82.52358024691358,101.49989969135802,50.944681322813935,46.49464857022742,3247.581342720657,2076.90074130063
vid_000125_frame0000019.jpg,78.54494598765432,99.0678086419753,47.82438732559017,44.91849821882948,3050.9867718949454,2021.4916345021124
vid_000125_frame0000020.jpg,74.43346450617284,95.06912037037037,44.253447785786086,42.03979346666773,3036.8658729609033,2085.976135001333
vid_000125_frame0000021.jpg,75.45784722222223,96.02839506172839,42.88360212444865,40.85434923148179,3053.29819884164,2086.3026252169543
vid_000125_frame0000022.jpg,74.48380401234567,95.32203703703703,41.005491013345264,39.70669543688,3115.9848036977496,2124.7952791337425
vid_000125_frame0000023.jpg,73.78391203703704,94.50746141975308,39.05594233416404,38.15841278056719,3087.5732488496774,2141.979582098765
vid_000125_frame0000024.jpg,72.7025925925926,93.91313271604939,37.37923752030599,36.82569680013835,3018.2680684096836,2151.912546004563
vid_000125_frame0000025.jpg,72.40038580246913,93.50077932098766,36.540968465468545,36.5215463549682,2957.541024319606,2138.756990591897
vid_000125_frame0000026.jpg,71.91770833333334,93.3607175925926,35.97137958680336,35.803971154202806,2748.2765466558426,2125.263699081159
vid_000126_frame0000001.jpg,80.36229938271605,103.95675925925926,46.75528693571705,45.146627001594,3123.0965590848746,2077.8101118996246
vid_000126_frame0000002.jpg,80.60117283950618,104.11082561728395,46.62494558810319,44.46436439113062,3096.594611211074,2038.625293517983
vid_000126_frame0000003.jpg,80.4216975308642,103.79648148148148,44.97642792997918,43.42477869012914,3065.507355259238,2074.58257992303
vid_000126_frame0000004.jpg,80.33421296296297,103.27210648148149,43.93872644177363,42.92428619567732,3137.800861139629,2148.2763812671465
vid_000126_frame0000005.jpg,80.79300154320988,103.93016975308642,43.87847361055274,42.45037462538324,3122.664161018709,2163.1552846126738
vid_000126_frame0000006.jpg,80.59513888888888,103.66800925925926,43.13812896746964,41.476607992254195,3113.42728324754,2142.7300267403975
vid_000126_frame0000007.jpg,78.19720679012346,101.50110339506173,41.21329828054219,40.380985953296104,3083.187124652242,2138.2070310890103
vid_000126_frame0000008.jpg,77.91151234567901,101.61509259259259,40.59643917437509,40.36570071011511,2948.9632644589597,2181.457264903347
vid_000126_frame0000009.jpg,79.12292438271605,102.91942901234567,41.30284986016634,40.383186082731164,2887.594662958141,2162.391988622161
vid_000126_frame0000010.jpg,81.16287037037037,103.98671296296297,43.17448915002831,41.858749575772556,3085.6151850279466,2196.53581412037
vid_000126_frame0000011.jpg,84.29241512345679,106.88837962962963,45.29591400099679,43.37569397634988,2934.8001986877357,2164.730553085884
vid_000126_frame0000012.jpg,92.97452160493827,113.06915895061728,50.99510732630882,47.062427276707176,3019.345911865331,2070.784961587411
vid_000126_frame0000013.jpg,89.82976080246914,110.15244598765432,50.50532035693235,46.81852467244988,3038.303648050745,2094.2347287493685
vid_000126_frame0000014.jpg,87.28315586419752,107.85831018518519,50.15601431364583,46.53651088438704,3089.1157732472184,2103.335724142661
vid_000126_frame0000015.jpg,88.29699845679012,109.13641203703703,51.39304752185193,47.44343085142223,3074.7969091389937,2053.5085099213156
vid_000126_frame0000016.jpg,90.03533950617285,110.74951388888888,53.046785789534745,48.88727707802105,3174.9301801545116,2085.4160298544425
vid_000126_frame0000017.jpg,91.56302469135802,111.95012345679012,54.10420894936389,50.161407808374875,3236.89676971397,2127.3455871651026
vid_000126_frame0000018.jpg,90.37533179012345,110.9280401234568,52.45004941033029,48.71751378033019,3289.065427981396,2190.0990416351715
vid_000126_frame0000019.jpg,94.34013888888889,115.93256944444444,50.99320670060219,48.30609990463648,3150.354925007621,2035.6452974150639
vid_000126_frame0000020.jpg,97.76121913580246,118.93069444444444,48.34660136274858,47.356408490668194,2911.10127442076,2208.0057353823727
vid_000126_frame0000021.jpg,91.92556327160494,113.79668981481481,44.76633667152451,44.47733314201055,2952.918257772967,1957.3171373263892
vid_000126_frame0000022.jpg,91.62628858024691,113.30260802469135,44.59479975728146,44.3790180165333,2951.8119394003747,2078.2394509930245
vid_000126_frame0000023.jpg,89.21108796296296,111.20531635802469,40.76552914233554,41.86924013611715,2682.6228615692517,2064.555242875455
vid_000126_frame0000024.jpg,87.18855709876543,109.40091820987654,40.7221239984962,41.93624917094114,2751.588870112633,2137.522530787037
vid_000126_frame0000025.jpg,86.9530324074074,108.33733024691358,41.3428464176022,42.04989142433479,2825.6006809154,2150.9001115073925
vid_000126_frame0000026.jpg,86.85104166666666,108.68857253086419,42.06454763689266,42.858540957354066,2591.5003320982296,2156.3567447544556
vid_000127_frame0000002.jpg,75.87656635802469,100.54706018518519,28.17795966249095,28.835372837835738,2334.5989852859225,1811.4698231586267
vid_000127_frame0000003.jpg,75.18050925925925,98.94634259259259,28.287334551649636,28.79079028874566,2463.0420840877323,1803.9127426239688
vid_000127_frame0000004.jpg,75.07084104938272,99.71996141975309,28.20405099180243,28.91026393516636,2324.7417956603767,1819.6332384535515
vid_000127_frame0000005.jpg,75.04258487654322,99.77949074074074,28.08234968796994,28.76092281589964,2460.0498185513243,1866.6919378343027
vid_000127_frame0000006.jpg,74.97498456790123,99.7002237654321,28.094609904920166,28.63635299602399,2468.7704201129304,1892.845342180534
vid_000127_frame0000007.jpg,75.33046296296297,100.11961419753086,28.21071601242715,29.24577627791866,2324.584255579787,1875.6038172572778
vid_000127_frame0000008.jpg,75.04590277777778,99.61742283950618,28.43943151415957,29.347933952986555,2356.8398583333333,1876.1358180940763
vid_000127_frame0000009.jpg,75.48886574074074,101.14876543209877,28.293014331790243,29.31828130784976,2241.141065111073,1808.2368910598611
vid_000127_frame0000010.jpg,76.14391975308642,101.36226080246914,28.526176738688516,29.329389362593272,2389.3415302968656,1859.0784716925773
vid_000127_frame0000035.jpg,83.32432098765432,106.75817901234568,33.85030637709049,33.838153201912526,2494.0421380770363,2048.047712159863
vid_000127_frame0000036.jpg,88.77103395061728,110.44538580246913,37.8632093310185,36.27464439427909,2549.897473935947,2032.7678711133378
vid_000127_frame0000037.jpg,88.56197530864198,110.40543981481481,39.39190419174024,38.368990779444616,2620.0147100287213,2059.2886271412035
vid_000127_frame0000038.jpg,80.99908950617284,104.81378858024691,35.76136268236148,35.880102463291394,2600.0672210883913,2055.1492067829195
vid_000127_frame0000039.jpg,73.69412808641975,99.26576388888888,30.283361352067413,32.25411870703815,2510.808476229746,1912.1761618126409
vid_000127_frame0000040.jpg,73.24340277777777,99.51038580246913,28.34794324568556,30.12972518404327,2596.672954875162,1949.3258090513548
vid_000127_frame0000041.jpg,76.22024691358024,101.48662808641976,28.16505025935287,29.336559274748225,2423.6750761231137,1908.9409973420115
vid_000127_frame0000042.jpg,76.3998225308642,101.00751543209877,28.500432013717,29.466605742978057,2261.5193989577974,1852.3519254684404
vid_000127_frame0000043.jpg,76.30960648148148,100.17721450617285,28.617997019262653,29.095989885656227,2347.45606834324,1880.9307440212526
vid_000127_frame0000044.jpg,76.66615740740741,100.69324845679013,28.621762036714895,29.75203957273605,2305.383447839506,1884.143580812519
vid_000127_frame0000045.jpg,77.3485725308642,101.14501543209876,29.041738832462308,30.16997687229923,2354.679938271605,1962.0608973050387
vid_000128_frame0000005.jpg,110.76967592592592,126.53659722222223,39.59592497839867,37.97664267728767,2076.4778137324242,2051.37506402392
vid_000128_frame0000006.jpg,117.84076388888889,130.63287037037037,45.52873438459922,41.093547859872004,1859.4086326110255,2061.8899117440533
vid_000128_frame0000007.jpg,124.08195987654321,135.96157407407406,48.12615923104319,43.785468218941325,1816.221134256342,2048.1652006810486
vid_000128_frame0000008.jpg,124.59923611111111,136.46860339506173,43.73369711452901,40.42177423313372,1842.7659594473378,2053.0347898148143
vid_000128_frame0000009.jpg,125.40132716049382,137.07045524691358,41.26398249472613,38.8836007985138,1861.977946467764,2040.678254915171
vid_000128_frame0000010.jpg,123.54293209876543,134.70375,38.59024427405445,37.28193673785141,1881.0384389458063,2082.1606287936647
vid_000128_frame0000011.jpg,116.36605709876544,130.02343364197532,36.126342822363874,35.60299025883355,2150.790757887517,2105.7204949687907
vid_000128_frame0000012.jpg,115.54155864197531,128.68594907407407,36.6433985689339,35.3586798515313,2239.571396081961,2074.1112436890335
vid_000128_frame0000013.jpg,113.42540895061728,128.3150848765432,34.83603668053314,34.92684136527581,2123.1291175659203,2042.2303810055987
vid_000128_frame0000014.jpg,113.34332561728395,128.77871141975308,36.09934773429437,35.490100630795695,2069.757169744453,2060.0761265886968
vid_000128_frame0000015.jpg,113.43112654320987,128.72905092592592,36.61044482148772,35.36393052206766,1994.4083635158868,2038.6577797638863
vid_000128_frame0000016.jpg,105.99833333333333,123.42133487654321,35.494845048260174,35.23053595462611,2183.4970745989563,2017.5823537037038
vid_000128_frame0000017.jpg,97.70435185185185,114.84155864197531,38.532789662955025,37.056714600101174,2250.8089157778327,2109.466806034177
vid_000128_frame0000018.jpg,96.30476851851851,113.3375848765432,39.82249021923706,38.76382761292047,2213.1098156549474,2236.7381162465704
vid_000128_frame0000019.jpg,96.53635802469135,113.68175154320987,40.453842837439595,39.954709973826496,2179.323459867969,2110.109229537942
vid_000130_frame0000001.jpg,90.29226080246913,112.90663580246914,27.516203004032782,29.37663815936692,2347.466133020881,2068.891702216697
vid_000130_frame0000002.jpg,90.58831790123457,113.56105709876543,27.502227899835578,29.367341246820992,2359.6886332932645,2028.6650623756266
vid_000130_frame0000003.jpg,92.60388117283951,115.69860339506172,28.126373416091802,30.525939706470542,2439.7454792509116,2007.1185709874162
vid_000130_frame0000004.jpg,93.70063271604938,116.30003858024692,28.997760283365377,30.634381908841956,2518.778257738674,2008.4349527934364
vid_000130_frame0000005.jpg,89.31537037037037,112.72119598765433,28.159490399405026,29.57810138589536,2660.2028804441006,1950.7055256743804
vid_000130_frame0000006.jpg,78.60709104938272,104.07912037037038,25.049423012028385,27.125362929204588,2684.7289531604843,1944.9669468792868
vid_000130_frame0000007.jpg,77.63993055555555,103.83983024691358,23.802128036569577,26.89174933078823,2611.0466461090514,1959.8838930112001
vid_000130_frame0000008.jpg,76.87391975308643,102.55645061728396,23.32181922405468,26.06284294668582,2541.223636496377,1967.4505282978373
vid_000130_frame0000009.jpg,77.95282407407407,103.9430787037037,23.527203450682165,26.781821255860155,2453.576131500534,1972.335421681146
vid_000130_frame0000010.jpg,80.44385802469135,106.14321759259259,24.31390578959446,27.478472036297198,2287.4929923923087,1968.5477393859073
vid_000130_frame0000011.jpg,82.81155092592593,108.12209104938272,24.88132643482572,28.152338722844753,2238.402017913559,1913.9529432055301
vid_000130_frame0000012.jpg,83.08391203703704,107.88268518518518,23.577497716781888,26.685068931911935,2264.049970993132,1933.1481434992281
vid_000130_frame0000013.jpg,83.44081018518519,108.26688271604938,24.598415328823094,27.571501471065382,2292.9726831189982,1912.9566981604728
vid_000130_frame0000014.jpg,84.38507716049382,109.05046296296297,25.390612684495153,28.219336845643404,2320.4637041492815,1969.6693065066659
vid_000130_frame0000015.jpg,87.23441358024691,110.4022299382716,26.721863666373643,29.41275406195171,2167.4133500270896,1957.002320001655
vid_000130_frame0000016.jpg,89.6358487654321,112.39228395061728,27.299626383313125,29.56751745768877,2139.6769973631476,1951.292804702444
vid_000130_frame0000017.jpg,95.03978395061728,117.38003858024692,25.903187347663174,29.16698001945525,2136.8214405977915,1914.5363017680233
vid_000130_frame0000018.jpg,92.3142438271605,115.4188425925926,24.767252701352383,28.396789016333976,2176.026788406636,1969.4033260707213
vid_000130_frame0000019.jpg,91.5492438271605,113.81412808641976,25.83538936350689,28.5148785523271,2158.705159411437,1968.0714855294902
vid_000130_frame0000020.jpg,88.92856481481482,111.74104166666666,25.09666199538524,28.01085411581815,2347.0253581932416,1892.4009629543893
vid_000130_frame0000021.jpg,88.52095679012346,111.65520061728395,27.500838803335103,29.748447450772243,2318.9162042175712,1925.005187431175
vid_000130_frame0000022.jpg,87.01246913580248,109.28806327160494,27.511896115207797,28.85103325463742,2360.208759026825,1973.2132913237308
vid_000130_frame0000023.jpg,86.87521604938271,108.68543209876543,28.2863747565308,29.567427609289492,2382.225524001676,2011.0271519903954
vid_000130_frame0000024.jpg,85.49685956790124,107.4919598765432,28.264646143533582,29.143700696628876,2415.4233600477733,2074.0192299639325
vid_000130_frame0000025.jpg,84.65150462962963,106.92610339506173,27.97432150439312,29.495464352645786,2468.983336233044,2075.8098112701955
vid_000130_frame0000026.jpg,84.46545524691358,105.78441358024692,28.383496354431205,29.66530694390107,2314.9172978049746,2119.956940481396
vid_000130_frame0000027.jpg,86.52529320987654,108.08553240740741,30.102754976365777,31.03285779477918,2336.9859148088613,2133.5945658350474
vid_000131_frame0000001.jpg,74.58809413580246,100.763387345679,24.627832329007486,27.299549084051847,2288.6741993131764,1930.8659384764137
vid_000131_frame0000002.jpg,75.11175925925926,102.07043981481482,24.598103735833664,26.957573827948224,2258.796691790921,1856.3566074197315
vid_000131_frame0000003.jpg,75.69864197530865,102.03974537037037,24.892072613986294,27.332074873863352,2216.8832212770067,1866.8624420036485
vid_000131_frame0000004.jpg,75.38685185185186,101.94365740740741,24.97574422011129,27.38711181219178,2241.834994870196,1910.82807782255
vid_000131_frame0000005.jpg,76.91497685185185,102.50880401234568,25.214246495011356,27.976704643976213,2234.20510405944,1943.7917928383035
vid_000131_frame0000006.jpg,77.49390432098765,103.86721450617284,25.223508163561732,28.272378590433053,2306.7739752438056,2001.6735954037113
vid_000131_frame0000007.jpg,78.94304783950618,103.8510262345679,25.495865168898945,28.861562230929312,2335.6564163084895,2030.9328788749335
vid_000131_frame0000008.jpg,78.75765432098765,103.52802469135803,25.403818915380505,28.61170255784597,2324.014920522548,2068.8055582846914
vid_000131_frame0000009.jpg,79.66883487654322,104.59943672839506,25.388276452020442,28.500327396711814,2290.624599902597,2037.5882326340666
vid_000131_frame0000010.jpg,78.54655092592593,103.57462191358024,25.117609956460342,28.65154563671012,2344.4403062376164,2156.7885380943617
vid_000131_frame0000011.jpg,80.61692901234568,105.44929012345679,25.691927513023753,29.097679356617423,2320.677733577139,2107.134052468183
vid_000131_frame0000012.jpg,84.08427469135802,108.24703703703703,28.025012465694324,31.047978212717712,2371.0902532144846,2154.1387590134295
vid_000131_frame0000013.jpg,88.73917438271604,110.81693672839506,31.929966805221603,33.942026398676695,2362.9664167023298,2272.031581267147
vid_000131_frame0000014.jpg,89.47074074074074,110.88510030864198,32.777680443462934,35.43953118470658,2283.163024477023,2502.10503213681
vid_000131_frame0000015.jpg,83.54331018518519,107.57409722222222,28.30834776598954,32.23001036679377,2327.86340370156,2284.917402261231
vid_000131_frame0000016.jpg,79.58764660493827,104.67747685185185,26.079714342212572,30.09064775331316,2418.9956666618436,2133.3744119682115
vid_000131_frame0000017.jpg,79.83434413580247,104.90926697530864,24.96268828855272,28.649820641064125,2383.727057035656,2153.3960254448634
vid_000131_frame0000018.jpg,79.80199845679013,104.93165895061729,24.488306305204706,27.664647921569976,2282.1149650120033,2081.845681034177
vid_000131_frame0000019.jpg,81.06692901234568,106.66008487654321,24.893495273405453,28.134477102740828,2284.085970793086,2029.6213312942364
vid_000131_frame0000020.jpg,82.57069444444444,107.20592592592592,25.743264475892946,28.50857059902252,2344.884769888117,2076.0532442414815
vid_000131_frame0000021.jpg,82.7693287037037,108.29053240740741,25.444133774425154,28.93266629405608,2287.349140734787,2017.450838999807
vid_000131_frame0000022.jpg,81.01316358024691,106.9829938271605,24.381499061239886,27.51910342621427,2287.9008279749655,1967.2352748198996
vid_000131_frame0000023.jpg,79.95029320987655,105.36833333333334,23.634267368586453,26.401390494853267,2278.642676165922,1985.8982108405137
vid_000131_frame0000024.jpg,79.83560185185185,104.56981481481482,23.38764204466494,26.559470061838702,2293.480140234375,2015.1705686642067
vid_000131_frame0000025.jpg,81.45570216049383,106.11565586419754,23.655576380089634,26.487270619939615,2239.8479176306364,1924.47135456652
vid_000131_frame0000026.jpg,83.78894290123456,108.6659413580247,24.327600154634585,27.106190534959882,2273.779765316834,1916.8652291835756
vid_000131_frame0000027.jpg,86.06720679012345,109.4517438271605,25.15541884852829,27.754420208227543,2321.5643296033736,1912.0768672753775
vid_000131_frame0000028.jpg,86.17445987654321,110.32833333333333,26.13088191541576,28.7469043905085,2343.313224614197,1931.7033326129308
vid_000132_frame0000001.jpg,114.21748456790124,127.78930555555556,47.60276651072993,40.89247783704907,2852.561592981014,2198.2565233079467
vid_000132_frame0000002.jpg,114.52398148148148,128.49172067901233,47.55395501797415,41.826061334549365,2796.1032724727556,2085.223924472677
vid_000132_frame0000003.jpg,113.5066975308642,127.83871141975308,47.25646929604735,42.10214628858003,2849.946779134278,2097.408070968365
vid_000132_frame0000004.jpg,109.77035493827161,124.84899691358025,46.89377980215796,41.8492303118889,2930.6222293590313,2135.637829768173
vid_000132_frame0000005.jpg,100.59489969135802,117.70566358024692,44.27104497367242,39.95312031446518,2909.4759049189815,2174.9355427123824
vid_000132_frame0000006.jpg,97.8324537037037,115.07034722222222,42.57828863172519,39.256996471295885,3003.6674082813574,2256.0062206141756
vid_000132_frame0000007.jpg,100.87758487654321,116.96560956790124,42.407067865742,39.11265343015688,2977.2991118538994,2422.820768325081
vid_000132_frame0000008.jpg,102.32506944444444,117.92222222222222,42.263955996347846,39.06447345632286,2976.935708742713,2506.7636786164812
vid_000132_frame0000009.jpg,103.73270061728395,119.45141203703703,41.93657323264253,38.84581920971744,2858.0325768246435,2502.5038737118484
vid_000132_frame0000010.jpg,100.41172067901235,116.06737654320987,40.12505701664045,38.36812427525517,3019.564224104557,2719.5148574816503
vid_000132_frame0000011.jpg,95.2776774691358,111.2591049382716,37.571487028158536,36.215165388786176,2963.646757672647,2812.674142995541
vid_000132_frame0000012.jpg,93.48011574074074,109.84304012345679,36.10290149823892,34.86966861791321,2936.248252057077,3043.4763986696357
vid_000132_frame0000013.jpg,93.89911265432099,111.06983024691358,35.14218450706596,34.035921251892255,2879.775463715278,2863.922062756249
vid_000132_frame0000014.jpg,93.1675,110.45895061728395,34.53657860372441,33.64483473661821,2831.362218363959,2827.4638975756366
vid_000132_frame0000015.jpg,95.00523148148149,112.06287808641976,35.38542788468466,34.23271671323312,2803.8610852108454,2747.4293063199566
vid_000132_frame0000016.jpg,98.19158950617285,114.2202237654321,37.08908682297744,35.388057027715476,2869.393660779369,2933.2969991595696
vid_000132_frame0000017.jpg,102.63351851851851,117.30148148148149,39.21836654753821,36.71043373941633,2926.937027262839,3028.737549722734
vid_000132_frame0000018.jpg,100.12337962962962,114.9701311728395,39.18201050507846,36.43336101132531,3007.392710881535,3156.1804681353365
vid_000132_frame0000019.jpg,96.04192901234568,113.28260802469136,37.332660807201755,35.89401894003154,2789.388794234873,2880.1750930095927
vid_000132_frame0000020.jpg,90.85736111111112,109.31885030864197,34.88852343862697,35.667398437964756,2975.2607581673433,2885.7188025972014
vid_000132_frame0000021.jpg,92.55003858024692,111.20314814814814,33.907065196129274,35.383098418163016,2772.8901045486587,2721.5878244655332
vid_000132_frame0000022.jpg,96.62862654320988,114.68276234567901,36.3318316241144,37.62571715930691,2790.6787725363415,2912.48883526181
vid_000132_frame0000023.jpg,103.7563348765432,120.49322530864198,39.94428221059876,40.082081297514904,2976.0918020532677,3161.068871681146
vid_000132_frame0000024.jpg,105.11766975308642,121.22916666666667,41.13258800275661,41.61769898061831,3013.2393060318545,3357.75792295358
vid_000132_frame0000025.jpg,102.01146604938272,120.44907407407408,39.247816342638906,41.04366030962391,2793.083945472715,2901.3294586962143
vid_000132_frame0000026.jpg,100.20931327160494,120.06273919753086,37.44023931206174,39.46551929829951,2732.684502456216,2678.891868921468
vid_000132_frame0000027.jpg,97.49793981481481,116.09539351851852,36.23790128557113,37.50521235893713,2806.7251379071763,2731.804887807153
vid_000132_frame0000028.jpg,94.87636574074074,114.16637345679013,35.844987984989075,37.57555563928857,2788.494073699643,2826.2794044293455
vid_000132_frame0000029.jpg,92.08979166666667,113.16566358024691,35.319598144286424,36.80119211062822,2781.291620918114,2333.6538958140436
vid_000132_frame0000030.jpg,91.9920524691358,111.70765432098766,34.73208124631967,34.977605667076375,2729.607436694101,2349.2102098298656
vid_000132_frame0000031.jpg,93.74391975308642,112.12768518518519,34.71545303002656,34.37479439507036,2699.181752912809,2383.802934332073
vid_000132_frame0000032.jpg,97.30114197530864,114.6819598765432,36.29036737383615,36.24109160676927,2831.7381577160495,2742.3070717056758
vid_000132_frame0000033.jpg,101.49492283950617,117.53342592592593,38.363342989546055,37.6778356514031,2845.6073334485386,2865.2732186927847
vid_000132_frame0000034.jpg,98.9118287037037,115.35989969135802,37.49929273680746,37.12947692990979,2873.6787942234414,2975.192901996647
vid_000132_frame0000035.jpg,91.49443672839506,109.92345679012345,33.85147524787386,35.41629310166364,2742.237756767023,2649.2841313056674
vid_000132_frame0000036.jpg,87.6264274691358,108.38875,31.12554557084425,33.592780584347544,2613.7982641172744,2435.2887547767464
vid_000132_frame0000037.jpg,92.52273919753087,111.14309413580247,33.63436993543341,35.388097553429105,2633.6736843463623,2517.7613518401827
vid_000132_frame0000038.jpg,99.36875,115.81941358024692,37.95586693998564,38.75705347547148,2682.9486127828623,2687.8240084018607
vid_000132_frame0000039.jpg,110.90038580246913,124.13200617283951,43.715005755989765,43.68578829621471,2911.8355264229444,3628.2641202558207
vid_000132_frame0000040.jpg,109.91942901234567,124.70692901234568,46.04085986202329,47.13307537792734,3180.650439231288,4030.3407411501203
vid_000132_frame0000041.jpg,105.68459104938272,121.51989969135802,46.43810097797696,47.11111951967757,3309.925999012572,3673.64217459967
vid_000132_frame0000042.jpg,99.6716975308642,118.52878086419753,45.027784922419,44.2462102240714,3124.1915320749504,2912.550165462582
vid_000132_frame0000043.jpg,90.26283950617284,109.26760030864197,41.23538841803951,39.9480830472363,3046.01283130787,2616.5582255572103
vid_000132_frame0000044.jpg,93.625625,112.16055555555556,38.59475020065207,38.59009711532701,2856.856846883514,2573.6211968806556
vid_000132_frame0000045.jpg,98.61261574074074,115.37184413580248,39.37182089588822,39.02564520263412,2818.262242337296,2926.064180940822
vid_000132_frame0000046.jpg,104.82090277777777,120.04826388888888,42.08966105474729,40.32628890018553,2751.630509870768,2685.900551041131
vid_000132_frame0000047.jpg,111.69226851851852,125.34086419753086,46.06065956949901,43.6391892965834,2950.7185853237293,3064.1328929955425
vid_000132_frame0000048.jpg,110.87625,124.7554012345679,47.62423335450311,43.41845860906579,2936.1030195463723,2962.424956506666
vid_000132_frame0000049.jpg,111.3701774691358,124.95690586419754,48.87184991395061,43.84487968606577,2944.8612422834144,2620.8611349874614
vid_000132_frame0000050.jpg,110.78287037037038,124.6492901234568,49.497679361070496,44.50567202153752,2977.9162407787853,2544.3151647947507
vid_000132_frame0000051.jpg,103.33176697530864,120.81157407407407,47.247565259577605,42.77954168791975,2945.006843800904,2153.9664619624964
vid_000132_frame0000052.jpg,91.09878086419754,110.2236188271605,41.7961389733742,39.27434079559811,2911.38762118002,2213.5384765274325
vid_000132_frame0000053.jpg,96.23764660493828,114.99466820987654,40.484790784856855,38.69687630107762,2845.789523761622,2408.9027906778097
vid_000132_frame0000054.jpg,103.66075617283951,120.26983796296297,43.53718121552697,40.799056711192804,2862.0543586953204,2487.119302397632
vid_000132_frame0000055.jpg,120.36827932098765,132.31262345679013,51.955805753684274,45.79788509221734,2872.098013828816,2368.744046638994
vid_000132_frame0000056.jpg,111.82073302469136,126.75353395061728,49.59600383474716,44.89733740124318,2809.0734118634255,2434.6017022628384
vid_000132_frame0000057.jpg,99.25212191358025,117.08960648148148,43.691111594696224,41.11642161646213,2868.1522123198993,2498.793339047437
vid_000132_frame0000058.jpg,96.32540895061729,115.029375,40.14120327125534,38.946389352427225,2832.6640712848057,2474.9509097078735
vid_000132_frame0000059.jpg,95.59462962962964,114.07475308641975,36.912368224610645,36.04902673641464,2777.9596416264194,2586.864461591221
vid_000132_frame0000060.jpg,93.668125,113.6120524691358,34.21116757830394,34.53731440369197,2681.887196561536,2479.1653743426473
vid_000132_frame0000061.jpg,91.33643518518518,113.00614969135802,31.062225078031165,33.97769217554892,2623.2226338970336,2310.557964158415
vid_000132_frame0000062.jpg,87.78740740740741,109.99743055555555,29.39727650851299,31.408224888079516,2541.633566129163,2152.726745134066
vid_000132_frame0000063.jpg,89.03382716049383,111.48569444444445,29.2566724611838,31.11146372289015,2527.870474644145,2128.477169924554
vid_000132_frame0000073.jpg,97.91376543209877,115.28801697530864,31.126887399077575,30.63378120395136,2597.8359263353054,2366.7408900739215
vid_000132_frame0000074.jpg,95.16636574074074,113.81483796296297,30.354268821895758,30.40702785716585,2551.034610492875,2321.3963472193045
vid_000132_frame0000075.jpg,89.75198302469136,109.10018518518518,28.1722048289735,28.756553895434255,2463.5808954465783,2282.292907221591
vid_000132_frame0000079.jpg,97.628125,115.40398919753086,29.851821615061642,30.11500068892097,2400.2137469135205,2244.070969902585
vid_000132_frame0000080.jpg,105.05878858024691,119.99375771604939,34.946229760281554,32.95930734970264,2572.9510106047455,2401.0856785050273
vid_000132_frame0000081.jpg,105.07168209876544,119.50643518518518,37.452993179403826,34.152428676659554,2830.4952353202157,2604.0867210861884
vid_000132_frame0000082.jpg,106.23770833333333,121.45887345679013,38.3133206535449,35.16726640654173,2754.687625468619,2351.3320900374847
vid_000132_frame0000083.jpg,105.42874228395061,120.85648919753086,38.272369188822864,34.881980898136646,2803.311362001791,2379.053710962268
vid_000132_frame0000084.jpg,100.08084104938271,116.94192901234568,36.034006575014544,34.15513682577708,2755.615183360423,2289.1939688212065
vid_000132_frame0000085.jpg,91.24881172839507,109.8671836419753,32.75647669642325,32.05165401252325,2736.33316615012,2398.599610218943
vid_000132_frame0000086.jpg,91.52101851851852,111.47120370370371,31.08861199661703,31.341945050343504,2614.8490337905214,2330.017678394109
vid_000132_frame0000087.jpg,93.61908179012346,111.8635725308642,31.049020904963985,31.959122331503195,2728.5747936192565,2663.2936170524094
vid_000132_frame0000088.jpg,100.47402777777778,117.48141975308641,34.20790990597103,34.00096440838628,2612.331669928781,2448.364012402597
vid_000132_frame0000089.jpg,114.2422762345679,127.8152237654321,40.49415498216984,36.9103562622986,2662.050850127112,2481.955408846784
vid_000132_frame0000090.jpg,114.77046296296297,128.64216049382716,42.50492452698775,39.13458722073359,2765.4465078312546,2464.4692944101507
vid_000132_frame0000091.jpg,112.07257716049382,126.60234567901234,41.73869397990751,38.77308417222165,2871.9929919809647,2554.916570501591
vid_000132_frame0000092.jpg,108.88731481481481,124.03521604938271,39.92440332755626,37.66997130639905,2698.21002281325,2456.0314799037396
vid_000132_frame0000093.jpg,98.83273148148149,116.96814814814815,36.99933369781433,36.47851182498687,2826.440579938272,2545.5469672781755
vid_000132_frame0000094.jpg,93.37473765432098,113.08403549382716,34.43120405142949,35.32054841301691,2845.2639615625835,2690.236632349299
vid_000132_frame0000095.jpg,93.75536265432099,111.35645833333334,33.25122883333974,34.53482404350508,2779.6446314699906,2891.4371291937564
vid_000132_frame0000096.jpg,92.31148919753086,110.94877314814815,32.06008278407585,33.23051769631652,2695.712227965857,2880.0956595421217
vid_000132_frame0000097.jpg,91.6953163580247,109.41226080246913,31.940409160227695,33.71218415462267,2834.4527411501203,3044.67271604843
vid_000132_frame0000098.jpg,95.6146450617284,113.70612654320988,33.44319979730798,34.73240867641442,2876.55284382716,3258.9486108967762
vid_000132_frame0000099.jpg,103.71922839506173,118.74756172839506,36.92239706411518,36.883947254089904,2867.5697052725745,3106.322736290616
vid_000132_frame0000100.jpg,107.61470679012346,121.6270061728395,39.58475131659594,39.532636489704586,2874.4897264359834,3126.3194293680813
vid_000132_frame0000101.jpg,108.1949537037037,122.20422839506173,40.538350831220804,39.61148321498509,2941.351474468212,3009.754505486016
vid_000132_frame0000102.jpg,106.6488348765432,121.98063271604939,40.61483558731295,39.853349359310144,2865.387275265239,2847.018550054239
vid_000132_frame0000103.jpg,101.40234567901234,118.13966049382717,40.14287601178807,39.03261418679392,2994.172557407407,2865.2027929955416
vid_000132_frame0000104.jpg,93.68047839506173,112.42896604938272,37.66465565452056,37.294079485512,2953.9249766003068,2714.8738087533698
vid_000132_frame0000105.jpg,95.85734567901234,113.51088734567901,38.27056481456977,36.64383513049149,2927.045255336398,2939.6243076929486
vid_000132_frame0000106.jpg,96.03513117283951,113.97219907407407,37.13205071341214,35.903014595529285,2845.5558387773754,2711.7372479323253
vid_000132_frame0000107.jpg,95.64402777777778,113.69628086419753,36.29103079953855,36.219218626254545,2803.1339904820506,2824.635907338582
vid_000132_frame0000108.jpg,98.86135030864197,116.64661265432099,38.245360769626544,38.14590938590587,2782.246102609108,2748.104582130142
vid_000132_frame0000109.jpg,108.28662037037037,123.60377314814815,42.53376501868278,39.78933533551881,2843.2434191738466,2753.4553808146625
vid_000132_frame0000110.jpg,114.00976080246913,127.57908179012345,45.83148385599995,43.059005192517354,2898.886595283148,2833.2772383672814
vid_000132_frame0000111.jpg,112.34127314814815,126.51431327160493,46.20733006875422,44.039077891686254,3107.2752501571194,3039.3565682436342
vid_000132_frame0000112.jpg,108.86039351851852,123.83871141975308,45.59870120625142,44.539754712871634,3126.0352086867474,3202.94145946121
vid_000132_frame0000113.jpg,99.28283950617283,116.61450617283951,43.121635871205186,44.15018654173179,3276.41621731104,3193.107630062526
vid_000132_frame0000114.jpg,94.57131172839506,113.00637345679013,41.423347227156704,40.521326949818786,3002.9615954037117,2724.369091417978
vid_000132_frame0000115.jpg,95.32315586419753,113.8783950617284,38.877627626378334,36.69622772037549,2899.796039148889,2228.404750004227
vid_000132_frame0000116.jpg,93.7069212962963,114.45030092592593,35.04488380788276,33.53762626783608,2642.502820644719,2126.8612977489497
vid_000132_frame0000117.jpg,93.00513117283951,113.39342592592592,33.40550330619494,32.88179962996257,2567.0967163536784,2140.560080975116
vid_000132_frame0000118.jpg,93.92149691358024,113.93068672839506,33.480661143393746,33.33603118236133,2559.154907883707,2145.884656877762
vid_000132_frame0000119.jpg,96.04708333333333,114.88104938271604,34.687154146590814,33.56275220119096,2630.743653940842,2157.2728763573937
vid_000132_frame0000120.jpg,99.79807098765433,117.78263888888888,36.60431583347702,35.52040134281683,2605.585702742532,2172.107308229917
vid_000132_frame0000121.jpg,101.02518518518518,119.09138888888889,37.03209233381268,36.364273437522286,2679.4033693984816,2177.589305501972
vid_000132_frame0000122.jpg,98.07801697530864,118.10079475308642,35.86953147661067,36.89102908765416,2553.7509426196825,2188.331966046465
vid_000132_frame0000123.jpg,93.21730709876543,115.08184413580247,34.47045422319267,36.04967026090739,2562.2005447509428,2154.8604382999447
vid_000132_frame0000124.jpg,88.31443672839507,109.88860339506172,32.55205320903865,33.3392713191621,2545.7497373397255,2117.7773103775507
vid_000132_frame0000129.jpg,104.1475848765432,119.968125,41.513099983588624,38.22654361516553,2810.6249669195217,2435.5039409707338
vid_000132_frame0000130.jpg,101.41175154320987,117.75320216049383,41.7517661249863,39.3013006306218,2797.8219007582093,2392.9109166451735
vid_000133_frame0000001.jpg,54.569895833333334,88.52179398148148,48.15736716973459,71.29630098596722,1566.5459190441409,2931.6683260630666
vid_000133_frame0000002.jpg,54.79127893518518,88.45514467592592,48.234819086658334,71.1411444414858,1538.2152686896848,2805.1903486662686
vid_000133_frame0000003.jpg,54.59035879629629,88.2966724537037,48.23192541532437,71.13356023499185,1575.857927375063,2773.5970025236575
vid_000133_frame0000004.jpg,53.66797453703704,87.47088541666666,47.8808475040183,71.03501596127656,1604.6738485467772,2902.354797084479
vid_000133_frame0000005.jpg,53.11698495370371,87.33550925925925,47.6494414625873,71.06203766727943,1580.8173620595087,2889.108043536603
vid_000133_frame0000006.jpg,52.7613599537037,86.36186921296296,47.47472964497522,70.21733848266662,1543.2474158456307,2535.2665713075157
vid_000133_frame0000007.jpg,52.28432870370371,86.26438078703704,47.382949247703785,70.52687015699789,1582.1685722788873,2842.6792535986797
vid_000133_frame0000008.jpg,52.0003125,86.30786458333333,47.277476210631086,70.56219097101372,1595.0831822240173,2864.624410134515
vid_000133_frame0000009.jpg,51.93254050925926,86.12516203703704,47.260226983597775,70.44601553883525,1606.199058319636,2762.5966819251544
vid_000133_frame0000010.jpg,52.377609953703704,86.38641203703703,47.415120286546546,70.61317667730191,1607.6485698366434,2868.666981063395
vid_000133_frame0000011.jpg,53.5762962962963,87.02244791666666,47.85582792971128,70.55224931795243,1591.4043434217663,2740.193446227575
vid_000133_frame0000012.jpg,54.80688657407408,88.66251736111111,48.32545073443401,71.50095165875302,1614.3475461226853,2939.156529147376
vid_000133_frame0000013.jpg,56.12085648148148,89.0413425925926,48.70225166583158,71.24517026550227,1519.8331272600253,2574.415778547239
vid_000133_frame0000014.jpg,56.08834490740741,89.6243576388889,48.785936026416785,72.08090633673939,1596.1150428594055,3040.2906398126715
vid_000133_frame0000015.jpg,56.12849537037037,89.50708912037037,48.761249585731655,71.80925234879221,1597.654234531699,3012.6263372576677
vid_000133_frame0000016.jpg,55.99570023148148,89.53254050925926,48.57862981122528,71.6136764295997,1516.177582303991,2628.5527922448346
vid_000133_frame0000017.jpg,55.189427083333335,89.11325231481482,48.34615182530338,71.7781285863433,1581.4809284443588,2938.2423724407104
vid_000133_frame0000018.jpg,54.64410300925926,88.84711226851852,48.149604081566565,71.66999087328495,1611.2471106333792,2956.6754795267157
vid_000133_frame0000019.jpg,54.73184606481482,88.75086226851852,48.19377514451433,71.53861676390314,1580.5842852418498,2901.9682369220664
vid_000133_frame0000020.jpg,54.81945023148148,88.82700231481482,48.27076661793284,71.73436476337282,1613.4498850046082,3070.6398760461875
vid_000133_frame0000021.jpg,55.07861111111111,88.8421412037037,48.39801169026458,71.46306341357248,1593.4617618815105,3012.430815137623
vid_000133_frame0000022.jpg,55.35225115740741,89.06741898148148,48.42312479783724,71.60152080137561,1602.0703212962962,2976.264384062306
vid_000133_frame0000023.jpg,56.094907407407405,89.86502314814815,48.6156980485798,71.76641700651614,1546.5260857322407,2790.476023936331
vid_000133_frame0000024.jpg,56.02235532407408,90.04041087962963,48.57638735851298,72.08814124985437,1624.2070053816428,3120.135327353261
vid_000133_frame0000025.jpg,56.05694444444445,90.18616898148149,48.502414963898936,72.02794865471756,1593.2409094809616,2976.6634947310836
vid_000133_frame0000026.jpg,55.484976851851854,89.67805555555556,48.12205793074736,71.76335473802888,1527.401513706403,2750.9252633366755
vid_000133_frame0000027.jpg,54.66142361111111,88.9778298611111,47.98440883275407,71.59970798301806,1602.3560083300847,2951.104487826291
vid_000133_frame0000028.jpg,54.23708333333333,88.32871527777777,47.85830535058771,71.17011832617993,1630.4505611752775,2951.783039078541
vid_000133_frame0000029.jpg,55.36913194444445,89.22260995370371,48.17304375255282,71.30756543379917,1535.656323197445,2656.176191915295
vid_000133_frame0000030.jpg,56.38361111111111,90.41546296296296,48.71351989700778,72.18204148365872,1607.0117374533488,3060.7840881290385
vid_000133_frame0000031.jpg,57.24185763888889,90.69905671296296,48.99264654784574,72.29039372263215,1580.9109601271812,2974.123587098089
vid_000133_frame0000032.jpg,57.46521412037037,91.2129861111111,49.08527779244095,72.75441381462068,1653.7756467072832,3147.093181509211
vid_000133_frame0000033.jpg,57.79679398148148,91.28278356481482,49.120477988075415,72.41297158378711,1566.002461720324,2790.398432990398
vid_000133_frame0000034.jpg,56.70230324074074,90.68972800925926,48.74178253885933,72.46707361217322,1628.1043959174265,3133.268888674554
vid_000133_frame0000035.jpg,56.023159722222225,90.0149074074074,48.461745563606264,72.01836553635789,1584.455160724773,2915.172293904321
vid_000133_frame0000036.jpg,55.46328125,89.38929398148149,48.24655314278238,71.51754366620706,1519.1861813045216,2663.493668137505
vid_000133_frame0000037.jpg,54.651927083333334,88.9652662037037,48.07440591218469,71.54790197734447,1606.9746467764062,2849.1803225763774
vid_000133_frame0000038.jpg,55.68701388888889,89.586875,48.555470048581505,71.73610919513685,1609.2845759965223,2948.1250109952366
vid_000133_frame0000039.jpg,55.93465277777778,90.34788773148148,48.62392256370612,72.03318284861645,1595.8201740121515,2984.9573030582546
vid_000133_frame0000040.jpg,55.41748263888889,89.5705150462963,48.41757250688214,71.75893345042874,1604.3196908634138,2972.89392915672
vid_000133_frame0000041.jpg,54.46364583333333,88.75978009259259,48.00084945857663,71.45547955395006,1591.4395688977572,2921.2205499879105
vid_000133_frame0000042.jpg,54.62442708333333,88.68939814814814,48.06206049582807,71.2746283530121,1573.426723890684,2722.9112302235712
vid_000133_frame0000086.jpg,49.23747106481481,83.48608217592593,46.75690075671189,69.83627540075236,1611.4858346675333,2522.5890327866464
vid_000133_frame0000087.jpg,49.23296875,83.82258101851852,46.811075200652596,70.05746693228333,1637.6875068115232,2689.731278392349
vid_000133_frame0000088.jpg,49.773605324074076,84.20178819444445,47.01721145000036,70.19755641189022,1629.8456690392177,2624.3809159459665
vid_000133_frame0000470.jpg,50.10138310185185,84.43396412037038,47.73901541710341,70.32124461937627,1582.9835411844133,2297.4664706642434
vid_000133_frame0000471.jpg,49.96699652777778,83.75081018518519,47.747595851659526,70.19992967701901,1672.958928898179,2755.133891390041
vid_000138_frame0000010.jpg,108.82316358024691,118.84885030864197,92.1359012538994,84.15521457332227,1480.1003996796887,2644.1324864823864
vid_000138_frame0000011.jpg,101.68550154320988,113.63831018518519,85.81946113886478,80.64520963046756,1477.7749733643882,2611.2768905392068
vid_000138_frame0000012.jpg,103.59591820987654,115.69029320987654,80.55378866073431,76.52333597660325,1592.1193919731654,2454.787394117167
vid_000138_frame0000013.jpg,99.11396604938271,112.32117283950618,78.17664573045786,75.19236172369777,1795.7619404128086,2535.8617694937416
vid_000138_frame0000014.jpg,98.82323302469136,111.51557870370371,78.23281649005936,74.653414547496,1856.8972426373648,2620.199004846584
vid_000138_frame0000015.jpg,98.7654938271605,111.36037808641976,77.5203961058666,73.65431109418026,1830.3937056183677,2505.7431664722767
vid_000138_frame0000016.jpg,97.47511574074075,110.7955787037037,77.19709761884602,73.64673662375463,1726.0588905311693,2426.750975265239
vid_000138_frame0000017.jpg,97.35793209876543,110.19611111111111,77.61900859791875,73.89563950156789,1878.3154475308643,2596.0161872898925
vid_000138_frame0000018.jpg,97.07148919753087,109.57745370370371,77.65258002183651,73.54176369313305,1904.1369063971167,2636.810639500398
vid_000138_frame0000019.jpg,96.9475848765432,109.80536265432099,77.53754491523442,73.76920932469106,1852.1026619983973,2572.9568724220303
vid_000138_frame0000020.jpg,96.69752314814815,109.20675154320988,77.43526326520512,73.220501744477,1904.288035650053,2633.1124102479976
vid_000138_frame0000021.jpg,97.22447530864197,109.90481481481481,77.28464012007905,73.52114438215719,1911.06180678798,2619.088550135031
vid_000138_frame0000022.jpg,97.08483796296296,110.2177700617284,76.7306172596761,73.40180309851928,1818.0255089675259,2556.5483322044443
vid_000138_frame0000023.jpg,96.94125771604938,110.3202700617284,76.2681900886982,73.16326826825397,1802.4056233967167,2512.8133278997107
vid_000138_frame0000024.jpg,96.85995370370371,109.91338734567901,76.38128074030129,72.64545852875492,1926.2576404434706,2659.7001884535516
vid_000138_frame0000027.jpg,94.99196759259259,107.9175925925926,76.68887312444821,73.38185378683237,1890.280851654128,2642.022897680839
vid_000138_frame0000028.jpg,94.80515432098765,107.92441358024692,76.62811448954685,72.81035485662373,1928.061621910663,2648.83392855486
vid_000138_frame0000029.jpg,95.01128086419753,108.40016203703703,76.6216872638671,72.99798070290807,1869.7144403705968,2581.182797496571
vid_000138_frame0000030.jpg,95.00246913580247,108.31149691358024,76.63150457810005,72.99509173364805,1935.826024124026,2661.941503486273
vid_000138_frame0000031.jpg,95.16368055555556,108.4906712962963,76.61273771762312,73.3626322321999,1916.1918862668015,2638.3169114080833
vid_000139_frame0000001.jpg,109.15027777777777,127.32929783950617,46.81753746981631,41.81330894842989,2880.3456743634256,2025.4099898976312
vid_000139_frame0000002.jpg,109.74154320987654,127.66451388888889,47.25317324991417,41.988021733953836,2807.4490879624273,1961.4903028463646
vid_000139_frame0000003.jpg,102.16889660493827,122.12373456790124,48.017335638041665,43.45806654444486,3039.908802635781,2094.859978192099
vid_000139_frame0000004.jpg,100.79623456790124,119.97261574074074,43.478729985248684,39.66580918514359,2993.295004178991,2020.3355733796295
vid_000139_frame0000005.jpg,114.5589737654321,128.61224537037037,40.70832596606238,36.61404738336975,2935.224942215125,1990.1278447616003
vid_000139_frame0000006.jpg,121.47064043209876,136.7426234567901,36.37199717006518,39.46411431976398,2566.991511955054,2007.0241707809403
vid_000139_frame0000007.jpg,116.16157407407407,134.22958333333332,32.67203690727652,36.899278257677345,2572.2515644989685,1994.8372302773967
vid_000139_frame0000008.jpg,116.05453703703704,133.75868055555554,31.822429843487594,35.2710542296221,2527.8856338353526,2008.1040552840052
vid_000139_frame0000009.jpg,116.33297839506173,133.0860339506173,32.22175007440716,35.76356329101523,2530.7473076045953,1986.5956104014251
vid_000139_frame0000010.jpg,116.24384259259259,132.75944444444445,32.200919213548005,36.38957107503043,2626.141553580759,2275.1251474488813
vid_000139_frame0000011.jpg,116.07122685185185,132.7991049382716,32.02734888227455,36.54548804886492,2613.6771153689892,2358.2920196744376
vid_000139_frame0000012.jpg,116.09530864197531,132.82233024691357,32.47150991848426,37.00065491748809,2689.2364144830726,2398.738227479614
vid_000139_frame0000013.jpg,116.04394290123457,133.06158950617285,32.25299927975613,36.947501376511205,2657.6320425725285,2333.6892599736484
vid_000139_frame0000014.jpg,115.66506172839506,132.58138888888888,32.09866552833456,36.57611772994018,2698.709271744911,2446.06946961871
vid_000139_frame0000015.jpg,115.86076388888888,132.67996913580248,31.86771999706812,36.27179149178792,2731.1520236604083,2384.6970617021393
vid_000139_frame0000016.jpg,115.5997762345679,132.9733024691358,31.280966113585936,35.7912978710081,2658.143075499162,2310.041296121911
vid_000139_frame0000017.jpg,112.58777777777777,132.12547067901235,29.3686208518674,33.24889498782143,2680.808941717869,2034.0062258372745
vid_000139_frame0000018.jpg,111.18553240740741,129.02289351851852,28.735916555012924,31.67060709827378,2768.432296807782,2174.0987050351982
vid_000139_frame0000019.jpg,109.91320216049382,127.55164351851852,29.612410411756695,30.552567322305865,2762.530599150699,2198.966955349258
vid_000139_frame0000020.jpg,112.38615740740741,128.5937962962963,30.182594573242934,30.581415043813156,2835.194555966126,2348.2769185411425
vid_000139_frame0000021.jpg,112.60633487654322,129.17725308641974,30.187350004620114,30.534223632259526,2781.277081292629,2324.63981711796
vid_000139_frame0000022.jpg,112.41435956790123,128.7960802469136,30.19386735072096,30.572754352684843,2816.4663358015164,2347.316387473744
vid_000139_frame0000023.jpg,112.51014660493827,128.93389660493827,30.21655822349013,30.74372598498638,2791.7304237073236,2325.38535840192
vid_000139_frame0000024.jpg,112.32817129629629,128.27786265432098,30.20837069558318,30.581559501484954,2791.8620083704254,2358.314261544543
vid_000139_frame0000025.jpg,112.65738425925926,128.9440277777778,30.20772193931278,30.318002584118013,2789.7874246136616,2328.5605805797877
vid_000139_frame0000026.jpg,117.87320987654321,134.08677469135802,30.01656597458425,32.01483863761374,2781.08555002191,2211.3320282678305
vid_000140_frame0000001.jpg,104.95731481481481,121.20665895061728,28.12504401444506,26.92769927167533,2739.610318534177,2138.593952250455
vid_000140_frame0000002.jpg,103.93291666666667,123.23711419753086,27.81368606536067,28.04243002657938,2689.787972247883,2084.090612650511
vid_000140_frame0000003.jpg,95.63663580246913,115.7030324074074,26.220170360695665,25.975052669337853,2731.28693170814,2084.2621064412347
vid_000140_frame0000004.jpg,99.65537037037036,118.26658179012345,26.53031568171528,25.626787933068368,2681.2742732766897,2141.5640873797347
vid_000140_frame0000005.jpg,110.64813271604939,126.65612654320988,29.21558280987491,27.580443081137908,2765.2203745469797,2154.126218764051
vid_000140_frame0000006.jpg,108.75590277777778,125.3182638888889,28.59746937246487,27.978315507774674,2737.558511609737,2114.7450655290254
vid_000140_frame0000007.jpg,106.8940586419753,124.98250771604938,25.41992046949741,26.698298274391895,2606.09621311514,2169.340158732472
vid_000140_frame0000008.jpg,106.42067129629629,124.17706790123457,24.53314626375394,26.031244380463054,2526.3947929526153,2224.763723242396
vid_000140_frame0000009.jpg,112.3744675925926,127.22747685185185,25.981678568643716,27.352561094304754,2385.5851983308094,2193.4227091772764
vid_000140_frame0000010.jpg,107.55117283950618,122.9313348765432,27.420958324146348,28.405963275463723,2395.8894560799013,2169.209469709683
vid_000140_frame0000011.jpg,105.57145833333334,121.05538580246913,27.158891216352313,28.41913267793321,2555.273680434993,2396.5013348191487
vid_000140_frame0000012.jpg,105.4179012345679,121.36761574074075,27.18308275725504,28.579084108521997,2563.233840203415,2397.072312765239
vid_000140_frame0000013.jpg,105.55435956790123,121.23069444444444,27.134131141703346,28.682289925700573,2692.234028486273,2564.697253131906
vid_000140_frame0000014.jpg,105.391875,121.08030864197531,27.132396989425434,28.8939832778007,2669.8102041366005,2569.0111149686
vid_000140_frame0000015.jpg,105.5482175925926,121.01969907407407,27.156309473114476,28.58366168533245,2675.0038123371055,2558.570832480222
vid_000140_frame0000016.jpg,105.58943672839506,121.45302469135802,27.219024945299722,28.75392619652905,2686.636068992853,2538.9560679392794
vid_000140_frame0000017.jpg,105.49592592592593,120.82085648148148,27.232714793183195,28.72404757590724,2689.3097765102857,2575.4795658278435
vid_000140_frame0000018.jpg,105.32483024691358,121.08521604938272,27.25966236219395,28.912393332702976,2718.315954958217,2564.434255657901
vid_000140_frame0000019.jpg,105.43819444444445,120.67871913580247,27.24683736000722,28.684110017485107,2692.5638049763165,2554.6039515486873
vid_000140_frame0000020.jpg,105.21945216049383,120.94560185185185,27.2356185236638,28.842402033100658,2675.6117385857237,2579.719034524499
vid_000140_frame0000021.jpg,105.58344135802469,121.08027777777778,27.23181317229688,28.636797098680354,2726.9431898099924,2531.7699369355255
vid_000140_frame0000022.jpg,105.28861882716049,121.0584413580247,27.258977342841508,28.796247205602864,2760.135959630713,2587.2034396966924
vid_000140_frame0000023.jpg,105.5358950617284,121.08699074074075,27.21542304774997,28.61340622757729,2694.816036765487,2539.369544133659
vid_000140_frame0000024.jpg,105.27108024691358,121.26954475308642,27.211879328904214,28.742650294200875,2681.594862193264,2561.007208046601
vid_000140_frame0000025.jpg,105.61168981481481,121.31520833333333,27.149616509627432,28.754190572796876,2654.039861635993,2537.334221724728
vid_000140_frame0000026.jpg,105.63730709876543,120.26849537037037,27.080685144060514,28.634526039946707,2612.1822627229085,2489.7239070177948
vid_000140_frame0000027.jpg,105.63883487654321,120.91221450617284,27.159071584306773,28.65682947391768,2639.350801034285,2535.516091816165
vid_000140_frame0000028.jpg,105.3441512345679,121.24068672839506,27.209983099923377,28.818123431421608,2685.967935716497,2539.9323196358573
vid_000140_frame0000029.jpg,105.55520061728394,121.12749228395062,27.241975981213024,28.899297329686615,2625.0517636886048,2497.9461419619124
vid_000140_frame0000030.jpg,105.27912808641975,120.9363425925926,27.17837278203522,28.794599977390536,2678.2065029134633,2574.8280159122082
vid_000140_frame0000031.jpg,104.04703703703704,120.12379629629629,26.52411045945358,28.00012756422416,2660.417377657512,2488.759923552467
vid_000140_frame0000032.jpg,101.13677469135803,119.0353086419753,24.846433831946293,26.484219099767568,2677.435104921065,2393.198218491846
vid_000140_frame0000033.jpg,101.37349537037036,119.91827160493827,24.109527590825092,25.688968835906138,2708.521863022917,2259.6865789537014
vid_000140_frame0000034.jpg,102.97334104938271,121.23989197530864,24.441842805575252,25.874676260646602,2670.6139073302465,2237.081561021031
vid_000140_frame0000035.jpg,107.43616512345679,122.37332561728395,32.92050890539237,29.328643667978113,2924.789239732832,2042.5868786198746
vid_000140_frame0000036.jpg,111.58281635802469,125.93058641975308,42.179807747004965,37.10829346791033,3014.930454663388,1998.3699353646905
vid_000140_frame0000037.jpg,108.35140432098765,125.55378858024692,47.353739923645705,43.467802672027425,3098.0249334238306,2046.6055187899494
vid_000140_frame0000038.jpg,110.1566975308642,127.21588734567901,51.185768224412996,47.44315480031932,3105.358472757523,1931.1926192510073
vid_000140_frame0000039.jpg,107.81783950617285,125.10966820987655,49.86569829990556,45.77035068911675,3174.337401198786,1966.092275491303
vid_000141_frame0000001.jpg,102.24798611111112,116.59913580246914,47.98479866145167,46.13280449406616,2532.53592020313,2896.247361621704
vid_000141_frame0000002.jpg,102.63223765432099,116.91635030864198,48.003341070633,46.157814547252116,2485.287286955531,2854.7421034674
vid_000141_frame0000003.jpg,103.11057098765433,116.58826388888889,48.519782582308295,46.013163068140635,2499.5126499368903,2879.8749278748837
vid_000141_frame0000004.jpg,102.85201388888889,116.33573302469136,48.93943305583921,46.6858848424373,2563.172465670665,2931.4662593449334
vid_000141_frame0000005.jpg,103.55878086419753,117.24162808641975,49.20952684658048,46.338364403151,2447.786574714161,2855.8220121927275
vid_000141_frame0000006.jpg,104.03372685185185,117.96550925925926,49.24685062155182,46.483882928572115,2485.3736950531547,2871.080896386793
vid_000141_frame0000007.jpg,105.90175154320988,119.54875,48.45755906855724,45.86936815747406,2562.9810603557003,2912.9904316870043
vid_000141_frame0000008.jpg,108.69951388888889,121.30341049382716,48.93354566898872,46.060394238226806,2494.3700067291575,2938.533997369875
vid_000141_frame0000009.jpg,110.84526234567902,123.49087962962963,50.71852189945743,47.35801384624169,2445.556783873457,2863.625660561462
vid_000141_frame0000010.jpg,107.49878858024691,121.92987654320987,52.182753392465614,49.214450784643944,2731.2617311456306,2956.1768088896506
vid_000141_frame0000011.jpg,105.70757716049383,120.86797067901234,53.53941116154445,50.24499712875179,2856.5114505401234,2908.1369184489786
vid_000141_frame0000012.jpg,103.70461419753086,118.83817901234568,56.2327525025925,53.68488262639614,2641.20958221397,3062.8655930421596
vid_000141_frame0000013.jpg,95.19823302469136,111.7579012345679,63.62652689206707,62.47030380367602,3023.4716508535284,3727.5481414679903
vid_000141_frame0000014.jpg,94.81508487654321,111.50885802469136,64.24985501671362,63.3199957831635,3402.6877444010415,3903.1025752314813
vid_000141_frame0000015.jpg,99.77935185185186,116.16994598765432,63.216352267624146,63.88752691420394,3070.220985915829,3743.1762678825994
vid_000141_frame0000016.jpg,101.99236111111111,116.44202160493828,63.58361332140068,64.01044694046475,2851.2299783992885,3655.5233523767342
vid_000141_frame0000017.jpg,102.48658179012345,115.19550154320987,64.65678586846498,64.95825342554416,3025.625699064012,3792.8458726622634
vid_000142_frame0000001.jpg,120.12623456790124,141.4938811728395,43.74574536653105,45.5508767200738,2547.4859031535184,3235.0991454501504
vid_000142_frame0000002.jpg,120.36026234567902,141.65001543209877,43.75397842149845,46.038130281480555,2516.298604161844,3184.539701369599
vid_000142_frame0000003.jpg,116.5925,138.92666666666668,43.78100057846137,46.02242098513868,2380.522262501905,2924.1724365547843
vid_000142_frame0000004.jpg,117.07653549382717,139.35611111111112,44.125634140551895,45.839191103785666,2575.2128037593716,3252.3023506087106
vid_000142_frame0000005.jpg,117.96487654320988,139.86734567901235,44.26652478973323,45.956019249933505,2512.769126354536,3269.9850048846874
vid_000142_frame0000006.jpg,117.83012345679012,139.8215200617284,44.266749985804765,46.167167280725046,2514.1294496479554,3210.0081365092383
vid_000142_frame0000007.jpg,121.58047839506173,142.13287037037037,40.67508456917342,45.6744476653933,2398.731743289836,3150.2782695070778
vid_000142_frame0000008.jpg,125.48493055555555,145.68913580246914,35.3443685345965,43.58887489584081,2401.0725841027947,3799.427577136679
vid_000142_frame0000009.jpg,126.77212191358025,147.81081790123457,32.051960018416565,42.50494466817499,2306.073254855336,4085.906933484737
vid_000142_frame0000010.jpg,127.57265432098765,147.24104938271606,32.08997765337468,42.9232806497628,2293.247999656112,4079.060021603985
vid_000142_frame0000011.jpg,128.22560956790124,148.0477314814815,32.145140609881366,43.15233699065507,2280.234043052638,4101.954592463932
vid_000142_frame0000012.jpg,127.86715277777778,146.98446759259258,32.28050855839151,43.15625587074668,2463.3950445315472,4629.337770164074
vid_000142_frame0000013.jpg,128.01692901234568,147.1555401234568,32.21435163188702,42.99908686065603,2399.292545575893,4448.429875745348
vid_000142_frame0000014.jpg,127.85786265432098,146.95596450617285,32.26477203650378,42.96539445950041,2452.341531956769,4614.214608150375
vid_000142_frame0000015.jpg,128.11426697530865,147.24845679012347,32.278318366619914,43.26288287499506,2455.2070707580783,4589.898508675733
vid_000142_frame0000016.jpg,128.02622685185185,147.36096450617285,32.19763547781294,42.99337308246469,2397.1727424625037,4439.876426868761
vid_000142_frame0000017.jpg,128.13979166666667,146.8712962962963,32.25308201303115,43.137703283970886,2428.2919368540784,4562.385534178288
vid_000142_frame0000018.jpg,127.85348765432099,146.78814043209877,32.27089499475019,43.12489362769527,2478.529833636021,4661.847514242304
vid_000142_frame0000019.jpg,127.93721450617284,147.2072839506173,32.167792164443796,42.9157521948554,2419.935440447757,4376.049509548611
vid_000142_frame0000020.jpg,127.70944444444444,146.9370447530864,32.27249775613522,43.22042746096446,2464.3304285512877,4571.0524116941015
vid_000142_frame0000021.jpg,128.09221450617284,147.29188271604937,32.253949292166396,43.29576065736488,2469.306483738902,4554.76682856653
vid_000142_frame0000022.jpg,127.91121913580247,147.18996913580247,32.3022858868178,43.27515173175543,2479.7717274498455,4647.5243147190195
vid_000142_frame0000023.jpg,128.1658024691358,147.63693672839506,32.24389635471837,43.25175403064572,2384.858440168229,4466.5594339629415
vid_000142_frame0000024.jpg,127.93632716049383,146.87976080246915,32.25925417178963,43.3237918014328,2431.2491042178685,4700.60403721559
vid_000142_frame0000025.jpg,128.16712191358025,148.02135030864198,32.23879713861877,43.38931266008875,2410.735494508209,4562.352820922818
vid_000142_frame0000026.jpg,127.95498456790123,147.59304783950617,32.15609514683576,43.10073847295865,2381.7032143746546,4474.478048358136
vid_000142_frame0000027.jpg,128.05546296296296,147.35733796296296,32.21434761683461,43.01026886442472,2405.390040122504,4497.389882303992
vid_000142_frame0000028.jpg,127.83820216049382,147.21952160493828,32.238421007421,43.13233535846212,2421.698658367091,4609.965054083731
vid_000142_frame0000029.jpg,128.0226774691358,147.83876543209877,32.18561813999199,43.09123009892854,2371.158852277604,4389.859195215811
vid_000142_frame0000030.jpg,127.83208333333333,146.79280092592592,32.23414073128697,42.94547227130505,2406.7598942327295,4550.41387415689
vid_000142_frame0000031.jpg,128.1288811728395,147.4300462962963,32.25861956513678,43.246980002294315,2409.2598197844627,4564.475494821673
vid_000142_frame0000032.jpg,127.96077932098765,147.1403163580247,32.26224091085722,43.305478168542265,2450.2178114988196,4646.6352268623305
vid_000142_frame0000033.jpg,128.20171296296297,148.031512345679,32.16005986887247,42.944721440063645,2298.1204147328317,4284.004378235918
vid_000142_frame0000034.jpg,127.85470679012346,147.20583333333335,32.2693831272621,43.21827631142,2431.7890398148147,4599.193648715896
vid_000142_frame0000035.jpg,128.58218364197532,148.37863425925926,32.005703178846865,42.85352808255589,2220.2203975287207,4026.7233078460195
vid_000142_frame0000036.jpg,129.0129089506173,148.00474537037036,30.465137103406647,42.99063421559675,2088.613385416607,3847.795533499979
vid_000142_frame0000037.jpg,128.37648148148148,148.38282407407408,29.050057467320013,43.26705281514511,2112.4482800339483,4118.135610558068
vid_000142_frame0000038.jpg,129.43323302469136,148.07946759259258,28.720516318532766,43.87898943939702,2089.1457989082623,4368.593419457245
vid_000142_frame0000039.jpg,129.7638425925926,147.0911574074074,28.16347644742837,41.62351108322046,1885.836981095619,3422.4947750766246
vid_000142_frame0000093.jpg,136.6062114197531,152.5162037037037,22.149277152845716,34.52989780434135,1937.386092033834,2494.9922165632497
vid_000142_frame0000095.jpg,136.97592592592594,152.16776234567902,22.579393002031566,35.84831023264714,1993.4610654077478,2805.1616352537726
vid_000142_frame0000096.jpg,137.25591820987654,152.4415972222222,22.563569827024033,35.49177308052527,1982.6960164989498,2736.1577483022315
vid_000142_frame0000097.jpg,131.64758487654322,146.16579475308643,20.95765261836633,32.10407248984438,2000.1697643947186,2432.6650330351704
vid_000142_frame0000099.jpg,121.3392361111111,138.24375771604937,27.27154042803062,44.66960607813624,2064.2077114195145,3593.245706386221
vid_000142_frame0000100.jpg,124.57718364197531,141.72100308641976,26.157888645003897,46.59088357529991,2500.2371879963043,4858.933575205226
vid_000142_frame0000101.jpg,123.98253858024691,143.06180555555557,23.989945406203976,41.8692765516935,2091.66521906144,3637.9980930727024
vid_000142_frame0000102.jpg,123.63587962962963,141.35874228395062,24.834646553601303,44.70183506975229,2523.6675340934476,5270.383636845505
vid_000142_frame0000103.jpg,123.64358024691359,141.35386574074073,24.441132707917397,42.663232678221284,2294.90128811133,4167.805282310004
vid_000142_frame0000104.jpg,123.90644290123457,141.65962191358025,24.962821525000408,44.94807480028608,2560.242730503579,5342.221796886371
vid_000142_frame0000105.jpg,123.90804012345679,141.93989197530865,25.01207702460573,45.03066254369497,2574.8705322642795,5408.026774209105
vid_000142_frame0000106.jpg,124.09726080246914,141.64804012345678,24.77181994695689,44.22542647015997,2419.6493421495743,4968.328716494961
vid_000142_frame0000107.jpg,135.8060262345679,150.19572530864198,26.835310585868992,40.38959032248745,2011.2799224103007,3012.9424222174002
vid_000142_frame0000108.jpg,132.85435185185185,146.52192901234568,26.910780050255646,41.03834153457643,2149.674312471184,3357.1359438223376
vid_000142_frame0000109.jpg,125.85711419753086,142.35306327160495,27.44047711437862,42.91337778515205,2306.569519341028,3716.8896155263465
vid_000142_frame0000110.jpg,124.93577932098765,141.83497685185185,27.43213434152632,43.25170478067482,2365.5037004436726,3861.4092021818674
vid_000142_frame0000111.jpg,121.78381172839507,139.81760030864197,26.89263329601963,36.371831376743614,2389.434640130542,2571.2384683106143
vid_000142_frame0000112.jpg,116.87810185185185,137.23287808641976,23.74035188256789,32.28211633044176,2100.1713781887647,2441.0298299510723
vid_000142_frame0000113.jpg,120.41293981481482,141.38564043209877,24.72880681661649,32.507129687673206,2105.1051378514494,2418.681675108537
vid_000142_frame0000115.jpg,122.1691049382716,139.9018364197531,25.637230579597656,34.478441909461424,2261.799760958695,2801.4614169217252
vid_000142_frame0000116.jpg,122.39998456790123,141.65014660493827,25.38949239496205,33.83551652065101,2197.725490808375,2499.005941349451
vid_000142_frame0000117.jpg,122.15627314814814,139.8877314814815,25.647738330717303,34.54162483724577,2268.0668609953104,2808.44407420976
vid_000142_frame0000118.jpg,122.08761574074074,139.436774691358,25.69455497322532,34.61183496788776,2293.3992601106443,2846.251415611604
vid_000142_frame0000119.jpg,121.95104938271605,139.82783950617284,25.650783544166053,34.71191410934775,2286.602447260266,2899.601851157407
vid_000142_frame0000120.jpg,121.99125,139.6654089506173,25.646331241593785,34.74105446280665,2269.0867325373774,2913.6098689640967
vid_000142_frame0000121.jpg,122.03489197530864,140.1148688271605,25.583274251724465,34.49701666155507,2240.1646073887723,2834.027111489709
vid_000142_frame0000122.jpg,121.89321759259259,140.04050154320987,25.555240221222377,34.35542511198192,2260.735152254801,2825.4303999556446
vid_000142_frame0000123.jpg,122.14947530864198,140.3599614197531,25.574576611559014,34.22222610477601,2223.1573450595847,2688.8164657407406
vid_000142_frame0000124.jpg,127.03983796296296,143.62422067901235,27.49010586834391,42.079434011804025,2253.5853797576947,3301.9406450545243
vid_000142_frame0000125.jpg,129.8681327160494,147.0511574074074,22.877558277661944,33.499503500373244,2029.687776891623,2626.026111538292
vid_000142_frame0000127.jpg,122.99957561728395,138.99439814814815,27.910172403360956,43.22919002079294,2256.266280309547,3191.460340176802
vid_000143_frame0000001.jpg,96.37144290123457,115.7415200617284,52.800034496441796,54.48304641879094,2736.1344833333333,3442.1193800534766
vid_000143_frame0000002.jpg,96.68286265432099,116.01908179012345,52.62984621376185,54.50187162736052,2628.271495977592,3294.5732561192563
vid_000143_frame0000003.jpg,96.57835648148148,115.26422839506174,52.57037040795615,54.22742744275213,2653.8482514116918,3237.847393346098
vid_000143_frame0000004.jpg,96.2259799382716,115.45064814814815,52.25568865051061,53.924823238544775,2752.448995389422,3451.518543689987
vid_000143_frame0000005.jpg,97.4749151234568,116.78230709876543,49.48910969873736,51.49446191832227,2922.253126808449,3368.6567376712296
vid_000143_frame0000006.jpg,97.15790895061728,116.81653549382716,48.83803126445625,51.07260285193296,2857.331682710274,3236.626272618503
vid_000143_frame0000007.jpg,96.8216975308642,116.11096450617283,47.99122555045285,50.219946883333016,2856.3887186783168,3244.747114683297
vid_000143_frame0000008.jpg,96.57336419753086,116.4472762345679,48.110197615558604,50.391294789625405,2975.954210474537,3330.2265843561863
vid_000143_frame0000009.jpg,95.96499228395062,115.48452932098765,48.53882118269351,50.747630926070904,2734.878185169943,3200.661833097029
vid_000143_frame0000010.jpg,95.60458333333334,114.71943672839507,48.717653123961504,51.142630939110695,2846.1582905087234,3305.4647641737156
vid_000143_frame0000011.jpg,95.58348765432099,114.76958333333333,49.006744989878015,51.433030238532,2841.9211642874916,3117.661324630392
vid_000143_frame0000012.jpg,94.91470679012346,113.90239969135803,49.989312682570024,52.26108501157587,2894.3672191928995,3310.022949458924
vid_000143_frame0000013.jpg,93.89740740740741,113.50374228395061,51.40151691155941,54.13029050534314,2703.1289747513124,3320.584442797401
vid_000143_frame0000014.jpg,93.01448302469136,112.92118827160493,51.82215178127975,54.220218899197555,2874.8916293933253,3485.7611723364744
vid_000143_frame0000015.jpg,93.05175925925926,113.49841820987655,50.96554957830424,53.72895049184127,2803.5438669372047,3333.10595664128
vid_000143_frame0000016.jpg,93.72011574074074,113.87593364197531,48.89320457263633,51.86383541444685,2762.9970450731,3058.466033217057
vid_000143_frame0000017.jpg,92.48100308641975,113.46845679012345,47.78658488187695,50.42637624986131,2834.957176425981,3067.521098829197
vid_000143_frame0000018.jpg,92.97650462962963,113.71804783950617,47.20917854630552,50.14919547701178,2966.9000904947316,3130.321406029712
vid_000143_frame0000019.jpg,92.84789351851852,113.74263117283951,45.99048366111976,48.067840631273135,2775.660054886593,2851.888150976831
vid_000143_frame0000020.jpg,92.21614197530864,113.39673611111111,45.77841216447804,47.41371923562248,2980.8768648062414,3036.1181722750316
vid_000143_frame0000021.jpg,94.52023148148149,115.03657407407407,46.59563384882296,47.362835309026266,2942.3111366445664,2971.4301443924683
vid_000143_frame0000022.jpg,94.18459104938272,114.37412808641976,47.507631211908574,48.58461219423122,2946.573390237709,3002.961127912809
vid_000143_frame0000023.jpg,94.36422839506173,114.60055555555556,47.81503174228515,48.83324671020001,2849.9724290085355,2953.5939274233515
vid_000143_frame0000024.jpg,95.05790123456791,114.8983950617284,48.454392574798774,49.34432513825779,2947.585814585238,3069.207893860918
vid_000143_frame0000025.jpg,96.20179012345679,114.94638888888889,48.86657309379552,49.470607896020965,2886.250012002743,2907.524212533758
vid_000143_frame0000026.jpg,96.66739197530865,115.91643518518518,48.79600999095841,49.66089506244533,2820.5351146690077,2935.3171507282023
vid_000143_frame0000027.jpg,96.34329475308643,115.39596450617285,48.697179478329154,49.588817879788074,2832.976357152111,2932.491519394909
vid_000143_frame0000028.jpg,94.81559413580247,113.56768518518518,49.081479865358034,49.56929323982695,2965.2363365331125,2978.21677077975
vid_000143_frame0000029.jpg,95.33797067901234,115.1539737654321,49.11676984322639,50.03043321146112,2863.849728222105,2928.1553657740815
vid_000143_frame0000030.jpg,95.49866512345679,114.53135030864198,49.75075622673172,50.46188931590837,3098.7247751494983,3115.481133777006
vid_000143_frame0000031.jpg,94.89395833333333,114.82172067901234,49.84170867230383,51.01108493188664,2996.3377063700273,3057.231040122921
vid_000143_frame0000032.jpg,92.67949074074075,112.31247685185186,49.49813554026936,50.66345891899614,3036.6188903534494,3069.4559373999177
vid_000143_frame0000033.jpg,90.75666666666666,111.11694444444444,49.452498114383324,51.47508578635846,2907.774564540407,2893.8971244834534
vid_000143_frame0000034.jpg,88.08167438271605,109.2168287037037,50.58832229322648,52.43692447679264,2874.5843094606744,2920.072386822703
vid_000143_frame0000035.jpg,88.92836419753087,111.26971450617285,49.59675595888443,53.73983805241671,2967.5131320216055,3038.6030420090665
vid_000143_frame0000036.jpg,91.99054783950618,113.02072530864197,51.05673129321951,53.35158515323435,2918.5170164778137,3061.846352713418
vid_000143_frame0000037.jpg,93.6700925925926,114.08316358024692,51.9889411672822,53.177834487053914,3079.048576388353,3211.738187280843
vid_000143_frame0000038.jpg,94.87828703703704,114.81485339506173,52.56312314113107,53.50723661735894,3024.680693175345,3166.3311878105474
vid_000143_frame0000039.jpg,94.44040895061728,113.65745370370371,53.40864617216833,53.55770850615208,2831.164431645745,3155.9195554006983
vid_000143_frame0000040.jpg,93.83313271604938,113.4927700617284,54.030835198274765,54.74718376160328,2951.414137974156,3184.9953802276236
vid_000143_frame0000041.jpg,92.30376543209877,112.97458333333333,54.33960635811465,53.44668844023569,3176.9594596188053,3158.821661976071
vid_000143_frame0000042.jpg,89.76744598765433,110.64070216049383,55.028946931787324,54.54783835269198,3116.9381580073064,3206.622850880142
vid_000143_frame0000043.jpg,86.42939814814815,109.23821759259259,56.30278565742483,57.10770232127726,3259.378282788387,2984.8850118846212
vid_000143_frame0000044.jpg,81.71168209876544,106.0410262345679,56.93824280005661,58.7646018670153,3397.8700862461424,2934.748266407322
vid_000143_frame0000045.jpg,79.07815586419753,102.63032407407407,57.492657298163756,58.925225478859915,3617.9287579044258,2872.304611373969
vid_000143_frame0000046.jpg,79.51207561728395,103.12646604938271,57.69946609917707,59.279860763507386,3538.0886976022493,2794.4751343154626
vid_000143_frame0000047.jpg,79.6465200617284,102.83874228395062,57.9784787212848,59.205934079349454,3664.766632239691,2968.430594397767
vid_000143_frame0000048.jpg,79.80711419753086,102.77512345679013,58.22724667150035,59.56361083829513,3636.8571713953665,2950.443333333333
vid_000143_frame0000049.jpg,80.39827160493827,103.08266203703704,58.36187561062812,59.43426064387383,3485.7946664370907,2810.424048996377
vid_000143_frame0000050.jpg,81.15692129629629,103.4064274691358,58.74274408119057,59.67895249352721,3608.0308050277563,2898.0918117262513
vid_000143_frame0000051.jpg,82.42886574074075,104.36806327160494,59.22292527551104,60.00907917507518,3607.917143503277,2996.6278767251565
vid_000143_frame0000052.jpg,82.82672067901234,104.58980709876543,59.71129096770564,60.248237432288064,3598.0828119560665,2904.4326898110044
vid_000143_frame0000053.jpg,83.9588888888889,105.51010030864198,60.59879387525632,61.528039426249286,3631.6710683627084,3019.0281139140734
vid_000143_frame0000054.jpg,87.09220679012346,108.71149691358025,60.82999306715258,61.251687106369026,3471.976376538387,2886.4707340818377
vid_000143_frame0000055.jpg,87.60613425925926,109.29510802469136,60.977949245288556,61.2158437957375,3532.136596431327,2993.3494633799633
vid_000143_frame0000056.jpg,87.66171296296297,109.64417438271605,60.80251330010107,60.84492812521175,3180.5110103907086,2636.7172365281112
vid_000143_frame0000057.jpg,92.68065586419753,114.42974537037037,60.31017295800239,59.85970198983375,3376.4155158414783,2769.971585115645
vid_000143_frame0000058.jpg,91.27297839506173,112.2913348765432,59.37887924756633,59.08084928363953,3377.350296638696,2769.1337572916073
vid_000143_frame0000059.jpg,90.33310956790123,110.88598765432099,59.63342496362519,59.58201936867557,3261.227201774155,2730.1255661827463
vid_000143_frame0000060.jpg,94.26055555555556,116.05316358024692,59.93503437364802,58.78625698284837,3072.401507810357,2502.826368207733
vid_000143_frame0000061.jpg,95.08862654320987,117.43221450617284,60.66873928309403,59.7840446493293,3389.6512649460356,2680.579731971534
vid_000143_frame0000062.jpg,94.17461419753086,115.35405092592593,61.199561399062134,60.6668271373834,3348.5468672839506,2777.0046418938023
vid_000143_frame0000063.jpg,93.55810185185184,114.67439814814814,61.38127746259639,60.50194672494551,3346.8837888622165,2703.921881365681
vid_000143_frame0000064.jpg,93.10158179012346,113.80520833333334,61.53329067826188,60.46670198126029,3480.794188833103,2760.7108973241507
vid_000143_frame0000065.jpg,92.28269290123457,111.91369598765432,61.45418033552515,60.17267601630438,3517.4781821442525,2779.710161139451
vid_000143_frame0000066.jpg,94.66735339506172,113.60676697530864,61.680120796599745,60.24144339279688,3155.4148518325615,2611.4412493926584
vid_000143_frame0000067.jpg,103.87043981481482,121.68454475308641,60.292650466450105,58.14616574961978,3065.491129113083,2638.282948043124
vid_000143_frame0000068.jpg,102.73281635802469,122.24118055555556,58.05902443331591,56.64397969188503,3233.4224711591223,2648.35412536556
vid_000143_frame0000069.jpg,97.48195987654321,117.72355709876543,57.78778090638894,57.47087177406051,3130.255074587941,2541.220558898939
vid_000143_frame0000070.jpg,97.75067901234569,117.71918209876543,58.226766013605285,57.77680393899538,2991.9367292390048,2526.374467969822
vid_000143_frame0000071.jpg,101.60837962962962,121.78006944444445,58.24096852173484,58.27995205133828,3208.080541437983,2823.0161115325764
vid_000143_frame0000072.jpg,102.23270061728395,121.56960648148149,57.84701395285863,57.03671102840464,3103.7891145747594,2609.2958671865476
vid_000143_frame0000073.jpg,100.3070987654321,120.29870370370371,58.32077387738362,57.51501042550146,3145.7902455380276,2767.1678988623585
vid_000143_frame0000074.jpg,98.8007638888889,118.3373225308642,58.12902836992279,57.50501160868598,3084.9465070201163,2776.0780012202194
vid_000144_frame0000001.jpg,106.8111574074074,122.05401234567901,38.38367027826779,40.211006907234676,1966.9911708809634,2081.075608704609
vid_000144_frame0000002.jpg,107.11245370370371,123.08281635802469,37.93340952074078,40.20672373788735,1933.1243340153944,2021.6206796981573
vid_000144_frame0000003.jpg,105.33583333333333,121.99146604938272,29.931711267968165,34.200974708315655,2040.528606231365,2086.3999487096453
vid_000144_frame0000004.jpg,104.80967592592593,121.85672839506172,23.7387204317015,30.892492761991342,2174.5880311970714,2774.68320530401
vid_000144_frame0000005.jpg,105.05369598765432,121.97383487654321,23.820932303648068,30.970815647441317,2232.798092020795,2917.6383349036328
vid_000144_frame0000006.jpg,105.06059413580248,121.88287037037037,23.749062547166464,30.810242351144897,2196.0213345669486,2790.6735738096686
vid_000144_frame0000007.jpg,105.06456018518519,122.5736111111111,22.00946745379753,29.52842997999273,2123.4215116240252,2578.381620061729
vid_000144_frame0000008.jpg,104.365,122.07697530864198,20.627598609210814,29.81164353459833,2194.840265167693,2865.521569151461
vid_000144_frame0000009.jpg,104.39127314814814,121.1170524691358,20.106396763651247,28.312150893664754,2110.1980656649494,2442.064776234568
vid_000144_frame0000010.jpg,103.37574074074074,120.74506172839506,20.386228052398256,29.607513701572145,2264.940126790885,3007.8595209161494
vid_000144_frame0000011.jpg,103.6199537037037,121.08635802469136,20.31261565963695,29.483827367595758,2229.9821715362914,2899.2769191571765
vid_000144_frame0000012.jpg,103.18354938271605,120.41130401234568,20.305884958432426,29.32237727312879,2278.2236703731687,2849.0027472678867
vid_000144_frame0000013.jpg,104.585,119.98254629629629,18.478176074747818,24.909179557593312,2169.657339273739,2102.2691017227153
vid_000144_frame0000014.jpg,104.50144290123457,120.36106481481481,18.676934124432908,25.92591777442828,2245.482725906636,2253.8271747422623
vid_000144_frame0000015.jpg,105.07217592592593,121.29271604938272,18.99059563927583,26.880089745420147,2236.3939478137268,2243.4401722650296
vid_000144_frame0000016.jpg,105.63051697530864,122.78814814814815,19.575877285373338,28.278542256032225,2231.6650973744,2424.216631067816
vid_000144_frame0000017.jpg,105.10832561728395,122.61087962962964,19.637714921822333,28.961340326122876,2242.8832856250474,2623.874820126505
vid_000144_frame0000018.jpg,105.01135802469136,121.90091820987654,19.739003283471654,29.002175936185093,2300.2884552659657,2715.647326812736
vid_000144_frame0000019.jpg,106.63364969135803,121.73270061728395,18.098776272853772,24.889966217814564,2166.1342148202925,2007.5902834874162
vid_000144_frame0000020.jpg,106.04277006172839,122.32243827160494,18.47502316390983,26.468378808889693,2283.5732749866042,2351.8224283035534
vid_000144_frame0000021.jpg,107.88608024691358,123.37993055555556,18.405945867504634,25.90453979699201,2208.0730903477343,2163.6294319958247
vid_000144_frame0000022.jpg,107.27624228395062,123.34316358024691,18.736247065232853,27.75179564634869,2357.0891463455937,2767.7441112610863
vid_000144_frame0000023.jpg,107.73570987654321,123.48999228395061,18.625103681601246,27.18918020492692,2294.665366254608,2539.8932676609415
vid_000144_frame0000024.jpg,107.06198302469136,122.40462191358024,18.587571574987074,26.43211620771522,2262.004459361902,2406.2201597355584
vid_000144_frame0000025.jpg,105.6947299382716,120.98886574074074,18.95634556134869,27.323177163125266,2337.7944660662915,2656.754916292236
vid_000144_frame0000026.jpg,104.06533179012345,120.69672067901234,19.257483681541927,26.466780746309407,2232.954413245349,2266.8011233796296
vid_000144_frame0000027.jpg,98.72766203703704,118.7816975308642,19.30523397645781,26.61379129778104,2194.726322023546,2136.487435956254
vid_000144_frame0000028.jpg,101.57425154320988,118.98016203703703,20.227459539556133,29.345112586081406,2384.36784836153,2888.3953847636008
vid_000144_frame0000029.jpg,103.12284722222222,120.04838734567902,20.36771136568961,29.865108203148466,2240.163486486852,2867.886075581502
vid_000144_frame0000030.jpg,102.81766203703704,119.9551774691358,20.349268985337847,30.19643413483197,2244.652663732425,2956.4330702901134
vid_000144_frame0000031.jpg,103.14950617283951,119.95617283950617,20.27223234074438,30.022167358198956,2184.4828965706442,2899.2342518641763
vid_000144_frame0000032.jpg,102.84808641975309,119.88595679012346,20.317502779074914,30.2212868065714,2245.4606468183206,3030.8957714605604
vid_000144_frame0000033.jpg,101.92547067901235,119.04058641975308,19.949160136040803,29.110936507564812,2200.7396780290255,2742.162460322121
vid_000144_frame0000034.jpg,101.52675925925926,118.98565586419753,19.5553360149626,28.682191416120094,2171.504667351585,2606.14056628652
vid_000144_frame0000035.jpg,100.82938271604938,119.51548611111112,18.751687025055297,28.517660344747558,2163.844885180839,2452.6908913558814
vid_000144_frame0000036.jpg,103.58563271604939,120.51749228395062,18.762723594072682,28.568829916281736,2088.3990990863986,2291.580132423066
vid_000144_frame0000037.jpg,105.30083333333333,122.02652006172839,19.259507654870742,29.710437935237675,2139.249874739881,2305.450852983003
vid_000144_frame0000038.jpg,103.94559413580247,122.43629629629629,19.93194621246896,32.444087476896385,2279.3266480061516,3050.562211314729
vid_000144_frame0000039.jpg,103.82222222222222,121.45596450617283,20.0072421301468,32.79244030446952,2297.578826946159,3060.034211248047
vid_000144_frame0000040.jpg,103.61324845679012,122.22067901234568,20.193680608433663,33.727131550509334,2357.988138715278,3446.1718819396215
vid_000144_frame0000041.jpg,103.7750848765432,122.3017824074074,20.180270692542194,33.6207814358008,2357.50177097027,3371.384581828168
vid_000144_frame0000042.jpg,103.88749228395062,122.18570216049383,20.21433998645277,33.61215123575464,2396.5478679505313,3458.584590713532
vid_000144_frame0000043.jpg,104.26249228395062,122.45676697530864,20.139856925966413,33.079127422425046,2347.9934735553243,3201.031000417
vid_000144_frame0000044.jpg,102.37340277777778,119.38653549382715,19.593962623509153,30.525649949152346,2276.3819998842,2637.024654306639
vid_000144_frame0000045.jpg,102.41854166666667,119.84675154320988,19.99090727803993,32.67181050445302,2474.759581146167,3416.2188379963036
vid_000144_frame0000046.jpg,103.02414351851851,120.46216820987654,19.751938382556062,31.936989046761123,2362.5614800466296,3001.02774375
vid_000144_frame0000047.jpg,103.14698302469135,120.13361882716049,19.726174705738483,31.96279462351236,2403.395742334855,3220.231564361795
vid_000144_frame0000048.jpg,103.32101851851851,120.10087191358025,19.860486071275076,32.32218668849907,2477.9202253200137,3404.809599162606
vid_000144_frame0000049.jpg,103.46367283950617,121.35543981481482,19.65230858720029,31.33914687805361,2322.542050239817,2887.702278577008
vid_000144_frame0000050.jpg,101.8515663580247,120.65774691358024,19.79104844688046,32.91038465865131,2455.921695810233,3432.786123227928
vid_000144_frame0000051.jpg,100.18242283950617,119.49461419753086,19.693440884795507,32.94516209644495,2442.6551499083125,3419.259435775796
vid_000145_frame0000001.jpg,97.52760030864198,117.8958024691358,67.3630143645038,62.95921573986024,2970.0127217720596,2816.731415635717
vid_000145_frame0000002.jpg,97.71837191358024,118.14993827160494,67.3737648972017,63.002952507700364,2966.1525821556834,2808.3359786913197
vid_000145_frame0000003.jpg,97.75844907407408,117.71222222222222,67.33447177990318,62.86969408189145,2917.9499972945605,2772.8836618539003
vid_000145_frame0000004.jpg,97.40931327160494,117.38266203703704,67.33486958270403,63.02753548026472,2922.211775100737,2831.7882314314106
vid_000145_frame0000005.jpg,97.61206790123457,117.65619598765431,67.2614640009489,62.728209174742354,2866.187293104853,2770.1637246355717
vid_000145_frame0000006.jpg,97.58817901234568,117.89765432098766,67.16077990298974,62.56785467747983,2868.941731961353,2739.2575098591583
vid_000145_frame0000007.jpg,97.54875771604938,118.07976851851852,67.34743915663557,62.918030850617505,2907.824034750741,2796.024653158758
vid_000145_frame0000008.jpg,97.38170524691358,118.0324074074074,67.28006799611062,62.735119718194866,2890.2703708689965,2840.7428430019713
vid_000145_frame0000009.jpg,97.51006172839506,118.50186728395062,67.27075720775582,62.69117659652322,2849.8667627785753,2709.238915476871
vid_000145_frame0000010.jpg,96.93279320987655,118.20611111111111,67.14219401996976,62.60438975802982,2918.0080524905093,2822.8128389286594
vid_000145_frame0000011.jpg,97.18726851851852,118.63492283950617,67.17539697150848,62.802887968511484,2880.1617678088323,2789.187237654321
vid_000145_frame0000012.jpg,96.81927469135802,118.37732253086419,67.21278176661981,62.80905941077073,2915.7104103888028,2827.242745112633
vid_000145_frame0000013.jpg,96.73896604938271,118.17453703703704,67.42735386731582,63.01042645767649,2895.8217931717727,2776.209907383592
vid_000145_frame0000014.jpg,96.4733024691358,118.14376543209876,67.50669694867953,62.85226403118834,2979.670976114481,2829.0412920138297
vid_000145_frame0000015.jpg,96.65659722222222,118.52893518518519,67.3147870417079,62.74590842330812,2995.456389010286,2815.1851763364957
vid_000145_frame0000016.jpg,96.89252314814814,118.72445216049383,67.23948997425487,62.71415402486755,2939.1500897288424,2761.5032651076795
vid_000145_frame0000017.jpg,96.73560185185185,118.25162037037038,67.877434825088,63.39035314915353,3005.6672938085258,2821.578417694521
vid_000145_frame0000018.jpg,96.21006172839506,118.07090277777777,67.92063981104616,63.489553279054356,3056.422120846134,2862.717262559954
vid_000145_frame0000019.jpg,95.93428240740741,118.11291666666666,68.21973027950126,63.97670737265354,2962.843017939279,2787.0042195167825
vid_000145_frame0000020.jpg,96.27843364197531,118.30301697530864,67.5325236986922,62.97268374704438,2961.46270711109,2676.8467141953874
vid_000145_frame0000021.jpg,97.07420524691358,118.8827700617284,66.24436625056771,61.83901653062495,2831.378308170379,2575.8085741249783
vid_000145_frame0000022.jpg,96.92173611111112,118.94471450617284,65.69153535779881,60.754103458389466,2835.5421705380277,2489.5829964991403
vid_000145_frame0000023.jpg,97.06112654320988,119.29265432098765,65.59412023363625,60.19213066663406,2818.4925041721444,2454.96102749432
vid_000145_frame0000024.jpg,96.78180555555555,119.00155864197531,65.60600200598346,60.272437915368855,2835.7678039206585,2461.274214415616
vid_000145_frame0000025.jpg,97.01425925925926,118.69881944444444,65.59149365962546,60.32958801421002,2815.0952745367986,2439.1129370493613
vid_000145_frame0000026.jpg,96.77583333333334,118.41675925925927,65.63901840338471,60.23464342477629,2851.1224014622385,2470.064954632428
vid_000145_frame0000027.jpg,97.08613425925925,118.47381172839506,65.8391797382488,60.60818566095426,2908.9305462846264,2524.244733384238
vid_000145_frame0000028.jpg,97.0042824074074,118.67904320987654,66.06731115744432,60.84540237212088,2914.959984553553,2551.069748083788
vid_000145_frame0000029.jpg,97.0419675925926,118.85429783950617,66.30936140559241,61.399334437249536,2899.5425872654228,2593.801056610023
vid_000145_frame0000030.jpg,96.77898148148148,118.31210648148148,66.64684642553459,61.815788578894924,2957.305024827044,2706.363532651213
vid_000145_frame0000031.jpg,96.96653549382717,118.22158179012345,66.86172170383367,62.035122334476746,2929.3792368424683,2653.229222465075
vid_000145_frame0000032.jpg,96.85412037037037,118.47423611111111,66.90511211989435,61.7850080684991,2977.9507395966693,2717.6558405392066
vid_000145_frame0000033.jpg,97.21574845679012,118.68891203703704,66.44066091846472,61.35437786020353,2856.816565294924,2621.7271062947716
vid_000145_frame0000034.jpg,97.08262345679012,118.93310956790124,66.13961566099505,61.03926275931712,2842.211822522231,2554.4559716386957
vid_000145_frame0000035.jpg,97.33942901234568,119.17271604938271,66.00049923338982,61.031811928816545,2812.380702379055,2509.709914732832
vid_000145_frame0000036.jpg,97.60203703703704,119.36770061728394,66.03430322673665,60.93366824577098,2812.592053673637,2500.6679605190116
vid_000145_frame0000037.jpg,97.39814043209877,118.6976774691358,66.11118238510655,61.18119376012937,2852.2705851585124,2537.549419912885
vid_000145_frame0000038.jpg,97.41983796296296,118.41302469135802,66.30076806231399,61.595296262908256,2860.815066049383,2603.4241682998377
vid_000145_frame0000039.jpg,97.58981481481482,118.31344907407407,66.46238693985858,61.75234137100729,2858.1414543124147,2597.5105953929947
vid_000145_frame0000040.jpg,97.64610339506173,118.17488425925926,66.54041654083314,61.62643602916168,2888.5580560697213,2598.392506591447
vid_000145_frame0000041.jpg,97.70211419753086,118.41490740740741,66.55783870948872,61.52057166221513,2856.9333770173657,2565.449882252848
vid_000145_frame0000042.jpg,97.70789351851852,118.46304012345679,66.4271816996368,61.37194669193449,2881.7626959442514,2612.197296113159
vid_000145_frame0000043.jpg,97.81188271604938,118.63478395061729,66.33526924058432,61.33724371051168,2858.656032254456,2645.645365616367
vid_000145_frame0000044.jpg,97.72702160493827,119.16886574074074,66.19274270265232,61.26877750547929,2872.7096429468997,2632.643828232108
vid_000145_frame0000045.jpg,97.73416666666667,119.10034722222223,66.4024885832323,61.58871687391883,2896.1129903501155,2627.8595401803746
vid_000145_frame0000046.jpg,97.49582561728396,119.06692901234568,66.26152460567411,61.39557677608217,2865.4974934027177,2571.0972839457945
vid_000145_frame0000047.jpg,96.96197530864198,118.85348765432099,66.36576553455136,61.597645183539726,2916.1059388497724,2649.560989140137
vid_000145_frame0000048.jpg,96.90101080246913,118.58385030864197,66.31558371936424,61.56772084452971,2896.042306354786,2649.128244186707
vid_000145_frame0000049.jpg,97.0470061728395,118.88264660493827,66.2981071340315,61.40740232228352,2889.35929620574,2629.32522905944
vid_000145_frame0000050.jpg,96.87327160493827,118.22833333333334,66.5088202294173,61.94846082893484,2964.2724249565968,2687.9909899686
vid_000145_frame0000051.jpg,96.69788580246913,117.97230709876543,66.72696260688062,62.23924206772565,2952.371437036799,2689.6724211210185
vid_000145_frame0000052.jpg,96.73320216049383,117.736875,66.78702791885429,62.42317637605724,2984.0847376457473,2721.490512396881
vid_000145_frame0000053.jpg,96.78208333333333,117.4645987654321,67.06451067869878,62.94522957115127,2970.869204627486,2730.0727146189965
vid_000145_frame0000054.jpg,96.42344907407407,117.12364969135803,67.32483573867589,63.453784674025,3008.9075710385587,2803.0595215277776
vid_000145_frame0000055.jpg,96.76694444444445,118.22059413580247,66.81387132293268,62.69425284482191,2938.8503616817175,2697.2046202926745
vid_000145_frame0000056.jpg,97.25484567901235,118.59716820987654,66.31268109532489,61.64886920107366,2899.611481852936,2600.7671337957604
vid_000145_frame0000057.jpg,97.45724537037037,118.3308024691358,66.41557942651832,61.77397644158441,2975.2396386525847,2696.2576500337577
vid_000145_frame0000058.jpg,97.59720679012345,118.78519290123457,66.49015645776618,61.60186491242045,2933.4632636028714,2619.913779806753
vid_000145_frame0000059.jpg,97.50807098765432,118.80922839506172,66.46356385766285,61.69928375154778,2917.60883180864,2638.7798608536714
vid_000145_frame0000060.jpg,97.16443672839506,118.27342592592592,66.71448254495697,62.272417555953545,2971.240492409634,2718.39737990374
vid_000145_frame0000061.jpg,97.1714737654321,117.62730709876543,67.40688950405563,62.909989317004076,3035.0038833295225,2802.1481974258404
vid_000145_frame0000062.jpg,96.51736111111111,117.38473765432099,68.31709692706825,63.345632346920134,3117.900581846327,2922.52952917786
vid_000145_frame0000063.jpg,95.90010030864198,117.9876774691358,69.0329134909694,63.88728943172508,3001.231332504513,2802.062387640925
vid_000145_frame0000064.jpg,95.63587191358025,117.81978395061728,69.3331196261549,64.28812043902786,3073.5082522612315,2958.1092697601716
vid_000145_frame0000065.jpg,96.31326388888888,118.38692901234568,68.41285248984761,62.96224771870249,3032.152405023767,2741.5569257839293
vid_000145_frame0000066.jpg,96.77165895061728,118.9139274691358,67.87848140943923,62.68775753617681,2924.991826646031,2550.7663470692705
vid_000145_frame0000067.jpg,98.26358796296296,120.54766203703704,68.57636257786258,63.340684611832685,2839.711098305267,2496.205964197531
vid_000145_frame0000068.jpg,104.02949845679012,123.62354938271605,68.8889098469614,62.96677362886749,2829.296410750791,2698.6887112553704
vid_000145_frame0000069.jpg,97.6056712962963,119.58960648148148,64.67639822916955,61.15703005883091,3219.6322978323024,2952.3165188212065
vid_000145_frame0000070.jpg,96.27125771604938,117.59597993827161,66.94468181925367,63.53109014014051,3405.359330153976,3237.916992431603
vid_000145_frame0000071.jpg,97.83984567901234,117.88208333333333,68.33176724926909,65.79605801247298,3270.4035302925786,3279.5772317270144
vid_000145_frame0000072.jpg,100.50322530864197,119.11064043209876,72.46929813166504,68.10877321339048,3176.667533256172,3040.1984255872176
vid_000145_frame0000073.jpg,94.72908179012346,112.77507716049382,73.4308037420271,69.74896938811298,3379.989150662056,3483.986868045494
vid_000145_frame0000074.jpg,91.30403549382716,109.28401234567902,73.25787895778721,70.12816937191957,3425.7980816043073,3123.1410602878277
vid_000145_frame0000075.jpg,89.22945987654322,106.44905092592593,73.08520555491764,69.22953176045681,3342.990668602764,3060.881537264708
vid_000145_frame0000076.jpg,89.284375,106.75497685185185,71.88964624576238,68.1163099729858,3262.5780938497846,2850.991200570607
vid_000145_frame0000077.jpg,90.78757716049383,108.39560185185185,71.40536807201696,66.97375657794974,3180.4459857595425,2617.6673733796297
vid_000145_frame0000078.jpg,92.72452932098766,110.20389660493827,71.59168808341789,66.43862403856252,3019.0217048315803,2439.637160398031
vid_000145_frame0000079.jpg,81.28568672839506,102.65475308641976,59.675363234998585,58.814341066295135,2687.7038139998076,2234.5087730380637
vid_000145_frame0000080.jpg,87.51746141975309,105.69347993827161,59.68969634216452,55.681304940118586,2511.993370141509,2232.4247657407404
vid_000145_frame0000081.jpg,95.8681712962963,113.59755401234568,61.749267296260115,55.540787663894235,2361.269782591676,2174.8517780671295
vid_000146_frame0000001.jpg,96.88016975308642,115.65640432098765,44.17844069445419,40.76708284708652,2527.034004781807,1708.486449931353
vid_000146_frame0000002.jpg,97.2607561728395,116.33090277777778,44.22248691345749,41.42235617772874,2497.6698039542375,1680.8676905720713
vid_000146_frame0000003.jpg,97.59807098765432,116.47804783950617,44.71460904124076,41.758056769199484,2549.045916489245,1674.398622683042
vid_000146_frame0000004.jpg,98.77685956790124,117.17675925925926,45.75477779830489,42.09142595446625,2542.0236977308505,1705.055263073881
vid_000146_frame0000005.jpg,101.01523148148148,119.10734567901234,47.02086432193925,42.84401605210579,2696.2161718535067,1770.3039676459382
vid_000146_frame0000006.jpg,102.50945216049382,120.5329012345679,48.065432544796586,43.82845467403229,2700.281252282426,1805.1843382029583
vid_000146_frame0000007.jpg,103.83776234567901,121.78877314814815,48.90761216527497,44.43443399981284,2700.9647025576674,1751.6016207203909
vid_000146_frame0000008.jpg,104.12096450617284,122.04359567901234,49.418450145775196,44.601560455838126,2791.8595593535074,1819.0938795338338
vid_000146_frame0000009.jpg,103.06357253086419,121.13032407407407,49.29371526267336,44.20950096429793,2711.327597949472,1749.9352000313763
vid_000146_frame0000010.jpg,96.53297067901235,115.44356481481482,47.09878238153524,43.25236481377005,2786.562524817042,1771.82140793604
vid_000146_frame0000011.jpg,94.64088734567902,114.23459104938271,46.086833262207804,42.572918811300966,2822.0672469644846,1749.4606085924402
vid_000146_frame0000012.jpg,96.54639660493827,115.5530401234568,46.143385878346784,42.72190953163557,2775.9614884237826,1862.5419247599452
vid_000146_frame0000013.jpg,98.2227237654321,116.95051697530864,46.12012730447631,42.66409440175222,2707.2502221478594,1861.0050004562947
vid_000146_frame0000014.jpg,100.7710725308642,118.71698302469136,49.21523283638716,46.02565962909083,2564.1833627855412,1779.4374943699036
vid_000146_frame0000015.jpg,101.003125,118.5591512345679,49.98876059897894,46.58111938575773,2572.079056461417,1984.4291563633592
vid_000146_frame0000016.jpg,98.81244598765431,116.44505401234568,49.24356322891457,46.11792141221116,2534.9610077645725,1898.2302945242245
vid_000146_frame0000017.jpg,94.28114969135802,113.48425154320988,46.910285299581005,44.87125511880324,2456.265754968754,1874.1563295938477
vid_000146_frame0000018.jpg,91.74259259259259,111.73631172839507,45.301712052453404,43.97860790274425,2676.2051606043287,1870.6836391503175
vid_000146_frame0000019.jpg,92.56680555555556,112.32951388888888,44.80947988579014,43.13533371532938,2616.088269990224,1728.7441248282942
vid_000146_frame0000020.jpg,91.50821759259259,111.67543209876543,43.55113916529198,42.653106150894374,2611.4380879286696,1782.7021134964184
vid_000146_frame0000021.jpg,89.81469135802469,110.20050925925926,42.47372223458047,41.449153512480194,2587.7597358309877,1703.8382517373022
vid_000146_frame0000022.jpg,88.70724537037037,109.23918981481482,41.5366327977037,40.81197592964437,2430.429442835446,1752.5762589999142
vid_000146_frame0000023.jpg,88.67671296296297,109.58469907407408,40.812026841047725,40.4761448814226,2419.2467239652397,1736.0302425925927
vid_000146_frame0000024.jpg,87.44898919753086,108.92587962962963,39.94044145909525,39.865280850406755,2559.7894966063072,1789.5454892889209
vid_000146_frame0000025.jpg,86.75858024691358,108.59621141975309,39.09417389525199,39.55234345765544,2432.1727339389477,1735.2191394868826
vid_000146_frame0000026.jpg,85.24592592592593,107.53859567901235,38.3496535155136,39.15322375139304,2448.170393844248,1768.3687177009508
vid_000146_frame0000027.jpg,88.00219907407407,109.57788580246914,39.73190639267354,39.67122773931989,2485.503461338247,1710.1606510973938
vid_000146_frame0000028.jpg,91.55638117283951,112.20011574074074,41.97977136525875,41.20507551799164,2418.490684704123,1764.095487234225
vid_000146_frame0000029.jpg,96.85302469135803,116.34158950617284,44.94334262609756,43.12742924206155,2320.5800690271467,1735.3211986834492
vid_000146_frame0000030.jpg,99.36743055555556,118.46671296296296,47.4370805113591,44.97608936085248,2313.1353750797803,1760.2286122139824
vid_000146_frame0000031.jpg,102.52331790123456,120.6374537037037,50.23922689730053,46.838356574529755,2345.565428159234,1837.3290140410666
vid_000147_frame0000001.jpg,96.32377314814815,113.15730709876543,57.14117420718355,53.2132502281814,3472.061493484225,3240.4745910434285
vid_000147_frame0000002.jpg,96.54061728395062,113.15819444444445,57.0594815125686,53.19160383317002,3430.4262145345124,3182.2143038146214
vid_000147_frame0000003.jpg,97.21491512345679,112.81928240740741,57.275535908886994,53.34280908394816,3437.36970562319,3263.03785722302
vid_000147_frame0000004.jpg,95.04542438271605,111.37706790123457,57.517959862004695,53.69630532541627,3429.951832075844,3248.4454684382617
vid_000147_frame0000005.jpg,91.51554783950617,107.31403549382716,57.96041970251637,53.97111353506419,3440.833245701637,3376.1366870612687
vid_000147_frame0000006.jpg,89.11031635802469,105.85960648148148,57.9897914206014,53.84795270331984,3231.3271317708336,3176.894751600306
vid_000147_frame0000007.jpg,90.12429783950617,105.94349537037037,58.74129779824755,54.119321275430366,3157.114832781719,3138.141895832797
vid_000147_frame0000008.jpg,91.12508487654321,106.83361111111111,58.756527825485,54.492268252528774,3258.2898673030027,3255.1703620825238
vid_000147_frame0000009.jpg,92.96793981481481,108.0520524691358,59.31508821317826,54.655417404421755,3037.8457126390795,3214.8445321496697
vid_000147_frame0000010.jpg,93.66108796296297,108.48282407407407,59.84340747277129,55.17289378013436,3471.521589817613,3548.9844495882394
vid_000147_frame0000011.jpg,93.33385802469135,107.63496913580246,60.10599335313823,55.55664312267954,3374.8165783078393,3513.405133916086
vid_000147_frame0000012.jpg,91.1149074074074,105.8104012345679,60.94016778262218,55.90560546189651,3618.7088323640046,3630.9497789922816
vid_000147_frame0000013.jpg,88.50840277777777,103.66287037037037,61.679278918546416,56.509522040689276,3462.5990813497847,3431.1136354592954
vid_000147_frame0000014.jpg,86.36078703703704,101.90181327160494,61.41291072990145,56.366307162451214,3398.3852196606845,3414.4370243778935
vid_000147_frame0000015.jpg,87.06568672839506,103.19493827160494,60.564096480307,55.9394983662289,3374.8632082990403,3339.9258360937265
vid_000147_frame0000016.jpg,89.01510030864198,105.2472299382716,60.01749201356186,55.578398880416735,3346.550087319423,3350.6848308369895
vid_000147_frame0000017.jpg,91.01287037037036,106.66310956790123,59.75973282810842,55.61573088445452,3466.14019747222,3469.1666581784766
vid_000147_frame0000018.jpg,91.13048611111111,106.31250771604938,61.03887222458227,55.94101281300414,3622.827076215278,3545.0603190669776
vid_000147_frame0000019.jpg,91.88229166666666,107.2102700617284,60.91708614129368,56.00661673669696,3522.717684147805,3546.522657716049
vid_000147_frame0000020.jpg,92.72540895061728,107.90166666666667,60.46281271715019,55.66760719708889,3648.6987386830683,3572.4953267601645
vid_000147_frame0000021.jpg,92.86977623456791,107.73573302469136,60.32796420845269,55.8839847721612,3503.6547795343695,3498.001449845441
vid_000147_frame0000022.jpg,90.54906635802469,105.94469135802468,61.003034860944396,56.2130451685991,3582.6314362054186,3638.5721865912215
vid_000148_frame0000012.jpg,52.69771990740741,87.01467592592593,20.26188675781115,39.186951660604215,433.32761164641204,1282.686942000493
vid_000148_frame0000013.jpg,52.22787037037037,86.3140162037037,19.96806614001679,38.14022501499148,434.22003616144633,1242.8480666633177
vid_000148_frame0000014.jpg,52.25140046296296,86.9717824074074,20.739078822354056,38.753210471172885,437.26297873233744,1235.0046049133218
vid_000148_frame0000015.jpg,50.748269675925926,83.29435185185186,17.726916553686063,33.27430677334346,400.7359226811329,936.1020601080247
vid_000148_frame0000016.jpg,55.17730902777778,88.05106481481481,20.41721632319886,35.7340377635202,397.5201491121185,967.0024333826304
vid_000148_frame0000017.jpg,59.06659143518519,91.92085648148148,23.876734803702025,40.70380487956681,392.4758844902048,1321.0614797709566
vid_000148_frame0000018.jpg,58.782037037037036,91.79651041666666,23.75652379247292,40.3299862086677,406.60185791347175,1374.3304979785223
vid_000148_frame0000019.jpg,59.05974537037037,92.1330613425926,23.83172576027472,40.356626188495945,393.86941006298093,1340.2404499525449
vid_000148_frame0000020.jpg,59.15284722222222,91.75169560185185,23.91583489155234,40.75487097415847,412.80101562094774,1454.0731701303157
vid_000148_frame0000021.jpg,59.77924768518518,92.31997106481481,24.113244735129378,41.617035960951,406.1472601080247,1445.0919859374997
vid_000148_frame0000022.jpg,60.32353009259259,92.82747106481482,24.856875344465525,42.35656619937114,418.5315871526439,1583.926559815324
vid_000148_frame0000023.jpg,74.42429976851852,103.94336226851851,27.638159443745828,42.71289099573651,415.6431975763768,1529.4050595159251
vid_000148_frame0000024.jpg,73.3307986111111,103.03983217592592,23.796471212898233,38.65816154328889,402.94720180814767,1235.1666415838463
vid_000148_frame0000025.jpg,74.695625,104.46697916666666,23.70163534223772,36.49739364609341,422.96556757166144,1037.5661631132318
vid_000148_frame0000026.jpg,65.60912037037038,98.51484375,13.065571016435179,23.67390048946958,382.28993001271937,863.7413942406924
vid_000148_frame0000027.jpg,66.89718171296296,99.80579282407408,12.942611538872173,23.44047939104655,371.5272477880323,884.8972333686651
vid_000148_frame0000028.jpg,67.40241319444445,99.8257349537037,13.112003793549182,23.889133561004073,390.8638396262002,938.5066762256929
vid_000148_frame0000029.jpg,67.5297337962963,101.3331712962963,13.059359499262873,22.357311270760952,383.613340526406,905.7784721171981
vid_000148_frame0000030.jpg,68.6028587962963,100.05943287037037,14.462942706610267,27.684775033578394,396.4390465555073,1012.6303437451775
vid_000148_frame0000031.jpg,67.73147569444444,100.52222222222223,12.980282679792683,24.359313170064624,391.39090393464943,972.635789527841
vid_000148_frame0000032.jpg,68.41320023148148,100.88927662037037,13.621588531941436,25.37770836321492,379.4332525450906,959.0357526329681
vid_000148_frame0000033.jpg,67.8106423611111,100.52060185185185,13.02035244194151,24.63148164572526,383.69371569703657,981.6413389957548
vid_000148_frame0000034.jpg,69.34563657407408,101.97313657407408,15.550660286903007,28.536259960320905,386.81182947477276,967.3692532277466
vid_000148_frame0000035.jpg,69.02740740740741,101.23484375,12.983895874303673,24.129984469460794,388.98371489167386,908.8755841905382
vid_000148_frame0000036.jpg,69.77080439814814,102.2644849537037,13.685024870956003,24.861765887268316,378.76459531678665,943.6131088369864
vid_000148_frame0000037.jpg,69.29755787037037,102.23407986111111,13.146981189853935,24.512438582809946,381.43094466115696,947.7414730765805
vid_000148_frame0000038.jpg,68.83506944444444,101.49740740740741,13.003318103781835,25.108597100815015,393.92031750886804,1020.8014746429989
vid_000148_frame0000039.jpg,68.84591435185185,101.44587384259259,13.145434558913006,24.618541143704462,373.6626610716936,953.5729486239377
vid_000148_frame0000040.jpg,67.31809027777778,99.87069444444444,13.327855178826631,26.022561080068485,391.6672202722789,1034.295374384826
vid_000148_frame0000041.jpg,68.1135300925926,100.71133680555556,13.523417354226499,26.4181777730261,385.0838154095601,1034.9992366897814
vid_000148_frame0000042.jpg,71.05747685185185,103.18115740740741,11.10854253468179,21.67862397730301,406.1131487482518,963.5442717278794
vid_000148_frame0000043.jpg,70.87039351851851,102.78038773148148,11.258108017843828,22.109358738578237,393.9716577529887,967.0848648062414
vid_000148_frame0000044.jpg,71.51707754629629,103.64958333333334,12.34273374957785,23.461162446581955,405.2150437135296,1032.8798205374176
vid_000148_frame0000045.jpg,70.52091435185186,102.55482060185186,13.812309663413819,24.259696739764003,369.5011070596493,868.4041222859868
vid_000148_frame0000046.jpg,70.29868055555555,103.13461805555555,14.328180295274107,27.536432360525303,388.818102253696,1006.7569858940639
vid_000148_frame0000047.jpg,71.8632638888889,103.75862268518519,17.19913784431563,29.298135660748052,366.5427876430349,864.0767898541654
vid_000148_frame0000048.jpg,82.44116319444444,110.22618055555556,26.404158645672986,39.89753281549745,472.97501900475686,1241.5167648821962
vid_000148_frame0000050.jpg,73.75331018518519,103.97247106481481,25.10313196422001,35.38247189484094,410.87083341287166,978.2182951372479
vid_000148_frame0000051.jpg,81.61701388888889,111.28297453703703,28.71777763327538,41.03641937064247,436.9222549403815,1007.2694087769726
vid_000148_frame0000052.jpg,76.79357060185185,107.22065972222222,27.280305889961653,41.83091600507961,439.16276449759937,1023.5827796076269
vid_000148_frame0000053.jpg,73.7745949074074,104.33151041666666,24.55112561438115,39.557295560915705,396.1370456436136,1050.0724897600255
vid_000148_frame0000054.jpg,70.54936342592593,101.4452199074074,21.914009520217444,37.67483882676788,405.6195958713777,1231.0100337082852
vid_000148_frame0000055.jpg,71.00799189814815,102.06211805555556,22.49099896645753,38.17639395881997,428.1438069010416,1292.434627747637
vid_000148_frame0000056.jpg,71.66139467592592,103.0112962962963,22.285246851258922,38.191094041155154,432.44081874112527,1327.1652408050077
vid_000148_frame0000057.jpg,72.16916087962963,102.88729166666667,22.52776505235729,39.046241052758404,440.2843141155478,1402.5386877885146
vid_000148_frame0000058.jpg,72.36036458333334,103.12070023148148,22.32593999942264,38.390015275971244,436.5053354118442,1415.6013568564333
vid_000148_frame0000059.jpg,71.85685185185186,102.77472222222222,21.88634244133847,37.59871069889413,417.5914785717539,1331.3784039624795
vid_000148_frame0000060.jpg,71.21540509259259,102.4503125,22.01956518891888,37.46758918699837,415.51056294996897,1182.0459413780852
vid_000148_frame0000061.jpg,71.88460648148148,102.56516203703704,22.37191126172618,38.23248314977485,428.4945688649035,1336.7789803155006
vid_000148_frame0000062.jpg,71.72924768518519,102.59894675925926,22.06185782065593,38.32779445251693,418.27891460232206,1381.5580842214495
vid_000148_frame0000063.jpg,71.90831018518519,102.52913773148148,22.19128531437026,38.866304798344146,446.8257982762132,1432.4618776617353
vid_000148_frame0000064.jpg,72.17523148148148,102.70005787037037,22.240850437587973,38.698949496417605,437.4591437588078,1479.6808852961033
vid_000148_frame0000065.jpg,71.97467013888888,102.52841435185185,22.065145829598983,38.3406746054198,441.1772631437744,1425.537154835257
vid_000148_frame0000066.jpg,71.66342592592592,102.3068287037037,22.5758683403006,37.81189660844937,426.09396853268476,1294.5673517541957
vid_000148_frame0000067.jpg,71.19158564814815,101.8366724537037,21.45350530442126,37.22680450183948,430.2878981802648,1325.137251721342
vid_000148_frame0000068.jpg,71.2746875,102.31328125,21.389624583729823,36.90307496217563,420.69019060969515,1260.2458198781708
vid_000148_frame0000069.jpg,70.31570023148149,102.03508101851853,21.314144827002448,36.93855597435135,438.38129515734175,1326.159400604926
vid_000148_frame0000070.jpg,70.75351273148148,101.72755208333334,21.631085951544943,37.30888541215777,426.33402836599265,1284.594499382582
vid_000148_frame0000071.jpg,70.43272569444444,101.65615162037037,21.61766814482228,37.79068589937909,446.5090506485969,1406.8672475886003
vid_000148_frame0000072.jpg,71.03645833333333,102.09677662037036,21.63512772803639,37.84828468982017,432.1161694315509,1337.5672825358743
vid_000148_frame0000073.jpg,70.9391261574074,101.78537615740741,22.071108338968237,38.39743336673022,455.31553968055414,1488.1045665616425
vid_000148_frame0000074.jpg,71.04071759259259,102.40170717592592,21.973577028968766,37.58292193791092,431.665442652037,1334.3558564171474
vid_000148_frame0000075.jpg,71.29328125,102.33960069444444,22.376045366580918,38.54649911239718,449.8045823203005,1416.3340460599925
vid_000148_frame0000076.jpg,71.49333333333334,102.57311921296296,22.21608869174003,38.022827127231906,419.91339883505736,1261.893281031345
vid_000148_frame0000077.jpg,71.14226273148148,102.03725694444445,22.15840381649502,38.68467927398651,459.34768095070166,1491.6313185326846
vid_000148_frame0000078.jpg,70.67142361111111,101.48939236111111,21.57187143234684,37.64244062958819,437.1266759885854,1386.9930419173045
vid_000148_frame0000079.jpg,70.34787615740741,101.89862847222223,21.94474214643571,37.921170617338305,452.46131886091825,1444.9352100372605
vid_000148_frame0000080.jpg,70.25330439814815,101.79326388888889,21.7570627120046,38.200861573990416,443.37576658063136,1463.8183836542994
vid_000148_frame0000081.jpg,70.17180555555555,101.28157986111111,21.621877776729313,38.231230580730745,461.0111356818724,1552.280513309884
vid_000148_frame0000082.jpg,71.08375,102.20663194444444,21.76012748065914,38.25842530058282,454.8690988231685,1441.5627365370678
vid_000148_frame0000083.jpg,71.01722800925926,101.78741898148148,22.09546544524449,38.80425644912971,472.66637592110345,1597.0393242989915
vid_000148_frame0000084.jpg,71.00918981481482,102.2254050925926,21.702369809818432,38.23345021957058,450.0089690066658,1471.2440530885297
vid_000148_frame0000085.jpg,71.62456597222223,102.44862268518519,22.59195442220218,39.49789491813602,478.8847392746914,1679.0405811068981
vid_000148_frame0000086.jpg,71.76661458333334,102.38325810185185,22.63641654864908,39.38557625196802,451.8503985809703,1554.0119860933953
vid_000148_frame0000087.jpg,71.80255208333334,102.36244212962963,23.24269850934116,40.588197450450345,501.49975182984906,1787.0593681278935
vid_000148_frame0000088.jpg,72.48781828703704,103.21658564814815,23.562543638516203,40.55229220595324,487.8094900843406,1722.8507449137032
vid_000148_frame0000100.jpg,51.338622685185186,83.17214699074074,38.38780413065293,53.30084026157097,505.2003316478253,2701.439810562414
vid_000149_frame0000001.jpg,69.27847222222222,99.55299768518519,22.682873586637488,33.02287617648692,436.208809612878,1301.4945595525965
vid_000149_frame0000002.jpg,69.57633101851852,99.51472800925926,22.591090968968377,32.55345590592613,400.6475485334148,1170.233138983196
vid_000149_frame0000003.jpg,71.70344328703703,100.82200810185185,22.912153589858285,32.36839097628199,392.5307096320677,1139.5070003858025
vid_000149_frame0000004.jpg,73.40262731481481,102.46976851851852,22.965788465813144,32.66490588993435,416.7721934794024,1183.3117459101923
vid_000149_frame0000005.jpg,73.74320601851852,103.40683449074074,22.689014083732584,32.40006359737293,406.1567860060871,1147.7512271942514
vid_000149_frame0000006.jpg,72.64374421296296,102.37720486111111,22.4631011143901,32.364697739663676,415.8752727557817,1166.716033296863
vid_000149_frame0000007.jpg,70.43700810185184,100.16195601851852,22.134361946530714,31.95218355820075,410.44573287730276,1145.1069624991626
vid_000149_frame0000008.jpg,69.9699826388889,99.92758101851852,22.334138317264415,32.20427742797201,416.2593914918499,1174.13879279179
vid_000149_frame0000009.jpg,70.72826388888889,100.53987268518519,22.328156318391155,30.93938455513389,388.93571747202935,1035.9909434794024
vid_000149_frame0000010.jpg,70.6863425925926,100.5212962962963,22.56070845053492,32.000603078593535,420.77725103684406,1174.1168540889705
vid_000149_frame0000011.jpg,70.8621412037037,100.63810763888888,22.296330499626617,31.181686077735616,414.3728997636624,1096.1329917951334
vid_000149_frame0000012.jpg,70.56331018518519,99.8283275462963,22.132950730170514,31.48817884605049,440.67165665907794,1187.6258392468278
vid_000149_frame0000013.jpg,70.06651041666667,99.4661111111111,21.798311419984415,30.519432329113823,423.0597568607199,1117.53929178157
vid_000149_frame0000014.jpg,69.17767939814814,99.09454282407407,21.82487825438004,31.00726490943171,440.55781736419215,1167.9061388695986
vid_000149_frame0000015.jpg,69.83479166666666,99.17143518518519,21.922419454182418,30.796258998628613,426.9663657341768,1145.5406246651023
vid_000149_frame0000016.jpg,69.71649305555556,99.27782407407408,22.001217479305797,31.036838571382994,437.2542453221116,1206.556703548177
vid_000149_frame0000017.jpg,69.5622337962963,99.31322916666667,21.978568414416603,30.87967371265863,430.5545005967882,1157.8272781056762
vid_000149_frame0000018.jpg,70.3691724537037,99.99344907407408,22.199623367788217,31.13504751782501,443.37286313443065,1204.3194200873147
vid_000149_frame0000019.jpg,72.23603009259259,101.83493055555556,22.372754811398313,30.91024075545178,406.36745880671157,1097.5484386332612
vid_000149_frame0000020.jpg,74.10228587962963,103.39054398148149,22.71396885946682,31.401771239415822,435.08550035150887,1210.1654948422697
vid_000149_frame0000021.jpg,76.42641782407408,105.06501157407408,23.20277067819418,31.850360634839134,418.3806618007329,1157.1743565538195
vid_000149_frame0000022.jpg,76.1236400462963,105.38167824074074,23.45840209068408,32.05154601283903,429.7425966287495,1222.6986837854456
vid_000149_frame0000023.jpg,75.62291666666667,104.48903935185186,22.946121884724032,31.556585459816635,409.2139706597222,1148.8218934134943
vid_000149_frame0000024.jpg,75.50108217592593,105.0785011574074,22.901842907310265,32.07922900621367,422.603505521262,1192.053851613907
vid_000149_frame0000025.jpg,75.91876736111111,105.10858796296296,22.83010986186171,31.83042257411755,402.6497062901543,1165.3769616592385
vid_000150_frame0000001.jpg,83.48460069444444,114.39422453703703,37.0350169808088,54.1738287271524,923.2225225646217,3468.3482547239364
vid_000150_frame0000002.jpg,83.67636574074074,114.00536458333333,36.92258175254869,54.02237298160678,878.9214515516492,3322.437418003579
vid_000150_frame0000003.jpg,83.67079861111111,114.04101273148149,37.03266896795312,54.1568230555035,874.5270320213036,3307.3964737118486
vid_000150_frame0000004.jpg,83.55979166666667,113.66463541666667,37.21286461712069,54.19531124479607,871.0938012312189,3311.6108453703705
vid_000150_frame0000005.jpg,83.55400462962963,113.15861111111111,37.246677240318,53.97325237694188,800.5584151676297,3132.206024524043
vid_000150_frame0000006.jpg,83.20627314814814,113.6180787037037,37.152955835495504,53.97957683075275,766.2861557119865,3067.1224414705166
vid_000150_frame0000007.jpg,83.44718171296296,113.35377314814815,37.420075006195475,54.1845901510515,778.7744796003929,3085.9102892059705
vid_000150_frame0000008.jpg,83.40265046296297,113.48406828703703,37.871291102024834,54.51883817624812,836.1869587705428,3290.990827423021
vid_000150_frame0000009.jpg,81.61927662037037,112.31434027777777,37.6710192597614,53.91868286119444,780.5312055297015,3104.572549138877
vid_000150_frame0000010.jpg,81.28844907407408,112.00530092592592,38.09701238531994,54.31883376018718,825.0512496664082,3304.4032845075862
vid_000150_frame0000011.jpg,81.44678240740741,111.99090856481482,38.280872512199174,53.84477447206607,767.714318170459,3109.0843054012007
vid_000150_frame0000012.jpg,81.37905092592592,112.09911458333333,38.53216340528846,53.84244158115177,819.4722398564761,3231.9484720413443
vid_000150_frame0000013.jpg,80.60019097222222,111.62958333333333,38.44619492093742,53.7093474804045,790.9744274047014,3204.419801221172
vid_000150_frame0000014.jpg,79.75225694444444,111.46225694444445,38.45345612204807,54.19478681620908,825.2800362588681,3329.7903970388325
vid_000150_frame0000015.jpg,79.75027777777778,111.29620949074074,38.274120329014444,53.68846615120492,793.6780018795816,3184.3269292522664
vid_000150_frame0000016.jpg,79.47544560185185,110.98889467592592,38.12219326460315,53.41973403444336,740.9388640922056,3043.6221373938706
vid_000150_frame0000017.jpg,79.6142650462963,111.23795717592593,38.23103982972681,53.71359719263983,800.6000293638547,3195.54007902467
vid_000150_frame0000018.jpg,79.18747106481482,111.1365162037037,38.356359017163776,54.06433365455743,843.6593016963252,3291.8717082475996
vid_000150_frame0000019.jpg,79.03788773148148,111.02711805555556,37.9873648697996,53.473545343918424,734.4006459643119,3062.5444205225485
vid_000150_frame0000020.jpg,79.0185474537037,110.63837962962963,38.180677131547085,53.945321418358006,818.2025325713399,3276.159481403785
vid_000150_frame0000021.jpg,79.30876157407407,110.49894097222223,38.11010306522704,53.86603989071491,783.0472659459662,3137.829070659588
vid_000150_frame0000022.jpg,78.96374421296296,110.81492476851852,38.15084748111325,54.124817386411536,828.9654110240041,3274.139306797324
vid_000150_frame0000023.jpg,79.20472800925926,110.3865162037037,38.02197299184019,52.96673771621534,671.596112549297,2836.517137159174
vid_000150_frame0000024.jpg,76.12424189814814,107.00708912037037,38.83834132964205,52.88532001970835,705.4792628142347,2701.0809521985384
vid_000150_frame0000025.jpg,79.84140625,109.7431886574074,43.73670900880185,56.061974453699705,618.9675263668861,2828.378350195982
vid_000150_frame0000026.jpg,69.88664351851853,102.7028761574074,44.93424501251961,57.797223145249745,617.5257408045053,2618.0595622572323
vid_000150_frame0000027.jpg,65.41564236111111,98.88467592592593,45.26704753042874,59.25777950479937,922.5620091820988,3607.29598312352
vid_000150_frame0000028.jpg,66.40973958333333,99.05564814814815,47.32704698378435,59.26625982586188,857.8605494886779,3044.235255810614
vid_000150_frame0000029.jpg,67.29756365740741,98.81616319444444,50.36473637367877,60.20977387051194,1047.0928976550442,3234.925364727975
vid_000150_frame0000030.jpg,68.53370370370371,100.43038194444445,52.713474041670196,61.74896378342183,1176.183549691358,3648.198293888212
vid_000150_frame0000031.jpg,68.67454282407408,99.01459490740741,55.414264129931595,62.56890457244785,1115.5499083903665,3248.451616308594
vid_000150_frame0000032.jpg,63.07723958333333,95.36116319444444,51.24002737679347,60.25843931818718,1036.1455941352665,3313.973324564331
vid_000150_frame0000033.jpg,61.47957175925926,94.98089699074075,50.118684827099074,59.683899006216876,1041.9127840671283,3309.418780584189
vid_000150_frame0000034.jpg,62.931811342592596,95.20785300925925,52.74010008541853,60.89241867794887,1054.1237839479047,3368.9575035967705
vid_000150_frame0000035.jpg,65.38632523148148,96.50681712962962,53.80714980105961,61.55717541221696,1078.816104286694,3212.4661808368355
vid_000150_frame0000036.jpg,65.54774305555556,96.64054398148149,53.90448332423286,61.002821293138595,1042.340169971574,2970.1695135753907
vid_000150_frame0000037.jpg,65.67309606481481,97.64434606481481,53.071689838268604,61.327262379571714,1015.9905900634432,3142.357271900687
vid_000150_frame0000038.jpg,65.01464699074074,97.88398726851852,51.71290247117676,60.95662816085367,978.8156272705747,3262.6644850660955
vid_000150_frame0000039.jpg,64.70565972222222,98.3309837962963,48.213634303818665,59.735068339639525,894.6472181048525,3175.848726731289
vid_000150_frame0000040.jpg,64.70313078703704,98.66748263888888,47.588585518794886,60.03240439029979,962.5745614146293,3470.956220331255
vid_000150_frame0000041.jpg,65.14163773148148,98.83935763888888,47.743536649082465,60.20219229200294,977.0826694873114,3499.644850298964
vid_000150_frame0000042.jpg,65.22732060185186,99.00316550925926,47.89053415536902,60.046450445004375,985.202119190324,3467.7542368786635
vid_000150_frame0000043.jpg,65.15313657407407,99.05362847222223,48.07958702067407,60.281637422432055,964.1227056700907,3469.463008534674
vid_000150_frame0000044.jpg,65.61144675925927,98.88861111111112,47.90950536814016,60.18927918347705,928.3463170390731,3446.3090142690316
vid_000150_frame0000045.jpg,65.99358217592592,99.64844907407408,48.00280614160949,60.12782650938563,911.9564659957991,3357.0277190923994
vid_000150_frame0000046.jpg,66.65998842592593,99.32019675925926,49.58266706835139,60.14849523192571,915.5160738570268,3127.0823752988626
vid_000150_frame0000047.jpg,67.61526041666667,99.34192129629629,51.640994538139964,61.515318116508894,1004.4008041838135,3445.3120171320074
vid_000150_frame0000048.jpg,68.30429398148148,99.54375578703704,52.900289220544714,61.52692919353814,977.2717197702332,3358.609376237749
vid_000150_frame0000049.jpg,67.24434606481482,98.50992476851852,52.26557549483374,60.68205109511445,831.7859540461035,3118.3459812451774
vid_000150_frame0000050.jpg,66.53289930555556,97.63954861111111,52.71048332063512,61.17156944308019,925.244889616254,3168.419735580499
vid_000150_frame0000051.jpg,65.85606481481481,98.27118634259259,51.15004786007919,61.18214291689019,977.3153107590665,3442.157727288559
vid_000150_frame0000052.jpg,64.97122106481481,97.68826388888888,50.152799387035444,60.889718322955645,986.6630042060171,3436.970921808556
vid_000150_frame0000053.jpg,65.65105324074074,98.39395833333333,50.71961227663847,61.02834623776711,1044.7544590116693,3509.549872218873
vid_000150_frame0000054.jpg,65.33718171296296,97.8769212962963,50.86985181361098,61.10973993231896,1005.8175970252686,3390.643202337186
vid_000150_frame0000055.jpg,65.28476273148148,97.68392939814815,50.70806700607227,61.12137799671435,1053.5322627550584,3559.0330190923996
vid_000151_frame0000001.jpg,84.86512731481481,118.13603587962963,28.15648409151661,48.25230283823931,762.3154830045639,3671.3041719130442
vid_000151_frame0000002.jpg,85.36018518518519,118.54961226851852,27.79993297791953,47.4733598951446,629.6916757013768,3177.0341774085528
vid_000151_frame0000003.jpg,84.47094907407407,117.43729166666667,27.665140328164547,48.20456893089159,669.297371469874,3265.119773143326
vid_000151_frame0000004.jpg,81.80498842592593,114.78532407407407,30.438929115052034,50.469532566565036,830.1628973909775,3735.7596208653495
vid_000151_frame0000005.jpg,81.89661458333333,114.85199074074075,30.587807160244218,51.09389156539371,950.5215233696831,4130.610077649144
vid_000151_frame0000006.jpg,81.59973958333333,114.66132523148148,30.12876753260968,50.35047874927108,854.0738437145009,3805.3867260143056
vid_000151_frame0000007.jpg,81.41092592592592,114.45070023148148,30.335464570642976,50.962788258938666,945.1628435008024,4175.787687090052
vid_000151_frame0000008.jpg,81.44928240740741,114.53224537037038,30.29378827880985,51.084343175218535,934.2932489449375,4137.361482283596
vid_000151_frame0000009.jpg,81.41553240740741,114.73068865740741,30.106974889301995,50.59303632329266,912.4187898657195,4009.031681553518
vid_000151_frame0000010.jpg,81.48234953703704,114.89122106481481,30.284259579457643,51.11325616058621,976.747764909122,4279.812968445879
vid_000151_frame0000011.jpg,81.84539351851852,114.89986689814815,30.307181523996526,51.028921560527145,953.6171569089452,4176.590523604647
vid_000151_frame0000012.jpg,77.71244791666666,112.04010416666667,31.78679469955398,51.52780533531711,791.8731454279392,3718.4063566373766
vid_000151_frame0000013.jpg,74.78339699074074,107.07997106481481,30.182985128019258,49.71011486747995,511.55914079830967,2491.587865161903
vid_000151_frame0000014.jpg,76.30309027777778,107.28031828703703,31.31782638864713,50.83102776320294,661.1718175528067,3181.9333098033676
vid_000151_frame0000015.jpg,78.13464120370371,108.33464699074074,31.78081322651857,51.210214422125844,696.0892227622116,3335.090169590694
vid_000151_frame0000016.jpg,79.16358217592592,109.49624421296296,32.430142605861825,51.524020241242724,641.6243813645351,3051.604791174735
vid_000151_frame0000017.jpg,79.44287615740741,109.12891782407408,32.21912677874939,51.081127665452584,679.9622865321448,3052.548509500252
vid_000151_frame0000018.jpg,79.51863425925926,109.64653935185186,32.43055793460185,51.61791647946788,708.6291193414298,3160.199302919105
vid_000151_frame0000019.jpg,79.38516782407407,109.14493634259259,32.2693402553541,51.14298351809876,732.6154624464162,3156.9161958970985
vid_000151_frame0000020.jpg,79.62610532407408,109.17184606481482,32.54666290771946,51.173141331156586,733.153824167812,3172.520205039243
vid_000151_frame0000021.jpg,79.04766203703704,108.20001736111111,30.925816953738693,48.70498834868965,439.9354378858025,2211.7722753021785
vid_000151_frame0000022.jpg,75.14402777777778,104.59930555555556,32.203281140039344,47.426137010513195,470.8255481333791,2321.2788615033105
vid_000151_frame0000023.jpg,78.74892939814815,107.82390046296297,30.772357528444928,47.22391961559801,476.87219772363153,2344.678254339072
vid_000151_frame0000024.jpg,81.6195949074074,110.53880787037038,31.69175965339401,48.98574810184433,561.6286172062543,2549.7241896564415
vid_000151_frame0000025.jpg,81.49809027777778,110.44927083333333,31.989325962258533,49.66143226682442,626.7660121680157,2903.9042899881247
vid_000151_frame0000026.jpg,81.549375,110.71172453703704,31.785167233960816,49.58165915976624,577.8963632447796,2738.1744164059483
vid_000151_frame0000027.jpg,83.72725694444445,113.11522569444445,32.066160593484334,50.467892980408166,529.7880401829011,2422.459253333943
vid_000151_frame0000028.jpg,84.96486689814814,115.39143518518519,31.755039490233127,49.75800043409605,648.2986359437962,2871.5702288761095
vid_000151_frame0000029.jpg,86.14854166666667,116.5563599537037,30.996902215339812,49.85657468011011,672.417939248134,2980.6722891684617
vid_000151_frame0000030.jpg,83.68666087962963,115.26557870370371,31.005548268926912,50.73888562284784,816.6146848714193,3628.043063019628
vid_000151_frame0000031.jpg,83.57105324074074,115.20152199074074,30.958679675824573,50.71487674615791,821.9404266069744,3621.035464486749
vid_000152_frame0000001.jpg,44.079484953703705,66.20394097222223,46.04367663248211,49.51551991525483,1066.9068974182046,2000.254572683042
vid_000152_frame0000002.jpg,44.15113425925926,66.33473379629629,46.02998487912759,49.44536022449489,1059.633112263696,1989.0937541446638
vid_000152_frame0000003.jpg,44.195538194444445,65.85000578703703,46.10145514444076,49.47034426024159,1061.1525116075304,2007.3357610432943
vid_000152_frame0000004.jpg,44.009039351851854,65.6578587962963,46.18798519269366,49.51433258690213,995.0909599172335,1955.7800304756825
vid_000152_frame0000005.jpg,44.522471064814816,66.13069444444444,46.374858786401205,49.6100249350349,1034.637343988414,1980.6023683529115
vid_000152_frame0000006.jpg,44.70483796296296,66.59627314814814,46.20512597546867,49.042363843807045,1038.14910059143,2001.1966381719058
vid_000152_frame0000007.jpg,45.836527777777775,67.28877314814815,45.95025844725575,48.89057830611073,1044.505238222174,2038.2496758680218
vid_000152_frame0000008.jpg,47.06148148148148,68.49089699074074,45.58630200702381,48.49552239741506,1055.9391900714804,2044.1127156527293
vid_000152_frame0000009.jpg,48.038721064814816,70.31298611111112,44.938146399651906,47.278525123383446,957.246618116507,1928.5001174720294
vid_000152_frame0000010.jpg,50.48089699074074,72.61086805555556,45.076671882893045,47.9281788097044,1064.7315384430728,2052.62469005862
vid_000152_frame0000011.jpg,53.63431712962963,75.93945023148149,45.45970262854075,47.755303023092466,1048.1340266191648,2114.4628140913014
vid_000152_frame0000012.jpg,55.29688657407407,78.33684606481482,44.212373566883855,47.0116344569294,1041.3422415082935,2147.4032449972938
vid_000152_frame0000013.jpg,56.14693865740741,80.02481481481482,43.28972445652317,45.90238028871063,994.8355116142284,2079.0363481730315
vid_000152_frame0000014.jpg,54.45957175925926,79.09222800925926,41.72055983855605,44.42567627784982,927.872875313431,1981.7953111614465
vid_000152_frame0000015.jpg,54.761383101851855,79.33729166666667,40.9668486195669,44.27401807450084,877.1573134752228,1972.3956802975165
vid_000152_frame0000016.jpg,54.668512731481485,79.31405671296297,40.557693466131205,44.18567407146305,943.4154950808846,1971.7439070882835
vid_000152_frame0000017.jpg,54.657094907407405,79.83258680555555,40.582821230915386,43.93870466867697,970.8893561728395,1973.9342777958623
vid_000152_frame0000018.jpg,53.76032407407408,78.83700231481481,40.73181893764444,44.284739254383084,995.4898397215455,1974.9483827031559
vid_000152_frame0000019.jpg,52.98751157407408,78.62825810185186,40.90214631539383,44.49467934117656,966.6852064845626,1997.6252103584945
vid_000152_frame0000020.jpg,52.10370949074074,76.99078703703704,41.22568744950317,44.885909081835415,1001.1308521264347,2027.7984504543892
vid_000152_frame0000021.jpg,51.469039351851855,76.43778356481481,41.3380099533254,45.024502017156955,992.6350767304514,1998.8336393804855
vid_000152_frame0000022.jpg,51.03755208333333,75.80116319444444,41.4132019373309,45.04587779459812,1013.4576476993514,2042.2636708610628
vid_000152_frame0000023.jpg,50.47429976851852,75.26580439814815,41.504166169259555,45.06292888647475,1004.9148823044932,2009.2236134386521
vid_000152_frame0000024.jpg,49.47870949074074,74.1589236111111,41.64804790066922,45.27723254868072,1006.950030787037,1992.219930426419
vid_000152_frame0000025.jpg,48.61910300925926,73.05060763888889,41.76322539063214,45.58879235772104,890.408984841044,1919.9788208803532
vid_000152_frame0000026.jpg,46.598628472222224,71.06932291666666,40.75479131930407,42.83068507950254,772.7980012854723,1662.5641205277725
vid_000152_frame0000027.jpg,48.58255208333333,74.328125,35.1677848685547,35.76564531656462,627.0638831981686,1295.0411857823417
vid_000152_frame0000028.jpg,49.50372685185185,77.57222800925926,26.40161655052481,28.987203486798254,504.4596835896977,989.1785468684361
vid_000152_frame0000029.jpg,48.75592592592593,78.02678819444445,17.339960660760887,23.139890475869393,402.99025186457794,791.8732757710692
vid_000153_frame0000001.jpg,55.29982060185185,85.86386574074074,30.885626975528925,33.64603462080185,472.75934316376106,871.79860563218
vid_000153_frame0000002.jpg,55.320341435185185,86.07549768518518,30.245670077686107,32.85508700687249,445.79466359833145,812.3397429783951
vid_000153_frame0000003.jpg,48.907546296296296,81.31159143518518,18.24867082926572,25.22095826904681,376.0413925635235,757.3401633953498
vid_000153_frame0000004.jpg,48.16167824074074,81.188125,17.503546438486364,24.61452075772598,384.8303960342386,768.4194145189994
vid_000153_frame0000005.jpg,47.87315972222222,80.25235532407407,17.40372058634696,24.95532310512433,382.2203660766769,755.3828483891406
vid_000153_frame0000006.jpg,47.95146412037037,79.3831886574074,17.350731107444236,25.20951996323826,399.82824847524296,818.1154928464452
vid_000153_frame0000007.jpg,47.88576388888889,80.03660300925925,17.499793150094757,25.04586527544295,393.16928192515434,796.9176837082853
vid_000153_frame0000008.jpg,47.60603009259259,79.40912615740741,18.0836894032794,26.784399071313867,407.74338361612115,845.3066262972274
vid_000153_frame0000009.jpg,47.50239583333333,79.61339699074074,18.555552386080432,26.582750122691483,383.27323246979887,816.6572602679386
vid_000153_frame0000010.jpg,46.59004629629629,78.58880208333333,18.672118635808538,26.374678483650214,403.29085244006666,836.5345518497085
vid_000153_frame0000011.jpg,47.4903587962963,79.4166261574074,21.060421226375706,28.29832752070408,395.40062352309997,789.7633870622212
vid_000153_frame0000012.jpg,46.83015625,78.89880208333334,19.20812759828681,26.286851706491397,392.8399590855143,762.8370452319905
vid_000153_frame0000013.jpg,48.09996527777778,81.76968171296296,17.419576311945224,24.210576555383057,393.9755020414042,784.5154896342378
vid_000154_frame0000001.jpg,47.769930555555554,77.83994791666667,18.210896933561703,24.330020993107777,391.75624043196484,768.8844126877773
vid_000154_frame0000002.jpg,47.91594328703704,79.31456018518519,18.155970359649945,25.07026765729506,383.15712437705633,770.7415783942245
vid_000154_frame0000003.jpg,47.68302662037037,78.4296875,18.77055160984134,25.055541971132026,401.14352050751114,798.3592778580195
vid_000154_frame0000004.jpg,47.63729166666667,79.18555555555555,16.970029902364722,23.814290705813338,405.2851463862834,838.7862874323506
vid_000154_frame0000005.jpg,49.11889467592592,81.04791087962963,17.011632442584457,23.292803881230462,389.0205710270048,777.8655590747973
vid_000154_frame0000006.jpg,49.36857638888889,81.40330439814815,17.654807236987416,24.379304263031614,406.56506460851773,857.588514829249
vid_000154_frame0000007.jpg,50.32756365740741,82.40234375,18.063392089065356,24.771477312765096,403.13349967836405,835.1311869252818
vid_000154_frame0000008.jpg,50.627037037037034,82.25835648148148,19.140925541172304,25.477917536978353,412.3163839985412,850.9773567708334
vid_000154_frame0000009.jpg,49.97113425925926,82.98821759259259,19.215457828185862,26.361645953517,395.24819671585647,780.8533609154972
vid_000154_frame0000011.jpg,49.79928240740741,80.73768518518519,20.0397253493568,26.62290178157261,404.92109299014993,857.031673713456
vid_000155_frame0000001.jpg,83.47158950617283,99.89649691358025,76.30344622496943,67.0081982966484,3294.702155799361,1991.575600957302
vid_000155_frame0000002.jpg,83.67597993827161,99.42246913580247,76.2146664959312,67.33612359970117,3283.590539973363,1973.0901349874614
vid_000155_frame0000003.jpg,83.83426697530864,99.77014660493828,76.30713045033555,67.53430117819133,3310.520536253763,1990.5940044114845
vid_000155_frame0000004.jpg,83.87030092592593,99.4679012345679,76.37700922213494,67.48119482385032,3301.6079187661944,2007.607938157055
vid_000155_frame0000005.jpg,84.48992283950618,100.12733024691359,76.37100643411398,67.67917137218441,3271.3463029272757,2006.7053466434588
vid_000155_frame0000006.jpg,84.51489197530864,100.10560185185186,76.37092987167067,67.65278916792346,3309.335088476414,2063.929763444442
vid_000155_frame0000007.jpg,84.60288580246913,100.06224537037038,76.47704025468421,67.63060141258133,3341.466644592812,2085.173775565606
vid_000155_frame0000008.jpg,84.28967592592592,99.73225308641975,76.50017666133827,67.36832224758508,3337.828877569873,2058.7795477722884
vid_000155_frame0000009.jpg,84.21555555555555,99.81702160493828,76.36863358929696,67.66628562485874,3281.8781559782715,1995.9314774688978
vid_000155_frame0000010.jpg,83.83038580246914,99.47975308641975,76.36011162701809,67.3693680433201,3264.9823507277856,2031.4713486882713
vid_000155_frame0000011.jpg,83.95416666666667,99.56021604938272,76.39569978475132,67.58822915054373,3227.595325711591,1982.1248657512194
vid_000155_frame0000012.jpg,83.94861882716049,99.40850308641976,76.4618536808284,67.5283745248553,3313.123388468793,2002.4198668028882
vid_000155_frame0000013.jpg,84.39302469135802,99.86766975308642,76.48899243479906,67.85981456760838,3289.4477277756346,2055.787776816606
vid_000155_frame0000014.jpg,84.40871141975309,100.28097222222222,76.58123017125844,67.66495269435174,3293.0157125742435,2084.263508759085
vid_000155_frame0000015.jpg,84.68134259259259,100.34125771604938,76.49922395749306,67.77772462401106,3153.7563218676173,2021.4588387324247
vid_000155_frame0000016.jpg,84.08974537037037,99.80842592592593,76.34279574880532,67.42669004819697,3191.54259922262,1985.1623977308504
vid_000155_frame0000017.jpg,83.67124228395062,99.78422067901235,76.19298119164462,67.1492390042697,3218.834568914799,1895.7474028391607
vid_000155_frame0000018.jpg,83.20928240740741,99.39802469135803,76.16266981536832,66.79107340684754,3178.4481365478177,1855.0277011164458
vid_000155_frame0000019.jpg,83.29170524691358,99.42916666666666,76.13684596772525,67.06196874825534,3193.4679420266893,1866.113551983072
vid_000155_frame0000020.jpg,83.23475308641976,99.47449074074073,76.27547752217177,67.23734274769876,3253.2177534673992,1927.9228196835468
vid_000155_frame0000021.jpg,83.67885030864197,99.50422839506173,76.38608087913184,67.41040004769154,3217.428615980736,1966.0075302854343
vid_000155_frame0000022.jpg,83.5269675925926,99.39898148148148,76.37076177589451,67.42180138079786,3277.8039651882336,2008.86777956009
vid_000155_frame0000023.jpg,83.81318672839507,99.62761574074074,76.30391900845243,67.53048085014903,3303.1773023761984,2004.2159960560032
vid_000155_frame0000024.jpg,83.68815586419753,99.38338734567901,76.21049451298671,67.23682724910427,3298.1707516172746,1995.2652836912723
vid_000155_frame0000025.jpg,83.60834104938272,99.31064814814815,76.20140562356538,67.39927173984438,3249.7389909974063,1947.2511583404182
vid_000155_frame0000026.jpg,83.35878858024691,99.41968364197531,76.14157063306965,67.24336088591386,3264.5843001197895,1947.287889659958
vid_000155_frame0000027.jpg,83.58262345679012,99.53378086419752,76.09964092747293,67.37659937102667,3257.9840389515216,1945.2932862366158
vid_000155_frame0000028.jpg,83.4925848765432,99.50069444444445,76.20911344972937,66.91504298670672,3308.724085789549,1991.0050781426232
vid_000155_frame0000029.jpg,83.88744598765432,99.61101080246914,76.27743774579375,67.52201223659051,3235.309219889308,2047.347202695795
vid_000155_frame0000030.jpg,83.94911265432098,99.82858024691357,76.48976043984396,67.62291699050914,3362.327615237709,2165.371877228128
vid_000155_frame0000031.jpg,84.20347222222222,99.65760802469136,76.51063431882916,67.50646029318595,3284.7198149190644,2076.3936374370687
vid_000155_frame0000032.jpg,83.96021604938272,99.39539351851852,76.54656952552584,67.6606953127152,3352.1459466634637,2051.12892241941
vid_000155_frame0000033.jpg,84.33220679012345,99.64184413580247,76.50503580056758,67.6694136278346,3373.495439506173,2043.9213688914012
vid_000155_frame0000034.jpg,84.51808641975309,99.83285493827161,76.48054479096886,67.38390961862707,3385.0798508144717,2074.822866430839
vid_000155_frame0000035.jpg,85.43881944444445,100.85135802469136,76.22686974105567,67.37258530917593,3278.600142885993,2037.4907141198346
vid_000155_frame0000044.jpg,82.23315586419753,103.49114197530864,70.82622054316755,69.7515599979863,3043.3468147538492,3229.3093391915772
vid_000155_frame0000045.jpg,85.58145061728395,105.26608796296296,72.3066588791522,69.90987203534588,3164.0592270399306,3297.460232600785
vid_000155_frame0000046.jpg,85.92308641975309,105.4619212962963,71.86135825052165,69.27008834640316,3184.999736652604,3377.7250817558297
vid_000155_frame0000047.jpg,86.13638888888889,105.78168981481481,71.90317355448778,69.39768861279781,3210.023828472163,3456.6179104494713
vid_000155_frame0000048.jpg,86.36293981481481,106.09432098765433,71.96440271214313,69.44658935688905,3229.944867289607,3397.763583843926
vid_000155_frame0000049.jpg,86.48202932098765,106.21948302469136,71.9923140909209,69.56244218467103,3219.0080700183257,3356.5560424287455
vid_000155_frame0000050.jpg,86.6236574074074,106.36113425925926,72.06655115423067,69.65547174546897,3257.7867007199266,3395.254795950443
vid_000155_frame0000051.jpg,87.35135802469136,107.42917438271606,71.77539730750082,69.23786718444218,3097.288227008078,3288.352874202139
vid_000155_frame0000052.jpg,88.37126543209877,108.31344907407407,71.49566216404477,69.09631137078398,3115.026847096241,3304.881467076046
vid_000155_frame0000053.jpg,94.27001543209876,113.30387345679013,72.67211206873394,69.72411733012808,2635.796662739817,2760.2136785084213
vid_000155_frame0000054.jpg,92.09389660493827,111.07609567901234,72.66843654255052,69.48924363563452,2897.6480333502423,3018.6879636335925
vid_000155_frame0000055.jpg,86.20208333333333,104.77929783950617,72.00362545728552,68.86197123393303,3153.828690837667,2795.312263337275
vid_000155_frame0000056.jpg,67.7285262345679,92.13831790123457,61.66362741124788,62.91395901172146,2404.582695408415,1532.3041837896283
vid_000155_frame0000057.jpg,62.438912037037035,86.16047067901235,52.36546094270787,55.963691912102995,2598.995738911691,1776.1239666018305
vid_000155_frame0000058.jpg,87.76278549382717,108.7565200617284,63.04192842926468,63.37784717291008,2719.828319608708,3248.175643289657
vid_000155_frame0000059.jpg,93.05653549382716,112.61135802469136,64.37463117264814,64.11489523307638,2674.7534161856042,3225.715975862995
vid_000155_frame0000060.jpg,92.38019290123457,112.79648919753086,63.55353494233418,62.604009715251884,2719.7766272252707,3215.1799988420566
vid_000156_frame0000001.jpg,138.86170524691357,149.10376543209875,51.26195406679747,47.08847010347351,1514.8196856136162,1197.5306779825867
vid_000156_frame0000002.jpg,139.0731172839506,149.28282407407409,51.21395639655965,47.117043108453494,1476.3151958902513,1163.4704040123459
vid_000156_frame0000003.jpg,139.3429552469136,149.77560956790123,51.38499892695636,47.46507061255646,1517.4798638231,1179.8689607443605
vid_000156_frame0000004.jpg,139.55514660493827,149.49787808641975,51.58278255159898,47.421791968694876,1557.2742234794143,1188.8264116081293
vid_000156_frame0000005.jpg,139.91881172839507,149.6064274691358,51.687651781989075,47.59073692532033,1564.3632634244373,1190.01157458556
vid_000156_frame0000006.jpg,138.46059413580247,149.26833333333335,51.444198520099405,47.41013448789714,1523.0537172638863,1179.8915388445334
vid_000156_frame0000007.jpg,138.86435956790123,149.16010030864197,51.53129656874447,47.48873315684248,1516.4260710617186,1179.0766708559574
vid_000156_frame0000008.jpg,138.7257561728395,149.002762345679,51.59926359247996,47.661059872519786,1497.4108940319693,1200.8423328151196
vid_000156_frame0000009.jpg,138.72560956790124,149.43207561728394,51.55983993526388,47.246216948109854,1469.865699702551,1178.409289729021
vid_000156_frame0000010.jpg,138.63158179012345,149.41821759259258,51.5974069935179,47.50008245511556,1497.2077662107888,1179.4201762683258
vid_000156_frame0000011.jpg,138.3653163580247,149.52551697530865,51.48753767896179,47.46105905541667,1501.5250052581068,1175.9459549608957
vid_000156_frame0000012.jpg,137.6620601851852,148.52345679012345,51.396524676694405,47.54536857818843,1516.6561674439274,1200.8497365204903
vid_000156_frame0000013.jpg,137.43285493827162,148.45195216049382,51.16914170208779,47.44875767589038,1535.266412173973,1180.1818073058957
vid_000156_frame0000014.jpg,136.62645061728395,148.11920524691357,50.9059220438082,47.21122530435678,1577.840065969305,1207.088930388315
vid_000156_frame0000015.jpg,136.23177469135803,147.49186728395063,50.65332822354396,47.053734831963204,1566.1486718097467,1218.1191558427047
vid_000156_frame0000016.jpg,135.6600771604938,147.1858564814815,50.57816596335091,46.89940840025829,1586.9641960731499,1216.786685474537
vid_000156_frame0000017.jpg,135.56689814814814,147.0971836419753,50.69972088165062,47.01960854523504,1508.9911176982712,1208.0105369396338
vid_000156_frame0000018.jpg,135.30404320987654,147.09648919753087,50.58098242457505,46.851827638912496,1548.6238724698976,1218.8995301316493
vid_000156_frame0000019.jpg,135.25354166666668,147.04882716049383,50.5828087313677,46.978410380028016,1532.4088518325618,1209.0214877114174
vid_000156_frame0000020.jpg,135.3126774691358,147.09760030864197,50.628570775679115,46.990400455648626,1554.5518695642338,1234.135069547087
vid_000156_frame0000021.jpg,135.5113348765432,147.61425925925926,50.37113273985292,46.76550396914739,1535.8305996412867,1194.1619450869125
vid_000156_frame0000022.jpg,135.485887345679,147.12145833333332,50.42699528330162,46.82620786742862,1559.346608213068,1204.1778972321647
vid_000156_frame0000023.jpg,135.7432175925926,147.4325540123457,50.40102753599509,47.03008940097223,1511.114751142166,1187.9151123456195
vid_000156_frame0000024.jpg,135.76059413580248,147.74381172839506,50.46127326926704,47.22853650897272,1551.592975678667,1222.1723271519206
vid_000156_frame0000025.jpg,136.8336111111111,148.11324845679013,50.74417667055228,47.322404422016234,1553.0279458146981,1218.5585749418915
vid_000156_frame0000026.jpg,137.88288580246913,148.85212962962962,51.13211316998056,47.47055180503545,1515.3520389336609,1195.645668289657
vid_000156_frame0000027.jpg,139.60443672839506,149.8444598765432,51.5086952123225,47.53964481225047,1496.9386514988546,1196.9648523399992
vid_000156_frame0000028.jpg,139.1190586419753,149.74657407407406,51.418591785584816,47.57382895275505,1545.086752078511,1212.432206712963
vid_000156_frame0000029.jpg,139.89476080246914,149.57276234567902,51.50099286189234,47.483014494844305,1513.474105723213,1198.9883464548445
vid_000156_frame0000030.jpg,140.07965277777777,150.22707561728396,51.654802904967525,47.58413944893964,1533.0860678819445,1195.6563500013694
vid_000156_frame0000031.jpg,138.83699074074073,149.20402777777778,51.459512901939256,47.437091635020714,1551.4508241511749,1180.202574207438
vid_000156_frame0000032.jpg,138.3978086419753,148.88510802469136,51.50493208566115,47.55929723553234,1564.4966212217555,1192.9813930781797
vid_000157_frame0000001.jpg,137.990362654321,152.6198688271605,39.04159294460758,38.47378555164739,1135.1357067434462,1192.1903939278977
vid_000157_frame0000002.jpg,138.28873456790123,152.95263117283952,38.94299386588283,38.6285030976426,1059.6863140717282,1086.9038406635802
vid_000157_frame0000003.jpg,138.12595679012347,152.80395833333333,38.864120870796256,38.38450873159855,1114.0830262152776,1113.7817925639552
vid_000157_frame0000004.jpg,137.97265432098766,152.70598765432098,38.987711055215215,38.33773353907907,1156.0358265410664,1187.392983693356
vid_000157_frame0000005.jpg,138.13483024691357,152.8639814814815,38.82312494739521,38.18739796268071,1076.2073402584879,1084.894750072338
vid_000157_frame0000006.jpg,138.03976080246915,152.54635802469136,39.07353487223699,38.466438141309965,1102.1908394011487,1161.7509947928575
vid_000157_frame0000007.jpg,138.13931327160495,153.0041512345679,39.11606697007531,38.59376986345626,1088.5797688957475,1110.3953578360174
vid_000157_frame0000008.jpg,137.98449074074074,152.25145061728395,39.361772207495044,38.71610282900488,1129.2374549525011,1174.800614468962
vid_000157_frame0000009.jpg,138.13641203703705,152.9788425925926,39.441617012473266,39.01522039838404,1050.1055221121376,1082.072532920858
vid_000157_frame0000010.jpg,137.88023919753087,152.2437885802469,39.70809152238611,38.94054966455307,1131.317711796982,1199.3179790737286
vid_000157_frame0000011.jpg,137.74694444444444,152.2280324074074,39.60456650683661,39.00053477378131,1101.5902090418285,1109.567624763696
vid_000157_frame0000012.jpg,137.30594907407408,152.0846450617284,39.643019504986185,38.7576405692797,1146.071929371892,1156.7180363511063
vid_000157_frame0000013.jpg,137.1885725308642,152.0077700617284,39.46664716238396,38.75409946212101,1125.6567849660278,1108.1654020916687
vid_000157_frame0000014.jpg,136.88459104938272,151.50587191358025,39.45452598357927,38.73107159476298,1175.358556802924,1191.8814253141193
vid_000157_frame0000015.jpg,137.08168209876544,151.5354938271605,39.30847567807109,38.740422425348,1116.1352910874268,1119.192287665514
vid_000157_frame0000016.jpg,136.90403549382717,151.5387037037037,39.25404432743802,38.756477541258,1150.4226903191563,1202.9745623740187
vid_000157_frame0000017.jpg,137.07043981481482,151.48649691358025,39.18802766149275,39.10221651243284,1107.6547441671787,1122.9026902762894
vid_000157_frame0000018.jpg,136.56269290123456,151.07438271604937,39.377164316392,38.770382229212125,1165.5662612263159,1239.4439963048103
vid_000157_frame0000019.jpg,138.59480709876544,153.49164351851852,38.38916617374306,38.35200842901956,1014.5741948216735,1098.3461988394968
vid_000157_frame0000020.jpg,145.0311651234568,157.10903549382715,36.49762899495799,37.69941077365585,923.4030684084338,1132.405366140773
vid_000157_frame0000021.jpg,152.98283950617284,162.53864969135802,34.94518964881326,37.4164852346191,802.0230205760721,1155.5615707232487
vid_000157_frame0000022.jpg,160.14433641975307,166.1099151234568,34.51245772160521,38.050044335224484,706.2614618097828,1119.294768001972
vid_000157_frame0000023.jpg,169.29573302469134,172.04480709876543,35.04587628745905,39.157133867993956,715.9092875171468,1133.3514399190647
vid_000157_frame0000024.jpg,182.80895061728395,183.29921296296297,32.85007042118135,37.28249422884395,798.1971998054315,1123.2591652177641
vid_000157_frame0000025.jpg,169.84296296296296,174.72800925925927,32.51206423545696,34.07498158183484,893.2362100801612,1115.9735934570165
vid_000157_frame0000026.jpg,138.7355787037037,149.7838811728395,29.67706714624537,30.26145657552359,1235.3264584359756,1360.4617090611187
vid_000157_frame0000027.jpg,132.37702932098765,146.0985648148148,31.184232054507728,30.8592782400334,1369.545364903347,1339.5471129398625
vid_000157_frame0000028.jpg,129.67324845679013,143.4766512345679,32.81629681764948,31.777067948880138,1451.4464375771606,1341.6920203758477
vid_000157_frame0000029.jpg,129.4639737654321,144.39304012345679,33.3619046294645,32.14323044263774,1398.618539029814,1223.3772833781054
vid_000157_frame0000030.jpg,128.55528549382717,143.2369675925926,33.47046075118907,31.777098318331404,1475.9654044681047,1290.6561337447963
vid_000157_frame0000031.jpg,130.75149691358024,144.7373225308642,33.57401082692033,32.11364425212665,1448.6763767832051,1261.8158698216735
vid_000157_frame0000032.jpg,129.85487654320988,143.5270910493827,33.54709704350716,32.09875229336948,1460.7739344563875,1290.8345308207947
vid_000157_frame0000033.jpg,129.61913580246915,143.4749614197531,33.48458192084316,32.27979205201532,1465.6248156587578,1275.8404219387646
vid_000158_frame0000001.jpg,130.46408950617283,143.8126774691358,34.449866606445156,36.45768109161734,1374.5612493436,1147.5452358919538
vid_000158_frame0000002.jpg,130.83695216049384,146.1451774691358,34.4295410899026,37.0097381960743,1327.6722460409999,1083.4471680267395
vid_000158_frame0000003.jpg,130.45092592592593,145.25132716049382,34.40508121397466,37.05654419093135,1334.395149653254,1109.738683739081
vid_000158_frame0000004.jpg,130.39960648148147,144.0521527777778,34.51406670867791,36.462405857132346,1332.1863886135877,1096.8323437256495
vid_000158_frame0000005.jpg,130.92733024691358,145.62451388888888,34.55290580188445,36.9131585072699,1338.0759104935887,1072.5532895718425
vid_000158_frame0000006.jpg,130.62547067901235,145.16729938271604,34.48676339845913,36.86181262570176,1340.2973901310775,1077.1627549377358
vid_000158_frame0000007.jpg,131.34592592592594,145.30002314814814,34.56701996418537,36.85249974769398,1361.259961029128,1121.8728142355753
vid_000158_frame0000008.jpg,131.0820061728395,144.2327237654321,34.539240570475016,36.97212014954926,1348.9345438719324,1185.8512252036178
vid_000158_frame0000009.jpg,131.64787037037038,146.2228472222222,34.568297513698035,36.870175866634206,1365.154519317749,1125.188983409958
vid_000158_frame0000010.jpg,131.29761574074075,145.35246913580247,34.53537702009703,36.81340096781264,1389.5634836912723,1187.8725960752934
vid_000158_frame0000011.jpg,132.39580246913582,145.7894984567901,34.651647934881204,36.69466989452565,1372.7803437065973,1144.9890648004662
vid_000158_frame0000012.jpg,132.72046296296296,145.90956790123457,34.84543726133758,36.70650488738826,1384.814444044115,1156.3326652177639
vid_000158_frame0000013.jpg,133.48716820987653,146.70368055555556,35.05178187347479,36.747997493562075,1405.779049060678,1147.1302799687548
vid_000158_frame0000014.jpg,133.52067901234568,146.328125,35.168075338234424,36.934312884411895,1399.9521332899308,1180.7081652546774
vid_000158_frame0000015.jpg,134.4585339506173,147.45833333333334,35.3496067915873,37.100259245874696,1400.5760565838264,1126.0214288965453
vid_000158_frame0000016.jpg,134.44078703703704,147.78639660493826,35.54610503741851,37.4315376924555,1396.8316704503293,1159.4120521604937
vid_000158_frame0000017.jpg,135.12780092592592,148.5700848765432,35.740623201919746,37.65868272266538,1404.228355297818,1140.839687310433
vid_000158_frame0000018.jpg,134.9557638888889,147.6285648148148,35.95891532020926,37.616810647775736,1422.2657130900752,1191.3950780118787
vid_000158_frame0000019.jpg,135.69270061728395,148.96735339506174,36.11410900961726,37.53782895172632,1403.5896985810448,1158.1546602499618
vid_000158_frame0000020.jpg,135.56765432098766,148.09153549382717,36.31161502681773,37.40839089317172,1469.0904088600607,1226.8538967190118
vid_000158_frame0000021.jpg,135.8645910493827,148.5379089506173,36.32387626543947,37.498882056723446,1441.1655629714764,1191.7107783907156
vid_000158_frame0000022.jpg,135.78906635802468,148.16235339506173,36.51491965357893,37.29037447815175,1463.965701645555,1206.129235454711
vid_000158_frame0000023.jpg,136.09386574074074,148.31209104938273,36.551434367835306,37.08694196479877,1471.7652467399691,1190.8983096478598
vid_000158_frame0000024.jpg,136.1372685185185,148.4029938271605,36.62891596149574,37.23347450551786,1452.508432681696,1222.944279706254
vid_000158_frame0000025.jpg,136.28010802469134,148.7791975308642,36.60872900681617,37.432616158137584,1462.859050608651,1184.699408845593
vid_000158_frame0000026.jpg,136.34261574074074,149.20619598765433,36.58970920492687,37.35824181718761,1410.2899535169943,1165.3377367921596
vid_000158_frame0000027.jpg,136.70105709876543,149.0472299382716,36.589421270123175,37.53216603029358,1391.299134567901,1159.5621069696288
vid_000158_frame0000028.jpg,136.57571759259258,148.65136574074074,36.647725429988846,37.41833336408589,1399.9425057222006,1183.7054235677085
vid_000158_frame0000029.jpg,137.1682638888889,149.3345061728395,36.67100307579114,37.83009862256735,1401.9766271856781,1178.7915484724485
vid_000158_frame0000030.jpg,136.85801697530863,149.1062114197531,36.602050426858995,37.53411750461657,1455.599760467571,1222.8501954711078
vid_000158_frame0000031.jpg,137.14222222222222,149.5201774691358,36.50013260588122,37.434099423652,1419.1757170552673,1192.1033930460294
vid_000158_frame0000032.jpg,137.1178549382716,149.00047067901235,36.558402232506985,37.1706112932551,1444.1987257015294,1220.2756943184631
vid_000158_frame0000033.jpg,137.3451851851852,149.5332098765432,36.55035759603188,37.07512134049924,1422.6597447630297,1208.5979776482243
vid_000158_frame0000034.jpg,137.35638117283952,149.3022839506173,36.65482687872128,37.214851438949424,1412.2974434855944,1196.7586798481914
vid_000158_frame0000035.jpg,137.8535262345679,150.18476851851852,36.66484344041461,37.380800216048016,1416.2385486882715,1197.465511930346
vid_000158_frame0000036.jpg,137.89126543209878,150.41885802469136,36.77461820437697,37.467289716443226,1399.2882550716354,1154.4498370326908
vid_000158_frame0000037.jpg,137.70574074074074,149.64263888888888,36.670214277967396,37.3341219304836,1407.042561179698,1215.4883212770062
vid_000158_frame0000038.jpg,137.5495601851852,149.71233796296298,36.629856067372685,37.45150822256749,1383.9378469706767,1198.2481214218012
vid_000158_frame0000039.jpg,137.75510802469137,149.62402777777777,36.72349863499532,37.285153722332886,1406.0570670438958,1192.7896594247734
vid_000158_frame0000040.jpg,137.4956712962963,149.51104166666667,36.57772098723961,37.19861235043112,1411.641442869739,1192.7321648148147
vid_000158_frame0000041.jpg,137.470262345679,149.57824845679013,36.51361189099534,37.22971944421633,1396.3035782312147,1189.2864318413256
vid_000158_frame0000042.jpg,137.50326388888888,149.62793209876543,36.43854570099937,37.158241123310795,1405.6464026406036,1194.0153752550584
vid_000158_frame0000043.jpg,137.45553240740742,149.26756172839507,36.37953524114353,36.951198842617856,1414.3676851735158,1205.32402631024
vid_000158_frame0000044.jpg,137.57753086419754,150.0656635802469,36.27967229291282,36.938841388287265,1377.743364178241,1168.824181351928
vid_000158_frame0000045.jpg,137.68500771604937,150.12827160493828,36.20811309974282,36.8616507132948,1415.025423481975,1179.9442203441145
vid_000158_frame0000046.jpg,137.7116512345679,150.25047067901235,36.24574074665083,37.26902886976994,1398.3556630979938,1172.5558744770233
vid_000158_frame0000047.jpg,137.74206018518518,149.9509413580247,36.11167460350208,36.95054983857621,1358.7621987906166,1162.3918671548138
vid_000158_frame0000048.jpg,137.72971450617283,150.21586419753086,36.149148681282334,37.09663005301424,1347.5369272097905,1167.8404628941375
vid_000158_frame0000049.jpg,137.9283487654321,150.4958410493827,36.196188523537245,37.00191183731876,1367.6482793204518,1173.6566556183677
vid_000158_frame0000050.jpg,137.8235185185185,150.1934336419753,36.09361237513771,36.82926886113686,1372.815751096441,1200.0414728937446
vid_000158_frame0000051.jpg,137.8087422839506,150.64552469135802,36.046189963963606,36.80739297345679,1358.4425504386122,1167.7640816352666
vid_000158_frame0000052.jpg,137.78220679012347,150.66944444444445,36.03537598375478,37.20382557406804,1372.7830321239499,1195.8572658929186
vid_000158_frame0000053.jpg,137.80027777777778,150.13881172839507,36.01634556796383,37.13793844634891,1380.446126394366,1193.6543713676817
vid_000158_frame0000054.jpg,137.94635802469136,150.4948611111111,36.01710189217511,37.32356607698321,1346.7673516946134,1183.8853131810483
vid_000158_frame0000055.jpg,138.01599537037038,150.2959799382716,36.012498242165236,37.20921741158114,1385.0340739588094,1187.1180976392222
vid_000158_frame0000056.jpg,138.09359567901234,150.86381172839506,36.067203079765115,37.099238607063256,1364.003740290102,1149.949862897174
vid_000158_frame0000057.jpg,138.1553163580247,149.9962037037037,35.9491408829751,36.87748067950341,1332.9754781792387,1183.9271218920871
vid_000158_frame0000058.jpg,138.1804398148148,150.17591049382716,35.93468326749184,37.28700866756014,1325.2543441095463,1170.152885783179
vid_000158_frame0000059.jpg,138.40043209876544,150.40381944444445,36.009365548711045,37.04990660646322,1343.3952005829904,1142.2697041645235
vid_000158_frame0000060.jpg,138.26190586419753,150.3440740740741,35.898862899523614,37.25516546429891,1343.742661964104,1173.8507597707453
vid_000158_frame0000061.jpg,138.21560185185186,150.5222222222222,35.87303911846004,37.260079007623176,1327.908433551419,1163.9996601908413
vid_000158_frame0000062.jpg,138.09146604938272,150.26057870370371,35.86333990851813,37.202025096357865,1345.9575925687775,1198.2384430727025
vid_000158_frame0000063.jpg,137.99604166666666,149.87528549382716,35.84726160932175,37.09712968908097,1346.6504933868218,1187.0312879486146
vid_000158_frame0000064.jpg,138.13659722222224,149.96344135802468,35.81145357200154,37.08002760808457,1313.7200076345428,1152.7090416366002
vid_000158_frame0000065.jpg,138.24331018518518,150.4012422839506,35.73872595908361,36.86979844041702,1336.0472264226464,1129.6643839276956
vid_000158_frame0000066.jpg,138.3742824074074,150.30739969135803,35.79064896186718,36.683261869923825,1324.542746341783,1112.3196068206066
vid_000158_frame0000067.jpg,138.5199074074074,150.3391512345679,35.65323784913832,36.62204723556619,1341.7212422338796,1119.7247142698686
vid_000158_frame0000068.jpg,138.62773919753087,150.55537037037038,35.594024250245205,36.788867984471544,1306.4620359358328,1107.507226303155
vid_000158_frame0000069.jpg,138.8377237654321,150.5612037037037,35.50193615052621,36.63828936964461,1330.3206403591655,1114.702317896412
vid_000158_frame0000070.jpg,138.9925,150.49253086419753,35.2398309373178,36.20821077525571,1320.7179084790214,1103.1388111089677
vid_000158_frame0000071.jpg,138.75618827160494,149.90412037037038,35.035315520469844,36.12389224664529,1334.0735007523149,1090.2832324645037
vid_000158_frame0000072.jpg,139.25334104938273,151.03797839506174,34.80980299672382,36.04174952573857,1297.0758096921556,1028.674980862054
vid_000158_frame0000073.jpg,139.17742283950616,150.5118287037037,34.72453173866215,35.37167794751204,1322.0174996739731,1036.017714548087
vid_000158_frame0000074.jpg,139.63840277777777,151.98441358024692,34.51944427337596,35.06041814701825,1258.2086250943073,981.4207056639137
vid_000158_frame0000075.jpg,139.3936651234568,151.12050925925925,34.42669419419971,34.937225438571865,1310.1405783507064,1008.1648648062416
vid_000158_frame0000076.jpg,139.69604938271604,152.69925154320987,34.431337423026456,35.145333041884776,1257.872290449186,937.5930950500592
vid_000158_frame0000077.jpg,139.44220679012346,151.64945216049384,34.49277423982749,35.273169784473815,1296.6635183182348,996.99658152286
vid_000158_frame0000078.jpg,140.08791666666667,152.2780324074074,34.50162103427976,35.26751213917143,1251.5608058769978,963.979549264594
vid_000158_frame0000079.jpg,140.39020833333333,152.35875,34.55012615599065,35.23430614190802,1266.72097903753,967.8128119103415
vid_000158_frame0000080.jpg,140.8191512345679,151.9801774691358,34.50101260665454,34.75573805497852,1270.0786795647932,946.7135478202159
vid_000158_frame0000081.jpg,140.5532098765432,151.2917901234568,34.58569504036441,34.847306215820495,1270.9797682746532,966.6154590611188
vid_000158_frame0000082.jpg,140.63841049382717,152.56412037037038,34.57339384079904,34.89770447274423,1254.9684325569058,916.2831967983159
vid_000158_frame0000083.jpg,140.42967592592592,151.59090277777779,34.507995927316145,34.44574875155659,1260.7546128219783,933.6751888454862
vid_000158_frame0000084.jpg,140.53904320987655,152.46467592592592,34.48370907656462,34.674733779852126,1217.2571602794926,888.6261938070963
vid_000158_frame0000085.jpg,140.38618827160494,152.02671296296296,34.51592395934119,34.518067097835825,1265.99189021056,923.8894171152812
vid_000158_frame0000086.jpg,140.8039737654321,152.92913580246915,34.42161642210347,34.869562408875964,1217.5332869417773,880.2014034850229
vid_000158_frame0000087.jpg,140.87158179012346,151.69404320987655,34.54295453254464,34.074953262261324,1214.7584301839825,872.8260864811361
vid_000158_frame0000088.jpg,141.3241049382716,152.31284722222222,34.65920084050652,33.71559478731558,1161.6923302002365,824.9272098717206
vid_000158_frame0000089.jpg,141.27752314814813,152.33168209876544,35.21369040167064,34.23635308831575,1177.8358700483325,826.0458413044411
vid_000158_frame0000090.jpg,141.66853395061727,151.3038811728395,35.886993723767276,34.33231853585785,1191.3515352722886,824.8339376494986
vid_000158_frame0000091.jpg,141.75539351851853,151.60824845679014,36.864716679761614,34.85913422708209,1216.522492032405,844.7548918702845
vid_000158_frame0000092.jpg,141.96291666666667,151.49108796296295,37.98034983503734,34.7100825119014,1221.0191039930555,835.3279744320131
vid_000158_frame0000093.jpg,141.58225308641974,149.6927700617284,39.245255589454715,35.204112066205674,1265.5144753026882,856.0969201931275
vid_000158_frame0000094.jpg,141.90951388888888,150.5145524691358,40.471767315121966,36.72756060479281,1216.9105232793686,832.6673084347254
vid_000158_frame0000095.jpg,141.35695987654321,149.52435956790123,41.5635958801214,37.27726807658291,1260.119776234032,846.7635432953722
vid_000158_frame0000096.jpg,141.55574845679013,150.21917438271606,42.30546921430962,37.96626887327569,1211.157344512079,837.120470564641
vid_000158_frame0000097.jpg,139.7920138888889,148.46590277777779,42.378649987963,37.79375655991742,1220.334976568394,855.5824072921429
vid_000158_frame0000098.jpg,140.55904320987653,148.5101311728395,42.55878924120311,37.883284521339604,1144.9598449586094,830.180350617284
vid_000158_frame0000099.jpg,140.61081790123455,149.03935185185185,42.52231952356751,38.72247781136312,1156.2991570001118,826.0328424182076
vid_000158_frame0000100.jpg,139.56185185185186,148.75233796296297,42.484981387358815,38.70297662488664,1201.045015188234,859.9966638888887
vid_000158_frame0000101.jpg,138.74831018518518,147.74173611111112,42.705351669172984,38.74593394133013,1229.6539657576493,874.7492193214997
vid_000158_frame0000102.jpg,138.18122685185185,148.10545524691358,42.59702093247831,38.37852325716526,1228.02912650457,839.4227160064562
vid_000158_frame0000103.jpg,138.04907407407407,147.42593364197532,42.34465070805409,38.18124610719333,1245.5673293016976,872.3375981819058
vid_000158_frame0000104.jpg,137.76880401234567,147.0400848765432,41.91029622405612,37.77286454560271,1222.0895055534122,864.7370742262516
vid_000158_frame0000105.jpg,137.72393518518518,146.91916666666665,41.45992496042647,37.704157758376176,1244.8529218315973,890.4484073130407
vid_000158_frame0000106.jpg,138.5019598765432,147.38050154320987,41.081866991917494,37.84440645258497,1231.6822186776026,863.2256641889575
vid_000158_frame0000107.jpg,140.4672762345679,149.29690586419753,40.69459055894425,37.51949784873707,1220.0329161179698,917.4126695813804
vid_000158_frame0000108.jpg,141.51378086419754,150.6904012345679,40.07935159512081,37.25306409420455,1187.5606625428668,865.4674325500591
vid_000158_frame0000109.jpg,141.96932098765433,150.66125,39.53417669181231,36.95135714332826,1191.0044205089139,868.5692296067078
vid_000158_frame0000110.jpg,141.8648611111111,150.91814043209877,39.05819368139737,36.820938771788995,1204.8876840513547,876.7001447530864
vid_000158_frame0000111.jpg,141.79878086419754,150.82176697530863,38.69772864416478,36.90495383072804,1202.94151836128,876.3244210388566
vid_000158_frame0000112.jpg,141.8345910493827,151.58493827160493,38.279127649993384,36.54270237979687,1208.7809868805728,890.7137408929184
vid_000158_frame0000113.jpg,141.87280092592593,150.9162037037037,37.85117931640266,36.104390397270315,1215.416826921808,887.1853666645234
vid_000158_frame0000114.jpg,141.91019290123458,152.36271604938273,37.35504037163516,36.13047380930402,1184.202852694842,864.1308561456308
vid_000158_frame0000115.jpg,141.9810725308642,152.55315586419752,36.88047412505951,35.73206640422339,1213.9018794000533,867.8977760973937
vid_000158_frame0000116.jpg,141.98907407407407,152.50067901234567,36.3283852951794,35.407044220086206,1198.6148603373629,861.688585362309
vid_000158_frame0000117.jpg,142.36086419753087,152.2772299382716,35.922171648159434,35.30903781296476,1163.2165729728702,869.5681092211554
vid_000158_frame0000118.jpg,142.25581790123456,152.34192901234567,35.58494842085609,34.87428942567257,1139.1164308449077,856.6250673219951
vid_000158_frame0000119.jpg,142.2370138888889,151.6770138888889,35.42762626119472,34.919326682507545,1151.7881619789287,872.1880744164737
vid_000158_frame0000120.jpg,142.1211574074074,152.70756172839506,35.15469358956862,34.95060520121754,1150.9663478551645,869.6983691224067
vid_000158_frame0000121.jpg,142.2429012345679,152.33845679012344,35.026544989886126,34.65330515423212,1144.0154850893896,863.7144140631551
vid_000158_frame0000122.jpg,142.28377314814816,152.98168209876542,34.94157189603556,34.78700296013328,1153.6875726906626,871.8869550882464
vid_000158_frame0000123.jpg,142.3130324074074,152.6915972222222,34.88356200357973,34.99239935652683,1161.70349537037,896.2197578703109
vid_000158_frame0000124.jpg,142.4061959876543,152.94520061728394,34.87308444500576,35.138662583239636,1136.828848307232,882.8021657214507
vid_000159_frame0000001.jpg,116.607762345679,132.28104938271605,57.25045022405589,47.470379739396435,1505.3156068858,891.8274069492074
vid_000159_frame0000002.jpg,116.96638888888889,133.36318672839505,57.22910136576247,47.82811916379314,1424.170580501972,814.8713484567901
vid_000159_frame0000003.jpg,117.09791666666666,132.88376543209876,57.32149462164889,47.645929755240104,1415.208756325017,831.4663684649347
vid_000159_frame0000004.jpg,117.10157407407408,133.01515432098765,57.453234933399656,47.6189198702135,1443.774579470486,859.4398548067535
vid_000159_frame0000005.jpg,117.48845679012345,133.21434413580246,57.55217967438613,47.60563033524647,1409.6047086188746,833.367998590154
vid_000159_frame0000006.jpg,117.28983796296296,133.02877314814816,57.505580903114165,47.811662379085135,1376.3246940405425,842.9471542866942
vid_000159_frame0000007.jpg,117.72653549382716,133.83270833333333,57.406989800601224,47.51086814826654,1428.8302465062845,831.3075110596112
vid_000159_frame0000008.jpg,117.60508487654322,133.08405092592594,57.388374799317965,47.3440847069425,1460.0190767074735,859.5267259896906
vid_000159_frame0000009.jpg,117.90864197530864,133.11087962962964,57.39843138376051,47.91154374061608,1393.368973283834,799.1001653805988
vid_000159_frame0000010.jpg,118.12199074074074,133.55114197530864,57.47283975598559,47.435446960322004,1413.3178094178072,848.8242089248375
vid_000159_frame0000011.jpg,118.22712191358025,133.98177469135803,57.432876391805166,47.72053037938679,1390.4119532062089,820.3868992792994
vid_000159_frame0000012.jpg,117.91712191358025,133.57108796296296,57.41806137144383,47.28266842658691,1428.5649439862443,852.9908707475996
vid_000159_frame0000013.jpg,118.08265432098766,133.6602237654321,57.522401608258164,47.882038933394064,1403.859448101471,844.7116695244031
vid_000159_frame0000014.jpg,118.00967592592593,133.51253086419754,57.607395269268956,47.63843518166492,1448.0747971955493,878.3727839160856
vid_000159_frame0000015.jpg,118.07939814814814,133.43625771604937,57.74287039744855,47.61137198691918,1464.2970861062886,878.9489802654297
vid_000159_frame0000016.jpg,117.67667438271604,133.1406790123457,57.74389622803947,47.4279114392523,1447.678569587096,885.2217426053932
vid_000159_frame0000017.jpg,117.99610339506172,133.06488425925926,57.8417025532696,47.63141530203439,1485.964060720486,879.3469925923547
vid_000159_frame0000018.jpg,117.75331790123457,132.9685648148148,57.845392432932165,47.753392188752784,1491.2304312354731,879.2226583904298
vid_000159_frame0000020.jpg,117.51916666666666,132.98868055555556,57.96451143883292,47.75206433343741,1466.3024382716048,892.3483912417481
vid_000159_frame0000025.jpg,117.93240740740741,133.56153549382717,57.846394077631466,47.15576657639753,1454.6629297038726,878.07998171719
vid_000159_frame0000026.jpg,117.8233024691358,133.53537808641974,57.99751655140705,47.375562457284744,1439.7025791838132,888.0100468701773
vid_000159_frame0000027.jpg,117.99553240740741,133.30975308641976,58.173184820852896,47.81704936978923,1484.6530850013337,875.2478279187029
vid_000159_frame0000028.jpg,117.47216049382716,133.10150462962963,58.25689684936412,47.656209979266514,1513.114725777261,902.851331785301
vid_000159_frame0000029.jpg,117.43849537037038,133.44523148148147,58.12695687311251,48.195599029802274,1426.6594519241896,849.4515264545586
vid_000159_frame0000030.jpg,117.13803240740741,132.64770061728396,57.978526499191645,47.585275850177965,1439.977702403347,892.2382153420187
vid_000160_frame0000001.jpg,146.29203703703703,153.36403549382717,33.92389983184565,31.2791382881326,1357.1992180984225,1205.0482171924416
vid_000160_frame0000002.jpg,146.4547762345679,154.33606481481482,33.87558059995252,31.332993624174968,1258.5195139343757,1083.537784179003
vid_000160_frame0000003.jpg,146.6182175925926,153.83633487654322,34.10804261310077,31.307421503479006,1261.3572698328667,1062.1984565900184
vid_000160_frame0000004.jpg,146.978487654321,154.36686728395063,34.45297251322099,31.98849847897173,1244.3137092704524,1130.2452918866575
vid_000160_frame0000005.jpg,147.25363425925926,154.16489969135802,34.72833543832544,32.290616700814965,1220.3923180164393,1087.2406904620461
vid_000160_frame0000006.jpg,145.79276234567902,153.63632716049383,34.5823279652036,32.955722185712375,1272.5534042280499,1102.5331307096383
vid_000160_frame0000007.jpg,145.77466820987655,152.59635030864197,34.45907156221767,32.990429410169966,1291.8410749876164,1121.6289385192806
vid_000160_frame0000008.jpg,145.77119598765432,152.24368827160495,34.35857377169735,33.30014781380623,1316.138854796275,1171.1387723964883
vid_000160_frame0000009.jpg,145.99135030864198,153.7248688271605,34.37015928920835,33.74476944468237,1251.7810988511064,1118.4140570699494
vid_000160_frame0000010.jpg,146.0427777777778,152.02316358024692,34.81163984685526,33.92236853324574,1333.7469831575195,1226.8332776003563
vid_000160_frame0000011.jpg,145.22793981481482,152.02239969135803,35.54905424827776,34.19832701733655,1283.6954103408755,1194.778688271605
vid_000160_frame0000012.jpg,133.93131172839506,144.29264660493828,37.37981177343781,34.84780576016159,1429.5984884639706,1231.3534190586417
vid_000160_frame0000013.jpg,124.35236111111111,136.90077932098765,41.347238465034316,38.58808657239414,1504.0228342761682,1153.6953621361074
vid_000160_frame0000014.jpg,123.19736882716049,137.17078703703703,33.71030547529084,31.640850807345107,1474.7386373790202,1213.0077049382717
vid_000160_frame0000015.jpg,144.82858796296296,151.8043209876543,34.67241484145934,32.374739807840335,1273.3098978728472,1182.4458961581695
vid_000160_frame0000016.jpg,144.56300154320988,152.4295138888889,34.7224959536321,32.836781651663195,1230.7637549001674,1138.6028205946477
vid_000160_frame0000017.jpg,144.89488425925927,152.6741975308642,35.2949900057814,33.313355739888166,1265.6580270475515,1208.4903603775508
vid_000160_frame0000018.jpg,144.92854166666666,152.04979938271606,35.339161078662215,32.74122498061668,1295.5891702931503,1178.280879246447
vid_000160_frame0000019.jpg,144.9505787037037,153.09908950617285,35.437194318645595,33.40153503030778,1238.123598591821,1078.452744984568
vid_000160_frame0000020.jpg,144.88890432098765,151.31363425925926,35.65686093620944,32.55913052852672,1323.190911006087,1200.691387116817
vid_000161_frame0000007.jpg,123.63297839506173,138.61835648148147,16.685015420608785,24.3586588988029,1394.449583485511,1150.6169269461589
vid_000161_frame0000008.jpg,125.12541666666667,138.48515432098765,18.344901543345248,25.96840961869504,1128.5943989054044,1129.423160878677
vid_000161_frame0000009.jpg,125.53657407407407,140.22948302469135,22.502963220321238,27.098563800914665,1148.521886501141,1079.8268583209494
vid_000161_frame0000010.jpg,125.79227623456791,137.67780092592594,27.828993184083103,30.791170989503048,1395.1996293795132,1296.1177669490526
vid_000161_frame0000011.jpg,126.92683641975309,140.66724537037038,30.146744017692907,32.01248056152692,1446.9910208502422,1315.0263519027562
vid_000161_frame0000012.jpg,125.9728086419753,137.4129861111111,30.9568816241124,32.78761301882205,1492.635650552924,1363.3772069672473
vid_000161_frame0000013.jpg,118.41934413580248,132.32417438271605,31.15866837658408,32.0157929611708,1526.8932487253633,1342.5269760781034
vid_000161_frame0000014.jpg,123.34389660493827,136.25480709876544,39.944080499058124,38.21590997873677,1328.2388410455724,1082.7181510401783
vid_000161_frame0000015.jpg,141.87243055555555,149.52266203703704,56.201543456023636,51.46116684668353,1374.496299564662,1426.269372101659
vid_000161_frame0000016.jpg,111.7787037037037,125.59262345679012,34.381966546843394,33.21662138639857,1331.1067175523451,982.3130604208937
vid_000161_frame0000017.jpg,94.74900462962962,114.1710725308642,19.683362022824852,22.785133323007095,1704.3782438783628,1208.2706097173998
vid_000162_frame0000001.jpg,83.73371913580247,100.62617283950617,75.80241609513108,67.47860868302848,2838.428400876391,1661.8443003877076
vid_000162_frame0000002.jpg,83.91576388888889,100.83458333333333,75.84314463364214,67.4527239447993,2764.9466159750204,1545.6188168036026
vid_000162_frame0000003.jpg,83.36701388888889,99.70448302469136,75.61892879335666,67.37776649736985,2783.2867392355756,1554.666096775453
vid_000162_frame0000004.jpg,65.49698302469136,83.31906635802468,64.83119645747513,58.14281860737226,2573.1931572071235,1165.3007222898566
vid_000162_frame0000005.jpg,45.91210648148148,70.93572530864198,27.680701734147465,31.043617337643276,2424.962611367777,1307.9213586414394
vid_000162_frame0000006.jpg,116.3369598765432,127.11731481481482,24.99718733594375,32.24699076131215,1456.9916320813807,1639.9633503064988
vid_000162_frame0000007.jpg,132.05091049382716,140.46234567901234,25.257152466464046,33.26023005241794,1281.3045280290257,1581.9043926495103
vid_000162_frame0000008.jpg,132.05479938271606,140.35342592592593,21.71866531243529,32.44263594641965,1293.4612390715495,1675.1108120041126
vid_000162_frame0000009.jpg,132.04172839506174,140.5338425925926,22.240393322978772,31.831918182427426,1247.2158046103393,1478.1475624056332
vid_000162_frame0000010.jpg,133.05219907407408,139.66404320987655,20.325615542222728,30.146754790411432,1253.6734740511524,1297.8532134964184
vid_000162_frame0000011.jpg,132.10877314814815,140.24157407407407,19.816941488167437,29.33083885633205,1290.745996730443,1376.7463692510073
vid_000162_frame0000012.jpg,131.48467592592593,139.422137345679,19.625212424420226,28.353139086334647,1269.3039946558615,1176.2592051263503
vid_000162_frame0000013.jpg,131.96157407407406,139.53516975308642,18.735962778197297,28.093328215947675,1250.4944387597525,1118.8006757839291
vid_000162_frame0000014.jpg,138.35398148148147,146.11493055555556,26.84950955157563,31.676514198533095,1222.1363602037015,1128.663104042829
vid_000162_frame0000015.jpg,126.86774691358025,137.44118055555555,19.93443210114616,26.7940757829614,1348.8372004929101,1092.6051754471855
vid_000162_frame0000016.jpg,126.164375,139.25162037037038,19.314769847306923,25.45885155254258,1358.5891854328606,1054.440848375819
vid_000162_frame0000017.jpg,127.65513888888889,140.20537808641976,18.99801540510381,25.71237069136204,1303.2845710876177,1050.9757386678862
vid_000162_frame0000018.jpg,128.9039274691358,139.79537808641976,19.289560280357716,26.604262142215898,1344.360508001591,1055.7953697928574
vid_000162_frame0000019.jpg,115.2311188271605,130.85266203703705,17.00913477746165,24.885707507113562,1409.701381987252,1096.1376890886963
vid_000162_frame0000020.jpg,126.56421296296297,138.052862654321,20.833771036091292,29.522419138247223,1317.7084503957453,1111.1093441143094
vid_000162_frame0000021.jpg,134.15575617283952,144.4122299382716,21.73504060301297,28.76736346517094,1275.607040222527,1056.9692656506606
vid_000162_frame0000022.jpg,131.8454552469136,142.36380401234567,20.57101251115531,28.260351540125352,1185.854070634657,1046.8476402148467
vid_000162_frame0000023.jpg,128.87243055555555,138.95804783950618,21.80276731897213,28.504321594876295,1353.0959217449108,1083.3427480194878
vid_000162_frame0000024.jpg,126.64163580246914,137.1087037037037,23.238566837956572,30.897775073497694,1377.3128973229595,1120.042913122047
vid_000162_frame0000025.jpg,124.54065586419753,136.59850308641975,21.84414380802426,27.96857315236161,1392.3495073100044,1047.0936572525504
vid_000162_frame0000026.jpg,128.41630401234568,141.7360185185185,19.785633612568144,26.452602421851537,1337.2397526175032,1052.0287023218998
vid_000162_frame0000027.jpg,132.07481481481483,143.08760802469135,21.50260223190403,27.77916486793539,1241.9761276076795,1043.7573730566392
vid_000162_frame0000028.jpg,131.0029089506173,141.04779320987655,21.7739884570588,28.970827436445433,1241.6703785359869,1088.5333265383872
vid_000162_frame0000029.jpg,141.20449845679013,147.34083333333334,43.045984525577204,43.37461412554726,1374.3484909974065,1251.9098886502034
vid_000162_frame0000030.jpg,127.89257716049383,136.22135802469137,45.56784797393363,44.426018374929754,1455.396985642194,1254.446097728052
vid_000162_frame0000031.jpg,112.01479938271605,126.27921296296296,49.223572029302694,46.16801512268236,1712.4480473572532,1179.328573364388
vid_000162_frame0000032.jpg,113.27315586419753,126.28201388888888,48.808730135264376,47.13033213721291,1721.6019113854595,1264.3032934611244
vid_000162_frame0000033.jpg,114.57987654320988,128.19125,49.93822473307328,46.711525700987785,1700.4583803082967,1185.8340581597222
vid_000162_frame0000034.jpg,113.10539351851853,126.55761574074074,48.78271452412275,45.97710479134501,1726.05361021799,1210.1964487873418
vid_000162_frame0000035.jpg,114.29086419753087,127.355,48.636510791474464,45.90684300035518,1721.1059027491403,1219.2252086419755
vid_000162_frame0000036.jpg,114.7654012345679,127.43233024691358,47.995944824454675,45.45209614815699,1661.5633405671297,1213.860081425695
vid_000162_frame0000037.jpg,114.64393518518519,127.04388888888889,48.3965919874096,45.95171096305445,1698.037497683042,1206.7913028463647
vid_000162_frame0000038.jpg,114.78040895061729,127.26881172839506,49.651020999094385,47.09019264497754,1720.480364254449,1235.4046897955247
vid_000162_frame0000039.jpg,111.62233024691358,126.23655092592593,49.59824741280483,47.056468823803776,1741.6678551049167,1243.835760363738
vid_000162_frame0000040.jpg,112.77125,126.13135030864197,49.51987866820801,47.56923114499592,1750.7127631077578,1279.6921247927503
vid_000162_frame0000041.jpg,112.09195216049383,126.94273148148149,49.30006144711251,46.53474383616003,1756.3440074968926,1250.2340701254932
vid_000162_frame0000042.jpg,111.10302469135803,125.62945987654321,49.70159926246141,46.94224764108719,1797.5691904191792,1237.084666263658
vid_000162_frame0000043.jpg,111.12203703703703,125.52252314814815,49.9895010475828,47.22519159413606,1755.789469417772,1232.1955421224254
vid_000162_frame0000044.jpg,111.59135030864198,125.76689043209876,49.98978726747131,47.45991408992625,1742.4530455003405,1235.665612568349
vid_000162_frame0000045.jpg,111.7854475308642,125.53665895061728,49.66690452916905,47.4389628821206,1751.7349089732415,1249.2500731879193
vid_000162_frame0000046.jpg,111.29484567901234,125.79306327160494,49.94831165945959,47.15431679405288,1775.974065995799,1209.2169421805343
vid_000162_frame0000047.jpg,110.28354938271605,124.31672067901235,50.27950304953356,47.728890570704145,1767.8360648062417,1241.6701601622633
vid_000163_frame0000009.jpg,121.17400462962964,133.58246913580246,16.37695587734853,23.474372118812983,1130.961881104014,1283.0419316298487
vid_000163_frame0000010.jpg,121.61288580246914,133.25081790123457,17.484266843151143,25.00100382449217,1203.457069805896,1435.5771587770062
vid_000163_frame0000011.jpg,121.85707561728395,132.2542824074074,17.89504932134633,24.805676110703676,1212.1021839218013,1480.8676760685776
vid_000163_frame0000012.jpg,122.47945987654322,133.39858024691358,18.17476826702664,25.628524590300927,1165.6105872098742,1461.720098181906
vid_000164_frame0000010.jpg,147.24386574074074,156.02990740740742,35.106062579120646,39.061570391791825,1447.2733828312541,1601.6075414485215
vid_000164_frame0000011.jpg,147.48211419753088,156.52814814814815,35.68884397706176,39.01899380346502,1477.3513949567043,1632.6711119155214
vid_000164_frame0000012.jpg,147.887862654321,157.07572530864198,36.17510198906712,39.597663568979364,1469.8898176666573,1627.8036662465706
vid_000164_frame0000013.jpg,148.2225925925926,156.15766203703703,36.38790315128916,39.703750706340244,1495.9673702174189,1705.7301876200274
vid_000164_frame0000014.jpg,148.2111111111111,155.71838734567902,36.71853360193654,40.19889987044929,1562.9553077846365,1842.3394319251545
vid_000164_frame0000015.jpg,148.35095679012346,155.78810185185185,37.10620862093506,40.516829003614596,1567.2656687880446,1859.6167308182348
vid_000164_frame0000016.jpg,148.3623611111111,155.9937962962963,37.10390968857919,40.779833150234616,1595.8891516460308,1898.015996884764
vid_000164_frame0000017.jpg,148.4508024691358,155.96011574074075,37.59513224463835,40.83699500194736,1621.8206569384909,1904.8966400433787
vid_000164_frame0000018.jpg,148.32310956790124,155.03073302469136,37.89466972709551,41.42711085526635,1660.7409131358004,2090.0057128858025
vid_000164_frame0000019.jpg,148.2986651234568,155.80698302469136,37.845594620361325,41.07549608594523,1563.8869184804146,1820.9993262993448
vid_000164_frame0000020.jpg,147.77837962962963,154.81463734567902,37.98547019769311,41.810439732495695,1694.4321725817688,2026.9349256124617
vid_000164_frame0000021.jpg,147.5733024691358,155.35220679012346,37.9918547990093,41.85558515919908,1624.0154970135434,1929.1050778689892
vid_000164_frame0000022.jpg,147.42524691358025,154.82525462962963,38.09113257848699,41.417259994781006,1630.7477873013238,1905.3957298332473
vid_000164_frame0000023.jpg,147.4436265432099,155.37280092592593,37.919803099371414,41.17130326296295,1619.3436736239116,1830.3315624464165
vid_000165_frame0000013.jpg,148.1954012345679,156.27535493827162,31.490264228758633,36.310599377989256,1383.0827995348936,1611.565535253534
vid_000165_frame0000014.jpg,147.87582561728394,155.2440200617284,31.245553345569434,36.39946113018019,1375.6181150619548,1657.5199775184328
vid_000165_frame0000015.jpg,147.98981481481482,156.534012345679,31.14379490487339,36.95915601756501,1364.755775783929,1626.9677814729082
vid_000166_frame0000007.jpg,159.49515432098767,163.4445987654321,32.68835270314674,37.1496579395315,1383.0493349327467,1737.487964801419
vid_000166_frame0000008.jpg,158.79658950617284,162.10904320987655,33.00956601115918,37.14159831816292,1383.3348008056603,1774.3596982167353
vid_000166_frame0000009.jpg,158.14304783950618,162.93641975308643,33.254313170089354,37.088318651452894,1325.8949136707436,1633.0970609375
vid_000166_frame0000010.jpg,157.56979938271604,161.3504475308642,33.29729285361658,37.10612276999496,1439.5364574750417,1797.3710620879417
vid_000168_frame0000003.jpg,96.46431327160494,123.21976080246914,28.589403705484912,28.75680327349836,2030.5225146602556,1024.2340730736073
vid_000168_frame0000004.jpg,104.6667361111111,129.97112654320986,28.652161893442123,28.293125058620728,1901.1614870755577,1147.3999285541456
vid_000168_frame0000005.jpg,106.70072530864198,130.55287037037036,27.746230465226855,27.75180754487692,1847.5930055912183,1158.4346536770308
vid_000168_frame0000006.jpg,104.4043364197531,128.18631172839505,26.128724255031354,26.638279641539356,1854.6998684527298,1219.8466252848268
vid_000168_frame0000007.jpg,97.86613425925925,125.48207561728395,18.422078675905,23.020459962056634,1665.4643856974449,1222.663404200722
vid_000168_frame0000008.jpg,106.72366512345678,132.9440277777778,19.25396917133765,23.725570277900044,1643.4385477079882,1476.0520829901595
vid_000168_frame0000009.jpg,106.11273919753087,131.98658179012347,19.08982862282029,24.265709825733627,1576.8220565376848,1248.3984575183258
vid_000168_frame0000010.jpg,121.39446759259259,141.14587962962963,23.891305212625756,32.61521552816222,1914.4063473927372,2376.801559141137
vid_000168_frame0000011.jpg,117.75543209876543,136.99023919753085,25.257232214442627,35.49762301342554,2251.0858228621305,2828.3182617167254
vid_000168_frame0000012.jpg,114.63181327160494,134.97202932098764,25.17509060539453,35.77163309965627,2240.5650472784255,2856.774564093162
vid_000168_frame0000013.jpg,115.05153549382716,135.44030864197532,25.337886225021517,35.29361326867881,2348.0464754608197,2916.232018847106
vid_000168_frame0000014.jpg,123.74743055555555,136.84377314814816,44.379421675407556,47.37458914403187,2721.9609009982637,3156.0031972636007
vid_000169_frame0000003.jpg,81.76167824074074,93.01385416666666,60.59005500277304,60.9386618993278,965.9863492283949,877.6442787034023
vid_000169_frame0000004.jpg,78.21688078703704,90.34454861111111,57.90639482046732,59.079259980687745,973.4192433449074,867.1139694114569
vid_000169_frame0000005.jpg,73.14494791666667,86.49752893518519,54.10667385462456,56.3656343818129,1041.142974514398,922.7983462029267
vid_000169_frame0000006.jpg,67.74915509259259,82.7648900462963,49.93450889599576,53.753067267559544,1091.1666642612954,999.0101906666613
vid_000169_frame0000007.jpg,67.64625578703703,83.36447916666667,49.279868602934975,53.702227174933604,1070.0062008089797,982.7409751840263
vid_000169_frame0000008.jpg,67.56817708333334,83.38249421296297,48.98900722342881,53.928019801443,1063.9615617464797,1003.7324286501199
vid_000169_frame0000009.jpg,69.14182870370371,84.83418981481482,50.03488262728527,54.548466345018355,1050.3928875224717,982.409343277258
vid_000169_frame0000010.jpg,71.39303819444444,86.14367476851852,51.57954353701637,55.934019185436846,1069.0810474520626,1018.7312321967901
vid_000169_frame0000011.jpg,72.49454861111111,87.22455439814814,52.08639351369838,56.26046001591083,1036.5781192126615,964.6598729932912
vid_000170_frame0000006.jpg,111.90906828703703,132.26320023148148,39.22835686822716,37.28939428134533,377.09818593750003,814.788351328875
vid_000170_frame0000007.jpg,111.63710648148148,132.23483796296296,38.911453498768324,36.49955481364279,370.5345309477546,830.1655145878544
vid_000170_frame0000008.jpg,103.62827546296296,126.21845486111111,36.67571105672953,36.31432005602011,371.8791182403857,842.3654140302159
vid_000170_frame0000009.jpg,95.91007523148149,121.6219675925926,33.25317076734643,34.55842387817179,322.3253515432099,775.5301772097907
vid_000170_frame0000010.jpg,93.82065972222222,120.15776041666666,31.546897431090265,34.252372036446694,350.0624801646291,852.0704133214043
vid_000170_frame0000011.jpg,94.71403356481481,121.0121875,31.450693329868407,34.26979053911,347.28858081476665,836.9838434244458
vid_000170_frame0000012.jpg,94.35535300925926,120.70681134259259,30.908896386949515,33.39728008433528,359.16831850803624,871.6891768515503
vid_000170_frame0000013.jpg,91.55038773148148,118.49395833333334,29.005155918781274,32.2727403041484,366.3083044374987,868.1386224432214
vid_000171_frame0000001.jpg,57.811527777777776,73.98485532407408,48.3786724510797,52.019072433062455,1184.2755593650536,1038.4208629315829
vid_000171_frame0000002.jpg,57.95806712962963,74.11797453703704,48.40760494149055,51.91944464717986,1155.9414929578995,993.1824954611611
vid_000171_frame0000003.jpg,57.97638310185185,73.96859953703704,48.314262797809775,51.96416208624691,1176.1210416633176,1007.5715611796982
vid_000171_frame0000004.jpg,57.97795138888889,74.00520833333333,48.20206960140558,51.642915985489964,1164.5257565537856,1026.1387217458634
vid_000171_frame0000005.jpg,57.752100694444444,73.46530671296296,47.77997421494283,51.09040213087339,1183.4491427849578,1009.8212393180605
vid_000171_frame0000006.jpg,56.41129050925926,72.55362268518519,46.43994816662531,50.37503774537915,1189.1199011137032,1013.4717922345197
vid_000171_frame0000007.jpg,54.96823495370371,71.21995949074073,45.2151270267667,49.24727799394778,1236.7991597824705,1042.0977393420728
vid_000171_frame0000008.jpg,53.72302083333334,70.00786458333333,44.01690681751698,48.30760212535945,1180.3343204207056,1033.2950773405014
vid_000171_frame0000009.jpg,53.885243055555556,70.80895833333334,43.74512369450343,48.33242727434393,1192.0029507694617,1027.639841606653
vid_000171_frame0000010.jpg,53.998136574074074,70.57930555555555,43.646478939800616,48.47123450103973,1239.7128410659602,1084.9085599244672
vid_000171_frame0000011.jpg,54.42356481481482,70.84840856481482,43.813135690696164,48.51409040632881,1218.5767523506825,1083.8456477782868
vid_000171_frame0000012.jpg,55.35829282407408,71.47483217592593,44.52268187658621,49.080531927290856,1239.2421753942417,1096.1026419817053
vid_000171_frame0000013.jpg,56.03681134259259,72.00199652777778,45.11285468307828,49.39750485193772,1216.0444314214676,1078.966786349793
vid_000171_frame0000014.jpg,55.60460069444444,71.45934606481481,44.841740701690924,49.22165218698792,1225.94126734018,1088.1448662465707
vid_000171_frame0000015.jpg,54.51491898148148,71.20701967592592,44.03806142205717,48.895394016698795,1236.1325904994803,1092.5586687467517
vid_000171_frame0000016.jpg,53.51552662037037,69.93677083333333,43.46558040818454,48.044256528807026,1234.705315642649,1087.4330692319518
vid_000171_frame0000017.jpg,53.38300925925926,69.96473958333333,43.65569007734895,48.104070735088,1225.6831131782353,1052.904479787936
vid_000171_frame0000018.jpg,53.64313078703704,70.46299189814815,43.41953511705884,47.95597707149631,1244.276281249866,1042.5442153353467
vid_000172_frame0000001.jpg,74.47358796296297,88.41110532407407,54.200849548288,59.29107111480022,1657.347487581146,1520.0464098371258
vid_000172_frame0000002.jpg,74.63240740740741,88.53448495370371,54.29282927671993,59.35025988001236,1645.6033178421585,1506.0949840051387
vid_000172_frame0000003.jpg,74.06375578703704,88.09927083333334,54.121528340167416,59.21405140443927,1649.91212811291,1494.6628187062959
vid_000172_frame0000004.jpg,71.2942013888889,86.02329282407408,52.83022858198001,58.528163589325025,1685.663539779316,1553.0810107346524
vid_000172_frame0000005.jpg,69.26664351851852,84.60652777777777,51.95961339715856,57.87490865906852,1728.9595560977887,1536.9906666645234
vid_000172_frame0000006.jpg,69.17336805555556,84.07494791666667,52.04576201748108,57.441702549955515,1682.6709052396461,1515.308454515463
vid_000172_frame0000007.jpg,70.26227430555555,84.73010416666666,52.73019707201425,57.86253228428791,1738.9579642261647,1528.731501677035
vid_000172_frame0000008.jpg,70.14370370370371,84.91398726851853,52.661911900217625,58.0603922390205,1749.770046905007,1559.5828372973197
vid_000172_frame0000009.jpg,70.07513888888889,85.00323495370371,52.63489572200077,58.03798490713966,1735.284146930158,1581.9212692899896
vid_000172_frame0000010.jpg,70.08486111111111,84.84730902777778,52.65310268353549,58.08413050667972,1754.2522177452724,1585.5532122007016
vid_000172_frame0000011.jpg,72.07684606481482,85.28672453703703,53.06942957201433,56.827707033849656,1271.333720368227,1232.1194679735388
vid_000172_frame0000012.jpg,74.08178819444444,87.94147569444445,51.62064690459291,56.69635533266235,1216.3146419731654,1308.6265062073676
vid_000172_frame0000013.jpg,75.45221643518518,87.89515625,53.80016217937665,58.490538049781186,1171.130312079904,1450.1070752997673
vid_000172_frame0000014.jpg,74.84315972222223,85.69589120370371,57.331068032746565,61.34164058526531,1464.49880785108,1920.9662882627301
vid_000172_frame0000015.jpg,69.66289930555556,82.84286458333334,54.18679393936645,60.331797397482106,1439.8013366461103,1888.0001850303283
vid_000172_frame0000016.jpg,68.52935185185186,81.74905092592593,53.4229551424664,59.87485414446937,1428.8507979547112,1826.555885496908
vid_000172_frame0000017.jpg,68.41248842592593,82.04126736111111,53.38469665638996,60.049755928323336,1489.7779162760417,1920.8220207475995
vid_000172_frame0000018.jpg,68.28545138888889,81.82527199074075,53.32147632004412,59.955301031211164,1475.817702437488,1907.4986904944903
vid_000172_frame0000019.jpg,65.87436342592592,80.32608796296296,51.0171044319248,57.1639865947055,1255.0057953773028,1296.7106790388361
vid_000172_frame0000020.jpg,64.88757523148148,81.12458912037037,43.55325596191847,50.16494014198794,1220.366343664266,1005.8224144466615
vid_000172_frame0000021.jpg,73.40735532407408,88.44970486111112,48.53669424051618,54.62921316518437,1122.652410202332,1071.261551245787
vid_000172_frame0000022.jpg,74.73398726851852,90.07427662037037,49.32053942075723,55.39222339265517,1068.642845922818,1034.101300868022
vid_000172_frame0000023.jpg,78.55308449074074,93.1149074074074,53.56493512205009,59.30961274821543,1060.3135974772806,1130.49361494288
vid_000172_frame0000024.jpg,79.17648726851851,90.8510474537037,56.09079747814959,59.30000337221329,1104.3092545034067,1239.5157061229731
vid_000172_frame0000025.jpg,73.86079282407407,87.64776041666667,54.7571213643684,59.4410887179094,1708.0000986463424,1521.58454470456
vid_000172_frame0000026.jpg,72.36958912037036,86.50710069444445,53.91756649551954,58.775764606984865,1770.1087814621915,1566.6183266565058
vid_000172_frame0000027.jpg,72.18398148148148,86.16095486111111,53.83034471304807,58.50849922245627,1810.4074328917702,1592.369351792776
vid_000172_frame0000028.jpg,72.01246527777778,86.24188078703703,53.73966788883269,58.61485643849375,1807.1416974717881,1590.8774420246054
vid_000173_frame0000001.jpg,76.10987847222222,100.39976851851851,43.90779471959402,54.117421524370656,1190.6290414475095,2952.004492264526
vid_000173_frame0000002.jpg,76.18602430555555,100.07710069444444,43.86094446493247,53.79075305766498,1124.4750717310944,2830.439156847157
vid_000182_frame0000046.jpg,89.4008449074074,102.21236111111111,62.39847119617166,68.65246478661204,1424.772231352847,1863.6809211504149
vid_000201_frame0000001.jpg,53.17199074074074,71.08079282407408,43.53049926137258,54.889045756392555,1485.6614195598838,1446.5042108045789
vid_000201_frame0000003.jpg,63.10022569444445,79.16828703703703,49.18819121538883,60.80081314051021,1257.4464411844137,1407.2660609266493
vid_000201_frame0000004.jpg,76.43549768518518,89.87385416666666,57.99820255123089,68.08219986957373,1138.5254142232175,1227.59298008777
vid_000201_frame0000005.jpg,75.86664351851852,90.53527777777778,57.70857585855781,69.14714345226436,1269.9339067247179,1622.4238249419957
vid_000201_frame0000006.jpg,75.33045138888889,90.44292824074074,57.266589489745144,68.97524294011315,1277.805296089999,1598.2706743778938
vid_000201_frame0000007.jpg,76.02990162037037,91.2375636574074,57.640891623422156,69.32717899594975,1275.588447177078,1618.633926757779
vid_000201_frame0000009.jpg,74.21526041666667,87.78733217592593,56.684614904647646,66.47904804605407,1046.7951854636863,1371.8911096631462
vid_000201_frame0000010.jpg,70.1445138888889,85.21872685185186,57.134872779198325,67.44074735599132,1074.0003757694617,1440.2978879725747
vid_000201_frame0000011.jpg,70.27309027777778,85.47884837962962,56.78922739064258,67.25414617411299,1179.9466677541138,1629.9928753126271
vid_000201_frame0000014.jpg,63.760549768518516,83.86293981481481,50.84971350772908,66.2216265178703,1223.6053424634558,1394.2184069007403
vid_000201_frame0000015.jpg,59.4468287037037,81.60081018518518,45.92333281554513,64.82415833601875,1400.865933984375,1703.114005617947
vid_000201_frame0000020.jpg,67.895,86.2903298611111,52.17684732039965,66.80112402031348,1273.799378753503,1409.1907522825306
vid_000201_frame0000022.jpg,60.66313657407407,77.46344328703704,48.975449087374905,61.48008386638594,1386.2075675258473,1491.2228212575822
vid_000201_frame0000024.jpg,59.8344849537037,78.63616319444445,47.58192624793467,62.92355344098134,1370.984799223271,1571.2572115402827
vid_000201_frame0000026.jpg,62.00925925925926,81.27360532407407,48.273513819571285,63.75760798892341,1332.0169474825052,1483.452032406202
vid_000201_frame0000029.jpg,65.57442708333333,79.94049189814815,53.02641456071513,62.76727421402045,1186.1964193564331,1331.6504929081668
vid_000202_frame0000011.jpg,161.93684413580246,172.8186265432099,27.555033886926303,28.401320478170373,860.4167830358842,759.6394024276383
vid_000202_frame0000012.jpg,162.55690586419752,173.4749537037037,26.94930258598111,28.281635119432554,856.8511059432633,779.118680245961
vid_000202_frame0000013.jpg,164.7050385802469,174.75795524691358,27.020339491161977,28.448043703778144,879.765776877036,799.0108938994985
vid_000202_frame0000014.jpg,164.83168209876544,173.46713734567902,27.29885024391466,28.557160573942763,906.3942664587621,857.859430297818
vid_000202_frame0000015.jpg,170.77516975308643,176.46837962962962,28.25908775714895,29.898612165306886,836.2084300325789,789.4873146395366
vid_000202_frame0000016.jpg,176.22806327160495,179.68529320987653,32.57144570182766,31.81066727104043,715.5591240273967,716.7836096578624
vid_000202_frame0000018.jpg,176.20766203703704,177.58480709876542,35.271146598070374,33.68292006421497,793.9578612194691,835.2639932553631
vid_000202_frame0000019.jpg,176.1699614197531,177.17956790123458,35.54534741261782,33.1812657586198,765.011248968276,756.522724305496
vid_000202_frame0000020.jpg,176.39952160493826,176.48395061728394,35.677227967572684,33.05917681113158,794.6340208761407,819.9061084019204
vid_000202_frame0000021.jpg,177.6640200617284,177.00539351851853,35.825816548544545,33.512327659672,791.8745475793871,827.6280554840512
vid_000202_frame0000022.jpg,177.78201388888888,176.90555555555557,36.30035462559906,34.39563566917204,798.630923996854,900.0832403289799
vid_000203_frame0000001.jpg,64.52413773148149,84.69528935185186,47.65320658597357,59.85247854899529,1373.3560735395433,1444.028472324567
vid_000203_frame0000002.jpg,64.67299189814815,84.85443287037037,47.74061770057867,59.904843351519006,1369.129909905445,1435.7662807093404
vid_000203_frame0000003.jpg,64.77530671296296,84.76097800925926,47.89510063197624,59.87813514730919,1397.9283590265723,1445.5466411867915
vid_000203_frame0000004.jpg,63.494849537037034,82.69086226851852,47.28314738586542,58.28688712294855,1324.587681379907,1362.0402604166666
vid_000203_frame0000005.jpg,64.94200810185185,83.6162962962963,47.974821464791695,57.48627749447226,1269.300875222908,1203.9080348933887
vid_000203_frame0000006.jpg,70.35641203703703,87.71625578703704,49.01665611750089,57.40533565913779,1203.312080982048,1156.083009794259
vid_000203_frame0000008.jpg,68.81245370370371,84.55483217592592,48.463091865315455,56.41003594635905,1229.0033445725094,1253.4612361109773
vid_000203_frame0000009.jpg,69.82895254629629,85.56646990740741,49.11238218824013,57.206683056973674,1228.9828572482638,1353.9680785153234
vid_000203_frame0000010.jpg,70.56449652777778,86.7994212962963,49.45405118047325,57.99288200366514,1265.72114824125,1486.6754402340734
vid_000203_frame0000011.jpg,72.60262731481481,88.2673900462963,50.85926319579786,59.03791312869146,1191.9729212318618,1417.9996453293454
vid_000203_frame0000012.jpg,71.42230324074075,88.88273726851853,49.77316978861396,58.19531802440008,1154.2307241506987,1187.6142755829906
vid_000203_frame0000013.jpg,73.85653935185185,89.20719328703704,52.026544351807395,60.69341170899023,1206.4048452770007,1528.5952194007402
vid_000203_frame0000015.jpg,74.53368634259259,89.66612268518519,52.323034522275286,59.95240325098138,1096.1553566100488,1260.555983979519
vid_000203_frame0000016.jpg,73.50038773148148,89.94038194444444,51.90345348477266,60.951358007100005,1201.4236676576634,1464.1582564179514
vid_000203_frame0000017.jpg,73.68097222222222,90.25168981481481,52.02182649547355,61.2504868417242,1237.4473981433255,1573.1193117712617
vid_000203_frame0000018.jpg,73.51677662037036,89.85607060185185,51.92731327902824,61.03973069227743,1260.280713634065,1614.9241561192557
vid_000203_frame0000019.jpg,73.65267361111111,90.19565393518519,51.9691298016673,61.10791352758703,1248.6725566671155,1557.174650553754
vid_000203_frame0000020.jpg,73.5111111111111,89.64147569444444,51.96698719848644,60.85675677966246,1240.286113629544,1585.3498187354987
vid_000203_frame0000022.jpg,68.88375578703703,86.19727430555555,48.121171805561424,56.30180649876426,1209.3703596399378,1232.0096314305435
vid_000204_frame0000001.jpg,41.753229166666664,61.767748842592596,35.193382196829454,46.39826585602289,1509.1975101738992,1333.9841868312421
vid_000204_frame0000002.jpg,41.97740162037037,61.62677083333333,35.27875343849821,46.18466775497359,1502.5087163703488,1302.7045577244887
vid_000204_frame0000003.jpg,44.722175925925924,64.57022569444445,36.583570631811675,47.90297436079621,1480.414032925796,1247.7504013148096
vid_000204_frame0000004.jpg,44.22637152777778,64.2075,34.96867662711561,47.089867901999654,1481.6913628792383,1107.5662175860284
vid_000204_frame0000008.jpg,44.61568287037037,65.14336805555556,35.389084970737734,48.06803724784179,1490.8249560771592,1277.593863875493
vid_000204_frame0000010.jpg,44.75660300925926,65.35807291666667,35.50993698675128,48.23406695997459,1521.1086002587754,1339.3887288073547
vid_000204_frame0000012.jpg,45.60099537037037,66.57362847222223,35.99452339296932,49.0321406556353,1503.083289761231,1339.6987672726646
vid_000204_frame0000016.jpg,53.1316724537037,73.23980324074074,40.23309866685833,52.9648993347043,1397.6482632458512,1428.0700580084824
vid_000204_frame0000020.jpg,53.90435185185185,74.15464699074074,40.69320166338526,53.54130049423352,1410.759797704174,1477.3338735891084
vid_000204_frame0000024.jpg,53.90204282407407,74.0051388888889,40.64482271928893,53.45684609933622,1386.5777370107812,1473.7700234733675
vid_000204_frame0000032.jpg,49.132100694444446,67.71373263888889,38.75537160629108,49.48473940620294,1354.1286708610628,1193.5415040192781
vid_000205_frame0000009.jpg,75.15983217592593,92.10894097222223,53.66483976117143,63.92235489076758,1080.7665105007595,1551.9166515959564
vid_000205_frame0000011.jpg,74.7170775462963,91.57357060185186,53.409511091415915,64.2410772868704,1128.2219639137718,1902.7592086266704
vid_000205_frame0000013.jpg,74.69264467592592,91.35015625,53.46015060625673,64.07676368288905,1119.922169897729,1902.3586237822776
vid_000205_frame0000015.jpg,74.75953703703703,91.5495486111111,53.39194307169248,64.10075040389577,1109.918257586913,1831.9847589642475
vid_000205_frame0000017.jpg,74.76061921296296,91.41852430555555,53.457666435919016,64.01650923241448,1141.9250150933158,1843.3476701376833
vid_000205_frame0000019.jpg,74.82367476851852,91.68714699074074,53.497123957099426,64.10139374231703,1079.6745297643592,1780.6755434831198
vid_000205_frame0000021.jpg,74.68302662037037,91.2056712962963,53.35348986604218,63.384067601462505,1036.0880003469206,1576.4272180421594
vid_000205_frame0000023.jpg,74.55225115740741,91.25146990740741,53.38565121760398,63.95849333252895,1152.393929511176,1963.9621937198592
vid_000205_frame0000025.jpg,74.59883680555555,91.71501736111111,53.33645064491055,64.20808453291744,1141.529647905816,1930.5862218315974
vid_000205_frame0000027.jpg,74.57401041666667,91.64450231481482,53.31654235905486,64.19229411471943,1141.6670713970339,1919.0565020165882
vid_000205_frame0000029.jpg,74.4934375,91.65026620370371,53.30271259416876,64.26661606854182,1121.678634202963,1970.3429028942892
vid_000205_frame0000031.jpg,74.3659375,91.31321180555555,53.18907118431189,64.03841290790247,1132.1923703269679,1914.394947964758
vid_000205_frame0000033.jpg,73.62913773148148,90.92802083333333,52.82412568137653,63.80033646012764,1152.6940872490943,1965.9333253753202
vid_000205_frame0000035.jpg,73.71929398148148,90.836875,52.92273806343704,63.765162223447085,1171.6203887305157,1952.1216201967595
vid_000205_frame0000037.jpg,73.7141261574074,90.79818865740741,52.88879204141295,63.78214345932045,1172.733083293112,1981.086488634065
vid_000205_frame0000039.jpg,73.82107060185186,90.84093171296297,52.89160127494616,63.58383176091567,1129.7839533778815,1805.1485336636435
vid_000205_frame0000041.jpg,73.70236689814814,90.75139467592592,52.899231676749196,63.69690023327688,1172.6530121226372,1971.6123329659833
vid_000205_frame0000042.jpg,73.6252025462963,90.74172453703704,52.84030235993231,63.774303608347424,1163.5465159818336,1976.8866210197712
vid_000205_frame0000043.jpg,73.69278356481482,90.75083912037037,52.920924795929224,63.68927569846396,1193.9975140173558,1977.6718185760874
vid_000205_frame0000044.jpg,73.54326967592593,90.5885474537037,52.78883556342717,63.592132470347465,1180.452277191539,1978.439216192418
vid_000205_frame0000045.jpg,71.20440393518518,89.11547453703703,51.38705236481505,62.75368053159054,1191.5218632800443,1961.9921478874303
vid_000205_frame0000046.jpg,71.31686921296296,89.10612268518518,51.39892504247776,62.41485876341603,1152.727808601754,1765.6215624807098
vid_000205_frame0000047.jpg,71.29410300925926,89.09898148148149,51.49138043602037,62.13653867715384,1137.1354455041958,1543.2059674331476
vid_000205_frame0000048.jpg,71.33339699074074,89.28530671296296,51.45382974365618,62.17459228101958,1135.5526774257328,1551.0565823926383
vid_000205_frame0000049.jpg,71.20834490740741,89.2752951388889,51.34029924139373,62.66128185599544,1174.0231175705896,1897.5069874807098
vid_000205_frame0000050.jpg,68.78121527777778,86.38021412037037,48.88690869321413,59.18473025081351,1191.5743043390721,1467.0116213186675
vid_000205_frame0000051.jpg,59.394195601851855,79.79016782407408,44.31175811543912,55.94011175855656,1436.4402069121602,1639.2260082170567
vid_000205_frame0000052.jpg,59.764328703703704,80.4445775462963,44.594373926448995,56.41240901889041,1460.452965082164,1726.230863049467
vid_000206_frame0000003.jpg,31.78011574074074,52.22586805555556,30.308924787030357,42.15028917030105,1647.5003354852536,1158.439915653801
vid_000206_frame0000004.jpg,31.221695601851852,52.45679398148148,30.10877233734334,42.515224766472386,1616.8901821815184,1277.8286239678444
vid_000206_frame0000005.jpg,30.907291666666666,51.369305555555556,30.100498797364068,42.08288987642222,1686.7676881810485,1308.907090483405
vid_000206_frame0000006.jpg,31.357934027777777,52.17079861111111,29.87851757751557,42.04960344157483,1628.3101253252194,1191.9543984695163
vid_000206_frame0000007.jpg,34.868917824074074,56.93851273148148,32.12249664709741,45.425050684974224,1640.2372752673489,1337.0829458710764
vid_000206_frame0000008.jpg,41.8620775462963,64.07049768518519,36.70451108033949,50.59909815184543,1527.2900856801643,1540.8461495465478
vid_000206_frame0000009.jpg,49.57939236111111,70.8442824074074,41.7047205961285,54.928666385779344,1418.252391782106,1768.6382858980826
vid_000206_frame0000010.jpg,53.8146875,74.3833275462963,44.609733741219856,57.378146234575446,1386.3620029417104,1868.6358896684978
vid_000206_frame0000011.jpg,53.51869212962963,74.28606481481482,44.40304810141848,57.14862685297858,1400.2091166146904,1822.745215349814
vid_000206_frame0000013.jpg,48.71560763888889,69.61017939814815,41.928095906074915,55.01161873775731,1482.476173588472,1890.1210487589685
vid_000206_frame0000014.jpg,44.247262731481484,65.55025462962963,40.80176814300238,52.9916050516842,1454.7373280601635,1387.183017296275
vid_000206_frame0000015.jpg,49.248640046296295,69.62168402777777,43.832655398512934,55.53734590543201,1410.525778537025,1840.3274808593749
vid_000206_frame0000016.jpg,50.46182291666667,70.35685185185186,44.827981154209475,56.107851205878625,1395.0069598924842,1749.2082064845627
vid_000206_frame0000017.jpg,57.96478587962963,76.65158564814814,49.208824364969274,59.06731336282687,1317.6450763823248,1604.8882550731685
vid_000206_frame0000018.jpg,61.57765625,79.90581018518519,50.300661071491476,61.56129111271116,1338.6571020606943,2335.6545782588255
vid_000206_frame0000021.jpg,51.30796296296296,73.35391782407407,40.1383763502669,55.64598805292944,1447.4875402090565,2067.300273611111
vid_000206_frame0000024.jpg,51.38197337962963,73.18920717592593,40.1985289462078,55.59204459011552,1438.4187042233314,2157.965610800326
vid_000206_frame0000027.jpg,51.682123842592596,73.36125,40.51349257847266,55.657188945435166,1459.1271284656582,2055.40094950405
vid_000206_frame0000031.jpg,51.662459490740744,73.04493634259259,40.82048829106869,55.95821037409444,1400.9217815457482,2068.4586065221715
vid_000206_frame0000034.jpg,51.57219907407407,72.74982638888889,40.822156721850604,55.8026287356828,1454.7989470673656,2194.8824056985904
vid_000206_frame0000037.jpg,52.07578125,73.04957754629629,41.60833143098467,56.243582878258835,1434.7650665701829,1987.7388144610284
vid_000206_frame0000038.jpg,80.76703703703704,93.51694444444445,63.70897544563059,70.47639184715128,921.4137765432099,1223.1403143581479
vid_000206_frame0000040.jpg,79.05894097222222,92.1845775462963,65.65477502160616,72.9494070106998,1135.7013628897878,1623.8723920540433
vid_000207_frame0000001.jpg,59.0643287037037,80.05878472222223,41.06452965290332,51.50074179531344,1258.4100185076677,1131.3904500551578
vid_000207_frame0000002.jpg,59.256030092592596,80.4383738425926,41.159315633359384,51.602392690488585,1246.5644233024693,1103.9340575081449
vid_000207_frame0000003.jpg,59.41494212962963,80.05152199074074,41.20490196219672,51.3555285654278,1252.5474140978317,1103.4079264917361
vid_000207_frame0000004.jpg,60.46927083333333,81.10163194444445,41.77984440266513,52.04703508138271,1247.8267074840319,1126.2712604326077
vid_000207_frame0000005.jpg,61.31392939814815,82.04338541666667,42.26068030632433,52.61928356717039,1274.2529628930026,1134.0061742980206
vid_000207_frame0000006.jpg,59.81388310185185,80.90335648148148,41.300861691645686,51.89182514145951,1251.2528160557792,1130.315064772986
vid_000207_frame0000007.jpg,58.18622685185185,79.58158564814815,40.36437648476802,50.998295621344205,1267.6248290379317,1128.2992370348936
vid_000207_frame0000008.jpg,57.31861111111111,78.43230324074074,39.97255529453542,50.41972064231203,1318.340717953981,1163.1772423800999
vid_000207_frame0000009.jpg,57.64810763888889,79.00945601851852,40.16064266442825,50.598848558030724,1228.503214872384,1114.6153403257017
vid_000207_frame0000010.jpg,60.12651041666667,80.86989583333333,41.77006485548163,52.0905821065777,1222.832013043305,1130.5897246570644
vid_000207_frame0000011.jpg,65.01304976851851,84.75611689814815,44.78620235227282,54.73678160630166,1129.4182534333406,1128.8313114281925
vid_000207_frame0000012.jpg,68.50032407407407,87.53559606481481,47.05296193383396,56.76484168425637,1107.585268769156,1174.6305840202426
vid_000207_frame0000013.jpg,70.8750925925926,89.43435763888888,48.57654636213765,58.09479508995096,1070.7597830919053,1177.1017417936266
vid_000207_frame0000014.jpg,72.56512731481482,90.79114004629629,49.70990154560363,59.328771527750014,1060.6447425238712,1232.1656618214968
vid_000207_frame0000015.jpg,74.64950231481481,92.30690972222222,51.02097243511271,60.31420974115621,1023.9467896167896,1238.6300464755002
vid_000207_frame0000016.jpg,76.20263310185184,93.58876736111111,51.98528881792849,61.10623180003858,1007.1585780344436,1248.6288670246056
vid_000207_frame0000017.jpg,77.89450231481482,95.2284375,53.011876987330886,62.0966867936852,1038.3153106083623,1278.486316739005
vid_000207_frame0000018.jpg,77.33315393518518,94.49094907407408,52.67651002759155,61.60555820979143,1042.6793631772641,1278.1938711041653
vid_000207_frame0000019.jpg,76.43387731481481,94.2254224537037,52.09080737940862,61.25570930114094,1027.1625186194904,1156.1281141356083
vid_000208_frame0000001.jpg,66.09265625,85.57656828703703,45.20057649024863,54.40657932096569,1026.3275900843407,1035.6644747604475
vid_000208_frame0000002.jpg,66.46172453703704,85.84161458333334,45.60258181133285,54.819194613634785,1125.5547237988885,1104.463516649486
vid_000208_frame0000003.jpg,67.49843171296297,86.71011574074075,46.29473159514376,55.39444391083196,1150.6720605104047,1111.0239623113855
vid_000208_frame0000004.jpg,68.6194675925926,87.4385474537037,47.02088617575788,56.05628730365345,1145.9485280087235,1136.9578170705536
vid_000208_frame0000005.jpg,70.51711805555556,88.67192708333333,48.19776361637874,56.928584455570764,1123.6971961504148,1128.7521282900377
vid_000208_frame0000006.jpg,70.92821180555555,89.03961226851852,48.51111141734314,57.024804537048205,1112.7720372773263,1124.9782079756287
vid_000208_frame0000007.jpg,71.79126736111111,90.10093171296296,49.195258295767836,57.95729453548234,1113.028238849103,1156.880204361142
vid_000208_frame0000008.jpg,73.55728587962963,91.57891203703704,50.48425124155639,59.28014323267705,1095.2733618805726,1183.6155585053034
vid_000208_frame0000009.jpg,77.25954282407407,95.03666666666666,52.940901097830306,61.80883919242308,1033.767625756836,1152.5882208180285
vid_000208_frame0000010.jpg,81.10179398148148,97.84776041666667,55.527892215635745,63.90275915410394,1040.8931643636067,1253.3242190066658
vid_000208_frame0000011.jpg,86.04215856481481,101.64581018518518,58.67758459975128,66.37290705036071,986.3421468701775,1247.117039332562
vid_000208_frame0000012.jpg,65.34669560185185,86.48431134259259,45.89970325977699,57.42650543968505,1206.7536867323804,1324.9928998251833
vid_000208_frame0000013.jpg,65.00702546296296,85.82079282407408,45.80183017524659,57.40586141934772,1255.5812994426965,1373.5933010543927
vid_000208_frame0000014.jpg,66.3196701388889,87.01266782407407,46.71356824299599,58.489443455859906,1246.2281756139353,1430.0037593737945
vid_000208_frame0000015.jpg,67.91287037037037,88.57966435185185,47.71056254958655,59.52198849365831,1228.926648350393,1436.7788901531621
vid_000208_frame0000016.jpg,68.12541666666667,88.55200231481481,47.94775718224859,59.864500872727035,1224.034971204635,1474.5094570568363
vid_000208_frame0000017.jpg,67.42720486111111,87.72887152777778,47.64708637216596,59.198603682932905,1219.7125381172839,1387.7846421103059
vid_000208_frame0000018.jpg,65.6768287037037,86.4167013888889,46.57486685273816,58.25841672421039,1204.7986432074317,1341.4787387514134
vid_000209_frame0000001.jpg,123.8292824074074,137.62466435185186,50.27521811879555,49.72691724888197,525.9435860205547,1373.9221405397684
vid_000209_frame0000002.jpg,123.90541087962963,137.60373263888889,50.27302027872011,49.79144447837733,503.21516246570656,1317.9165451067051
vid_000209_frame0000003.jpg,123.62260416666666,137.9662789351852,50.031483635730716,49.32851788313931,503.888091745937,1260.0005442365398
vid_000209_frame0000004.jpg,120.55369212962962,135.8437037037037,48.44729010049109,48.35272711663647,525.7247888928741,1343.3787039287215
vid_000209_frame0000005.jpg,119.1025462962963,135.09494212962963,46.386828685100035,47.35582715592297,520.0514895446191,1282.6076588948567
vid_000209_frame0000006.jpg,118.40028935185185,133.76100694444443,46.03759383604417,47.03174694057578,503.80535756172844,1215.8944896776404
vid_000209_frame0000007.jpg,130.1276736111111,140.82960648148148,48.72231331935879,47.92310819826047,541.9688339890636,1262.8042384639703
vid_000209_frame0000008.jpg,128.65651041666666,141.59861689814815,48.07240001683257,47.284756070554536,527.7301061728394,1236.5573673594702
vid_000209_frame0000009.jpg,130.03974537037038,142.67807291666668,48.64012041333834,47.67840257856545,493.57897263682594,1152.2211316224068
vid_000209_frame0000010.jpg,132.12516203703703,143.74424189814815,50.550514877416354,49.193366912725175,561.1470695673855,1275.2039819444444
vid_000209_frame0000011.jpg,130.4999826388889,142.7215914351852,50.730430796475545,49.57611940065948,519.7835839433501,1212.8959691823868
vid_000209_frame0000012.jpg,123.39909722222222,138.11019675925925,50.48551913869472,49.43050347512028,551.3132589671947,1275.8350270656172
vid_000209_frame0000013.jpg,124.35248263888889,138.74743634259258,51.65077307261278,50.49009244375164,556.0439535300926,1274.0750689685879
vid_000209_frame0000014.jpg,125.01564814814814,138.9785127314815,52.18954191433426,50.86188025947107,577.8546091478051,1319.5811824121965
vid_000209_frame0000015.jpg,128.67802083333333,141.38328125,52.97900668057751,51.68429403037816,546.3477507682559,1279.7797288529007
vid_000209_frame0000016.jpg,128.08989583333334,141.4747627314815,53.018328502180026,51.42092060672621,534.9900101080248,1255.1037446650755
vid_000210_frame0000001.jpg,66.90421875,98.06421875,26.836178002739903,47.11685853907323,476.9237833750952,2876.801172807222
vid_000210_frame0000002.jpg,67.04959490740741,98.0071701388889,26.781634437108895,46.82057742680935,428.22244499300734,2627.108021208285
vid_000210_frame0000003.jpg,66.9922974537037,97.63384837962963,27.087675372869594,46.438584007388414,410.04608951568395,2436.272133099139
vid_000210_frame0000004.jpg,66.16913773148148,97.15781828703703,27.347345198730533,47.27121676901771,458.4538012259945,2721.619523128021
vid_000210_frame0000005.jpg,70.15048032407407,100.35280671296296,28.029629253501252,47.69624726451477,437.60099172333133,2561.26460818782
vid_000210_frame0000006.jpg,74.54388888888889,104.90527777777778,28.450162234560977,49.02136035195446,467.2691685051226,2893.6973798463423
vid_000210_frame0000007.jpg,75.98791666666666,105.61383101851852,29.517553116002322,50.235694650679015,491.850006364535,3179.0675619207605
vid_000210_frame0000008.jpg,76.15447337962964,105.30047453703703,30.606954211042265,50.98355483095251,528.7450128664788,3395.558433553529
vid_000210_frame0000009.jpg,77.063125,106.00244212962963,31.43922574901198,50.703766169370745,401.4903365900152,2873.9466415895063
vid_000210_frame0000010.jpg,77.42901620370371,105.01846064814815,33.25768406344053,52.997178531999396,503.5572699263961,3475.35708890483
vid_000210_frame0000011.jpg,78.59828125,104.76306712962963,35.08837461219211,53.36598184150209,452.3409068238812,3234.676169839858
vid_000210_frame0000012.jpg,78.58748842592593,103.69084490740741,37.103335690830285,54.02633811545773,536.2806642912687,3605.4145254747177
vid_000210_frame0000013.jpg,78.63038773148148,103.17745949074074,38.80297515634495,54.18155667162607,521.7580342680671,3408.523106533692
vid_000210_frame0000014.jpg,78.22799768518519,101.89481481481481,40.58096611759054,54.44113890302351,585.8601789125461,3526.369057676632
vid_000210_frame0000020.jpg,80.4135474537037,99.38146412037037,51.0783093236713,56.19708323857225,800.5196949138041,3539.5078010459533
vid_000210_frame0000025.jpg,85.3134837962963,102.20997106481481,56.275217628305654,58.19997049902282,802.6061235205547,3578.8230736388405
vid_000210_frame0000030.jpg,90.91900462962963,107.05237268518519,60.76845971961461,60.84458001189645,978.1463321404269,3896.4665666247365
vid_000210_frame0000037.jpg,79.06122106481482,94.07216435185185,63.66202486998068,62.6124504184185,832.1738144772041,3227.0036244051876
vid_000210_frame0000040.jpg,78.49251736111111,95.00835069444445,60.88043326601958,61.98019121235111,878.6955217951269,3513.4083531249667
vid_000210_frame0000045.jpg,108.16722800925926,116.6194849537037,60.293636928003295,61.46583009804826,774.6067161503545,3537.7304961226855
vid_000210_frame0000048.jpg,106.06422453703703,115.43907407407407,57.611660565194725,66.2619915148423,1272.515024530473,5185.7632404405385
vid_000210_frame0000050.jpg,119.29699074074074,123.82036458333333,59.0025145824775,66.16803835239575,1183.1024299542128,4995.134132616886
vid_000210_frame0000052.jpg,102.094375,112.74788194444444,58.037013699018964,65.21986826557269,1071.9117197600187,4624.644211959742
vid_000210_frame0000054.jpg,113.43171296296296,120.54728587962963,59.51020299487882,64.57200535182952,1161.9814592715836,4741.778875506065
vid_000210_frame0000056.jpg,111.10864583333333,118.53853587962963,57.302399413029,63.00405288025392,752.6955041130831,3994.946227460562
vid_000210_frame0000058.jpg,107.27260995370371,116.73830439814814,56.97575940264058,62.530827252221414,877.23218079906,4446.100483203895
vid_000210_frame0000060.jpg,107.01872685185185,115.76732060185185,56.05729157439621,63.836194890686826,964.9116321587458,4989.35866644751
vid_000210_frame0000062.jpg,100.84846643518519,112.66999421296296,54.37308687000563,63.40878082905252,988.4527301418896,4714.188114685679
vid_000210_frame0000064.jpg,93.83925347222223,106.79706018518519,56.97049237973104,61.18758787808987,781.8224296191474,3928.8663958807215
vid_000210_frame0000066.jpg,106.5976736111111,114.92821759259259,61.00300147560249,65.18979997589422,787.2736668086301,4087.8906092383286
vid_000210_frame0000068.jpg,94.2423900462963,106.23908564814815,63.18716669751779,68.73474125347734,1025.9413609375001,4634.683805694572
vid_000210_frame0000070.jpg,77.49882523148148,94.14632523148148,62.65059596321367,65.40890935810941,854.5864442642694,3317.8197535150894
vid_000210_frame0000072.jpg,79.17745949074074,100.43271412037036,52.15132235752422,55.61099572292864,642.7611813584736,2321.588736233148
vid_000210_frame0000074.jpg,72.98825810185186,96.46046296296296,44.529662215077934,52.70115815693201,604.7838030444906,2457.7382458670577
vid_000210_frame0000076.jpg,68.53533564814815,93.830625,40.23445670096217,49.60475708574028,515.818743736604,2180.466044982123
vid_000210_frame0000078.jpg,57.600833333333334,85.91520833333334,30.790376145712226,43.648618887012155,458.727549277692,1750.694020213906
vid_000210_frame0000082.jpg,55.6853125,85.25759259259259,29.392134868833775,44.2660998148188,463.0005421191474,1963.296446635983
vid_000210_frame0000083.jpg,53.951197916666665,83.06782986111111,28.355542710102377,43.100241145977634,484.36079398787797,1988.7571728860908
vid_000210_frame0000084.jpg,51.17715856481482,80.79958333333333,26.174333807368992,40.72152316528033,434.44526876232425,1652.7268873263888
vid_000211_frame0000008.jpg,76.86800347222223,101.30810763888888,46.959099267341024,47.094111907921366,343.08869238629546,674.3111790979456
vid_000211_frame0000009.jpg,76.50284143518519,100.87641782407407,46.17659406180222,46.30171944942835,329.18516469425157,658.5890502451118
vid_000211_frame0000010.jpg,76.5439525462963,100.82311921296296,45.30951440869182,45.61552366318737,342.8200935565629,673.8577699567045
vid_000211_frame0000011.jpg,76.09719328703704,100.29453125,43.5792538880277,44.082181960391544,328.5561863661694,664.9514428674433
vid_000211_frame0000012.jpg,72.39509837962963,97.82730324074075,40.261559650178214,42.58772919684914,319.7134721833405,668.2667583541973
vid_000211_frame0000013.jpg,68.93707175925925,95.07232060185186,37.732248073314516,41.134193164286614,316.6554672788266,652.7234586643465
vid_000211_frame0000014.jpg,66.01097222222222,92.18065393518519,36.23262029068361,40.29413424063108,331.5046899908037,692.1743661988811
vid_000211_frame0000015.jpg,64.41729745370371,91.26261574074074,35.49173434174685,40.17648324730356,332.4126412703819,672.525213496623
vid_000211_frame0000016.jpg,65.05943287037037,91.44869791666666,36.40346837048067,40.22713961512506,339.3023672062543,701.1216053132232
vid_000211_frame0000017.jpg,68.9297800925926,94.80835069444444,40.04548440810048,42.97771266121519,330.0252245916589,660.3934481189116
vid_000211_frame0000018.jpg,70.1050925925926,95.42623263888889,41.42714988040632,43.75526275803384,355.21137326358746,718.8927380058299
vid_000211_frame0000019.jpg,72.5195486111111,97.90002314814815,42.76063166239033,44.75165905779796,315.62260107368286,651.7024467580536
vid_000211_frame0000020.jpg,75.8253587962963,100.4817650462963,44.73982359447547,46.21500706626163,350.3507572900256,713.7588939986283
vid_000211_frame0000021.jpg,79.12235532407408,102.73793402777778,45.88358054034633,46.22960056518922,344.6408013497728,698.5399744598766
vid_000211_frame0000022.jpg,79.14793981481482,102.92990740740741,45.211086453968676,45.568688171353955,341.6811632852352,700.9976099601002
vid_000211_frame0000023.jpg,76.88803240740741,100.80981481481481,43.80806805468754,44.97209588510458,336.44002761046266,704.6489450412325
vid_000211_frame0000024.jpg,74.23186921296296,98.53135416666667,42.63564143643036,44.01886275780312,322.95917739113804,653.4901134729456
vid_000212_frame0000006.jpg,76.79107060185186,101.26947916666667,48.71983017190035,48.753539249084945,345.7455889338657,693.8859112632888
vid_000212_frame0000007.jpg,76.1061111111111,100.80492476851852,48.20099389215287,48.273230783089254,350.4035621342579,688.4420160986796
vid_000212_frame0000008.jpg,73.9876736111111,99.17244212962963,46.672116977406645,47.68016329717488,360.9659265925069,716.1556859546467
vid_000212_frame0000009.jpg,69.92511574074074,96.05229166666666,43.59003686215477,46.001320903218165,337.6399467001833,703.3698497458794
vid_000212_frame0000010.jpg,59.78344328703704,87.44587384259259,35.158106286897926,40.98953794350514,337.8330149417746,752.8688363224651
vid_000212_frame0000011.jpg,49.47134259259259,78.23065393518519,25.146402816035817,33.18544971923296,339.7857391927083,696.9175705932785
vid_000212_frame0000013.jpg,52.199508101851855,81.47451967592593,27.697461417447617,34.86539442008221,351.59490233621483,694.6013320600512
vid_000212_frame0000014.jpg,71.26910300925925,97.15149305555556,43.70165950008247,45.9744457888821,371.3635710035955,756.5704185944734
vid_000212_frame0000015.jpg,94.96178819444444,116.54454282407407,58.91896372464212,54.71963405931157,409.6918454860777,844.349724740655
vid_000212_frame0000016.jpg,99.1427488425926,119.7854224537037,62.28412616076854,56.606622328401905,435.7696527615687,886.5888937620228
vid_000212_frame0000017.jpg,76.35870370370371,101.18397569444444,48.9950351857885,49.006485199422954,354.0742429389776,738.8135376154394
vid_000213_frame0000002.jpg,50.376857638888886,79.05469328703704,28.79073218190206,37.14444201090872,343.625462654321,706.7132232292939
vid_000213_frame0000003.jpg,50.51701388888889,78.2075,28.855350053868495,36.94010197014641,343.16449908639834,703.4487844327365
vid_000213_frame0000004.jpg,49.97175925925926,77.4528125,28.57792406958961,36.132067041759655,353.07621039734306,741.6418906887645
vid_000213_frame0000005.jpg,49.43839699074074,77.70638310185186,27.8276817944063,35.84527915862443,348.6797456910352,718.3109754038869
vid_000213_frame0000006.jpg,48.647783564814816,76.39019675925925,27.18564159794734,35.561342296565634,353.76283074189274,750.2382716369544
vid_000213_frame0000007.jpg,48.45462962962963,76.66642939814815,26.869091759723762,35.3872985800339,351.59253096654237,721.7175121479552
vid_000213_frame0000008.jpg,48.56147569444445,76.8747337962963,27.037829181539404,36.002772566182784,359.14751217417773,752.0179021411701
vid_000213_frame0000009.jpg,48.91042824074074,77.33622685185185,27.108700257993206,35.30191255736433,346.1612834876543,706.060935152901
vid_000213_frame0000010.jpg,49.50694444444444,77.2628125,27.843520223588072,36.159713924080286,360.1213151897666,736.8209289217892
vid_000213_frame0000011.jpg,50.7652662037037,78.27183449074074,28.66887918704135,35.86050860033163,349.10630399613666,718.828060466466
vid_000213_frame0000012.jpg,50.92471064814815,79.2783275462963,28.955488318032558,37.223512895066676,361.309105693768,755.420081867284
vid_000213_frame0000013.jpg,50.53321180555555,77.97435185185185,28.502184918425463,36.123956181847696,348.6551918965072,723.5981988422911
vid_000213_frame0000014.jpg,49.244288194444444,77.23659143518519,27.726481615394256,36.27382713347826,360.21329140782404,755.5773925443337
vid_000213_frame0000015.jpg,49.369675925925925,77.3248263888889,27.767228458812106,36.34943382872605,364.9463134150753,750.0555454496408
vid_000213_frame0000016.jpg,49.66608796296296,77.54306712962963,28.329311936377117,36.49876246430897,359.2967633219401,755.1068997971524
vid_000213_frame0000017.jpg,50.02220486111111,77.7016261574074,28.71899816016869,37.03725626342047,354.4075512140721,738.5217387755259
vid_000213_frame0000018.jpg,50.187789351851855,78.08266782407408,29.10856735555126,37.168732977729434,360.1166765351388,756.4813275074146
vid_000214_frame0000001.jpg,51.85825231481481,74.04190393518519,45.310318404200615,58.43589780798298,2168.4234176657005,2385.2408020396288
vid_000214_frame0000002.jpg,51.99662037037037,74.14554976851852,45.36408526173165,58.542757911822804,2135.040498223668,2352.376065045091
vid_000214_frame0000003.jpg,52.1076099537037,73.80218171296296,45.3721403797987,58.30362422911107,2176.474446132297,2362.876611347382
vid_000214_frame0000004.jpg,52.230324074074076,74.47747106481482,45.3314504499357,58.50093552862943,2114.8378856288577,2353.481687061116
vid_000214_frame0000005.jpg,52.63376736111111,75.1452662037037,45.650165939179054,58.83080315655122,2140.5050506218054,2349.536987147922
vid_000214_frame0000006.jpg,52.734085648148145,75.21343171296296,45.71689738186687,58.701195322757854,2096.9326769642435,2251.9316292758435
vid_000214_frame0000007.jpg,53.71813078703704,76.05373263888889,46.40590078096836,59.16472806352866,2147.862360588637,2300.90334114369
vid_000214_frame0000008.jpg,53.871886574074075,76.21700231481482,46.583172941545634,59.45414933340084,2181.4594834731533,2346.2085884825906
vid_000214_frame0000009.jpg,53.329849537037035,75.82026620370371,46.08691549997065,59.121079749633026,1933.3872753170813,2160.7327352735647
vid_000214_frame0000011.jpg,53.78453125,76.05894675925926,46.566612386880756,59.19585428193821,2109.8533492535794,2286.60178796082
vid_000214_frame0000012.jpg,53.78517361111111,75.74478009259259,46.715419797373755,59.264533217777775,2146.6083169149933,2310.6849974246347
vid_000214_frame0000013.jpg,53.94983217592593,75.76963541666667,46.796152086336924,59.35829554869127,2148.0702412872606,2290.0832570526495
vid_000214_frame0000014.jpg,53.88689814814815,76.11327546296296,46.83843991148166,59.51433683609237,2220.6243843058433,2352.464289424156
vid_000214_frame0000015.jpg,54.69328125,76.56277777777778,47.467754076642606,59.749675197991095,2163.7448061864698,2309.1072302822454
vid_000214_frame0000016.jpg,55.10642939814815,76.66307291666666,47.80422057683961,59.7450570735676,2121.1529356090323,2288.011153495799
vid_000214_frame0000017.jpg,54.70489583333333,76.29342013888889,47.644963824969665,59.537983213502905,2206.830875180544,2343.579767631039
vid_000214_frame0000018.jpg,54.237934027777776,76.06289930555556,47.23747264012125,59.483123352899426,2155.581360491684,2317.197468006493
vid_000214_frame0000019.jpg,54.00472800925926,75.82997685185185,46.925326017608995,59.30099631446636,2069.057346522955,2237.943541673063
vid_000214_frame0000020.jpg,53.93440393518519,76.17421296296297,46.80405207785199,59.33262208399401,2089.4637694824887,2262.865340855276
vid_000233_frame0000020.jpg,135.14361689814814,152.8459375,30.800247156167607,43.35564520064962,372.1524145864144,2059.2571094030977
vid_000233_frame0000021.jpg,135.3922511574074,152.8409548611111,30.764112410553018,42.854866234394784,355.77074783384637,1967.9116074930073
vid_000233_frame0000022.jpg,130.68501157407408,144.5956539351852,41.25730190562967,41.06906184788525,318.93592021360456,1123.6882270442172
vid_000234_frame0000001.jpg,59.96912037037037,79.43352430555555,42.47838851572548,51.146003586144445,1629.9438865719308,1215.7782890141407
vid_000234_frame0000002.jpg,60.15864583333333,79.69561342592593,42.59571159535171,51.33209965796261,1631.0159073881173,1214.7761757321873
vid_000234_frame0000009.jpg,54.065491898148146,73.2745949074074,38.70339340474887,47.19577983966218,1714.0480108923555,1223.1263043297954
vid_000234_frame0000011.jpg,54.255515046296296,73.95199074074074,38.77656013619957,47.5996842477069,1705.7807200279374,1240.448935640613
vid_000234_frame0000060.jpg,49.4296875,71.85923611111112,38.366899683679534,48.83808139952719,1788.4796627743488,1174.2798737662024
vid_000234_frame0000062.jpg,57.310891203703704,79.38119212962962,40.932371272084346,51.68165647665929,1765.7555066663117,1218.2325806324145
vid_000235_frame0000006.jpg,84.36368055555556,109.41641782407407,34.023708446515805,36.68843252510929,281.06608825820905,625.86231875
vid_000235_frame0000007.jpg,89.6619212962963,113.17184027777778,36.49590488206139,38.51106663449275,277.4447317867745,638.1361852575232
vid_000235_frame0000011.jpg,109.11791087962963,128.1763599537037,43.88739026312454,43.38807896196053,313.0480833812572,727.6832049735029
vid_000235_frame0000012.jpg,121.95738425925926,136.8842534722222,48.3536061517662,44.46458145942316,354.04299486547814,752.2593455020523
vid_000235_frame0000014.jpg,140.80311342592591,150.7364988425926,52.73009528381218,45.96430208305831,367.6896672130862,734.9287029801901
vid_000235_frame0000017.jpg,134.81874421296297,145.78770833333334,48.89920636992163,43.92523426683587,354.48369248113846,772.2929103965394
vid_000235_frame0000020.jpg,137.61025462962962,146.53832175925925,47.01618069020944,42.93693643716834,330.91236151536646,737.6557751347294
vid_000235_frame0000021.jpg,119.85299189814815,135.54995949074075,43.867529341372055,44.49119052286506,282.83400899991426,800.6875953167867
vid_000235_frame0000023.jpg,117.53041666666667,130.81951967592593,44.64129527475508,45.23336278197306,278.7142617412216,968.736317964999
vid_000235_frame0000027.jpg,123.1951099537037,138.88598958333333,41.40434668007833,48.843820503656445,334.0217650161555,1556.952383268497
vid_000235_frame0000032.jpg,126.88638888888889,139.79072916666667,40.394113093469755,50.60529465305009,376.9161003327212,1735.209764129982
vid_000235_frame0000037.jpg,133.6401099537037,140.81241319444445,44.565924677370056,52.97626556119968,380.9803423562886,1733.1025383026501
vid_000235_frame0000039.jpg,120.59060763888888,133.3740914351852,41.510475401199066,51.12072225874287,330.5074739687486,1446.1383157013233
vid_000235_frame0000048.jpg,108.44108217592593,129.70868634259259,35.84186689067026,48.49514977667629,314.76474721817,1314.8714770399304
vid_000235_frame0000070.jpg,124.19670138888888,138.69171296296295,39.48372995613249,44.941959543630425,291.6023214883603,1139.9740052885747
vid_000235_frame0000089.jpg,123.02110532407407,139.5395775462963,38.253810632993485,43.41075971021273,311.5235920497564,1102.3774102707853
vid_000235_frame0000116.jpg,145.14834490740742,153.5834722222222,27.770248840086005,41.528716915941594,312.67167399034963,969.2198570960527
vid_000235_frame0000126.jpg,147.33508680555556,153.43929398148148,30.9494271311992,44.3724577515033,326.31612171903794,1263.2900531040689
vid_000235_frame0000132.jpg,129.98601273148148,144.33605902777776,43.25444750687307,42.20916705029666,277.48207410860203,805.0283922678422
vid_000235_frame0000135.jpg,122.16851851851852,137.92723958333335,44.69670222143776,46.69460164537133,314.48233284022956,1186.8796772424432
vid_000235_frame0000139.jpg,127.93586226851852,141.76351273148148,41.932302981617184,47.11832984942916,382.6464063934703,1432.8417764166184
vid_000235_frame0000143.jpg,127.7780787037037,142.046875,41.86357374250084,47.3012154036268,365.12482621192873,1426.3543554711275
vid_000235_frame0000147.jpg,125.75549768518519,140.4976388888889,42.180732706694485,47.38141673517754,361.2094177876037,1462.161210839844
vid_000235_frame0000149.jpg,124.38721643518518,139.44212962962962,41.68094352357748,46.61988486589303,367.3417158588593,1442.496499479937
vid_000235_frame0000151.jpg,124.35654513888889,139.58922453703704,41.713000064806266,46.976708813266555,366.1609309572991,1477.381196034674
vid_000235_frame0000156.jpg,122.8416087962963,138.88071180555556,41.408910577188,46.35426860865494,321.9134828301491,1269.2517512430072
vid_000235_frame0000161.jpg,117.18887731481482,135.47738425925925,39.99219277268197,45.87464032668098,302.50405787837445,1153.42048803155
vid_000236_frame0000001.jpg,73.5584375,94.46885416666667,52.690654803077855,62.58680815794994,1555.6330051935643,1330.4493954434788
vid_000236_frame0000003.jpg,74.32994791666667,95.2160011574074,52.97218309477146,63.071072525879984,1590.7237039311326,1352.9588165461034
vid_000236_frame0000007.jpg,74.10266203703704,94.9019675925926,52.84028032093546,62.78252363441881,1544.928687511755,1318.942426694182
vid_000236_frame0000009.jpg,84.16885416666666,101.98641782407407,55.90985692788281,64.63599918587148,1407.0133356023005,1431.4890114036446
vid_000236_frame0000010.jpg,80.27527777777777,98.6891087962963,53.83711026840565,62.680779120847696,1414.2109515925067,1393.2721725737313
vid_000236_frame0000012.jpg,75.86871527777778,94.70177662037037,50.73616553789198,60.27885751663088,1451.5494195280014,1316.9714305212622
vid_000236_frame0000016.jpg,76.07225115740741,95.16800925925926,50.847793192962925,60.63116360206734,1373.9785755240148,1282.9734966401695
vid_000236_frame0000020.jpg,83.79541666666667,100.7880613425926,55.58972859937629,64.77602835437355,1413.210707276898,1500.6088540057817
vid_000236_frame0000023.jpg,85.12460648148148,102.44722222222222,56.45767388776627,66.20403369834877,1503.6777118079335,1857.5607396837693
vid_000236_frame0000030.jpg,90.44657407407408,105.48186342592592,59.52388714659694,68.82091549442369,1344.802283927978,1938.0440771843053
vid_000236_frame0000031.jpg,90.98416666666667,106.66414351851851,59.80741085203466,69.72393878890277,1347.2422258968568,2318.757068530843
vid_000236_frame0000037.jpg,91.35506944444444,107.08700810185185,60.01717493185374,69.41769760610622,1379.5458298249087,1714.7194218026284
vid_000236_frame0000044.jpg,91.63887152777778,107.46359375,60.178271498374784,70.10294269891902,1408.3014815134977,1934.925875268421
vid_000236_frame0000045.jpg,91.46079861111112,106.99299189814815,59.91677843685447,69.61063787775271,1519.055600156431,2266.4410964344083
vid_000236_frame0000048.jpg,91.04739583333334,107.14192708333333,59.7209738804348,69.9609812812964,1514.7138790122117,2450.6679660267437
vid_000236_frame0000050.jpg,90.20256944444445,106.61610532407407,58.94621681833578,67.1200621752213,1245.690025436707,1475.7028212061418
vid_000236_frame0000052.jpg,85.511875,103.7219212962963,56.874655149163125,66.17256995785444,1455.3578912757403,1406.585875259211
vid_000236_frame0000053.jpg,85.05486689814815,102.82148148148148,56.715104951589254,65.93390002726376,1518.3848055507333,1520.1007132523148
vid_000236_frame0000057.jpg,76.62017361111111,98.32088541666667,54.04732282545999,65.5233730838153,1756.875586366169,1432.7410863996258
vid_000236_frame0000060.jpg,78.59771412037037,99.34785300925925,55.41066342259548,66.46542420824603,1753.401198625277,1496.9348823558328
vid_000236_frame0000064.jpg,80.16883680555556,100.42059606481482,55.75141197691882,66.37781627642015,1748.050873826484,1487.5617443896551
vid_000239_frame0000013.jpg,129.7528761574074,140.94805555555556,52.20731942742476,44.77682452717761,334.4622498166098,656.8636055796347
vid_000239_frame0000017.jpg,141.81454282407407,149.4195486111111,55.25778381013954,46.537892861822506,361.29196391661844,684.9505424377359
vid_000239_frame0000045.jpg,131.09038773148148,140.93102430555555,54.05192286993709,45.86080785610614,316.55218878547237,671.8481681640291
vid_000239_frame0000053.jpg,134.35222800925925,143.48368055555557,55.34797239012475,46.74702134370773,340.0417161131473,703.0176740921586
vid_000239_frame0000063.jpg,136.82505208333333,145.35628472222223,53.33479632051226,45.38300555429483,328.81018104500896,760.9823774432817
vid_000239_frame0000065.jpg,137.89090856481482,147.02580439814815,53.40350269613574,45.71178832899549,343.5615235145265,799.0598872587395
vid_000239_frame0000067.jpg,137.91655092592592,147.95156828703705,52.936082104429026,46.07669806529827,347.57900996602797,809.9319292025342
vid_000239_frame0000073.jpg,133.56722800925925,145.33458912037037,51.099764498318976,45.390366496894266,337.94333773118007,810.8535748335892
vid_000240_frame0000016.jpg,144.44942708333335,150.8460300925926,36.5591197427069,42.60924585837521,330.0343651233228,1257.7717787226925
vid_000240_frame0000018.jpg,142.88800925925926,150.44506944444444,36.35835583593553,42.309319974541545,363.1237322731468,1384.037312393871
vid_000240_frame0000021.jpg,145.1741377314815,152.97931712962964,36.740947724682904,41.86273259223822,338.68898348765435,1243.589334655477
vid_000240_frame0000028.jpg,145.12317708333333,153.67386574074075,38.79244130207147,43.29218641930038,333.49270467772095,1220.4316873005348
vid_000240_frame0000030.jpg,143.43725694444444,153.95783564814815,37.48892519642372,44.99910163651447,365.08581507148057,1455.8352331741899
vid_000240_frame0000032.jpg,142.5604050925926,153.09297453703704,37.40035631047804,46.370963577899374,404.7461924837843,1676.621464471879
vid_000240_frame0000043.jpg,140.36439814814815,152.81023148148148,39.5374266384818,50.23085186068538,374.71672343719865,1896.6048749718352
vid_000240_frame0000052.jpg,148.9721238425926,157.28076967592594,54.716787063727125,53.921118274154665,486.41462364312747,1912.8482791473764
vid_000240_frame0000057.jpg,144.1099363425926,154.8485763888889,57.63931916870686,50.94286774999717,408.4002719773448,1356.909445327738
vid_000240_frame0000058.jpg,137.46266203703703,149.3939814814815,56.383024758135505,49.354631390613804,372.35618489553195,1145.1465404501832
vid_000240_frame0000060.jpg,137.95357060185185,148.86411458333333,56.40460730381894,48.86967612583777,380.94524137517146,1169.9232185771593
vid_000240_frame0000063.jpg,128.0536747685185,142.80994212962963,54.658374157552494,48.220482366651794,319.8860829153472,1044.066968335229
vid_000240_frame0000064.jpg,117.7253125,135.26524305555554,54.567571286701,48.60066722232126,304.8956408130787,917.0273722088261
vid_000240_frame0000066.jpg,139.23440393518518,150.26554976851853,64.09709126936508,55.315626230850725,378.3432003946103,965.783726373584
vid_000240_frame0000068.jpg,125.32119212962964,139.6878240740741,62.661956789358406,56.57082161937612,363.1597824355053,1191.276407876767
vid_000240_frame0000069.jpg,122.29391782407407,136.75233217592591,64.36882491093452,58.89360500442673,381.93856529371885,1115.8877057572647
vid_000240_frame0000072.jpg,132.78898726851853,140.55119791666667,72.73375378778644,66.01322578325018,609.2601119027764,1746.1688527258016
vid_000240_frame0000077.jpg,127.65234375,138.07733217592593,69.91417959880835,63.54010305954736,605.0107423318744,1710.871568980276
vid_000240_frame0000085.jpg,123.48204861111111,135.1218460648148,66.06174231821325,61.479965474078604,571.1790920138554,1602.6238682858316
vid_000240_frame0000108.jpg,124.03436342592593,133.91393518518518,66.92704871161996,61.57569698012676,465.1093866378386,1366.216456124313
vid_000240_frame0000126.jpg,137.0451273148148,148.29977430555556,50.25585948523348,47.25446373139425,308.4855904947582,1112.8667371479216
vid_000240_frame0000127.jpg,132.2453414351852,143.5078587962963,49.42632328767322,46.717377539468615,332.27669866868,1154.2246837961625
vid_000240_frame0000131.jpg,123.53871527777778,135.53768518518518,45.81434271941978,40.614172103591514,279.7406204544632,671.9235252362704
vid_000241_frame0000005.jpg,131.7888888888889,139.37208912037036,85.45980031064782,86.57042101029349,824.2513889812872,719.7302098497179
vid_000241_frame0000006.jpg,132.2714351851852,137.76080439814814,86.41209709484623,86.22742090150422,789.7373993400836,746.5425764234168
vid_000241_frame0000007.jpg,131.6875462962963,136.46096064814816,86.46720851366722,85.69050314997382,786.2885986445675,735.7515821911638
vid_000241_frame0000008.jpg,131.57961226851853,135.87578125,86.53992571585222,85.37373889599645,793.0738733576269,774.8387211028593
vid_000241_frame0000009.jpg,129.98156828703705,135.41579282407406,85.4350068486312,85.04253628976483,771.4139574215735,803.1444494918927
vid_000241_frame0000010.jpg,126.45871527777778,132.244375,83.34887811525546,83.12271858928935,771.0635227258754,835.8154516198347
vid_000241_frame0000011.jpg,122.67299189814815,130.05685185185186,81.05038716124902,81.80286897189859,758.7245102418499,830.5755957399638
vid_000241_frame0000012.jpg,121.30774884259259,129.62667824074074,80.158304066321,81.44941756455233,775.2832660225573,848.7285240342882
vid_000241_frame0000013.jpg,122.87706018518519,131.72204861111112,80.82325926151324,82.61007653634168,761.9056944251541,818.0950640346365
vid_000241_frame0000014.jpg,123.38563657407407,132.54313078703703,80.84355862981748,82.77919188807424,727.5439161903079,711.8295757694616
vid_000241_frame0000015.jpg,119.90122106481482,131.2522627314815,78.12732207446714,81.50901473289484,774.1614886908637,728.926866864357
vid_000242_frame0000007.jpg,164.60511574074073,167.38010416666665,22.1725324681557,33.98348012322231,654.7722923691151,1037.6185360177417
vid_000242_frame0000008.jpg,166.32524305555555,169.66395833333334,20.542693614428813,32.23987376305192,702.2092060908565,976.2971302640603
vid_000242_frame0000010.jpg,168.25197337962962,172.9717824074074,20.963509111717652,32.28091222449028,702.8540186387804,1029.4323295524691
vid_000242_frame0000011.jpg,159.88684606481482,165.51983796296295,22.153177351991836,34.0737167222779,790.7024551492574,1335.7915362798662
vid_000242_frame0000012.jpg,145.12063657407407,156.94325231481483,21.752356621208996,32.699694323753135,721.9018089729884,1238.2664687411252
vid_000242_frame0000014.jpg,159.65490740740742,163.3219560185185,20.846845540102898,32.311888856143476,736.4866766953874,1250.2794986388406
vid_000242_frame0000015.jpg,158.7927835648148,165.0921701388889,23.667419931418387,35.023511035693566,754.100361946983,1183.7632956768691
vid_000242_frame0000055.jpg,160.99503472222221,164.87052662037038,24.65638225681466,36.297848393349156,863.87600074344,1186.3484004581403
vid_000242_frame0000057.jpg,160.88269675925926,165.10835069444445,25.57338911232636,36.072668775413845,811.8653671143248,970.7881472210165
vid_000242_frame0000060.jpg,169.73133101851852,172.3830150462963,21.77840508599059,33.74052723278836,726.8326684750823,1162.3582297441649
vid_000243_frame0000012.jpg,161.74774884259259,161.70835069444445,36.533194224338175,37.96061988096854,670.8773566113883,1237.4503641105914
vid_000243_frame0000013.jpg,164.13325810185185,162.85626157407407,35.72996204700115,38.326036882957276,657.745775633225,1287.4662058147665
vid_000243_frame0000014.jpg,163.7701851851852,163.36379050925925,35.08643968780113,37.64398361664434,670.2933075483325,1332.688800657974
vid_000243_frame0000015.jpg,163.4593923611111,162.8071527777778,34.47283745669857,37.51539372001045,667.9822520574791,1398.1122436194903
vid_000244_frame0000005.jpg,167.7980787037037,182.19094328703704,27.950080186284467,29.16498793048284,703.0159408476067,594.1013358335142
vid_000244_frame0000006.jpg,159.18263310185185,173.4583159722222,36.67339689510687,35.76268582792704,698.0032436234087,827.6942115900151
vid_000244_frame0000007.jpg,168.29232060185186,180.4907986111111,21.667273897665893,27.114527907890558,661.2780737396785,681.5948976007573
vid_000244_frame0000008.jpg,167.04422453703702,179.41730902777778,21.72440118139793,25.670758425279118,671.0001738340192,636.6582402287152
vid_000244_frame0000009.jpg,165.1767939814815,179.3490451388889,21.52144749363865,25.950747547576643,663.3671638754929,610.3924713154524
vid_000244_frame0000010.jpg,156.62347222222223,178.40190972222223,21.201139305496774,26.662970595614258,707.5181189471881,684.2769342334051
vid_000244_frame0000011.jpg,166.5628125,183.77767939814814,21.356306834911337,26.336725136415563,692.3123559148004,567.6017288771808
vid_000244_frame0000012.jpg,166.39846064814816,184.1234201388889,21.35667185718742,26.092938285079093,693.7352808286984,549.676194958312
vid_000244_frame0000013.jpg,171.28686342592593,185.84432291666667,21.206515718332962,25.882614187752,686.1233276906707,524.7709210539641
vid_000245_frame0000004.jpg,119.68213541666667,128.09541087962964,76.2750547654197,77.49588377512784,1392.9733550451376,3213.037016770318
vid_000245_frame0000005.jpg,136.58891203703703,142.3427951388889,63.39572301426589,61.804747694312034,726.9501210614659,1433.881928798011
vid_000245_frame0000006.jpg,159.1966261574074,159.04729166666667,37.87453506567784,43.91714668278807,647.6922821606211,1197.9483871522418
vid_000245_frame0000011.jpg,127.4028761574074,143.37144675925927,40.475594639284104,45.311269927001916,943.8194986592024,1480.6657440617228
vid_000245_frame0000014.jpg,141.6965335648148,146.18480324074073,51.491431636392754,62.41527926868659,1365.691838907342,3867.660814300378
vid_000245_frame0000015.jpg,151.6085011574074,149.18352430555555,49.10908915079838,60.6474614219847,1288.6809580970291,3584.6736628406584
vid_000246_frame0000001.jpg,138.42193287037037,151.20440393518518,65.40679326031314,67.67176881287175,1695.6949668101372,4955.26552037037
vid_000246_frame0000005.jpg,136.75581597222222,149.24614583333334,65.22735273103966,67.67759663167601,1539.9767110575274,4702.846299896584
vid_000246_frame0000008.jpg,136.07447337962964,149.27489583333335,64.80227407820244,67.43430315845194,1585.6855661844138,4743.3364255078395
vid_000246_frame0000011.jpg,135.63892361111112,148.8704224537037,64.51735478370011,66.58756938049389,1365.125302333971,4260.9953567708
vid_000246_frame0000014.jpg,142.0562673611111,153.94680555555556,64.93845777429924,66.80586314768065,1544.8385099823374,4538.959321609727
vid_000246_frame0000020.jpg,132.49507523148148,145.88486689814815,67.0406230414343,69.80478419126607,1444.270487557837,3579.0212547244396
vid_000246_frame0000021.jpg,130.2619039351852,144.67462962962964,65.71502704991703,69.92169133283538,1567.6290739228339,3792.6607008945457
vid_000246_frame0000024.jpg,131.4487037037037,142.97985532407407,63.21348699553309,70.66584654907622,1841.1509764397933,4189.558661093931
vid_000246_frame0000027.jpg,151.58751157407409,156.42891782407406,53.08094538552134,57.54056584843079,719.425261694336,2216.3452536844134
vid_000246_frame0000029.jpg,147.27216435185184,152.75769097222224,48.544594338901874,53.149379116368124,1037.1142373969853,2553.4244520956577
vid_000246_frame0000030.jpg,136.46920138888888,148.98813078703705,47.48664457041227,54.40094988789366,1052.1482663239656,2432.023563515411
vid_000246_frame0000031.jpg,134.41938078703703,150.8882986111111,46.011049831111436,54.71171934282333,1106.0082682216314,2547.243548198483
vid_000246_frame0000032.jpg,118.3779224537037,139.86539351851852,50.0232625731427,58.45022420657467,1020.7859643420729,2512.660051946159
vid_000246_frame0000036.jpg,140.83277199074075,151.05380787037038,43.67867960634834,52.692398980010786,830.1132713391634,2398.083379092587
vid_000246_frame0000044.jpg,119.84291087962963,137.60650462962963,55.09537767631055,61.97477280825028,1254.6885284512912,3272.5365574588145
vid_000246_frame0000046.jpg,131.47311921296296,144.53270833333335,61.259792165984244,65.44192360673787,1229.5072420106403,3757.022639443179
vid_000247_frame0000006.jpg,147.71649305555556,150.04475694444446,53.30428315791441,68.1085110800269,1174.2503849258403,4091.5352369336206
vid_000247_frame0000007.jpg,145.21657986111111,151.5078761574074,46.367036321983434,65.62648575392856,1239.2551833333334,4257.477373822465
vid_000247_frame0000008.jpg,152.59032986111112,153.1276099537037,46.71741251592235,66.3986191616915,1244.6648633005066,4455.146559239969
vid_000247_frame0000012.jpg,151.31022569444445,152.3204513888889,45.49067318499543,67.01144359347464,1326.1990997465157,4878.126995871378
vid_000247_frame0000014.jpg,151.89976273148147,153.44714699074075,38.657561846379636,62.83595334637886,996.6536568238812,3999.5827942249857
vid_000247_frame0000016.jpg,178.4077025462963,165.64800925925925,45.076995469217906,65.22644434838716,895.3442098764092,3023.568133551419
vid_000249_frame0000001.jpg,46.397390046296294,65.59167824074073,59.134245549092476,65.4042426999635,1783.7501484130862,1516.0764178882405
vid_000249_frame0000005.jpg,40.735422453703706,58.78341435185185,56.39285269896843,62.046548389462444,1929.4658636426382,1377.4275777512203
vid_000249_frame0000006.jpg,39.32900462962963,58.028078703703706,54.425285785244476,60.96023492145508,1949.508135865129,1428.2745547089
vid_000249_frame0000008.jpg,36.601898148148145,56.997002314814814,50.144298594977066,59.03738685417436,2044.301531502881,1535.986461142424
vid_000249_frame0000009.jpg,37.14072916666667,57.725902777777776,50.58201717513205,60.12934426724664,1858.5708266779393,1448.4852660267434
vid_000249_frame0000012.jpg,40.280769675925924,60.34347800925926,53.29283753913291,62.30237712407817,1931.607293226454,1478.7118996651018
vid_000249_frame0000017.jpg,34.29189236111111,57.88953125,44.948999535764884,60.027497184066,1894.2732925893438,1645.6160033837757
vid_000249_frame0000020.jpg,34.82621527777778,59.20079861111111,46.2366364104863,61.34988014123338,1964.9876958474993,1799.4878256405593
vid_000249_frame0000023.jpg,35.0555787037037,61.61655092592593,45.22723966045232,62.02954402982769,1985.3149739783933,1782.1303531430844
vid_000249_frame0000028.jpg,44.782853009259256,71.52086805555555,56.39811266550245,68.05107358043797,1813.7435887570396,1816.9061183979552
vid_000249_frame0000033.jpg,48.58445023148148,74.85087384259259,58.498919625280855,70.46012458167459,1848.4433088648836,1813.4879757324888
vid_000249_frame0000040.jpg,47.307488425925925,73.94021990740741,57.355388195308976,70.48824216010789,2015.7406818467882,1887.4161056048526
vid_000249_frame0000048.jpg,45.81755208333333,71.58258101851852,56.0749476232671,69.52731018046748,1856.5815397113981,1921.2801827416356
vid_000250_frame0000001.jpg,16.397853009259258,34.237291666666664,36.43484759448053,47.53940970471066,2122.919023726316,1248.0497657684703
vid_000250_frame0000002.jpg,16.540335648148147,34.36202546296296,36.55774437737392,47.523664573648055,2178.8587716478055,1256.6961704984355
vid_000250_frame0000003.jpg,15.812552083333333,32.99238425925926,35.96257035151682,46.726953493045464,2284.4483078441144,1275.322743900972
vid_000250_frame0000004.jpg,10.050497685185185,24.41550925925926,31.122204745559586,41.002017257509415,2389.807952811502,1195.4716889273352
vid_000250_frame0000006.jpg,12.993408564814814,28.67982060185185,34.79196851934553,46.540837704894955,2533.3892070255906,1275.776981035364
vid_000250_frame0000007.jpg,16.182395833333334,31.777372685185185,38.06737184111365,51.52698735133488,2520.0514364122173,1314.4830986180434
vid_000250_frame0000008.jpg,24.933998842592594,42.74766782407407,46.04592189089503,60.697349849103574,2369.462219091562,1344.0093432476197
vid_000250_frame0000011.jpg,25.20837962962963,42.94047453703703,46.267171528669095,60.501923643712594,2494.9659483205533,1371.9619625180846
vid_000250_frame0000015.jpg,48.96259837962963,70.23552662037036,52.90310999100757,66.10201936063443,2449.55960449768,1621.7862883013104
vid_000250_frame0000055.jpg,20.407592592592593,47.086157407407406,29.649428750363946,52.522072811882666,2394.189723885694,1567.747731383825
vid_000250_frame0000063.jpg,18.256145833333335,40.09633101851852,32.01268759554317,52.75267878016262,2312.185825122941,1343.1874141155479
vid_000250_frame0000070.jpg,11.966741898148149,27.045653935185186,30.613286295885427,44.71351598547152,2535.8694696659795,1362.4714296871987
vid_000250_frame0000071.jpg,10.994976851851852,25.171145833333334,30.017074388763728,42.89623991585448,2385.443259786389,1338.629943090787
vid_000250_frame0000075.jpg,15.908339120370371,31.840775462962963,34.580632523666324,48.022115197164815,2254.1899534613717,1354.6915392809876
vid_000250_frame0000076.jpg,17.597216435185185,34.74337384259259,36.98703498927784,51.22806039613953,2362.995877502894,1356.4475480624144
vid_000251_frame0000001.jpg,31.774461805555557,56.261174768518515,34.999119623513316,48.70318050407501,2106.080017540315,1361.944090526406
vid_000251_frame0000002.jpg,31.928217592592592,56.338177083333335,35.04262711814773,48.71263424040972,2077.426143916076,1324.1540787760416
vid_000251_frame0000003.jpg,32.31563078703704,56.67294560185185,35.72804429572118,49.5819345928227,2146.402319556836,1385.9530740547839
vid_000251_frame0000004.jpg,31.61222800925926,55.25428819444444,35.819675171768026,49.085892413624755,2089.3291163167314,1251.952216037025
vid_000251_frame0000005.jpg,32.28834490740741,56.73555555555556,35.73510299944634,49.767068421079365,2206.7624345741974,1453.051042240548
vid_000251_frame0000006.jpg,38.61127893518518,63.01515625,35.745409914582694,48.754390193213986,1944.309260370819,1286.032493878065
vid_000251_frame0000007.jpg,48.48058449074074,71.06042824074073,39.28735386818418,52.83004508083005,1862.106612702245,1286.5619742018378
vid_000251_frame0000008.jpg,51.35302083333333,73.65482638888889,41.03786213493641,54.20944004415112,1811.3438921294962,1301.547917283415
vid_000251_frame0000009.jpg,51.81885416666667,74.55166666666666,41.20196963650897,54.68387669055119,1726.1528055292995,1225.8915286265433
vid_000251_frame0000010.jpg,53.82227430555555,74.04211805555556,41.23109014281057,50.90488710944119,1502.2484664351853,1125.7545803192515
vid_000251_frame0000011.jpg,57.06773148148148,78.84984375,43.070166109996755,55.375173108989785,1635.57409271262,1134.1712163480781
vid_000251_frame0000012.jpg,60.62973958333333,82.69951967592593,45.873238144104256,59.61806782631724,1701.4264274634763,1215.3983160780165
vid_000251_frame0000013.jpg,59.404207175925926,82.32174768518519,45.363811008311664,59.565976564438415,1710.9415782929516,1223.9900565535181
vid_000251_frame0000014.jpg,59.73240740740741,82.77189236111111,45.618792862809784,60.31846346842829,1704.0108364797336,1286.6345338214805
vid_000251_frame0000015.jpg,60.06613425925926,82.63589699074075,45.861951558964314,60.25351422491764,1651.7806794085636,1255.8159295246057
vid_000251_frame0000016.jpg,55.92969907407407,79.49019097222222,43.81572602538574,58.95529602373257,1713.0221572913654,1252.9026370729048
vid_000251_frame0000017.jpg,50.36210648148148,76.25380208333333,41.19186421500222,58.27445451158567,1867.4266268967278,1302.0509433106135
vid_000251_frame0000018.jpg,47.101342592592594,74.285625,39.64797494423803,57.458132739381746,1896.7484378921988,1289.6975979872632
vid_000251_frame0000019.jpg,46.92840277777778,73.7562037037037,39.96959233389515,57.69205814169894,1903.4113411265432,1296.5967248551901
vid_000251_frame0000020.jpg,46.391047453703706,73.42872685185185,40.20169942038645,57.865131858081575,1961.400221806279,1374.1286353025
vid_000251_frame0000021.jpg,45.80361111111111,73.4324363425926,40.24647782975073,58.37348554593795,2004.0133925692503,1381.5143131507402
vid_000251_frame0000022.jpg,45.02835648148148,72.8400925925926,39.56853049624386,58.34715468395737,1928.3744225817684,1415.668356624516
vid_000251_frame0000023.jpg,45.011684027777775,73.22800925925925,39.52929508853475,58.43391766773741,1933.8500821220405,1397.1676873887805
vid_000251_frame0000024.jpg,44.755520833333335,73.19653935185185,39.69991587163433,58.60852208262123,1945.5559273693366,1386.475578635887
vid_000251_frame0000025.jpg,44.86281828703704,72.613125,39.6808095926435,58.198960443601194,1942.5767586739912,1364.2425400586205
vid_000251_frame0000026.jpg,44.94000578703704,72.75636574074075,39.71365702915807,58.15867239505319,1988.1140158788528,1373.0300975817686
vid_000251_frame0000027.jpg,44.9446412037037,73.03467013888888,39.923627063477994,58.511302687552885,1996.5723987193164,1446.2986931825153
vid_000251_frame0000028.jpg,45.00688078703703,73.32574652777778,40.02659813147807,58.892133872221976,1978.2118135802468,1453.3080594615042
vid_000251_frame0000029.jpg,45.18559027777778,73.31476851851852,39.920634235070416,58.61306456282947,1934.0905917211885,1409.6885628209661
vid_000251_frame0000030.jpg,44.90958912037037,73.77675925925926,39.70494188842977,58.98934168212247,2051.763831867284,1474.953593110981
vid_000251_frame0000031.jpg,44.99641203703704,73.43832754629629,39.36260973305622,58.23475106180738,1940.3946017468277,1407.1442620439695
vid_000251_frame0000032.jpg,43.43731481481481,70.83259837962963,38.87411909461581,57.18190984483688,2005.5156376805433,1369.4379076525192
vid_000251_frame0000033.jpg,43.38438078703704,70.76818287037037,38.56945830160278,56.83677133364654,2029.9904621805074,1372.576620931358
vid_000251_frame0000034.jpg,42.95667824074074,70.08901041666667,38.23154811635703,56.04564710826894,1965.9520019112963,1357.646984841044
vid_000251_frame0000035.jpg,43.02054398148148,70.17637152777777,37.887188561722176,55.958587724092276,1938.349453247037,1335.4819815028814
vid_000251_frame0000036.jpg,43.6694849537037,70.76233796296296,38.575343567257434,56.599013725674716,1930.248173224103,1327.8347366871023
vid_000251_frame0000037.jpg,43.42392939814815,70.50938078703703,38.92530998264517,56.898690364907125,1982.7227455567074,1367.8210835548687
vid_000251_frame0000038.jpg,43.61139467592593,71.32920138888889,39.295994648218816,57.95004479084005,1934.7914805425614,1395.817929318275
vid_000251_frame0000039.jpg,43.92095486111111,71.710625,39.76743789143765,58.585104786542075,1896.2295653286822,1418.4696240547842
vid_000251_frame0000040.jpg,43.811875,71.5698900462963,39.47603985217237,58.29220454530605,1903.9033930421592,1405.6574795812703
vid_000251_frame0000041.jpg,43.466701388888886,71.12260416666666,38.699339225370196,57.76443635237173,1986.9434295821745,1424.8222980910482
vid_000252_frame0000001.jpg,83.27970486111111,107.90516203703703,35.669120666563344,35.63628117317201,523.4620382967893,997.7660549177759
vid_000252_frame0000002.jpg,83.52742476851851,108.86403935185186,35.60184953077159,35.54855880652089,503.2957175113799,942.9091468641493
vid_000252_frame0000003.jpg,84.2594849537037,108.72684606481481,35.67698983800896,35.75789668202168,522.2594002017091,973.9649471611035
vid_000252_frame0000004.jpg,84.63317708333334,108.67944444444444,35.95186847992477,35.826815281432374,536.580446034674,994.7223022686993
vid_000252_frame0000005.jpg,85.61179976851852,109.19101851851852,36.24555832784128,36.35897483809788,526.2577443253547,1028.1947208233867
vid_000252_frame0000006.jpg,87.38043981481482,111.43964699074074,36.848993331280916,37.6453204769274,529.6855072979628,1044.7433807540497
vid_000252_frame0000007.jpg,90.98311342592592,114.07055555555556,38.63030368754256,39.610588115995725,542.3760102692781,1103.5093952971952
vid_000252_frame0000008.jpg,93.92857060185185,114.78273726851852,41.68279919265889,41.74734815716454,557.7714687135298,1250.2726865579655
vid_000252_frame0000009.jpg,102.796875,119.35370949074074,48.39517979855406,45.568329081617684,556.8153077673558,1225.886729664861
vid_000252_frame0000010.jpg,103.47644097222222,120.63903356481481,51.494878391231936,49.44146064568649,582.7892102397066,1311.980444443909
vid_000252_frame0000011.jpg,97.85806134259259,116.07150462962963,49.361327084260864,47.93035061183181,602.793662304654,1343.5914979018976
vid_000252_frame0000012.jpg,97.48547453703704,115.83571180555556,49.10900488474781,47.64829173213892,601.6578480419184,1311.539661904116
vid_000252_frame0000013.jpg,96.48900462962963,115.20617476851852,48.50267682504156,47.05974984657519,599.3366496912241,1293.9077025698732
vid_000252_frame0000014.jpg,96.47972800925926,115.4371412037037,47.74908709298072,46.58933158235098,609.2583657214507,1328.735799691358
vid_000252_frame0000015.jpg,98.69004050925926,117.30241898148148,46.917643150221295,46.817786453524135,597.165081950841,1374.6669218362858
vid_000252_frame0000016.jpg,100.2880150462963,118.5128587962963,46.03467536029282,46.22252508671609,566.8335396539297,1303.7198853440273
vid_000252_frame0000017.jpg,101.52037615740741,119.89011574074074,44.71025121802466,45.80327521430072,565.5884264609255,1378.9857488521036
vid_000252_frame0000018.jpg,101.97424189814815,120.32322337962962,44.09488390677166,45.38574865067278,551.8957532148866,1357.7111841721523
vid_000252_frame0000019.jpg,103.8400462962963,122.06574652777778,43.70784959479888,44.17437747507883,492.404651067253,1148.6081533403728
vid_000252_frame0000020.jpg,100.41458333333334,120.0856886574074,40.57741153250464,42.79778330513885,483.0822778364185,1212.8299607380347
vid_000252_frame0000021.jpg,99.4837673611111,119.37075810185185,37.748821761371644,41.43603669282984,464.28302774348435,1198.6198156209475
vid_000252_frame0000022.jpg,100.98890046296296,121.18933449074073,35.341492499299676,38.54564142743597,410.0028377017091,1031.1939905461986
vid_000252_frame0000023.jpg,107.9528125,126.55149305555555,32.73481228565212,35.35486158018609,317.1260019610286,786.8278739414209
vid_000252_frame0000024.jpg,114.86228587962962,130.55636574074074,33.21160183771036,34.833055637323874,269.5018555362654,695.682744833328
vid_000252_frame0000025.jpg,109.16045138888889,126.15913773148148,34.659888269999385,35.70975872880488,304.1347963321639,764.1025351508918
vid_000252_frame0000026.jpg,102.23092592592593,121.71836805555556,36.389334639857736,37.33464253190199,354.03712308907217,803.5836001157074
vid_000252_frame0000027.jpg,93.31227430555556,115.32833333333333,35.383137917353515,35.73934522006887,449.1430169109747,899.2914736373336
vid_000252_frame0000028.jpg,84.19380208333334,108.22783564814814,35.41822257710025,35.40685273428101,501.9556265430759,949.7114593058438
vid_000252_frame0000029.jpg,82.85613425925926,108.24047453703703,35.55421260737077,35.44236431448586,513.567698245369,927.0912898500462
vid_000252_frame0000030.jpg,82.21695601851852,107.08951967592593,35.66478190753386,35.385757118217406,532.4914961579166,962.8263240655008
vid_000253_frame0000001.jpg,175.0423900462963,179.44345486111112,20.287284276498333,27.767065520995697,713.8674370358315,793.5331654791183
vid_000253_frame0000002.jpg,175.5516261574074,181.55461226851853,20.2308187394752,27.663720206224532,706.6138993175784,702.5804046103394
vid_000253_frame0000003.jpg,175.4012962962963,181.5451099537037,20.478296792539158,27.70578375570709,689.4722475480112,759.3767018127357
vid_000253_frame0000005.jpg,176.27420717592594,178.14037615740742,27.13842049820943,30.315623063205503,705.0869260558329,487.32859031632455
vid_000253_frame0000006.jpg,174.36545138888889,176.53288194444445,31.765079328199445,33.78744400633811,720.0134391179256,500.6014073847684
vid_000253_frame0000007.jpg,172.4940162037037,175.9617824074074,28.707678775471614,30.932412096687838,777.8141614816087,620.2019370819133
vid_000253_frame0000008.jpg,173.50192708333333,176.54515625,29.14077932098759,30.971653673697443,805.470385458328,637.7400616307389
vid_000253_frame0000009.jpg,168.98916666666668,171.0599537037037,34.212055024914505,35.08121404918198,796.8679048835828,635.1183092580536
vid_000253_frame0000010.jpg,172.33657986111112,171.35785300925926,36.01261828585433,37.06659129278489,862.5385495937019,630.9566310763554
vid_000253_frame0000011.jpg,171.73262152777778,171.85988425925925,36.65658220796449,36.36374233309995,834.6081707215778,604.7231275518891
vid_000253_frame0000012.jpg,176.10392939814815,175.27067129629629,37.10812830026218,36.49950914197226,856.2416223229594,593.3061710896977
vid_000253_frame0000013.jpg,189.50528935185184,184.94583912037038,37.92064945241744,40.27063021650273,889.959864973121,611.2730761509439
vid_000253_frame0000014.jpg,218.93209490740742,207.84994212962962,33.136588923310654,42.22645499155782,1003.3105771583507,735.9382609116459
vid_000253_frame0000015.jpg,223.1883275462963,214.55592592592592,29.502486188457418,36.82767313943258,1039.219522109663,561.1764301953393
vid_000253_frame0000016.jpg,204.10122685185186,200.97917824074074,27.599665077383158,32.66320941555976,673.222611534958,442.5851894576461
vid_000254_frame0000001.jpg,157.37245949074074,161.29412615740742,27.0830689233585,31.13789540596455,744.63163744933,901.3957596206477
vid_000254_frame0000002.jpg,157.64126157407406,162.3043287037037,27.023199245879546,30.955659556487227,731.8069220336076,911.5234930555221
vid_000254_frame0000003.jpg,157.79921875,161.55424768518517,26.3444048559409,30.920409278766506,739.6122058735411,886.2427568190253
vid_000254_frame0000004.jpg,157.66933449074074,162.80286458333333,25.86942383817495,30.02166844605581,741.6897881365405,889.2744571673525
vid_000254_frame0000005.jpg,157.68685185185186,162.94931134259258,25.66800895292975,30.610563019838295,736.7386096948611,890.2581541987835
vid_000254_frame0000006.jpg,158.12317708333333,156.3533738425926,25.363486164472754,39.211980947715944,811.8532513919698,1626.8565447851026
vid_000254_frame0000007.jpg,161.91322337962964,166.1166087962963,23.646656714075718,29.747751075590454,771.7525454201697,858.6245704611613
vid_000254_frame0000008.jpg,160.97988425925925,160.64929976851852,24.55946393893982,34.242993015947526,752.0122890812543,945.474986740418
vid_000254_frame0000009.jpg,163.07438078703703,160.14221064814814,25.646569849490906,40.201579982334,765.6758955138408,1460.8581694937416
vid_000254_frame0000010.jpg,166.29821180555555,160.63360532407407,26.24358319359987,41.003875681619114,753.7198634237825,1433.609796961772
vid_000254_frame0000011.jpg,163.07004629629628,162.47979166666667,23.938754821528708,34.98107105798798,653.1778997383778,851.0459168338143
vid_000254_frame0000012.jpg,163.05652199074075,162.70309606481482,22.472637290543815,36.576043656757754,713.9571432097426,1200.919257213669
vid_000254_frame0000013.jpg,166.7881365740741,163.45156828703705,25.72009699343527,39.522894697821734,599.9689926067588,956.6108750160416
vid_000254_frame0000014.jpg,154.7127662037037,161.28015625,23.361976645069735,32.34147470130599,696.637750712529,944.4000226053121
vid_000254_frame0000017.jpg,149.97447916666667,155.5444386574074,20.436250450690856,31.148364237150115,728.3993006928035,1364.1367269899638
vid_000254_frame0000018.jpg,147.8154976851852,153.1821238425926,30.43311823897906,36.75383226590166,726.7858352129147,1572.5557872072993
vid_000254_frame0000019.jpg,174.5525810185185,169.5884027777778,32.88858772931857,38.369383528489074,685.9951847414789,1392.1609630711687
vid_000254_frame0000020.jpg,178.39728587962964,175.18269097222222,33.4265049357076,38.050263847571145,657.177363038918,1114.4859849882318
vid_000255_frame0000006.jpg,152.4836400462963,155.70847800925927,49.04774116009289,44.36188522812944,829.5345622371385,1513.8262273757662
vid_000255_frame0000007.jpg,152.67738425925927,156.48645833333333,49.00036002428709,44.58228531429817,813.0470836214795,1409.51724193348
vid_000255_frame0000008.jpg,152.94288194444445,156.08267939814814,48.922477073331976,44.41804522559968,831.375635126109,1500.440327584341
vid_000255_frame0000009.jpg,152.93586226851852,157.5333912037037,48.57992020133491,43.55201547223942,782.5352164107711,1317.5196791146907
vid_000255_frame0000010.jpg,153.9626851851852,157.07642361111112,48.560509063177726,44.10594809225679,813.9136752743484,1444.5324187241456
vid_000255_frame0000011.jpg,153.15173611111112,156.65346064814815,48.77962059994734,43.608792657578725,818.3793264925399,1483.2163476830417
vid_000255_frame0000012.jpg,153.59519675925927,156.52936921296296,48.94014295718413,44.737291604817955,823.0474965229552,1472.7941054178118
vid_000255_frame0000013.jpg,153.38814814814816,157.0475289351852,48.6826117885239,44.671545302914254,820.034299074074,1406.3862340529622
vid_000255_frame0000014.jpg,153.1316087962963,155.48523726851852,48.839439497408584,44.680318727587384,849.1957470581222,1550.3803117732714
vid_000255_frame0000015.jpg,153.95197916666666,156.53730324074073,48.78694537380849,44.91505379649794,824.7818435254509,1494.5408307098767
vid_000255_frame0000016.jpg,153.05950810185186,156.76094907407406,48.29751504936068,45.119987107702705,800.2960295438958,1520.018694251409
vid_000255_frame0000017.jpg,154.42133101851852,156.37672453703703,48.658508673036266,45.280409644841725,819.2944489690501,1569.6030433663077
vid_000255_frame0000018.jpg,154.43691550925925,155.9214699074074,48.97682985800142,44.95882673672742,810.8248643127359,1573.459347651394
vid_000255_frame0000019.jpg,153.34219907407407,157.27528935185185,49.05810926828395,44.115983005181896,805.5013837950906,1425.879758314043
vid_000255_frame0000020.jpg,153.33135416666667,155.66608796296296,49.217802229153676,45.090553775580965,834.8989755914298,1539.6425377699277
vid_000255_frame0000021.jpg,153.66236689814815,156.27918981481483,49.118413849797875,45.02942342894921,811.111713095549,1462.4883989063571
vid_000255_frame0000022.jpg,153.77994791666666,156.28718171296296,48.999714634439925,44.340613281217486,833.1066434219338,1474.6450374273606
vid_000255_frame0000023.jpg,153.82631944444444,156.70829282407408,49.04563478112135,44.818661433721445,817.0103376588422,1473.9733066880128
vid_000255_frame0000024.jpg,153.78570023148148,156.56386574074074,48.95320429783815,45.41828151930849,810.6948623435358,1471.4270164603695
vid_000255_frame0000025.jpg,154.25330439814815,157.24067708333334,48.952186352474946,44.908515254521966,810.8641830792126,1492.5053573492353
vid_000255_frame0000026.jpg,154.0498900462963,156.67529513888888,49.03959561483571,44.97106786841283,824.8081632490662,1532.090456841028
vid_000255_frame0000027.jpg,153.97220486111112,156.30685763888889,49.26109678872774,45.443929882416356,825.383453912546,1520.4043730098688
vid_000255_frame0000028.jpg,153.67782986111112,155.76696180555555,49.141844691552286,45.095813300435196,828.2301462887613,1572.7470320376465
vid_000255_frame0000029.jpg,153.40811921296296,157.80063078703705,48.845941987658655,44.888694942378145,789.1825839086881,1385.2100525161557
vid_000255_frame0000030.jpg,154.2055902777778,156.62927662037038,49.01863403480031,44.625057973402114,817.0562739108782,1531.384260939074
vid_000255_frame0000031.jpg,153.28184606481483,155.8189525462963,49.198612870665364,45.51800537429878,834.733603635351,1624.0471056550875
vid_000255_frame0000032.jpg,154.84480902777779,157.6808738425926,49.769654899988936,45.330840591446574,811.5824141889574,1492.1002914737319
vid_000255_frame0000033.jpg,157.38291666666666,159.89667824074073,51.74935605085576,47.32189191319059,824.9139178344893,1535.7524850801613
vid_000255_frame0000034.jpg,156.95483796296296,159.9645486111111,52.2710436067835,48.08453847570181,802.3650100185064,1438.0675226658952
vid_000255_frame0000035.jpg,156.81314814814814,159.39172453703705,52.132297258071965,47.5505487713986,812.0749459039299,1513.8968753363715
vid_000255_frame0000036.jpg,157.55634837962964,160.30851273148147,51.949307741875764,47.877996103290876,814.9298032787851,1549.2384846281495
vid_000255_frame0000037.jpg,156.67213541666666,158.73552662037036,52.21648168611235,47.71474873787458,824.0763313946425,1537.942790797774
vid_000255_frame0000038.jpg,157.00014467592592,159.23935185185186,52.299098353953255,48.206788389210566,840.6894203510801,1561.111801678241
vid_000255_frame0000039.jpg,158.95347800925927,161.92605902777777,53.281829135535986,48.91266062624464,838.2992893699363,1457.3842266770353
vid_000255_frame0000040.jpg,166.6711689814815,167.33673032407407,56.72498761302903,53.4795187124625,950.6884765415689,1530.099377327541
vid_000255_frame0000041.jpg,175.66398148148147,175.65600694444444,57.906150595082714,55.93587621090272,1013.2700051705234,1541.2419123960142
vid_000255_frame0000042.jpg,168.5452835648148,170.6951215277778,59.14816121285361,56.23459753565242,1102.3111486677758,1648.5367927862642
vid_000255_frame0000043.jpg,163.5121238425926,166.70233796296296,59.34978414851569,55.86311464524031,1115.4141178363984,1611.2140654979728
vid_000255_frame0000044.jpg,167.0059375,169.81425347222222,57.318454742761034,54.33948079431691,1059.6034769683629,1553.6014816462175
vid_000255_frame0000045.jpg,160.3627488425926,164.3613599537037,56.967874049273284,53.653898077749794,1044.9419285235285,1585.8603118307399
vid_000255_frame0000046.jpg,154.07237268518517,159.27441550925926,56.463810153954775,52.41359183764,965.7078329849054,1596.1027994464807
vid_000255_frame0000047.jpg,153.5125,158.3977199074074,55.93394619375211,52.047063387872115,973.3834964835377,1552.0510472580895
vid_000255_frame0000048.jpg,153.6484201388889,158.67587962962963,55.46695835493017,51.37809627656546,936.1701368920596,1537.6696243995614
vid_000255_frame0000049.jpg,153.11702546296297,158.69164351851853,55.43182538658786,51.314485600890826,925.8811988971139,1445.5348381919996
vid_000255_frame0000050.jpg,152.98208333333332,158.40116898148148,55.49338656219499,51.07994291380842,923.3632269587179,1522.5890794258778
vid_000255_frame0000051.jpg,153.02065972222223,158.8501909722222,55.531520508042426,51.144870770173895,927.7694943274981,1503.5888913000204
vid_000255_frame0000052.jpg,146.67160300925926,153.89923611111112,56.33586786786666,51.50662115266951,950.5492784722222,1512.1671669880348
vid_000255_frame0000053.jpg,133.49561921296296,143.39558449074073,55.433417199219996,49.498600688167045,1013.5121512726123,1568.5635071950824
vid_000255_frame0000054.jpg,131.51080439814814,142.16612847222223,53.358638301713896,48.519386872549454,995.8842573168508,1585.6979272628387
vid_000255_frame0000055.jpg,138.44714699074075,146.59035300925925,54.05731233371298,48.562325558487544,937.055778355276,1492.9520330584492
vid_000255_frame0000056.jpg,145.61247685185185,151.0130902777778,54.89120151764206,49.500577670929644,894.9008962866178,1508.524463258209
vid_000255_frame0000057.jpg,147.8084548611111,154.2840451388889,55.013451166986066,50.23985094282448,882.4941815224395,1476.7702299379705
vid_000255_frame0000058.jpg,147.49129050925927,153.71105902777776,55.166719793330856,50.3254597678556,887.3208958276736,1495.9719620883434
vid_000255_frame0000059.jpg,147.8468113425926,154.34190972222223,55.17642421380964,50.17872140198618,863.9949133379147,1400.5662059820481
vid_000255_frame0000060.jpg,147.95786458333333,153.56939814814814,55.58238797567881,50.83229790483529,877.2165241125203,1485.554346129082
vid_000255_frame0000061.jpg,147.99554976851852,152.69826967592593,55.57988649033725,50.67836653808942,900.9171143195678,1568.4874773039642
vid_000255_frame0000062.jpg,147.58452546296297,153.0621585648148,55.522941195190924,50.39931837399014,897.3677074640722,1549.5279044430245
vid_000255_frame0000063.jpg,147.96980902777779,153.29620949074075,55.041772515127526,50.03967740039641,873.4715415806313,1514.5572667390045
vid_000255_frame0000064.jpg,148.0771412037037,154.06203125,55.056400359367736,50.088996726788665,874.7352502309457,1465.5927819757576
vid_000255_frame0000065.jpg,146.90259259259258,152.92375,55.19803312921593,49.91332715421971,907.8895352943621,1532.6098004862383
vid_000255_frame0000066.jpg,147.7828125,153.63223958333333,55.17372662492934,50.29388896597905,866.80509619864,1481.1258126108849
vid_000255_frame0000067.jpg,147.24943287037038,153.1186226851852,55.1666285322345,50.22988210192588,884.1885701967593,1507.9452284665624
vid_000255_frame0000068.jpg,147.84223379629628,153.4962962962963,54.954464893007746,50.181280380580475,866.462143699062,1494.0650262827596
vid_000255_frame0000069.jpg,149.58728587962963,155.7801851851852,55.385570926220176,50.84408678119664,865.6244730901437,1366.125456724182
vid_000255_frame0000070.jpg,163.41097222222223,166.3233912037037,55.064361142541784,51.83658027593488,824.6053174012654,1417.8136743703585
vid_000255_frame0000071.jpg,164.41016203703703,167.4673784722222,54.812644344770824,51.28477061867392,829.4838952534241,1429.5088422212243
vid_000255_frame0000072.jpg,170.94297453703703,172.39769097222222,53.03899356487029,50.83490749376723,876.9025061149356,1413.7782444296754
vid_000255_frame0000073.jpg,163.32432291666666,166.30831018518518,52.500048444134464,49.747972370890615,815.2820313463167,1431.54936438638
vid_000255_frame0000074.jpg,157.4558449074074,161.21,52.04788499771346,49.22328434551335,846.9108680650668,1489.6733846016587
vid_000255_frame0000075.jpg,153.53290509259259,157.81736689814815,51.75029236485021,48.841566977586155,831.6065661433884,1427.806815438395
vid_000255_frame0000076.jpg,146.30026041666667,153.54728587962964,50.891424798169474,48.0081832354038,903.9244534673995,1524.526181582219
vid_000255_frame0000077.jpg,146.0732986111111,152.10473958333333,51.1071798155846,47.40600369014122,938.5636534212841,1613.7514661337436
vid_000255_frame0000078.jpg,146.2013252314815,153.04303819444445,51.01921462522961,47.073056088588245,905.3563223014926,1454.1635679036124
vid_000255_frame0000079.jpg,146.52382523148148,153.64390625,50.974610936584135,47.06726025328509,935.3012429863992,1518.1818419623148
vid_000255_frame0000080.jpg,146.20468171296295,152.50430555555556,51.107671586364724,47.96941268372431,906.1086368505324,1504.6549659502195
vid_000255_frame0000081.jpg,145.84721064814815,151.93244212962964,51.21638057506853,47.484994543197374,922.253198465598,1642.8638883254232
vid_000255_frame0000082.jpg,146.09485532407408,152.45141782407407,51.15649940980758,47.75356759945676,914.455351047963,1550.0166964377238
vid_000255_frame0000083.jpg,145.4820486111111,152.0587037037037,51.00898967127926,48.35610158831681,953.2562598956993,1697.5519173888406
vid_000255_frame0000084.jpg,145.7675810185185,152.46713541666668,50.954811792832416,47.9640126815069,914.4980796248069,1573.640115583975
vid_000255_frame0000085.jpg,145.41559027777777,151.70631944444443,50.81476976615838,47.82059247051723,927.3629204924072,1586.1935645157848
vid_000255_frame0000086.jpg,145.7630034722222,152.95531828703704,50.74037249501484,47.50256121338684,910.7217246790003,1557.1147026104632
vid_000255_frame0000087.jpg,146.23528935185186,152.71774884259258,50.651734230799754,48.035520757279514,918.9315949683588,1575.420636151801
vid_000255_frame0000088.jpg,145.59756365740742,152.5676215277778,50.81659350819571,48.21017941836768,911.0143297790946,1523.2182926067585
vid_000255_frame0000089.jpg,145.5207465277778,153.17927083333333,50.71661666708121,47.519753357846234,913.600894327498,1533.1475156729243
vid_000255_frame0000090.jpg,145.73578125,152.53782407407408,50.74558441635788,47.78627856274704,916.4605679325476,1560.1380229229628
vid_000255_frame0000091.jpg,145.3477951388889,152.37557291666667,50.70858057435092,47.110617505927706,921.3595583585176,1567.7834920041098
vid_000255_frame0000092.jpg,145.7223263888889,152.75909143518518,50.68829768660309,47.18228161097238,923.0811570451817,1512.4239227229282
vid_000255_frame0000093.jpg,145.31400462962964,152.19925925925926,50.65941217874794,46.80748539780917,922.6466001140997,1564.0011822911308
vid_000255_frame0000094.jpg,145.60792824074073,153.06980902777778,50.69885782567674,46.684596561369034,902.0611718709475,1460.09300762412
vid_000255_frame0000095.jpg,145.83916087962962,153.15204282407407,50.60644772078206,47.349778318617716,916.533139664479,1507.6772518791463
vid_000255_frame0000096.jpg,145.3425462962963,152.80759259259258,50.678103949390845,47.47181491022917,904.9833608937956,1517.890405884258
vid_000255_frame0000097.jpg,145.3545775462963,152.61304976851852,50.646529468635514,47.63715114093109,911.1456504436729,1484.6952946625302
vid_000256_frame0000006.jpg,125.90820023148149,149.17109953703704,20.388770167911243,27.459737494771485,774.9559605275849,1103.6200639998071
vid_000256_frame0000007.jpg,149.78563657407406,160.11935185185186,20.416311441067467,29.026309554250314,676.3481080391255,1139.6113175925923
vid_000256_frame0000008.jpg,147.44423032407408,158.4837210648148,19.435996361341036,28.26454806158943,680.6538317385491,1140.8935368697219
vid_000256_frame0000009.jpg,149.48052083333334,159.29462384259259,19.088166605474772,30.63990070281581,679.6822649377558,1264.017659363714
vid_000256_frame0000010.jpg,148.89271412037036,158.33302083333334,19.15287154926448,32.844507755744466,684.682111860077,1499.133775267349
vid_000256_frame0000011.jpg,147.56708333333333,154.6106712962963,19.671541352376046,34.85244305047206,678.7772926994586,1517.0021228136522
vid_000256_frame0000012.jpg,148.97728587962962,155.40455439814815,19.536493606795602,35.21811154616084,691.1917313078703,1477.7283880127623
vid_000256_frame0000013.jpg,148.08793402777778,155.30980324074073,19.898167379446342,36.12357447793806,672.867888592973,1532.2403613071938
vid_000256_frame0000014.jpg,146.2339699074074,154.5059085648148,20.04110050549412,35.33200665480986,690.1708626226731,1552.7925792758433
vid_000256_frame0000015.jpg,147.64818865740742,157.09916087962964,19.314318255088704,34.20899781787366,718.7702081859449,1508.2730211214796
vid_000256_frame0000016.jpg,145.46454282407407,155.1455960648148,19.490370181854228,33.721417762399625,700.0760915991177,1446.8554286360543
vid_000256_frame0000017.jpg,143.5872511574074,153.94804976851853,20.676027298011668,35.444130580515505,671.8775173005281,1253.4065613661694
vid_000256_frame0000018.jpg,146.21541666666667,156.33567129629628,20.049745329787903,33.2878654937906,686.9196181945717,1205.1445240882404
vid_000256_frame0000019.jpg,143.71758101851853,156.34600115740741,20.027421506626464,29.136174531000542,712.489561189042,896.1091360434617
vid_000256_frame0000020.jpg,145.43499421296298,156.66958333333332,20.439698147447352,29.97148746621529,751.8385777991778,937.7602257538887
vid_000256_frame0000021.jpg,143.58057291666665,157.74188078703705,19.861551206752033,29.344249873344978,702.2960995529781,1065.137765313009
vid_000256_frame0000022.jpg,150.82156828703702,162.4310474537037,18.454531119396453,28.563128633005494,693.6191995040497,1035.7144770864143
vid_000256_frame0000023.jpg,149.69026041666666,163.08598958333334,18.941528695097006,29.887104443916247,700.86969116509,1146.4363318157095
vid_000256_frame0000024.jpg,151.91040509259258,161.65859375,19.666527614215855,29.70186657627856,732.3959102832098,1066.8905404288503
vid_000256_frame0000025.jpg,149.56202546296296,160.1724247685185,20.40519479449298,28.83973792910698,722.516582713906,1076.9116905847789
vid_000256_frame0000026.jpg,148.10273726851852,159.69764467592591,19.118805445791526,26.373019041083207,694.1646271346397,868.5915148914395
vid_000256_frame0000027.jpg,149.21351273148147,160.93298611111112,18.42033482948022,24.423409191718164,706.8656699089813,803.030347369276
vid_000256_frame0000028.jpg,148.4204398148148,160.8688136574074,18.824994498329037,24.839520008725763,781.4382306318789,814.6704112975488
vid_000256_frame0000029.jpg,149.15049768518517,162.68483217592592,18.869951519655828,23.45014099168074,743.3094297823096,737.5619759066358
vid_000256_frame0000030.jpg,152.41591435185185,162.11767939814814,17.990107273064496,25.21239659509803,761.1894977232296,725.0459321774999
vid_000256_frame0000031.jpg,150.65902199074074,161.3213773148148,17.046280656749822,24.748263901909553,733.7116378338262,766.5057412154586
vid_000256_frame0000032.jpg,153.44276041666666,164.1468576388889,17.001299624083963,23.24182704240536,727.0777068744843,712.4693769670567
vid_000256_frame0000033.jpg,152.48335069444445,162.64166666666668,18.4527904425168,23.079776350495447,741.8002363810389,741.2490826087479
vid_000256_frame0000034.jpg,153.9228587962963,162.89217592592593,19.014344869302366,24.92751239030983,760.3202415895062,801.4807739571277
vid_000256_frame0000035.jpg,153.9876099537037,163.83733217592592,18.11286063352074,24.075157273501368,745.3840051560558,788.9259476063838
vid_000256_frame0000036.jpg,153.13014467592592,162.3905613425926,16.56048051566211,23.070061167113078,720.7440035236289,764.1217931455426
vid_000257_frame0000004.jpg,161.6289409722222,161.7275752314815,48.249458178340824,44.02020307720605,753.4167862654322,1243.8253050571939
vid_000257_frame0000005.jpg,161.0284085648148,162.6337210648148,47.777531181273055,42.81903228804024,755.1719650414738,1204.9915483201182
vid_000257_frame0000006.jpg,161.77984953703702,162.83780092592593,47.63887951709221,44.15207737842852,757.9413836368514,1283.9309774519559
vid_000257_frame0000007.jpg,163.0805613425926,163.8160474537037,48.09844767177933,44.94646054358336,753.7804111677758,1307.084628291076
vid_000257_frame0000008.jpg,162.81329282407407,164.16633101851852,47.8562753046276,44.40777254302471,740.4964200662496,1220.7863077591508
vid_000257_frame0000009.jpg,161.96703703703704,163.70428240740742,47.65567595239952,45.12871386372894,726.5128334714452,1202.5976398099922
vid_000257_frame0000010.jpg,161.96267361111111,163.7983275462963,47.54079323162945,44.27709706777529,760.7512743998628,1245.3183606383693
vid_000257_frame0000011.jpg,163.4968460648148,164.13977430555556,47.7725394181647,44.927660028063,759.4143975431886,1305.1908774814597
vid_000257_frame0000012.jpg,162.23328703703703,162.50960648148148,47.44798551543748,44.994539409766105,776.5127215015217,1358.6140436422631
vid_000257_frame0000013.jpg,164.0029803240741,164.76607060185185,47.2879541778943,44.86875168456469,746.9928761574074,1290.9803944696287
vid_000257_frame0000014.jpg,162.5520023148148,162.55044560185186,47.180798377878986,44.54643282535063,783.4288832625693,1344.714800996623
vid_000257_frame0000015.jpg,163.89109953703704,164.0180960648148,47.53496767920686,45.2982576220902,768.1737554446039,1386.637639365482
vid_000257_frame0000016.jpg,152.2246585648148,155.22087962962962,45.86275012612204,42.261515898960646,792.7614126638322,1360.2929087571804
vid_000257_frame0000017.jpg,164.9440972222222,165.59074652777778,47.33580502515444,45.05555360775217,751.9901358069903,1313.4081584092883
vid_000257_frame0000018.jpg,166.08733796296298,166.91007523148147,47.24152811416781,45.046913795189035,742.3211531265741,1272.8461547340844
vid_000257_frame0000019.jpg,166.9852025462963,166.90060763888889,47.47750400304799,44.289484498363436,715.4298467205451,1194.3897927081996
vid_000257_frame0000020.jpg,167.5920775462963,167.79130208333333,47.62510127784998,44.959373683194634,713.0611283516589,1251.689952796934
vid_000257_frame0000021.jpg,166.83527777777778,166.81614004629628,47.748125650789476,43.54749984753577,702.6552434894493,1239.944259447338
vid_000258_frame0000001.jpg,161.0513425925926,165.56760416666665,48.37591278738066,45.31671265527049,737.824810378053,1329.4269153476712
vid_000258_frame0000002.jpg,160.89308449074073,167.20022569444444,48.196118430900235,45.777772219137205,709.2979181455427,1213.7479736874343
vid_000258_frame0000003.jpg,163.22341435185186,167.7380787037037,48.42107402878896,46.72029281436999,709.254310158929,1243.388759361604
vid_000258_frame0000004.jpg,162.84772569444445,166.5959375,48.24779297186802,45.89179564047593,706.3414274657869,1264.1711188238114
vid_000258_frame0000005.jpg,162.83675347222223,166.2276736111111,48.10316351503819,45.79998653469949,712.9710504878458,1211.580157394514
vid_000258_frame0000006.jpg,162.3837673611111,166.23796296296297,47.92734684521776,46.14630059726829,737.2376386541589,1328.0452937363027
vid_000258_frame0000007.jpg,163.0603414351852,167.0727662037037,48.04890411297115,46.37123705893444,697.9386814793381,1225.378594050571
vid_000258_frame0000008.jpg,163.2084027777778,166.04499421296296,47.83898757952625,46.533105572035566,718.3195946480623,1265.9444628858023
vid_000258_frame0000009.jpg,164.61807291666668,167.8041377314815,48.25234096210656,46.85222051696076,688.9009549880709,1172.4938555362655
vid_000258_frame0000010.jpg,164.83886574074074,167.01748263888888,48.1448229603155,46.13615544270311,748.2798436294368,1285.750972516095
vid_000258_frame0000011.jpg,162.71358217592592,166.00026620370372,48.30319230945048,45.72293509728588,734.3101598743999,1219.528190532836
vid_000258_frame0000012.jpg,162.5244502314815,166.40913194444445,48.226330952018195,45.795258123604796,740.1751045780553,1255.9826531527294
vid_000258_frame0000013.jpg,163.13304398148148,166.7213599537037,48.62644678646353,45.51095518045697,746.6626225951311,1245.2290487632886
vid_000258_frame0000014.jpg,161.12171875,165.20150462962962,49.055086364242655,46.11851703466657,736.4032684279621,1239.187185329024
vid_000258_frame0000015.jpg,160.26728009259259,164.66655092592592,49.31645987020846,45.014103799605586,767.4074504801097,1250.4686261954516
vid_000258_frame0000016.jpg,159.90052083333333,164.78725694444444,49.71639614880617,46.67739033161656,734.3917602618098,1287.112900366479
vid_000258_frame0000017.jpg,161.65837962962962,165.3131886574074,49.42227702988647,47.24691357393644,793.1430074612255,1335.7170426351581
vid_000258_frame0000018.jpg,162.06425347222222,166.55632523148148,47.51927847045258,44.10297541996713,738.1309628257889,1178.2529526065443
vid_000258_frame0000019.jpg,161.24653935185185,166.25837962962962,47.44811182302422,45.73765403812746,718.3102162293904,1184.592933674092
vid_000258_frame0000020.jpg,160.88664930555555,164.78240740740742,47.755511777095336,45.68448041387656,743.5265387683256,1346.5165930425615
vid_000258_frame0000021.jpg,160.79221064814814,164.2006423611111,47.941145264098616,44.80163380891911,750.2934562660416,1300.0859200343673
vid_000259_frame0000001.jpg,144.0501099537037,150.82072916666667,45.46829755711709,42.591116824270834,966.558896484375,1846.0670933585377
vid_000259_frame0000002.jpg,144.17231481481483,152.01222800925925,45.24873739504049,42.49879853708996,885.2180250000001,1434.4376584999786
vid_000259_frame0000003.jpg,144.26258680555554,151.87626157407408,47.523846969794405,44.6190275223776,930.6975330268012,1622.9257108530724
vid_000259_frame0000004.jpg,143.86505787037038,151.73525462962962,48.12014714706289,44.1871168869135,915.8690709176941,1455.1537800346887
vid_000259_frame0000005.jpg,144.35085069444443,152.20246527777778,48.3331081157916,45.356815976173635,923.4594050416547,1509.0844108913846
vid_000259_frame0000006.jpg,144.9211226851852,151.7261400462963,47.98162341747739,44.59371511557532,946.2864432784639,1637.1217761851372
vid_000259_frame0000007.jpg,145.07645833333333,152.2778935185185,47.70108956606684,43.71208910045022,935.2635884440103,1510.2887848304279
vid_000259_frame0000008.jpg,144.78150462962964,152.51146990740742,47.83919682466128,44.387827779868864,913.7845185905552,1389.7699370418259
vid_000259_frame0000009.jpg,143.91377893518518,152.46574652777778,48.076980034264,44.83025413151187,892.6552899449898,1337.6733307822146
vid_000259_frame0000010.jpg,143.2873900462963,150.84232060185184,48.27249325317636,44.468614264090924,940.6403690822187,1576.461084610768
vid_000259_frame0000011.jpg,143.47321180555556,150.72816550925927,47.96327165890555,44.53682933654164,911.7197941687228,1467.1063980504919
vid_000259_frame0000012.jpg,143.11054398148147,150.97117476851852,48.174460297294104,44.89578347648186,928.6216093894341,1461.3308727429217
vid_000259_frame0000013.jpg,143.00075810185186,150.95038773148147,48.01841786529823,43.821190074009195,911.4860498622566,1414.733399425583
vid_000259_frame0000014.jpg,143.00053819444443,151.0518576388889,51.439559831734265,46.59387181428906,956.2879521315251,1575.0773393226152
vid_000259_frame0000015.jpg,143.34259259259258,151.21438657407407,52.19328907337592,46.61671072643813,944.7143259675871,1439.4617983696833
vid_000259_frame0000016.jpg,142.4996875,151.2244849537037,53.492041852681325,48.0784590373247,1001.0523037530007,1637.6993644530917
vid_000259_frame0000017.jpg,143.2171875,152.42775462962962,53.96182286834859,48.47347929495377,968.1662680769555,1514.8795180105121
vid_000260_frame0000001.jpg,46.69110532407407,67.73700231481482,36.37636477082744,45.70606875576237,1827.885447721053,1274.509002313609
vid_000260_frame0000002.jpg,46.936203703703704,67.34239583333333,36.48888646047138,45.45993898071524,1816.526925306499,1271.3556230441623
vid_000260_frame0000003.jpg,47.58648726851852,67.90152777777777,36.79385606356662,45.719536659814445,1809.371038591466,1251.8208905885297
vid_000260_frame0000004.jpg,48.646574074074074,69.06947337962963,37.313451238871274,46.20570845741221,1829.727467381975,1286.1645219038012
vid_000260_frame0000005.jpg,50.05123842592592,70.15147569444444,37.987749482363654,46.81269081722581,1779.2259443285695,1276.6326134098174
vid_000260_frame0000006.jpg,52.55861111111111,72.69153356481482,39.221182832663395,48.020989383550095,1766.2951168969425,1285.5224260411308
vid_000260_frame0000007.jpg,56.90208912037037,76.27852430555555,41.560080648453344,50.01114007285918,1657.693115328682,1284.6999224772806
vid_000260_frame0000008.jpg,59.65963541666667,79.45057291666667,43.17996848737598,52.234870098294074,1698.239801493779,1343.6867267473303
vid_000260_frame0000009.jpg,58.897783564814816,79.82112847222223,42.685458206626265,52.681839095515734,1660.1073714417423,1321.1517573193964
vid_000260_frame0000010.jpg,59.75632523148148,79.75034722222222,43.25871932195527,52.661345106234755,1628.2152517842026,1345.1447239535107
vid_000260_frame0000011.jpg,58.12777777777778,78.33195601851853,42.513647908497035,51.93191669742641,1663.499058372684,1318.2879155137805
vid_000260_frame0000012.jpg,58.75802662037037,78.52792245370371,42.96212380673705,52.144009727188916,1730.6800690583405,1339.2588318501037
vid_000260_frame0000013.jpg,59.57194444444445,79.01755208333333,43.45423342668258,52.598729794094346,1663.2949553706587,1311.6757587185998
vid_000260_frame0000014.jpg,58.37071759259259,78.07314236111111,42.71137996118558,51.85412155447002,1719.6563148886262,1347.402300722174
vid_000260_frame0000015.jpg,55.61598958333333,76.10897569444444,41.011938416915314,50.67593670215296,1740.3698939709993,1328.454597483409
vid_000260_frame0000016.jpg,54.22674189814815,74.73436342592592,40.23752330100178,49.76915092675154,1764.7642573719081,1343.654721681563
vid_000260_frame0000017.jpg,53.85402199074074,74.27244212962962,40.12404368197496,49.61846945842963,1735.3972118911554,1298.4575
vid_000260_frame0000018.jpg,53.86788194444444,74.44249421296297,40.2062437385058,49.823884774376864,1781.6977915294924,1333.5459493939352
vid_000260_frame0000019.jpg,53.51541087962963,73.71921875,39.975215191846296,49.219136537255324,1717.322943007196,1292.8950189513407
vid_000260_frame0000020.jpg,52.11857638888889,72.65319444444444,39.06977157280433,48.35977788524612,1758.5753886281707,1303.6692543337135
vid_000260_frame0000021.jpg,52.23354166666667,72.77218171296296,39.14908523780086,48.513568553362425,1791.4738694781686,1322.7470013784066
vid_000260_frame0000022.jpg,53.105688657407406,73.58968171296296,39.605561946317856,49.05963787372947,1810.7818218195075,1347.9643748949761
vid_000260_frame0000023.jpg,53.61560185185185,73.71771412037037,39.74160527020253,48.89837992096594,1767.9263524464966,1316.9245454812885
vid_000260_frame0000024.jpg,51.797025462962964,71.75909143518518,38.63492747219489,47.65911666953979,1817.4734823856722,1338.4040222029323
vid_000260_frame0000025.jpg,49.13630787037037,69.41131944444444,37.149988426268486,46.29295059345381,1793.7947285472394,1275.3966404235252
vid_000260_frame0000026.jpg,47.32810763888889,67.60600694444445,36.222405867259674,45.40468573908167,1807.80107748146,1276.2372874268249
vid_000260_frame0000027.jpg,47.71296875,67.69965856481481,36.51122374183503,45.45967074490613,1815.077938869599,1269.0734106460047
vid_000260_frame0000028.jpg,48.84079282407407,69.35441550925925,37.07820275458775,46.30416669984643,1834.4021133857048,1288.725815130657
vid_000260_frame0000029.jpg,49.85989004629629,69.93704861111111,37.52029858014813,46.61892878347736,1748.5480937885466,1259.9255246479554
vid_000260_frame0000030.jpg,49.46221064814815,69.7852488425926,37.40340206875223,46.51009695978832,1829.4495989903494,1302.9033459385917
vid_000260_frame0000031.jpg,48.63103587962963,68.8830787037037,36.8965173374844,45.899322427655505,1782.0450048384723,1272.7055722334414
vid_000260_frame0000032.jpg,47.88361689814815,67.97626736111111,36.554722773629905,45.523855777643696,1825.4062672831135,1297.7762373408564
vid_000260_frame0000033.jpg,47.613871527777775,67.60972800925926,36.41878786648521,45.299098813138684,1805.3178261311514,1271.5817297405479
vid_000260_frame0000034.jpg,47.186452546296294,67.3660474537037,36.23457411927712,45.264007027419744,1817.3666023220148,1290.0434310377752
vid_000260_frame0000035.jpg,46.45251736111111,66.40112847222223,35.880937404283564,44.839972839374134,1820.798452717764,1290.167959885887
vid_000260_frame0000036.jpg,45.845850694444444,65.91983796296296,35.6635089889969,44.68170336630514,1885.640717474407,1313.3886662099999
vid_000260_frame0000037.jpg,45.494548611111114,65.12368634259259,35.52542181709261,44.25363381264686,1856.0247913953992,1293.2333675705897
vid_000260_frame0000038.jpg,45.431863425925926,65.42181712962963,35.592315559004,44.603382547302424,1912.7630901595924,1307.9091050956736
vid_000260_frame0000039.jpg,45.212864583333335,65.42173611111112,35.405484770916594,44.50483129979211,1835.0044499538847,1273.3120590925807
vid_000260_frame0000040.jpg,44.49138888888889,64.56983796296296,35.04772136774355,44.015037097729284,1881.8850470622415,1295.172503896069
vid_000260_frame0000041.jpg,43.462922453703705,63.48045717592593,34.53359780808214,43.54330406303793,1919.4809935312442,1300.3348333814247
vid_000260_frame0000042.jpg,43.73552083333333,63.68038773148148,34.69552858147829,43.554433477478604,1930.4078975646219,1316.2987977065852
vid_000260_frame0000043.jpg,44.824814814814815,64.69843171296296,35.16626618996512,44.013042572877836,1869.206485720486,1300.258658998541
vid_000260_frame0000044.jpg,45.85434027777778,65.63763888888889,35.7348049280435,44.509009075350114,1912.348489190967,1324.1255045438959
vid_000260_frame0000045.jpg,46.49722800925926,66.54375578703704,35.93491163562965,45.02326386585944,1788.3881646346397,1267.6933934508693
vid_000260_frame0000046.jpg,47.13652777777778,66.77183449074074,36.30440067421638,45.10389056359337,1822.3710149814603,1297.8757734905475
vid_000260_frame0000047.jpg,47.98530671296297,67.88728587962963,36.6691250512469,45.65157430471913,1767.0147741121184,1264.605598885694
vid_000260_frame0000048.jpg,48.70199074074074,68.43030671296296,37.00826278759204,45.959583485297586,1761.6410621136617,1283.6715340105975
vid_000260_frame0000049.jpg,48.7975462962963,68.82009259259259,37.00726978753616,46.222147333914435,1683.4426982606406,1270.424985459768
vid_000260_frame0000050.jpg,48.584074074074074,68.45747685185185,36.89643323841391,45.971176906119375,1714.6811810723368,1278.5607653451593
vid_000260_frame0000051.jpg,48.20267939814815,67.94780092592593,36.72076048943809,45.661631233710125,1717.0193488350574,1265.4436937237442
vid_000260_frame0000052.jpg,49.035445601851855,69.090625,37.18586869248673,46.26484363981772,1770.199789539093,1295.1066369582354
vid_000260_frame0000053.jpg,51.07578125,70.63083912037037,38.24586084513567,47.26050636782364,1665.382903798011,1270.2406523822967
vid_000260_frame0000054.jpg,53.87827546296296,72.85421875,40.05536313663195,48.685265818118445,1678.0250825198998,1322.8559415690102
vid_000260_frame0000055.jpg,56.29214699074074,74.76538194444444,41.69976883314406,49.853966145925824,1633.5304593251335,1322.0817525315272
vid_000260_frame0000056.jpg,57.05096643518519,75.99829861111111,42.33623405270097,50.901631344134394,1671.221511323269,1335.1211375865041
vid_000260_frame0000057.jpg,55.611724537037034,74.24678819444445,41.51877733983132,49.85512568826437,1594.6359771443852,1306.60746663743
vid_000260_frame0000058.jpg,54.844340277777775,74.02266782407408,41.10692197112022,49.81157332251408,1609.3965173791955,1332.3715548988541
vid_000260_frame0000059.jpg,56.24774884259259,74.8738599537037,42.21177721391615,50.39553675245805,1657.5740905703115,1312.81799997505
vid_000260_frame0000060.jpg,59.95822337962963,78.11626157407407,44.4565014080671,52.59779726593002,1644.3185042652271,1374.56747408037
vid_000260_frame0000061.jpg,63.76450231481481,81.50204282407407,46.67080466879551,54.90020045241874,1602.6915506172838,1363.7768138454862
vid_000260_frame0000062.jpg,64.44843171296296,82.10876157407408,46.929528067099305,55.22672345359631,1623.2355221059456,1382.9448073275341
vid_000260_frame0000063.jpg,61.685266203703705,80.24478009259259,45.17365265313796,53.85453982740067,1615.4699852510596,1367.8581644434464
vid_000260_frame0000064.jpg,57.72038773148148,76.47222800925925,42.828745766949964,51.40093507772673,1684.5932082556367,1374.3924138500076
vid_000260_frame0000065.jpg,54.56830439814815,73.28087962962962,40.94666795865814,49.517080574996506,1737.2981833469637,1357.85549883777
vid_000260_frame0000066.jpg,53.85956018518519,72.99747685185186,40.41274693238976,49.10645954081524,1737.6150067177518,1348.5304537132147
vid_000260_frame0000067.jpg,55.95853009259259,75.68612268518518,41.75586139456753,51.29842743161987,1685.4135804289642,1327.639290925571
vid_000260_frame0000068.jpg,58.12134837962963,77.24484375,42.97071653384281,52.05156174864757,1689.514574069218,1349.2199458413374
vid_000260_frame0000069.jpg,57.44208912037037,76.53282986111111,42.27988796606033,51.34847324514748,1576.4247136137035,1337.51992104308
vid_000260_frame0000070.jpg,53.53333912037037,73.97745949074074,40.07531450840401,49.7939355134356,1722.5931360977154,1342.6251309315792
vid_000260_frame0000071.jpg,49.553449074074074,69.47131944444445,37.72945221564682,46.848418874459824,1730.3164882771982,1291.451118612826
vid_000260_frame0000072.jpg,48.364837962962966,67.75322337962963,36.976728100773855,45.70995475351247,1804.0464759883175,1312.633124227859
vid_000260_frame0000073.jpg,48.81734953703704,68.75689814814815,37.07841143882647,46.16634424886208,1789.0033987916545,1298.3708755572702
vid_000260_frame0000074.jpg,50.250092592592594,70.26519097222223,37.75818405265791,46.751069297516764,1770.904444289588,1296.5628957727504
vid_000260_frame0000075.jpg,50.619172453703705,70.68594907407407,37.90635267853189,46.90841581068132,1744.0463998199255,1284.7198456656163
vid_000260_frame0000076.jpg,50.244930555555555,70.04745370370371,37.66463517438144,46.570167643564574,1769.4820959787794,1289.6530329496406
vid_000260_frame0000077.jpg,49.04739583333333,68.57824652777778,37.04045803459726,45.69837555038311,1718.112800188849,1253.0455566358025
vid_000260_frame0000078.jpg,48.09681712962963,67.701875,36.64789909923698,45.5290044021912,1757.295883962372,1283.2794036988812
vid_000260_frame0000079.jpg,47.71587384259259,67.97988425925926,36.4023847898938,45.649089789367274,1729.8492006171498,1252.9207184606148
vid_000260_frame0000080.jpg,48.51973958333333,68.43956597222223,36.77816150366397,45.70893401354064,1809.2415315272617,1278.599713993779
vid_000261_frame0000011.jpg,89.31516203703704,110.91609953703704,44.809180443934444,43.5913703293874,362.90366921855576,773.6269135266632
vid_000261_frame0000012.jpg,91.41771412037038,111.99343171296296,46.64411347240513,44.06248440668192,380.6967261860412,838.3687346631463
vid_000261_frame0000013.jpg,91.17347800925926,111.80973958333334,46.81673951341913,44.189333269652785,356.84112279821323,774.3082638823249
vid_000261_frame0000014.jpg,87.99965277777778,108.9498611111111,45.02502711836014,43.136247432678964,366.79853580246913,823.6846263623315
vid_000261_frame0000015.jpg,85.74805555555555,107.06869791666666,43.424743686919925,41.820805276511294,353.03844364467454,782.2613831254287
vid_000261_frame0000016.jpg,85.47711226851852,107.16389467592593,43.1279092872015,41.73555758591738,363.34741029610336,822.3555087770061
vid_000261_frame0000017.jpg,86.9658912037037,107.73717013888889,43.87661578767104,42.1149367071083,352.41692820775324,778.0546281892669
vid_000261_frame0000018.jpg,88.01815972222222,109.04723958333334,44.354644980380584,42.95936073397469,371.15332664555467,834.9445448213722
vid_000261_frame0000019.jpg,87.78622685185185,108.58675925925925,43.51698191962515,41.31164300570643,342.131173893899,746.8591126534837
vid_000261_frame0000020.jpg,88.06678819444444,108.22829861111111,43.36064885582542,41.204196906469704,364.14463460165894,816.6832094584565
vid_000261_frame0000021.jpg,90.31192129629629,110.22715277777777,44.41667236307354,41.50023523187228,362.2019399669925,810.8337908274124
vid_000261_frame0000022.jpg,89.85602430555555,109.77636574074074,44.08451315297238,41.45300900188885,358.8141849258402,842.8091445451818
vid_000261_frame0000023.jpg,89.14056134259259,109.42362847222222,43.545683155097635,41.375718783964885,322.05461173147614,759.2878914005902
vid_000261_frame0000024.jpg,87.85560763888888,108.19777199074075,42.50957777877106,41.004230257025434,347.940110165895,793.011487307869
vid_000261_frame0000025.jpg,87.56250578703704,109.1907638888889,42.52091307868524,41.531376306775485,330.70567199392224,712.11682026826
vid_000261_frame0000026.jpg,88.16956018518519,109.41340277777778,42.80721952340611,41.57899110032738,341.6775531635802,754.1773611089678
vid_000261_frame0000027.jpg,91.20166087962963,112.05528935185185,44.4825699142559,42.1785483483341,339.916212184794,717.7955408884976
vid_000262_frame0000001.jpg,68.11424189814815,86.13658564814814,51.61307905088382,57.39239500215113,1412.098261711215,1198.058633281357
vid_000262_frame0000002.jpg,68.3703587962963,86.46802083333333,51.699794698451235,57.5156792875384,1391.7868270082827,1171.7657715513546
vid_000262_frame0000003.jpg,69.70917824074074,86.6958449074074,52.59313790016549,57.72707949716703,1406.606018334961,1203.5416982043776
vid_000262_frame0000004.jpg,74.00232060185185,90.15374421296296,52.752410757041446,58.10631990141433,1318.0145036649894,1139.882590920246
vid_000262_frame0000005.jpg,83.79572916666666,97.6172974537037,55.99149187435121,63.14833106143338,1240.6905405196746,1209.2276970802257
vid_000262_frame0000006.jpg,86.49388310185185,99.85431712962964,57.899262649547914,64.76525652251527,1250.719654489475,1292.0422708428443
vid_000262_frame0000007.jpg,89.0715451388889,101.87617476851852,59.42490371099999,65.41715266590178,1246.0676842848452,1128.2142269417384
vid_000262_frame0000008.jpg,91.60932291666667,103.18705439814815,60.98024719939967,66.18302820555803,1162.5656440757887,1109.6546993890122
vid_000262_frame0000009.jpg,93.44602430555555,104.72598379629629,62.318273701117334,67.9965074050629,1163.6392707167554,1296.4445226993512
vid_000262_frame0000010.jpg,93.56876157407407,105.14391782407408,62.50256388143881,68.50633182024468,1158.7515655671295,1328.676167980505
vid_000262_frame0000011.jpg,92.84137731481482,104.33215856481482,61.89027487066095,67.7154228807537,1159.5887217479733,1291.5505456788783
vid_000262_frame0000012.jpg,92.2209837962963,103.6549537037037,61.370299072852845,67.40554721167437,1222.9771141927083,1397.906745728008
vid_000262_frame0000013.jpg,88.03335648148148,100.38626736111111,59.11909011128203,63.96640814085473,1243.0635029658565,1197.5611752743484
vid_000262_frame0000014.jpg,78.53381944444445,94.34046875,58.90173109246978,63.39412772023843,1327.6335322337964,1163.6152404320987
vid_000263_frame0000007.jpg,176.1223611111111,188.42322337962963,22.531101549141955,27.549310315670027,690.4681541159966,652.2204814425997
vid_000263_frame0000008.jpg,174.62049189814815,187.53409722222221,22.287044593271684,26.42920587205724,649.020414325596,611.7238232890733
vid_000263_frame0000009.jpg,174.50745949074073,188.80758680555556,22.203129782392743,27.038964452996005,653.4788062419291,630.4390136040581
vid_000263_frame0000010.jpg,175.7346875,186.8451388888889,22.84543861027541,26.55976858687058,667.5288535638167,639.7618416943961
vid_000263_frame0000011.jpg,174.2943287037037,186.75417824074074,23.330310126832348,27.064177411801925,673.2866537808306,651.6950757511091
vid_000263_frame0000012.jpg,181.2531886574074,188.26554976851853,23.847936685616382,28.619885896647222,775.2323943182214,685.4678769287109
vid_000263_frame0000013.jpg,196.9738715277778,199.25621527777778,20.551597643068263,26.077328063216495,767.8088779923471,553.9417999485262
vid_000263_frame0000014.jpg,209.3713888888889,206.9807928240741,25.38407014354611,32.80855251840458,904.5504845593276,445.06045101243
vid_000263_frame0000015.jpg,212.09907407407408,205.31458912037036,25.959123611549334,34.86047135486686,974.3697272612311,493.33181268081137
vid_000263_frame0000016.jpg,213.98828703703703,206.21457754629628,27.222729759968534,36.828421200168165,1077.3870830195674,418.805173591821
vid_000264_frame0000007.jpg,171.0399826388889,178.15722222222223,43.87380635444657,44.92130584336167,881.7840552806379,980.0405260368442
vid_000264_frame0000008.jpg,171.35623263888888,178.19266782407408,44.98158216118745,46.03910441023591,891.6608801492573,1002.330386940285
vid_000264_frame0000009.jpg,171.66659143518518,178.20529513888889,46.51384241970959,46.766728918827106,892.0690470742977,1034.1465819200305
vid_000264_frame0000010.jpg,170.8734548611111,176.75648726851853,47.081418092649464,46.541637833708116,905.1337377314815,1068.517821295459
vid_000264_frame0000011.jpg,170.71952546296296,175.93577546296297,47.67828508615108,47.17143424300532,853.640505696983,1031.058498482376
vid_000264_frame0000012.jpg,170.04016203703705,176.4616435185185,47.56212721148153,46.71075433395392,862.3128969649872,1048.3718829327618
vid_000264_frame0000013.jpg,170.58805555555554,176.91149305555555,47.787477666038185,46.915896873914164,890.5686527765722,1053.5799236089676
vid_000264_frame0000014.jpg,169.3658159722222,176.03291087962964,48.691968111132844,47.72998561520531,835.4041448023836,1035.7436295319735
vid_000264_frame0000015.jpg,168.1537673611111,174.3304513888889,48.21079313129641,46.756412993794214,872.4479990289299,1078.6898259066356
vid_000264_frame0000016.jpg,175.84987847222223,177.68777777777777,41.572805440387405,42.03722356949967,696.4209296284239,948.7784781295211
vid_000264_frame0000017.jpg,178.2182523148148,178.93634259259258,40.8042786960946,41.08784963403777,659.5421563784669,912.2738151234233
vid_000264_frame0000018.jpg,184.18516782407409,182.0107349537037,39.43534310480377,41.01791678071044,712.151419994079,1033.2129530137804
vid_000264_frame0000019.jpg,189.28739583333333,188.66896990740742,40.74468163915044,41.788493178545615,674.8651657115042,858.1700042432914
vid_000264_frame0000020.jpg,187.51888888888888,184.99278935185185,41.599190387495064,42.676917782713396,683.8534139826269,922.8349242218311
vid_000264_frame0000021.jpg,172.02269675925925,171.1610127314815,44.08890041665489,44.10219384547252,759.5685995005667,1246.4488115274228
vid_000264_frame0000022.jpg,165.52014467592593,166.38859953703704,45.34349162868824,45.48639471122921,805.4150856288582,1317.4700596535013
vid_000264_frame0000023.jpg,164.57390046296297,167.1033622685185,44.79148335176235,44.9246637159528,813.6041431367013,1384.4237226465714
vid_000264_frame0000024.jpg,166.83225694444445,167.8693460648148,45.167531113588026,45.61758686770437,811.7470024230204,1362.3996165765122
vid_000264_frame0000025.jpg,169.11080439814816,170.63473958333333,44.96352054233829,45.40297237847142,795.4884031319325,1312.457715631296
vid_000264_frame0000026.jpg,168.53819444444446,169.44422453703703,42.88378796644578,43.39860445065484,791.781383534674,1283.3926021539298
vid_000264_frame0000027.jpg,180.50178819444446,175.40669560185185,44.609029552722774,46.56676991689449,795.4292147303869,1412.508334078113
vid_000264_frame0000028.jpg,173.9013888888889,170.68710069444444,43.51846761472594,45.72219067566634,812.0301923352571,1467.3014359444323
vid_000264_frame0000029.jpg,158.90450810185186,161.5790335648148,29.9808715336589,34.88458223584893,800.9412393293131,1415.5018492621193
vid_000264_frame0000032.jpg,171.58103009259258,176.37877893518518,38.768533158874625,38.51784359697272,925.2609866635589,1099.0283340706446
vid_000264_frame0000033.jpg,214.68140625,207.23722222222221,37.38912772270909,42.75039945846149,872.1154225581585,713.9602518606596
vid_000264_frame0000034.jpg,205.72028356481482,193.35531828703705,38.83823935584856,47.09141405659934,652.0039916205512,1066.8319100428869
vid_000264_frame0000035.jpg,164.2963136574074,158.78953125,41.24649724548728,45.734053868308536,930.2593010411309,2287.683691510202
vid_000264_frame0000036.jpg,133.5660821759259,141.54947916666666,48.74946339968406,45.82491368075998,853.970145137248,1339.239347845099
vid_000264_frame0000062.jpg,164.01319444444445,173.04969328703703,33.07373495633947,36.374746744357026,742.7211834353767,1020.7626672019677
vid_000264_frame0000063.jpg,165.94220486111112,173.71046875,33.16750433405713,36.20989507740094,751.441884739369,1039.2505833089192
vid_000264_frame0000064.jpg,165.47770833333334,173.56552083333332,33.4890586517133,36.19928014403498,754.6294822525506,1072.0325255099826
vid_000264_frame0000065.jpg,165.74405671296296,173.20161458333334,33.86645028401082,36.55252110971901,764.5700070966221,1067.4918406997158
vid_000264_frame0000066.jpg,164.97718171296296,174.00685185185185,28.320665778064146,33.26908077268643,654.6047015227141,926.1304841337396
vid_000264_frame0000067.jpg,165.64744791666666,174.47324074074075,23.483569804834556,30.01781668716541,662.5743596450617,1020.1226512345343
vid_000264_frame0000068.jpg,164.50138310185184,179.5459837962963,19.848872540841832,24.521216320613668,643.3263541618442,725.6086638353052
vid_000264_frame0000069.jpg,166.5464988425926,176.72645833333334,20.840486602743205,26.387291570717878,651.8648001027466,877.1045206017178
vid_000264_frame0000070.jpg,168.66024884259258,178.73983796296295,20.456320130253406,26.009501931303582,643.6661057472512,799.9407045106403
vid_000264_frame0000071.jpg,169.08056712962963,178.57958912037037,20.417519305385056,26.425025996302292,656.2467846674328,832.8502790786555
vid_000264_frame0000072.jpg,166.10870949074075,178.3238888888889,19.96569785435605,25.31697669451503,637.0061308084371,752.9777394525893
vid_000264_frame0000073.jpg,167.80854166666666,175.82765046296296,20.811623381674753,27.259138915845806,675.0426015880862,964.441468929204
vid_000264_frame0000074.jpg,167.32718171296295,176.36888888888888,20.72292425933618,26.415154349747564,652.5395643002776,852.9331977558822
vid_000264_frame0000075.jpg,169.50337962962962,177.92783564814815,22.365916843789094,28.019574435840045,635.7984540597338,856.628248672163
vid_000264_frame0000076.jpg,167.9218923611111,175.67881944444446,23.103402925609107,29.631785681601485,670.8296263695988,1009.5800675247758
vid_000265_frame0000005.jpg,166.78346064814815,182.75476851851852,24.43622717753423,26.81408018640044,814.6737080331308,614.3265269932792
vid_000265_frame0000006.jpg,168.5429861111111,182.79060185185185,23.37719224954163,26.46197909455635,713.0806368693202,571.2501905896013
vid_000265_frame0000011.jpg,174.12385416666666,181.25886574074073,30.666253136659776,34.12839798047157,651.0240997294025,716.971820897098
vid_000265_frame0000012.jpg,172.97214699074075,180.65035300925925,29.266427697655505,32.710088211811026,683.9631980315702,773.2657094087241
vid_000265_frame0000013.jpg,173.61728587962963,180.27990162037037,28.632016260360547,31.904388866196868,701.4659571747202,772.8185377785012
vid_000265_frame0000014.jpg,176.61122685185185,182.0499537037037,28.98788462403416,33.17834478237057,704.6138943281679,769.5424474022299
vid_000265_frame0000015.jpg,176.19658564814816,180.81627893518518,29.775465095872722,34.15023659895766,750.0382379047912,850.1018320493345
vid_000265_frame0000016.jpg,175.81394675925927,179.99954861111112,29.641703017922588,33.73467655949921,723.0593983214577,849.9036424349226
vid_000265_frame0000017.jpg,176.19681712962964,180.32357638888888,30.167113280286408,34.55426920863435,701.8962812451775,838.9788755784024
vid_000265_frame0000018.jpg,175.47430555555556,178.67967592592592,30.637503864320696,34.52331014566092,728.8939520313572,891.2042729486828
vid_000265_frame0000019.jpg,175.84897569444445,179.89972800925926,30.801153225792714,34.83828211018712,712.8145103282201,868.8300125251843
vid_000265_frame0000020.jpg,176.7727835648148,179.41342592592594,31.346176058310824,35.674751229687196,794.0425337571802,972.6065548535759
vid_000265_frame0000021.jpg,174.84368055555555,177.95914351851852,31.889483229117676,36.34792962680719,707.2116867160373,923.9160725099331
vid_000265_frame0000022.jpg,175.9309375,180.22360532407407,32.554243355723784,36.93883309885874,785.1446481662326,931.6742366703907
vid_000265_frame0000023.jpg,174.96238425925927,180.27588541666665,32.24037265661689,36.000681313843835,749.214320880353,910.1024207733195
vid_000265_frame0000024.jpg,176.1142361111111,181.25252314814816,32.37953662794679,36.075309354496355,715.2955266128351,853.4852735809702
vid_000265_frame0000025.jpg,177.18282986111112,183.58418402777778,32.57410878021407,35.166637981734276,797.5201549693166,831.357691185184
vid_000265_frame0000026.jpg,175.75592013888888,183.0083275462963,32.37504633591868,35.17053304646296,800.1149654299554,833.6525298433951
vid_000265_frame0000027.jpg,175.0469849537037,181.95921296296297,32.41027407059052,34.99922738341703,810.9631235691819,801.6686397113984
vid_000265_frame0000028.jpg,176.92269097222223,183.57811342592592,32.682065020568515,34.02652284746395,705.4683250506031,699.1775413987148
vid_000266_frame0000006.jpg,172.77208333333334,184.83916666666667,24.697609361226082,28.66216979829504,688.51761147116,723.2807345911766
vid_000266_frame0000007.jpg,177.63380208333334,187.04320023148148,23.367183824176717,27.927702680797736,675.5843319335937,662.5316897612313
vid_000266_frame0000008.jpg,168.32950810185184,180.9730150462963,23.751211852389982,28.08869520701601,682.5112554011007,745.5153039073217
vid_000266_frame0000009.jpg,168.41296875,182.1622800925926,23.647378086721123,28.333725828740114,686.3627703402296,756.5927870932663
vid_000266_frame0000010.jpg,172.2018287037037,182.79688657407408,22.239426979951247,26.977688733111535,672.5925632193274,731.8139341883948
vid_000266_frame0000011.jpg,180.91273726851853,190.72487268518518,21.443186828759895,26.00039083320021,666.0046580241554,586.5466086539982
vid_000266_frame0000012.jpg,178.8573900462963,188.53452546296296,22.979418713097278,26.802725169484646,700.1482841756352,591.3570509237826
vid_000266_frame0000013.jpg,167.85364583333333,178.2300462962963,23.86180199286693,27.930843539556584,733.2375234278214,814.3538872826846
vid_000266_frame0000014.jpg,172.80082175925926,181.15444444444444,23.64241013930437,26.78220545171784,731.3531847736289,737.2938696759257
vid_000266_frame0000015.jpg,175.23833333333334,182.0468287037037,23.7065592579744,27.039378333897037,706.8415672516664,715.6222628078048
vid_000266_frame0000016.jpg,176.21829861111112,180.46305555555554,24.25989719516739,27.432703236598538,702.1416180361315,750.8177776129745
vid_000266_frame0000017.jpg,176.18686921296296,180.41681712962964,24.764590350363573,28.406038490780556,704.746527437488,778.1150949062018
vid_000267_frame0000004.jpg,150.05966435185186,161.15002314814814,42.32666086827203,40.59283532955116,829.574056069825,1048.6895022955248
vid_000267_frame0000005.jpg,156.18701388888888,166.6264236111111,42.93806104134824,42.17195359297849,785.3133567385491,1023.4896235591349
vid_000267_frame0000006.jpg,158.26677083333334,167.5951851851852,42.91274957839498,41.88245127141848,805.9695951602889,1046.1837738549168
vid_000267_frame0000007.jpg,157.61200231481482,167.31827546296296,42.46933427344516,42.04893654012669,789.7886365996601,1035.012184157685
vid_000267_frame0000008.jpg,163.7283101851852,171.4889525462963,42.11039233939598,42.012860885752815,782.0796853271484,1046.7465059992282
vid_000267_frame0000009.jpg,173.81295138888888,177.72484375,41.12231460153297,42.43998650503256,842.6689128686222,1057.7304796930928
vid_000267_frame0000010.jpg,175.80121527777777,178.51715277777777,39.73889343327111,41.29156331688817,755.9462092430502,1052.4713210346742
vid_000267_frame0000011.jpg,157.16685185185185,165.87589699074073,38.44942018775249,38.62423839676492,772.7324833113306,1029.3985140897942
vid_000267_frame0000012.jpg,155.4069675925926,164.31953125,36.54718272149824,36.39381212046772,804.8290141465928,1141.8592837641127
vid_000267_frame0000013.jpg,162.83800347222223,169.6189872685185,33.748291986204265,34.80728271487008,735.5750997175805,1027.5880220763406
vid_000267_frame0000014.jpg,168.69674189814816,172.51951967592592,31.989508132956278,33.938987686522935,810.332523854917,1045.0031545609086
vid_000267_frame0000015.jpg,163.68435763888888,170.42276041666668,31.9128873341433,33.85448889447345,841.7956028130092,1050.6422573039908
vid_000267_frame0000016.jpg,156.6938425925926,166.79805555555555,32.184967901888506,34.07278131844671,920.4835158950616,1107.6013905068146
vid_000267_frame0000017.jpg,153.25251157407408,165.35719907407406,32.89635237346282,34.02270077581643,914.5175659613715,1101.4796627925332
vid_000267_frame0000018.jpg,150.8712789351852,161.8609664351852,33.006122455460904,33.647532956607726,883.029292281238,1140.5255081254288
vid_000267_frame0000019.jpg,152.6012326388889,165.26018518518518,32.6591088494728,34.39986660131008,859.5980760070717,1085.7502547818071
vid_000268_frame0000001.jpg,173.99238425925927,177.44015046296298,40.08942131360532,44.02201200215753,866.0633897874537,1279.895889277069
vid_000268_frame0000002.jpg,174.22455439814814,178.10061921296295,39.977566453390274,43.760019324530035,823.242100947326,1143.6598692599825
vid_000268_frame0000003.jpg,174.1535474537037,178.64246527777777,39.69562733386967,43.378566722136526,786.0142418638546,1092.597989619201
vid_000268_frame0000004.jpg,174.43130208333332,177.51151041666665,36.16358893770784,39.51672444711007,699.5131334921754,1106.3990182226028
vid_000268_frame0000005.jpg,190.10555555555555,186.36567129629628,35.25488939254025,39.667667322384375,780.2957654126748,1137.8986663558812
vid_000268_frame0000006.jpg,182.52767939814814,180.68012152777777,35.813825892448605,39.22893806488004,673.9443981079268,1081.2764711657865
vid_000268_frame0000007.jpg,188.98666666666668,184.3401388888889,35.84617448208386,40.54135391542227,718.4532545717256,1258.634114631257
vid_000268_frame0000008.jpg,183.03211805555554,178.52125578703703,36.42664970469128,41.464032126995974,770.8198823193961,1707.9748477631158
vid_000268_frame0000009.jpg,177.25015046296295,175.82646990740741,36.2955254515131,39.22827442829699,706.0088472267432,1374.0745483205537
vid_000268_frame0000010.jpg,171.60416666666666,169.85657407407408,33.702050901298335,38.792692829536016,772.1460728618773,1615.5968263454859
vid_000268_frame0000011.jpg,174.4362789351852,173.20645833333333,27.822852148242024,34.37348265948305,695.9747156981084,1247.3716217623405
vid_000268_frame0000012.jpg,182.06894675925926,176.1932060185185,27.67483883742995,38.82321679324305,737.0793098153238,1879.5310536260074
vid_000268_frame0000013.jpg,177.14872685185185,172.96816550925925,27.191546816731503,38.2415651162112,742.0420230575918,1790.6034342806593
vid_000268_frame0000014.jpg,176.97518518518518,172.01664351851852,27.221023243941215,37.009820091139005,720.8538330246914,1489.3435117661381
vid_000268_frame0000015.jpg,181.96549189814814,177.17440393518518,30.820821713397823,40.01724230437452,769.7105267906326,1468.3639259066358
vid_000268_frame0000016.jpg,184.64328703703703,181.48571759259258,39.35960297233487,45.65726907759541,687.0078126541871,1040.7513055153345
vid_000268_frame0000017.jpg,171.37158564814814,173.4322222222222,55.88171299913059,57.69120886048368,937.7010980997889,1776.0648069251547
vid_000268_frame0000018.jpg,165.55070601851853,168.61294560185186,59.394954819970636,60.18428093390967,1056.1400386726452,1936.0538699759948
vid_000269_frame0000001.jpg,167.58534143518517,184.2392013888889,18.152897347729876,21.717711619167694,727.9207521635749,538.9700513867456
vid_000269_frame0000002.jpg,167.82567708333335,185.99282407407406,18.016708402469465,22.245065399256486,720.0007527133433,524.3035967565465
vid_000269_frame0000003.jpg,165.83300925925926,185.09132523148148,17.318295980453186,21.50938073191819,722.4097633209018,546.6211185633948
vid_000269_frame0000004.jpg,169.399375,184.37722800925926,17.589567472471693,21.919142682303487,709.6708818072702,527.7416459096565
vid_000269_frame0000005.jpg,170.35688657407408,183.4680439814815,19.255424741439636,21.92728771201475,707.6634003541546,542.8316917136864
vid_000269_frame0000006.jpg,169.64917824074075,184.50220486111112,19.438091196694394,22.486604443486943,700.2591914993515,553.5735204539274
vid_000269_frame0000007.jpg,170.78237847222223,183.44507523148147,19.778621628150344,24.44875625351681,704.0519319296754,607.6424266941818
vid_000269_frame0000008.jpg,169.4158738425926,183.0108449074074,20.176358876463862,24.73187768026696,729.3021736831477,639.3200986527723
vid_000269_frame0000009.jpg,168.74745949074074,183.30167824074073,19.607424659128625,24.393522344439994,677.298785428991,580.8577327669537
vid_000269_frame0000010.jpg,167.76752314814814,182.42353587962964,19.440541613264195,24.497994022137124,695.43189731596,594.4639456232518
vid_000269_frame0000011.jpg,171.80798032407407,181.89755787037038,27.8820168044377,29.00023453064301,745.9475157530649,568.3922519284765
vid_000269_frame0000012.jpg,169.26105324074075,179.95421875,30.89138134631206,32.43355180286875,896.0790604358228,707.6481382887515
vid_000269_frame0000013.jpg,170.1519502314815,180.40306712962962,31.18653511484957,32.98316142142798,882.2062767349054,717.864435217302
vid_000269_frame0000014.jpg,170.59825231481483,180.4831712962963,31.71812101385106,33.26919654901443,910.3388464730888,732.379764218395
vid_000269_frame0000015.jpg,171.14869212962964,181.87852430555554,31.87402826264078,33.19133200514902,884.7222152262036,689.4081731604723
vid_000269_frame0000016.jpg,170.91718171296296,180.87382523148148,31.980585816094607,33.82370723860669,917.469929933449,727.1827499409239
vid_000269_frame0000017.jpg,170.37476851851852,181.21942708333333,30.952002305273815,32.06372082572896,815.2840371751489,646.9698041618442
vid_000269_frame0000018.jpg,170.4470949074074,181.32648726851852,28.18722564349148,30.02255089617628,827.5331782064471,669.5714347945602
vid_000269_frame0000019.jpg,172.12416087962964,182.40912037037037,30.80569154441551,33.191129555510706,820.2098713455932,631.7538653869545
vid_000269_frame0000020.jpg,171.43148148148148,181.2609837962963,31.257056308960205,33.589356724165704,978.4757629178185,747.711078341478
vid_000269_frame0000021.jpg,170.8329398148148,181.08497106481482,31.672590574064248,33.736274932975775,968.0149516634716,747.1764140040939
vid_000269_frame0000022.jpg,95.00765046296296,126.47966435185185,34.628124264555936,36.640664434001714,948.604124059573,1249.4782263212392
vid_000269_frame0000023.jpg,168.8230150462963,180.1682986111111,32.54478007132599,34.38367563415137,963.0563120691538,789.0995814428677
vid_000269_frame0000024.jpg,170.4792013888889,181.0803587962963,31.40390206810232,32.866379145138666,878.4877358257446,703.5619176790967
vid_000269_frame0000025.jpg,169.85061342592593,180.03461226851852,35.28423079664265,36.9147116663199,948.0319568501037,820.9183417233314
vid_000269_frame0000026.jpg,167.52789930555556,178.59575810185186,35.58777762200379,37.330578820963275,947.5321828510802,885.5082647890612
vid_000269_frame0000027.jpg,169.27528356481483,179.24880208333335,36.90279461245371,38.362283471206204,960.1510469050069,867.1899617739075
vid_000269_frame0000028.jpg,168.0510763888889,178.34458912037036,36.95684633108641,38.46095004646936,968.6611418906131,911.9677220413437
vid_000269_frame0000029.jpg,170.42391782407407,179.21447916666668,39.36217587663628,41.702551420546946,973.1570128801427,930.9536241359297
vid_000269_frame0000030.jpg,169.16447916666667,176.84552662037038,40.09267354600708,42.81764193520765,996.873799121998,1021.1741655740622
vid_000269_frame0000031.jpg,168.20023726851852,176.13188078703703,41.008054805994895,43.48126056880659,1030.666365174763,1079.828771244722
vid_000269_frame0000032.jpg,169.3599363425926,177.6091898148148,41.1167612511368,42.635184362682146,943.7681985499922,969.1358226803628
vid_000269_frame0000033.jpg,166.99304976851852,175.77261574074075,41.16518108070515,42.62410051305235,961.1464184748144,1029.2960487632888
vid_000269_frame0000034.jpg,165.95004050925925,175.3417824074074,40.54575759448078,41.86520036875038,922.342970889998,999.1662586000461
vid_000269_frame0000049.jpg,169.93702546296296,169.1645601851852,40.91548303271364,46.648758131629066,867.7194846631462,1728.9077429105782
vid_000269_frame0000051.jpg,174.48553240740742,174.41021412037037,43.496014200578344,47.8084874842622,823.2343207384569,1320.0614594644849
vid_000269_frame0000053.jpg,178.15789930555556,178.93770833333335,39.62620870319206,42.26670798092229,678.7283886179899,1077.1200527358485
vid_000269_frame0000054.jpg,174.76213541666667,178.91879050925925,39.335320398551,41.86226626368401,704.115996553364,1162.8221199522839
vid_000269_frame0000055.jpg,171.32966435185185,176.11781828703704,38.145359040419656,41.522094069718754,678.0401842310944,1172.760397697208
vid_000269_frame0000056.jpg,160.07549189814816,167.75875578703705,36.485418051208654,38.73434168794186,723.2252213240258,1341.5271245852286
vid_000269_frame0000057.jpg,154.8819675925926,164.9523726851852,22.639050605806837,30.704323764619655,685.5965615017026,1005.150909847474
vid_000269_frame0000058.jpg,166.27953703703704,172.89549768518518,21.708175149104168,28.597563158738723,638.2565485916872,775.8721999951774
vid_000269_frame0000059.jpg,170.29519675925926,176.55963541666668,22.05833071156406,30.63994225961653,658.191705040315,826.5499808765218
vid_000269_frame0000060.jpg,169.43661458333332,175.42495949074075,35.53096423950459,38.79034242202905,665.084432125256,1061.4715087105626
vid_000269_frame0000061.jpg,170.62170138888888,176.60722800925927,42.06313422144386,43.673699018406104,776.0421281763063,1139.4064985591347
vid_000269_frame0000062.jpg,171.02953125,176.87094907407408,42.74389253413975,44.233044470998514,804.1384115882403,1231.4745614764179
vid_000269_frame0000063.jpg,171.69905092592592,175.59947337962964,43.623997882230924,45.082806409433395,838.6220069432388,1340.032754616234
vid_000269_frame0000064.jpg,171.33882523148148,175.40808449074075,44.03429384318621,45.48071351176406,876.6123346619072,1362.1969603169675
vid_000269_frame0000065.jpg,173.1981076388889,176.51337384259259,44.24774457929075,44.77914121337077,863.4391659044054,1308.3013193624279
vid_000269_frame0000066.jpg,174.85858796296296,177.75642939814816,44.39382089496577,45.03115147051052,843.3932831548664,1260.2732226722915
vid_000270_frame0000011.jpg,154.89102430555556,158.47869212962962,41.49316005649541,38.44540919413252,817.0118132007404,1210.1868553749787
vid_000270_frame0000012.jpg,154.94369791666668,157.62749421296297,41.73654704225779,38.72859826961679,808.2580454788438,1258.6051673176748
vid_000270_frame0000013.jpg,155.26902777777778,158.34669560185185,41.92108005238519,38.56023957997684,765.48947360304,1192.249055002438
vid_000270_frame0000014.jpg,152.83338541666666,155.60879050925925,41.66198223664083,38.16565749872888,820.2180482405465,1281.9490259074062
vid_000270_frame0000015.jpg,150.95909143518517,154.89243055555556,41.403376739397835,37.89682833425646,800.9648009768305,1250.6247861311715
vid_000270_frame0000016.jpg,149.99829282407407,154.9980613425926,41.305859659671036,37.95673816249299,803.7664938817824,1220.6000374484256
vid_000270_frame0000017.jpg,149.75413773148148,154.11871527777777,41.2381197497524,37.939041069040975,799.4411347222222,1254.6552794924555
vid_000270_frame0000018.jpg,149.15076967592591,153.27057291666668,41.26719976696593,37.61120335542407,805.6745930157697,1303.1890552452728
vid_000270_frame0000019.jpg,148.80621527777777,154.86619212962964,40.96172127143182,38.04716219998997,774.7432826955535,1131.197589898372
vid_000270_frame0000020.jpg,147.96344328703702,153.13771412037036,40.90953010228877,38.07539728710721,795.9511574062019,1289.2344633631994
vid_000270_frame0000021.jpg,147.46350694444445,153.3181539351852,40.62645680256857,38.29148771653758,784.0394119598765,1227.7561895785104
vid_000270_frame0000022.jpg,146.56797453703703,151.99188078703705,40.46753425323056,37.72865716944962,822.9876850801613,1288.302486000963
vid_000270_frame0000023.jpg,144.38969328703703,151.06195601851852,41.05309876339694,38.263155319057105,773.3666745493613,1199.2671400414736
vid_000270_frame0000024.jpg,132.02177662037036,142.31365740740742,43.90614167672005,39.564554007919675,873.4533677071277,1251.9081550840192
vid_000270_frame0000025.jpg,121.59115740740741,135.3486689814815,42.777778099421795,39.64069985550135,969.1650356189117,1299.5435682143977
vid_000270_frame0000026.jpg,121.87038194444445,135.9051388888889,42.6813084424948,38.62464963258526,989.5201814811801,1262.0358194251542
vid_000270_frame0000027.jpg,133.73697337962963,144.8990914351852,44.599446476663296,40.003530476239206,926.0104212574147,1262.4762713187679
vid_000270_frame0000028.jpg,139.11282986111112,148.9122337962963,45.8210416065936,40.869635856665646,903.2508571164144,1251.8945119834534
vid_000270_frame0000029.jpg,143.55414351851852,153.61807291666668,46.67863645059493,42.30338240558332,842.0165879915967,1171.3526573881174
vid_000270_frame0000030.jpg,145.16931712962963,153.6895023148148,47.009262047852744,41.51906248364513,854.500291520785,1211.0110134331264
vid_000270_frame0000031.jpg,145.33506944444446,154.22643518518518,46.96580473190625,42.083419557397505,861.1186278886962,1210.8026866414555
vid_000270_frame0000032.jpg,145.33936921296296,152.97271412037037,47.09100511313249,41.63004045412705,864.8935356544442,1248.9958503081061
vid_000270_frame0000033.jpg,145.20453125,153.6168576388889,46.79325144813239,41.54600363893388,855.5235916918509,1224.609363656202
vid_000270_frame0000041.jpg,146.74740162037037,153.60096643518517,47.863190046420016,41.94804108282499,918.0672741121183,1249.7876270435472
vid_000270_frame0000042.jpg,146.9302662037037,154.6621238425926,48.34135887079957,42.72707407930224,899.5474868703582,1242.940370562736
vid_000270_frame0000043.jpg,147.79380208333333,155.45469328703703,49.122220609930125,42.98325883287996,895.8297109897107,1247.3318686583386
vid_000270_frame0000044.jpg,148.84516203703703,155.8874710648148,50.013619161125646,43.90703516003217,903.4967920090666,1260.7035178807384
vid_000270_frame0000045.jpg,150.0447974537037,156.3909201388889,51.07742818771786,44.164222413608904,918.1026362632886,1260.1129676246092
vid_000270_frame0000046.jpg,151.8821412037037,157.57204861111111,53.01931675891263,45.46746146480131,908.5004347908092,1273.390519328168
vid_000270_frame0000047.jpg,153.60640625,158.4687326388889,54.34152692076596,46.62368513328483,907.0638585305214,1283.9667531571167
vid_000270_frame0000048.jpg,154.80718171296297,160.13498842592594,55.04982110549564,47.044365712107286,927.9038107590663,1264.657205352708
vid_000270_frame0000049.jpg,153.5429224537037,160.28355902777778,55.1254732303195,47.5285152524444,913.4961131665807,1191.8308029438538
vid_000270_frame0000050.jpg,148.54085648148148,155.4931712962963,54.176256605841594,46.40921817993177,938.3689661436899,1243.2683405060106
vid_000270_frame0000051.jpg,147.82058449074074,156.1414814814815,53.520872560697015,45.356097165872065,910.6317983919537,1181.6302151330683
vid_000271_frame0000003.jpg,171.70024305555555,179.44953125,33.39787130658621,35.830341918258995,660.6188617957764,746.1401929371021
vid_000271_frame0000004.jpg,171.65438078703704,182.5728587962963,30.740562536998446,33.59921914634253,693.254696448474,699.0429511662152
vid_000271_frame0000005.jpg,169.13894675925926,180.5199537037037,29.02094987696051,32.4777973661564,810.7683811358334,764.8189870027436
vid_000271_frame0000006.jpg,166.77230324074074,180.11260416666667,22.923169916061735,24.83025952128253,736.3601275028934,563.8942699008434
vid_000271_frame0000007.jpg,167.0104861111111,180.54074652777777,22.26272641128431,23.99321821423774,702.4638069057303,507.8948779055413
vid_000271_frame0000008.jpg,169.1177662037037,182.39194444444445,18.79521515180783,21.871978149302826,721.475950267349,554.8398891996407
vid_000271_frame0000009.jpg,170.3597048611111,182.68863425925926,18.215838274239903,23.262341566828333,727.6962251477569,569.2162063552585
vid_000271_frame0000010.jpg,170.67703703703702,183.32232638888888,17.95775651351327,23.63151206849596,740.7830724207164,570.8583883262269
vid_000271_frame0000011.jpg,164.94140625,179.93380787037037,18.63118616788692,23.469556089675397,737.7317719859182,640.1815223966037
vid_000271_frame0000012.jpg,165.27118055555556,178.18219328703702,18.903286151090036,23.369814612108218,712.402724427693,632.7275516712749
vid_000271_frame0000013.jpg,163.85916666666665,178.42433449074073,18.66577947420438,23.249353917928104,713.3015885368441,611.4026955278729
vid_000271_frame0000014.jpg,164.6221064814815,179.19673032407408,18.648743496242897,23.42231831173542,767.2181431953754,692.9678851803626
vid_000271_frame0000015.jpg,166.33778356481483,180.90036458333333,18.637119303174202,23.338948180710585,699.5756482563537,642.063126808449
vid_000271_frame0000016.jpg,165.98930555555555,179.7216261574074,18.99427701282597,23.834329619698284,717.5018684862346,669.4340781666612
vid_000271_frame0000017.jpg,167.71328703703705,181.99491319444445,18.907397859700765,25.240762947476558,724.7334995490598,772.1594659328048
vid_000271_frame0000018.jpg,167.21231481481482,181.36274305555557,18.34002822741484,23.935973931118863,742.7882369770232,724.779983589999
vid_000271_frame0000019.jpg,166.21174189814815,181.99802662037038,19.04127789168044,23.347233003716884,731.6426489292642,598.4686095002519
vid_000271_frame0000020.jpg,165.02985532407408,179.58876157407408,23.59667454604243,27.48378378940876,797.070984755143,642.5627297709566
vid_000271_frame0000021.jpg,165.0052662037037,179.98410879629628,23.616506312645964,27.64845225001748,793.1936947860069,643.7251260154106
vid_000271_frame0000022.jpg,164.3670486111111,178.7204976851852,23.563602559771272,27.214724087517716,760.9098247248143,628.9928642068745
vid_000271_frame0000023.jpg,168.44004050925926,181.07667824074073,18.374745645713176,22.586015115126667,693.3190106336469,607.0799993805726
vid_000271_frame0000024.jpg,83.01500578703704,119.28811921296297,29.21456860950232,33.9647472137118,1043.0303101848838,1504.3411126280648
vid_000271_frame0000025.jpg,148.1563888888889,167.59924189814814,22.82935738734526,28.905015273998668,729.1950193478599,1051.2014194307471
vid_000271_frame0000026.jpg,158.7336400462963,172.67458912037037,24.704978839464655,30.950998534873072,739.9636374951775,923.5314745322144
vid_000271_frame0000027.jpg,154.29692708333334,168.94291087962964,28.425253261221624,35.86640720229521,700.3276009430728,948.3771444721741
vid_000271_frame0000028.jpg,156.18901620370372,170.89139467592594,28.094573907783737,35.8133867936779,588.1173512642733,860.3654177838528
vid_000271_frame0000029.jpg,150.22610532407407,164.2492939814815,32.041300644391406,40.30711433403194,779.238393436502,1334.1090498381438
vid_000271_frame0000030.jpg,153.38802662037037,165.83920717592594,30.653020384972073,37.33300652226928,689.8762360677083,888.5538866886092
vid_000271_frame0000031.jpg,150.14113425925925,165.06078703703704,31.183108781045114,38.11138930491701,771.2924845934875,1043.8325403886959
vid_000271_frame0000032.jpg,149.32447916666666,158.84390046296295,32.078319995494816,39.350298201953755,773.1302648048684,1015.3508894627699
vid_000271_frame0000033.jpg,151.6874826388889,166.35500578703704,28.462387880696628,35.56990404682629,751.7562011718416,964.0612861542124
vid_000271_frame0000034.jpg,155.03091435185186,171.82761574074075,22.827413676020832,28.73111265845939,717.4224112220294,899.4159422378351
vid_000271_frame0000035.jpg,157.8340625,174.4237037037037,20.630351705808433,26.509834839678337,761.8361796712909,920.6764903998146
vid_000271_frame0000036.jpg,156.93298611111112,174.0415798611111,20.571119292676098,26.893641279195325,725.8752817000693,820.7472656216511
vid_000271_frame0000037.jpg,158.6169849537037,176.40704861111112,19.269927628740675,25.798972109197596,733.7828462815272,729.2669511851369
vid_000271_frame0000038.jpg,157.58578703703705,176.1842476851852,20.839379996531374,24.309565294910993,743.5651883487654,646.5320718073506
vid_000271_frame0000039.jpg,158.52585648148147,177.5122511574074,22.154524722991116,26.363194222843415,759.8840034716864,647.2018349408102
vid_000271_frame0000040.jpg,159.79945601851853,177.68386574074074,22.02916421685065,25.848199599895704,723.5918874863028,603.539374903248
vid_000271_frame0000041.jpg,161.64872106481482,176.71527199074075,23.20668331673871,25.769984165612684,735.7956687279974,545.2485936373404
vid_000271_frame0000042.jpg,162.84752893518518,177.18580439814815,26.46307829771625,26.251366738911216,774.4297874119889,448.5066558440701
vid_000271_frame0000043.jpg,163.6406886574074,174.55861689814816,25.36889427979577,26.63162870334041,722.8267296467766,539.5483564621912
vid_000271_frame0000044.jpg,167.5498263888889,177.90076967592591,36.311018169133156,34.48737754680322,800.0898280521261,423.73579481735334
vid_000271_frame0000045.jpg,169.27171875,179.85055555555556,38.65508065385563,36.323564463575245,840.3465027776437,407.21912677415554
vid_000271_frame0000046.jpg,168.5997627314815,179.37501157407408,39.412910041672426,35.75756916924561,855.3738840529619,380.67249479136524
vid_000271_frame0000047.jpg,167.06502893518518,177.2427488425926,38.95222339713333,35.82295928758246,865.5402578097874,483.26224603695124
vid_000271_frame0000048.jpg,167.44605324074075,177.8774652777778,38.88986891932114,36.003411734697394,844.8371337432152,444.24893307770566
vid_000271_frame0000049.jpg,168.04284722222224,179.63942708333335,37.867311036487216,35.610108062171676,816.0115430550198,469.1184301319431
vid_000271_frame0000050.jpg,173.67071180555556,181.6386574074074,32.275793784566915,30.83095165055608,890.170859348744,486.9054842045705
vid_000271_frame0000051.jpg,169.49616319444445,181.58379050925927,33.83977749386776,32.83575399963631,817.4503769865811,466.85701611847213
vid_000271_frame0000052.jpg,165.6589699074074,176.14767361111112,41.20695868231866,39.42756438975511,876.6985590229552,580.3663450508777
vid_000271_frame0000053.jpg,151.95882523148148,167.9516898148148,45.239366975172885,41.76314474172892,942.1295898796177,765.0397525450907
vid_000271_frame0000054.jpg,166.95909143518517,177.2843113425926,30.58482075339175,31.06433727222142,813.3306399272064,555.3241280137804
vid_000272_frame0000006.jpg,173.68706597222223,182.5513310185185,34.02403129254543,35.73644950830834,619.4869416580933,612.8885575788752
vid_000272_frame0000007.jpg,171.85410300925926,180.0787037037037,34.34269363968418,35.911986807579495,634.0317457475994,685.2745901586879
vid_000272_frame0000008.jpg,172.2889525462963,181.12864004629628,32.79758005681816,33.529565748526856,672.4130495801385,695.0015479118441
vid_000272_frame0000009.jpg,173.0266898148148,181.05798611111112,33.225854755413884,33.954909931322916,631.6739285659601,659.6991169246386
vid_000272_frame0000010.jpg,174.47596064814815,182.39541666666668,33.915502653767504,34.32878694699705,678.2507767875179,688.8808865397804
vid_000272_frame0000011.jpg,174.66115740740742,184.0693865740741,27.37426940599986,28.828574797502394,625.2160540637526,591.4505378466864
vid_000272_frame0000012.jpg,175.40412037037038,184.93961805555554,21.50754543875999,24.99525649150936,638.0042721833406,580.9379388092837
vid_000272_frame0000013.jpg,180.2328298611111,190.48230902777777,20.567195309391696,24.325683481545113,637.9780473229595,530.1492199480975
vid_000272_frame0000014.jpg,177.54357638888888,185.5667013888889,21.48055913012452,24.928201668486242,658.4932353373628,571.3483295705537
vid_000272_frame0000015.jpg,179.2412673611111,186.6218287037037,21.865979135009816,25.45135898082178,642.363025166076,559.6639230007595
vid_000272_frame0000016.jpg,179.5512789351852,186.05563657407407,22.680053698097453,26.20241333840855,651.3481128599484,575.065796096831
vid_000272_frame0000017.jpg,175.9980324074074,185.79938657407408,23.062147484385367,26.72325890967152,661.2624838369863,603.059800774686
vid_000272_frame0000018.jpg,177.8625636574074,185.22944444444445,24.44749985137982,27.36206220005185,641.5647805986569,576.7141081666547
vid_000272_frame0000019.jpg,178.04791666666668,185.11856481481482,24.33821003857811,27.457608830021336,647.5385389317559,591.4456295524691
vid_000272_frame0000020.jpg,178.33618634259258,184.28755208333334,24.488214867573785,28.282207224902617,666.7351838828006,633.881821399043
vid_000273_frame0000003.jpg,184.8455613425926,178.9091261574074,41.13278418221562,47.90216096909979,1055.855880726454,1696.6407550488884
vid_000273_frame0000004.jpg,164.19752314814815,168.12929398148148,27.374478489441742,32.61233553273494,639.2842642391921,914.4606406630445
vid_000273_frame0000005.jpg,139.17162037037036,152.3754050925926,29.573973130545916,34.0435911219633,766.7661183437018,1372.455150125252
vid_000273_frame0000006.jpg,130.7693576388889,144.894375,31.947475044831787,32.851571546603324,779.1890278633778,1366.3792823998722
vid_000273_frame0000008.jpg,175.28474537037036,174.8243923611111,31.772846966133077,34.01507088591512,636.040192174506,976.1132165115085
vid_000273_frame0000009.jpg,176.12282986111111,175.5172048611111,32.18410634179026,34.04125669972332,666.6426353389704,886.9254073811514
vid_000273_frame0000010.jpg,178.87694444444443,174.1935127314815,21.067270636047496,28.075650750984796,674.5602366307388,979.206114754801
vid_000273_frame0000011.jpg,177.9202314814815,173.01516782407407,29.50212116420033,38.117411148562994,789.8924160983782,892.5040570143377
vid_000273_frame0000012.jpg,184.08302083333334,177.23838541666666,41.245486213696104,50.05140154117279,974.3451138234833,1408.1116223367574
vid_000273_frame0000013.jpg,186.0540335648148,179.62611689814815,43.5281473222679,52.630582945609376,1030.599934573494,1404.1463927206576
vid_000273_frame0000014.jpg,187.6073900462963,183.11640046296296,44.59541562417343,51.435314955226374,861.743187572338,1101.3241049945009
vid_000273_frame0000015.jpg,184.43748842592592,181.53125,48.803565582848584,54.47782175151051,873.9919557050207,1253.528113271069
vid_000273_frame0000016.jpg,158.38902199074073,164.16691550925927,59.332157631859566,58.72057373067011,1074.8576090277443,1948.998486523404
vid_000274_frame0000005.jpg,176.28517939814816,184.6114814814815,26.323887155573935,29.516606909557893,646.1834837962629,602.9342100050101
vid_000274_frame0000006.jpg,174.5881712962963,181.65277777777777,27.655102023896767,30.47622314968073,650.767874703113,645.2451031357168
vid_000274_frame0000007.jpg,176.22714699074075,181.39835069444445,28.996365238916955,31.258583314741028,705.1261971635147,747.3968346956648
vid_000274_frame0000008.jpg,172.12106481481482,179.23044560185184,28.289489496910317,30.16335391050111,658.0203991414555,679.1910792314694
vid_000274_frame0000009.jpg,171.44894097222223,174.98135416666668,29.518519522962773,34.818021282614595,718.2250809208623,747.3428838452919
vid_000274_frame0000010.jpg,172.8637789351852,176.2471701388889,30.524070125328066,35.74264704526053,750.2289578735518,766.7918686703948
vid_000274_frame0000011.jpg,153.02333333333334,163.3482060185185,51.23854004212208,48.344905130796406,824.7780891439472,964.0459897030594
vid_000274_frame0000012.jpg,156.99196180555555,167.3332465277778,60.832435963460654,55.585191695919285,1049.158966869079,1312.1111107241031
vid_000274_frame0000013.jpg,141.11733796296295,155.31286458333332,41.368698947825045,40.62045050038647,748.7324784987127,927.2963615410866
vid_000275_frame0000001.jpg,71.55357638888889,91.95420138888889,62.044413695144684,68.30103223479914,1629.0220545066218,1178.105444153887
vid_000275_frame0000002.jpg,71.87317129629629,92.56832175925926,62.241551022923396,68.84403700883794,1616.619016776748,1161.9988454812885
vid_000275_frame0000003.jpg,71.92013310185185,92.32303819444445,62.79185904439207,69.04542933340475,1619.9979132200308,1146.2890732662668
vid_000275_frame0000004.jpg,58.1586400462963,81.68927662037036,54.837845464070405,64.72159337422109,1708.4691971996833,1198.5482319873115
vid_000275_frame0000005.jpg,59.504241898148145,82.60101273148148,55.63069284698807,65.1252746147784,1638.7666868375718,1149.6520002890504
vid_000275_frame0000006.jpg,57.117719907407405,79.57782986111111,54.76409357657754,63.45333173485424,1576.3587442899895,1062.4567476261093
vid_000275_frame0000007.jpg,64.19767361111111,83.29096643518518,48.729660991316734,56.13986355083006,1127.4450071734811,1001.6503425507639
vid_000275_frame0000008.jpg,74.82870370370371,93.75800347222223,50.41366345678948,60.20105662636282,996.3007652311265,1178.925440237992
vid_000275_frame0000009.jpg,74.21013310185185,93.5377662037037,50.007292457606795,60.06645459183001,986.9160036844136,1180.9611638366114
vid_000275_frame0000010.jpg,73.79487847222222,93.48686342592593,49.79568257093318,60.10225459985655,1013.1822236614461,1214.537133543884
vid_000275_frame0000011.jpg,73.81928240740741,93.2239525462963,49.819757217466275,59.937775906966,999.1997719135801,1204.1235957733195
vid_000275_frame0000019.jpg,72.24828703703703,91.51979166666666,49.04719639202235,58.67499064568661,993.8944279320988,1147.2912286080234
vid_000275_frame0000020.jpg,71.94090856481482,91.16519097222222,48.93625007966686,58.62678329948309,1043.5653193310814,1211.7918706186972
vid_000275_frame0000021.jpg,72.09234375,91.23263888888889,49.053009843588285,58.68705788678315,1059.2843561385457,1221.4178503728085
vid_000275_frame0000022.jpg,72.0038888888889,91.19625,49.10647076493743,58.739880963167856,1059.284003999988,1207.9661031759047
vid_000275_frame0000023.jpg,69.96427083333333,88.71967592592593,52.121623114709635,59.432135915888175,1147.5337887622975,1024.659543965373
vid_000275_frame0000024.jpg,57.741284722222225,80.83990740740741,54.6549550184767,63.68517688301616,1745.8193188645353,1185.5108099504553
vid_000275_frame0000025.jpg,58.232511574074074,81.19506944444444,55.00882852911612,64.04536923616749,1720.2275740547843,1199.3765102933905
vid_000275_frame0000026.jpg,60.862436342592595,83.26072916666666,56.23834791733878,64.26864583474028,1695.3877721107683,1175.3385302806712
vid_000275_frame0000027.jpg,65.51782986111111,87.36057870370371,58.41919271891204,66.24023281697147,1693.712760454711,1171.3239437500001
vid_000275_frame0000028.jpg,68.99782986111111,90.32256365740741,59.811886156637556,67.20125426072565,1684.374418546248,1193.889299085293
vid_000276_frame0000001.jpg,71.98561921296296,90.91638888888889,63.03241639484079,71.12702065356365,1580.993597100018,1444.1262614369
vid_000276_frame0000002.jpg,71.72209490740741,91.65482638888889,62.77739517651556,71.9448851783526,1562.2823597471051,1427.1666937853317
vid_000276_frame0000003.jpg,60.70299768518519,82.35756365740741,54.25431323777652,65.36779323523064,1674.253696102558,1405.8976021331328
vid_000276_frame0000007.jpg,44.194519675925925,66.07048032407407,41.053763488703666,51.00047967617407,1772.4368147097907,1169.73237391761
vid_000276_frame0000008.jpg,36.36882523148148,58.024409722222224,37.470402259582414,47.61034484828763,1740.169403385115,1086.5122305804387
vid_000276_frame0000009.jpg,38.91741319444444,59.20978587962963,36.68679185729735,44.66502990186739,1499.5278153929828,1001.5988841433847
vid_000276_frame0000010.jpg,49.953414351851855,70.16846643518518,36.18346408005931,45.822858321526176,1384.9940102961034,1091.0601773410374
vid_000276_frame0000011.jpg,50.10535300925926,72.58887152777778,35.943050782954316,47.58509076828187,1312.9362998541185,1141.6349570135337
vid_000276_frame0000012.jpg,49.56425925925926,72.28547453703703,35.674445418713724,47.42797204252446,1329.2047361263487,1137.0111117407193
vid_000276_frame0000013.jpg,49.19946759259259,72.619375,35.528021246588224,47.7954587479207,1379.0857516380197,1245.1577039346491
vid_000276_frame0000014.jpg,48.95980324074074,72.20302662037037,35.37020226539027,47.52768358835463,1361.8250879195602,1215.541198125509
vid_000276_frame0000015.jpg,48.93606481481481,72.19884837962962,35.33785230897053,47.501542760693496,1352.4397504608196,1205.4137967825347
vid_000276_frame0000019.jpg,48.687094907407406,72.03769097222222,35.09672656250195,47.341691940886506,1295.3162151572146,1151.205281300603
vid_000276_frame0000020.jpg,45.07800925925926,65.71552083333333,34.83581052090022,43.87528619018227,1429.4951764386883,1048.6428888861763
vid_000276_frame0000021.jpg,34.764895833333334,57.890787037037036,34.87223676977306,46.135315827576186,1787.5042201892238,1043.2175275414738
vid_000276_frame0000022.jpg,35.82007523148148,58.54883101851852,35.79783003450803,46.55421085575397,1845.96023014189,1083.0042711290816
vid_000276_frame0000023.jpg,36.85251736111111,60.05974537037037,36.36949210598289,47.420533380027216,1836.6831831756633,1072.2524771085177
vid_000276_frame0000024.jpg,37.35376736111111,61.25119791666667,36.81414681025727,48.9274939070389,1907.1067080653813,1133.7043625384463
vid_000276_frame0000025.jpg,35.71804976851852,59.537083333333335,35.80116224632013,48.028936733132845,1888.938086277455,1120.3508332593544
vid_000277_frame0000001.jpg,75.21015625,92.4130787037037,64.01806915317414,71.59880873506795,1512.3948568587105,1246.0916346972724
vid_000277_frame0000002.jpg,75.38230902777778,92.52206018518518,64.09406329576073,71.73221291602339,1492.720763564038,1227.2390503064987
vid_000277_frame0000003.jpg,68.88587962962963,87.806875,58.5819104234053,67.58626171182144,1562.5526977103693,1246.6688633711365
vid_000277_frame0000006.jpg,42.67109375,67.20097222222222,38.518634380275,51.71030609075166,1689.2423660324703,1087.5494639681592
vid_000277_frame0000007.jpg,46.79692708333334,70.63475694444445,38.6545653483537,51.15780664613858,1729.2224102418497,1156.987262160782
vid_000277_frame0000008.jpg,57.03104166666667,78.80858217592592,40.39727208575458,51.57532020603959,1358.0662427854604,1108.1818326967257
vid_000277_frame0000009.jpg,62.74509259259259,83.29949074074074,42.93682952995039,53.41001912805475,1174.3426551863306,1117.0245867250462
vid_000277_frame0000010.jpg,63.355046296296294,83.95241898148149,43.7752581321332,54.41634011668577,1230.9177583749945,1142.1909935471522
vid_000277_frame0000011.jpg,63.717025462962965,84.64007523148148,43.97385844268518,54.87459258470109,1189.3658289324726,1136.6468220083898
vid_000277_frame0000012.jpg,64.57845486111111,85.71603009259259,44.50023423701928,55.82305500317932,1219.689533923792,1210.6555304649994
vid_000277_frame0000013.jpg,65.66471643518518,86.14427662037038,45.16965880797987,56.23026330903236,1179.827809879725,1234.7672727245356
vid_000277_frame0000014.jpg,66.33425347222222,86.82711805555556,45.632281436577856,56.860132943168246,1227.110692816539,1348.1155595336077
vid_000277_frame0000015.jpg,66.81857060185185,87.74315972222222,45.90057170318299,57.24550498460191,1197.1525365863984,1339.187347254339
vid_000277_frame0000016.jpg,66.82077546296296,87.78085648148148,45.89016876427316,57.369581840577645,1225.1107266273025,1367.9233559603467
vid_000277_frame0000017.jpg,66.18633101851852,86.8922974537037,45.49596228229797,56.79051297780195,1181.772609551692,1279.0210816928359
vid_000277_frame0000018.jpg,65.44647569444444,85.986875,45.11799967205964,56.33856732303506,1270.7074044817055,1408.3127090277778
vid_000277_frame0000019.jpg,65.44742476851852,86.17072337962964,45.05344899047827,56.12262081948791,1197.8478235048815,1295.1595729422527
vid_000277_frame0000020.jpg,65.49637731481481,86.19841435185185,45.16345210297408,56.550497200261916,1261.4446786176686,1368.7056052396463
vid_000277_frame0000021.jpg,66.41127893518518,87.06120949074074,45.64764987113623,56.76714720893446,1232.6477164348835,1277.9033828655479
vid_000277_frame0000022.jpg,66.76083333333334,87.07767361111111,45.85222740106404,56.8380978913152,1220.1371268518517,1353.764160275976
vid_000277_frame0000023.jpg,66.69101273148148,87.5740625,45.79371136135969,57.172340489618826,1180.603116661844,1322.4350436276952
vid_000277_frame0000024.jpg,66.28950810185185,86.96571180555556,45.6134117562993,56.937400538721114,1241.454297807222,1398.6934226505903
vid_000277_frame0000025.jpg,66.04950231481482,86.64719907407408,45.477162217063686,56.6710086083868,1237.7297807347595,1308.0717172774869
vid_000277_frame0000026.jpg,66.0119212962963,86.54000578703703,45.38210353041888,56.53229930592582,1195.6669961853447,1288.546146526572
vid_000278_frame0000001.jpg,49.03339699074074,68.9188599537037,35.077928313683216,43.938942361830016,1644.0518883089796,1177.0565129878457
vid_000278_frame0000002.jpg,49.337806712962966,69.01736111111111,35.244961405125004,43.90816963423616,1659.3673413321708,1178.4312630206996
vid_000278_frame0000003.jpg,52.48625,71.66483217592592,37.19093699725508,45.75232557621041,1666.2202139648437,1161.3619016191649
vid_000278_frame0000004.jpg,52.810885416666665,71.99002314814815,37.19696533169518,46.14984179981132,1573.9667972981772,1120.5263734310365
vid_000278_frame0000005.jpg,53.04975694444445,72.94469907407408,37.23256056079337,46.39793205752816,1605.168949786603,1153.4906904416096
vid_000278_frame0000006.jpg,53.068888888888885,72.50203703703704,37.264423781724446,45.9878732557967,1583.2718692925014,1130.5113101891704
vid_000278_frame0000007.jpg,52.45798611111111,71.50605902777778,37.048038523574384,45.517325484991986,1637.184897353904,1163.308275128065
vid_000278_frame0000008.jpg,50.366765046296294,69.69214699074074,36.03100488831704,44.71005084613055,1643.0341980772837,1151.5728702412334
vid_000278_frame0000009.jpg,46.73130208333333,66.07767361111111,34.160313017555275,43.00025634242011,1691.734905832014,1165.5468447176877
vid_000278_frame0000010.jpg,46.73736111111111,66.16328703703704,34.03291608568864,42.60951118969821,1673.911604857762,1142.0366101304967
vid_000278_frame0000011.jpg,45.08781828703704,64.26417245370371,33.10928159190101,41.68281588374324,1677.1722191403233,1136.2874250492969
vid_000278_frame0000012.jpg,43.69815972222222,63.44771412037037,32.61207870052035,41.71409117745304,1738.0549189613541,1171.787561812756
vid_000278_frame0000013.jpg,45.76078125,65.13372106481482,33.56271237729647,42.222690542954325,1733.8422824360414,1171.8712536844134
vid_000278_frame0000014.jpg,47.7081712962963,67.03223958333334,34.372779866195245,42.74752520135812,1646.9255038282524,1154.9418262912327
vid_000278_frame0000015.jpg,49.729241898148146,69.76024884259259,35.76740082870186,44.50600851220065,1604.7713029510876,1163.1359400309916
vid_000278_frame0000016.jpg,50.39180555555556,72.41128472222222,36.65964557120862,46.92828428262214,1751.971143372637,1116.833641412546
vid_000279_frame0000001.jpg,52.37368055555555,74.50395833333333,37.99446236904491,48.928757809830806,1561.056303721788,1197.382941759768
vid_000279_frame0000002.jpg,52.53800925925926,75.21615162037037,38.07095002560044,49.222194134101336,1578.643288712565,1186.6515320119263
vid_000279_frame0000003.jpg,51.25050347222222,71.66149305555555,37.46385908570736,46.61260617314019,1565.2868080592198,1158.6899747251157
vid_000279_frame0000004.jpg,49.90291666666667,70.19510416666667,36.434601111576924,45.32478462200142,1554.8720826943147,1179.2895610194494
vid_000279_frame0000005.jpg,55.816626157407406,75.78541666666666,40.68230349084095,50.26135992206416,1574.4608477103695,1212.0223947908294
vid_000279_frame0000006.jpg,53.62770833333333,74.28549768518519,39.876902582360614,49.81102687637709,1531.8605968737943,1192.6933844706134
vid_000279_frame0000007.jpg,49.75730902777778,70.04744791666667,37.48247069222964,45.80414588162521,1553.4731579313218,1150.778563823483
vid_000279_frame0000008.jpg,45.057366898148146,66.06363425925926,33.99309453992248,43.28719086301025,1682.3551154030297,1169.3126386154781
vid_000279_frame0000009.jpg,39.15541666666667,63.100266203703704,33.2677721692356,45.4172295319195,1806.3884763534902,1415.294037262055
vid_000279_frame0000010.jpg,35.822170138888886,59.24207175925926,31.314394807218438,43.14852244545961,1815.6766628064988,1416.1408070304128
vid_000280_frame0000001.jpg,28.928912037037037,49.16576967592592,37.17545321178373,51.563101204555274,1968.8458598931209,1456.7821903633778
vid_000280_frame0000002.jpg,28.966296296296296,49.00881944444444,37.19257907344462,51.41826592141695,1986.7057304470152,1448.2392550258473
vid_000280_frame0000003.jpg,28.95347800925926,48.90366319444445,37.168191844774114,51.564211996337434,1974.0904604679727,1443.353199940924
vid_000280_frame0000004.jpg,28.885219907407407,48.81456597222222,37.17931597243947,51.482684135947224,1956.0165620370367,1415.3090352575232
vid_000280_frame0000005.jpg,50.06021412037037,72.0009837962963,43.48436570311565,56.61156061555308,1558.896668607702,1228.397459331296
vid_000280_frame0000006.jpg,56.036574074074075,81.05922453703704,43.13693922571502,58.87457733079821,1473.3961259159794,1517.402816608495
vid_000280_frame0000007.jpg,51.771336805555556,79.42367476851852,41.67268552577988,60.361040069363746,1605.6882908045052,1681.6950251831224
vid_000280_frame0000008.jpg,51.352789351851854,79.43842592592593,41.522835728011664,60.50920818985348,1645.428978716028,1758.9355934894493
vid_000280_frame0000009.jpg,54.48351273148148,79.85179398148148,42.45853103676111,57.753555408224784,1479.7281020929452,1205.1064568853685
vid_000280_frame0000010.jpg,50.19091435185185,71.86245370370371,40.01267794859105,52.065287584859774,1372.239041160301,1151.5508801303356
vid_000280_frame0000011.jpg,56.830243055555556,78.98329861111111,40.3036366476309,52.11030855887006,1347.891523900463,1129.5645490322454
vid_000280_frame0000012.jpg,54.790422453703705,77.23501157407408,39.05825118738553,51.111131652696855,1356.4757066613886,1133.5501374211983
vid_000280_frame0000013.jpg,54.07013888888889,76.38248263888889,38.64676929958732,50.62838863687184,1401.946797886526,1130.153518214398
vid_000280_frame0000014.jpg,53.939363425925926,76.28112268518518,38.59770525541204,50.64113880969979,1401.2267065513747,1157.8288455254615
vid_000280_frame0000031.jpg,52.24477430555555,74.38359953703704,37.693729045849686,49.530324881598204,1431.3724818028493,1153.7486505485629
vid_000281_frame0000001.jpg,44.77978587962963,71.17662037037037,35.12548908912798,47.10097356039854,1692.2300945408615,1318.1818320761265
vid_000281_frame0000002.jpg,44.97287037037037,71.23789351851852,35.31229710006411,47.02085509729969,1784.8321893699363,1326.8811111881378
vid_000281_frame0000003.jpg,45.31671296296296,71.23624421296296,35.51930234017026,47.17745624055253,1725.5568593315973,1285.0824948023833
vid_000281_frame0000004.jpg,46.46294560185185,72.56256365740741,36.20100957934972,47.96401776478513,1697.482568479637,1286.6824345847465
vid_000281_frame0000005.jpg,47.80857638888889,73.52516782407407,37.05254481015462,48.67692710434146,1673.3717445237148,1281.0607815393184
vid_000281_frame0000006.jpg,49.202083333333334,74.76572337962963,38.034865009723255,49.701970393465544,1646.7584576355398,1301.2790944730782
vid_000281_frame0000007.jpg,50.93707175925926,76.40517361111111,39.21275772934391,50.70987216776222,1649.718169945954,1303.139776808449
vid_000281_frame0000008.jpg,52.389068287037034,77.66668981481482,40.130892721649495,51.554802324772595,1589.2720004886496,1274.0208003888836
vid_000281_frame0000009.jpg,53.54763888888889,79.16605902777778,40.7926770273144,52.40137373712814,1550.7453631724416,1284.9600659472724
vid_000281_frame0000010.jpg,53.77054976851852,79.1319386574074,41.00673467778026,52.62560651815468,1600.862591398715,1325.0004145747598
vid_000281_frame0000011.jpg,53.50020254629629,78.35340277777777,40.87373992797473,52.17885886539852,1605.1789734266495,1317.2955146985382
vid_000281_frame0000012.jpg,53.359467592592594,78.41185185185185,40.8499825263332,52.308937681675964,1589.4681775107972,1340.7928274464966
vid_000281_frame0000013.jpg,54.836921296296296,80.13700810185185,41.8334360087641,53.43924040555422,1577.0064985076945,1312.1401045438959
vid_000281_frame0000014.jpg,56.5237962962963,81.87880787037037,43.01882569633715,54.66945495908361,1599.6010817252873,1325.6212626409251
vid_000281_frame0000015.jpg,58.73235532407407,83.440625,44.3019150825882,55.4155347008711,1571.037854526213,1317.4841888758947
vid_000281_frame0000016.jpg,60.10489583333333,84.74129050925926,45.05803360886361,56.19018184553762,1590.357806734363,1341.282922959768
vid_000281_frame0000017.jpg,60.49916087962963,85.1065625,45.1416121750081,56.37608953113441,1542.1724820339293,1315.4299149302542
vid_000281_frame0000018.jpg,59.456689814814816,84.18349537037037,44.66501602636304,56.013507988111556,1591.1120335164555,1399.8951424467111
vid_000281_frame0000019.jpg,59.171585648148145,84.1844675925926,44.469816704335564,55.91481615950934,1560.1619331232516,1351.3367453888234
vid_000281_frame0000020.jpg,58.79933449074074,83.43835069444444,44.33419922161573,55.47198780325621,1659.4912768513161,1409.740923867777
vid_000281_frame0000021.jpg,58.90876736111111,83.68319444444444,44.166613909654544,55.47001216856465,1625.1726799403814,1388.0464615096396
vid_000281_frame0000022.jpg,58.387824074074075,83.27197337962963,43.84345689903955,55.26124639742972,1565.4105516476645,1365.71939467539
vid_000281_frame0000023.jpg,58.690925925925924,83.57637152777778,44.0340840847144,55.463022598151625,1575.9445506681882,1374.6144158548404
vid_000281_frame0000024.jpg,58.776180555555555,83.75213541666666,44.18231363030527,55.88580871054532,1578.4649475296587,1415.839885742154
vid_000281_frame0000025.jpg,58.76875,84.0446875,44.15676377777689,56.02576493329366,1535.7915701651114,1359.3012799189812
vid_000281_frame0000026.jpg,58.443194444444444,83.32513310185185,43.87152159873324,55.48767078430966,1611.1767762152779,1392.343186085257
vid_000281_frame0000027.jpg,57.30769675925926,82.41715277777777,43.19568722064277,54.99650672614135,1608.4254527808587,1405.9785141481
vid_000281_frame0000028.jpg,56.95729166666667,81.9251388888889,42.93873790687496,54.598438198216016,1560.7001912931885,1406.4703141420382
vid_000281_frame0000029.jpg,57.31394675925926,82.66277777777778,43.12984261513627,55.04829620825788,1538.5213996365687,1366.3731538539723
vid_000281_frame0000030.jpg,57.01688657407407,82.07818287037037,43.10563861705748,54.79823290552726,1631.6193536996514,1419.7225772557388
vid_000281_frame0000031.jpg,56.37222800925926,81.23359953703704,42.77529458806987,54.38979080023504,1619.5034920473452,1423.4109492540817
vid_000281_frame0000032.jpg,56.77601851851852,81.60668981481481,43.12115502322142,54.67472062678279,1641.909086241286,1424.8815229696809
vid_000281_frame0000033.jpg,58.93824652777778,83.48080439814815,44.33265598562926,55.78515003889658,1591.0720434926643,1416.0473301492573
vid_000281_frame0000034.jpg,59.981707175925926,84.15039351851851,45.02639832542266,56.41915243442794,1551.6524890925066,1426.0694612906163
vid_000281_frame0000035.jpg,60.25398726851852,83.85914351851852,45.0995557530763,56.230649838063265,1547.2616371265217,1428.683135230162
vid_000281_frame0000036.jpg,58.98467592592593,82.7469849537037,44.12991771868535,55.24137014307751,1584.8429357952018,1394.2895521978685
vid_000281_frame0000037.jpg,57.462037037037035,82.03692708333334,43.09344692188987,55.0912881594399,1681.6000538507574,1384.1971827544955
vid_000281_frame0000038.jpg,57.28839699074074,82.05866898148147,43.1932053727224,54.66556937064937,1618.930474517747,1294.262673591821
vid_000281_frame0000039.jpg,57.39655092592593,82.24756365740741,43.368908123304095,54.41020542263812,1597.3408871827846,1250.7158806036468
vid_000282_frame0000011.jpg,50.972175925925924,77.48170717592592,23.61098621966788,31.060168626309963,272.6984552147299,654.6261491967472
vid_000282_frame0000012.jpg,49.82680555555555,75.83762731481481,23.61705586559188,31.152758534001002,296.90641951112264,658.7222742243428
vid_000282_frame0000013.jpg,48.68083333333333,74.48181712962963,23.430411807172824,31.148832805162474,300.971601249002,644.7055374509374
vid_000282_frame0000014.jpg,48.4351099537037,74.51299189814814,23.337112341291068,31.37278035836617,316.29016558611835,707.1884390737191
vid_000282_frame0000015.jpg,48.61367476851852,74.43795138888889,23.307629081855854,30.99429987121658,306.74395589524255,656.657977494722
vid_000282_frame0000016.jpg,48.21926504629629,74.25898726851852,23.182053901044963,30.87823068855883,316.7159690390504,667.1497944513769
vid_000282_frame0000017.jpg,48.03116898148148,73.76353587962963,22.957218681837407,30.761766496851486,306.6949637324246,645.4391382511093
vid_000282_frame0000018.jpg,47.67528935185185,73.7048900462963,22.80480660296603,31.024519114284953,321.92311269236535,670.3905977418499
vid_000282_frame0000019.jpg,48.000422453703706,74.3487037037037,22.867322250426835,30.608831569971354,304.1430283864883,606.1372697546605
vid_000282_frame0000020.jpg,48.104375,74.19517361111112,23.02567702845313,31.367163656802585,328.490270241736,727.7243658918132
vid_000282_frame0000021.jpg,48.434380787037036,74.57015046296296,23.02585829317571,31.178396080512012,316.8899905671296,670.2476702030553
vid_000282_frame0000022.jpg,47.561394675925925,73.33537615740741,22.57581320362301,30.812514268792217,321.5676333685646,666.4554024497118
vid_000282_frame0000023.jpg,46.8461400462963,72.92189814814814,21.81736299996069,30.145238892377602,314.35951237779574,649.3946107960056
vid_000282_frame0000024.jpg,45.90865740740741,71.89293402777778,21.13002655633729,29.414333808627553,323.88653649034956,682.5071836334018
vid_000282_frame0000025.jpg,45.491840277777776,71.45612268518518,20.56232881483281,29.104837374181304,322.967412619726,671.2747055563258
vid_000282_frame0000026.jpg,44.917123842592595,71.2565625,20.07312415284418,28.07398269550114,333.71168679507326,661.4276918761453
vid_000282_frame0000033.jpg,45.237690972222225,71.95904513888888,19.438003643394374,27.197469453794636,339.50646207869835,637.3332996953434
vid_000282_frame0000034.jpg,50.156655092592594,77.12539930555556,21.925378674387773,29.066540810528043,331.1944320553626,618.1759254029492
vid_000282_frame0000035.jpg,51.07407986111111,77.70900462962963,21.511709061753116,28.56963224315703,319.3570984832805,604.6272775165238
vid_000282_frame0000036.jpg,52.14938657407407,79.19100694444444,21.464748196355995,28.39654444214263,306.4931815307785,604.6960373965835
vid_000282_frame0000037.jpg,57.21560185185185,83.8527199074074,23.184310519560505,29.322250877742807,309.147842481373,671.760960459768
vid_000282_frame0000038.jpg,63.675052083333334,90.79483217592593,24.854094934413954,29.813463586525398,300.12028508176866,629.1263381919997
vid_000282_frame0000039.jpg,65.26825810185186,92.92048032407408,24.939379268242327,29.858361080100483,277.9988116198547,596.836289120069
vid_000282_frame0000040.jpg,66.40167245370371,93.02344907407408,25.037485706235273,29.94610368757263,285.5387868911555,651.3199207463938
vid_000282_frame0000041.jpg,66.11814814814815,92.78237847222222,24.98325178432129,29.664491312102978,292.05611104329427,654.087498119079
vid_000282_frame0000042.jpg,65.86565972222222,92.81349537037038,24.769810326599043,29.986393261576847,291.01416192822865,653.2225815915625
vid_000282_frame0000043.jpg,68.1227025462963,95.58177662037038,25.299758148491648,30.348693494837963,286.26017507391197,666.5216777584877
vid_000282_frame0000044.jpg,74.72662615740741,102.05215856481482,25.471916622392435,30.774784773638082,281.73666200324584,679.3318033778814
vid_000282_frame0000045.jpg,74.82309606481482,102.0774074074074,25.307984076314245,30.518923299972016,282.3579068124946,666.6727835982712
vid_000282_frame0000046.jpg,74.58515625,101.80731481481482,25.159799344245883,30.447007351768896,275.8239765769341,685.6136031859514
vid_000282_frame0000047.jpg,74.39447916666667,101.67997685185185,25.311489798443226,30.81318755523808,284.0469882800444,708.3598223635493
vid_000282_frame0000048.jpg,76.08527199074074,103.38579282407407,25.637834242771316,30.94206299322207,288.6761367621528,730.8205956468287
vid_000282_frame0000049.jpg,82.30280092592592,109.44651620370371,27.648066271327238,31.737378260268844,273.24209456969623,693.2322214449575
vid_000282_frame0000050.jpg,86.5608912037037,113.21542824074074,29.049133156924302,33.09148920497113,337.18046572774665,840.2454028158221
vid_000282_frame0000051.jpg,87.75340856481482,113.55643518518518,30.276694822537287,33.33565127739957,366.3157710100255,900.001494518256
vid_000282_frame0000052.jpg,91.67152199074074,117.41175925925926,31.343897844054815,34.970137930883354,358.3463641298815,912.455562721535
vid_000282_frame0000053.jpg,94.4776099537037,119.04520833333333,32.45468380681965,35.46946153491715,405.5859631557303,991.7502885693962
vid_000282_frame0000054.jpg,94.97520833333333,119.64280671296297,32.62258627658549,35.80776267538656,449.89039428446364,1063.0450454341349
vid_000282_frame0000055.jpg,95.57196180555556,119.75824074074075,32.62672384006059,35.918165593334415,459.8144037710852,1103.555411091821
vid_000282_frame0000056.jpg,95.7509837962963,120.05798032407408,32.72114742204922,36.068452802796735,441.2387485209565,1071.0364271869842
vid_000282_frame0000057.jpg,95.99554398148148,119.96465856481481,32.78756915039673,36.554432963321915,460.7574871720344,1110.56165952125
vid_000282_frame0000058.jpg,96.12591435185185,120.38653935185185,32.76721755106711,36.935521856736635,452.3930872368707,1117.1588754500694
vid_000282_frame0000059.jpg,96.14468171296296,120.44078125,32.82694398249267,36.79532966024785,441.1117914629147,1062.6434713104627
vid_000282_frame0000060.jpg,95.97611111111111,119.93497685185186,32.88926755131115,36.86704868761059,458.30781068883834,1127.9555644545987
vid_000282_frame0000061.jpg,95.75473958333333,120.0562962962963,32.8883176639244,36.64586881351558,458.11406624546544,1097.1251282993815
vid_000282_frame0000081.jpg,96.12832754629629,119.21944444444445,35.87131702419247,39.935098437231346,526.9197220091936,1257.00543259706
vid_000282_frame0000082.jpg,95.75408564814815,119.41071180555555,35.87643323014063,39.87843494816,506.6668073034216,1206.9094328055342
vid_000282_frame0000083.jpg,95.44430555555556,119.01486111111112,35.936643548302435,39.86969776635772,517.6035958814247,1203.0558264530553
vid_000282_frame0000101.jpg,75.64900462962963,102.54991319444444,33.81137298977494,32.61652645553895,447.8476897062744,821.6537464629415
vid_000282_frame0000102.jpg,75.33571759259259,102.14284143518519,33.787781180834436,32.66485142746095,442.5165499396849,804.7724086285793
vid_000282_frame0000103.jpg,74.96712962962962,101.600625,33.84475170761137,33.00564068063222,446.04065115469473,801.2067443414298
vid_000282_frame0000104.jpg,73.90644097222223,100.33390046296296,33.04300022102214,32.2022258305819,391.5263691358025,746.2821235510974
vid_000282_frame0000105.jpg,71.75733796296296,98.82196759259259,31.172790424037533,30.541322854194362,390.5933097731267,706.9986354029693
vid_000283_frame0000007.jpg,58.575196759259256,83.73386574074074,33.50219717895779,38.293399717286796,317.893090565924,683.5136057258177
vid_000283_frame0000008.jpg,59.00347800925926,84.35263888888889,34.024169046997116,38.751629863921075,320.3576900847425,695.0049645799843
vid_000283_frame0000009.jpg,59.73053819444444,85.37984375,34.49191112651516,39.19351688965013,302.03914884979287,667.3020376237447
vid_000283_frame0000010.jpg,59.80381365740741,84.64677083333333,34.709487282971466,39.03668128952896,323.78546587654193,724.0461337311585
vid_000283_frame0000011.jpg,59.39421296296296,84.55288773148148,34.030614639084995,38.880526778968424,309.20804614143947,673.4036276572145
vid_000283_frame0000012.jpg,58.20501157407407,83.3902025462963,33.18270596084842,38.64508293767657,319.2837032961663,719.7684971535011
vid_000283_frame0000013.jpg,57.4467650462963,82.6930787037037,32.29394134386798,38.135721938148826,310.9378138743878,710.525883933705
vid_000283_frame0000014.jpg,55.74418981481482,81.37500578703704,31.27282501305732,37.476377301086515,315.16433517540617,685.9659803192515
vid_000283_frame0000015.jpg,53.07649884259259,78.85302083333333,30.091019501506505,36.456046041197325,329.31836991219654,712.454653351659
vid_000283_frame0000016.jpg,61.29693865740741,87.22583912037037,35.97284652883951,41.10167972909163,342.75623059721687,728.670934316828
vid_000283_frame0000017.jpg,73.2422974537037,97.67513310185186,42.46167268570567,44.443982763244776,346.5014913499537,734.0742845763407
vid_000283_frame0000018.jpg,76.54581597222223,100.6474363425926,44.11265101533111,45.44165735504187,344.47440816692256,726.5687522171586
vid_000283_frame0000030.jpg,91.92137152777778,113.94286458333333,43.530500074962596,42.8894969891155,343.6233688078704,779.8836240735383
vid_000283_frame0000031.jpg,92.21607060185185,114.52867476851851,43.29637456835773,43.49197469583137,336.79181059908564,753.6986796552159
vid_000283_frame0000032.jpg,91.51396412037037,113.75986689814815,42.53894786070684,42.42194238889939,339.7792397955247,764.6143575504424
vid_000283_frame0000054.jpg,85.31844328703704,109.23014467592593,38.617349567557596,40.76860987069898,272.27030696048604,676.5676405759375
vid_000283_frame0000055.jpg,78.19045717592593,103.05031828703704,36.30970505147693,39.74061147879935,271.8221172718608,682.0042445006738
vid_000283_frame0000056.jpg,74.95751157407408,100.12324652777778,34.78369220403109,38.17795807461544,266.65227794924556,679.5113291532708
vid_000283_frame0000071.jpg,74.72471643518519,100.00673611111111,35.036782262645836,38.76540032677565,274.9125968599966,672.0036475646219
vid_000283_frame0000072.jpg,74.20433449074073,99.69558449074074,34.54844459648312,38.02749384818369,270.8435063609182,666.5759105708537
vid_000283_frame0000073.jpg,74.11869212962964,99.22449652777777,34.85858448328566,38.50619569752448,286.4979766427416,719.3101723371258
vid_000283_frame0000074.jpg,75.0537962962963,100.14848958333333,35.322065642262245,38.960361868294505,278.15051020112634,677.7191655895008
vid_000284_frame0000016.jpg,44.365092592592596,70.25653935185186,22.237233519956035,30.697972171323006,356.9752136380838,719.5544468071832
vid_000284_frame0000017.jpg,44.45927662037037,70.2906886574074,22.30643013578479,30.45702549043201,352.8704471959662,698.6878356447992
vid_000284_frame0000018.jpg,44.26803240740741,70.06469328703703,22.2720019456181,30.73297121398651,353.82634263425393,692.2641694625289
vid_000284_frame0000019.jpg,44.90771412037037,70.89023726851852,22.71904351370304,30.72468932826992,344.39014347980435,666.410715964687
vid_000284_frame0000020.jpg,47.42938657407407,73.65382523148148,24.125237042466342,32.5205699835876,354.14587638768324,733.3826368384761
vid_000284_frame0000021.jpg,49.537824074074074,76.14875,24.53347259710198,32.33282077647148,334.75476097524296,685.9758833364144
vid_000284_frame0000022.jpg,50.186898148148146,76.66981481481481,24.181316912044664,32.130114969116896,332.32600028905046,683.1248026554731
vid_000284_frame0000023.jpg,55.79284143518519,82.82572337962964,27.257798041643497,33.97546454895061,316.46020256987316,663.97505555435
vid_000284_frame0000024.jpg,57.63217592592593,84.65517361111111,27.974953776259664,34.872660147743886,313.73173056185163,673.7235448454849
vid_000284_frame0000025.jpg,57.556238425925926,84.22451967592593,27.691710497818747,34.37284962214514,309.892029885994,648.7952397955247
vid_000284_frame0000026.jpg,57.39706018518518,83.82344907407408,27.78581427912065,34.3465264046723,307.82142342273096,665.0157213059078
vid_000284_frame0000027.jpg,57.55709490740741,84.32296296296296,27.758956752485545,34.63008136291817,304.25778605240356,675.5242205509137
vid_000284_frame0000028.jpg,58.145630787037035,84.36876157407407,28.476877417668256,34.95160408804455,315.06603896551354,697.5531670090663
vid_000284_frame0000029.jpg,59.00184027777778,85.54169560185186,29.129999711422105,35.36058464819228,304.9294523506824,674.3918663756738
vid_000284_frame0000030.jpg,60.14505787037037,86.06893518518518,30.406037714745732,36.69358472508894,322.37739429946714,716.9293019085167
vid_000284_frame0000031.jpg,61.426458333333336,87.58348958333333,31.324800241051538,37.73712632276848,314.93560932593743,735.0952936918283
vid_000284_frame0000032.jpg,62.46490162037037,88.37917824074074,32.432875404327575,38.04018415354771,323.2353054911212,766.4369454182943
vid_000284_frame0000033.jpg,63.89794560185185,89.84409722222222,33.26411678801732,39.112814779455974,307.2665874312789,727.1405740737727
vid_000284_frame0000034.jpg,63.98575810185185,89.29622106481482,33.67197805588669,39.19017662696842,328.76718442309135,781.9412779212481
vid_000284_frame0000035.jpg,63.845,89.49340277777777,33.569622276916,39.14844452582342,321.00753681731044,765.8948092889648
vid_000284_frame0000036.jpg,63.626788194444444,89.48076388888889,33.44922805722308,38.96850253932289,310.9297545331455,743.3124883581091
vid_000284_frame0000037.jpg,64.15636574074074,89.8133912037037,34.019980087082544,39.381177103122695,313.43389053789303,735.1966434507017
vid_000284_frame0000038.jpg,65.33815972222222,90.43787037037038,35.14994105735598,39.994730047542376,317.81882441134985,757.8721181775923
vid_000284_frame0000039.jpg,66.62971643518519,91.81178819444445,36.23435409527812,40.200932089935215,303.45385795874995,711.9804155669957
vid_000284_frame0000040.jpg,70.34969328703704,94.76420717592593,38.68933064864506,42.25271301429281,318.0355820151415,742.5275105854217
vid_000284_frame0000041.jpg,83.58280092592592,106.16226273148148,43.70110940755521,44.58244166523128,319.9106278859833,747.8391554349923
vid_000284_frame0000042.jpg,89.57579282407407,111.7186400462963,44.77731600482511,45.089888846167995,324.26567283736284,764.249440820011
vid_000284_frame0000043.jpg,92.80701967592593,114.20993055555556,45.30924271083887,44.70494981496054,320.62514398456256,776.9368327328949
vid_000284_frame0000044.jpg,95.48741898148148,117.17859375,45.78546039284348,45.794158347579675,319.58630987654317,810.433081645146
vid_000284_frame0000045.jpg,107.01081597222222,126.87726851851852,46.64673500350231,45.09750605880767,322.15615941358027,743.0213806487575
vid_000284_frame0000046.jpg,107.37291666666667,126.78034722222222,46.53749317617662,44.832319720778486,306.60735832475996,748.6140371760532
vid_000284_frame0000047.jpg,107.3288599537037,127.22237268518519,46.47453235745157,44.92664797797663,322.86889188836915,764.7479719663266
vid_000284_frame0000048.jpg,107.77899305555556,127.10958912037037,46.662364989287354,44.73775578086176,314.4576701226799,757.5619988424587
vid_000284_frame0000049.jpg,107.98445601851851,127.67431134259259,46.67972375921361,44.52145976318311,304.5889145511496,711.1780796274863
vid_000284_frame0000050.jpg,107.32340277777777,127.3444849537037,46.19340023702672,44.51728992321312,316.8690954056017,755.7035262570397
vid_000284_frame0000051.jpg,105.80314236111111,125.44519675925926,45.64756497385412,44.04879981478863,303.4559211489077,754.326665882704
vid_000284_frame0000052.jpg,105.13978009259259,125.25299189814815,45.28644773107943,44.0968613034129,312.31748763472945,772.19036185646
vid_000284_frame0000053.jpg,105.39969907407408,125.36045717592593,45.266074722056224,44.1272844075991,305.09889474555126,760.0868796103396
vid_000284_frame0000054.jpg,105.27537037037037,125.4258738425926,45.226203762943335,43.683168963379465,299.24570802469134,735.5911391500758
vid_000284_frame0000055.jpg,104.14678240740741,124.53271412037037,44.82346991169777,43.97784631861098,303.1298053007317,748.4997323193963
vid_000284_frame0000056.jpg,103.31554398148148,123.53498842592593,45.02033109705373,43.67840732616967,308.4995680498958,748.3883649042996
vid_000284_frame0000057.jpg,101.73440972222222,121.69628472222222,45.691606569242275,44.01966274767372,316.15562953287764,746.1396351848838
vid_000284_frame0000058.jpg,100.54678819444445,119.94107060185185,46.01209556388054,43.82518360826633,330.9873438270265,805.020487177962
vid_000284_frame0000059.jpg,97.01803819444444,117.21708333333333,45.5037338704344,44.006436737861726,327.2750349606361,752.535688120365
vid_000284_frame0000060.jpg,94.78798611111111,115.16456018518518,44.62031479315837,42.96407943077963,324.2819416580933,725.3548552035109
vid_000284_frame0000061.jpg,92.47876157407407,113.72484953703703,43.56515023654765,42.65964892482588,321.8240236291956,723.9482901328004
vid_000285_frame0000001.jpg,110.41175347222222,124.51449652777778,68.46676033244675,58.21283674250845,451.3634885424369,1039.3233187451772
vid_000285_frame0000002.jpg,110.59192129629629,124.54362268518518,68.46996967455549,58.19922586291693,450.69404092707794,1007.8642566529493
vid_000285_frame0000003.jpg,112.10168981481482,125.41491319444444,69.01771340277965,58.54725413077917,442.58597065972214,975.6215957738222
vid_000285_frame0000004.jpg,116.30519675925926,129.1055150462963,70.61184786310184,60.00989073301141,448.99728674282915,995.7587193645713
vid_000285_frame0000005.jpg,121.14392939814815,132.18349537037037,72.42125078717122,60.99550082682918,480.38846347384975,970.7849647793156
vid_000285_frame0000006.jpg,125.90994212962963,136.63871527777778,74.24169506021073,62.52358309675555,476.34979387645745,946.6721230513962
vid_000285_frame0000007.jpg,130.03235532407408,139.61995949074074,75.72501956783947,63.730768130313955,489.63571491555206,946.6534897035954
vid_000285_frame0000008.jpg,133.65447916666668,141.4934027777778,77.27755899750582,64.97991946231167,539.8792645554698,992.1725770878545
vid_000285_frame0000009.jpg,136.78969907407406,144.4303877314815,78.35153806133043,65.70503394071561,485.1641476316016,829.7065760801129
vid_000285_frame0000010.jpg,121.49603587962963,131.18181712962962,73.81590131893324,62.0598270968477,436.6110117368345,813.5520108662339
vid_000285_frame0000011.jpg,108.98020833333334,122.4857175925926,69.00214738978086,59.75198725731241,396.56416613498266,905.4373647955247
vid_000285_frame0000012.jpg,120.97123263888889,131.52307291666668,72.80465205669444,61.7205706603602,449.62824758016114,907.2249004492656
vid_000285_frame0000013.jpg,124.09131365740741,134.20251157407407,72.72256801766898,62.553188077022924,460.15365734833136,1000.6375562494642
vid_000285_frame0000014.jpg,123.77239583333333,135.07546875,72.21171837324874,62.58715593500465,517.3021107051813,1234.8837904634117
vid_000285_frame0000015.jpg,137.53649305555555,144.61663194444444,73.61245435913284,64.2864825356338,441.82180934914595,1083.8498078314888
vid_000285_frame0000016.jpg,118.65310763888888,133.6352488425926,63.98385896860142,58.01748165560088,346.98614858616116,949.8893857418859
vid_000285_frame0000017.jpg,118.20081018518519,134.3925810185185,63.12349245938097,58.54240954890776,479.9959955552006,1552.7320153950925
vid_000285_frame0000018.jpg,135.15329282407407,144.26114583333333,68.30603936725923,60.11218348870433,509.8523202760297,1461.6438425154322
vid_000285_frame0000019.jpg,137.04140046296297,145.83094907407408,68.7466198588715,60.456378983093316,519.8640329184617,1447.1153748236761
vid_000285_frame0000020.jpg,136.52240162037037,145.4797511574074,68.80176877854444,60.69731011935466,563.8416743055556,1591.258061542694
vid_000285_frame0000021.jpg,127.58446180555555,139.3084027777778,66.11043305907894,58.96294056395832,497.13262363679775,1510.629363077498
vid_000285_frame0000022.jpg,125.64512152777777,138.12070601851852,65.62310141819096,58.822463403791815,506.08114356912165,1542.4376640612945
vid_000285_frame0000023.jpg,125.69869212962963,138.18335069444444,65.49451843512352,58.759720526611076,496.4940977815018,1540.898529641954
vid_000285_frame0000024.jpg,125.58653356481481,138.34934606481482,65.49813593189711,58.72157330527997,502.3790239462436,1557.8669597623766
vid_000285_frame0000025.jpg,125.67991898148148,138.04601273148148,65.49770079717041,58.82292081846649,489.81316703636054,1534.0647395806207
vid_000285_frame0000026.jpg,125.59731481481481,138.43982060185186,65.48613312510267,58.76538067946979,490.5534589011864,1487.5103703112943
vid_000285_frame0000027.jpg,125.83314814814815,138.12811342592593,65.47987698590433,58.72779642606395,484.90977406925157,1508.9823179196876
vid_000285_frame0000028.jpg,125.60907407407407,137.85554398148147,65.48733736502943,58.79079553300124,515.5566960293156,1584.9272831594205
vid_000285_frame0000029.jpg,125.58670717592592,138.00429398148148,65.4191501150317,58.552117830143914,485.1867078959566,1470.1295332733196
vid_000285_frame0000030.jpg,125.44863425925926,137.6982349537037,65.46121820140937,58.553489981505294,513.5363717844436,1576.9453895037284
vid_000285_frame0000031.jpg,125.81645254629629,137.69903935185187,65.47100721713913,58.788627187383405,490.37455276086547,1525.7017476508915
vid_000285_frame0000032.jpg,134.02995949074074,145.27839699074073,64.04772814785187,57.299036402559544,491.7295370284636,1553.289495044548
vid_000285_frame0000033.jpg,137.07028356481482,146.93741319444445,62.96905239133831,56.291027328165626,407.75440302640595,1292.3628310827853
vid_000285_frame0000034.jpg,138.27735532407408,147.4471875,61.72036879927608,55.02752173539931,434.9368982780551,1325.2578366461107
vid_000285_frame0000035.jpg,138.51302662037037,147.6492650462963,61.64596680907584,54.523846613895316,438.52465856210216,1358.753883675733
vid_000285_frame0000036.jpg,138.5344560185185,147.32721064814814,61.61736161665478,54.524249450122156,407.79834617060914,1241.4006818221396
vid_000285_frame0000037.jpg,138.5855439814815,147.5189699074074,61.62199317888333,54.68677527650184,424.28912357199505,1334.2851868124878
vid_000285_frame0000038.jpg,138.70695023148147,147.6827199074074,61.547997833742976,54.6185539887713,431.72350103684414,1335.3507086757331
vid_000285_frame0000039.jpg,138.58642939814814,147.8066550925926,61.475496717194595,54.32580758775331,438.8379024669925,1326.1363834487727
vid_000285_frame0000040.jpg,138.7551215277778,147.83197337962963,61.58467019332717,54.63271008533084,427.58892927353253,1349.9821117854283
vid_000285_frame0000041.jpg,138.6755902777778,147.8542534722222,61.533034461916365,54.71964226717668,438.5319036069517,1364.472991709232
vid_000285_frame0000042.jpg,138.56578125,147.5180902777778,61.56175790418167,54.77458391546412,437.8560063784669,1347.2559657588254
vid_000285_frame0000043.jpg,138.6866724537037,147.91664930555555,61.59043103487501,54.42924989042158,427.1114894525891,1341.2595588283125
vid_000285_frame0000044.jpg,138.7620428240741,148.12450810185186,61.5670268799471,54.517901844945996,439.1956283636818,1355.506123435055
vid_000285_frame0000045.jpg,138.83111689814814,148.01640046296296,61.58189163872335,54.63173445229023,445.7977844135803,1381.2704704571424
vid_000285_frame0000046.jpg,138.63983796296296,147.6045949074074,61.48928161244433,54.49573630278906,431.01330393970636,1292.0392548318746
vid_000285_frame0000047.jpg,138.7317013888889,147.85774305555555,61.55679895297316,54.76762786147368,428.35282957055364,1353.0081231526692
vid_000285_frame0000048.jpg,138.61369212962964,147.8007986111111,61.58568755857666,54.68310078018889,426.00682164321717,1349.8247043981148
vid_000285_frame0000049.jpg,138.40094328703702,147.62247685185184,61.503366855212704,54.590880622187676,433.85056086834356,1313.7326092227888
vid_000285_frame0000050.jpg,138.61879050925927,147.74866319444445,61.565556635304695,54.552467799400404,436.3400926673083,1358.2127174638579
vid_000285_frame0000051.jpg,138.80410300925925,147.98228587962964,61.63049312959289,54.76979151290743,434.089352813009,1364.9854512838651
vid_000285_frame0000052.jpg,138.59983217592594,148.06556712962964,61.49353331870053,54.847616402407006,435.55135349951644,1357.3087377743484
vid_000285_frame0000053.jpg,138.42049189814816,147.4950289351852,61.404233893403585,54.812261641118596,440.8417783049072,1358.1480869836878
vid_000285_frame0000054.jpg,138.1477199074074,147.26978009259258,61.20816358901863,54.46428437005651,444.6943620594082,1360.418855127824
vid_000285_frame0000055.jpg,138.28397569444445,147.64100694444446,61.208957338770354,54.53075872509212,443.71381365469483,1387.4773384907287
vid_000285_frame0000056.jpg,138.19054398148148,147.69528935185184,61.20173618808183,54.57899143913799,422.7337969130444,1306.647261178593
vid_000285_frame0000057.jpg,138.2986226851852,147.63570023148148,61.20334402516143,54.46856371035864,433.30350001121906,1375.13529941135
vid_000285_frame0000058.jpg,138.14059606481482,147.38675925925926,61.26584523022869,54.70489348293332,440.8912982799305,1394.0123055190852
vid_000285_frame0000059.jpg,138.23686921296297,147.70546875,61.206145756718065,54.14658147018691,435.2937007458513,1293.2418374741458
vid_000285_frame0000060.jpg,138.14781828703704,147.43956597222223,61.190075338186226,54.44253207848782,444.23794546893083,1366.3178362220292
vid_000285_frame0000061.jpg,138.26800925925926,147.3529224537037,61.24524905776825,54.36080391655953,436.3232335186994,1342.1147792715565
vid_000285_frame0000062.jpg,138.23395833333333,147.38160300925927,61.20932613655256,54.61119728340204,430.1677430019719,1365.2086850619094
vid_000285_frame0000063.jpg,138.11572916666665,147.37384837962964,61.212244109999794,54.470542605105415,435.87659877718704,1354.0111913041394
vid_000285_frame0000064.jpg,138.26117476851852,147.45849537037037,61.2333960828741,54.53071564413964,426.321527734375,1372.6322581232519
vid_000285_frame0000065.jpg,138.32557291666666,147.55925925925925,61.2161042167041,54.5408945060986,435.60893836534296,1363.0261168539082
vid_000285_frame0000066.jpg,138.16399305555555,147.88037037037037,61.16247709145629,54.09116420667239,422.5872337929473,1279.1237620261863
vid_000285_frame0000067.jpg,127.7765625,138.09115162037037,64.45442767552815,56.89161587113166,370.10010721879286,1152.9945618923277
vid_000285_frame0000068.jpg,112.91617476851852,126.30347800925927,65.66051626193835,58.56034391213183,349.37805039541405,1044.7841635713721
vid_000285_frame0000069.jpg,124.15460648148148,134.48077546296295,69.62777446152874,59.96675381649023,385.33672163869596,1028.31402641126
vid_000285_frame0000070.jpg,130.50962962962964,139.02233217592592,71.52334376667893,61.47016980275452,429.5547373151029,1135.4421740877044
vid_000285_frame0000071.jpg,130.56914351851853,139.00681134259258,71.57559102618657,61.53047333807424,434.38217795457035,1155.5531668208537
vid_000285_frame0000072.jpg,125.34924768518519,135.1183912037037,70.19349492480123,60.763953394541375,415.19455895691334,1148.85170519333
vid_000285_frame0000073.jpg,121.75777777777778,132.65633680555555,69.13425811798874,59.80084330282605,411.00001852802967,1158.2167173268176
vid_000285_frame0000074.jpg,121.88825810185185,132.41828125,69.10358223280184,59.98037661594284,407.46612357731993,1111.955088222174
vid_000285_frame0000075.jpg,121.77512152777778,132.5616550925926,69.06255444305916,59.84175423984,420.6983578156815,1158.568389235977
vid_000285_frame0000076.jpg,121.76820023148149,132.71042824074075,69.03348398587765,59.52089455760036,393.6118641345366,1053.2268740306713
vid_000285_frame0000077.jpg,121.70173611111112,132.4986284722222,69.03134903624364,59.80746315119773,403.68768334696364,1114.7537846016592
vid_000285_frame0000078.jpg,121.95773726851851,132.45443287037037,69.00554352208376,59.80672086928607,400.730140068768,1090.4954458185643
vid_000285_frame0000079.jpg,121.64746527777778,132.74105902777777,68.99443139976613,59.547471564389646,411.01961660759065,1113.4221162037036
vid_000285_frame0000080.jpg,121.93195023148148,132.6095486111111,69.07018181690088,59.75759793261337,400.1096136347683,1124.4355999645009
vid_000285_frame0000081.jpg,121.61621527777778,132.38491319444444,69.05386568972368,59.92827914767169,414.3819083943853,1134.829775800406
vid_000285_frame0000082.jpg,121.89004050925926,132.45080439814814,69.08552266919033,60.00908253923039,392.25729243344904,1096.9631336482714
vid_000285_frame0000083.jpg,121.73591435185185,132.37288194444446,69.1070545788687,59.95165479583705,394.7872376316819,1104.559246042812
vid_000285_frame0000084.jpg,121.91016782407408,132.3691377314815,69.10944958263923,59.971996976613795,403.8645694950476,1113.2313945553626
vid_000285_frame0000085.jpg,122.17181712962963,132.88008680555555,69.40127641973727,60.169099013944624,416.2899370161059,1131.9337786578562
vid_000285_frame0000086.jpg,122.61321180555555,133.09986689814815,69.29447909862694,59.76270289561619,392.83151517620325,1021.9248883508754
vid_000285_frame0000087.jpg,122.85006944444444,133.4325289351852,69.53967332869665,59.812335536891005,428.99076255033515,1173.189800339687
vid_000285_frame0000088.jpg,123.13563657407407,133.4835185185185,69.38505861973613,59.72144623498166,429.26351068990994,1182.8824944937414
vid_000285_frame0000089.jpg,122.73579282407407,133.48346064814814,69.25836360701784,59.538488695734145,432.42174354370286,1177.5574427553531
vid_000285_frame0000090.jpg,122.71872685185186,133.06431712962964,68.92272003341874,59.426116066206475,428.6097753920986,1193.6993721016588
vid_000285_frame0000091.jpg,122.52014467592592,132.75811921296295,68.76909565933772,59.54456854315445,440.5104648785794,1223.5357559283639
vid_000285_frame0000092.jpg,122.44733217592592,132.83309027777779,68.69196989761701,59.505911139894934,419.5272982968093,1187.2766185366029
vid_000285_frame0000093.jpg,122.17892361111112,132.3488773148148,68.67197635046209,59.27692980666587,443.4728952570074,1251.1921293079936
vid_000285_frame0000094.jpg,122.46508101851852,132.27483217592592,68.63503507629315,59.33660000688384,436.4924854881674,1223.8560115306714
vid_000285_frame0000095.jpg,122.21711805555556,131.86077546296298,68.71541925613383,59.677713156142346,438.5302019739891,1208.7662824355054
vid_000285_frame0000096.jpg,122.34693287037037,132.47452546296296,68.72356964068099,59.51352582514798,416.5355053476509,1096.010262824583
vid_000285_frame0000097.jpg,122.28530092592592,132.6283275462963,68.71946631152576,59.47540265073275,447.5041647471655,1248.0813714337048
vid_000285_frame0000098.jpg,122.46536458333334,132.69168402777777,68.63811032711202,59.33377549626269,427.98271323058,1187.3694347390674
vid_000285_frame0000099.jpg,122.0817650462963,132.5950462962963,68.60164185140677,59.11929857404217,436.815195768497,1227.4302131148393
vid_000285_frame0000100.jpg,122.22550925925925,132.2228587962963,68.53327043960519,59.564624088071014,437.2224893180606,1262.92484725032
vid_000285_frame0000101.jpg,122.07358217592592,132.48995949074074,68.68886294281155,59.52795195149944,457.80010938300404,1265.14881654972
vid_000285_frame0000102.jpg,122.31138310185185,132.3973263888889,68.63781269149783,59.38944621357828,435.70924710162546,1251.52197054368
vid_000285_frame0000103.jpg,122.37217013888889,132.46754050925927,68.7007757435631,59.55589898397025,426.29899547271515,1208.0487089521912
vid_000285_frame0000104.jpg,122.2133275462963,132.65447916666668,68.61539580244735,59.492480575139595,431.66165678998954,1214.7430960404008
vid_000285_frame0000105.jpg,122.3112326388889,132.33035300925926,68.63200027531462,59.553948406671225,424.6330658540368,1212.8168245434338
vid_000285_frame0000106.jpg,122.27676504629629,132.55859375,68.6447436986383,59.40757745357145,415.7676040058821,1141.2947034930864
vid_000285_frame0000107.jpg,122.23088541666667,132.2436111111111,68.63339013696533,59.452132207322165,428.8795374355657,1234.1430720389326
vid_000285_frame0000108.jpg,122.25450231481481,132.35489583333333,68.63929030093622,59.524704530223794,428.5650434386453,1187.1627068187572
vid_000285_frame0000109.jpg,122.0708449074074,132.60667824074073,68.5741411045105,58.90886271066573,426.5506524072132,1182.9337138856404
vid_000285_frame0000110.jpg,122.20834490740741,132.45514467592594,68.65682807611805,59.497263705676964,434.0410411135491,1247.381704346172
vid_000285_frame0000111.jpg,122.39057870370371,132.63202546296296,68.64983203924795,59.41300060623423,424.65616218891324,1218.4862769835336
vid_000285_frame0000112.jpg,122.29022569444444,132.25509837962963,68.6909768477366,59.54508193340236,427.54702479370286,1207.8818983876336
vid_000285_frame0000113.jpg,122.40895254629629,132.69532407407408,68.69742095265556,59.56614036239677,433.0487033754702,1226.611479286694
vid_000285_frame0000114.jpg,122.34413194444444,132.44863425925925,68.6510120643831,59.52901419091501,432.3264824554987,1243.0174457299167
vid_000285_frame0000115.jpg,122.44403356481482,132.5665972222222,68.6332623689584,59.46999270558712,429.63131096318676,1241.5200751904563
vid_000285_frame0000116.jpg,122.28351273148148,132.6967476851852,68.65083679403935,59.388654032974806,420.3549052692848,1133.6415111011647
vid_000285_frame0000117.jpg,122.43568287037037,132.6548900462963,68.67329100916206,59.56410598704996,438.8074187684529,1228.5665400911726
vid_000285_frame0000118.jpg,122.38269097222222,132.74049189814815,68.63683084741885,59.55653048465086,426.7269613703221,1225.6434590727547
vid_000285_frame0000119.jpg,122.18758680555555,132.90603587962963,68.56917619060988,58.948342955330546,440.2896573268979,1199.8913370722682
vid_000285_frame0000120.jpg,122.41020833333333,132.2116550925926,68.63278057459891,59.38581660376368,435.8304663446288,1230.9183829571423
vid_000285_frame0000121.jpg,122.4513425925926,132.91376157407407,68.64856308383463,59.258783186065784,430.3078134237826,1240.1313417478125
vid_000285_frame0000122.jpg,122.43706018518519,132.39111111111112,68.6182032771707,59.49992983318822,430.78361616723333,1253.3760873794365
vid_000285_frame0000123.jpg,122.38688657407407,132.65879050925926,68.65798493378385,59.387431980519544,429.9140586781108,1230.6243227961036
vid_000285_frame0000124.jpg,122.3125173611111,132.57281828703702,68.6332748217664,59.57826492271134,440.6388752384139,1252.9208731384697
vid_000285_frame0000125.jpg,122.3302662037037,132.64981481481482,68.68412903751563,59.54874246474373,429.2361738787281,1234.2823981415843
vid_000285_frame0000126.jpg,122.3271238425926,132.36001736111112,68.5190022335041,59.23460057146338,423.5980557784637,1141.9124608405139
vid_000285_frame0000127.jpg,122.32128472222222,132.5919849537037,68.61688446729156,59.38848998309349,434.7068028194391,1240.6664977933908
vid_000285_frame0000128.jpg,122.24194444444444,132.4671064814815,68.64118150595858,59.50766052427196,427.9550052564247,1184.4932203856083
vid_000285_frame0000129.jpg,122.04778356481482,132.70284143518518,68.56610196196596,59.00829509547276,449.31826825163836,1214.3152870112833
vid_000285_frame0000130.jpg,122.2697974537037,132.34096064814815,68.588586388069,59.516236953575884,445.05795331736533,1240.11024857732
vid_000285_frame0000131.jpg,122.30641782407407,132.66064236111112,68.72119331181919,59.66654333129991,437.8438662671668,1236.6874996301387
vid_000285_frame0000132.jpg,122.42950231481481,132.38032407407408,68.64033101355542,59.35990749224234,432.48756466983747,1261.284984875706
vid_000285_frame0000133.jpg,122.36313078703704,132.34274305555556,68.72833660819717,59.445555384533556,435.123811631643,1212.469962962427
vid_000285_frame0000134.jpg,122.3987962962963,132.22605324074075,68.64475648917771,59.5344176593965,439.88650966863855,1249.7449303621186
vid_000285_frame0000135.jpg,122.34229745370371,132.37221064814815,68.62613405795364,59.567610306771,448.47194286905085,1268.033385413954
vid_000285_frame0000136.jpg,122.21452546296297,132.9726215277778,68.69877955363599,59.44411209047381,425.54915972674337,1156.8238831015506
vid_000285_frame0000137.jpg,122.40450810185185,132.33608217592592,68.63441868037992,59.47688417626903,428.60932134663153,1208.191678548847
vid_000285_frame0000138.jpg,122.10950231481482,132.52640046296295,68.67014360454604,59.61211540463528,440.234397019542,1232.1800122934014
vid_000285_frame0000139.jpg,122.07782407407407,132.4395023148148,68.56666292866201,59.12600233848123,441.6399121018398,1193.7377309497974
vid_000285_frame0000140.jpg,122.09217013888889,132.3751851851852,68.60022983635464,59.47538677394331,460.7218948881174,1285.4663300539787
vid_000285_frame0000141.jpg,122.3471412037037,132.22961805555556,68.61414356157479,59.52393850137295,434.5346299248757,1214.6639572959532
vid_000285_frame0000142.jpg,122.1724074074074,132.17743055555556,68.7202675454571,59.56344704948223,429.3992346857518,1224.576229880368
vid_000285_frame0000143.jpg,122.35753472222223,132.42887731481483,68.70695069652704,59.413368689745674,422.84049502261234,1200.1573947240174
vid_000285_frame0000144.jpg,122.13569444444444,132.35141203703705,68.71065600803695,59.5184834957661,440.32202036283513,1239.9239662678701
vid_000285_frame0000145.jpg,122.26705439814815,132.56350115740742,68.660379770545,59.50756804897179,425.98415497202933,1206.0078162438579
vid_000285_frame0000146.jpg,122.26478587962963,132.5122685185185,68.71183948174962,59.36810759170694,426.80360080023866,1136.8408190966866
vid_000285_frame0000147.jpg,121.01145833333334,132.7740914351852,68.3344145117931,60.25266650235836,411.04816525577496,1169.7474533612706
vid_000285_frame0000148.jpg,119.78510995370371,131.60692708333335,68.3275170919003,61.59732467304588,534.0067797818073,1531.0004916159965
vid_000285_frame0000149.jpg,127.94003472222222,138.5342013888889,70.77898244220773,63.6855830986641,577.5276711006824,1563.2302402263037
vid_000285_frame0000150.jpg,140.94171296296295,148.99046296296297,72.40760935131863,65.51272248344648,630.4818467278792,1718.0502195210693
vid_000285_frame0000151.jpg,111.82489583333333,129.45026041666668,64.19044922261556,60.65391542620645,578.7775085196706,1814.0608081274383
vid_000285_frame0000152.jpg,119.12152199074075,133.9862037037037,66.83594338730157,61.544608798514666,572.6985918201505,1745.4925766774036
vid_000285_frame0000153.jpg,133.98943865740742,143.3956076388889,71.28531474258062,63.58322606597721,602.3172711347081,1656.2843116233712
vid_000285_frame0000154.jpg,134.37696180555557,143.96277777777777,71.30930719168616,64.08034013502883,652.6021189224055,1801.8233888626326
vid_000285_frame0000155.jpg,130.4193576388889,141.4266087962963,70.16864647546284,62.95188773410036,627.6448456714771,1766.2152351839795
vid_000285_frame0000156.jpg,124.36350115740741,137.2464872685185,68.69372210055977,61.96039610104732,599.2059176933298,1707.9286869172442
vid_000285_frame0000157.jpg,123.78488425925926,136.75028935185185,68.42090043562558,61.59939616226091,590.9068149519554,1768.1524919590995
vid_000285_frame0000158.jpg,123.56463541666666,136.57969328703703,68.47632262149386,61.722864808624244,618.4248319314505,1838.4731512800804
vid_000285_frame0000159.jpg,123.56626157407408,137.0169849537037,68.33837376841221,61.35347312139423,604.687372665895,1745.4757762002746
vid_000285_frame0000160.jpg,123.55862268518518,136.5579398148148,68.42888332159193,61.54934061773415,638.1402505738812,1837.8835440481598
vid_000285_frame0000161.jpg,123.81305555555555,136.66587962962964,68.38062222749319,61.717128622692385,580.7597120079679,1731.31851244933
vid_000285_frame0000162.jpg,123.82718171296297,136.90159722222222,68.13363002284309,61.9251484376336,619.445198533917,1840.8011435953777
vid_000285_frame0000163.jpg,123.95464699074074,137.13721064814814,68.20937764627081,61.96347774052872,571.6946755774982,1734.6617991121182
vid_000285_frame0000164.jpg,123.75504050925926,137.19929398148147,68.09988128956945,61.95166428623908,604.2905837978703,1820.7156462718822
vid_000285_frame0000165.jpg,124.04234953703704,136.96547453703704,68.09500384836839,61.6806240783612,603.6665762366777,1753.803340322654
vid_000285_frame0000166.jpg,123.89956018518518,137.47583333333333,68.12615173875953,61.75387513519263,591.8768707560389,1715.2516647904008
vid_000285_frame0000167.jpg,124.87763310185186,136.88713541666667,68.2948707620642,62.63702838771358,606.3185781193403,1808.8988333667899
vid_000285_frame0000168.jpg,124.96008101851852,136.999375,68.48152539792589,62.68886140708557,649.7265182323482,1914.9213060908564
vid_000285_frame0000169.jpg,125.07879050925926,137.47374421296297,68.44457782051018,62.5645929589183,623.774408275329,1829.7428769938151
vid_000285_frame0000170.jpg,125.83618055555556,136.99229166666666,68.63857555626664,62.8250421756953,616.9085699522838,1867.527742281238
vid_000285_frame0000171.jpg,125.7621875,137.1923321759259,68.6304951812673,63.096252751992836,627.0843752309456,1852.1032194224417
vid_000285_frame0000172.jpg,125.60663194444444,137.29866319444446,68.51946926954612,62.841281331754004,605.2674269461592,1847.6771110090006
vid_000285_frame0000173.jpg,125.6853587962963,137.48427083333334,68.53597810562285,62.50422315584394,591.405033716691,1796.427217185055
vid_000285_frame0000174.jpg,125.74856481481481,137.61240162037038,68.60585577787306,63.00791510497501,618.7614711055049,1886.460255521764
vid_000285_frame0000175.jpg,125.6897337962963,137.8929224537037,68.59107757123255,62.87287612126703,620.061971360061,1899.4708146728183
vid_000285_frame0000176.jpg,125.85295138888888,138.3066435185185,68.56933304748078,62.800626414757076,601.2434031512224,1849.60544356162
vid_000285_frame0000177.jpg,126.41738425925926,138.29535300925926,68.54937269150346,62.78003251858912,626.0261077995059,1912.957103093352
vid_000285_frame0000178.jpg,125.54830439814815,137.50917824074074,68.52724885522984,62.55074705730191,607.4824589762035,1847.522239864112
vid_000285_frame0000179.jpg,125.24485532407408,137.66765625,68.35294048505598,62.027976104517364,607.1255999345943,1804.1430208051684
vid_000285_frame0000180.jpg,125.41923032407408,137.66541666666666,68.36808612793317,62.26807411501544,610.2017072400923,1839.13516233091
vid_000285_frame0000181.jpg,125.38399884259259,137.04592592592593,68.42719200896293,62.28606011241878,616.0772151009181,1850.52202111515
vid_000285_frame0000182.jpg,125.29922453703703,137.24068287037036,68.42487112026286,62.398359854219336,615.6011173707227,1873.3548200226123
vid_000285_frame0000183.jpg,125.16876736111111,137.28752893518518,68.412029939876,62.43408399642412,598.9488921799648,1797.1108459184977
vid_000285_frame0000184.jpg,124.8305150462963,137.26069444444445,68.34831387681902,62.612156507928255,620.5425470163269,1840.1595980794273
vid_000285_frame0000185.jpg,124.83265046296296,137.40672453703704,68.3828432847489,62.31793911707222,615.6425715662241,1841.1830828167867
vid_000285_frame0000186.jpg,124.69078125,137.58559027777778,68.42510886955858,62.43448335128102,587.495581867284,1737.0543536456992
vid_000285_frame0000187.jpg,124.7872048611111,137.12882523148147,68.4113547771262,62.7586706060259,624.3772686484255,1840.8167183722016
vid_000285_frame0000188.jpg,124.59227430555555,137.18703125,68.35264779062747,62.732450711898565,621.1887626007374,1847.240224646214
vid_000285_frame0000189.jpg,124.50413194444444,137.35156828703703,68.34172234455046,62.415546129006536,615.5830556193201,1829.373721020575
vid_000286_frame0000001.jpg,29.762413194444445,56.37445023148148,31.588387978118195,48.33119117605489,1694.4700396167898,1269.314590164415
vid_000286_frame0000002.jpg,29.91429398148148,56.36379629629629,31.64192936327116,48.118744922357955,1685.037231461354,1252.7599121254166
vid_000286_frame0000003.jpg,29.733993055555555,56.37663194444445,31.32790241098459,48.09714116926496,1752.7195053625203,1264.1277865772556
vid_000286_frame0000004.jpg,34.492100694444446,62.268483796296294,32.4373216131404,49.51163104343014,1729.5553365220978,1455.1083372490946
vid_000286_frame0000005.jpg,34.34486111111111,62.581047453703704,32.44191453196356,49.91456131541424,1695.8790872651698,1424.8776980677392
vid_000286_frame0000006.jpg,37.21142939814815,65.17002314814815,33.55881690831077,50.94548277143204,1668.7049481135532,1451.9491778425804
vid_000286_frame0000007.jpg,38.00912037037037,65.26131365740741,33.71859715548171,50.39863494014356,1637.6462030389646,1478.9451569007404
vid_000286_frame0000008.jpg,37.25623263888889,65.16175347222222,33.619526591170164,50.600942033294366,1661.5976524787472,1494.1553492792996
vid_000286_frame0000009.jpg,45.05041666666666,72.99899305555556,36.20593368614664,52.627380841761834,1470.505445277001,1405.4988239871345
vid_000286_frame0000010.jpg,43.44078125,72.24262152777777,35.37612516324497,51.967849808602274,1546.7034424720293,1450.0278446368097
vid_000286_frame0000011.jpg,42.15431134259259,71.24945023148148,34.76304397206884,51.58018930284377,1591.1582150586205,1456.224519201677
vid_000286_frame0000012.jpg,41.151875,70.06912037037037,34.34190394918059,51.53268405211532,1603.3422100645882,1494.3482127634977
vid_000286_frame0000013.jpg,40.86333912037037,69.60285300925926,34.076368290757046,51.47070915020652,1597.6500299767176,1481.457872771957
vid_000286_frame0000014.jpg,41.16178240740741,69.07753472222223,33.819457780999414,50.591305384388725,1556.5180732590663,1425.0293270034601
vid_000286_frame0000015.jpg,41.33191550925926,69.08967013888889,33.58569780637302,50.59238533098785,1589.258280915102,1525.5844197490342
vid_000286_frame0000016.jpg,39.70435763888889,68.30862847222222,32.59590244203991,50.054413073594816,1553.8197410380967,1470.3497695451817
vid_000286_frame0000017.jpg,38.75056134259259,67.57269675925926,32.08159568216017,49.079795829849495,1549.779870669233,1419.6479699068716
vid_000286_frame0000018.jpg,37.241336805555555,65.77123263888889,31.681919620689648,49.10439816316572,1566.5687629242486,1429.553003495799
vid_000286_frame0000019.jpg,35.422858796296296,64.28851273148148,30.810573967652285,47.80109584388203,1589.4584963214804,1420.6801935751832
vid_000286_frame0000020.jpg,33.99301504629629,62.75660300925926,30.054185302877215,47.384100316097694,1614.0064072625978,1390.039189576066
vid_000286_frame0000021.jpg,34.37872685185185,62.80141782407407,30.272993117099976,46.9920930511971,1667.332485591852,1395.3843987482521
vid_000286_frame0000022.jpg,35.30249421296296,63.667546296296294,30.6075072230414,47.27572156545993,1612.2802250337243,1365.2970482678743
vid_000286_frame0000023.jpg,34.86128472222222,63.13474537037037,29.993809835399063,46.53939493789282,1652.3046539134505,1409.2218612391762
vid_000286_frame0000024.jpg,31.176689814814814,60.01753472222222,29.17246007011877,46.25633345459999,1706.6286226550444,1284.3956752313477
vid_000286_frame0000025.jpg,26.457349537037036,52.47013888888889,34.510252742684095,51.792556973479115,1995.0369361388405,1370.9323602132833
vid_000286_frame0000026.jpg,28.12480324074074,54.180659722222224,35.90029019643348,52.892199842645944,1976.569981954056,1371.6812159122085
vid_000287_frame0000001.jpg,66.9530324074074,88.10337962962963,50.902696347385515,60.24188027478115,1289.377872841884,1361.049675831853
vid_000287_frame0000002.jpg,67.36078703703704,88.14245370370371,51.10671994419762,60.18852621907088,1276.102296484375,1317.5032160922494
vid_000287_frame0000003.jpg,71.86960069444444,91.48597800925926,53.93320343131588,62.13172228817488,1204.2729230901439,1279.5732093641493
vid_000287_frame0000004.jpg,71.8860763888889,92.65732638888889,54.36505301205384,63.34951688903418,1256.3744011058332,1428.7784707456906
vid_000287_frame0000005.jpg,67.6731076388889,88.59286458333334,52.43647765475816,61.203186844092244,1249.2158719135803,1366.5943872748146
vid_000287_frame0000006.jpg,65.99653356481481,87.41375578703703,51.94285326534285,60.33569174634368,1255.7324652187015,1253.041928128081
vid_000287_frame0000007.jpg,74.27732060185186,93.39744791666666,55.066767529135596,62.48510973895079,1194.9538868622203,1213.3543021821617
vid_000287_frame0000008.jpg,76.945625,95.87500578703704,55.11903318112844,62.84671549442713,1067.9145900872543,1155.8118008132662
vid_000287_frame0000009.jpg,67.99015625,89.88721064814816,50.27423742076527,60.0123543287599,1104.1657391131032,1110.0343889526532
vid_000287_frame0000010.jpg,42.225960648148146,70.06585069444445,42.382216359515084,56.7391011563334,1492.8915920030383,1130.6509019522878
vid_000288_frame0000007.jpg,108.20736111111111,122.78543981481481,68.9044023682192,59.342406598244544,372.4441668466743,914.1574374469187
vid_000288_frame0000008.jpg,99.76159143518518,116.7429050925926,64.47876531388081,55.99528224493619,385.7446122679827,922.4689027584877
vid_000288_frame0000009.jpg,95.08159722222223,112.87487847222222,61.4132153352945,53.500857001802885,381.5873291618107,823.7291452398606
vid_000288_frame0000010.jpg,83.20008680555556,103.44606481481482,58.651635888128276,53.343351561470286,376.46975159130125,844.3779602427543
vid_000288_frame0000011.jpg,77.99359375,98.95453125,54.91095084422932,51.09053973956246,367.11204583333335,807.3848422871322
vid_000288_frame0000012.jpg,76.59969907407407,98.08224537037037,53.923351508158376,50.2799926113295,380.7603330920728,845.7121412003547
vid_000288_frame0000013.jpg,75.9119212962963,97.58538773148148,53.19625371028133,50.251812093272164,365.71919632493007,795.5097779007187
vid_000288_frame0000014.jpg,74.47206018518519,96.79354745370371,52.209704862858096,49.930287385623394,374.57285808333194,825.4023683979552
vid_000288_frame0000015.jpg,73.11920717592592,95.75043981481481,51.09815861608678,49.656292025981216,360.0502970034669,785.3719912067847
vid_000288_frame0000016.jpg,71.40677083333334,94.47148726851852,49.78950274691891,49.15670517717797,364.98159370576,777.6626078638063
vid_000288_frame0000017.jpg,70.08049189814815,93.87719907407407,48.64129377094877,49.150976908335224,355.8208614339192,761.0309057784636
vid_000288_frame0000018.jpg,68.63421296296296,92.58946180555556,47.50596461898835,48.136142349476344,361.9965518515504,765.0760267695674
vid_000288_frame0000019.jpg,67.76285300925926,92.1224363425926,46.58137635979964,47.725617478877744,344.7865694055628,720.0109136272665
vid_000288_frame0000020.jpg,66.26851273148148,91.05387152777777,45.38805293058625,47.308768659429916,360.3407128517433,738.3432622465157
vid_000288_frame0000021.jpg,65.23026041666667,90.20600694444444,44.22520041411112,46.4178148275106,345.17018704936135,698.5578700617284
vid_000288_frame0000022.jpg,63.79157986111111,88.7964525462963,43.107867822726185,45.69805121015899,354.0784556420597,718.0637662261753
vid_000288_frame0000023.jpg,63.108969907407406,88.04671875,42.31518599553896,45.14438486880149,356.11839145876195,705.3272969970368
vid_000288_frame0000024.jpg,62.06729166666667,87.23242476851851,41.42350166692955,44.537717715761225,362.40031801362636,720.7399678110801
vid_000288_frame0000025.jpg,61.44724537037037,86.55586226851852,40.611596014413685,43.9725551481695,353.65891292649263,710.9970827345022
vid_000288_frame0000026.jpg,60.79626157407407,86.43952546296296,40.01974593532392,43.86736994704732,354.9613182965481,708.1837108233333
vid_000288_frame0000027.jpg,60.9201099537037,85.94297453703703,40.152087179236666,43.42819931544202,348.02137795698167,698.2900350629809
vid_000288_frame0000028.jpg,60.9278125,86.27502893518519,40.3993148271339,43.819587399607585,356.12592874680513,738.5364586161212
vid_000288_frame0000029.jpg,61.445086805555555,86.99244791666666,40.66543919828266,43.908897896597395,351.103805938009,723.5948940323859
vid_000288_frame0000030.jpg,61.80701967592593,87.16384259259259,41.06452378779759,44.08671401186657,358.6072775586206,724.6841530730237
vid_000288_frame0000031.jpg,62.51053819444444,87.5008738425926,41.55503315063245,44.496686561778276,358.3543178496603,730.3707738350573
vid_000288_frame0000032.jpg,62.772013888888885,88.0550636574074,42.04411237925075,44.9332611500319,368.82924615791643,728.5878525575152
vid_000288_frame0000033.jpg,63.40028935185185,88.58197916666667,42.49522099938587,45.646003580183866,356.3482245367356,711.8564573365429
vid_000288_frame0000034.jpg,62.73769675925926,87.91438078703703,42.186368561186534,45.41108912386033,358.65323512034894,742.8990840202426
vid_000288_frame0000035.jpg,63.23056712962963,88.38794560185185,42.4101299089183,45.870406363176755,351.14740008650415,722.458809220545
vid_000288_frame0000036.jpg,64.19168402777778,89.36026041666666,43.241689140078684,46.048427464169976,349.94787804539476,702.5919765905979
vid_000288_frame0000037.jpg,65.66909143518518,90.87478009259259,44.47037750251482,46.90435219848979,367.3513860253772,741.9801052442009
vid_000288_frame0000038.jpg,66.7815625,91.80423611111111,45.43500756435954,47.659615209002446,357.8676109420211,732.8506058158382
vid_000288_frame0000039.jpg,67.60208912037037,92.34675347222222,46.104895061639986,47.526946296790626,347.21798615930294,700.2962531426491
vid_000288_frame0000040.jpg,67.80473958333333,92.05244791666667,46.257571121938135,47.35951787385314,354.3351765766662,718.1407631638683
vid_000288_frame0000041.jpg,67.91633101851852,92.1432986111111,46.46872693365799,48.00977606126171,351.3080549259139,742.9582852210528
vid_000288_frame0000042.jpg,68.05997106481482,92.29912037037037,46.65743370467958,48.08206087440467,356.36556976189416,762.5598576348366
vid_000288_frame0000043.jpg,68.51805555555555,92.53516203703704,46.998344857742424,48.17216558116626,361.28012851709855,774.1195831597222
vid_000288_frame0000044.jpg,69.095625,93.50277199074074,47.442719964380565,48.1337000717153,362.5555852075564,758.0278628589772
vid_000288_frame0000045.jpg,69.52177662037037,93.60196759259259,47.888216919825766,48.41641119954466,357.8026254926684,751.2949175320094
vid_000288_frame0000046.jpg,69.73548611111111,93.49,48.055599044567266,48.15664103657902,348.22136094202114,748.778242317407
vid_000288_frame0000047.jpg,69.77638888888889,93.25221064814815,48.301287848184856,47.991649673667936,358.90817615898146,777.5731640930093
vid_000288_frame0000048.jpg,68.54456018518519,92.41797453703704,47.41735847514354,48.21585935750481,354.89112176002953,751.0418029701431
vid_000288_frame0000049.jpg,63.198506944444446,88.12766203703704,42.9449979850675,45.259509038685096,369.6378905862858,764.2058243815104
vid_000288_frame0000050.jpg,58.09149884259259,83.86109953703703,38.11218396548814,43.499089504033385,371.3101814395522,752.8812128648713
vid_000288_frame0000051.jpg,54.96678819444445,80.88104166666666,35.22005774523693,41.9359983235932,374.04110832476,769.6806704306184
vid_000288_frame0000052.jpg,63.75300925925926,89.02380208333334,39.16966008324493,43.37277525928345,370.73992365367667,761.9872057813772
vid_000288_frame0000053.jpg,73.48517361111111,97.8597337962963,41.847000867052365,43.98022863261722,366.90781344036003,758.2536575855396
vid_000288_frame0000054.jpg,82.69458333333333,106.59324074074074,43.63004821489195,43.967651836504956,361.60655451268326,782.8824136557664
vid_000288_frame0000055.jpg,83.73041666666667,107.68229166666667,43.67382400855337,43.933418940948094,360.9902052200883,773.1745159478082
vid_000288_frame0000056.jpg,83.71964699074074,107.76346643518518,43.74206814992625,43.91858492302814,359.8656496805073,779.5953652129415
vid_000288_frame0000057.jpg,83.46728587962963,107.27664351851851,43.7032963061949,43.72751481272398,362.7396849986805,793.8497618741427
vid_000288_frame0000058.jpg,83.05946180555556,106.75511574074073,43.56305920717833,43.348617995993024,361.5410267638407,767.4711797107755
vid_000288_frame0000059.jpg,82.6598900462963,106.6261574074074,43.3824269443343,43.25963001388461,360.54120949074075,774.4616402584877
vid_000288_frame0000060.jpg,82.3827199074074,106.51673611111111,43.27958974965451,44.168540945501434,367.17845587113,777.3018355755087
vid_000288_frame0000061.jpg,82.1227662037037,106.441875,43.217746994852476,44.300685307414795,368.42192632107214,786.3388716712481
vid_000288_frame0000062.jpg,81.2912037037037,106.03150462962962,42.939071594346686,44.50739889130146,370.17905203239536,816.2196757523149
vid_000288_frame0000063.jpg,80.40337384259259,105.0917650462963,42.654379648525186,44.088419148557264,372.49156843050736,796.1009552508989
vid_000288_frame0000064.jpg,79.90827546296296,104.88304398148148,42.45201472488553,44.09675837368899,372.6748962343737,797.8308237942332
vid_000288_frame0000065.jpg,79.78339699074074,104.96739583333333,42.26405500975813,44.0287804592357,371.3927034379286,796.6530228922527
vid_000288_frame0000066.jpg,79.45164930555555,104.26556134259259,42.05876180557096,43.85571121953751,363.00642424755125,775.8052404352803
vid_000288_frame0000067.jpg,78.52966435185185,103.57142361111111,41.740689659695015,43.60987948255063,367.7625643780744,752.9577823784387
vid_000288_frame0000068.jpg,77.33336226851851,102.33811342592593,41.341205544201635,43.29568392392986,371.1855133382831,762.9282902142476
vid_000288_frame0000069.jpg,76.52401041666667,101.82277199074075,41.09445085522477,42.95966073174272,372.26980882600174,763.3869159737962
vid_000288_frame0000070.jpg,74.93235532407408,99.87072916666666,40.409783513351904,42.51153005009109,363.4980704611612,750.4826874228395
vid_000288_frame0000071.jpg,72.98008101851852,98.24879629629629,39.63915781649307,42.10243459173231,374.13620059045866,770.6411162003548
vid_000288_frame0000072.jpg,72.19553240740741,97.4973900462963,39.121176548995216,41.919016861916305,367.01767749321493,757.2807559751157
vid_000288_frame0000073.jpg,72.36324652777778,98.04493055555555,39.268146782456846,41.501464663408456,372.69173318530846,758.7303038085938
vid_000288_frame0000074.jpg,73.61874421296297,99.1107175925926,39.32887079554445,41.72870698913472,364.83553407868226,712.6353542944303
vid_000288_frame0000075.jpg,72.83282407407407,97.99438078703703,39.07284186223562,41.21324945002519,374.63086740421244,741.9985481910151
vid_000288_frame0000076.jpg,71.2079224537037,96.46233217592592,38.82179851892474,41.88534966214577,359.97144379792394,705.5801068910953
vid_000288_frame0000077.jpg,69.40221643518518,94.6193287037037,38.34982765237733,41.226757863082234,375.77977992778926,731.5956718428163
vid_000288_frame0000078.jpg,68.92061342592592,94.89440972222222,37.49412461496104,40.688216725765564,367.2144245493613,730.2692963090224
vid_000288_frame0000079.jpg,68.6272974537037,94.49628472222223,37.12281511200035,40.40825196014409,376.7314948538238,745.5883389896261
vid_000288_frame0000080.jpg,68.09904513888888,93.64083912037037,36.646559183832885,40.03481358269865,372.59668552758484,715.4966780671296
vid_000288_frame0000081.jpg,66.76410300925926,92.93694444444445,36.33862467291544,40.22790319284874,385.096267500931,736.8203835864826
vid_000288_frame0000082.jpg,65.8241261574074,91.71723958333334,35.99980372390953,40.157485194526544,374.01386910683374,709.0013455331308
vid_000288_frame0000083.jpg,64.97120370370371,91.22865740740741,35.632751813350566,39.72573226201124,381.4423191249517,705.0801322015121
vid_000288_frame0000084.jpg,64.65201388888889,90.48840277777778,35.18902452943446,39.384534321801716,371.7159184710635,695.1970334457251
vid_000288_frame0000085.jpg,63.899409722222224,90.04523726851852,34.82324311757373,39.27024567643657,382.7949031527296,730.0865023757663
vid_000288_frame0000086.jpg,63.43264467592593,89.61157986111111,34.55900114995428,39.01273330747001,374.0693431486572,696.7402024940187
vid_000288_frame0000087.jpg,66.78851273148148,92.5147511574074,36.22550706692213,39.3497542817358,378.6556862654321,704.2603920705535
vid_000288_frame0000088.jpg,72.07259837962962,98.5292013888889,37.61954004414039,40.801936104448274,377.163843689417,714.3141966458962
vid_000288_frame0000089.jpg,75.80361689814815,102.30920717592592,37.39374349928434,39.89235064225908,379.6260074813194,713.6303392931443
vid_000288_frame0000090.jpg,79.0953125,105.59231481481481,36.292888438032755,38.83099982513211,374.2590254412281,703.4351377499344
vid_000288_frame0000091.jpg,80.52773148148148,107.31116319444445,35.94425235362715,38.47216120629422,382.13785689086075,716.0356421392413
vid_000288_frame0000092.jpg,85.30780092592593,111.00334490740741,36.28463756112015,37.72473799600403,358.5678239639262,709.0186517141083
vid_000288_frame0000093.jpg,88.21097222222222,112.23294560185185,36.34145780697667,36.964645759361694,355.51365257831253,700.8238056784967
vid_000289_frame0000013.jpg,75.0515625,100.13174768518519,41.65548993000315,43.856710379658274,306.04963407811294,637.3805729161309
vid_000289_frame0000014.jpg,77.35954282407407,101.85380787037037,43.55497317699091,44.91011643735507,333.916194841466,699.8781552592378
vid_000289_frame0000015.jpg,84.41978009259259,106.48008680555556,48.20839959611092,47.368978379567636,343.2434073483314,707.3317198709369
vid_000289_frame0000016.jpg,86.33980902777778,108.15023726851852,49.60925558114515,48.35996684121607,345.97207547257455,729.4784436326182
vid_000289_frame0000017.jpg,83.2148611111111,105.61039351851852,47.203322931908545,46.29088959076507,314.08769916084617,663.5446634017798
vid_000289_frame0000018.jpg,78.81299189814816,103.02204282407408,44.37429654066756,45.16682791579477,332.8270934305073,724.1959562735768
vid_000289_frame0000019.jpg,80.65116319444445,104.05522569444445,45.495211099872684,45.406799513077566,317.66975619092403,661.4895544076592
vid_000289_frame0000020.jpg,84.75924768518519,106.96642939814815,49.377460687757726,48.063567708179605,349.5029499399863,743.090749221831
vid_000289_frame0000021.jpg,88.94423032407407,109.70586226851852,52.58260166045548,49.55832357476608,343.61487713125723,690.045992476316
vid_000289_frame0000022.jpg,89.72901620370371,109.68353587962963,53.898375144758376,49.867449834604685,357.88886064814807,736.915828187157
vid_000289_frame0000023.jpg,88.38171875,108.46794560185185,53.33951366369243,49.341721699727266,331.3286849681378,705.0171625428669
vid_000289_frame0000024.jpg,87.68662037037036,108.08287037037037,53.44346592570674,49.49906630808389,353.76370453528887,762.8551367455419
vid_000289_frame0000025.jpg,92.54102430555555,110.66841435185185,57.2985056109415,50.936797870957996,343.305337802078,742.3653168394407
vid_000289_frame0000026.jpg,103.29896990740741,118.53894675925926,64.85917181031833,55.13320548068894,364.6207832148799,735.7608377161766
vid_000289_frame0000027.jpg,112.5661400462963,125.96495949074074,70.18180194728794,58.93534999759174,410.64056110947007,818.8804493577661
vid_000289_frame0000028.jpg,113.24560185185184,126.70760416666667,71.60346828521023,60.558257477061964,410.9688114976838,822.6607034302931
vid_000289_frame0000029.jpg,110.59055555555555,124.5894675925926,70.88335460045313,60.10685887630297,376.7899522242584,749.982805264998
vid_000289_frame0000030.jpg,111.69663194444445,124.67477430555556,71.83165435488664,61.01471606610411,423.62061895706745,936.2330133482295
vid_000289_frame0000031.jpg,116.95579282407408,129.49321180555555,74.38560363648658,62.83061674597565,420.6021640612944,844.9704560184849
vid_000289_frame0000032.jpg,120.18977430555556,133.1917361111111,75.93531846931982,64.77095521946141,440.7923596345794,938.4706608554835
vid_000289_frame0000035.jpg,96.2584548611111,112.60871527777778,71.3674426071105,62.478135141849364,404.9659304574639,994.6321190173489
vid_000289_frame0000038.jpg,112.34391203703704,126.02784143518518,75.70618599028725,65.03041324878838,449.4592755108868,1011.1485077577108
vid_000289_frame0000040.jpg,119.39659722222223,131.52019097222222,76.77700372456002,66.07459482093375,449.1656545170704,1098.6980503035181
vid_000289_frame0000041.jpg,103.89918981481482,118.78436342592593,73.74769911220011,63.527112037545706,411.92942352909455,984.2330374698593
vid_000289_frame0000046.jpg,114.70134837962964,128.28935185185185,75.10913196276728,64.3839405157774,401.146593472403,887.3389313866048
vid_000289_frame0000047.jpg,118.17193287037037,131.39075231481482,75.7216197857453,64.53978135571333,434.1852097499518,979.8131930936
vid_000289_frame0000048.jpg,118.90353009259259,132.29076967592593,75.81307413474717,64.69619508021064,431.9026082110286,990.9139188793712
vid_000289_frame0000049.jpg,114.47109953703703,127.89802083333333,75.012440699331,64.29235124766608,410.51452341308595,907.0471262731148
vid_000289_frame0000050.jpg,111.8599826388889,125.48258680555556,73.91376510338895,63.33454081468173,425.223443406763,1000.6408822551963
vid_000289_frame0000051.jpg,117.26918402777778,130.061875,75.21218410828672,64.13329211568268,431.70374850337447,923.8527556825153
vid_000289_frame0000052.jpg,121.34476851851852,133.9563773148148,76.18945030889999,65.06460763353438,430.60048834876545,970.2976685835894
vid_000289_frame0000054.jpg,108.94869212962963,123.00283564814815,73.92098748427665,63.18823476559883,435.8969318187572,971.4647022376544
vid_000289_frame0000055.jpg,107.32243055555556,121.51572337962963,73.58990255764884,63.19038744362415,430.75678484114445,994.4698529287498
vid_000289_frame0000056.jpg,118.33516203703704,131.29286458333334,76.37390527627659,65.45913987417885,428.79589902822653,946.1601135781035
vid_000289_frame0000057.jpg,123.21795717592593,136.08640625,76.85717378679453,66.00760446810177,482.4112757158444,1069.1460064621915
vid_000289_frame0000064.jpg,111.76868055555556,127.02399305555555,74.98082971432068,64.25447655740898,433.23193516589504,992.8687081838012
vid_000289_frame0000065.jpg,114.56754050925926,128.91612268518517,75.28207418043978,64.43567045226655,439.2382649691358,1019.7427760014453
vid_000289_frame0000066.jpg,114.15363425925926,128.33454282407408,74.85183726768311,63.96289421911658,393.31000048010975,865.402961623371
vid_000289_frame0000067.jpg,109.9853761574074,123.4440798611111,73.2345138337608,62.5887658374023,397.26984952082796,860.9138103732639
vid_000289_frame0000068.jpg,108.99818865740741,122.59780092592592,71.6663150198515,61.186692489108005,384.7871168322067,791.6323488806369
vid_000289_frame0000069.jpg,109.16971643518518,122.94055555555556,71.78411225029609,61.025806784284626,405.461696175733,864.2217316981939
vid_000289_frame0000070.jpg,118.57987268518518,131.1486226851852,75.66570543615157,64.5033746547652,415.7871238208577,858.7102425733024
vid_000289_frame0000071.jpg,127.15127314814815,138.8180324074074,77.31351876330736,66.22649889820362,443.3512979615431,1011.7221924505959
vid_000290_frame0000001.jpg,63.47532986111111,87.51314236111111,46.163490090223604,62.09647596505252,1138.6329457303189,1591.6426470976069
vid_000290_frame0000002.jpg,63.761944444444445,87.46655092592593,46.251092163447645,61.73122674705632,1101.7688736568916,1468.422536277455
vid_000290_frame0000003.jpg,66.32199074074074,88.63218171296296,47.950798980713586,63.56426195878568,1105.7765297062545,1731.4861939680852
vid_000290_frame0000004.jpg,67.60986689814816,89.6067013888889,48.884639227602364,65.00772944782611,1135.8438775676964,1892.4620667352538
vid_000290_frame0000005.jpg,68.44756365740741,90.38304398148148,49.52943223818928,65.15625415529189,1082.7276376880789,1570.3969213379576
vid_000290_frame0000006.jpg,64.50554398148148,87.86541666666666,47.32008499359765,63.78478408921574,1150.7668107903794,1856.2529092600296
vid_000290_frame0000007.jpg,61.7258912037037,86.97483217592593,44.77902435041657,61.07132459004376,1088.7219761115598,1522.9423054964795
vid_000290_frame0000010.jpg,62.52533564814815,86.77640625,45.16846789923466,60.82066601410886,1143.3970937788013,1463.6957356526693
vid_000290_frame0000011.jpg,64.40798032407407,87.95418981481481,47.37779264679757,63.18293717116261,1067.7424995068964,1531.9731276255666
vid_000290_frame0000012.jpg,65.93254050925925,88.95177662037037,48.50549967772343,64.9315947549598,1172.2507520233198,1913.5336294924555
vid_000290_frame0000013.jpg,67.57881365740741,90.23875578703704,49.36386844965468,65.62166740446843,1137.1876905092593,1951.7318801030078
vid_000290_frame0000014.jpg,68.77919560185185,90.26104166666667,49.81354808648,65.55670427426793,1112.4205946340971,2049.1481272464625
vid_000290_frame0000015.jpg,72.20847222222223,92.66133680555555,51.29027640483539,65.39919317637151,1056.1001649128393,1805.733221879287
vid_000290_frame0000016.jpg,75.99296296296296,94.70255787037037,53.233992086288936,65.90865812379677,946.0487273380902,1757.0285837223173
vid_000290_frame0000017.jpg,78.81302662037037,95.80671296296296,54.716596760893296,66.10351573781149,936.1128690134977,1718.285126272311
vid_000290_frame0000018.jpg,80.24762152777778,97.64634259259259,55.39651636171869,67.4711483816467,984.734982528741,1909.5413106071233
vid_000290_frame0000019.jpg,82.40390046296297,100.32211226851852,56.269044212943946,67.54569577694811,896.4268401756674,1528.917097220079
vid_000291_frame0000001.jpg,85.80601851851851,115.41605324074074,40.71463201447032,48.87029295963068,541.5264866511006,1515.0503500554255
vid_000291_frame0000002.jpg,86.20358217592593,115.51956018518518,40.548779864634746,48.62729356954955,497.498632638353,1316.6510808250814
vid_000291_frame0000003.jpg,89.95785300925925,119.04869212962963,38.54824778973681,46.105356545901046,470.85855598837765,1251.3046599456327
vid_000291_frame0000004.jpg,93.41561921296297,122.9011863425926,33.5017968392272,42.401511956358156,471.66660049497915,1350.3766907359184
vid_000291_frame0000005.jpg,96.59645833333333,125.88930555555555,29.515592457288495,38.907666595262654,403.01848872569303,1173.1145202109253
vid_000291_frame0000006.jpg,94.47815393518519,124.27494791666666,26.040073010248676,36.678153815323476,310.9394808730054,1084.9915811012718
vid_000291_frame0000009.jpg,86.34522569444445,115.24945023148148,29.725711622910122,38.58626357121883,279.20398291966734,913.338638103888
vid_000291_frame0000010.jpg,83.17002893518519,111.6582986111111,32.19542588319168,41.03897142163795,307.565789196995,1039.055445370069
vid_000291_frame0000011.jpg,83.90192708333333,111.72248263888889,33.471448321933,41.328683280024514,306.8202880784023,1024.5469226216549
vid_000291_frame0000012.jpg,79.96597800925926,107.91517361111111,34.50411601392353,41.38156897995782,319.4758202039596,1042.7837564233096
vid_000291_frame0000013.jpg,79.46355902777778,106.64112847222222,35.2650601965551,41.44722159158241,307.2663263559014,951.6078680329166
vid_000291_frame0000014.jpg,79.42803240740741,105.9440798611111,35.72364194498882,41.1816407935299,335.75240099581913,1026.2694197482306
vid_000291_frame0000015.jpg,80.73835648148147,106.97564236111111,36.160359839024494,41.380480956111796,323.30160368170095,928.3970941517437
vid_000291_frame0000016.jpg,84.73722800925925,110.34280092592593,36.05780814785028,40.2349472833699,322.34149582851086,970.2687991864658
vid_000291_frame0000017.jpg,88.278125,113.30695023148148,35.57506013246948,40.21327459942919,303.7973584627044,928.6648983344853
vid_000291_frame0000018.jpg,91.19398726851851,116.48418402777777,35.428849404081134,40.687060771292806,319.32367515378513,1077.9186565224393
vid_000291_frame0000019.jpg,94.16617476851852,117.91492476851852,36.14597040412067,40.06192850093774,281.15403627182866,994.919306404321
vid_000291_frame0000020.jpg,103.92271412037037,125.65418402777777,36.45567092239655,40.86966128311671,330.3437490568938,1239.7217837957605
vid_000291_frame0000021.jpg,113.62032407407408,133.5258738425926,36.12901780023629,41.459472368359776,342.19883023070446,1362.235621238292
vid_000291_frame0000022.jpg,121.0361400462963,138.5459375,36.75898379306623,43.34925664625786,450.957899986604,1762.858191489807
vid_000291_frame0000023.jpg,122.4962962962963,139.52934027777778,38.79201811137118,45.553678224664225,490.8005245249472,1763.6712380224074
vid_000291_frame0000024.jpg,124.220625,139.05455439814816,41.59584417763529,47.967068824785585,567.8986142391922,1964.0599503560302
vid_000291_frame0000025.jpg,128.03560185185185,141.23571759259258,44.725127513728296,50.25509088081291,605.6711179655014,1971.2336149605626
vid_000291_frame0000026.jpg,131.8165798611111,142.9241724537037,46.20606881904213,50.58854994561407,643.4959479804312,2029.7815294012294
vid_000291_frame0000027.jpg,137.7897685185185,143.99061342592591,49.00605940370792,51.73175172395832,664.2375875152378,2252.2388741726345
vid_000291_frame0000028.jpg,142.20677662037036,145.4976388888889,51.26779753442818,53.47210110213556,727.6784409613716,2518.67652283465
vid_000291_frame0000029.jpg,146.87887731481482,148.53677083333332,53.1832653742623,54.61183333340354,674.8380026148834,2301.6413478972427
vid_000291_frame0000030.jpg,152.94285300925927,151.2212962962963,56.08380678526561,57.31476471905906,775.7666746029115,2800.317743691828
vid_000291_frame0000031.jpg,131.10574074074074,139.2453587962963,52.38170026449553,56.59600073380698,790.55439613444,3109.4702876076694
vid_000291_frame0000032.jpg,127.74337962962963,137.50492476851852,53.17828789452438,58.02005349610683,808.8653022038633,3266.152103392918
vid_000291_frame0000033.jpg,142.04004050925926,143.32920717592592,57.811200333725445,60.26185392223324,781.9322777774763,3220.963828435751
vid_000291_frame0000034.jpg,147.8459085648148,147.25708912037038,59.76670704393793,61.90362057000324,786.7377262324246,3405.0377603200823
vid_000291_frame0000035.jpg,132.36910300925925,138.7423263888889,56.671739521760394,60.57737996237897,738.8868405735261,3403.2652475801615
vid_000291_frame0000036.jpg,129.921875,137.98580439814816,56.6036072393173,60.92072215269003,690.4373616533445,3272.2418975210853
vid_000291_frame0000037.jpg,134.89718171296298,138.51886574074075,59.25551174880539,62.935756692620416,866.9958996827847,3964.074923988843
vid_000291_frame0000038.jpg,134.9159837962963,138.6984375,59.23686867364781,63.17472370458921,861.1619359607753,4068.2610153219503
vid_000291_frame0000039.jpg,132.85749421296296,138.46089699074074,58.13192092383586,62.665318108502824,852.9377215711471,4054.1227465513543
vid_000291_frame0000040.jpg,132.8294965277778,138.46716435185186,58.24404344128276,62.831620025755754,917.6877675667384,4155.404301748134
vid_000291_frame0000041.jpg,133.70646412037038,138.36924768518517,58.685793420715136,62.88998605471145,865.6251710283444,4045.4338340501486
vid_000291_frame0000042.jpg,134.15227430555555,138.15347800925926,58.838054490999845,62.70055537817951,877.0696239189159,4013.446706744276
vid_000291_frame0000043.jpg,134.06858217592594,138.32039351851853,58.616325082361406,62.404232820532435,806.0842777756344,3842.785064342073
vid_000291_frame0000044.jpg,132.27344907407408,137.5815625,58.21003144068993,62.273269322363596,845.6360255505388,3952.6460706788785
vid_000291_frame0000045.jpg,129.83197337962963,136.71487268518518,57.04118234652953,61.62549760228441,869.0115113377702,3966.6330790572215
vid_000291_frame0000046.jpg,129.88375578703705,137.84647569444445,56.193919266362215,60.537285732451025,754.3224822289402,3491.9498057436344
vid_000291_frame0000047.jpg,137.7399247685185,141.7519560185185,58.386103361459924,61.365208558314805,833.552774876724,3660.200579462951
vid_000291_frame0000048.jpg,136.90824652777778,140.52195023148147,58.17823320253765,61.41440910325649,906.7452707606939,3849.8580979428893
vid_000291_frame0000049.jpg,135.78096064814815,140.12028935185185,57.621598244602175,60.63923857543783,770.680777184305,3348.448092043896
vid_000291_frame0000050.jpg,133.65163194444443,139.16840277777777,56.54426634385254,60.48818991895115,849.9196386040582,3634.887251390463
vid_000291_frame0000051.jpg,130.79804976851852,138.16969328703703,55.13458279134999,59.6273706281849,802.7359132592474,3418.885197903773
vid_000291_frame0000052.jpg,133.29566550925927,139.93677083333333,55.51086277752115,59.17720295261263,809.2755463726194,3396.420782251881
vid_000291_frame0000053.jpg,132.07846064814814,140.09563657407406,54.6877075779411,58.01606835161301,769.5439602124794,3176.8337912582247
vid_000291_frame0000054.jpg,131.18716435185186,139.03067708333333,54.190253770993316,57.78854395456577,801.5184287003547,3194.0648286844134
vid_000291_frame0000055.jpg,132.8037962962963,140.07377893518517,53.85066509729911,57.60188961705823,813.6564421721952,3244.934426178808
vid_000291_frame0000056.jpg,131.0650462962963,140.15932291666667,52.31651826903386,55.9200232206252,660.2706697509431,2541.5090277777776
vid_000291_frame0000057.jpg,131.70430555555555,140.34758101851853,51.706277445736944,55.961189406971805,719.446114111797,2786.8153726979117
vid_000291_frame0000058.jpg,133.76907986111112,140.91978587962964,51.719657446649,56.050838218535574,743.654562703618,2836.6211528806252
vid_000291_frame0000059.jpg,134.1633738425926,141.15315393518517,51.330440867793065,55.39823010887813,628.9727318549262,2597.7672894908683
vid_000291_frame0000060.jpg,135.0504513888889,140.98600694444445,51.882807766102985,56.289641698342066,770.0622751895522,3011.2432507694616
vid_000291_frame0000061.jpg,133.8274074074074,140.37196180555554,51.3945450677687,56.07501739748434,756.1313513358075,2935.7870988712266
vid_000291_frame0000062.jpg,132.95302083333334,140.18773726851853,50.29322368384686,54.93176852583045,747.9209241388768,2784.802857793076
vid_000291_frame0000063.jpg,134.4598611111111,141.65440972222223,49.598601267232276,54.15759475525773,744.706370305936,2743.451081479338
vid_000291_frame0000064.jpg,132.81717592592594,140.5617824074074,48.76660615917274,53.51032720998182,753.6414372009696,2762.397538580247
vid_000291_frame0000065.jpg,136.2120138888889,142.60333912037038,49.56820816570906,54.12099295926278,754.5017034881635,2746.8168474246345
vid_000291_frame0000066.jpg,139.84274305555556,144.18776620370372,50.63456829444224,54.491391592999676,701.633119527901,2469.4971865434977
vid_000291_frame0000067.jpg,144.6594502314815,146.38739583333333,52.74425316838174,56.21176524343575,749.605689520607,2790.481633376435
vid_000291_frame0000068.jpg,147.85829282407408,147.74116319444445,54.152490079476244,57.30706863709405,803.5499876660758,3039.7556406410413
vid_000291_frame0000069.jpg,138.0470486111111,143.43487268518518,52.86024066699505,56.6882647288652,722.2136195553627,2806.404419359213
vid_000291_frame0000070.jpg,134.3634548611111,140.0092013888889,52.89103251689102,57.16429727484661,792.3232282013232,3154.5754964787156
vid_000291_frame0000071.jpg,137.5230613425926,141.30796875,54.39625170593981,57.66763977517862,872.9025371720345,3441.7272571799112
vid_000291_frame0000072.jpg,141.9366087962963,143.77439814814815,56.018673805157384,58.90012178985708,793.3569233793282,3291.7450944378807
vid_000291_frame0000073.jpg,141.4552199074074,143.2851215277778,56.53064206630324,59.135813422105116,747.2639157838422,3129.1871563737454
vid_000291_frame0000074.jpg,140.66636574074073,142.73847800925927,56.86859932022251,59.638802393444195,806.4390463343408,3346.969573390849
vid_000291_frame0000075.jpg,139.77416666666667,142.23719328703703,57.18563304380193,60.116151518309636,871.8449648854114,3586.7632991238734
vid_000291_frame0000076.jpg,140.97630787037036,143.61736689814813,57.86790528290395,59.681538032759036,706.964223921863,2897.211356939622
vid_000291_frame0000077.jpg,137.98615162037038,141.22389467592592,57.93873180104241,60.14875390952448,884.5861432288652,3599.3021920210895
vid_000291_frame0000078.jpg,137.13784722222223,140.4872511574074,57.62299458625671,59.82378753522385,842.9223350393036,3472.0449528741947
vid_000291_frame0000079.jpg,135.41394675925926,140.2218287037037,56.751580904125795,59.58760255014764,817.9195500431014,3376.1202357830452
vid_000291_frame0000080.jpg,135.15230324074074,140.44858217592594,56.30110649955924,59.51201749712185,792.3247892135724,3389.3638421477144
vid_000291_frame0000081.jpg,134.78987847222223,139.5922048611111,56.26125780849166,59.66826885748213,863.9001754093792,3545.883242532579
vid_000291_frame0000082.jpg,136.32723958333332,140.2981712962963,56.62951726438865,59.572892005790855,811.9054035252366,3333.9417875
vid_000291_frame0000083.jpg,136.79217592592593,140.29925925925926,56.83275224846776,59.48696415639225,849.7688055539145,3440.1865993007327
vid_000291_frame0000084.jpg,134.79004050925926,139.37899305555555,55.746245485792564,59.12977301151654,839.8365570609554,3445.34778494513
vid_000291_frame0000085.jpg,128.0656886574074,136.96860532407408,53.09559694856403,57.97174233236612,834.1056544567888,3386.3675001671477
vid_000291_frame0000086.jpg,124.77219328703704,135.39567129629629,50.9439916556849,55.874644292208636,543.3158253946102,2565.8777354624476
vid_000291_frame0000087.jpg,132.0232986111111,138.00610532407407,56.88852475536158,54.959868805886025,495.9199516259632,2308.1187871428315
vid_000291_frame0000088.jpg,123.77543402777778,132.29100694444443,58.6135533678957,54.94502125993383,429.7683582890934,1872.831904745337
vid_000291_frame0000089.jpg,116.64056134259259,127.80070023148149,59.154686184625824,53.65778951528923,399.9070671269169,1488.657293955728
vid_000291_frame0000090.jpg,121.50570601851852,129.5992650462963,60.2247055966288,53.0276822855781,398.66115044367285,1515.463860405816
vid_000291_frame0000091.jpg,120.30388888888889,128.6734664351852,59.50929696015034,53.3802250642912,424.6665307033125,1776.0698221353834
vid_000291_frame0000092.jpg,119.07410300925926,127.6815625,58.87936584971334,53.231524445396225,422.60009783294225,1807.85586412037
vid_000291_frame0000093.jpg,115.84541666666667,124.40868634259259,58.40637860992915,53.77518871259524,494.00955178313086,1968.4945003830896
vid_000291_frame0000094.jpg,111.70506365740741,122.60761574074074,57.344050676338554,52.92733164496439,408.28545395876205,1753.3593462898327
vid_000291_frame0000095.jpg,107.98668981481481,120.48523148148148,56.99486754968062,53.06403246220664,475.8724154366199,1994.83451699912
vid_000291_frame0000096.jpg,103.6398900462963,118.01452546296296,56.8419571514914,52.428191496064045,417.69326849226246,1578.9124282877606
vid_000292_frame0000001.jpg,49.61808449074074,77.74861689814814,38.45202627393731,55.852894851109255,1413.1536288282523,1360.8989349274475
vid_000292_frame0000002.jpg,49.899375,77.576875,38.7026247384646,55.791968341671534,1426.5838809381094,1307.467440680727
vid_000292_frame0000003.jpg,50.1427025462963,77.13622685185184,38.941907417901234,55.587852620077896,1505.4979256835938,1411.6350759768304
vid_000292_frame0000004.jpg,50.365833333333335,77.74472222222222,39.158215361837854,56.339064632158596,1518.0621965647172,1526.1964081788783
vid_000292_frame0000005.jpg,50.08266203703704,77.47983796296296,38.90703836814395,55.96985608567814,1499.442392124807,1477.227007779814
vid_000292_frame0000006.jpg,48.99941550925926,76.70302083333333,37.82157956042301,54.4946092742084,1433.899040364282,1358.6720915107046
vid_000292_frame0000007.jpg,48.25219328703704,75.74788194444444,37.431945552582874,53.82193669273183,1543.7277358940637,1433.4873227654268
vid_000292_frame0000008.jpg,48.15648148148148,76.37548611111112,37.28333897866184,54.720309838226186,1532.5756184892819,1535.600177209791
vid_000292_frame0000009.jpg,48.66066550925926,76.92582754629629,37.45151676354952,55.343121746107876,1489.4729504821191,1440.4012703944495
vid_000292_frame0000010.jpg,47.1303125,75.22235532407407,36.491282224314425,54.19817040277286,1559.4802425796986,1437.6212015034241
vid_000292_frame0000011.jpg,45.0559375,70.60446180555556,42.50963502631102,58.170230826410226,1594.8982634066356,1787.8102191738467
vid_000292_frame0000012.jpg,44.36213541666667,70.12673032407407,42.78434507119955,58.51203449994803,1750.0988651845087,1936.4775134547272
vid_000292_frame0000013.jpg,43.96439814814815,69.76441550925927,42.423646212591244,57.875051625395265,1742.1471915443622,1938.6045128613882
vid_000293_frame0000001.jpg,54.24862268518518,76.20880208333334,40.599681474544674,51.37892631725647,1276.9828823965568,1121.0997671947005
vid_000293_frame0000002.jpg,54.28346643518518,76.11302083333334,40.617276898627175,51.16378377595537,1265.1306750530143,1113.0117929539808
vid_000293_frame0000003.jpg,49.511938657407406,73.19101851851852,37.24959369112158,48.74964985989766,1348.731340275065,1158.3960390432098
vid_000293_frame0000004.jpg,46.409427083333334,70.18343171296296,35.10103773092054,46.6901019259219,1466.0985066067335,1131.66571204906
vid_000293_frame0000005.jpg,48.432170138888885,70.86441550925926,36.51714977669595,47.01699594141601,1417.6459208460594,1078.6060992792995
vid_000293_frame0000006.jpg,51.438726851851854,76.73466435185185,40.56729029523185,57.88952073460887,1320.4624505367744,1130.2786342109
vid_000293_frame0000007.jpg,41.25036458333334,68.57710069444444,42.065274279556306,62.132490176843135,1878.2821469786509,1863.1663606695483
vid_000293_frame0000008.jpg,41.48350694444444,69.09757523148149,39.30411174675419,58.47188218019471,1774.393829378724,1778.9919224094638
vid_000293_frame0000009.jpg,34.803645833333334,60.458078703703706,35.26431887591157,51.08736368923364,1670.2092199254919,1442.7822077470944
vid_000293_frame0000010.jpg,32.302141203703705,58.192818287037035,34.15290417330278,49.97203271578086,1822.3326028537326,1493.5235863835505
vid_000294_frame0000001.jpg,53.31425925925926,75.86285300925925,38.9149507759646,49.79342493138402,1284.1425370656707,1103.7352630464197
vid_000294_frame0000002.jpg,53.43668402777778,75.46006944444444,38.97491813208177,49.603327345970186,1276.846079520185,1089.07426967539
vid_000294_frame0000003.jpg,54.381712962962965,76.56582175925926,39.68292370910686,50.36004334894003,1266.4074260408293,1082.671067477622
vid_000294_frame0000004.jpg,54.5034375,77.32585648148148,39.88167582847162,50.898013022027826,1289.6603873689544,1140.7929988340193
vid_000294_frame0000005.jpg,55.121371527777775,78.47289351851852,40.3421357098031,51.89097963570813,1273.065663903055,1217.5104040616427
vid_000294_frame0000006.jpg,54.46654513888889,77.95174189814814,39.983418481383666,51.357504149814346,1277.2291051584673,1216.3834296352222
vid_000294_frame0000007.jpg,56.47935185185185,79.70354166666667,41.19843032952762,52.356169216713994,1242.9791553228683,1182.1777617078994
vid_000294_frame0000008.jpg,57.44931712962963,80.8897337962963,41.892295082331906,53.20353166077545,1227.2322586591222,1249.9136336489075
vid_000294_frame0000009.jpg,57.283177083333335,80.84776041666667,41.789276012808116,53.09055266805957,1204.9739387719426,1172.6866049189814
vid_000294_frame0000010.jpg,55.80078703703704,79.9040162037037,41.01715979353911,52.50514778624371,1270.4941460642792,1262.9517744770233
vid_000294_frame0000011.jpg,56.57644097222222,80.15778356481482,41.475021089450436,52.82857896978722,1238.773091168305,1201.8650683084368
vid_000294_frame0000012.jpg,55.92652199074074,79.6849537037037,41.11791014886254,52.4682188240837,1252.9771133125628,1292.9003503608526
vid_000294_frame0000013.jpg,55.46326967592593,79.10967592592593,40.72559503184832,51.99704760481309,1241.0292689278976,1217.0800672533746
vid_000294_frame0000014.jpg,56.29433449074074,79.79475694444444,41.16029688499907,52.35714398008269,1240.3639379096135,1205.938825930447
vid_000294_frame0000015.jpg,60.243125,81.92582175925926,43.29184684972797,53.73514583632916,1211.076071139832,1085.8494027051386
vid_000294_frame0000016.jpg,52.56243634259259,78.66896412037038,44.692306098346606,61.004631956167955,1384.4180453981,1545.4302753970214
vid_000294_frame0000017.jpg,49.11741898148148,75.09494212962963,44.04561027550927,59.48631574954852,1464.7577976658952,1481.4758137183587
vid_000295_frame0000001.jpg,74.50185185185185,98.67918981481482,45.329965370155904,46.33005993423996,340.3547038756738,705.1238414303625
vid_000295_frame0000002.jpg,74.96663194444444,98.88069444444444,45.44656174603125,46.6527221475554,323.62213338035303,663.5984358386047
vid_000295_frame0000003.jpg,78.36405092592592,100.8996701388889,48.17003570279471,47.56737227326925,331.93911602925533,686.5221776104627
vid_000295_frame0000004.jpg,79.42025462962962,101.20532986111111,49.39551748509523,48.34146828638246,342.1122423425913,703.2547710357456
vid_000295_frame0000005.jpg,77.73857638888889,100.59977430555556,48.22659109092316,48.215859742786904,330.43778774430814,692.6839273364826
vid_000295_frame0000006.jpg,75.88663194444445,99.25137731481482,47.25692894030636,47.69641388415443,333.1610386257596,712.4553504286695
vid_000295_frame0000007.jpg,76.75494212962963,99.36475694444445,47.873089410395536,47.759889499077275,328.43867739997944,687.7494942128291
vid_000295_frame0000008.jpg,76.21161458333333,98.36897569444444,48.23656590046572,48.01673967118001,342.45673791952663,721.7291089393314
vid_000295_frame0000009.jpg,75.98429398148149,98.92668402777778,48.35153472981379,48.532948916743706,316.8670254964193,680.0877050579977
vid_000295_frame0000010.jpg,78.29752314814814,100.13190972222222,50.1165666533978,48.90895791815645,353.40077659622426,744.350496707283
vid_000295_frame0000011.jpg,82.6506712962963,102.87167245370371,53.31939233605722,50.29666304329604,360.92722040560164,742.8095375497993
vid_000295_frame0000012.jpg,85.42816550925926,104.82590277777778,55.15480719277882,51.26201261989622,381.9624622499986,807.6307983967764
vid_000295_frame0000013.jpg,85.46302083333333,104.7689988425926,54.74191254443632,51.031843959982645,365.15954253870746,765.2278758720408
vid_000295_frame0000014.jpg,82.78428819444444,103.84835069444445,52.87220487437662,50.79678518951742,358.91688512567384,783.3507991307388
vid_000295_frame0000015.jpg,78.47200231481482,100.63351851851851,49.58329111501465,48.704296445484744,336.09837847674333,780.2098878981266
vid_000295_frame0000016.jpg,75.60378472222222,98.10554976851851,47.48545749148762,47.91200302653693,338.47084281751006,732.3087989453394
vid_000295_frame0000017.jpg,76.71194444444444,99.6186863425926,48.316605447401585,48.733210419706,343.8659950689286,729.6145874967514
vid_000295_frame0000018.jpg,78.86846064814814,100.85467013888889,50.73264710342973,49.42680553025771,366.4231099199126,754.2662568072702
vid_000295_frame0000019.jpg,81.35017939814814,101.89617476851852,52.79954017485521,49.76221166612916,348.7292010640379,673.1628673680434
vid_000295_frame0000020.jpg,80.72026041666666,100.88191550925926,52.642483496527625,49.35246142204214,374.8879898982713,743.4854249171797
vid_000295_frame0000021.jpg,79.9637962962963,100.36722222222222,52.2663331456832,49.39374301698946,366.22635010917674,732.7890567117573
vid_000295_frame0000022.jpg,83.76548032407408,103.01736689814815,55.37232578036757,49.848689040789154,389.75027846897376,752.3206363549168
vid_000295_frame0000023.jpg,90.0833912037037,106.72361689814815,59.975206506057,52.133351161739384,395.8912638162495,751.616211800733
vid_000295_frame0000024.jpg,91.56668981481481,107.74052662037037,61.29477131019089,53.333436794174695,408.3438708504802,802.9175780044368
vid_000295_frame0000025.jpg,88.24920717592593,105.23360532407408,59.28399816651658,51.76281147631177,390.18687869643645,784.4899754034516
vid_000296_frame0000003.jpg,42.75252314814815,67.55439236111111,25.565262675567414,33.262476492242406,347.479668790958,667.4475201675227
vid_000296_frame0000004.jpg,43.22695601851852,69.16363425925925,26.239970222200224,33.99798086645534,351.52001550912536,681.0467616478855
vid_000296_frame0000005.jpg,43.13784143518519,67.8199537037037,26.117346228977816,33.53544424681429,343.44268562319826,646.1567525815276
vid_000296_frame0000006.jpg,42.00101273148148,67.14510416666667,25.16289509344333,33.318089887661586,356.7628881928034,692.430478197338
vid_000296_frame0000007.jpg,41.14780092592593,66.01403356481481,23.895548550607568,31.666835248875582,351.5454607626834,641.5686681567952
vid_000296_frame0000008.jpg,40.47821759259259,65.29877893518518,23.25525901431811,31.90880862635653,366.2567087571802,684.3175372299047
vid_000296_frame0000009.jpg,41.52626157407408,66.30178819444444,24.24966313542477,32.432416825673236,349.8373152669271,647.2457335839711
vid_000296_frame0000010.jpg,43.70205439814815,68.16633101851852,26.846716735629926,34.126008779169915,363.7208510520819,686.9731189295053
vid_000296_frame0000011.jpg,44.76482060185185,69.57553240740741,27.911814622338653,35.2577148891882,353.4620341301226,696.3683239690502
vid_000296_frame0000012.jpg,42.88263310185185,67.66275462962963,25.99785388689193,33.74839919804396,357.8808060136625,685.9770590853467
vid_000296_frame0000013.jpg,40.81262152777778,65.55011574074074,23.16046827956028,31.317745827091514,347.46428481703185,669.4518260834284
vid_000296_frame0000014.jpg,39.84003472222222,65.67233796296296,22.24324104578774,30.97301522796428,361.74563178355953,695.7506026222512
vid_000296_frame0000015.jpg,40.06517361111111,64.76215856481481,22.30046581460941,31.206957390196834,355.3949250723045,706.1291043954354
vid_000296_frame0000016.jpg,41.504247685185184,66.3981886574074,24.26512878623821,32.70295699206103,360.97412131866747,729.6113146185645
vid_000296_frame0000017.jpg,42.06170138888889,66.52853009259259,24.923500565502614,32.79182491020017,355.6411525446553,678.4104189208985
vid_000296_frame0000018.jpg,41.537581018518516,66.7649826388889,24.240215182862787,32.5621990913398,364.68254031582217,740.9264233096694
vid_000296_frame0000019.jpg,41.66993634259259,66.86663194444445,24.403655025096356,32.94914013516806,349.91699413255395,668.2308902785479
vid_000296_frame0000020.jpg,41.57681712962963,66.40842592592593,24.603479307528904,32.63526099209704,367.4188866461106,720.7412852103695
vid_000296_frame0000021.jpg,42.49758680555556,66.8031712962963,25.840231493176237,33.19415993562375,358.1892662877966,698.4374236752775
vid_000296_frame0000022.jpg,43.246996527777775,67.865,27.014767153089366,34.128150946645746,358.5184881001037,703.0063091842087
vid_000296_frame0000023.jpg,43.58032407407408,68.08206018518518,27.211171697902934,34.62553502616573,345.2689486559874,698.138232435137
vid_000296_frame0000024.jpg,43.152060185185185,67.73308449074074,27.034974611364415,34.40322629479024,356.3274307548533,726.9888365912208
vid_000296_frame0000025.jpg,43.49027777777778,67.83625578703703,27.113781139867182,34.65181154220938,353.00995112763496,710.3236895040295
vid_000296_frame0000026.jpg,43.92804976851852,68.36411458333333,27.52253037945937,34.785784206177134,359.9033320387517,737.0776612652983
vid_000296_frame0000027.jpg,44.75831018518519,69.16369791666666,28.430681220198114,35.66710884307222,358.306999985231,730.6813662530008
vid_000296_frame0000028.jpg,44.87537615740741,69.03721064814815,29.03168360473838,35.64921226724473,364.5048736089677,757.55884115223
vid_000296_frame0000029.jpg,45.02659722222222,69.68513310185185,29.05605392064831,35.84635982595214,343.8614650269727,705.6389295063536
vid_000296_frame0000030.jpg,44.50455439814815,69.1639525462963,28.813649793850185,35.08603546439608,364.52413170569565,695.3591808979553
vid_000296_frame0000031.jpg,45.65085648148148,69.83658564814814,29.60260888790282,35.93061371265633,342.36850546754437,688.097142845742
vid_000296_frame0000032.jpg,47.28429398148148,71.41837962962963,31.591762267018233,37.24874709133718,342.5501530092258,729.6258704571425
vid_000296_frame0000033.jpg,48.38193865740741,72.2021238425926,32.52860096843745,37.63951681163517,328.708688358377,712.115829421725
vid_000296_frame0000034.jpg,46.265341435185185,70.36197337962963,30.689035549370914,36.70485999514479,336.8946623519751,674.4108266540946
vid_000296_frame0000035.jpg,44.00965856481481,68.62041087962963,27.66375977029862,35.33839231101882,338.96072939761234,675.392550617284
vid_000297_frame0000001.jpg,115.14698495370371,129.18844328703705,48.186676671231744,45.36738296446289,492.71618395272714,1014.8210065023457
vid_000297_frame0000002.jpg,115.36629050925926,129.5163773148148,48.16796318433697,45.12387089821877,439.4068736877358,822.3823554687166
vid_000297_frame0000003.jpg,115.27413773148149,129.4864814814815,48.07148544706635,44.743453795247355,402.5677472074532,738.3903582751616
vid_000297_frame0000004.jpg,117.54085069444444,131.4356712962963,44.645481970602916,42.2932385396263,306.16397565104165,594.5841118143634
vid_000297_frame0000005.jpg,119.25497106481481,133.2697048611111,44.43927916359784,41.65887923094707,278.98302879020787,572.0248639819905
vid_000297_frame0000006.jpg,124.18934027777777,136.07994791666667,43.91289681563598,40.83858558337924,202.16560019608278,567.7152916793929
vid_000297_frame0000007.jpg,124.44674189814815,136.47421875,44.05235165939198,40.882647032484385,200.93330651600945,547.6279866249786
vid_000297_frame0000008.jpg,124.2518576388889,136.14188657407408,44.27694329756775,41.182572361962116,233.52246583022543,652.2491799044803
vid_000297_frame0000009.jpg,126.07038194444445,137.89380208333333,43.983243469577346,39.99941378057349,110.17311938965514,371.66296118344906
vid_000297_frame0000010.jpg,126.74864583333333,137.29454282407409,44.04553585200556,40.41482839847882,175.2372562424648,627.6003744951078
vid_000297_frame0000011.jpg,127.20249421296296,137.70193287037037,43.82852579287889,40.05453341042653,154.5993874635296,522.3662098443596
vid_000297_frame0000012.jpg,126.8392361111111,137.56380208333334,43.95421465559984,40.6744502869555,187.67753234257114,665.0310646412037
vid_000297_frame0000013.jpg,126.90722800925926,137.5379861111111,43.88980728901635,40.19584957752562,157.88131841510202,523.1921449587138
vid_000297_frame0000014.jpg,126.70806134259259,137.55585648148147,43.93284921980716,40.56797585258228,194.16985002880122,672.3338619565276
vid_000297_frame0000015.jpg,127.83670717592592,138.23296296296297,43.87649579111018,39.98955736395809,163.7422913625458,494.237581579506
vid_000297_frame0000016.jpg,126.7830150462963,137.79344907407406,44.73857157691592,40.4952273268349,227.04726959953567,475.6174270242573
vid_000297_frame0000017.jpg,124.7275462962963,136.80216435185184,45.66865877140841,41.37613073246042,260.9929090100617,431.69774415907796
vid_000297_frame0000018.jpg,125.21152777777777,136.58803819444444,48.880442663510216,44.56246088999816,344.50209191623276,584.345209816228
vid_000297_frame0000019.jpg,146.0339525462963,154.66590856481483,48.97966472644888,42.73248717848321,227.288685568275,301.27320809702934
vid_000297_frame0000020.jpg,172.90259837962964,172.0551851851852,44.653770269339425,39.91277249576932,208.90937026534638,324.90627339878574
vid_000298_frame0000001.jpg,56.94473958333333,76.95690972222222,39.22894895188607,48.351517960259464,1291.1518558299038,1005.6194089385274
vid_000298_frame0000002.jpg,57.08203125,76.58695601851852,39.299205430827655,48.09276213391534,1282.533258451452,991.961587726659
vid_000298_frame0000003.jpg,56.592899305555555,76.13048032407407,39.050305629009195,47.888295529571955,1318.795743489282,1005.8508226272812
vid_000298_frame0000004.jpg,55.92534722222222,75.89204282407407,38.6596811053386,47.757724012844825,1316.3852488420566,999.6840044462394
vid_000298_frame0000005.jpg,57.29264467592593,76.68467592592593,39.470562038796295,48.26055683673026,1315.7269889145755,988.9175565843287
vid_000298_frame0000006.jpg,58.19869212962963,78.05631944444444,39.957785457402984,49.154041334452515,1269.5330809646334,1006.2204296467763
vid_000298_frame0000007.jpg,58.408177083333335,78.26253472222223,40.108839557903,49.366644033316874,1298.7950828016494,1012.4381994372374
vid_000298_frame0000008.jpg,58.405538194444446,78.16554398148148,40.11095708024451,49.370726869057584,1295.6559859555846,1009.381801215278
vid_000298_frame0000009.jpg,58.292314814814816,78.02506944444444,40.0645139895108,49.32712337740385,1277.466659776844,1012.2711352129146
vid_000298_frame0000010.jpg,58.28201388888889,78.38592013888889,39.99988229866701,49.352836278660334,1266.921530666474,999.1357022874537
vid_000298_frame0000011.jpg,58.972997685185184,79.26125578703704,40.438863607382395,50.12009989253626,1289.0532664266118,1013.7818807568962
vid_000298_frame0000012.jpg,59.93265625,80.00335648148148,40.980528582745094,50.49462086617957,1258.0088411522297,1017.7159208957247
vid_000298_frame0000013.jpg,61.78813657407407,81.97196180555555,42.092503241866396,51.717032079835064,1251.6354025928806,1027.2953305457766
vid_000298_frame0000014.jpg,63.19252314814815,83.59887152777777,42.92473475537046,52.86194648760138,1216.1177063173814,1034.9072217399691
vid_000298_frame0000015.jpg,64.9401736111111,84.34576967592592,43.968633963941215,53.27848370996552,1187.4518413963037,1009.9317805200563
vid_000298_frame0000016.jpg,66.38696180555556,85.76122106481482,44.77266031023269,54.290624123525824,1137.6067400146485,1024.0577841981403
vid_000298_frame0000017.jpg,67.74921875,87.59663194444444,45.60596009331639,55.37346449044633,1128.8727526829011,1031.7024394731854
vid_000298_frame0000018.jpg,68.96303819444445,87.95149305555556,46.345640409668924,55.605996723495366,1102.5687063066648,1026.0973206444173
vid_000298_frame0000019.jpg,64.78998842592593,83.28651041666667,43.944993149578856,52.344683071052394,1173.8987632694614,960.0510894413367
vid_000298_frame0000020.jpg,58.64417824074074,78.14352430555556,41.270042545519274,50.21775530853026,1345.0424833742911,1002.9324544490527
vid_000298_frame0000021.jpg,59.61556134259259,79.23585069444445,41.864721399896034,50.95757159107162,1362.073182942407,1024.7399102364916
vid_000298_frame0000022.jpg,60.607505787037034,80.21813657407408,42.25138152909162,51.63441161407136,1335.0827746958792,1023.1359065031495
vid_000298_frame0000023.jpg,59.814293981481484,79.22034143518519,41.81665398273424,50.93297971875953,1370.7242922019675,1018.3592623905553
vid_000299_frame0000001.jpg,47.732326388888886,67.72049768518518,38.472313354143346,52.22973748730746,1466.3637219859181,1353.0090557579679
vid_000299_frame0000002.jpg,47.96357638888889,67.9058275462963,38.59403624873539,52.078630706124464,1461.841502312102,1331.579868319154
vid_000299_frame0000003.jpg,47.9705150462963,68.49315393518519,38.86745719772693,52.79626733335511,1675.9126817289043,1659.2755416473767
vid_000299_frame0000004.jpg,48.43641782407408,68.41227430555556,39.226653635698426,52.85505228346406,1504.8281486397448,1301.575806292867
vid_000299_frame0000005.jpg,49.16714699074074,70.13454282407407,39.889466150854325,54.50646702912425,1568.5276528720851,1615.1067481512293
vid_000299_frame0000006.jpg,49.20388310185185,70.15515625,39.85661061467769,54.42656851727715,1533.7476969027296,1547.7441181275922
vid_000299_frame0000007.jpg,49.05852430555556,70.16482060185186,39.86037081753273,54.517926606188205,1571.4992704930432,1595.1767279501832
vid_000299_frame0000008.jpg,48.98373263888889,70.04857060185185,39.8199570224669,54.51149902830872,1602.9114961675614,1636.9994143622673
vid_000299_frame0000009.jpg,49.05433449074074,70.12252893518519,39.68660627846635,54.45601524729611,1495.3596474582253,1597.6200244308072
vid_000299_frame0000010.jpg,48.95148148148148,69.88782986111111,39.79236424786597,54.32805725949919,1588.8791763031552,1623.9307577094858
vid_000299_frame0000011.jpg,49.09388888888889,70.35409722222222,39.804997385014204,54.51387934355012,1563.2989229962047,1615.0874347945603
vid_000299_frame0000012.jpg,48.97505208333333,69.77508101851852,39.742307187815776,54.24450349239962,1628.2619394329977,1655.6594959072452
vid_000299_frame0000013.jpg,50.90925925925926,69.57618634259259,41.4566188356532,55.574537712314786,1450.2801711504144,1444.545687188009
vid_000300_frame0000001.jpg,69.59835069444445,85.2128587962963,53.10436181527435,57.9322873932518,1171.7498358450348,1009.100017031538
vid_000300_frame0000002.jpg,69.83927662037037,85.33151041666666,53.266600244055894,57.955452461840075,1168.1626499807096,999.8249823494032
vid_000300_frame0000003.jpg,70.25534722222223,86.11260416666667,54.133944873904376,59.09488794261139,1216.2445215639134,1028.7889649872202
vid_000300_frame0000004.jpg,68.6526099537037,83.72898148148148,53.66819504395602,58.08750322095193,1254.6056167606725,1076.5033581894277
vid_000300_frame0000005.jpg,66.8739988425926,82.35532407407408,52.767358999590506,57.52833274897212,1276.0532465636454,1049.6870672741716
vid_000300_frame0000006.jpg,63.83895833333333,80.66523726851852,50.93314236828043,56.56947977091976,1321.024845944218,1043.3220586773073
vid_000300_frame0000007.jpg,59.85124421296296,77.75914351851851,48.20837746279636,54.760780455708364,1393.819776329813,1054.7102579169546
vid_000300_frame0000008.jpg,59.17207754629629,76.87840856481482,48.030832489580426,54.5940164610277,1376.4878480575917,1033.883215470143
vid_000300_frame0000009.jpg,60.08639467592592,77.14890625,48.38903717849554,54.365788145475385,1330.8560844256033,999.2625677428614
vid_000300_frame0000010.jpg,61.504074074074076,79.40078125,48.57372755785666,55.46648068621014,1321.0405773425448,983.580688737649
vid_000300_frame0000011.jpg,60.57686921296296,78.92407986111111,47.10428399085125,53.72053353607938,1305.1805932451077,988.0505012719426
vid_000300_frame0000012.jpg,57.74592013888889,76.07469328703704,45.29562997734493,52.07711968122374,1359.3890716820988,1005.0873572509432
vid_000300_frame0000013.jpg,54.28155671296296,73.24056712962962,43.71681257264566,51.190388300031415,1481.5743184220346,1008.7815263008777
vid_000300_frame0000014.jpg,52.199554398148145,71.42317708333333,42.89517151597336,50.80966378443793,1529.8146378801428,1018.6139106931249
vid_000300_frame0000015.jpg,49.44366898148148,69.56708912037037,40.733699142084234,49.53485645158929,1521.7934340372888,1021.4628564224054
vid_000300_frame0000016.jpg,46.67980324074074,67.35664930555555,38.67256461792976,47.74455921227778,1568.2713369501978,1006.6999288494512
vid_000300_frame0000017.jpg,45.238171296296294,66.5613425925926,37.42853420295495,47.359466803191836,1591.365574141556,1008.8484495027436
vid_000300_frame0000018.jpg,46.56388888888889,67.85094907407408,38.50526904981661,48.2800237045724,1561.5962495281624,1012.0277260051964
vid_000300_frame0000019.jpg,48.91133680555556,69.62289351851852,40.40357882245118,50.07535480410678,1506.2567525760019,1030.008075195011
vid_000300_frame0000020.jpg,48.71056712962963,69.06487268518518,40.48530099516496,50.51845319577764,1509.1392727280518,1031.3936612427929
vid_000300_frame0000021.jpg,47.27228587962963,68.18789351851852,39.47529859950555,49.625732891385894,1569.9629325801818,1012.9954668101368
vid_000300_frame0000022.jpg,47.01737847222222,68.86762152777777,39.343693522335236,50.006283913136386,1547.4564483119802,1007.654201360724
vid_000300_frame0000023.jpg,46.44277199074074,67.29505208333333,38.73860690280138,48.62329734769707,1609.2934179096737,1002.3743702441475
vid_000300_frame0000024.jpg,44.783107638888886,66.52711226851852,37.123756377349565,47.83423108060842,1596.442449131811,974.7894467399692
vid_000300_frame0000025.jpg,43.00575810185185,64.73311342592592,35.92938074712728,46.70156134158434,1650.7110021519206,998.7451539831092
vid_000300_frame0000026.jpg,42.02336805555556,63.4203587962963,35.236771851406225,45.63574492817054,1656.0809412550102,986.380627159958
vid_000300_frame0000027.jpg,40.021006944444444,61.41556712962963,33.334005700232005,43.10211752851886,1673.8137577898608,987.0349373263888
vid_000300_frame0000028.jpg,36.82881365740741,58.50716435185185,30.487856866315227,39.953215053566176,1698.689438798031,958.0983362845883
vid_000300_frame0000029.jpg,31.38045138888889,53.33041087962963,27.81824486701908,36.89367137078441,1767.139454320452,926.0844557591735
vid_000300_frame0000030.jpg,34.59854166666667,56.893998842592595,29.69493367287132,39.241967756861456,1704.0473795931593,941.5622974882316
vid_000300_frame0000031.jpg,40.534733796296294,62.18590856481482,33.15472875675151,42.246670965668464,1638.0549386525847,952.9775638758947
vid_000300_frame0000032.jpg,43.11661458333333,64.6043287037037,34.68131760884022,43.711214498444114,1590.7430707163867,961.7759681348259
vid_000301_frame0000001.jpg,66.53758101851852,84.29646990740741,46.83178699187372,54.19027123753585,1269.399512411989,1069.617664859691
vid_000301_frame0000002.jpg,66.91851851851852,84.5134375,47.026780979423776,54.37801187902216,1264.5228425596051,1061.547277465787
vid_000301_frame0000003.jpg,68.27669560185186,85.5380150462963,47.57459854599337,54.91046364600483,1199.3174894525891,1022.2637753541546
vid_000301_frame0000004.jpg,65.0580613425926,83.62841435185184,45.62798623348492,53.87326458521939,1217.1171890426742,1028.6574254495672
vid_000301_frame0000005.jpg,62.47944444444445,81.60495949074074,43.93680140023794,52.597716840549616,1233.375116942321,1022.4968475517284
vid_000301_frame0000006.jpg,61.75415509259259,80.84609375,43.225928059184554,51.7342249766151,1096.3760150120029,947.8418532447259
vid_000301_frame0000007.jpg,61.38727430555556,80.4992650462963,43.158251017398456,51.95146271883506,1288.4877693576054,1044.4114636485326
vid_000301_frame0000008.jpg,58.71907986111111,78.69569444444444,41.44682254313185,50.63110184973014,1270.472606866748,999.7004426986548
vid_000301_frame0000009.jpg,55.88238425925926,75.65379629629629,39.79942329705634,48.64880051084189,1317.7532760239505,1007.5870788523649
vid_000301_frame0000010.jpg,54.25688657407407,73.86485532407407,38.75705915427614,47.45680059021216,1336.5399647995102,1003.7036307547529
vid_000301_frame0000011.jpg,48.06749421296296,69.30895833333334,35.6413315242045,45.145024753853455,1432.5926236976154,990.0574144828303
vid_000302_frame0000001.jpg,73.40867476851852,90.62326967592593,49.00701189888699,56.66260372651859,1055.2295418514968,959.9765518226152
vid_000302_frame0000004.jpg,69.89457175925926,86.72594328703704,46.92014833812058,54.14945733544922,1075.7423461009503,942.2629108024693
vid_000302_frame0000006.jpg,64.32460648148148,83.10649305555556,43.65476726207866,52.133495528195475,1186.9445496953433,951.0861994933329
vid_000302_frame0000009.jpg,78.74653935185185,94.47598379629629,52.24841808978551,59.109745229465595,1000.0550032254358,945.8714322208024
vid_000302_frame0000010.jpg,80.29947337962963,95.74076967592593,53.2343477882926,60.03140366338679,973.4319707170567,949.7271700183258
vid_000302_frame0000011.jpg,71.8698611111111,88.1213599537037,48.075452333912985,55.408275365125405,1028.9677999994642,933.7158339729884
vid_000302_frame0000012.jpg,65.4861574074074,83.04700810185186,44.27381636280156,52.09957031090518,1139.0053875171466,961.4540855757768
vid_000302_frame0000013.jpg,66.91865740740741,84.20023726851852,45.08162444443741,52.77919065672464,1120.80929114369,971.8769710888942
vid_000302_frame0000014.jpg,71.62843171296296,88.84795138888889,47.88479892677914,55.58897757214244,1075.169369680447,946.8053129801099
vid_000302_frame0000015.jpg,75.36409722222223,91.98148148148148,50.15561423441337,57.53420343127973,1031.8123638596524,963.6863510847681
vid_000302_frame0000016.jpg,75.5196238425926,91.09392939814815,50.28633967090262,57.09344782816197,1004.5313884066359,956.6266698333279
vid_000302_frame0000017.jpg,72.95694444444445,89.72196180555555,48.73466423472093,56.42465973324456,1019.7548735788272,966.2563376145351
vid_000303_frame0000003.jpg,68.8475636574074,87.35563657407407,46.01139311872954,54.60445767600062,1103.313003702498,959.9103314605503
vid_000303_frame0000004.jpg,70.35278356481481,88.06759837962963,46.92664765558671,55.01830931478374,1078.8886818206327,975.3245351722916
vid_000303_frame0000005.jpg,71.88356481481482,89.50752893518519,47.8660177559259,55.99394396222474,1061.9928346674328,959.5142464472683
vid_000303_frame0000006.jpg,71.53017361111111,88.8678298611111,47.66882842045857,55.67372389387828,1044.214654091616,967.8077785874272
vid_000303_frame0000007.jpg,69.66724537037037,87.17365162037036,46.52253278534894,54.56402872343106,1069.4936462255323,980.4218185626916
vid_000303_frame0000008.jpg,69.02635416666666,86.43441550925925,46.09984584507177,53.99061018386833,1100.0061561205619,991.044721831597
vid_000304_frame0000020.jpg,153.4764525462963,158.63715277777777,68.73268099134621,60.45652226971777,489.27763376615553,997.515744289822
vid_000304_frame0000021.jpg,155.6317013888889,160.73897569444443,68.54268239452522,60.10554603167343,470.83371291925874,978.2429745177469
vid_000304_frame0000022.jpg,156.14327546296298,160.5985011574074,68.45143472993212,60.11508173621341,478.16396269286776,1012.0063755399894
vid_000304_frame0000023.jpg,154.92481481481482,159.43838541666668,68.24963391885922,59.47817341988019,445.510582889627,893.2676453605915
vid_000304_frame0000024.jpg,152.19582175925925,156.83358796296295,67.88324611354906,58.78868518778085,467.8150998794368,952.2252162314333
vid_000304_frame0000025.jpg,152.9996064814815,157.41809027777776,67.85559651946043,58.87400715968081,459.611136554784,923.136355247684
vid_000304_frame0000026.jpg,161.34494791666665,164.6935648148148,68.07109223260886,58.96198102399187,481.55490020947866,906.9098134536555
vid_000304_frame0000027.jpg,162.04496527777778,165.31712962962962,67.9698064357998,59.02915677946203,476.36913023834023,890.0645092262718
vid_000305_frame0000001.jpg,64.95027777777777,89.0819212962963,47.14893824083055,58.17606689016215,1083.0516897557388,1049.3137106151607
vid_000305_frame0000002.jpg,65.10246527777778,89.32346064814814,47.095524463349605,58.18754582339627,1085.2010364389091,1038.5021257086105
vid_000305_frame0000004.jpg,65.2060474537037,89.93752314814814,45.93586717181306,57.49458929353154,972.0941825788752,1002.5445207931118
vid_000305_frame0000005.jpg,65.34015625,90.08304976851852,46.12371942891279,57.66392410550298,1005.6890006510416,1017.3756889909323
vid_000305_frame0000006.jpg,66.1238599537037,91.01850694444444,46.609725803730115,58.37313358577418,954.734436425346,1035.2674997513382
vid_000305_frame0000007.jpg,66.44905092592593,90.56987268518519,46.81209862634832,58.020301381822335,984.8225282407407,1040.7414598765097
vid_000305_frame0000008.jpg,64.26394097222222,89.04608796296296,45.63912800768733,57.334576504380905,1052.3909390902295,1084.8317788574886
vid_000305_frame0000009.jpg,61.42308449074074,86.1294386574074,45.33866592640235,57.17040084608894,1018.5374855945646,1027.22186923654
vid_000305_frame0000010.jpg,58.26999421296296,83.71331018518518,44.24520313113849,58.07394060565031,1209.1621710128388,1315.5361533845796
vid_000306_frame0000003.jpg,123.63438657407407,123.56975115740741,65.35370817122919,59.08023828720003,806.8050705213424,3723.0880315366394
vid_000306_frame0000004.jpg,121.00664351851852,121.54111689814815,64.01010094503282,57.87862318994509,840.9533155293195,3881.342266458762
vid_000306_frame0000005.jpg,119.31693287037037,121.09255208333333,62.9831381229527,57.062529502574996,745.5062183556241,3499.2475667170015
vid_000306_frame0000006.jpg,116.67282407407407,120.63627893518519,61.780673461211975,56.46186175768929,709.1481046754102,3423.205173834019
vid_000306_frame0000007.jpg,114.2290625,117.96293402777778,60.600203178524914,55.67607931442969,707.2366737311386,3465.944949201838
vid_000306_frame0000008.jpg,110.7417650462963,115.98479166666667,58.915778212186716,54.56970822483509,775.3382807270233,3554.3497969970367
vid_000306_frame0000009.jpg,107.79438657407407,115.44163194444444,57.15984119415748,53.34891294254806,564.5596502377775,2817.447633042776
vid_000306_frame0000010.jpg,105.43416666666667,113.77825231481482,56.35737113912396,53.77781736426382,712.3998012916011,3357.796906075184
vid_000307_frame0000001.jpg,129.7529224537037,133.87023148148148,62.914925565688435,66.60271733516507,941.8979003303098,3267.9966036388673
vid_000307_frame0000015.jpg,128.8302314814815,133.31271412037037,62.48393514234153,66.62674329189801,864.1010114580321,3081.1434868343567
vid_000307_frame0000020.jpg,130.16023726851853,134.32071180555556,63.234738780207756,67.2892440857543,916.8797241426611,3236.1584210623705
vid_000308_frame0000007.jpg,34.44293402777778,61.22006365740741,31.912490232300367,45.796430006986746,1900.1199606802645,1450.2352847136488
vid_000308_frame0000010.jpg,35.067575231481484,63.03041666666667,32.07915322011433,47.06982796288955,1972.962196130689,1606.7514331955897
vid_000308_frame0000014.jpg,33.12744212962963,63.07075810185185,29.58056945905731,48.410863574625715,1842.325460561041,1384.342002330756
vid_000308_frame0000019.jpg,31.008628472222224,60.0126099537037,28.280845596141578,46.183674635033356,1742.735762497857,1314.11496781108
vid_000308_frame0000021.jpg,41.02634259259259,69.86319444444445,35.27706621836945,51.981356273001474,1688.6862189693913,1730.0528173463422
vid_000309_frame0000002.jpg,37.76688657407407,63.74394097222222,34.35119324819878,52.33985999399464,1969.3584586199725,1872.609897115993
vid_000309_frame0000004.jpg,39.200185185185184,64.2144675925926,36.798066260623834,54.16448306661802,1958.854876414475,1858.8947211504149
vid_000309_frame0000006.jpg,40.424490740740744,65.88827546296297,34.945091416284875,53.799186100118945,1966.636444929879,1849.2881846544053
vid_000309_frame0000008.jpg,43.018055555555556,69.79658564814815,35.75868109332265,57.150656365998316,1918.2478188158743,2068.7997152640805
vid_000309_frame0000009.jpg,44.30904513888889,70.69721643518518,36.22379265478111,56.72090057197798,1849.132502578413,1889.8300952128006
vid_000309_frame0000012.jpg,39.79901041666667,64.73960648148149,34.86054313648491,54.264995011899146,2032.9813306583023,2027.7708664050442
vid_000309_frame0000017.jpg,37.851273148148145,63.22529513888889,32.49274489176493,50.73246082362616,1881.9582932578007,1734.3038996163073
vid_000309_frame0000019.jpg,36.502858796296294,61.84241898148148,33.79870273608291,51.818984988705054,1843.2139273854111,1722.0335626390158
vid_000309_frame0000021.jpg,35.01796875,62.46371527777778,37.039878660057745,55.166495493964455,1990.5899933312103,1619.583683909592
vid_000309_frame0000030.jpg,39.623136574074074,62.44979166666667,40.00275582954504,52.048640912034685,2020.305253857489,1507.317884714687
vid_000309_frame0000031.jpg,56.2059375,76.46592013888889,51.57644000723749,62.57394936783991,1730.5823314423656,1722.0484204598552
vid_000309_frame0000032.jpg,51.489756944444444,72.18404513888889,49.375796751060484,62.6787050628766,1888.8809237074279,1972.9760067815498
vid_000309_frame0000034.jpg,40.16684027777778,63.59678240740741,41.4684761458478,59.13225228655198,1915.8269442406925,1880.328308710261
vid_000309_frame0000035.jpg,50.539467592592594,73.59737847222222,47.10616830917261,64.7494786467485,1747.4193077736181,1729.4601206913367
vid_000309_frame0000036.jpg,36.39371527777778,61.17324652777778,35.84087485036189,53.08050743168746,2060.9504625648024,1451.0575763867455
vid_000309_frame0000037.jpg,52.45738425925926,77.14743055555556,48.064750776759205,66.83088836182928,1579.212684235113,1625.7484290699147
vid_000309_frame0000038.jpg,54.263501157407404,77.01076388888889,49.608119330233,68.20166175795208,1802.4189507713033,2183.8771694615916
vid_000309_frame0000041.jpg,56.261174768518515,78.99151620370371,50.77862458578041,69.72092631996573,1770.9445455970294,2226.7761023871526
vid_000309_frame0000045.jpg,52.88928819444445,77.05565393518519,48.403213191835306,68.96510036350818,1703.0164975017951,2324.09957409966
vid_000309_frame0000049.jpg,51.701510416666665,76.58043402777778,48.02037974031262,67.83815494600576,1773.7343331210081,1984.142989634238
vid_000309_frame0000050.jpg,51.796875,76.14968171296296,47.0847322993063,66.20377499353089,1662.2618012683251,1504.0384228729624
vid_000309_frame0000051.jpg,32.246875,55.82111111111111,34.14771445164979,51.0170236535721,2118.961767206756,1394.033168268517
vid_000309_frame0000054.jpg,22.21894675925926,42.872638888888886,27.10839826992835,37.92064394865559,2244.638602514649,1234.622450689622
vid_000309_frame0000055.jpg,24.153038194444445,44.81022569444445,29.215740254468937,39.67820062611098,2183.963099189279,1202.8642205367144
vid_000309_frame0000056.jpg,29.126452546296296,50.66976851851852,34.87301217995852,46.406468039189775,2040.6447309024763,1310.437401499807
vid_000309_frame0000061.jpg,30.920497685185186,57.992222222222225,34.751287429288865,54.78373546033215,2401.9176418410484,1549.574171287723
vid_000309_frame0000062.jpg,32.22032986111111,58.78671875,36.003459869523326,55.022398559898534,2218.524629187531,1510.9622884709026
vid_000310_frame0000018.jpg,40.87223958333333,63.57677662037037,37.390070233211,55.354347446939435,1982.788046151319,2277.364493525451
vid_000311_frame0000001.jpg,32.28757523148148,53.67526620370371,27.39163355261389,36.546294041212,1891.2954562298726,1149.3483730065532
vid_000311_frame0000002.jpg,32.41326388888889,53.83442708333333,27.49288923209983,36.52911476693026,1931.5999671296295,1160.4929135051964
vid_000311_frame0000003.jpg,32.45365162037037,53.8800462962963,27.73215400427083,37.8314224615044,1936.2201134868774,1154.294280542662
vid_000311_frame0000004.jpg,32.99526041666667,54.318194444444444,28.22665037147974,38.7282058183262,1947.7443540057816,1158.8688242368346
vid_000311_frame0000005.jpg,34.44077546296296,56.38957175925926,29.024123696385765,39.995239503201645,1935.2650903353467,1157.9685101850512
vid_000311_frame0000006.jpg,35.478674768518516,57.784820601851855,29.48326163318432,40.38566709107858,1865.5860265977308,1147.236173893899
vid_000311_frame0000007.jpg,36.397193287037034,59.04471643518519,29.997116145990873,41.181778706500346,1863.7241396978684,1179.68137173019
vid_000311_frame0000008.jpg,36.23394675925926,58.63945023148148,30.186718365418447,42.09121087352568,1890.58660999858,1214.6347875648025
vid_000311_frame0000009.jpg,36.373333333333335,58.29081018518519,30.306005272149537,41.84157691896689,1853.554931531817,1197.8381455720796
vid_000311_frame0000010.jpg,36.99535300925926,59.233663194444446,30.878398117512916,42.740374185766555,1900.5001830225478,1215.9300430166738
vid_000311_frame0000011.jpg,38.325891203703705,60.03324074074074,30.7440763041227,40.10904876958943,1854.989283914415,1185.3946503568336
vid_000311_frame0000012.jpg,38.16570023148148,60.40115162037037,31.873577356167335,40.85725784178004,1892.799762723946,1203.8962529813957
vid_000311_frame0000013.jpg,37.28509259259259,59.56299189814815,31.336920893772216,40.475382488326446,1881.3999226754063,1180.9817535517604
vid_000311_frame0000014.jpg,36.17376736111111,58.000399305555554,30.669713511784767,39.4784463414532,1850.188991282974,1171.5605031946252
vid_000311_frame0000015.jpg,35.61014467592592,57.68257523148148,30.32939149605108,39.05281057116212,1909.7295610306016,1175.1708822786725
vid_000312_frame0000006.jpg,66.39223958333334,90.49519675925926,38.869464846005044,42.41341916277237,328.7268391927083,717.124554672731
vid_000312_frame0000007.jpg,67.00616898148148,91.22281828703704,39.034380577079226,41.93211926812807,323.3071634675872,692.1745601550444
vid_000312_frame0000008.jpg,64.97314814814816,89.52798032407408,37.6269357358122,41.62127393477183,337.05277758939764,727.2480419233326
vid_000312_frame0000009.jpg,61.96010995370371,86.16862268518518,35.540026994051516,39.76762411184696,323.9245459855109,666.8144141291782
vid_000312_frame0000010.jpg,59.17046875,83.7816087962963,33.631393745522715,39.32345217462848,333.42133649691357,753.8166934169441
vid_000312_frame0000011.jpg,56.02886574074074,81.07993634259259,31.201149041200928,38.04408907031935,329.34017546775203,736.6866857573249
vid_000312_frame0000012.jpg,52.281597222222224,77.07648726851852,28.715251492581682,36.346229718418535,337.66422020851417,770.4283659331062
vid_000312_frame0000013.jpg,51.10497685185185,76.52295138888888,28.023652761905158,36.56279740103735,336.0928740192848,783.3176167352538
vid_000312_frame0000014.jpg,52.38928819444445,77.16265046296296,29.231425525733105,37.38729409979647,356.04681407452284,861.4359905444904
vid_000312_frame0000015.jpg,55.423854166666665,80.06700231481481,31.372171562888745,38.22255341278907,344.0414014831962,805.4036732855567
vid_000312_frame0000016.jpg,58.96585069444444,83.38596643518518,33.66900840014455,40.050557528992435,353.1496525333023,879.2905226899742
vid_000312_frame0000017.jpg,59.23795717592593,83.02944444444445,34.41018455560714,38.91590337898465,343.318562962963,789.0044641684617
vid_000312_frame0000018.jpg,56.24105324074074,80.19663194444445,32.44947882081522,36.5256468146736,335.55677298870324,745.6909388253588
vid_000312_frame0000019.jpg,52.13958912037037,77.3516724537037,27.280807420875238,33.58872218763716,317.4775248435357,622.2199032144848
vid_000313_frame0000001.jpg,59.33026041666667,84.17598958333333,34.27173727010183,39.72247656635606,357.79254846630124,807.4950409527981
vid_000313_frame0000002.jpg,59.423153935185184,84.51804398148148,34.124395392241404,39.21951721906089,335.1694444561993,727.1570890769675
vid_000313_frame0000003.jpg,58.393871527777776,82.88899305555556,33.39387814942276,38.5559598620526,336.1452640118299,696.8036064621913
vid_000313_frame0000004.jpg,57.388952546296295,81.7776099537037,32.82906038101095,38.3944560081016,349.10343026590226,769.9087975560485
vid_000313_frame0000005.jpg,57.324311342592594,81.6729224537037,32.933515577758676,38.33999118693031,345.353638657106,773.8098863353254
vid_000313_frame0000006.jpg,57.8545775462963,82.00137731481482,33.758984801919844,39.297348157058615,347.51042437615206,781.8620574547954
vid_000313_frame0000007.jpg,59.796342592592595,83.82560763888888,35.142502961530056,40.60122321910658,356.90304831422407,801.4693542965736
vid_000313_frame0000008.jpg,61.72379050925926,85.88585069444444,36.65350835530495,41.44599407418227,363.15633238085,816.2781109133539
vid_000313_frame0000009.jpg,63.38093171296296,87.5682638888889,37.62950171251156,41.293419541724575,337.92205164766455,719.0068715265721
vid_000313_frame0000010.jpg,63.49501157407408,87.76665509259259,37.82525976171919,42.6568940269279,364.65734991198883,858.93652339969
vid_000313_frame0000011.jpg,62.8626099537037,86.6952025462963,37.24622395903591,41.23115714574393,353.8153831805864,825.6925122165422
vid_000313_frame0000012.jpg,61.4771412037037,85.71965856481482,36.26992298204644,40.94153170844274,354.2562878528151,812.8470991605783
vid_000313_frame0000013.jpg,60.49947337962963,84.38120949074074,35.39977587029493,39.959576622067836,342.9256930779267,735.101524763696
vid_000313_frame0000014.jpg,59.510248842592596,83.91965277777778,34.72276892758212,39.68618045773467,346.95389717396336,756.2067045953363
vid_000313_frame0000015.jpg,59.0979224537037,83.10929976851853,34.16467050860551,39.0347237286222,340.3095714633434,723.3905789204163
vid_000313_frame0000016.jpg,58.116967592592594,82.32529513888889,33.34819858215546,38.436077272295556,341.0945837854456,732.6485152847101
vid_000313_frame0000017.jpg,57.08391203703704,81.52434027777778,32.362899325485685,37.856921766124,340.373821139832,752.3716884804473
vid_000313_frame0000018.jpg,55.478292824074074,79.92978587962963,31.18782616696354,37.164131631601514,345.4614561791356,812.2724568349997
vid_000313_frame0000019.jpg,54.21149884259259,78.81815972222222,30.00700529241816,35.66291486423085,334.62859708705736,685.793697385887
vid_000313_frame0000020.jpg,52.96920138888889,77.85522569444444,29.0847214021064,35.599637429001675,349.4665792863927,789.0365573976284
vid_000313_frame0000021.jpg,52.01519675925926,76.39371527777777,28.24439309457242,34.56110111819741,341.5945614502623,718.5087211928798
vid_000314_frame0000001.jpg,42.11755787037037,68.00613425925926,37.83652809637606,54.46506182917677,1884.9104357633532,1515.980019171938
vid_000314_frame0000002.jpg,42.47063657407407,67.84505208333333,37.976358615790744,54.51053087337184,1827.6346508966894,1481.7725916304641
vid_000314_frame0000003.jpg,43.89038194444444,69.89015046296296,39.16830519731539,53.946935778026095,1844.2556499002005,1311.7568836321964
vid_000314_frame0000004.jpg,43.646770833333335,69.4927951388889,38.798375986061785,53.385550231808416,1865.3557525350097,1279.5599182419933
vid_000314_frame0000005.jpg,43.38017939814815,70.3435011574074,39.1235771480153,55.34787929007365,1862.906618409074,1681.0350758209017
vid_000314_frame0000006.jpg,43.368541666666665,70.45502893518518,39.02472060429945,55.3754230676222,1727.2689391234517,1681.528598302469
vid_000314_frame0000022.jpg,43.46766203703704,71.26372685185186,39.33517395760021,55.99568587879339,1914.8876506783358,1761.381230840855
vid_000314_frame0000023.jpg,40.27710069444444,67.43508680555556,35.34851912492953,51.35883925489867,1953.9414518497088,1371.080612904791
vid_000314_frame0000024.jpg,42.02726273148148,70.71394097222222,36.20186879426497,53.24222800265153,1990.0766612632885,1653.2318819396219
vid_000314_frame0000025.jpg,47.15297453703704,73.9499537037037,40.72005789527714,56.7925296053921,1907.1865887771332,1680.221823632511
vid_000314_frame0000026.jpg,46.05815972222222,72.50152199074074,39.87898588974975,56.21189602413344,1883.2089539543413,1658.9913541654612
vid_000315_frame0000008.jpg,171.5917650462963,168.4641087962963,27.86752753206413,43.793665075104016,750.440416204474,1646.3480346570848
vid_000315_frame0000009.jpg,182.08013310185186,173.95505787037038,43.21021488168247,60.97544753773609,630.2008307547528,1551.2420973828391
vid_000315_frame0000014.jpg,199.72112268518518,181.53144675925927,48.08759289951211,66.78671877763433,802.8151203655477,2130.8820141781066
vid_000315_frame0000015.jpg,150.0475,142.1919039351852,80.50892822440623,79.00297797047739,1105.2513091756352,3013.1811623965837
vid_000315_frame0000016.jpg,168.4023611111111,158.4427662037037,55.216331843898544,69.06863610070116,911.7061091740278,3034.2730852486484
vid_000315_frame0000017.jpg,149.3810474537037,144.33227430555556,65.21877680527989,73.82840084187927,877.6511290506246,3387.4534274669923
vid_000315_frame0000018.jpg,141.5216550925926,141.57368055555557,64.2280259911795,75.50629886571024,1385.9567554539808,4634.074563366415
vid_000315_frame0000019.jpg,144.31322337962962,143.26908564814815,62.57942480141188,74.6404892749924,1372.3601957399635,4647.39878100231
vid_000315_frame0000020.jpg,146.41835069444446,143.59825810185185,63.57841687750774,75.5260133348294,1743.1502447325906,5737.966099948426
vid_000315_frame0000021.jpg,154.65780671296295,149.82994791666667,61.29253911913728,74.16831139014074,1327.749743380775,5171.24883375718
vid_000315_frame0000022.jpg,150.66291087962964,148.75712962962962,59.308408949172936,73.79438617300006,1443.3958187451776,5387.269436728394
vid_000315_frame0000023.jpg,155.02126736111111,148.6217997685185,59.76036002129904,72.40415593569773,1238.747786516974,4109.50843263564
vid_000315_frame0000024.jpg,112.63577546296297,115.92405671296297,79.39455017462511,79.3330262451837,1259.6261954691988,3566.8581634511097
vid_000315_frame0000025.jpg,110.68886574074074,113.63728587962963,81.98217053573596,80.3260703395751,1376.5126570130315,3966.0410221788193
vid_000315_frame0000026.jpg,167.7364814814815,158.93690972222223,60.381066830601036,69.85819035988257,706.3115228040069,2234.4121585599923
vid_000315_frame0000027.jpg,163.32392939814815,154.85530092592592,55.49246356967811,73.29885584507088,1157.5952989706577,4322.038058490735
vid_000315_frame0000028.jpg,157.60024305555555,153.3274074074074,56.931718543618665,73.67351646912621,1070.794640421248,4352.185928523529
vid_000316_frame0000011.jpg,102.11168981481481,123.60763888888889,34.86606801743463,52.32749657365518,507.7470504195267,2585.063486880573
vid_000316_frame0000012.jpg,89.90561921296296,118.06979166666666,36.67949931246792,53.768583905793676,570.7289822818876,2595.6335578510802
vid_000316_frame0000013.jpg,83.92592592592592,113.23064814814815,39.922916746526276,58.35480523904875,622.070640680727,3093.789132985977
vid_000316_frame0000014.jpg,96.29516203703703,121.9561574074074,40.64905253464691,58.90306831954261,524.3403853416161,2790.455948996914
vid_000316_frame0000015.jpg,72.85300925925925,105.7369212962963,40.62802570179654,58.86516049934949,664.7118845802255,3290.920872665895
vid_000316_frame0000016.jpg,75.61590277777778,107.07588541666667,40.8449503528145,58.56188351559637,580.2820852300614,2862.1162722788868
vid_000316_frame0000017.jpg,95.00614583333333,120.5833275462963,41.12026311464484,59.21640017406988,702.8989050681785,3496.383832201512
vid_000316_frame0000018.jpg,75.6222511574074,107.99804976851851,40.90344020244817,58.97139668503396,712.6905154293861,3436.7285433143306
vid_000316_frame0000019.jpg,75.0949826388889,107.4519849537037,40.78014478422537,58.733202268580555,700.8393783476066,3278.8026572490344
vid_000316_frame0000020.jpg,92.77712384259259,119.59128472222223,41.173131195823075,59.24941582746437,714.8902569395884,3466.460836273872
vid_000316_frame0000031.jpg,80.62118055555555,111.56251157407408,41.22921730101648,59.27732193296057,717.3130870611162,3498.740605326452
vid_000316_frame0000032.jpg,72.72195023148149,103.35336226851852,38.4447461208739,56.61672065353918,509.5674948854047,2544.0809513695986
vid_000316_frame0000033.jpg,87.13412615740741,108.61231481481481,38.3923870580678,51.01637991509818,465.00492476798274,2070.0195610659666
vid_000316_frame0000034.jpg,76.42963541666667,102.0200636574074,41.945728303362266,55.32001374155937,681.9120756290389,3247.8092776033295
vid_000317_frame0000001.jpg,78.82412037037037,108.56353009259259,33.77990518927817,55.59496049921086,497.772848250493,3533.0881597074535
vid_000317_frame0000002.jpg,79.72074652777778,109.00269675925927,33.6499371958595,55.347647116554114,420.926825226659,3264.3317306830513
vid_000317_frame0000003.jpg,94.86969328703704,118.21697337962964,35.956890411675246,56.20816705853616,482.97502421844865,3396.093496442044
vid_000317_frame0000004.jpg,83.57895254629629,112.48881944444445,35.18381072778738,58.54215897376857,715.4029293969426,4858.500289163472
vid_000317_frame0000021.jpg,66.29872685185185,95.29398148148148,41.11391326692017,56.31372582321516,469.027306069423,2715.712487435164
vid_000317_frame0000022.jpg,79.50754050925926,106.5249363425926,46.502584566682536,59.35268481971517,540.6079138031549,3215.8809301649303
vid_000317_frame0000023.jpg,83.03466435185184,107.2302199074074,49.0376660055472,60.46131096655309,516.9452410983782,3009.2846016588164
vid_000317_frame0000024.jpg,75.95167824074075,100.84127314814815,48.904012093118475,61.98275029041773,633.6731141010467,3554.356787998831
vid_000317_frame0000025.jpg,72.42390625,98.37440393518519,48.45720044076036,61.66006590933323,594.9307607823417,3300.2133793209878
vid_000317_frame0000026.jpg,74.99533564814814,99.52746527777778,51.516289351248886,62.66546290444911,583.1837947409965,2987.8003507887515
vid_000317_frame0000027.jpg,80.03390046296296,103.11091435185185,52.633638301481724,63.707234667127715,647.2682544560186,3568.3101727427534
vid_000317_frame0000028.jpg,79.78541087962962,103.11293981481481,52.682922169475134,63.70961610630725,705.1175047011303,3801.9202314009717
vid_000317_frame0000029.jpg,76.9997511574074,101.08189814814814,51.409071843033225,62.99496346790717,647.1038425001273,3437.9148473367577
vid_000317_frame0000030.jpg,72.66771412037038,97.77329861111112,50.05765261113221,62.85217036382466,707.3569334999786,3697.2030799875683
vid_000317_frame0000031.jpg,72.3941087962963,97.48653935185185,49.98401540805058,63.066578149278875,701.0298631835938,3726.7703647955245
vid_000317_frame0000032.jpg,77.93070601851852,101.69377893518518,52.03931986267745,63.60179428885097,718.5583992637268,3760.9325745851284
vid_000317_frame0000033.jpg,80.45346643518519,103.65921296296297,52.55988668931862,63.52777879802034,682.6440299467109,3608.6555642741555
vid_000317_frame0000034.jpg,80.73445601851851,104.43254050925925,52.80554634524507,64.08603644533389,735.3502630267275,3868.2861163408447
vid_000317_frame0000035.jpg,76.03487847222222,100.35580439814815,51.074884360391465,63.67687377631461,714.233729787936,3856.2865270286447
vid_000317_frame0000036.jpg,73.20578125,98.23487268518518,50.219472924256294,62.62869922620298,686.4276232048129,3592.4165174863624
vid_000317_frame0000037.jpg,72.34416666666667,97.60269097222222,49.88691538954211,62.95896875132955,699.3655466458963,3747.9562589054735
vid_000317_frame0000038.jpg,77.64962384259259,101.40587962962962,51.825250211310966,63.388896917890854,704.9454313109514,3728.3484944314505
vid_000317_frame0000039.jpg,80.52703125,104.31773726851851,52.638932446681885,63.61892241743782,702.413036869722,3665.826514707078
vid_000317_frame0000040.jpg,80.65359375,103.9468287037037,52.631347129126645,63.745451429147806,712.8923399691358,3786.3512036265433
vid_000317_frame0000041.jpg,75.48447337962963,99.95725694444444,50.82429839688071,63.31141023612376,713.5522078016494,3825.6273812466507
vid_000317_frame0000042.jpg,72.96443287037037,98.00054398148148,50.03150219442888,62.98224553014047,712.4028060592086,3784.8493000894846
vid_000317_frame0000043.jpg,72.58445023148148,97.92266203703704,49.85935761489024,62.750117975000826,684.2530752785012,3598.8538924910176
vid_000317_frame0000044.jpg,80.15201388888889,103.69042824074074,52.62138188600143,63.605570314620174,726.5783001109181,3777.9660284044057
vid_000317_frame0000045.jpg,82.7072800925926,105.29326388888889,53.16583123917187,63.87617372984662,716.9332702302156,3796.2789448193967
vid_000317_frame0000046.jpg,82.49814814814815,105.62683449074073,53.103567212921874,63.71257062831097,694.0166780044367,3680.4849577319897
vid_000317_frame0000047.jpg,76.15214699074075,100.72064236111112,51.01005125759499,63.36600891224728,718.9458647268036,3850.2364143636064
vid_000317_frame0000048.jpg,73.09879050925926,98.22618055555556,50.00937311144877,62.9914733702609,711.6638689259889,3829.853285388502
vid_000317_frame0000049.jpg,72.52747106481482,98.28938657407407,49.81295428221538,62.66788280693181,687.3504397223495,3628.347428902198
vid_000317_frame0000050.jpg,72.46959490740741,98.15346064814815,49.77838085484847,62.936806403665194,697.5789195360389,3710.6381365719308
vid_000317_frame0000051.jpg,80.27550347222223,103.86173611111111,52.47285966832738,63.72536400332515,711.2851884159795,3756.51203830265
vid_000317_frame0000052.jpg,80.83280671296296,104.52715856481481,52.53357957294898,63.74071812171257,725.690435011574,3813.5342783130786
vid_000317_frame0000053.jpg,79.30742476851852,102.92142939814815,52.35610204861191,63.388208146189136,535.9717644962263,3127.6762159448613
vid_000317_frame0000054.jpg,71.62204282407407,96.69216435185186,50.212890770504075,63.4987836620953,602.3679320954164,3330.8953833402657
vid_000317_frame0000055.jpg,70.24960069444444,94.55569444444444,49.53442367577805,63.20789991046863,654.5367882881824,3426.278221208285
vid_000317_frame0000056.jpg,81.91513310185185,103.44320023148148,51.23300590121971,61.64576647091263,559.0701970324021,2907.437222401426
vid_000317_frame0000057.jpg,79.24143518518518,101.23357060185185,48.59224578320144,59.31364324196468,602.6342878324532,3160.1732368558905
vid_000317_frame0000058.jpg,78.59663773148148,101.05780671296296,48.35569383667897,59.188305880975015,704.3727820818532,3594.2940006869094
vid_000317_frame0000059.jpg,78.16089699074074,100.67550925925926,48.26621378778711,58.781027915444035,721.285192384688,3548.7433746377747
vid_000317_frame0000060.jpg,79.85081597222222,102.76831597222223,46.95940913591625,57.75342770461025,558.0152015375501,2941.176071842013
vid_000319_frame0000001.jpg,87.91934413580248,108.50222993827161,25.607125790227002,41.405786386227994,3231.495653930363,5057.86272472845
vid_000319_frame0000002.jpg,88.24814814814815,109.34616512345679,25.327046849686212,40.41237348275614,3071.622251027854,4613.451782973013
vid_000319_frame0000003.jpg,90.13163580246913,110.69066358024692,24.460038632772903,39.40570639871697,3137.5867299344613,4672.953782738674
vid_000319_frame0000004.jpg,92.80742283950617,112.16054012345678,25.295199377908062,40.228749259605586,3247.2780507710695,5171.014201601735
vid_000319_frame0000005.jpg,91.70432098765433,111.75344135802469,22.94845364156248,37.018397522480136,2985.4612737648963,4677.863661751199
vid_000319_frame0000008.jpg,93.77086419753087,113.48616512345679,19.588735973281697,32.344365146719745,2577.5270321901558,3006.756889048687
vid_000319_frame0000009.jpg,92.86297839506173,112.79711419753086,20.02362970804041,30.521054173225796,2694.3878480709877,2891.8368038336735
vid_000319_frame0000010.jpg,100.25057870370371,116.75895833333334,21.164092045334087,30.121618080156026,2447.9979573587657,2359.014507868227
vid_000319_frame0000011.jpg,103.28116512345679,120.60331018518518,21.415523752481626,31.886565050336493,2359.0784461371527,2274.214188800238
vid_000319_frame0000012.jpg,101.42573302469135,118.56779320987654,23.00544943164947,34.86968225407923,2581.13360203612,2427.8983115254323
vid_000319_frame0000013.jpg,98.7013425925926,116.8863811728395,22.994985726627785,34.51821110458768,2630.04932705547,2428.624524271262
vid_000319_frame0000015.jpg,97.8313888888889,114.97140432098766,23.631696501784827,37.698851787744175,2692.499724977078,2941.6684395573748
vid_000319_frame0000016.jpg,97.55736882716049,114.43385030864198,24.0691854930563,40.15118351678541,2941.190121879048,4166.4875778454125
vid_000319_frame0000017.jpg,97.66646604938272,113.66000771604938,24.311993220693463,40.28737930768669,3111.7627275490945,4457.0394183041835
vid_000319_frame0000021.jpg,89.0472299382716,108.0534336419753,20.02957418079064,29.839875779107594,2937.9396433098404,3081.1268381151403
vid_000319_frame0000022.jpg,92.03664351851852,109.72143518518519,21.527153571583167,32.91664970147893,3136.079702588925,3884.2406284462636
vid_000319_frame0000023.jpg,91.45019290123457,109.29145061728396,21.380287681686557,32.964985554176536,3065.5589194777854,3947.158986368253
vid_000319_frame0000024.jpg,90.9951311728395,109.3729012345679,21.56477572134257,33.04987818064807,3129.4075343218924,3978.4943046293915
vid_000319_frame0000025.jpg,90.38323302469136,108.77757716049383,20.589365393943766,32.00065301697084,2723.165921107622,2919.1003380010075
vid_000319_frame0000026.jpg,89.00450617283951,107.36979938271605,20.64863785159944,31.676779451851385,2899.4973048824854,3418.620967874562
vid_000319_frame0000027.jpg,90.02327160493827,108.45885802469135,21.688698878671527,33.10241946779447,3459.034876934668,4431.603252968298
vid_000319_frame0000028.jpg,89.99675925925926,108.21463734567901,21.0955320146016,32.09587831132328,3259.050011050145,4083.616188181048
vid_000319_frame0000029.jpg,90.51986111111111,109.81743055555556,20.100670033189914,30.371271709459368,3047.0976369598766,3452.8049670090663
vid_000319_frame0000030.jpg,91.18779320987655,109.60165895061728,20.513366518749343,31.952075736215026,3269.632694740703,4067.588415423525
vid_000319_frame0000031.jpg,91.5177700617284,109.63230709876544,20.533418461889852,32.027464021082594,3233.971202556775,3949.367209075408
vid_000319_frame0000032.jpg,91.26556327160493,109.4666975308642,20.605119881871722,31.958294614219533,3262.070927147575,4059.1270105566396
vid_000319_frame0000036.jpg,91.36158179012345,109.65032407407408,20.380701299535865,31.70626269415521,3104.7730685941906,3760.0610241849927
vid_000319_frame0000039.jpg,91.54635030864198,109.92202160493827,20.40095721657669,31.57923357910983,3109.8846927962104,3761.359665342018
vid_000320_frame0000051.jpg,100.0289737654321,122.09203703703703,25.62764834304917,39.76997112468008,2509.5019094192367,2915.6939241249784
vid_000320_frame0000052.jpg,93.90753858024691,113.94716820987654,28.326880124967033,42.49214227112593,3177.7729291194537,4079.8828365992586
vid_000320_frame0000053.jpg,95.3100925925926,117.36492283950618,26.98335678156636,41.02520654502482,2639.606021411502,3226.8440421801174
vid_000320_frame0000054.jpg,95.17637345679012,118.65679012345679,25.165168960757903,39.880712372352654,2816.1955712962963,3578.1237259935606
vid_000320_frame0000055.jpg,95.51145833333334,118.90152006172839,25.42380515789478,41.21868977270264,2944.146910643326,4207.513508794808
vid_000320_frame0000056.jpg,94.78664351851852,119.92709876543209,24.336972945704606,39.621269854917216,2610.3810991938635,3383.815639664721
vid_000320_frame0000057.jpg,91.85196759259259,116.32752314814815,25.130408790432725,40.76035131583014,3023.197111110575,4112.456181412656
vid_000320_frame0000058.jpg,93.58646604938272,117.90908950617283,26.01133078444584,43.48510360206254,2926.63396518484,4727.007962673372
vid_000320_frame0000059.jpg,93.64956790123456,116.7784413580247,26.636239118561612,45.01082090106688,2390.730062037037,4130.885651481708
vid_000320_frame0000060.jpg,95.70885030864197,115.34967592592592,28.06911128076181,48.547406145060876,3369.4741168638543,7068.3497872370235
vid_000321_frame0000003.jpg,60.58083333333333,87.89656635802469,28.273833930120347,30.465450031429214,2913.300706844362,1949.5096299248758
vid_000321_frame0000007.jpg,58.810501543209874,86.03844907407408,28.523996166564437,30.89150985686203,2986.015710004608,1962.5974643325617
vid_000321_frame0000013.jpg,63.328973765432096,89.58826388888889,32.721523903545496,33.95821533146676,3068.5511759253905,2067.675651401213
vid_000321_frame0000014.jpg,61.180779320987654,87.44239197530864,31.38483178319306,33.24663631673466,3054.8008166666664,2097.798969028575
vid_000321_frame0000015.jpg,60.40121913580247,86.83786265432099,30.69294005958638,32.77451207930778,3013.6408988337807,2057.0168980945646
vid_000321_frame0000020.jpg,62.218148148148146,88.52173611111111,32.57417278110242,34.24190054377992,2938.132111689279,2070.118928317901
vid_000322_frame0000002.jpg,86.59510802469136,109.16225308641975,25.088640957232485,28.825555595988586,2741.8670626419375,2123.761537492796
vid_000324_frame0000025.jpg,93.65063271604939,113.11141975308642,41.21476416399222,46.18404682699032,3138.1425039122632,3350.3177071187106
vid_000325_frame0000005.jpg,70.31823302469135,94.2206712962963,22.34455565807498,24.738743234718125,3100.12368205441,1818.9044940581061
vid_000325_frame0000012.jpg,66.58868055555556,90.28374228395062,21.067201923135816,23.349197474939174,3176.27072434747,1861.7506662891994
vid_000325_frame0000019.jpg,69.00463734567901,92.51466820987655,21.133884685265198,23.72411001396533,3089.0131320082087,1839.3192014231229
vid_000325_frame0000025.jpg,67.57172839506173,92.07874228395062,21.14727078909866,24.037572094194175,3211.235924363426,1873.3588532578876
vid_000325_frame0000034.jpg,66.64918209876544,91.0799074074074,21.668323247444157,24.86995101667218,3198.663363374427,1849.637721953351
vid_000325_frame0000043.jpg,70.21885030864198,93.86459104938271,21.26896026843889,24.26734563374105,3016.4320419667356,1962.9288740754437
vid_000325_frame0000049.jpg,70.98645833333333,95.23850308641975,21.31931346944477,25.2611566034581,2937.6624304067113,1944.2398995939548
vid_000325_frame0000060.jpg,65.99054783950618,86.58449074074075,20.443134661603747,24.49956361830897,2973.9732904089988,2042.8452929955417
vid_000326_frame0000004.jpg,77.4501311728395,99.21853395061729,21.729724070079815,24.390811219079477,2787.1816060951437,1843.7801895785105
vid_000326_frame0000006.jpg,82.68764660493827,103.26195216049383,19.901312968933922,23.069854332117462,2515.8017328860287,1813.0778641069744
vid_000326_frame0000008.jpg,81.47462962962963,101.83883487654322,18.191521941328553,22.103469635755914,2646.938499985652,1960.136312572338
vid_000326_frame0000010.jpg,77.77802469135803,99.33753086419753,18.12684733334244,21.971111969750623,2767.9987287436534,2004.0199502683945
vid_000326_frame0000013.jpg,80.26016203703703,100.55116512345678,18.42674081692793,22.06537822201919,2742.878164913885,2117.41233986816
vid_000326_frame0000022.jpg,83.5952237654321,102.67681327160494,19.486405684696475,23.479713190570042,2762.2357318234644,2245.9339890769675
vid_000326_frame0000032.jpg,75.71404320987655,97.35039351851852,22.196203594822794,24.435817808593452,2766.00913699554,1814.666425049297
vid_000329_frame0000001.jpg,78.10605709876543,99.47918981481482,29.86822670327072,33.45463690606191,4352.780823449586,3398.53971137635
vid_000329_frame0000016.jpg,83.51219907407408,104.63543209876543,28.794294476379658,34.66618020667885,4498.248443549001,3690.3188129608193
vid_000329_frame0000028.jpg,82.71048611111111,105.65566358024691,27.94676903151298,34.104427688873294,4370.289215499197,3737.894936519717
vid_000330_frame0000006.jpg,84.59945987654321,107.23295524691358,20.60408347588182,22.978725038256574,2665.2485949711718,2087.6132408929184
vid_000330_frame0000016.jpg,87.4474537037037,108.25826388888889,22.132217411021447,24.493289999724606,2729.23963573668,2255.1503115425794
vid_000330_frame0000020.jpg,85.28097222222222,105.09608796296297,22.534721953004624,25.539449697845992,2852.433874879734,2564.4843689519507
vid_000331_frame0000158.jpg,71.65706790123457,96.03149691358024,18.91283301131557,22.370588645350768,2888.344570861673,2025.9519022961792
vid_000331_frame0000159.jpg,71.67998456790123,96.0786574074074,18.728519728860842,22.156875128984137,2842.5762283929184,2018.4783514012129
vid_000331_frame0000160.jpg,71.14356481481481,95.09,18.684940797357037,21.839877489707494,2887.1578524204942,2019.7074257672587
vid_000331_frame0000161.jpg,71.63475308641975,95.33825617283951,18.517764800608052,21.788365043757974,2904.159999279597,2016.8253531997789
vid_000331_frame0000162.jpg,72.01115740740741,96.25753086419753,18.68410145329976,22.33629448477916,2921.772750959981,2092.4348876990935
vid_000331_frame0000163.jpg,72.22501543209877,96.60665895061729,18.567440492711405,21.957749421803737,2879.756359041829,2060.972972665121
vid_000331_frame0000164.jpg,71.34323302469136,95.34564814814814,18.47300102062589,21.460770330073217,2911.780022289857,1986.2023025432006
vid_000331_frame0000165.jpg,71.33809413580246,95.00429012345678,18.444232915715503,21.294746572684087,2945.8490756341926,2040.5084424951892
vid_000331_frame0000166.jpg,72.93113425925925,96.77047839506173,20.47578485005646,24.421204964776656,2785.437711189641,2048.9297872647076
vid_000331_frame0000167.jpg,73.39658950617284,97.69599537037037,19.77157168791867,22.672036319583686,2855.3876555426364,2018.1420850165157
vid_000331_frame0000168.jpg,73.15506944444445,96.39103395061728,18.51058142694864,22.0359157556523,2896.8168972216868,2106.724239380371
vid_000331_frame0000169.jpg,73.58943672839506,97.09460648148148,18.354982448949485,22.148514398165858,2840.211299522689,2085.9221707103884
vid_000331_frame0000170.jpg,73.85194444444444,97.5644135802469,18.40713996727062,21.91901590624194,2941.38481491716,2094.8540200081443
vid_000331_frame0000171.jpg,73.38674382716049,96.98773148148148,18.02172163854196,20.957515537585667,2874.6326272709953,2011.9793188428189
vid_000331_frame0000172.jpg,73.47782407407408,97.66415895061728,17.81713834267828,20.887456274441607,2898.9722144109132,2064.3279341275625
vid_000331_frame0000173.jpg,74.04536265432098,98.3652237654321,17.83447908939554,20.798203318857176,2840.0552383515633,2020.8490328979956
vid_000331_frame0000174.jpg,73.79582561728395,98.63324074074075,17.856509330654845,20.890288664478856,2883.420645574643,2013.1956328731685
vid_000331_frame0000175.jpg,73.41186728395061,97.89698302469135,17.887547686980216,20.89483433791642,2908.421542604917,2026.5503064471877
vid_000331_frame0000176.jpg,73.64488425925926,98.32917438271605,18.08662657934184,21.285672688885267,2858.979795162466,1998.4276901691223
vid_000331_frame0000177.jpg,74.30934413580248,97.95898919753087,18.0726280576276,21.884363080406715,2840.8243709228177,2046.196832278271
vid_000331_frame0000178.jpg,74.1651774691358,98.08388117283951,18.099826291267558,22.570530252132386,2881.659766050752,2108.388412548523
vid_000331_frame0000179.jpg,73.07174382716049,95.21326388888889,19.468465901340544,23.559583742211757,3032.584325224277,1985.1052528291584
vid_000331_frame0000180.jpg,71.72750771604939,94.1157098765432,19.63259759653027,25.3881705488415,2989.772166023603,2043.1569893856094
vid_000331_frame0000181.jpg,70.95385030864198,94.18287808641975,19.364011614933293,24.540995653040333,2963.9156234375,2010.6203484553016
vid_000331_frame0000182.jpg,70.01435956790124,93.67719907407407,19.193496977107042,24.14668884070089,2944.9592161822106,2022.5406390925064
vid_000331_frame0000183.jpg,70.11213734567902,93.15476080246914,18.98470821199832,23.920405399248345,2903.366176267373,1985.1259865102497
vid_000331_frame0000184.jpg,70.78861882716049,93.9121450617284,19.01619522023504,23.88774281547889,2904.1722851851855,1973.1194823287587
vid_000331_frame0000185.jpg,71.80064814814814,94.85194444444444,19.039620310164082,23.338621277460156,2915.2251898290438,1995.5762436840323
vid_000331_frame0000186.jpg,72.92226851851852,95.95367283950617,18.99036202372391,23.631505220349077,2893.0285260609567,1996.3263287456177
vid_000331_frame0000187.jpg,74.02337191358025,96.77816358024691,19.0385906435305,24.007648955196707,2888.647537145395,2027.930626418836
vid_000331_frame0000188.jpg,74.05238425925926,96.69904320987655,18.88960157218909,23.76636854414049,2899.9095268546503,2087.505123155769
vid_000331_frame0000189.jpg,73.6107175925926,96.46840277777778,18.74063373330266,23.173799296571335,2938.074249493634,2063.169137757142
vid_000331_frame0000190.jpg,72.76122685185184,95.46514660493827,19.001510694679506,23.706422426279303,2990.211509835045,2059.015521238188
vid_000331_frame0000191.jpg,70.424112654321,93.83935185185184,18.90965232327948,23.10074275059758,2969.25705670814,2022.3099625528098
vid_000331_frame0000192.jpg,69.97355709876543,93.55983796296296,18.54787773211714,22.53191391619519,2937.38160926688,1968.0590666857188
vid_000331_frame0000193.jpg,71.03631172839506,94.49685956790124,18.68237168309459,22.930347216538603,2973.5100453660243,2016.1140754457567
vid_000331_frame0000194.jpg,71.40084104938272,94.87145061728395,18.71857690120208,22.90564993904948,2901.1800770173654,1952.0057818429334
vid_000331_frame0000195.jpg,72.44878086419753,95.2903163580247,18.716582155612226,22.94765747059102,2904.758499725592,1961.2878946711035
vid_000331_frame0000196.jpg,73.71564043209877,96.2826311728395,18.797265014984237,22.701009607784673,2939.1211953517354,1996.3449944010415
vid_000331_frame0000197.jpg,73.43274691358025,96.62262345679012,18.881559407642747,23.393470333163176,2958.289352823264,2080.937966386364
vid_000331_frame0000198.jpg,72.452762345679,95.39336419753086,18.952507817031275,23.61067455367817,2959.7383078031526,2030.8239283026596
vid_000331_frame0000199.jpg,71.64859567901235,94.72013888888888,19.245761587353858,23.440535389863133,2944.66103412917,1969.3270573844852
vid_000331_frame0000200.jpg,70.87240740740741,94.51777777777778,19.3551792540776,24.19128743275812,2945.030689000283,1983.326178531283
vid_000331_frame0000201.jpg,70.967137345679,94.21240740740741,19.385751305738093,24.06341782743513,2949.3495457461117,2008.142096532541
vid_000331_frame0000202.jpg,70.22515432098766,93.81246913580247,19.440267407877016,24.182972189194786,3025.7105012573707,2012.5546950345197
vid_000331_frame0000203.jpg,69.19300154320987,92.8132561728395,19.23526401111142,24.04502502795265,2994.9759249994636,2027.055284043436
vid_000331_frame0000204.jpg,70.16927469135803,93.54085648148148,19.270504241798825,23.687581991931218,3022.1822568298944,2013.6970004512934
vid_000331_frame0000205.jpg,71.18043981481482,94.46244598765432,19.30594512295406,23.976279305300608,2927.867151298332,2050.597134099163
vid_000331_frame0000206.jpg,73.59310185185186,95.77438271604939,19.219853063909415,24.42460289279669,2852.2948187919146,2016.1493514172287
vid_000331_frame0000207.jpg,76.23722222222223,98.07704475308643,19.324959241648042,24.504618125496105,2874.581015803553,2116.345364363045
vid_000331_frame0000208.jpg,75.70719135802469,97.82043981481482,19.518970769210863,24.825165580572857,3018.8994768432194,2211.1699464160856
vid_000331_frame0000209.jpg,74.03516975308642,96.46388888888889,19.417947362044593,24.514462064435392,2974.2010088686343,2134.5450293771914
vid_000331_frame0000210.jpg,71.20020833333334,94.68980709876543,19.22125402875886,23.956254005610052,2935.192012943673,2027.517996244618
vid_000331_frame0000211.jpg,68.24786265432098,92.57386574074074,18.254620357959652,22.03005468183054,2994.0768854237513,2008.986459902204
vid_000331_frame0000212.jpg,72.32283950617284,95.80059413580247,18.86335537193269,23.60307408217167,2986.570071702044,2100.6886865092383
vid_000331_frame0000213.jpg,73.37400462962962,97.1644212962963,18.768040831374137,23.678442125729507,2921.084957310183,2065.088294341028
vid_000331_frame0000244.jpg,71.4100462962963,94.2398225308642,21.74171960296961,25.240121383179606,3000.086866482815,1957.68403387822
vid_000331_frame0000245.jpg,70.94118827160494,94.17469135802469,22.667230680790247,26.609908199971546,3112.8958612244696,2081.048749976185
vid_000331_frame0000246.jpg,70.76444444444445,93.36675154320987,22.725466856088136,26.481251947846165,3056.9046273504778,2006.927585961553
vid_000331_frame0000247.jpg,70.00179783950617,92.94158950617285,22.667425195148425,26.269519760763128,3128.8752387152776,2039.2807298332477
vid_000331_frame0000248.jpg,69.95659722222223,92.68492283950617,22.32039821293667,25.830032366645373,3169.6224164930554,2072.706526230758
vid_000331_frame0000249.jpg,70.0526388888889,92.9644212962963,21.861025147632056,25.616250229541976,3166.3532637517146,2056.119418791914
vid_000331_frame0000250.jpg,70.82604938271605,93.7783487654321,21.379132056260907,25.014585999083078,3074.3163983193776,2011.1210843192132
vid_000331_frame0000251.jpg,71.54956018518519,94.86555555555556,20.937602713020688,24.96264793597243,3087.425134411437,2024.053404489538
vid_000331_frame0000252.jpg,72.30835648148148,95.71730709876543,20.370623848367686,24.188908025208303,3000.523934702932,2017.4495330054015
vid_000331_frame0000253.jpg,73.23695987654321,96.25467592592592,20.148882379130107,24.046433696207156,2995.3468368424687,2065.026934464485
vid_000331_frame0000254.jpg,73.77949074074074,97.09012345679012,19.794855354512876,23.63182153101295,3010.3934891888975,2090.275069375619
vid_000331_frame0000255.jpg,73.36569444444444,96.7416975308642,19.43098309383896,23.33653368702808,3043.990734392623,2055.1279537822334
vid_000331_frame0000256.jpg,73.47893518518518,97.10275462962963,18.86574572682279,22.80104005516417,3054.601805894681,2073.3650616941018
vid_000331_frame0000257.jpg,74.8941512345679,98.42958333333333,18.61238054680549,22.296197251177745,2983.954280115216,2088.1166420252603
vid_000331_frame0000258.jpg,76.69843364197531,100.97706790123456,18.343140239414264,22.27237289758809,2966.7168186547406,2070.1968348744
vid_000331_frame0000259.jpg,77.99403549382716,102.46467592592593,18.16500085580325,21.666616147802372,2883.2730488420566,2078.8301654128086
vid_000331_frame0000260.jpg,77.91485339506173,102.50026234567902,18.111592403117267,21.75486570930605,2855.594189618996,2036.9856789170858
vid_000331_frame0000261.jpg,76.04618827160493,100.34608796296297,18.2050040428208,21.981040145991045,2929.8822165394354,2072.8046711733514
vid_000331_frame0000262.jpg,74.4950462962963,98.44155092592592,18.22756163721844,22.01482476949716,2967.5729132967895,2027.203886144869
vid_000331_frame0000263.jpg,74.20607253086419,97.29942901234568,18.31183070257926,21.765586220020207,2999.309949047818,2070.862395404128
vid_000331_frame0000264.jpg,73.07505401234567,96.47735339506173,18.510192585425788,21.905109882927693,3001.616521499914,2032.0629552752534
vid_000331_frame0000265.jpg,71.6413425925926,95.79109567901234,18.225321739778224,21.626202265233054,3029.1764637673728,2032.3494809751157
vid_000331_frame0000266.jpg,71.23886574074074,95.33983024691358,17.846388963095528,21.69678768044238,2957.7078681840967,2066.3553762764823
vid_000331_frame0000267.jpg,73.74621141975308,97.28387345679012,17.678480859291575,21.187356521150935,2890.3812184153994,2105.318034869339
vid_000331_frame0000268.jpg,74.61354938271604,98.02663580246913,17.912797387381698,21.762677952061367,2975.6406028082606,2029.1714938266248
vid_000331_frame0000269.jpg,74.12859567901235,98.02655864197531,18.1583864123979,22.26903343645817,2963.049195637515,2026.8374733124117
vid_000331_frame0000270.jpg,72.19192901234568,96.25942901234568,18.561883476428026,22.58807581025386,2930.23100360505,2049.842223391001
vid_000331_frame0000271.jpg,72.79886574074074,96.49191358024692,18.567926272449892,22.319244368430507,2917.547256890861,1997.2583049875686
vid_000331_frame0000272.jpg,73.43023919753087,96.71878086419753,18.484696141812293,22.85201734337378,2897.731693672304,1999.4725374713628
vid_000331_frame0000273.jpg,74.10929783950617,97.78290895061728,18.447737489688325,22.979286019858204,2875.867700456294,2002.439543085503
vid_000331_frame0000274.jpg,73.54444444444445,96.85890432098765,18.716555769599896,23.38170150921772,2955.5022210047423,2068.3150556089013
vid_000331_frame0000275.jpg,72.03229166666667,96.14577160493828,19.062363510819804,23.142932833704688,2952.3209671772597,1989.8155702359943
vid_000331_frame0000276.jpg,70.47337191358025,94.20364197530864,19.38972501111715,23.460499617262446,2984.3408045952765,1942.273173591821
vid_000331_frame0000277.jpg,69.36475308641975,93.31940586419753,19.530309894332536,23.802482168107005,3016.311072007887,2010.3442214182287
vid_000331_frame0000278.jpg,70.03652777777778,93.6979475308642,19.48830471487251,24.05986807861194,3037.179018903785,2057.3525510685777
vid_000331_frame0000279.jpg,70.31661265432099,93.32635802469136,19.975650577516245,24.593299668565574,2928.5674968411827,1965.763288951522
vid_000331_frame0000280.jpg,68.51695216049383,91.14551697530864,21.12433846507903,26.47123711227606,3077.2751873256148,2129.009831294772
vid_000331_frame0000281.jpg,65.06076388888889,88.05486111111111,20.140816092533687,24.3085048905023,3167.0856299608954,2051.9511913146216
vid_000331_frame0000282.jpg,66.08641975308642,88.99876543209876,20.355062785680435,25.245787725055404,3221.292605926831,2140.6573033378468
vid_000331_frame0000283.jpg,66.69432098765432,89.25597993827161,20.179476001607078,24.446881959522106,3136.432737615681,2068.227117154814
vid_000331_frame0000284.jpg,66.75172067901235,89.92025462962962,20.293784039709667,24.58715394535721,3242.5969145418353,2128.84320033716
vid_000331_frame0000285.jpg,67.31320216049383,90.21266975308642,20.38230930226214,24.168313225558684,3229.949092213875,2054.2788627283853
vid_000331_frame0000286.jpg,67.42161265432098,90.63523148148148,20.231233809963744,24.38797358650966,3151.2465105937904,2033.0255897318789
vid_000331_frame0000287.jpg,67.02751543209877,89.6296836419753,20.40419874031641,24.5855065591557,3255.6940330816087,2086.447913198672
vid_000331_frame0000288.jpg,66.22784722222222,89.11550925925926,20.407903051014866,25.067473887833177,3234.960575697064,2178.5258201967595
vid_000332_frame0000001.jpg,94.1344598765432,114.9497299382716,43.30330057044944,51.1942713786901,6034.975896850471,7239.4256668188455
vid_000332_frame0000002.jpg,94.21257716049382,115.68211419753086,42.79697183919859,51.19056141757207,5179.652116719477,6793.665490802124
vid_000332_frame0000003.jpg,92.73028549382715,115.0510262345679,43.50885208014656,51.38310790032289,6425.348497658931,7151.027397247406
vid_000332_frame0000004.jpg,97.37131944444444,118.8654475308642,37.82582279775243,46.3099739338785,4871.092224792095,5252.431341799494
vid_000332_frame0000005.jpg,95.93798611111112,115.50572530864197,31.053947806024816,37.72092328722342,4375.384434333502,4302.8383566929
vid_000332_frame0000006.jpg,93.73967592592592,111.63739969135803,31.329236235581174,37.25727695551071,4783.792832837982,4451.29553973712
vid_000332_frame0000007.jpg,90.41432098765432,107.99983796296296,28.7897846868767,32.49123754105178,3232.01263368389,2630.983822956616
vid_000332_frame0000008.jpg,87.83413580246913,104.92131944444445,28.858545574027534,29.367984937827266,3195.620786129627,2216.7752312671473
vid_000332_frame0000009.jpg,85.62906635802469,103.07341049382715,30.28242205805848,28.637865534653198,2715.295570230279,1756.2734277343752
vid_000332_frame0000010.jpg,91.53909722222222,107.63443672839506,32.39575802591879,29.274937626959254,2620.2600138307803,1891.1506021604937
vid_000332_frame0000011.jpg,93.34087191358024,109.2928163580247,32.50731877487168,29.229609452841796,2522.2099381358003,1788.6215567271925
vid_000332_frame0000012.jpg,95.00085648148148,110.02014660493828,32.3763158015813,28.594695182342818,2528.9855761164454,1858.6563302180975
vid_000332_frame0000013.jpg,95.21648148148148,110.24326388888889,32.031040644670306,28.70777543662812,2500.421686528112,1836.8263818800845
vid_000332_frame0000014.jpg,94.41285493827161,109.61631172839506,32.01523144734558,28.85311309308035,2567.2241528463055,1832.3671435298902
vid_000332_frame0000015.jpg,94.18868827160493,109.6669675925926,32.20389371167637,28.715128474455852,2581.104523746797,1843.2126045486586
vid_000332_frame0000016.jpg,93.74978395061729,109.54293209876543,32.4240144478793,29.06392182580706,2549.9317335361775,1835.1411421033736
vid_000332_frame0000017.jpg,92.9991975308642,108.55250771604938,32.43841386073752,29.407287441519497,2601.61041774096,1855.0859451726465
vid_000332_frame0000018.jpg,92.24449074074074,108.07520061728395,32.48641300348882,29.073331228022713,2584.007222547952,1848.8439046924414
vid_000332_frame0000019.jpg,91.98486111111112,107.87172067901234,32.504635744584455,29.226477874043937,2541.393069930032,1854.1747149204937
vid_000332_frame0000020.jpg,92.2562962962963,107.92993827160494,32.63147845689157,28.936488008529892,2550.6702622085045,1863.6873993326453
vid_000332_frame0000021.jpg,94.05847222222222,109.55876543209877,32.69706197601592,29.465657510904386,2577.004042152254,1836.83780010425
vid_000332_frame0000022.jpg,95.93670524691358,110.69913580246913,32.46792669444663,28.822448799654726,2532.130633930553,1846.1689262307575
vid_000332_frame0000023.jpg,96.82431327160494,111.7018287037037,32.05163522976419,29.058506697190367,2483.324107224449,1836.4693575614906
vid_000332_frame0000024.jpg,95.68685956790124,111.03765432098766,31.871052505728006,28.686416033868024,2532.7273277739673,1878.6198639402696
vid_000332_frame0000025.jpg,94.20597993827161,109.79635030864198,31.821263268928558,29.020896057428157,2460.59251348969,1777.0102240795513
vid_000332_frame0000026.jpg,90.89266203703704,107.5026774691358,31.892742196247013,29.030484598797788,2567.675175444328,1809.1949533598158
vid_000332_frame0000027.jpg,87.9966049382716,105.47016203703704,31.70932367000845,29.286661710417096,2553.4427669166644,1823.5048806562927
vid_000332_frame0000029.jpg,88.06833333333333,106.68624228395062,31.516438347489572,29.641946196319434,2467.97265403372,2036.7174721350002
vid_000332_frame0000030.jpg,85.3920987654321,106.31322530864198,34.99862752039333,34.87718320656851,2792.175422724242,2359.0081226185034
vid_000332_frame0000031.jpg,85.43449845679012,105.96796296296296,34.916189331727935,34.63936190782596,2937.0432698544787,2415.511198666779
vid_000332_frame0000051.jpg,70.30810956790124,89.25876543209877,37.1878055933957,37.88494623940044,4935.009633161627,4202.972417763107
vid_000332_frame0000052.jpg,65.45636574074074,85.83786265432099,26.76363752523717,27.23770138254315,4238.6636968235,2867.687398787342
vid_000332_frame0000053.jpg,71.61902777777777,91.74271604938272,27.16389583084696,27.596761462902847,4063.594726441699,3066.4437735096003
vid_000332_frame0000054.jpg,73.48927469135802,92.93332561728396,27.19389811785537,27.41067998167053,3949.832046729193,3026.37140724874
vid_000332_frame0000055.jpg,75.734737654321,95.24189814814815,26.49026766474233,26.830382356289444,3704.8075517746915,2875.46704998071
vid_000332_frame0000056.jpg,78.95072530864198,98.34139660493827,26.342399888418193,26.85313938747339,3491.6375292432917,2849.4174808141265
vid_000332_frame0000057.jpg,82.42193672839507,101.18860339506173,26.29309605110792,26.99800932407934,3420.852135816699,2862.4476505906114
vid_000332_frame0000058.jpg,82.26265432098765,100.91334104938272,25.93325139930906,26.827923559422718,3316.336172696557,2742.83778762997
vid_000332_frame0000059.jpg,81.84782407407407,100.60496141975308,25.582322151929432,26.868459613257553,3059.727006925154,2508.052938347277
vid_000332_frame0000060.jpg,82.46334104938272,101.17086419753086,24.954161964113645,26.341272593512926,2982.913537568349,2461.2221995799036
vid_000332_frame0000061.jpg,85.10373456790123,103.6608950617284,26.262082080231284,27.340042228851946,3099.8256366083083,2560.5147347321645
vid_000332_frame0000062.jpg,90.2775,108.31219135802469,27.250371215899445,28.996053469444565,3027.2542577112263,2635.466243969812
vid_000332_frame0000063.jpg,90.79503858024691,108.41070216049383,26.074971534169904,27.60273802118605,2824.134481673847,2205.0661943148903
vid_000332_frame0000064.jpg,88.65881944444445,107.16689043209877,24.09218935905289,25.75696347874497,2697.4134269202004,1960.043853665064
vid_000332_frame0000065.jpg,91.4328549382716,109.26422839506174,24.117992442198005,25.77652861000495,2791.380562394976,1959.3053646309631
vid_000332_frame0000066.jpg,98.74302469135803,115.8873611111111,24.538533204714916,26.438674338028274,2646.980883807668,1983.6192016503176
vid_000332_frame0000067.jpg,96.06761574074073,114.17827160493827,24.346632667525228,27.11990368760546,2627.6285530025907,1984.2988892661183
vid_000332_frame0000068.jpg,91.15637345679012,110.14885030864197,26.12211749936543,28.867049641509443,2829.2841084809866,2233.031646797304
vid_000332_frame0000069.jpg,84.67969907407408,104.65435956790124,27.409521891881706,29.843808687078763,3194.077974491253,2418.797160825093
vid_000332_frame0000070.jpg,82.52553240740741,102.95842592592592,28.21758622154358,30.41588735669453,3309.6358693177494,2526.450562948615
vid_000332_frame0000071.jpg,84.08533950617284,103.8365200617284,28.91670270905291,30.99698304596365,3448.2966851508922,2774.655970271717
vid_000332_frame0000072.jpg,85.18355709876543,104.97136574074074,29.03222644807376,31.273969910583556,3576.855799380573,2822.549491988109
vid_000332_frame0000073.jpg,86.54182098765432,105.75790895061728,28.46934258205437,30.606801142606656,3464.625690390601,2794.9598616359926
vid_000332_frame0000074.jpg,86.85932870370371,105.98855709876543,27.567410983166216,29.54692856943293,3369.7960503998534,2553.877970748969
vid_000332_frame0000075.jpg,83.75222222222222,103.61253086419752,26.289022341635537,28.224814629660138,3448.7819581356102,2506.9398257196285
vid_000332_frame0000076.jpg,80.26308641975308,101.46898919753086,24.875512868562392,26.75576627702655,3358.7215473165297,2399.6377152620007
vid_000332_frame0000077.jpg,80.66990740740741,101.69818672839506,25.24232933219285,26.554912761554583,3387.4753152000812,2470.1474762002745
vid_000332_frame0000078.jpg,81.30868827160494,102.80438271604939,25.403297731299528,26.887233177705248,3487.4250498628257,2660.0098359610174
vid_000332_frame0000079.jpg,83.19400462962963,104.77525462962963,25.33401301805034,27.060205059308593,3350.1987796972644,2560.974035474537
vid_000332_frame0000080.jpg,88.62186728395062,108.30351851851852,25.95880033884018,27.903081104976412,3383.624792502036,2835.251335185186
vid_000332_frame0000081.jpg,95.10552469135803,113.76430555555555,26.230099282440282,28.778799380930927,3275.171719428667,2752.8280205473156
vid_000332_frame0000082.jpg,95.20381172839507,113.59979938271604,26.089492012981356,28.852856962492023,3078.2129786236264,2571.773795265346
vid_000332_frame0000083.jpg,89.03649691358025,108.80498456790123,25.50673860515286,28.159343665076964,3229.8342128019735,2557.0380660193164
vid_000332_frame0000084.jpg,85.7063811728395,106.51037037037037,25.355946584220984,27.81275271243522,3238.187913271605,2469.319681762915
vid_000332_frame0000085.jpg,85.78778549382716,106.5530787037037,25.807541256043397,28.166739106798865,3334.166317840268,2494.190384857253
vid_000332_frame0000086.jpg,90.49739969135803,110.27926697530864,26.404601334492,28.786865184988866,3192.6325116383146,2577.4736883392397
vid_000332_frame0000087.jpg,96.35502314814815,114.00905092592592,26.997999187115493,28.532822552874546,3095.053492707798,2605.8585872768535
vid_000332_frame0000088.jpg,104.47015432098766,120.0635262345679,27.1197101226521,29.426012573244297,2991.9916569501006,2720.1834423091354
vid_000332_frame0000089.jpg,100.98328703703703,117.34963734567901,26.21801811280343,28.988685516693675,2989.4999947868446,2634.106884406912
vid_000332_frame0000090.jpg,96.16693672839506,113.9160725308642,25.958786085446047,29.585870538162506,2978.23383887722,2500.191640526406
vid_000332_frame0000091.jpg,91.87885802469135,109.77533950617284,25.957401307652308,28.932909407771554,2969.6688215963654,2355.308238849773
vid_000332_frame0000092.jpg,83.53703703703704,102.99815586419753,25.643986826479477,28.323712767440934,3267.40457258421,2386.697544066977
vid_000332_frame0000093.jpg,86.58156635802469,105.17531635802469,25.744465388968685,27.859172641801837,3231.3720187227914,2489.9650690898397
vid_000332_frame0000094.jpg,90.4416512345679,109.19372685185185,26.253466961914537,29.178118003317376,3278.7630300923547,2915.9221144046614
vid_000332_frame0000095.jpg,93.31813271604938,110.44699074074074,25.808945984087515,28.972164672680258,3249.024090992167,2935.213751747483
vid_000332_frame0000096.jpg,99.67193672839507,116.22421296296297,25.541506514796254,28.549106872870777,2970.5220389612264,2675.189636784599
vid_000332_frame0000097.jpg,102.2904012345679,118.1480401234568,25.540173278064866,28.748252188175428,2929.246391323731,2646.6169984895955
vid_000332_frame0000098.jpg,98.7425,117.32161265432099,25.49545267945339,29.76797359628256,2918.524425218085,2556.5616054410057
vid_000332_frame0000099.jpg,98.2124151234568,116.6429012345679,25.51660186750402,29.554522155745353,2914.4716334695545,2405.9903826931277
vid_000332_frame0000100.jpg,98.47958333333334,116.51640432098766,24.406227065637886,28.62984110828957,2863.2627424087414,2397.9731065538194
vid_000332_frame0000101.jpg,94.95152006172839,113.77594907407408,24.466267468320286,28.39979938652626,3056.1355338719686,2438.710068865205
vid_000332_frame0000102.jpg,91.469737654321,110.70154320987655,24.273325187784128,28.515585635959035,3002.19478303517,2436.70092386617
vid_000332_frame0000103.jpg,93.10150462962963,111.4535725308642,25.029765568274033,29.41575917259295,3082.5398511430594,2828.3419198635884
vid_000332_frame0000104.jpg,94.40664351851852,112.32430555555555,25.021330480448274,29.258694423426107,3010.6861713067747,2773.477918502741
vid_000332_frame0000105.jpg,94.50837962962963,112.51040895061729,24.8547013617506,29.378829400818354,3043.5922336671597,2878.0219672576945
vid_000332_frame0000106.jpg,95.39070216049383,113.1279012345679,24.31674247254567,28.62292608115102,2979.3027757101027,2839.317632229986
vid_000332_frame0000107.jpg,98.3585262345679,115.84185956790124,23.75930520741561,28.27427203654107,2996.5672998041814,2928.655765168943
vid_000332_frame0000108.jpg,101.39889660493827,118.64750771604939,23.25959466871445,28.471922504519,2878.518545138353,2843.5568881877766
vid_000332_frame0000109.jpg,101.17681327160494,117.69439814814815,22.67155947394366,27.818631115455236,2805.0367305550194,2722.8793066262765
vid_000332_frame0000110.jpg,99.53195987654321,117.23284722222222,22.127585226341516,26.87747840558538,2842.9340965706447,2598.680632691698
vid_000332_frame0000111.jpg,98.39853395061728,116.55810956790124,21.934869521771017,26.575517598417484,2828.5377739192168,2564.056500412892
vid_000332_frame0000112.jpg,97.07388888888889,115.65405864197531,21.831817243092765,26.29790661779075,2839.8596725642055,2518.842631620025
vid_000332_frame0000113.jpg,95.84963734567901,114.53081790123457,21.873204491207066,26.157624781458672,2838.0100531511966,2516.1214979161314
vid_000332_frame0000114.jpg,94.88030092592592,113.2227700617284,21.865927414577392,26.070218186224977,2852.7043869336208,2607.3844239216583
vid_000332_frame0000115.jpg,95.08682098765432,113.66202932098766,21.94987715632666,26.251904920047973,2888.3409356752377,2624.821877314279
vid_000332_frame0000116.jpg,95.57708333333333,113.75540895061728,21.983868232881807,26.566789190131406,2839.0864714072145,2664.085678530093
vid_000332_frame0000117.jpg,95.32972993827161,113.63448302469136,22.127161373564345,26.818760721960082,2871.4853349917485,2704.929167649689
vid_000332_frame0000118.jpg,94.94588734567901,113.36516975308642,21.986968557007017,26.73801248307843,2857.778783073988,2716.629380141889
vid_000332_frame0000119.jpg,94.8351774691358,113.68020833333334,21.86844826504555,26.513752434660656,2848.782412414266,2691.991484413342
vid_000332_frame0000120.jpg,95.61634259259259,113.99752314814815,21.789052103330302,26.43757791993458,2798.4424189526653,2692.1837466391717
vid_000332_frame0000121.jpg,95.2945061728395,113.43788580246914,21.961318633318886,26.5023787630105,2828.3803205587465,2677.9379142508765
vid_000332_frame0000122.jpg,95.00317901234568,113.21959104938271,22.070747757168245,26.303050399651113,2842.5951526229214,2668.6618815500683
vid_000332_frame0000123.jpg,95.17357253086419,113.76777777777778,22.034608455762303,26.843732031569605,2825.1121410831406,2657.7141728309325
vid_000332_frame0000124.jpg,95.58939043209877,113.50421296296297,22.05878936757398,26.49767717803185,2774.547827903461,2647.2839512259948
vid_000332_frame0000125.jpg,95.07994598765433,113.19654320987654,22.199894456640365,26.51285235319757,2834.5459924720294,2640.0538633856786
vid_000332_frame0000126.jpg,95.15742283950617,113.52331018518518,22.219069613045342,26.689670861764867,2792.3640954855755,2642.4639262000364
vid_000332_frame0000127.jpg,95.81782407407407,114.57363425925926,22.393585602344793,26.658613267182456,2869.8822536693506,2679.755192291035
vid_000332_frame0000128.jpg,96.86164351851852,115.49439043209877,22.80220237392248,27.20867348801099,2847.3481033929183,2688.283527700618
vid_000332_frame0000129.jpg,97.11391975308642,115.26667438271605,23.077324075537604,27.275010108893998,2872.312370712353,2713.724162739816
vid_000332_frame0000130.jpg,97.53281635802469,115.63753086419753,22.937814893729342,26.844483341623043,2789.535110337363,2675.910539054403
vid_000332_frame0000131.jpg,96.74906635802469,115.04697530864198,22.69082461050845,26.563182019468044,2762.6372583585176,2618.121474107832
vid_000332_frame0000132.jpg,94.82280092592593,113.10113425925925,23.149174655191107,26.330918406799917,2709.259611089619,2524.970687671408
vid_000332_frame0000133.jpg,92.54345679012346,111.71720679012346,24.451278913785632,26.86782255992396,2835.378347702332,2381.8672094592453
vid_000332_frame0000134.jpg,93.59849537037037,114.52549382716049,27.40431595989794,27.9747987570398,2743.166244588704,2410.1324524117417
vid_000333_frame0000001.jpg,93.55040895061728,111.02161265432099,43.32651163170497,49.60194114448124,4174.273468441358,5605.69768629919
vid_000333_frame0000002.jpg,93.77333333333333,111.09125771604938,43.307727605709935,49.60153647303732,4152.276066380649,5622.844434870768
vid_000333_frame0000003.jpg,93.84595679012345,112.07954475308642,43.68994490865821,50.54068882241913,4190.446560695778,5605.574885173516
vid_000333_frame0000004.jpg,93.69776234567901,112.05489197530864,43.91725290836842,50.59704002304156,4220.357885044201,5636.5195165285395
vid_000333_frame0000005.jpg,93.82904320987655,112.28552469135802,43.98443417507876,50.861029222302015,4167.537984863148,5604.88179472683
vid_000333_frame0000006.jpg,93.86300154320988,112.63940586419753,43.92486259459102,51.0233698388173,3840.4261911844133,5269.752148632485
vid_000333_frame0000007.jpg,100.98398148148148,117.56859567901235,45.25745085181661,53.23516617884846,3813.6294848331404,5680.601649279299
vid_000333_frame0000008.jpg,96.51891975308642,114.52760030864198,43.281800698129146,51.841762241430764,3882.3614819215227,5441.320236007279
vid_000333_frame0000009.jpg,96.16489197530865,115.8566512345679,39.05413268493209,47.79778512504365,3687.6935600636693,4666.503922801402
vid_000333_frame0000010.jpg,97.58889660493827,116.57622685185186,40.78332026197918,48.546260786806606,4007.768210720486,4987.795614794751
vid_000333_frame0000011.jpg,97.85726851851852,117.3340200617284,40.768688223348434,48.99698337318775,4054.902300901576,5059.859218441358
vid_000333_frame0000012.jpg,102.08034722222222,119.99871913580247,41.78665264264377,49.57849912532529,3460.294903089218,4364.725685665295
vid_000333_frame0000013.jpg,100.60793981481481,119.4725462962963,40.01758699308923,49.66695534340993,3778.941680747921,4947.675272507763
vid_000333_frame0000014.jpg,99.45077932098765,119.28423611111111,39.113506675894605,49.2558211288783,3804.2963018470296,4984.1393658512425
vid_000333_frame0000015.jpg,101.00074845679012,119.44096450617283,40.43595672989616,49.51389101756554,3761.679736013708,4932.257317849734
vid_000333_frame0000016.jpg,99.22841049382716,119.04706790123457,39.09465272714654,48.944984144284675,3593.5396177720977,4717.6245594955035
vid_000333_frame0000017.jpg,99.70523148148148,119.35766975308643,38.42304008884043,48.66271202351477,3592.543989334467,4745.021848729651
vid_000333_frame0000018.jpg,99.9600462962963,119.52864197530864,38.4962671670946,48.590015873636155,3578.653116597127,4887.615657574052
vid_000333_frame0000019.jpg,101.2387962962963,120.67435956790123,38.161413973440915,48.00166422629707,3395.959203793665,4569.438007394011
vid_000333_frame0000020.jpg,100.8987037037037,120.8144135802469,37.6879305538355,48.19507062316811,3544.8433460883916,4773.383670361797
vid_000333_frame0000021.jpg,99.67180555555555,119.82639660493827,36.99371344840812,47.406385910896304,3432.6382018594722,4640.667357467361
vid_000333_frame0000050.jpg,94.85106481481482,117.14610339506173,38.74874721720957,50.561786744516375,4067.2187313062036,5212.146712189215
vid_000334_frame0000001.jpg,91.20118055555555,114.05100308641975,24.010858143587324,29.676269366279694,2726.63239559304,2598.0199576808036
vid_000334_frame0000002.jpg,91.33346450617285,113.73696759259259,23.959605226212773,29.359715946073713,2669.3747164989504,2444.562217568242
vid_000334_frame0000003.jpg,90.32277777777777,112.98579475308642,24.13928070900515,29.3805736566893,2679.257228968943,2405.3584168066386
vid_000334_frame0000004.jpg,92.98891975308642,114.72334104938271,24.721239382580407,29.347403689995506,2725.6840629143203,2405.690885288006
vid_000334_frame0000005.jpg,95.98885802469135,117.52757716049383,24.708621713229924,29.51317076763319,2544.461550464868,2293.539195336077
vid_000334_frame0000006.jpg,96.66252314814815,116.87324845679012,24.2546194491148,28.04430836882593,2459.1856732107813,2287.8074525719567
vid_000334_frame0000007.jpg,96.38298611111111,116.88961419753086,23.523904227306446,28.33804138725842,2568.099043274118,2345.965041265623
vid_000334_frame0000008.jpg,94.36456790123457,116.53117283950617,23.031091923390452,28.057103926157684,2733.1314025248034,2464.0887431755827
vid_000334_frame0000009.jpg,92.40257716049383,114.48003858024691,22.30999608823384,25.98092402648752,2649.4569413508207,2184.008495316787
vid_000334_frame0000010.jpg,90.83310185185185,112.47723765432099,21.31948154051343,26.046800064576342,2719.955881877227,2336.944361407369
vid_000334_frame0000011.jpg,93.88128858024692,114.68753086419753,18.998561638377137,24.65014935125487,2682.498618921468,2430.427723379094
vid_000334_frame0000012.jpg,94.94500771604939,115.26484567901234,18.624217000276744,25.125222411169876,2718.744902327139,2659.341157258564
vid_000334_frame0000013.jpg,92.24042438271604,112.96117283950618,19.28326203143508,25.633534504961272,3039.729643274653,2994.1268064885667
vid_000334_frame0000014.jpg,91.99760030864198,113.61922067901234,19.392732079650003,25.508110535599506,3067.759649418379,2967.9844919595316
vid_000334_frame0000015.jpg,91.13141203703704,112.6613888888889,19.49450320626914,25.037773067302794,2976.6483352522837,2766.9296064755276
vid_000334_frame0000016.jpg,89.58191358024692,111.23268518518519,18.83452315264693,23.86916064353369,2716.788558564815,2579.4737661965
vid_000334_frame0000017.jpg,87.7408487654321,110.26738425925926,17.280208864924052,21.782633977634095,2768.3983394716415,2368.113444872876
vid_000334_frame0000018.jpg,84.83769290123456,107.57992283950617,21.198411757377485,23.765219321032202,2858.398106088475,2322.5554205523163
vid_000334_frame0000019.jpg,84.73931327160494,106.98618827160495,28.126333397593825,29.655737072865417,3780.7219309175434,3157.8031069899307
vid_000334_frame0000020.jpg,84.77757716049383,106.70996913580247,28.157564335628074,29.65755482206412,3865.2972577579635,3199.7526190822186
vid_000334_frame0000021.jpg,85.51685185185185,106.95658179012345,27.862427020485477,29.627205169494935,3814.2816301402227,3139.293192995542
vid_000334_frame0000022.jpg,85.02921296296296,106.97288580246914,27.79182442063648,29.54179383046207,3875.757511400463,3124.756570567558
vid_000334_frame0000023.jpg,83.47713734567901,106.12784722222223,28.028687665270898,29.348095598742947,3917.7867628357317,3067.3288316165126
vid_000337_frame0000160.jpg,57.56902777777778,83.1655401234568,26.9879128862537,29.044796247522868,3518.995681892468,1559.2266201126326
vid_000338_frame0000001.jpg,54.236612654320986,80.68222222222222,24.656356590461876,26.37504587790756,3433.1857097264497,1546.300765753065
vid_000338_frame0000002.jpg,54.48630401234568,80.89503086419754,24.585458742023196,26.153679839266402,3405.032892489652,1492.7885590915423
vid_000338_frame0000003.jpg,54.537901234567904,80.75902777777777,24.635506129605908,26.029326474365504,3466.9459524819367,1489.914052654833
vid_000338_frame0000004.jpg,54.22391203703704,80.74516203703703,24.591484413992184,26.269078379511704,3502.736330040616,1571.2400812751844
vid_000338_frame0000005.jpg,54.47811728395062,80.96445216049382,24.41439882348469,25.9793316519017,3396.592219470105,1537.5897435413215
vid_000338_frame0000006.jpg,54.49446759259259,80.9685725308642,24.55844880410962,26.14294852698437,3434.280223436726,1569.9634525376634
vid_000338_frame0000007.jpg,54.883101851851855,80.88496141975308,24.74664102924611,25.820850312841003,3449.1217181010425,1533.402123098613
vid_000338_frame0000008.jpg,55.20009259259259,81.41990740740741,24.829984114021048,26.604722997879453,3318.7695196149593,1553.1346848384392
vid_000338_frame0000009.jpg,56.17276234567901,82.05814814814815,24.921358695329957,26.276634899324023,3346.287992129094,1524.7814634714125
vid_000338_frame0000010.jpg,56.664922839506175,83.10899691358024,25.174062093926377,27.11420239514122,3460.403506544293,1650.2823594497788
vid_000338_frame0000011.jpg,57.353356481481484,83.62284722222222,25.25745047150349,26.880921993152832,3384.900859574986,1578.475864608101
vid_000338_frame0000012.jpg,59.276180555555555,85.56653549382716,25.401702587867245,26.79225033412335,3273.8778907407404,1504.7499957702234
vid_000338_frame0000013.jpg,61.00398148148148,86.56751543209876,25.5497580902206,26.727452312155144,3272.8631278501157,1564.0722300752077
vid_000338_frame0000014.jpg,61.216257716049384,86.93711419753086,25.829781109567115,27.14014859477041,3265.8039872541704,1594.8085196753902
vid_000338_frame0000015.jpg,62.005262345679014,87.44092592592592,26.198447085946245,27.46742286592879,3309.9004025276613,1620.289315778785
vid_000338_frame0000016.jpg,64.84199074074074,90.22273919753087,26.205387470073866,28.110647941340343,3172.695589733844,1645.9510863425928
vid_000338_frame0000017.jpg,69.6518287037037,93.963125,25.891438904366805,28.103032816868357,3034.761563494275,1687.395545538921
vid_000338_frame0000018.jpg,74.17935956790123,98.65659722222222,25.865634493242087,29.918306962586023,2950.9911077951147,1863.1877709828318
vid_000338_frame0000019.jpg,74.75315586419752,99.25307098765433,24.37458138438439,28.92325517024508,3086.8583495189373,1775.3778878257888
vid_000338_frame0000020.jpg,72.2648225308642,98.49718364197531,23.58296263710724,30.173134534278717,3241.6220709104946,2152.217814671865
vid_000338_frame0000021.jpg,72.1796836419753,99.08746913580246,23.16641298605933,31.420473102970288,3370.0659466047,2482.3927221221397
vid_000338_frame0000022.jpg,70.36256944444445,98.04318672839506,22.976383175557768,33.00512741730316,3376.7673622254133,2912.505826720155
vid_000338_frame0000023.jpg,69.59594135802469,98.40612654320988,24.343202442003467,36.33716488626543,3307.3481890217167,2927.809036286806
vid_000338_frame0000024.jpg,69.27716049382715,98.12088734567901,24.717188999978568,36.945942227152955,3706.351481633659,3792.948747703701
vid_000338_frame0000025.jpg,69.80651234567901,98.64337962962964,24.569846285197688,36.665776053969346,3662.259924665578,3716.2522703031523
vid_000338_frame0000026.jpg,70.08886574074074,99.10860339506173,24.593486530623803,36.694357852452136,3799.8538252952467,3881.9236961757333
vid_000338_frame0000027.jpg,70.20958333333333,98.65166666666667,24.485826288363633,36.026757550019695,3372.22664651325,3012.9533999885093
vid_000338_frame0000028.jpg,67.6949537037037,96.69499228395061,25.70011833746267,37.01104505960702,3745.06534853657,3578.52436938705
vid_000339_frame0000001.jpg,55.637746913580244,80.83942901234568,23.6026829634207,24.41550631134659,3544.7654700786366,1616.9764653705965
vid_000339_frame0000002.jpg,55.850408950617286,80.82907407407407,23.563027653705763,24.139591098482185,3521.2145750740647,1547.536875474156
vid_000339_frame0000003.jpg,56.032168209876545,81.34108024691358,23.692121953835397,24.21613660949774,3527.5641900053342,1558.209462197014
vid_000339_frame0000004.jpg,56.02758487654321,80.82189814814815,23.965937824399468,24.60256107017821,3561.7739591548902,1595.937375628477
vid_000339_frame0000005.jpg,56.35662037037037,81.90217592592593,23.77551191821462,24.520132787813633,3583.10414578993,1569.3242176925562
vid_000339_frame0000006.jpg,56.370300925925925,81.42980709876544,23.734642514912206,24.225098175210594,3456.673017511086,1548.0597254967206
vid_000339_frame0000007.jpg,56.646458333333335,81.96513888888889,23.827351631246525,24.598201169035,3491.879070101678,1547.6182939499863
vid_000339_frame0000008.jpg,56.321720679012344,81.26648148148148,23.84330872183422,24.840686643663243,3555.7129269309175,1640.2214177238127
vid_000339_frame0000009.jpg,56.301759259259256,81.4477237654321,23.846229481518748,24.483336457862105,3456.3487303476504,1552.9720534878807
vid_000339_frame0000010.jpg,55.718595679012346,81.02471450617284,23.917231762651305,24.753227411382227,3574.583707817978,1640.4965387683255
vid_000339_frame0000011.jpg,59.59689043209877,84.59263888888889,24.21989880339381,24.942990828949434,3510.9949616102726,1626.0245635282706
vid_000339_frame0000012.jpg,56.31948302469136,81.15310185185186,24.03064543025145,24.7295426354545,3538.987097477281,1589.0040984710195
vid_000339_frame0000013.jpg,55.42233024691358,80.41871913580248,24.164909287358096,24.962550621772852,3717.0715153029623,1671.1226733609942
vid_000339_frame0000014.jpg,55.42800925925926,80.03793981481482,24.10766013552105,25.294205963491684,3676.2836345679016,1712.3051536265434
vid_000339_frame0000015.jpg,55.63179012345679,80.4750848765432,24.203197967565906,25.153457955872742,3738.0683763073826,1693.5615841478054
vid_000339_frame0000016.jpg,55.35740740740741,80.85891975308643,24.29213675437545,25.948614417557856,3625.4883759237828,1728.540068260781
vid_000339_frame0000017.jpg,55.340632716049384,80.44391203703704,24.518083277947355,26.14753698840799,3687.2347522097907,1731.4274175853884
vid_000339_frame0000018.jpg,54.89081790123457,80.56158179012345,24.512866530979306,26.423780809169347,3703.2065947337965,1743.885544078587
vid_000339_frame0000019.jpg,54.87217592592592,80.49439814814815,24.30397589571345,25.493468047005695,3632.82461919272,1640.0219440243486
vid_000340_frame0000017.jpg,61.006643518518516,86.49002314814815,24.49198207172979,25.44364371312998,3577.1130897676017,1649.4865309794025
vid_000340_frame0000018.jpg,60.40082561728395,85.83349537037037,24.43894024388705,25.789359825723817,3550.7100762359373,1727.692720027435
vid_000340_frame0000019.jpg,60.608271604938274,86.34344907407407,24.385109921867063,24.998345583879114,3532.3944030563534,1652.036241654283
vid_000340_frame0000020.jpg,60.33632716049383,86.0841512345679,24.420390970503018,25.897982762414397,3557.382796789206,1745.039982803153
vid_000340_frame0000021.jpg,60.75600308641975,85.85360339506173,24.43430066196896,25.671245595830953,3599.7512639574165,1739.9048960899988
vid_000340_frame0000023.jpg,61.013070987654324,86.52917438271605,24.410356891977763,25.308456305823714,3555.3964979307175,1624.9887108003259
vid_000340_frame0000024.jpg,60.658858024691355,86.24071759259259,24.519548989459608,25.761891856304437,3558.4544560970485,1724.1383359524436
vid_000340_frame0000026.jpg,61.204104938271605,86.94030092592592,24.563144725960765,25.996450242640545,3487.099776791779,1686.5015979032705
vid_000340_frame0000028.jpg,61.09992283950617,86.53038580246914,24.7258745740335,26.487981834055986,3633.02659153753,1751.4389253543072
vid_000340_frame0000029.jpg,61.51776234567901,87.08347222222223,24.68626897400862,26.026575478797618,3527.1644360719947,1667.8810754624271
vid_000340_frame0000030.jpg,61.431990740740744,87.04692129629629,24.834837539328753,26.7578916580613,3559.836971946921,1763.353600820902
vid_000340_frame0000031.jpg,61.93074845679013,87.38939814814815,24.94452571556293,26.187531288919633,3583.2202165608687,1693.250625674202
vid_000340_frame0000032.jpg,61.31439043209877,86.41031635802469,25.006065801442684,26.723090712242332,3563.331900540063,1789.6702947268304
vid_000340_frame0000033.jpg,61.44547839506173,86.88221450617284,25.014663408075,26.551495651479417,3563.564660531872,1755.4292886702078
vid_000340_frame0000034.jpg,61.218333333333334,86.35350308641975,25.10168180263999,26.97008382208629,3642.3090594135206,1859.7108668123549
vid_000340_frame0000035.jpg,61.13144290123457,86.92304012345679,24.89308742336753,26.590432467004756,3544.777004042829,1765.276387851509
vid_000340_frame0000036.jpg,60.72800925925926,86.42505401234568,24.773347001449668,26.226599806683332,3598.78032234219,1721.112138094362
vid_000342_frame0000210.jpg,78.98123456790124,101.09814043209876,28.08447826582321,27.423478095657284,2884.030236050145,1680.0573842571162
vid_000342_frame0000211.jpg,78.22425925925926,100.03400462962964,27.831740380354425,27.853978418654886,2969.459587769526,1761.015822150718
vid_000342_frame0000212.jpg,78.03492283950617,100.3783950617284,27.595341173273336,26.986898614084744,2895.3397106079005,1647.3417295724144
vid_000342_frame0000213.jpg,77.56010030864198,99.59460648148148,27.471092814484773,27.405050734974044,2957.284569324179,1787.4620274262093
vid_000342_frame0000214.jpg,77.43750771604938,99.47277777777778,27.550981345670944,27.578244741547483,3011.9799757667824,1767.452431603414
vid_000342_frame0000215.jpg,77.71614197530864,99.43353395061729,28.69779095132613,30.689367033729226,3037.0913700617284,2046.0508162970584
vid_000342_frame0000225.jpg,78.76591049382716,100.50239197530864,27.993292598373657,27.534914880717004,2973.9189903286824,1771.945564771412
vid_000342_frame0000227.jpg,79.3959336419753,101.34486111111111,28.26685235037792,27.875481335807137,2921.8066382485044,1726.538660474537
vid_000342_frame0000228.jpg,79.61341049382716,101.23760802469135,28.267544684749936,27.622324894006642,2907.1452585804727,1702.8006592075808
vid_000342_frame0000246.jpg,79.04304012345679,101.31408179012345,27.762384890922526,26.806190882041065,2862.2663177295285,1651.2351454711074
vid_000342_frame0000247.jpg,79.27472222222222,101.54459104938272,28.206904306217716,27.635718174958335,2893.2078907976584,1715.6189908592798
vid_000342_frame0000265.jpg,78.38409722222222,100.41589506172839,27.918388148190378,27.42663238557879,2921.936439753848,1634.5045434134945
vid_000342_frame0000266.jpg,78.33865740740741,100.48785493827161,28.148371541168547,27.244431824878244,2852.302248170058,1631.7317480394922
vid_000342_frame0000267.jpg,77.70719907407407,100.01810956790123,27.725408980060223,27.32241715409374,2977.5638935179823,1690.9357758629951
vid_000342_frame0000268.jpg,77.12152777777777,99.77010030864197,27.494130116731675,27.147614476214986,2908.992611465418,1659.8139261101942
vid_000342_frame0000269.jpg,77.22697530864197,99.42849537037037,27.61785845546423,27.72853292769939,2885.821953536463,1639.7736792561514
vid_000342_frame0000270.jpg,77.27965277777778,99.24046296296297,27.95297632405651,27.943563633708163,3027.6012529934824,1819.473139216583
vid_000342_frame0000271.jpg,77.19175925925926,99.69956018518519,27.938939760300464,27.513797993978883,2969.516354474772,1675.5664710642789
vid_000342_frame0000272.jpg,76.45265432098765,99.01881944444445,27.346540323154922,27.210751423853274,2870.2035733479556,1643.0887255637003
vid_000343_frame0000007.jpg,76.63175154320987,98.99534722222222,22.897665918032448,26.830117445085683,2853.165529621057,2073.3051242262522
vid_000343_frame0000008.jpg,78.98636574074074,100.28582561728395,22.665655769305538,26.416275432559562,2738.370734720079,2221.861692485901
vid_000343_frame0000010.jpg,81.71824845679012,103.2710262345679,22.948933318361767,27.399089153598563,2792.748442086227,2472.2270955637473
vid_000343_frame0000011.jpg,86.29273148148148,106.56918209876544,23.529020751807945,27.77623241719439,2613.756174847048,2326.875248925409
vid_000343_frame0000012.jpg,87.74767746913581,108.09273919753086,24.066241500187697,28.971971657538116,2696.194235901003,2517.236341346534
vid_000343_frame0000015.jpg,76.2115663580247,98.43861111111111,22.021050896298902,25.647827319660742,2850.303852827075,2254.135379057118
vid_000343_frame0000017.jpg,77.57649691358024,100.42368827160495,21.6936789610289,25.12155591482816,2858.332087516194,2421.3971088925086
vid_000343_frame0000018.jpg,78.38222222222223,100.64440586419754,21.845288683245204,25.345350987892665,2896.0490320987055,2384.7946533607083
vid_000343_frame0000020.jpg,78.86766975308642,100.5869212962963,21.22808792851616,25.232315471850104,2908.9501284519793,2551.3025945528025
vid_000343_frame0000021.jpg,77.76806327160494,100.78777777777778,20.962694527076017,24.878774767874265,2848.422817785971,2397.7119224194107
vid_000343_frame0000022.jpg,76.34427469135802,99.78017746913581,20.933716887229277,24.756765579207098,2939.6325640239193,2427.7723621389646
vid_000343_frame0000026.jpg,87.38075617283951,107.54888888888888,24.566846198571195,27.075846577738517,2581.012921582016,2335.426800689622
vid_000343_frame0000029.jpg,85.90290895061729,105.83604938271606,24.735252699455238,27.026310679789876,2671.6330141517465,2081.175484548611
vid_000343_frame0000046.jpg,85.69180555555556,106.84469907407407,22.820645653361026,25.672424687560305,2720.4738252314814,2329.9966620212595
vid_000343_frame0000047.jpg,83.45603395061728,104.61002314814814,22.76690009259073,25.75945517105012,2814.4623567872063,2373.24415408641
vid_000344_frame0000024.jpg,74.9304475308642,101.29146604938272,22.43486990741598,29.875219685313795,2847.8187970955264,2606.1653337217554
vid_000344_frame0000026.jpg,74.60722222222222,99.8104012345679,20.919962858180565,27.472986898010745,2802.007118697071,2240.2286472715195
vid_000344_frame0000027.jpg,79.01810956790123,103.50604166666666,20.28187715352578,28.56405289554078,2859.2403739690503,2558.5860586371527
vid_000344_frame0000029.jpg,74.58985339506172,99.72702160493827,21.77148251862408,29.252605214034787,2983.056334224966,2431.187529183754
vid_000344_frame0000031.jpg,72.15655092592593,97.23864197530864,22.35297104052291,28.903348582247006,2993.452354294315,2316.9011894680693
vid_000344_frame0000032.jpg,70.42166666666667,94.48496913580247,20.51502888579943,26.677660164469057,2989.8338187642294,2143.2535775889255
vid_000344_frame0000033.jpg,70.97434413580247,95.13632716049382,21.337652502266888,27.07253821493542,2932.9543953167868,2091.7831031020783
vid_000344_frame0000034.jpg,70.23731481481481,95.64296296296297,20.623192615450648,27.126471226845016,3022.7797296510034,2154.5623264660494
vid_000345_frame0000007.jpg,71.63530092592593,97.72336419753087,22.62220712901017,28.38248814192687,2901.9973627076665,2210.1164111796984
vid_000345_frame0000011.jpg,72.0604475308642,98.00966820987654,22.58012592606058,29.272418717541953,2896.2415510282704,2312.9388097734245
vid_000345_frame0000013.jpg,72.94032407407407,98.61144290123457,22.939260994127608,29.449326433610405,2986.6924968364197,2415.7801292095332
vid_000345_frame0000016.jpg,75.16804012345679,101.04220679012346,23.057128865694754,29.908198420907908,2800.5716155692135,2285.4334689748134
vid_000345_frame0000017.jpg,82.47116512345679,107.63424382716049,21.21035012677801,31.69712307624966,2810.2729910359863,2887.0682329196675
vid_000345_frame0000020.jpg,80.95668981481481,107.71597222222222,20.358590093272273,32.80827664619182,2915.2738239449377,3439.11874111797
vid_000345_frame0000022.jpg,79.98725308641976,105.93000771604939,20.52031681848526,30.76415388649251,2981.8563743703326,2854.4101293971953
vid_000346_frame0000010.jpg,75.82460648148148,101.23682098765433,23.926385644616204,30.672431207685133,2852.150321000455,2524.608254226621
vid_000346_frame0000012.jpg,77.53333333333333,102.57683641975309,23.985623909354278,31.142124777715033,2790.427672770681,2616.2817181769524
vid_000346_frame0000013.jpg,79.29632716049383,104.54039351851851,24.048426556504342,30.89782701166336,2716.765801518859,2367.185214684726
vid_000346_frame0000014.jpg,80.06238425925926,105.46401234567901,24.411658351105736,32.29157719863117,2729.133928814622,2804.5686393646524
vid_000346_frame0000018.jpg,78.02810956790124,103.60162808641975,24.902847120936507,32.955634863599805,2956.8004557270233,2891.9204964732417
vid_000346_frame0000019.jpg,79.6023225308642,104.36736111111111,24.883484516936445,31.458564254425944,2739.1380366464123,2366.7647270909542
vid_000346_frame0000020.jpg,79.18075617283951,104.67644290123457,25.19815445027289,33.08464677868732,2820.0456913960693,2846.910558889651
vid_000346_frame0000021.jpg,78.52868827160493,103.4449151234568,24.886027138459824,31.687038859851814,2850.466082295953,2509.0403919143423
vid_000346_frame0000022.jpg,78.15934413580247,103.19388888888889,24.743158173961827,31.489717354623462,2912.9149622532773,2812.823189151568
vid_000346_frame0000026.jpg,78.15574074074074,102.7810262345679,24.438297290345396,30.849166948492766,2884.38201151668,2555.1694533598156
vid_000346_frame0000027.jpg,77.25912808641975,101.76000771604939,24.659393118908117,30.941901516299623,2970.023990565463,2584.500835097963
vid_000346_frame0000032.jpg,78.3896450617284,101.61420524691358,24.077270431201885,30.149109333135044,2811.692311554784,2553.0801426895196
vid_000346_frame0000036.jpg,83.22171296296297,104.27494598765432,20.140566079532856,23.896611453575005,2909.8181359691143,2300.45652705166
vid_000346_frame0000037.jpg,82.5015200617284,103.9142901234568,21.142587590810436,25.347640017057742,2875.518800404319,2209.52290557818
vid_000346_frame0000041.jpg,82.54790895061728,103.35006944444444,21.66485365158963,25.42136488140338,2879.1782347498474,2212.9740501790884
vid_000346_frame0000043.jpg,83.9877237654321,105.69404320987654,19.30920578371282,23.284513444959575,2851.448457946995,2240.3957715706442
vid_000346_frame0000044.jpg,83.16447530864197,104.69604166666667,19.308288384576787,24.68957444314197,2909.2361608536717,2370.6362327602856
vid_000346_frame0000045.jpg,83.33479938271606,105.9178549382716,21.09234967775967,27.251733929950834,2845.510085493589,2617.742649445528
vid_000347_frame0000012.jpg,82.51381172839505,105.61173611111111,21.143196246257652,26.144349109322185,2999.1122217399693,2370.6249125276254
vid_000347_frame0000021.jpg,81.06110339506174,104.60578703703703,20.952564945487342,26.1531617160291,3040.57580500537,2380.840062756249
vid_000347_frame0000023.jpg,80.82761574074074,105.00611111111111,21.16671510698451,26.598225997885045,3097.502303812241,2452.133627979193
vid_000347_frame0000027.jpg,80.97540895061728,104.33855709876543,21.62174485390122,27.592754926995706,3098.573775575786,2529.116634887022
vid_000347_frame0000028.jpg,80.1913888888889,103.79958333333333,21.351638701314744,27.1677366264957,3074.8552130734643,2516.271993567042
vid_000347_frame0000030.jpg,81.64885802469136,105.32954475308642,21.51413155859617,27.634824166931015,3052.52425982933,2491.353290740205
vid_000347_frame0000031.jpg,80.79186728395062,105.14364197530864,21.507031190962948,28.1880017216014,3077.097071397034,2605.893013236359
vid_000347_frame0000033.jpg,79.84540895061728,104.53400462962964,21.162548040593165,27.566490905547948,3036.673058641737,2451.474331555546
vid_000349_frame0000001.jpg,90.33363425925926,114.89686728395061,26.016109531525984,36.25246453181541,2794.425505347651,3460.9776965856477
vid_000349_frame0000002.jpg,90.62814814814814,115.02907407407407,25.907946567338694,35.38149740191786,2665.9418120212595,2949.6118320872747
vid_000349_frame0000003.jpg,91.16385030864197,114.63513888888889,26.079497652935043,36.10368910665972,2767.7258888173847,3162.2553140136793
vid_000349_frame0000004.jpg,91.47637345679013,115.9791975308642,26.110038343140808,36.50229443961082,2716.698640163228,3283.729850402949
vid_000349_frame0000005.jpg,92.00055555555555,116.16494598765432,26.166553426270657,36.11338464526977,2779.4676609581593,3068.4889819053283
vid_000349_frame0000006.jpg,91.97650462962963,116.16510030864198,26.103372590948705,35.735171139848475,2723.5109751699792,3029.3484944343827
vid_000349_frame0000007.jpg,91.66520833333334,115.70628858024692,25.78903351070904,35.94109645179822,2693.8079783864887,3036.296684242053
vid_000349_frame0000010.jpg,89.06792438271604,114.06885030864197,25.096704486705967,35.05946388768359,2824.335237665693,3071.7082791051644
vid_000349_frame0000012.jpg,86.95645833333333,111.4979012345679,24.7515411813418,33.68380309992023,2787.1420609451206,2866.090327571064
vid_000349_frame0000015.jpg,82.07820987654321,106.70231481481481,23.825789285290487,30.55159637298727,2996.8319159521584,2300.4392674494648
vid_000349_frame0000020.jpg,76.22181327160494,101.28766203703704,23.250216468838488,27.952763378433975,2928.958750624905,2010.24328163098
vid_000349_frame0000022.jpg,75.16431327160494,99.75283950617283,23.434262195923576,27.54305761533026,3066.8068380614973,1975.669450540123
vid_000349_frame0000027.jpg,72.39975308641975,97.72766203703704,22.455013255605174,25.21515301563388,3016.5477288751713,1669.4913612606097
vid_000349_frame0000028.jpg,71.7653549382716,96.96180555555556,22.720283543292304,25.605106692128384,3064.717298510135,1707.7414806410513
vid_000349_frame0000057.jpg,73.82219907407408,99.3069675925926,23.87639077670865,26.846303931565455,3045.812624004535,1730.2408878595465
vid_000349_frame0000074.jpg,79.2955324074074,104.33790895061729,25.760729188286216,30.536319823180424,2873.9835756056145,2011.194292020974
vid_000349_frame0000077.jpg,83.42506944444445,108.09630401234568,27.444104016862845,35.42222886928588,2824.7099879900534,2642.028138838818
vid_000349_frame0000081.jpg,87.0410725308642,112.35582561728395,29.14873448364141,39.59506532783182,2837.346308213246,3233.0296190814447
vid_000349_frame0000084.jpg,87.68112654320987,111.84766975308642,29.22288632477383,39.26065876115775,2716.4894034443582,2937.152758434726
vid_000349_frame0000093.jpg,77.90868055555555,103.82209104938272,26.40847785135927,34.31834882388549,3020.827153253541,2474.83945407611
vid_000349_frame0000096.jpg,77.08351080246914,102.1141975308642,25.596322731314824,31.204228686770808,2968.630279286694,1920.8767487568587
vid_000350_frame0000005.jpg,78.31960648148149,107.61396604938271,23.72918590542103,25.541944551906663,2866.0456890931614,1475.0962694091984
vid_000350_frame0000007.jpg,81.42378086419752,110.16524691358025,23.364656407454387,25.314031248014476,2830.5176567381473,1458.7671378857428
vid_000350_frame0000008.jpg,80.93045524691358,109.21615740740741,23.328989707004897,25.422834795939703,2776.9746875569176,1484.6717640288614
vid_000350_frame0000009.jpg,81.0051774691358,109.97881944444444,23.21018120941886,25.609995284709285,2722.724338705752,1468.467649622533
vid_000350_frame0000012.jpg,82.16954475308641,108.35084104938272,23.866254715489024,24.8615807851857,2841.1564674554184,1530.6002653461267
vid_000350_frame0000014.jpg,82.02297067901235,109.1290200617284,23.77092071043904,25.326930181210642,2790.052972117198,1548.0810766058435
vid_000350_frame0000018.jpg,81.73319444444445,109.7265663580247,24.055758659249722,25.526836418991575,2804.5414757324884,1529.176063862216
vid_000350_frame0000019.jpg,82.16815586419753,111.08866512345679,23.919797894660093,25.978684007376927,2699.3109153634523,1455.8678598221857
vid_000350_frame0000020.jpg,80.35491512345679,107.80635030864198,25.672125436992406,26.769259677584024,2880.5202888369126,1581.4101959442517
vid_000350_frame0000021.jpg,83.63372685185185,108.8277237654321,33.42567607143942,34.18455951857871,2864.298561554783,1934.5592032535415
vid_000350_frame0000022.jpg,85.20805555555556,111.99325617283951,27.49119443617861,29.660426687944305,2840.176199411055,1691.3944340839812
vid_000350_frame0000028.jpg,87.21640432098765,112.80773919753086,25.917248523362,27.618146102104088,2810.8618798344382,1715.3142062176116
vid_000350_frame0000032.jpg,89.99840277777778,114.24817901234567,25.84423913608128,27.37503334039445,2758.5750856079003,1672.1900439928531
vid_000350_frame0000033.jpg,89.05941358024691,112.24761574074074,25.657515581773527,27.02576827679669,2796.435847220079,1859.348342048123
vid_000350_frame0000037.jpg,88.57270833333334,113.8132175925926,25.55407828903182,27.644334131147115,2679.4627668028884,1619.855790714961
vid_000350_frame0000041.jpg,87.81446759259259,111.80447530864197,25.20172378505382,26.955319598605588,2741.7364003191205,1740.1593563078702
vid_000350_frame0000053.jpg,80.67116512345679,107.34493827160493,24.996336312422308,26.246168426933387,2854.719469360615,1701.508400462725
vid_000350_frame0000056.jpg,81.08013888888888,108.86047839506173,24.904906440208215,26.72684719308002,2915.936077262839,1606.3740486882716
vid_000350_frame0000059.jpg,80.96968364197531,109.01112654320988,24.328366103716476,26.421275733492152,2889.9759765029626,1583.6227981395748
vid_000350_frame0000063.jpg,84.08907407407408,110.9251311728395,24.32797533109902,26.319211014469104,2870.7696787407954,1634.034761314729
vid_000350_frame0000072.jpg,89.40242283950617,115.2580787037037,24.34085088709157,26.742424657377914,2811.097578802774,1683.9042466611418
vid_000350_frame0000076.jpg,89.51969135802469,115.69609567901234,24.28586086957481,27.31594812180816,2691.900761315384,1616.7851077669536
vid_000350_frame0000080.jpg,91.46021604938272,115.96139660493827,24.61914793438333,27.885783617961433,2687.2050351460693,1708.8730933327022
vid_000350_frame0000083.jpg,93.37271604938272,116.78354166666666,24.690025589511446,28.713239071035236,2783.644716458762,1995.8283100408069
vid_000350_frame0000084.jpg,94.05554783950618,117.21013117283951,24.719858674642868,28.019602719468878,2664.509456012565,1838.2554956730585
vid_000350_frame0000085.jpg,94.11728395061728,117.25290895061728,24.945754927830347,28.48739208389757,2735.083802828682,1960.4771192262992
vid_000350_frame0000094.jpg,106.3239737654321,125.52987654320988,27.99145018185486,36.71849686075335,2677.0678461646,2928.3608088176697
vid_000350_frame0000098.jpg,104.46645833333334,122.46922067901235,30.019327132695818,40.253266605164924,3100.394976708724,3676.711686998933
vid_000350_frame0000101.jpg,106.41319444444444,124.21347222222222,31.127049666943446,42.49967974439068,2998.0801414587613,3816.914631411942
vid_000350_frame0000105.jpg,105.26514660493827,123.97618827160494,31.36656774780897,41.38901384367847,2837.27511899839,3179.431311482565
vid_000350_frame0000106.jpg,104.84904320987654,123.15023919753087,31.28507324150813,41.241200678816796,2769.120849686536,3105.781951224506
vid_000350_frame0000110.jpg,99.41685956790124,118.58930555555555,30.141367558321477,40.00557198628518,2998.488987589485,3212.224040743539
vid_000350_frame0000111.jpg,98.39296296296297,116.9551774691358,29.79489728433064,39.016279704632396,3112.8017840143816,3183.329152376734
vid_000350_frame0000115.jpg,101.09608024691359,119.0763811728395,27.20958884982051,35.72055042990241,3133.2902491711798,3156.808962916286
vid_000350_frame0000119.jpg,97.29979938271605,117.18953703703704,27.66275401756477,34.90099115693253,3114.9578922208407,2983.719224150282
vid_000350_frame0000120.jpg,96.47331018518518,115.4798611111111,27.835215571742747,34.66079538037843,3045.046151191165,2917.9367048923086
vid_000350_frame0000125.jpg,96.24766203703703,116.39962191358025,27.67630016791526,34.5414992603585,3130.6732355357417,3157.5586928819444
vid_000350_frame0000131.jpg,97.67007716049383,117.53941358024692,27.328791565871267,34.55838777642114,3106.838213560183,3061.0900582752242
vid_000350_frame0000136.jpg,96.75775462962963,116.43270061728396,27.74499672761022,34.90895532884235,2995.4192034598386,2927.104147993589
vid_000350_frame0000143.jpg,99.3861111111111,119.13800154320988,27.78678312360077,34.72368072963432,3049.35405789871,3027.5943921224257
vid_000350_frame0000151.jpg,101.81657407407407,120.84537808641976,28.24730889603415,35.192913293391705,3094.745260440244,3138.308195375848
vid_000350_frame0000154.jpg,100.32429012345679,119.34796296296297,28.479361806030543,35.04916435204135,3069.687654243827,3070.3363289206586
vid_000350_frame0000162.jpg,108.39748456790123,126.69071759259259,30.388384870384705,37.769189182337946,3080.818089827139,3157.4742571930724
vid_000350_frame0000163.jpg,107.81037808641975,127.06261574074074,30.087238261166664,37.550895387360185,2981.5154959683646,2995.045590899289
vid_000350_frame0000167.jpg,108.94571759259259,128.61229166666666,29.045344382053692,37.18577982009401,2932.1930727379954,3060.853001714618
vid_000350_frame0000172.jpg,106.85293981481482,126.11012345679012,29.428053637550104,37.05140264064344,2997.697762844305,2965.361120088818
vid_000350_frame0000175.jpg,103.1994675925926,122.58398148148149,29.15623974511403,37.27969919141149,2965.6098237353654,2986.5270195463727
vid_000350_frame0000178.jpg,101.90139660493827,121.54979938271605,28.909539754036825,36.82189517754247,3026.309194012858,3024.4387518084495
vid_000350_frame0000181.jpg,99.39442901234568,119.19800925925927,28.943294066730424,35.43251591841251,3169.449855747921,3094.9747221959665
vid_000350_frame0000182.jpg,98.37762345679012,118.5794675925926,28.90448578807501,35.254593602634436,3257.6361944858227,3129.0613497341656
vid_000350_frame0000183.jpg,97.85953703703704,117.89764660493827,28.913275632663222,35.24988149903627,3232.6439897631367,3167.1265940757294
vid_000350_frame0000184.jpg,98.41765432098765,118.48695216049383,29.0026836251536,35.29979321103084,3267.8058234872733,3113.5783843161767
vid_000350_frame0000185.jpg,99.91747685185184,120.31244598765431,28.944952066210178,35.87426012535779,3156.25405966983,3059.486126208312
vid_000350_frame0000187.jpg,101.52820987654322,121.53658179012346,28.59240581434602,35.69470001699826,3089.1584631799174,3044.994809477345
vid_000350_frame0000194.jpg,99.60670524691358,119.62154320987655,28.365872705782408,35.46155558882037,3195.4776523914397,3023.1994121498606
vid_000350_frame0000199.jpg,103.77666666666667,122.9438348765432,28.060637581521227,35.78479595741011,3014.8949398910227,3046.5315604418506
vid_000350_frame0000201.jpg,102.92127314814815,121.51918209876543,28.02085501856941,35.49546748944152,3104.6079219935386,3088.352027415552
vid_000350_frame0000211.jpg,95.66416666666667,116.40068672839506,28.700979301860112,34.91424721340876,3040.6594778518424,2942.5924858479557
vid_000350_frame0000213.jpg,94.51787808641976,115.54586419753086,28.78871582354947,34.705714007162996,3078.854608860061,2913.71909120156
vid_000350_frame0000217.jpg,92.05598765432099,113.64191358024691,29.844263173931925,34.78142174792955,3135.3960156892404,2805.1205299487497
vid_000350_frame0000221.jpg,92.84131172839506,115.13667438271605,29.48772558214288,33.71920704150931,3177.80155916775,2855.452079945892
vid_000361_frame0000001.jpg,59.85715277777778,85.69148919753087,21.812757209452244,22.263225333666266,3171.4786923858787,1528.3411696458597
vid_000361_frame0000002.jpg,60.140586419753085,86.07814043209876,21.767419680170065,22.165776171169878,3185.1883317638676,1452.7504545395495
vid_000361_frame0000004.jpg,60.00320987654321,85.96989969135802,21.724669630650084,22.34814040284441,3187.5322294723915,1479.1132362054182
vid_000361_frame0000008.jpg,60.05797839506173,85.81651234567902,21.907748916303113,22.445587956221257,3181.2969081356096,1514.0773450274348
vid_000361_frame0000010.jpg,59.828024691358024,85.80685956790123,21.902383216047525,22.296275657455478,3215.1311604021394,1525.3835233276536
vid_000361_frame0000011.jpg,60.013333333333335,85.77104166666666,21.8357616263429,22.368348228340714,3232.6340628334096,1474.440121427517
vid_000361_frame0000016.jpg,60.03968364197531,86.13376543209877,21.778382025884056,22.46418841467822,3136.107546772596,1467.0116447396906
vid_000361_frame0000017.jpg,60.276257716049386,85.99099537037037,21.97434709225995,22.71403317722118,3257.5787131600914,1544.567816507523
vid_000361_frame0000023.jpg,61.06685185185185,87.30489197530864,21.927106159582657,23.066940043754347,3239.42934494307,1462.472434549266
vid_000361_frame0000029.jpg,61.307685185185186,86.90702160493827,22.016157567212957,22.551364144351403,3185.1118302447708,1448.7999150891635
vid_000361_frame0000030.jpg,61.02212191358025,87.42542438271605,22.140767656318133,22.987223911744206,3186.5944718063533,1504.4524321772951
vid_000361_frame0000034.jpg,61.37834104938272,87.24426697530865,22.376314673310123,23.704197588953136,3208.272463901213,1473.5045120370369
vid_000361_frame0000035.jpg,61.639020061728395,87.62382716049383,22.31173521626475,23.482294489437034,3162.4473969050064,1469.8613488068106
vid_000361_frame0000036.jpg,61.322345679012344,86.76539351851852,22.18150987422315,22.98272798029274,3148.421964871733,1421.8672576186461
vid_000361_frame0000037.jpg,61.01057098765432,86.78175154320988,22.0075838355534,22.548245572850625,3115.9188754914817,1397.7561287141823
vid_000362_frame0000001.jpg,98.32381172839506,119.3232561728395,19.86439035030386,22.721034929910815,2384.474775334302,2384.4283179012345
vid_000362_frame0000002.jpg,98.68916666666667,121.95622685185185,19.790877448202064,22.94658798753152,2373.128360570452,2277.5921533478486
vid_000362_frame0000003.jpg,99.93896604938271,122.74693672839506,20.006861712862733,23.63921028699796,2400.052094383478,2273.604459061535
vid_000362_frame0000004.jpg,100.00107253086419,123.50489969135802,19.924431860426754,23.231961489185537,2402.5811270570775,2265.0569297646603
vid_000362_frame0000005.jpg,98.64367283950617,121.7855787037037,19.696417549595857,23.236132603861552,2442.452161264896,2294.5438517087237
vid_000362_frame0000006.jpg,95.96719135802469,120.41112654320987,18.668995493298887,21.8647495128978,2440.3893303368745,2285.7538681769524
vid_000362_frame0000007.jpg,96.51578703703704,120.45050925925926,17.865824006637034,21.536489019999436,2505.4630935827595,2303.337775655328
vid_000362_frame0000008.jpg,99.06046296296296,122.67523148148148,17.445330438448366,21.04050739253465,2457.335245309404,2303.753421852078
vid_000362_frame0000009.jpg,103.50656635802468,126.50181327160495,17.334826416291058,21.376731677360628,2251.1005518497086,2393.0799463867934
vid_000362_frame0000011.jpg,105.59152006172839,125.57135802469136,17.3740308550542,21.571954687046013,2338.3632184998833,2440.4793936497385
vid_000362_frame0000012.jpg,104.10333333333334,124.19958333333334,17.74208834284826,22.530632367692597,2461.6546381944445,2614.837009163463
vid_000362_frame0000013.jpg,102.8889737654321,122.7022762345679,18.15712743168091,22.957615490644645,2513.1486227623454,2704.5621168194994
vid_000362_frame0000014.jpg,103.58716820987654,122.64314043209876,17.846244301079267,22.74654440616501,2397.48018907155,2602.715266975071
vid_000362_frame0000015.jpg,106.58527777777778,125.36797067901234,17.377339417513877,22.533272868352572,2317.196268685164,2508.919934721687
vid_000362_frame0000016.jpg,109.75682098765432,128.04412808641976,17.02899895255089,22.50238852745157,2233.9518249847583,2554.5889560468586
vid_000362_frame0000017.jpg,111.5665200617284,131.2118827160494,17.054620525072586,22.339121296115046,2213.3644535034196,2563.0020791778593
vid_000362_frame0000019.jpg,106.41043209876543,124.83111111111111,17.366947529141594,22.359738287741568,2263.602471654235,2489.6261202345654
vid_000362_frame0000020.jpg,102.22172067901235,120.94976851851852,17.65724675844585,22.309651103363848,2403.2902304521385,2589.6672669064837
vid_000362_frame0000021.jpg,100.07534722222222,120.32760030864198,17.595318285665684,21.980699669847848,2389.2844215105715,2553.7680389565235
vid_000362_frame0000022.jpg,99.63150462962963,120.17341049382716,17.69155016591612,22.343797778600685,2490.8073010973935,2636.9244277191337
vid_000362_frame0000024.jpg,100.92634259259259,120.86373456790123,17.531220578063138,21.951152201344303,2428.140554741024,2559.0447304124273
vid_000362_frame0000027.jpg,97.69384259259259,121.3336574074074,17.27705480051971,20.844840523213072,2351.2971073373315,2275.9905144575314
vid_000362_frame0000028.jpg,97.3279938271605,121.40932870370371,18.956732256038286,22.368655132120296,2476.0740321901553,2319.101790225802
vid_000362_frame0000029.jpg,99.39460648148147,123.1972299382716,19.06617059983616,22.530276544106567,2357.9148069053285,2323.672278371961
vid_000363_frame0000001.jpg,86.08968364197531,108.98436728395062,18.770983445165655,24.217442878404942,2853.816511727442,2907.8794048624804
vid_000363_frame0000002.jpg,86.43645833333333,110.72234567901235,18.50850253695044,23.245705644646346,2708.5722446263912,2526.428318860918
vid_000363_frame0000003.jpg,87.05193672839506,110.08189043209876,18.72005250654625,23.887101014628303,2768.5555049267805,2724.217910646005
vid_000363_frame0000007.jpg,92.02302469135803,112.90404320987655,17.821595153470554,24.21644724119926,2540.5449825740525,2709.5222243440758
vid_000363_frame0000008.jpg,93.13686728395062,113.32188271604939,18.05299089651205,25.288406852681295,2531.028766649282,2907.2813515812545
vid_000363_frame0000009.jpg,93.85110339506173,114.42581790123457,18.222419066986955,24.599184282951196,2349.1945525976766,2538.088540862673
vid_000363_frame0000010.jpg,95.71125,113.65313271604938,21.524062474654006,30.863802628920407,2323.661106729157,2995.481898848249
vid_000363_frame0000011.jpg,103.18094907407408,120.15844135802469,23.411036222271175,32.97361465808712,2179.671684742167,2982.944980386886
vid_000363_frame0000012.jpg,109.25735339506173,123.48947530864197,29.46261277683053,40.734070927082655,2372.524531425695,3657.6520843047456
vid_000363_frame0000014.jpg,101.81301697530864,118.74291666666667,31.5808725514972,45.370082845626165,2747.2427654235257,4501.673588734032
vid_000363_frame0000016.jpg,93.87237654320988,112.64538580246914,31.84815913096163,41.29955783257215,2325.5588900505236,3229.0491117540555
vid_000363_frame0000017.jpg,91.13270833333333,110.65100308641975,30.47680490069545,40.64281184733674,2561.856886098727,3139.231781481243
vid_000363_frame0000018.jpg,95.04985339506173,112.69800154320987,31.28373868810548,42.18374353027944,2563.6885294807857,3664.1828094704983
vid_000363_frame0000019.jpg,100.85154320987654,116.78435956790123,31.44923227332372,42.89621253828793,2401.6923307012435,3449.315079331466
vid_000363_frame0000020.jpg,101.29804783950617,117.7220061728395,31.91887917895804,45.439502960624516,2602.57072309647,4314.015759820757
vid_000363_frame0000021.jpg,97.18929783950617,114.57956790123457,29.44204588712062,38.26642767296586,2256.40002899895,3004.9242614835175
vid_000364_frame0000010.jpg,77.29769290123457,103.24018518518518,16.204184156675957,19.23865537036135,2732.5530004801094,2127.573641514251
vid_000364_frame0000011.jpg,77.02978395061729,102.45498456790123,16.20775254456691,19.2471349038223,2705.910241582838,2074.8837484267233
vid_000364_frame0000013.jpg,77.1490200617284,102.81069444444445,16.47119609309694,19.32493024149724,2805.2153662760416,2131.355447526042
vid_000364_frame0000014.jpg,77.11618827160494,102.60319444444444,16.446614073512894,19.54286596602185,2824.522186926952,2138.439706378065
vid_000364_frame0000015.jpg,78.02716820987655,104.10307098765432,16.422254017394472,19.742777077753637,2827.464713208495,2181.269243091219
vid_000364_frame0000016.jpg,77.02639660493827,101.95405864197531,16.31660819259339,19.334074551794274,2815.4091325043346,2159.2496427940077
vid_000364_frame0000018.jpg,77.64529320987654,104.0864274691358,16.38480507708371,19.588190281454164,2809.5382106729157,2174.432966458762
vid_000364_frame0000020.jpg,77.23728395061728,102.64433641975309,16.229923268140933,19.702624465413063,2812.600388617339,2191.34616615012
vid_000364_frame0000021.jpg,76.57371913580246,102.1132638888889,16.293655435915085,19.664445574392985,2789.5069771132808,2184.406567191548
vid_000364_frame0000022.jpg,76.92653549382716,102.7270524691358,16.332309951035803,19.552767863575646,2824.8752215706445,2169.661796056004
vid_000364_frame0000023.jpg,76.42393518518519,101.72409722222223,16.244799774066244,19.476025849852636,2840.1778961757323,2193.3526527432464
vid_000364_frame0000024.jpg,76.00806327160494,101.441875,16.2365482247692,19.046492853092236,2754.5375333102324,2158.024948490548
vid_000364_frame0000025.jpg,75.90943672839506,102.2696450617284,16.34866534243763,19.24947309357302,2909.058355391708,2227.616347143574
vid_000364_frame0000026.jpg,76.21206790123456,102.5,16.347733524950698,19.24145272806655,2872.3974727556774,2194.054680521262
vid_000364_frame0000027.jpg,76.6416512345679,102.54106481481482,16.293095647909972,19.728368653549815,2786.2118574073475,2176.7849004624272
vid_000364_frame0000028.jpg,76.92398148148148,102.49449074074074,16.25613964393496,19.49003545388621,2765.528616145059,2142.5611100260417
vid_000364_frame0000031.jpg,78.14523148148149,104.27225308641975,16.154112262887487,19.60848774987969,2738.172503512172,2146.69928499794
vid_000364_frame0000033.jpg,81.20932098765432,107.4420138888889,16.039578156553144,19.70910444705049,2636.918829846763,2146.160514038387
vid_000364_frame0000038.jpg,80.67793209876544,106.67408950617283,16.10774123899903,19.453224643145415,2656.346356034713,2173.934718530843
vid_000364_frame0000075.jpg,78.10962191358024,104.56033179012346,16.433298963573517,19.503434776976896,2787.2165736234365,2168.4077472678878
vid_000364_frame0000076.jpg,78.04915895061728,104.79720679012345,16.485704574301774,19.552514794536563,2817.7560075740525,2152.2231332942174
vid_000364_frame0000078.jpg,78.65973765432099,105.43202160493827,16.40532206043159,19.78022244378104,2727.0475470962406,2155.5407706903843
vid_000364_frame0000088.jpg,75.6552237654321,102.30944444444444,16.276295761959883,19.189611475489723,2779.1280846402387,2153.7737805855027
vid_000364_frame0000089.jpg,76.15510030864198,103.31543209876543,16.099902070262324,19.15300059007502,2720.006389143947,2099.758185480431
vid_000364_frame0000090.jpg,76.030262345679,102.58756172839506,16.269340653558924,19.01585805676616,2815.2216448328663,2156.5222113147292
vid_000364_frame0000103.jpg,81.0562037037037,108.65146604938272,17.9819423766599,21.07573950518001,2771.1783929698217,2256.4827296296294
vid_000364_frame0000106.jpg,79.67583333333333,106.82418981481482,17.983826133278072,20.517668380661217,2746.139479875162,2192.7083385800083
vid_000364_frame0000111.jpg,81.76565586419753,108.08991512345679,18.019073342497702,21.064789315645886,2668.510715163228,2262.251728993056
vid_000365_frame0000003.jpg,79.08057098765433,106.59007716049383,18.189199981589883,21.207385818757842,2828.5463660493824,2284.8388170722355
vid_000365_frame0000005.jpg,79.38067901234568,106.5116512345679,18.06819446958644,20.804331740938103,2779.0821503084035,2260.199844248626
vid_000365_frame0000008.jpg,79.56429783950617,106.47918209876543,16.833564860459347,20.16430232415509,2769.0466743805728,2277.926027639651
vid_000365_frame0000009.jpg,78.96238425925925,105.29138888888889,16.660786838584183,19.762755685089022,2705.726736468276,2171.9591667304308
vid_000365_frame0000010.jpg,77.95945216049383,103.6018287037037,16.84265050205697,20.485874794606335,2744.999963930803,2237.818900771069
vid_000365_frame0000011.jpg,76.9499537037037,102.47735339506173,17.065644274507466,20.76231033245485,2794.450046638279,2174.460932669372
vid_000365_frame0000012.jpg,76.26566358024691,100.70787037037037,17.440961082446528,21.35098480761019,2820.947613683068,2137.5161292095336
vid_000365_frame0000013.jpg,77.43460648148148,101.27667438271605,17.733252355950796,21.53439652494019,2791.1105459104347,2089.0006317708335
vid_000365_frame0000014.jpg,77.27624228395062,102.06370370370371,17.666318840477132,21.695728383940914,2808.0452023281514,2074.150436218219
vid_000365_frame0000017.jpg,79.24731481481481,103.36881944444444,18.064709445703294,22.71209156793445,2793.2889008678176,2161.217944905264
vid_000365_frame0000018.jpg,79.35216049382716,104.06199074074074,18.201412447536946,23.499721230023205,2784.1711442148685,2197.3586438299585
vid_000365_frame0000019.jpg,80.48317901234567,103.80445216049382,18.195900563074307,23.2735041872421,2776.6298921572547,2175.0026950579177
vid_000365_frame0000020.jpg,80.16674382716049,105.04065586419753,18.35865142919199,23.858530901798296,2812.6450126785526,2259.556593532748
vid_000365_frame0000021.jpg,80.36632716049382,104.58855709876543,18.383537374150634,23.710697114177353,2770.995722820216,2184.282098129513
vid_000365_frame0000023.jpg,79.97644290123456,104.84978395061728,18.006244861539425,22.898764656479372,2755.36185678155,2164.381672779433
vid_000365_frame0000025.jpg,82.5020524691358,105.99661265432098,18.578685154866765,25.62418585170905,2721.0436099274475,2236.9478554945895
vid_000365_frame0000027.jpg,81.77793981481481,105.23488425925926,18.72065694287786,25.38700924361453,2772.2929135514314,2230.3230145173657
vid_000365_frame0000028.jpg,79.94576388888889,104.27135802469135,18.354586959574906,24.59657629508057,2693.45751156812,2192.2712145623764
vid_000365_frame0000029.jpg,78.01813271604938,103.0687962962963,17.179613822235698,21.323332184831656,2832.79522548011,2148.425109817899
vid_000365_frame0000031.jpg,79.93451388888889,106.54154320987654,18.38387293526899,21.181207154158898,2819.2010737668015,2222.9497124223035
vid_000365_frame0000032.jpg,79.72298611111111,107.04524691358024,18.393904553550225,21.421729238812844,2763.447432540771,2271.3832424554184
vid_000365_frame0000033.jpg,80.02511574074074,107.05125771604938,18.48780321337171,21.46461351734558,2846.331471724727,2242.1036951559763
vid_000365_frame0000036.jpg,80.11418981481482,105.48893518518518,18.55192352696588,21.953306250942042,2766.964587302753,2322.3530504514724
vid_000365_frame0000038.jpg,79.57337191358025,105.47631172839506,19.018350930557915,22.689441390086788,2847.797707388117,2288.475807924609
vid_000365_frame0000039.jpg,78.52931327160493,104.8934336419753,18.67640838700741,22.058099701436156,2720.539407577387,2239.2133950973907
vid_000365_frame0000040.jpg,77.57564043209877,104.55787808641975,18.51376041816811,21.697951391123468,2788.399964299876,2227.083348711848
vid_000367_frame0000002.jpg,58.54935185185185,91.75444444444445,40.97619870962917,49.14284588049992,4374.352122027653,4332.000686738874
vid_000367_frame0000003.jpg,56.88604938271605,89.95920524691358,41.001214711876685,48.76371185117238,4737.260403769373,4440.808984436384
vid_000367_frame0000004.jpg,55.75118827160494,89.49588734567901,41.015666874300194,48.867410039312205,4961.271951943242,4623.204455039664
vid_000367_frame0000005.jpg,56.131643518518516,89.3438811728395,40.95536197634764,48.505760861864125,4793.624266329387,4317.209102648224
vid_000367_frame0000008.jpg,56.29777006172839,89.88503858024691,39.957410366232736,47.457229134701635,4496.851890967876,4166.840949715589
vid_000367_frame0000010.jpg,57.348634259259256,90.82853395061728,37.42350765003573,46.61350656682715,4475.064341871892,4095.338828631306
vid_000367_frame0000011.jpg,62.977978395061726,94.73070987654322,40.248130386600785,47.66090872490504,4592.6756505267285,4489.258008485511
vid_000367_frame0000012.jpg,61.72240740740741,95.65470679012346,38.477899433592704,48.221084066258186,4915.7417822258785,5103.988246527242
vid_000367_frame0000013.jpg,61.92539351851852,95.73394290123457,38.347754898905116,47.60281068943069,4830.888129948214,4873.874492283713
vid_000367_frame0000016.jpg,61.78077160493827,95.56465277777778,38.30608928026764,47.988528261551046,4843.3442523767335,4991.993897599213
vid_000367_frame0000021.jpg,61.985609567901236,96.35826388888889,37.812774043680356,47.52692482913568,4791.138192300859,4867.509661239176
vid_000367_frame0000022.jpg,61.73148148148148,96.10488425925926,37.850275366714,47.69763346844045,4912.836274150699,5037.097254315035
vid_000367_frame0000023.jpg,60.111172839506175,95.79089506172839,33.409575563978485,45.19338413495093,4589.195896793017,4324.529501283091
vid_000367_frame0000024.jpg,62.410694444444445,99.46251543209877,32.73681932217242,46.54720538845561,4624.821068729757,4660.131714877448
vid_000367_frame0000025.jpg,61.518047839506174,97.43128086419753,31.530716919548063,46.20393434855211,4523.521514055534,4155.721567860987
vid_000367_frame0000026.jpg,59.44949074074074,94.56969907407408,31.034829021519933,45.61987755856899,4533.752130039009,3801.15232229456
vid_000367_frame0000027.jpg,59.3195524691358,96.42816358024692,31.31593661731147,47.2520321924774,4906.763709556232,4736.646417351585
vid_000367_frame0000028.jpg,59.01045524691358,96.27197530864197,31.174984138860154,47.07054098705691,4838.070623942378,4663.74836933299
vid_000367_frame0000029.jpg,59.189228395061726,96.01449845679012,31.115524409547866,46.56134955968783,4799.566928238596,4450.075140774797
vid_000367_frame0000031.jpg,59.37109567901235,96.33190586419754,31.14051122302886,47.096083988772975,4787.450136554784,4610.6140622713165
vid_000367_frame0000032.jpg,58.99118055555556,96.14143518518519,31.084178932914554,46.882045601617,4833.4820725093705,4768.081388566851
vid_000367_frame0000033.jpg,59.220671296296295,95.75100308641976,30.74922437313438,46.09143881480062,4676.79008967383,4323.94500211096
vid_000367_frame0000036.jpg,59.730555555555554,96.05204475308642,30.590762923382083,46.36115038595471,4373.663597936612,4107.4395140769675
vid_000367_frame0000038.jpg,62.44524691358025,99.18020833333334,30.995055045679667,47.44176077454014,4518.212563548752,4755.630999655576
vid_000367_frame0000040.jpg,62.48229166666667,99.48420524691358,31.312030455237892,47.525551904834394,4642.586463091028,4814.146910649518
vid_000367_frame0000042.jpg,63.22996913580247,98.80287808641975,33.25592818217989,47.325947285497676,4883.744678552181,4824.669032364005
vid_000368_frame0000013.jpg,70.03736882716049,93.40416666666667,25.1165050780595,24.50552528871654,3043.9521526176813,1515.9015996008018
vid_000368_frame0000030.jpg,75.16225308641975,96.46219907407408,26.706417441842,26.305216003508384,2904.558174639382,1545.5142812240417
vid_000368_frame0000031.jpg,78.95327160493827,100.87969135802469,26.301309203912474,26.393002624920516,2840.996221754913,1540.2462312947719
vid_000368_frame0000037.jpg,81.04760030864198,102.35456018518518,26.121297267536548,25.875119819149212,2796.862540436326,1616.0024255363128
vid_000368_frame0000043.jpg,83.51998456790123,105.09986111111111,24.832587957986174,25.706062478117065,2688.1753462690876,1520.5346977065592
vid_000368_frame0000047.jpg,81.0614737654321,103.98242283950617,23.893778769323998,25.222316439989896,2708.78385843407,1493.3264478395063
vid_000368_frame0000048.jpg,80.14396604938271,103.6375,23.58513307513203,25.246373616561982,2671.2491624485,1519.3160048219947
vid_000368_frame0000056.jpg,77.20480709876543,100.9807175925926,23.086330331780704,23.988640382195392,2766.5661104166666,1451.626832269995
vid_000368_frame0000066.jpg,85.26059413580246,107.93029320987654,21.95232066008175,23.528160542088173,2613.729286871225,1468.6425827188477
vid_000368_frame0000067.jpg,87.14212962962964,109.66092592592592,21.501459893771006,23.64400938941741,2558.6243991078322,1532.0432827443892
vid_000368_frame0000076.jpg,85.32009259259259,107.49582561728396,24.671425229016112,26.536865770475,2829.2365374913675,1845.1445589811005
vid_000368_frame0000078.jpg,85.55175925925926,107.36031635802469,24.845327515936326,26.277775620599705,2950.929144825425,1906.0916292095337
vid_000368_frame0000081.jpg,90.04469135802469,111.68134259259259,24.54842863324515,26.906583951253275,2852.6673720049703,1950.2293004970184
vid_000368_frame0000082.jpg,91.31820216049383,112.3649151234568,24.630418915749363,27.169554928984248,2816.2618540978415,1944.412518205054
vid_000368_frame0000088.jpg,93.29168209876543,112.42693672839506,24.53379280613771,27.168701946579013,2729.069157767251,1835.6061635716733
vid_000369_frame0000008.jpg,106.25598765432099,125.19546296296296,24.299533437066376,27.092090967578375,2356.8137159722223,2743.572121789206
vid_000369_frame0000009.jpg,103.58770061728396,124.50872685185185,24.17510567769361,27.125422584455098,2291.872648854917,2519.7208795090664
vid_000369_frame0000011.jpg,100.36108024691357,121.67658179012345,23.84705686358987,26.76101984358832,2456.8781579196675,2529.2572265086783
vid_000369_frame0000013.jpg,107.1860725308642,126.49851851851852,24.900575111875362,27.55300639468331,2346.4938730850386,2665.125406698615
vid_000369_frame0000014.jpg,106.67992283950618,125.29929012345679,25.199473429124613,27.556613041801445,2373.8793399428796,2650.473914901918
vid_000369_frame0000015.jpg,105.44367283950618,124.15699845679012,25.39073826411256,27.923953243696896,2407.973143832638,2569.313342705952
vid_000369_frame0000016.jpg,102.7773611111111,121.96505401234568,25.364482856291975,27.514955351144543,2406.4737836476315,2567.846585493589
vid_000369_frame0000018.jpg,99.06212191358024,120.37566358024691,25.11914031793878,26.709110961541896,2386.128621795458,2379.5624940726925
vid_000369_frame0000019.jpg,102.39373456790123,124.02552469135803,25.367779717219985,26.790112068876653,2275.2775058641973,2283.4238280633194
vid_000369_frame0000020.jpg,104.58717592592592,124.76842592592592,24.471064590854866,26.349542889493428,2308.297440520631,2330.519452188834
vid_000370_frame0000017.jpg,89.37862654320988,114.47054012345679,17.78573190017008,21.36366433270782,2726.867367026213,2497.419290671201
vid_000370_frame0000019.jpg,89.04502314814815,115.10695216049383,17.50620707599838,21.720292351062234,2679.7467663665384,2593.950793205054
vid_000370_frame0000020.jpg,88.33454475308642,113.89322530864197,17.664328580246078,21.807583849725678,2803.1695305019716,2672.4651522166973
vid_000370_frame0000021.jpg,88.32682098765432,113.26376543209877,17.647654683266172,21.71343802256549,2796.665329957324,2625.6237090234313
vid_000370_frame0000022.jpg,89.89265432098766,115.39904320987654,17.755132410241195,21.804435406713477,2744.7667735244245,2541.768938382106
vid_000370_frame0000023.jpg,91.48631172839507,116.73023148148148,17.95759144231203,22.3467501077565,2638.996462905569,2437.4888667394807
vid_000370_frame0000025.jpg,94.90801697530864,119.60929012345679,18.32724403721716,22.319575643445436,2591.398121570645,2554.1293963646453
vid_000370_frame0000027.jpg,97.60340277777777,121.82506944444444,18.6978885508661,22.89221711734463,2568.6701019875372,2514.909268422723
vid_000370_frame0000029.jpg,97.82733024691358,121.8754475308642,19.088712648800282,23.33973514593583,2515.3558322973226,2587.138418964275
vid_000370_frame0000038.jpg,94.05668209876544,118.30216049382716,18.01895941087583,21.86594528561482,2660.441364840475,2480.771003763658
vid_000370_frame0000042.jpg,90.29415895061729,115.57204475308642,17.653000212412223,21.357900950475983,2729.182874845143,2488.9138259387264
vid_000370_frame0000043.jpg,89.83390432098766,115.77527006172839,17.546488653780997,21.479620642281507,2689.7410574459286,2504.4306893903727
vid_000370_frame0000045.jpg,89.68461419753086,114.55411265432099,17.475229585889608,21.261182698097418,2714.387334304746,2555.6371262788048
vid_000370_frame0000048.jpg,91.0141512345679,115.54091049382716,17.728436747092132,21.862601440898874,2724.8101109739364,2586.0374788513564
vid_000370_frame0000051.jpg,90.74621141975308,115.13600308641975,17.73116885804728,21.790563637829827,2663.518947094991,2539.7246674377357
vid_000370_frame0000052.jpg,90.7545138888889,115.14374228395062,17.78877109306178,21.806850496756827,2626.9976483181276,2476.0108222807476
vid_000370_frame0000055.jpg,90.49925154320988,115.36925925925927,17.681889390072982,21.456107351082576,2656.602498052888,2481.350674189279
vid_000370_frame0000056.jpg,90.56563271604938,115.19689043209877,17.44328236754744,21.180204723295546,2592.6121208489917,2497.110499506971
vid_000370_frame0000058.jpg,92.25064814814814,117.10479166666667,17.877623684154717,21.500544750559108,2631.65649100598,2456.002519957895
vid_000370_frame0000063.jpg,98.67648919753087,120.9108024691358,19.87637897277388,23.439003264802054,2464.872176668715,2587.6239016451377
vid_000370_frame0000064.jpg,98.89452932098766,121.10932098765431,20.149907966522463,23.373022980407264,2516.4040752952465,2544.6821420038273
vid_000370_frame0000065.jpg,98.81003858024691,121.35532407407408,20.25850460411153,23.841206826638025,2445.6954830960767,2465.692567086227
vid_000370_frame0000066.jpg,98.78011574074074,121.40452932098765,20.24609110235543,23.366750994011035,2431.823257313041,2486.7798094704976
vid_000370_frame0000067.jpg,98.53521604938271,121.0627700617284,20.325830672961814,23.405058142370542,2466.5188304349927,2463.171385190663
vid_000370_frame0000068.jpg,98.02000771604938,121.36140432098766,19.94303289650427,23.342046412941862,2456.9722435975837,2423.6399248708635
vid_000370_frame0000070.jpg,96.46800154320988,120.69476851851852,18.938202641978453,22.7770128010188,2505.9062469126275,2434.3511854418507
vid_000370_frame0000071.jpg,95.47691358024692,119.57577932098765,18.573548521258505,22.158313618883145,2505.0171434536824,2393.392535388803
vid_000386_frame0000021.jpg,71.74841049382717,90.34261574074074,68.54019224309474,71.47528947046172,4179.918204239005,4202.419851207895
vid_000421_frame0000001.jpg,149.96366898148148,150.48853009259258,23.9157706367511,43.61486824314789,267.49928011265297,2859.4937573864763
vid_000421_frame0000003.jpg,145.68864583333334,147.20130208333333,22.56269435680178,38.12487406681017,135.35671623957128,1424.1449455849395
vid_000421_frame0000004.jpg,150.84917245370372,149.09266203703703,23.269242582362534,42.993589523739246,215.9940764831962,2477.8907796037756
vid_000421_frame0000005.jpg,150.8515625,149.82826967592592,24.083324992564513,43.147154327022164,213.3746038081584,2361.5111120261868
vid_000421_frame0000006.jpg,157.9580960648148,157.0512962962963,23.83663166444689,36.044525682174665,115.16333663673348,1057.106151389659
vid_000421_frame0000010.jpg,153.52424768518517,151.96065972222223,25.880362031888485,44.10239037287892,238.56209921121476,2782.731895397664
vid_000421_frame0000015.jpg,153.62811342592593,151.50703703703704,27.54936245491572,45.293646808585095,196.02025522973332,2296.5817399625716
vid_000421_frame0000018.jpg,150.75810185185185,149.69147569444445,30.50516659501512,46.83359051454803,190.56193344786846,2319.517918945011
vid_000421_frame0000025.jpg,149.5212962962963,149.31829861111112,27.453172423189887,40.210103079920955,134.4409632546926,1451.7632407407407
vid_000421_frame0000031.jpg,143.35556712962963,146.1131712962963,25.858867896104403,43.58128864587958,199.85019092386295,2372.6369248830533
vid_000421_frame0000034.jpg,141.93972800925926,143.4190162037037,26.325051799395112,45.289601986617406,237.34609006876795,2784.745289178241
vid_000422_frame0000003.jpg,78.62640046296296,95.02168402777778,54.14313383896839,64.81924483413667,269.10165968334053,609.50575717539
vid_000422_frame0000004.jpg,79.57853009259259,96.7558275462963,54.92481299945005,67.05869555463167,262.51133911765766,627.5766753170814
vid_000422_frame0000015.jpg,79.50425925925926,97.40025462962963,54.82693461827397,67.62576515915431,283.00945037344474,818.2758713508176
vid_000422_frame0000048.jpg,71.69394675925926,90.80421875,48.91211944534866,61.511729418418575,298.5145684630259,683.4539817825882
vid_000423_frame0000006.jpg,165.78438657407406,172.85832175925927,19.5798700653627,25.778466536982428,224.49019320180548,810.4265840598945
vid_000423_frame0000007.jpg,174.2147337962963,179.66508680555555,16.764670898131406,24.64154015024753,226.3750627550583,744.5356196404267
vid_000423_frame0000008.jpg,179.59144675925927,181.00258101851853,16.232842965142048,27.841168105639742,252.71702940534843,683.0782645543645
vid_000423_frame0000009.jpg,180.21992476851852,179.59785300925927,16.751005912135973,30.734298667830274,338.98638557085366,1232.3078770554696
vid_000423_frame0000011.jpg,180.04786458333334,177.82623842592594,17.431430330865293,32.631257970390756,473.7299128806784,2120.2869903492788
vid_000423_frame0000013.jpg,176.3684201388889,176.0609085648148,18.479644436498482,33.40448482043922,415.5822002017091,1881.370912549297
vid_000423_frame0000018.jpg,174.5313136574074,177.0637037037037,17.10868419868738,30.21946353859308,330.0917390366459,1268.6895618609813
vid_000423_frame0000023.jpg,172.4769039351852,177.65093171296297,16.635645057502202,28.86665940446829,305.23689916727614,1119.8542768870832
vid_000423_frame0000028.jpg,160.06332175925925,171.20755208333333,25.46518787669836,29.08497081753355,170.17979702768,734.2086277078175
vid_000423_frame0000042.jpg,157.39989583333335,168.09353587962963,27.45608176552283,29.125319619488643,163.8374905215835,669.9110379331905
vid_000424_frame0000001.jpg,63.68321180555556,88.23467592592593,47.30180151421149,59.57908762174376,1900.6201613061223,1496.766670706742
vid_000424_frame0000006.jpg,62.000850694444445,86.8044386574074,47.758026089750416,60.894253001291986,1808.5192138524187,1299.6548126521775
vid_000424_frame0000008.jpg,80.12505208333333,99.17481481481481,52.76250876073326,61.94818722471764,1319.4355514455538,1234.2171579351732
vid_000424_frame0000009.jpg,67.12235532407408,86.80472222222222,45.34509536709121,55.243196148993526,1401.0645730290587,1259.9867241075303
vid_000424_frame0000011.jpg,59.51184027777778,80.69175347222222,41.19071594079459,51.836445749305625,1581.7402539351856,1315.0504932436343
vid_000424_frame0000014.jpg,59.90789930555555,82.05296875,41.200768265367664,52.603617223589936,1525.9058504452466,1317.8260673586665
vid_000424_frame0000017.jpg,61.069461805555555,81.99569444444444,41.685705320491195,51.87483471619511,1559.9121592493127,1290.9340665829423
vid_000424_frame0000020.jpg,60.98987268518518,82.33059606481481,41.99778573012857,52.857197173587295,1475.403036385158,1297.4361384768304
vid_000424_frame0000021.jpg,57.52277199074074,80.87578125,40.04091024203261,51.674665075589715,1514.4016100918157,1274.3205968002173
vid_000425_frame0000013.jpg,89.62782407407407,105.99592592592593,30.877857300983727,29.19450600597285,2643.1976951967595,2183.3496609165427
vid_000425_frame0000014.jpg,90.52928240740741,105.99726851851852,32.32742868876268,30.443640124342725,2693.159641285627,2263.7843666237404
vid_000425_frame0000015.jpg,89.4804012345679,104.77818672839506,33.85915182317315,32.22937283372508,2637.80978323468,2160.036616140594
vid_000425_frame0000016.jpg,88.6902237654321,105.96749228395062,31.64287878626134,30.432111254543138,2585.034753052126,2025.8112722334151
vid_000425_frame0000017.jpg,90.75436728395061,106.69266975308642,30.094874995396793,28.369028038038874,2512.2809906177963,2108.8496062885206
vid_000426_frame0000001.jpg,97.7126099537037,116.92594328703704,33.52791081997252,32.648793411167844,279.6699794876329,423.3818297268505
vid_000426_frame0000006.jpg,92.67319444444445,113.02541087962963,25.447988514323765,26.69813913407415,285.2915167245036,414.6652878640676
vid_000426_frame0000012.jpg,88.78520254629629,111.3603125,22.251457812587557,24.61976540329852,282.65122367939676,397.20805263189624
vid_000426_frame0000017.jpg,91.28634259259259,112.73454282407407,28.031333717051428,28.745933107471586,289.0238547405478,409.5733901579847
vid_000427_frame0000019.jpg,148.03755208333334,159.54252893518517,30.361439142961885,29.092011544994897,82.78118821802124,335.3216781121064
vid_000427_frame0000021.jpg,146.01711226851853,158.57092013888888,30.326881983278028,28.264457017941904,71.1658323881173,306.8281093669289
vid_000427_frame0000024.jpg,162.55866319444445,172.5095775462963,22.37055088851286,23.601692911115656,56.62244919611089,312.2763459924434
vid_000427_frame0000026.jpg,139.30164351851852,156.09512731481482,21.00444137519568,24.252716091832127,62.063876541066534,298.36359084308555
vid_000427_frame0000031.jpg,139.2263599537037,158.77389467592593,19.665843163433564,22.50600959338662,55.44924527057077,262.10325740526406
vid_000427_frame0000033.jpg,116.40842592592593,137.34919560185185,19.214005388722217,21.531662488414142,90.13277846468704,274.5533164568531
vid_000427_frame0000040.jpg,140.91809606481482,156.9075347222222,22.239499943065795,24.35915303836485,82.55132499785665,345.16948766607595
vid_000427_frame0000051.jpg,142.1858738425926,157.23219328703703,22.566352128076517,22.690693289802745,65.21654618042159,329.58723874086394
vid_000428_frame0000010.jpg,154.40865740740742,162.13324652777777,28.342517327774946,34.581499030897234,88.80571566023127,504.14242366884747
vid_000428_frame0000017.jpg,156.5783449074074,162.62203125,28.854544558961816,36.04468040763904,89.54989936982248,532.9312283756377
vid_000428_frame0000022.jpg,154.12810185185185,161.37243055555555,27.551431108369957,35.13560798191866,87.60969990984546,517.9632316663117
vid_000429_frame0000010.jpg,95.24314236111111,129.7772800925926,32.165323929741426,60.89792643804841,361.5208105393398,2442.064788682592
vid_000429_frame0000013.jpg,88.65583912037037,120.07085069444445,34.8664893545264,55.154273719968835,280.43107381633655,1325.1514070536211
vid_000429_frame0000014.jpg,89.64916087962963,121.75726851851852,36.44619110331552,58.42435006882776,321.57075906300906,1969.4303531683693
vid_000429_frame0000017.jpg,88.17858217592592,118.75473958333333,34.7249920116909,54.05230580500036,283.8606077832634,1637.4991944251544
vid_000429_frame0000020.jpg,90.48371527777778,118.57916666666667,37.8708494681259,55.343882915435266,295.6448135254576,1802.9206124914265
vid_000430_frame0000001.jpg,86.12661458333334,114.26602430555556,22.740338149727545,25.854731071901234,576.498971602795,657.6740181565273
vid_000430_frame0000007.jpg,91.72211805555555,115.21164930555555,32.31575254645125,31.538637050848624,277.4000975115406,416.08517210001787
vid_000430_frame0000009.jpg,146.3700636574074,166.03675925925927,31.714752465599997,33.16789470308051,193.19312691561646,442.2243919747728
vid_000430_frame0000010.jpg,91.6953125,114.67609953703703,35.29805007558427,33.16951248356689,299.994915923863,469.759231706399
vid_000430_frame0000018.jpg,80.37849537037037,106.25219328703703,23.32280353786224,27.694171262661083,571.3353065318166,587.2859649875887
vid_000430_frame0000021.jpg,70.17954861111112,98.16286458333333,18.778153450711557,22.317843340643282,591.6494473966035,525.3988051429278
vid_000431_frame0000001.jpg,122.92512152777778,141.59663773148148,29.28726438266219,36.731567738884515,214.28987383291405,454.7550915958022
vid_000431_frame0000002.jpg,123.7470949074074,141.04337962962964,29.22706757149878,36.08347758072723,208.56376568072704,431.80688121088383
vid_000431_frame0000003.jpg,142.1548611111111,151.58255208333333,27.772188317851214,36.251992633174794,165.56595639866123,575.1613744164738
vid_000431_frame0000004.jpg,147.2116377314815,155.6850289351852,27.3853924122417,35.48515160176932,161.10419033444254,654.1381671352224
vid_000431_frame0000005.jpg,143.35171875,154.87114583333334,26.10238261943992,34.14194150530811,165.1961021057045,603.3342574325918
vid_000431_frame0000006.jpg,126.79434027777778,143.8356076388889,22.807671009036262,34.3951674094462,181.8667972173997,739.7224184585048
vid_000431_frame0000007.jpg,128.7574363425926,145.05391203703704,23.85621375790479,37.963264540913414,193.32954156164269,784.2402069227096
vid_000431_frame0000008.jpg,132.15085069444444,146.41965277777777,24.417265442855687,36.81589240005965,193.82472147620348,794.3843488124518
vid_000431_frame0000009.jpg,132.4504050925926,146.9705324074074,24.437305338293974,34.26574218778145,178.16280326632693,513.8176982048128
vid_000431_frame0000010.jpg,125.6055613425926,142.7306076388889,24.998967855493298,36.877123802320874,193.29888398836027,725.6839236045471
vid_000431_frame0000011.jpg,126.39890046296296,143.47019675925927,26.373668321556305,37.34473772623012,196.2456052435646,700.6279511745543
vid_000431_frame0000012.jpg,126.33052083333334,142.45716435185184,26.029260448526983,35.104720728444235,204.84217555670094,573.0825557789659
vid_000431_frame0000013.jpg,119.71742476851851,137.16572337962964,26.902463694965252,36.747902212390905,214.49240142090514,640.8142655210141
vid_000431_frame0000014.jpg,119.7494849537037,137.55262731481483,28.510277392198372,36.79454117744,216.7731763800141,650.3910643795814
vid_000431_frame0000015.jpg,118.75982638888888,136.11039930555555,28.558757688502485,36.35313401211224,214.91046770176933,598.0380809927649
vid_000431_frame0000016.jpg,114.65275462962963,131.72669560185184,28.915793283399847,35.36860706966767,218.51917965735922,524.466967631943
vid_000431_frame0000017.jpg,114.36677083333333,133.0999363425926,30.599528787649433,37.0640358028635,236.9071177484876,604.7672970710828
vid_000431_frame0000018.jpg,113.64256365740741,131.74032986111112,31.076191459115233,36.66506904199356,226.57953008291406,627.0473226246021
vid_000431_frame0000019.jpg,111.76186921296296,128.60927083333334,31.128305654841352,33.16855441550946,216.66217359419878,428.88291229209534
vid_000431_frame0000020.jpg,108.91842013888889,127.54302662037037,29.905812888045354,35.067131559903345,251.3758382939761,593.9638300534765
vid_000431_frame0000021.jpg,108.49222800925926,126.63074074074073,31.989833233965143,36.21249371198002,250.01790478395057,561.2060819828907
vid_000431_frame0000022.jpg,107.30889467592593,126.67599537037037,32.245376959133104,35.58040301725585,253.6209506507403,573.7905466016898
vid_000431_frame0000023.jpg,115.95829282407408,133.97188657407406,31.927700299130624,37.40106528124994,234.91784744513032,649.3538981695481
vid_000431_frame0000024.jpg,116.60511574074074,135.4947048611111,33.20630157921742,38.61158786338467,241.2426325833963,672.1937701340664
vid_000431_frame0000025.jpg,115.13794560185185,132.35394097222223,33.64792286173216,38.62768206678984,230.70243679802036,642.9438747017734
vid_000431_frame0000026.jpg,114.56852430555556,131.636875,34.04302820986003,38.437622073917865,226.37070919482485,642.3196547306013
vid_000431_frame0000027.jpg,114.45914930555556,131.72416666666666,33.93544163962389,36.170236373371345,232.27631126620238,491.76861683371374
vid_000431_frame0000028.jpg,110.95280092592593,130.01652777777778,33.43007411868451,35.814161117563316,250.36737933907213,509.2850793004919
vid_000431_frame0000029.jpg,115.0876099537037,133.96774305555556,32.76015804728434,36.86330889682678,248.84485783497163,692.4645971168967
vid_000431_frame0000030.jpg,113.74088541666667,131.33619791666666,34.999036622367406,38.76235881037379,260.12072501714675,734.9038610134548
vid_000431_frame0000031.jpg,116.22526041666667,131.8950925925926,43.4492350081216,43.52916900908006,252.12880198567706,572.8023864449374
vid_000431_frame0000032.jpg,125.88561342592592,140.9160011574074,44.07797994662,45.268409887887344,228.63151527506514,562.1765512683256
vid_000431_frame0000033.jpg,125.18739583333333,141.38253472222223,43.478848608492015,45.61792890980067,257.03828295392736,708.3686277756344
vid_000431_frame0000034.jpg,124.14727430555556,137.54405092592592,43.55719825436048,43.95805546807597,251.0933058449074,530.7676619349267
vid_000431_frame0000035.jpg,117.38938078703704,130.40344907407408,54.86883399476682,50.47973059621902,271.9492701096523,504.8413764030551
vid_000431_frame0000036.jpg,105.08909143518518,121.49241898148148,52.97263714499974,48.948625400916725,294.04435907811296,465.23015980246385
vid_000431_frame0000037.jpg,96.97554398148148,115.22008680555555,47.083582512176534,45.242307055207185,313.32389027935176,496.56044264925737
vid_000431_frame0000038.jpg,93.26827546296296,113.92429398148148,45.327518857488464,46.594540592683224,202.9063484854239,460.3176597731267
vid_000431_frame0000039.jpg,97.25786458333333,117.10754050925927,43.75191218123009,43.28755705648562,277.05832676903157,402.8919070966221
vid_000431_frame0000040.jpg,100.87046875,119.29329861111111,46.97574727036258,45.51697174313622,280.6089779187028,420.1373365739401
vid_000431_frame0000041.jpg,98.51921875,117.52703703703703,48.99470588455168,47.5674724053703,298.6100236094701,478.4148169012292
vid_000431_frame0000042.jpg,70.87770254629629,98.96613425925926,16.322509609529654,27.32597036433189,307.59386959605274,478.37216322324565
vid_000431_frame0000043.jpg,72.98838541666667,100.56245370370371,20.50456160990566,32.15368495237171,319.3802124480238,487.26874972873264
vid_000431_frame0000044.jpg,77.77648148148148,104.63414351851851,27.904362630666398,35.57238223961989,317.12534775668587,440.9190912196449
vid_000431_frame0000045.jpg,84.68567708333333,108.35413773148149,34.23954359771731,40.33707365731505,302.3885935871056,458.98523883530527
vid_000431_frame0000046.jpg,87.90592592592593,111.39785300925926,38.82364333770121,42.39064546496936,223.02685785108025,454.23457246786984
vid_000431_frame0000047.jpg,97.43782986111111,118.43836226851852,38.62252974437734,40.47991124840748,276.3242088629745,381.20936089245623
vid_000431_frame0000048.jpg,90.4665162037037,113.17861689814815,37.13037327547524,38.75695621474258,287.17767478445967,393.96263760525835
vid_000431_frame0000049.jpg,83.04787037037038,106.08570601851852,32.02898228343863,36.23959913798845,289.482551357241,411.2748773871528
vid_000431_frame0000050.jpg,101.80494212962962,123.85041666666666,26.346754598814815,31.697745126785993,249.45499677640606,429.09711140997405
vid_000431_frame0000051.jpg,167.428125,171.63260416666665,37.222393395582266,38.456450801713515,144.36372722144526,407.8598405730238
vid_000431_frame0000052.jpg,178.23172453703702,179.6664988425926,29.150632228040795,34.7031385052836,113.1620343845111,367.23996521870174
vid_000432_frame0000001.jpg,118.16858796296296,134.59589699074073,40.38792410791736,52.78588261367052,307.2422980318716,2380.3414515857753
vid_000432_frame0000002.jpg,119.19449652777777,135.39634837962964,40.469654996044014,52.43565465431684,269.67895541355887,2213.0153690666457
vid_000432_frame0000003.jpg,122.61329282407408,135.48603587962964,40.729383280639034,49.56308470210997,229.63237621497638,1640.8946217608332
vid_000432_frame0000004.jpg,103.64858796296296,121.60113425925925,38.29708452599671,50.69561447913577,288.4360237734362,1596.3668925045813
vid_000432_frame0000005.jpg,90.98016782407407,112.90193865740741,40.66026567872409,56.13173541570441,406.3858653763383,2403.868997422324
vid_000432_frame0000006.jpg,91.23027199074075,110.92802083333333,45.95140575918723,58.21269562926537,433.07520961850435,1813.6686676949373
vid_000432_frame0000007.jpg,92.1808449074074,111.72106481481481,48.264887155741924,59.45574039176399,461.47397646122687,2199.6762310694226
vid_000432_frame0000008.jpg,91.42263888888888,110.73001736111111,48.190576283888774,59.578917352864956,484.25522111183454,2239.6613829804514
vid_000432_frame0000009.jpg,90.4291724537037,109.96416087962963,48.092855134002676,59.27656660653772,456.4699874807099,2116.6682911238304
vid_000432_frame0000010.jpg,89.10257523148148,110.05497106481481,48.235563281954555,59.37428005556966,473.73379583333326,2236.2075767638403
vid_000432_frame0000011.jpg,87.64197916666667,108.82677662037037,48.082680327450426,58.67879737197978,460.2836422303669,2128.77574380787
vid_000432_frame0000012.jpg,86.75443287037037,108.039375,47.93263185748145,58.504745775988795,463.6233009032868,2111.875626066851
vid_000432_frame0000013.jpg,84.015625,104.19181134259259,45.813846476884294,56.00061649240321,397.232540411603,1559.3067719264066
vid_000432_frame0000014.jpg,74.00097222222222,94.34768518518518,41.96882839590777,46.810275257059025,316.89336368550534,893.0740694403922
vid_000432_frame0000015.jpg,69.43292824074074,91.95533564814815,39.19256255608254,43.2375741677362,234.90109267283412,925.4066943414299
vid_000432_frame0000016.jpg,71.39883680555556,94.14869791666666,39.59028313011798,42.59810329082593,205.12957141602232,899.2462205045639
vid_000432_frame0000017.jpg,64.1676099537037,84.88752893518519,40.55157770490715,45.12739959281478,224.3954058022749,986.7805240804705
vid_000432_frame0000018.jpg,50.79403935185185,72.02498842592593,39.450281492545066,49.181839119635214,307.9257379396206,1167.1587864896464
vid_000432_frame0000019.jpg,46.35721643518519,67.82129050925926,39.05044674048425,49.99636400391896,337.9347439793382,1183.1087620908552
vid_000432_frame0000020.jpg,44.86601273148148,65.6832349537037,39.48521749238738,51.001586544384416,373.14240705774046,1274.033024432013
vid_000432_frame0000021.jpg,45.79357638888889,65.93584490740741,40.14969305307002,51.87069687510743,380.0560449454518,1361.8759045994889
vid_000432_frame0000022.jpg,46.701261574074074,67.31997106481481,39.224071446190266,51.110547370826104,369.2841905852141,1399.6878646314249
vid_000432_frame0000023.jpg,54.38141782407408,74.47628472222222,42.388861365896375,51.28355319972773,303.9736051611797,1086.0551091016898
vid_000432_frame0000024.jpg,59.06373263888889,80.62291087962963,44.91261288090049,55.51233114470489,473.2683913480782,1412.5133707293476
vid_000432_frame0000025.jpg,58.760428240740744,81.38134259259259,43.238210781389526,55.280901523016475,474.1731141459565,1510.993563425792
vid_000432_frame0000027.jpg,72.28506944444445,93.54952546296296,46.27711626756224,59.27087752200501,482.4488519908681,1848.8762958106943
vid_000432_frame0000029.jpg,65.45876736111111,85.78603587962964,50.51614063070675,55.51267362932148,300.0630571940104,717.6020576458212
vid_000433_frame0000001.jpg,107.21546296296296,126.28081597222223,30.70455576446389,40.39202960466569,246.46595776638455,1336.591316595099
vid_000433_frame0000003.jpg,107.34813078703704,125.88403356481481,30.209849626336403,41.42644188999992,253.00181645846064,1501.7471092769083
vid_000433_frame0000004.jpg,108.26664930555556,126.56615162037038,29.324091682590236,42.219172803406074,268.40433718050735,1751.2488475147557
vid_000433_frame0000005.jpg,108.69833912037036,127.70825231481481,27.748161676192993,42.123571373194764,243.64368222572523,1571.8432214506174
vid_000433_frame0000006.jpg,111.403125,129.82819444444445,26.75545703169945,42.08657106884049,236.16053943594474,1387.3503092844435
vid_000433_frame0000007.jpg,110.54160300925926,132.15469907407407,23.25411987044188,39.64399318322128,195.9416390769341,865.7748743182816
vid_000433_frame0000008.jpg,113.56627893518518,136.0696238425926,21.470879410455133,37.84919357930729,203.31042328528886,951.717629117604
vid_000433_frame0000009.jpg,113.58234953703703,134.75614583333333,22.461700706899787,34.76064056325231,157.1176635413653,472.87653827880524
vid_000433_frame0000010.jpg,110.73688657407408,133.0078125,21.656460641776192,34.15403606758043,161.64137300102746,451.3375257296757
vid_000433_frame0000011.jpg,112.19916087962963,132.8902199074074,21.510114556437447,34.677267632570185,160.56899039231288,503.22145167793934
vid_000433_frame0000012.jpg,111.05520833333334,133.13151041666666,22.145443488846826,40.727486142211276,196.48843652209794,1101.5387518324278
vid_000433_frame0000015.jpg,111.5037037037037,132.1059375,24.270528208576746,44.70397725931832,241.01628249300734,1837.157752546263
vid_000433_frame0000016.jpg,108.12836226851852,126.99890046296296,29.33688916623736,46.20094556907038,263.6313482155296,1572.1779392513488
vid_000433_frame0000018.jpg,102.71002893518518,125.44340277777778,28.849300072934817,49.52366393765704,314.6038196177541,2448.7319045877002
vid_000433_frame0000026.jpg,100.10644097222222,123.4289525462963,25.280016677923673,39.88255847833537,251.92819258505742,1069.6881735434617
vid_000433_frame0000027.jpg,103.16909143518518,127.77987268518518,21.71785090962831,40.59882852125916,244.95249621913578,1479.8618818853683
vid_000433_frame0000028.jpg,108.72157986111111,128.9328125,16.532610858832747,28.786410313031634,181.8092121008016,619.1706591048044
vid_000434_frame0000012.jpg,86.59013310185185,119.09929976851852,41.185780831381805,60.674583156181164,430.7562170419869,2535.311692539009
vid_000434_frame0000013.jpg,85.20928819444444,116.7598611111111,36.643613025123486,55.415069379479824,319.8023654813958,1587.2876761026184
vid_000434_frame0000014.jpg,82.97018518518519,116.0509837962963,33.80646822646796,53.341656296799115,261.917321947338,1410.4552118641961
vid_000434_frame0000017.jpg,79.97206018518519,115.0947511574074,33.17421510858172,53.9554050921069,275.9012373969854,1766.4308752184875
vid_000434_frame0000021.jpg,81.09888310185185,116.02769675925926,33.138342297616816,52.79899248934137,266.11949565958827,1653.1809907395352
vid_000434_frame0000024.jpg,81.48707175925927,115.55128472222222,33.53192759906205,53.997545785857575,279.0538513803155,1713.050050223946
vid_000434_frame0000033.jpg,84.74002893518518,114.89534143518519,36.14322431505042,49.19028671395886,227.459164925733,694.4782344036337
vid_000434_frame0000034.jpg,102.9983738425926,126.57675347222222,45.31572859143146,49.334845839397275,269.0735351706841,520.5748290940272
vid_000434_frame0000035.jpg,104.61603587962964,128.79266782407407,46.21762063294621,51.74996907485506,284.92680725938254,707.9207116461106
vid_000434_frame0000036.jpg,108.57744212962963,131.9098263888889,46.93089455601363,51.13311110806998,296.44245148520554,697.7857523509505
vid_000434_frame0000037.jpg,101.9189525462963,128.02123842592593,43.925461901965114,51.51214146112299,292.0989777519237,953.9673459778754
vid_000434_frame0000041.jpg,104.40286458333334,129.48831018518518,45.81947148853429,51.8007907616613,296.8809012811522,973.1482652692044
vid_000434_frame0000044.jpg,105.1213599537037,129.42038773148147,46.48491454077859,51.806110369423834,296.45623555166407,962.5124109878351
vid_000434_frame0000047.jpg,102.85869791666667,127.4033275462963,47.13357292753956,53.19724820831144,308.78043906970026,1040.1279034328047
vid_000434_frame0000056.jpg,108.20755208333334,131.58746527777777,47.88940849956553,52.79567839980422,318.9431180875718,1061.3810241769213
vid_000434_frame0000057.jpg,104.26822337962963,128.60299189814816,47.62072032356595,53.17475834525553,299.3719471932535,1006.8793755560648
vid_000434_frame0000059.jpg,108.67819444444444,131.0975925925926,47.91363921816896,52.306258267310724,308.84396420061194,985.7958498873403
vid_000434_frame0000060.jpg,99.76139467592593,124.37273726851852,46.11776134256002,52.150156319968744,290.44384830246923,996.30358980594
vid_000434_frame0000064.jpg,110.05287037037037,132.48412615740742,48.23165052257018,52.30274862973097,308.3798503833578,939.44300390059
vid_000434_frame0000069.jpg,107.27764467592593,131.18297453703704,47.879684184911795,51.708254247806835,289.786562394976,795.114886229933
vid_000434_frame0000071.jpg,103.37063078703704,128.61417824074073,46.28593298520017,50.624298649880615,291.3576150911726,830.2841976850511
vid_000434_frame0000074.jpg,114.49895833333333,134.22244791666665,47.00697272773521,53.89012947765866,252.1259324403278,747.2985525749301
vid_000434_frame0000075.jpg,83.40902199074074,117.03008680555556,34.28978965217955,54.18480682244778,260.07498609182096,1667.4266955970293
vid_000434_frame0000077.jpg,82.35216435185185,115.69112268518519,38.913363929456445,58.00995454476649,372.4272261540584,2273.7533833185644
vid_000435_frame0000001.jpg,43.11460648148148,62.901371527777776,31.24379571126074,41.97079962625277,306.1896082013835,485.0061168718921
vid_000435_frame0000003.jpg,43.83447916666667,63.598871527777774,32.21157700472783,42.71290427977929,872.8959175582991,830.0037315538194
vid_000435_frame0000005.jpg,43.391614583333336,63.008090277777775,31.581997557644826,41.88167143441147,305.5898930600767,467.84706189986287
vid_000435_frame0000006.jpg,43.53742476851852,63.418373842592594,31.867028231003758,42.253970382632126,306.59163950563703,465.06146450131683
vid_000435_frame0000007.jpg,44.07138888888889,63.41384837962963,33.03466782981998,43.054993060449384,303.5309033778815,478.40294876298736
vid_000435_frame0000008.jpg,43.64247106481481,63.1818287037037,32.88230155017181,42.92774310556431,305.54133366970484,479.5723663189086
vid_000435_frame0000009.jpg,43.602164351851854,63.49747685185185,32.897588563275335,42.69049226944798,302.04119799690824,454.3221683783637
vid_000435_frame0000011.jpg,43.934635416666666,63.28610532407407,33.399888825205096,43.43332841938469,309.72688405550736,499.3229374035158
vid_000435_frame0000012.jpg,44.170260416666665,63.08528935185185,33.74493186983455,43.6577654072685,306.8515242283951,486.09419146381896
vid_000435_frame0000013.jpg,44.52761574074074,63.23038773148148,34.51881097959397,43.938366254699005,301.91411309785985,455.12920562789344
vid_000435_frame0000014.jpg,44.59654513888889,63.86219907407408,35.841553751650515,45.10189099239631,303.0699631814504,468.1583703655143
vid_000435_frame0000015.jpg,44.97298032407407,63.61359953703704,39.90379887445604,46.04412047515264,304.0161187869392,436.77018557336544
vid_000435_frame0000016.jpg,43.321412037037035,62.39907407407407,39.285473529201084,45.52783081558236,314.3913848352503,440.221064991507
vid_000435_frame0000017.jpg,42.343900462962964,62.09923032407407,35.818110410761484,43.887848143710315,313.5133360925914,461.5451608707549
vid_000435_frame0000018.jpg,41.57955439814815,61.18417824074074,32.88941948641372,42.56447263493878,317.910144524686,484.52247578684273
vid_000435_frame0000019.jpg,40.11219907407408,60.420399305555556,30.140750136238886,40.346050070881,311.85044386091823,443.5453218737944
vid_000435_frame0000020.jpg,39.3753587962963,59.8014525462963,29.380234509753613,39.701004120981416,318.9818542242355,461.80844053548185
vid_000435_frame0000021.jpg,39.43818287037037,59.871498842592594,29.72734272507948,39.7501758405003,314.74630353598684,447.64476111188134
vid_000435_frame0000022.jpg,39.48947916666667,60.03428819444444,29.851265257275347,40.10131944023163,316.2497469230914,439.9137047323764
vid_000435_frame0000023.jpg,39.91165509259259,60.22024884259259,30.397158634446505,40.30902120715434,311.29408869906865,432.65317869030775
vid_000435_frame0000024.jpg,39.88681712962963,59.52271990740741,30.421240749054416,40.09750217364003,324.45008266618316,470.68997866026746
vid_000435_frame0000025.jpg,39.262633101851854,59.99028356481482,28.690981282550506,39.479555677217505,317.2691158090265,445.6180742621528
vid_000435_frame0000026.jpg,38.89899884259259,59.07555555555555,28.208052500120168,38.61128708592992,315.20733440550924,450.80898618344906
vid_000435_frame0000027.jpg,39.62056712962963,60.39074074074074,28.986720509261957,39.973014710012286,312.19869418509944,432.1047015091508
vid_000435_frame0000028.jpg,40.82782407407407,60.41905092592592,33.95044808091605,41.34029285077874,313.5377221788194,404.94870313772606
vid_000435_frame0000029.jpg,38.52886574074074,57.43856481481482,36.41568505682545,42.04184903908757,326.1901590458623,418.37671806248795
vid_000435_frame0000030.jpg,36.49229166666667,55.77817129629629,34.385349093011456,40.49450486140876,336.98645929770555,438.89578784316996
vid_000435_frame0000031.jpg,33.62548611111111,54.92118634259259,25.918597302058775,37.63344371514663,339.2594574288074,477.74901725230274
vid_000436_frame0000004.jpg,67.92358217592593,93.39179398148148,44.626398457094304,57.555297120619066,579.1776162776157,693.3164178228684
vid_000436_frame0000005.jpg,66.9371412037037,92.43649305555556,43.86953664595726,56.88511220008409,559.1740347210166,673.3859874565971
vid_000436_frame0000006.jpg,68.84309027777778,94.12609953703704,45.061613269502274,58.18348552463704,540.6575626925999,685.0400010716736
vid_000436_frame0000007.jpg,71.1533912037037,96.08127314814814,46.48353030046429,59.36426387340237,536.4520359519677,673.0803303961105
vid_000436_frame0000008.jpg,69.48766203703704,94.56876157407407,45.47233703844166,58.52865380159885,549.8900278425805,698.9672067599827
vid_000436_frame0000009.jpg,70.64789930555555,95.3877199074074,46.23321167631043,59.27274203827898,542.9614352848173,694.4679464985411
vid_000436_frame0000010.jpg,70.73766203703704,94.15743055555555,46.31462287678822,58.41842956105066,541.1981245177468,680.7777338911059
vid_000436_frame0000011.jpg,71.91789351851853,94.9968287037037,47.21235328287693,59.16151582930121,525.8209309386453,731.7619983377003
vid_000436_frame0000012.jpg,65.72078125,90.41413194444445,43.277482903618385,56.62124935915712,595.1259072400925,826.9597903589237
vid_000436_frame0000013.jpg,66.27355324074074,89.68522569444444,44.22111575194256,56.56871668728062,575.874271025029,770.070529423835
vid_000436_frame0000014.jpg,66.10170138888888,87.98410300925926,45.027929392167444,56.57622824658568,599.267996208285,837.6547244936341
vid_000436_frame0000015.jpg,60.3948900462963,83.54870370370371,42.32658088698894,54.2119733655766,630.0149610974138,769.645221400751
vid_000436_frame0000016.jpg,64.28332754629629,86.62188078703704,45.381392364659916,57.1705848323572,634.5258435326847,804.8682677035108
vid_000436_frame0000017.jpg,60.86207175925926,83.93278935185185,44.072206812234924,56.169117642261895,660.2006383744521,787.3085203569744
vid_000436_frame0000018.jpg,59.090555555555554,82.15667824074075,42.91133873256563,55.10533180312575,661.223917245069,774.3847244643977
vid_000436_frame0000019.jpg,57.54626157407407,81.17650462962963,41.90871198163166,53.533581134449456,617.147024512891,698.0391815896869
vid_000436_frame0000020.jpg,61.227164351851854,84.41859953703704,43.95876085169493,55.890347083488194,660.1604627592111,792.3024600431885
vid_000436_frame0000021.jpg,60.57541087962963,84.65696180555555,43.458200391350644,55.91976698666983,656.7369070987653,752.483400115205
vid_000436_frame0000022.jpg,54.94012152777778,79.72315393518518,38.813834774377014,51.49375405766063,684.4108658652892,714.192930989282
vid_000436_frame0000023.jpg,55.53851273148148,80.15037037037037,39.113626001583334,50.85948591691815,672.4421195439761,710.1248089393312
vid_000436_frame0000024.jpg,61.47465277777778,85.16209490740741,44.917164948996536,55.42675042559317,647.7602366635588,688.3597987263161
vid_000436_frame0000025.jpg,66.35350694444445,89.65328125,47.392894333467254,57.98102898751445,624.6624811760211,681.3083733859256
vid_000436_frame0000026.jpg,67.27935763888888,90.35361689814815,47.770946756219104,58.28369263024711,628.3893104422528,690.8992934015722
vid_000436_frame0000027.jpg,62.80966435185185,86.47964699074075,44.90471585632561,55.80617334939892,608.6926969373915,681.0083121334541
vid_000436_frame0000028.jpg,58.95803240740741,82.86889467592593,42.44441269798332,53.329565123438904,661.9390919774186,716.9326990231359
vid_000436_frame0000029.jpg,57.841087962962966,82.77703125,41.618941436758526,53.32989486729647,652.6788200969597,668.9315096836085
vid_000437_frame0000006.jpg,63.02641782407407,84.00803819444444,57.19395305641096,64.72248950089131,1564.650402902326,1232.4278698881174
vid_000437_frame0000007.jpg,37.24282407407407,61.45713541666667,39.989516790475435,53.62887917107735,1982.02302717965,1293.5631138244548
vid_000437_frame0000008.jpg,26.755127314814814,52.361666666666665,31.97720148297635,48.14808496826339,2202.6712615204906,1195.6617828360768
vid_000437_frame0000009.jpg,27.06888888888889,52.50388888888889,31.308740158931755,46.114589145939114,2177.1119371741775,1206.0400258723423
vid_000437_frame0000010.jpg,36.92703703703704,63.32842013888889,34.176051732963295,47.89226545533061,2109.4965172152297,1224.9506400315274
vid_000437_frame0000011.jpg,43.58450231481481,68.8157638888889,35.170976902884505,47.54255724280082,2052.9752622685187,1218.7250211802543
vid_000437_frame0000012.jpg,45.343038194444446,71.30979745370371,35.49824450577235,48.95291947684221,2024.4293196611568,1276.263885171488
vid_000437_frame0000013.jpg,46.30581597222222,72.99451388888889,35.14181208923649,49.41083748638843,1965.6105729166666,1294.0759981223944
vid_000437_frame0000014.jpg,49.07831597222222,74.97656828703704,36.20625226965711,49.8941328360769,1834.2202099099993,1247.216099710347
vid_000437_frame0000015.jpg,51.90266203703704,76.51210069444444,37.52028037838761,50.53527638322313,1738.5891872628586,1283.5881591208793
vid_000437_frame0000016.jpg,53.21391203703703,77.8396875,38.42339096334279,51.68083469626186,1635.3222968701773,1327.2810177790304
vid_000437_frame0000017.jpg,50.50440972222222,75.41259837962963,37.12477776462599,50.052097856589846,1788.7027641877519,1368.8924452907652
vid_000437_frame0000018.jpg,49.974189814814814,75.18079282407408,36.75142451939395,49.24989535447751,1753.9353943060646,1331.7914565462843
vid_000437_frame0000019.jpg,45.04663194444444,69.55428819444444,35.24233435823048,47.55303500766373,1867.0447498263889,1347.2710897246604
vid_000437_frame0000020.jpg,45.08116319444444,69.66969328703703,35.42536614448823,47.718712364688656,1791.8408201597526,1329.5110563871406
vid_000437_frame0000021.jpg,45.28992476851852,69.51017361111111,35.656500535444515,47.14739681177812,1815.26377103022,1332.463904267404
vid_000437_frame0000022.jpg,45.3248900462963,68.85542824074074,35.80297449008179,46.667759182915276,1773.816538580113,1304.5947566529492
vid_000437_frame0000023.jpg,46.1682349537037,69.7729224537037,36.319528009383966,47.332255141290176,1776.2343011809837,1321.447961254146
vid_000437_frame0000024.jpg,45.12122685185185,69.45050925925926,36.49522645566664,47.41975389988691,1815.6040648528594,1319.4523824072733
vid_000437_frame0000025.jpg,45.97009259259259,69.56760995370371,37.00548847544431,48.04941684335777,1860.043496776406,1329.4338859691145
vid_000437_frame0000026.jpg,45.64252893518518,69.0109375,36.609186136497335,47.82899656880229,1721.6552925826463,1289.764671525065
vid_000437_frame0000027.jpg,45.56733217592593,68.98091435185185,36.48719687537712,47.18037510936361,1809.3274807090395,1315.0031485498916
vid_000437_frame0000028.jpg,46.73013888888889,70.37818287037037,36.861445550008824,48.74302785787517,1808.388329260974,1345.8677960550358
vid_000437_frame0000029.jpg,47.65695601851852,71.27613425925927,37.2980049733687,49.20664335098324,1798.0253526472684,1325.9745818356362
vid_000437_frame0000030.jpg,47.902824074074076,71.30113425925926,37.83003000613859,50.2058654405975,1811.2580632707677,1346.03839918094
vid_000437_frame0000031.jpg,47.59929398148148,72.20816550925926,37.957337033658234,51.869762178588665,1853.755766881236,1362.2659615900154
vid_000437_frame0000032.jpg,48.09029513888889,73.64798032407407,37.97705387590576,52.51276630469808,1780.9911396885918,1324.7347665144555
vid_000437_frame0000033.jpg,49.13294560185185,74.82310185185185,38.24191687473295,52.62377014142026,1801.141200626795,1371.226292590449
vid_000437_frame0000034.jpg,48.054033564814816,74.36134837962963,37.35282202207435,51.7288909603466,1871.2596060955448,1410.7264605676387
vid_000437_frame0000035.jpg,48.46749421296296,74.55049189814815,37.809275835529334,52.04679170666632,1852.9781929675441,1372.9320837962962
vid_000437_frame0000036.jpg,48.56318287037037,74.63533564814814,37.68791959484969,52.024384253420294,1801.3653940352997,1381.6627393298488
vid_000437_frame0000037.jpg,48.94037615740741,75.50984953703704,38.10008708611591,52.80100051420839,1848.7445818222404,1411.9349790861572
vid_000437_frame0000038.jpg,48.185636574074074,74.95429976851852,37.554969060024575,52.36511111150556,1890.4088825697324,1412.2633211146142
vid_000437_frame0000039.jpg,47.94826967592593,73.44924189814814,36.94205693381662,50.40316134544634,1912.6487769927767,1413.599039925733
vid_000437_frame0000040.jpg,47.710283564814816,72.5882175925926,36.56538085564904,49.39406694736527,1778.8383055177455,1314.8216825311522
vid_000437_frame0000041.jpg,47.98822916666666,72.66935185185186,36.72488024541503,49.00253655137449,1843.7740875768593,1356.3067819218054
vid_000437_frame0000042.jpg,47.981892361111115,73.12480324074075,36.66269488756888,48.94046579947538,1795.9676856910148,1331.2044550238716
vid_000437_frame0000043.jpg,48.49913194444444,72.69909722222222,37.02232027197314,48.47555477993037,1822.941126677035,1342.9384411645876
vid_000437_frame0000044.jpg,48.78593171296296,72.73075231481481,37.29283707039766,48.24131032515313,1824.5742224191088,1335.6744420074253
vid_000437_frame0000045.jpg,48.73888888888889,72.46103587962963,37.36409715452575,48.32559035527877,1851.6014678914555,1329.3009816968545
vid_000437_frame0000046.jpg,48.254184027777775,71.64376157407408,37.098771948183895,48.125511100880075,1789.8305980031707,1303.1296176933301
vid_000437_frame0000047.jpg,47.16224537037037,71.31333912037037,36.616937180447394,48.181880001654086,1822.9245115728684,1304.047582165075
vid_000437_frame0000048.jpg,45.97651041666666,70.49467592592593,36.15025658620882,47.51138868721444,1876.6857133225094,1280.1070370852287
vid_000437_frame0000049.jpg,46.25313078703704,70.33363425925926,36.33102174780994,47.470769838996446,1888.9450918113089,1287.959904057222
vid_000437_frame0000050.jpg,46.16092013888889,70.26017361111111,36.22196699384705,47.33639839418312,1813.629537046548,1239.3127489706576
vid_000437_frame0000051.jpg,40.688038194444445,64.12195601851852,34.55763738104288,45.004449362009694,1876.3279699072734,1280.6619041918511
vid_000437_frame0000052.jpg,37.42236111111111,60.84292824074074,33.4691365910054,43.984597390781126,1857.935789846831,1234.5336546987191
vid_000437_frame0000053.jpg,46.77200231481481,69.34276041666666,39.210936664310736,48.703998811704054,1732.0311635025507,1254.7116266321252
vid_000437_frame0000054.jpg,46.70947916666667,69.28976273148149,39.11861452988835,48.45757942772864,1726.730003990343,1266.801284302126
vid_000438_frame0000001.jpg,21.099184027777778,42.381336805555556,26.62967259087412,36.322289575028314,2084.1663855290585,1138.9316097197775
vid_000438_frame0000003.jpg,21.00617476851852,41.054097222222225,25.980665934142124,35.30448772582801,1869.3083085389603,997.3186511851369
vid_000438_frame0000004.jpg,20.96644675925926,41.2998900462963,26.340004150046756,35.64071212951589,1953.346985234181,1027.3458088613668
vid_000438_frame0000005.jpg,20.985393518518517,41.14862268518519,26.485554144049267,35.639612424905074,2076.1338404800226,1094.6899011295436
vid_000438_frame0000007.jpg,20.84554976851852,41.11626736111111,26.214054409766867,35.34326536511954,2109.8439121921283,1089.2478457955237
vid_000438_frame0000008.jpg,20.437494212962964,41.06987847222222,25.329775297813004,34.98465248967316,2069.9082497151694,1086.253785614357
vid_000438_frame0000009.jpg,20.310144675925926,41.11459490740741,24.531997885082628,34.42751080098067,2027.1441408929181,1066.4948553599418
vid_000438_frame0000010.jpg,20.22693865740741,40.747650462962966,24.399406062584497,34.36302418039292,2083.9762364888425,1080.9960163558812
vid_000438_frame0000011.jpg,21.285300925925927,41.20945023148148,26.300514960318974,36.057988626585605,2054.298859772022,1076.3430350532353
vid_000438_frame0000012.jpg,25.07888888888889,45.06690393518519,32.60995312396069,42.96986505446162,1974.0754549848557,1037.7445386540585
vid_000438_frame0000013.jpg,21.582604166666666,41.28443865740741,27.404067827534174,37.175703821230826,2101.5547956820938,1080.6494545973455
vid_000438_frame0000014.jpg,20.36816550925926,39.92149884259259,25.618228630909858,34.626278734560415,2015.0419700274351,1089.5899417314695
vid_000438_frame0000015.jpg,20.826221064814813,40.53773148148148,26.163735083519224,34.90706742807103,2083.7159294415173,1084.5340342494803
vid_000438_frame0000016.jpg,22.086174768518518,41.89326967592593,28.36668112795056,37.70716285573159,2017.6185092001833,1105.7757948976282
vid_000438_frame0000017.jpg,24.744890046296295,44.494560185185186,32.30872586920058,41.04993746940119,2025.1222473229595,1092.820473238939
vid_000438_frame0000018.jpg,28.38859375,47.47496527777778,37.97733922572748,46.14154649637892,1987.2171496886453,1081.9139999516406
vid_000438_frame0000019.jpg,27.29308449074074,48.131267361111114,34.691106814146856,43.25439882511951,1935.133226529814,1103.8606844256033
vid_000438_frame0000020.jpg,29.56892361111111,50.2453125,37.98521178499136,47.12595853253997,2100.587749189681,1168.1710624428997
vid_000438_frame0000021.jpg,29.038414351851852,49.974438657407404,36.78578119258422,46.25330732015766,2116.3064762342665,1155.5441286424843
vid_000438_frame0000022.jpg,26.79800925925926,47.55228009259259,33.25358043546126,42.92196648112402,2017.7899909443588,1112.616426597028
vid_000438_frame0000023.jpg,25.818431712962962,46.70940972222222,31.641315537274437,41.390438703724286,1919.3900297268508,1055.406769842002
vid_000438_frame0000024.jpg,27.24796875,48.31097800925926,33.60121144846684,43.46080423189742,2062.1591105961716,1149.8478773725512
vid_000438_frame0000025.jpg,25.642841435185186,46.90721064814815,30.81588341096955,40.60676957163165,2060.5862969259047,1126.590787730276
vid_000438_frame0000026.jpg,24.392719907407407,45.11220486111111,28.65958702566618,38.52953048113772,2090.208987953184,1136.5644060843927
vid_000438_frame0000027.jpg,24.079664351851854,44.862934027777776,28.109989753847554,37.75890168167363,2042.521001851852,1070.916982670905
vid_000438_frame0000028.jpg,25.719050925925927,47.41463541666667,30.55407873492505,41.432022694463996,2036.9642733517665,1144.1851268325618
vid_000438_frame0000029.jpg,28.741383101851852,50.05916087962963,34.643664717109154,45.180304559943046,2077.1607793075914,1156.120851568394
vid_000438_frame0000030.jpg,30.390381944444446,51.985364583333336,37.010206738998065,47.779318247959175,2116.948755786501,1190.9834463436844
vid_000438_frame0000031.jpg,29.94650462962963,51.38427083333333,36.392781504753884,47.29011987485865,2129.1677015005776,1158.587155423606
vid_000438_frame0000032.jpg,27.811412037037037,49.413836805555555,33.5106084895438,44.54040749676632,2037.0436396167897,1118.6204686639649
vid_000438_frame0000033.jpg,27.577309027777776,49.275167824074074,33.14012837878532,44.382676373408835,2034.5386418304988,1120.32722141763
vid_000438_frame0000034.jpg,26.205902777777776,47.903582175925926,31.128843283018018,42.2990743774203,2065.6388383293415,1129.551739506173
vid_000438_frame0000035.jpg,25.913038194444443,47.614837962962966,30.569992948876756,41.24952084145548,2000.8120612118487,1098.5657701217087
vid_000438_frame0000036.jpg,27.12685763888889,48.612042824074074,32.14773497954998,42.4075278532927,2033.491061883486,1120.1965332553352
vid_000438_frame0000037.jpg,26.440758101851852,48.41795717592593,31.411360399651,41.81139717023183,2115.7789118103447,1164.0169476803626
vid_000438_frame0000038.jpg,26.144050925925924,47.72750578703704,30.875401508518415,41.206699781195844,2095.556618802211,1143.9100245365012
vid_000438_frame0000039.jpg,25.557065972222222,47.29265046296296,29.67076158462825,39.833631497757274,2100.172543778902,1149.4576155523605
vid_000438_frame0000040.jpg,25.67770833333333,47.60074652777778,29.58835080029972,39.69208963719056,2131.489802878515,1165.8743238061222
vid_000438_frame0000041.jpg,25.861024305555556,47.51373842592593,29.57168310298538,39.60319745621119,2125.568715817767,1160.512122178518
vid_000438_frame0000042.jpg,25.825532407407408,47.69947337962963,28.974327133143127,39.291184776124524,2066.4749694668158,1146.145804872866
vid_000438_frame0000043.jpg,26.653362268518517,49.05387152777778,28.233975066755132,38.59044897113378,2028.4066819937414,1145.478092917812
vid_000438_frame0000044.jpg,27.875515046296297,50.74345486111111,27.5351500111256,38.058926510583674,1977.270002309155,1131.1119888157136
vid_000438_frame0000045.jpg,28.132141203703704,51.14350694444445,27.396536713378005,37.86207557527727,2113.8600152129416,1190.484262667047
vid_000438_frame0000046.jpg,27.379924768518517,49.666354166666665,27.572472324529276,37.647472369712546,2084.822091201561,1169.8135893795811
vid_000438_frame0000047.jpg,26.60818287037037,49.11972222222222,28.104194735738936,38.0367811444429,2147.7391222945603,1178.1628769772042
vid_000438_frame0000048.jpg,26.797042824074072,48.853680555555556,28.330616606772352,37.851328048889144,2035.5926203269678,1121.4930534817333
vid_000438_frame0000049.jpg,25.779965277777777,47.97002314814815,27.68092523305631,37.51207666032147,2057.9038275607304,1140.230927850116
vid_000438_frame0000050.jpg,25.03040509259259,46.40091435185185,27.3385955990179,36.884973341771854,2024.242633050914,1102.0317863650641
vid_000438_frame0000051.jpg,24.153645833333332,45.880636574074074,26.23643793210707,36.14742095536559,2168.4646493375717,1164.3367222454974
vid_000438_frame0000052.jpg,23.137505787037036,44.97265625,25.19388104137689,35.26624771667352,2099.3067133889194,1136.5472820589796
vid_000438_frame0000053.jpg,23.026886574074073,45.451961805555555,25.614228210788568,36.213335643696034,2257.506187269289,1199.2937977961033
vid_000438_frame0000054.jpg,23.03578125,45.61112268518519,25.57640240042459,36.70375698411318,2192.493666632373,1162.1739967045705
vid_000438_frame0000055.jpg,24.13548611111111,46.305792824074075,27.46582746315716,38.72433862092901,2198.726153731433,1169.293060370551
vid_000438_frame0000056.jpg,23.911296296296296,46.71376157407408,26.214951508230474,38.94342288011005,2136.7663838347426,1169.6736756846653
vid_000438_frame0000057.jpg,22.897575231481483,46.12278356481482,25.22707523949251,37.56925995290796,2207.31693748071,1170.0552450850041
vid_000438_frame0000058.jpg,23.031770833333333,45.93424189814815,25.027552129885763,36.18063828557576,2116.1012116150323,1132.8881763518827
vid_000439_frame0000008.jpg,94.23370370370371,120.32346450617284,34.92111387552336,42.181688972848576,2158.1429698671604,3352.3602387972014
vid_000439_frame0000009.jpg,96.85462191358025,121.62913580246914,36.22114005833567,41.23782468869608,2086.770578057782,3058.506301735575
vid_000439_frame0000010.jpg,98.00409722222223,123.5983950617284,38.945944338724054,44.127476259179154,2397.587455875391,4368.259165972223
vid_000439_frame0000011.jpg,95.56100308641976,121.54739969135802,41.1293756077418,44.55580777357402,2271.8688621393817,3567.5122933284156
vid_000439_frame0000012.jpg,80.07695987654321,108.31521604938271,45.61777952354634,46.37931045439257,2445.711043381344,3183.205579166607
vid_000439_frame0000013.jpg,64.36038580246914,92.45924382716049,52.413127995483244,49.658728604231264,2555.753128034919,1867.7937464525223
vid_000439_frame0000014.jpg,52.55233024691358,77.40280092592593,58.873992422524566,54.574014583610186,2883.1533444634974,1492.2361410178873
vid_000439_frame0000015.jpg,46.581003086419756,68.59899691358025,62.74496706671934,57.98275831089356,2941.329852766108,1203.3283269603885
vid_000439_frame0000016.jpg,45.128618827160494,65.04261574074074,66.58434808089507,61.25246024494962,3063.4766705951834,1173.3051820216047
vid_000439_frame0000017.jpg,45.98999228395062,63.92050925925926,69.88062042702092,64.27910729720693,3034.0856602208482,1048.1059030576037
vid_000439_frame0000018.jpg,47.390216049382715,63.96243827160494,72.30880728558888,66.46754540528016,3102.114619797859,1219.0970870707947
vid_000439_frame0000019.jpg,49.7535262345679,66.07781635802469,74.53418315790606,69.08036864377682,3010.1329454008533,1200.5545801697529
vid_000439_frame0000020.jpg,51.94806327160494,67.71708333333333,76.18607102559484,70.20107169708297,3041.3943770404067,1369.2876798696248
vid_000439_frame0000021.jpg,53.11373456790123,68.7929475308642,77.03399820379882,70.65332071488542,3034.9546800401995,1263.8559847200788
vid_000439_frame0000022.jpg,50.172600308641975,64.31081790123457,73.96869896602244,66.95853929727608,2952.617985782405,1311.88345196277
vid_000439_frame0000023.jpg,48.337476851851854,62.55191358024691,71.56487003595656,65.06908963056541,2931.108094952894,1162.8489138573937
vid_000439_frame0000024.jpg,39.82938271604938,56.61027006172839,59.903711402069376,60.70751665294676,2873.6459721498245,1087.7088139688476
vid_000439_frame0000025.jpg,37.142345679012344,54.70010030864198,57.301952006515876,59.4796888508372,2877.1706481481483,1151.8315835985727
vid_000439_frame0000026.jpg,35.90291666666667,53.509050925925926,56.83881425846136,58.7445724694967,2855.8554934725557,1070.4918564599886
vid_000439_frame0000027.jpg,34.45386574074074,52.069328703703704,56.002266279323436,57.884963750592306,2826.8107595962415,1038.5741858243791
vid_000439_frame0000028.jpg,36.19020833333333,52.19878858024691,60.7296626893138,57.25162914886465,2622.648241370349,983.0714434668402
vid_000439_frame0000029.jpg,40.95496141975308,57.61711419753087,66.75322460132122,61.21948297717918,2547.034286053717,1063.9443598527282
vid_000439_frame0000030.jpg,48.26454475308642,71.58771604938272,64.71279837705724,59.904181517671105,2757.4427049896526,1372.9728024643134
vid_000439_frame0000031.jpg,59.144567901234566,87.90881172839507,51.47583990523218,49.27741406111905,2825.91646450135,1891.820364845298
vid_000439_frame0000032.jpg,66.14846450617284,96.6438888888889,40.16357318601253,42.748685702849244,2685.591661536863,2694.594757757964
vid_000439_frame0000033.jpg,70.02851080246914,99.61986882716049,34.8696177815718,38.58967348893734,2389.87073757716,1969.3572121865352
vid_000439_frame0000034.jpg,75.33546296296296,100.15532407407407,46.930830982406924,44.77477220806227,2233.8573027584875,1744.2426594859182
vid_000439_frame0000035.jpg,48.07055555555556,74.18333333333334,42.00626522567647,41.191713028499095,2442.516280092354,1436.5981369164735
vid_000439_frame0000036.jpg,47.10283179012346,72.9154012345679,35.91366797664255,35.84638117950223,2502.2381184232586,1438.0564895589825
vid_000439_frame0000037.jpg,51.36453703703704,76.78006172839507,30.685556256138298,31.837087339188287,2384.467391179353,1423.4229548923088
vid_000439_frame0000038.jpg,51.69769290123457,77.60153549382716,27.17976094764489,29.458718748387202,2305.5022788965452,1356.8465027425316
vid_000439_frame0000039.jpg,59.741905864197534,85.90871141975309,25.08761591490127,27.7455928772691,2149.4637361073005,1411.262563580247
vid_000439_frame0000040.jpg,64.4301774691358,90.39601080246914,22.520578068570504,25.73200805836833,2106.812741969534,1439.5426648661955
vid_000439_frame0000041.jpg,67.48364197530864,93.63327932098765,20.249590630099984,23.8932411840026,2064.1176938999743,1352.5920319929676
vid_000440_frame0000001.jpg,103.16123456790123,123.09837191358025,30.626654760341935,35.135210046385886,4070.7293346991214,2357.0892057155324
vid_000440_frame0000007.jpg,103.13966049382717,123.26847993827161,32.55381064543837,36.45757906527151,4227.028711899863,2413.995590271824
vid_000440_frame0000012.jpg,101.73975308641975,123.09806327160494,32.59501003146616,36.76324514756481,4114.917113334239,2260.4330582952293
vid_000440_frame0000017.jpg,102.7520987654321,121.62183641975308,30.887896845222556,35.015805536475995,4251.806782338583,2315.275583641975
vid_000440_frame0000018.jpg,102.51605709876543,121.99566358024691,31.17945823176486,35.82467030972374,4231.7339386430585,2388.4413422705547
vid_000440_frame0000020.jpg,102.03949845679013,121.68206018518518,31.526751183408564,35.90172352738958,4072.7482285662913,2366.596068700465
vid_000440_frame0000024.jpg,108.30800154320988,125.60775462962962,28.73380575876982,33.496413020442795,3717.4011828655484,2359.1744436680165
vid_000440_frame0000025.jpg,106.94545524691358,124.98177469135803,25.076683538245604,30.17085183673431,3577.1652279568666,2158.0181374094436
vid_000440_frame0000026.jpg,106.84239969135803,123.9164274691358,25.551950532818523,31.262898304302677,3707.7688391165602,2243.027723181906
vid_000440_frame0000027.jpg,105.45111111111112,122.6926774691358,26.343953296888486,31.501327947087002,3691.3534761278765,2218.7735522628386
vid_000440_frame0000028.jpg,104.64898919753087,121.50000771604938,27.71504515863081,32.6496138407571,3947.153768106758,2466.8764366138453
vid_000440_frame0000033.jpg,101.99942129629629,118.81996913580247,28.70244577006671,33.591126464582004,3926.1254401862684,2606.892818279833
vid_000440_frame0000034.jpg,101.60434413580246,118.03612654320987,29.001074234341182,33.72205597335973,3987.9040870653766,2697.5920940128576
vid_000440_frame0000038.jpg,100.95072530864198,118.4226311728395,31.018077580978588,35.73663635045736,3991.112257167353,2822.3802668381345
vid_000440_frame0000039.jpg,101.65593364197531,118.74932098765431,35.2586799506135,38.48820024606136,4090.9267829637247,2916.216709447338
vid_000440_frame0000040.jpg,101.8317824074074,118.54952160493828,36.22571405377318,39.30003260867277,4395.164025277147,3161.201581675574
vid_000440_frame0000041.jpg,99.6012962962963,116.86108796296297,36.302949003411655,40.421677253995945,4307.3414123218645,3149.293104737988
vid_000440_frame0000042.jpg,96.85260030864198,113.8208950617284,35.547382439934836,40.63028357058347,4512.5483111796975,3246.9384790235385
vid_000440_frame0000043.jpg,95.57595679012346,112.78031635802469,33.098789919667475,39.419065229957205,4352.342267189583,3220.037491129163
vid_000440_frame0000044.jpg,96.28225308641976,112.59378858024691,31.850386306708504,38.60005976933251,4236.389707110137,3364.6882313519277
vid_000440_frame0000045.jpg,95.7877700617284,113.52387345679013,31.27404921721771,39.12811046835118,4140.206392703511,3190.661550318585
vid_000440_frame0000046.jpg,94.55804012345679,112.73755401234568,29.98272772098934,38.46397087854476,4036.903214676688,3137.9398887838643
vid_000440_frame0000047.jpg,94.1729938271605,112.72052469135802,30.04207664979338,38.518408237899564,4325.68517120574,3471.0200573630523
vid_000440_frame0000048.jpg,94.13141975308642,112.83755401234568,30.11637557233491,37.99564515988523,4200.119338271366,3382.3902510282705
vid_000440_frame0000049.jpg,95.43013117283951,113.41662037037037,30.486332869070715,38.758371755927726,3951.0047105833114,3131.3552486062886
vid_000440_frame0000050.jpg,94.62395061728395,113.09369598765431,29.236310088697916,37.608106646946084,4097.71993525925,3392.453740271824
vid_000440_frame0000051.jpg,95.45474537037038,113.70108796296296,29.238438754214105,37.361790312557915,4130.275181133723,3200.3992879786215
vid_000440_frame0000052.jpg,96.17660493827161,114.40940586419752,29.524469850533087,37.76568273846718,3850.847593627055,2989.7383654320984
vid_000440_frame0000053.jpg,96.78266975308642,114.21913580246914,30.189708648884263,37.466726652368315,4073.0315103994603,3265.266142460896
vid_000440_frame0000054.jpg,96.63868055555555,114.10888888888888,29.887340869450405,37.24965359023615,4085.746818089611,3281.851489385609
vid_000440_frame0000055.jpg,95.62349537037036,113.73890432098766,29.880093637856582,36.844672823437506,4159.068038674554,3141.6505050534765
vid_000440_frame0000056.jpg,95.83047839506173,113.5898225308642,30.01477280439639,36.598090372996054,3898.888761999826,2881.6514406635806
vid_000440_frame0000057.jpg,96.58435956790123,113.60631944444444,29.92724275258156,36.76171298858019,3956.0257481974454,3051.5608586245903
vid_000440_frame0000058.jpg,96.65349537037036,113.41599537037037,30.25029901349477,36.7240201108041,4232.988722980432,3172.8348184897022
vid_000440_frame0000059.jpg,96.09427469135802,114.26422067901234,29.724393502184242,35.996631925273874,3863.8007468942897,2826.191192325865
vid_000440_frame0000060.jpg,94.9312962962963,112.24769290123457,30.29720302738487,37.44242945144823,4107.497570897098,3087.951738750762
vid_000440_frame0000061.jpg,95.30446759259259,112.41328703703704,30.91329009879043,38.49562500391831,4162.464855056811,3124.515752850116
vid_000440_frame0000062.jpg,95.15867283950617,112.13238425925925,31.21477484475926,39.42907502633801,4189.318554983937,3298.0896031220827
vid_000440_frame0000063.jpg,95.06493827160494,112.55542438271605,31.18582539969701,39.40096409160158,4217.166783226106,3184.004168590857
vid_000440_frame0000064.jpg,96.19916666666667,113.38975308641976,30.737716997511964,38.4687536334604,4210.6392019646755,3208.58630996704
vid_000440_frame0000065.jpg,96.28779320987654,112.82708333333333,30.8767394532823,39.05650988022253,3960.5130185098856,3048.966522004791
vid_000440_frame0000066.jpg,96.36639660493827,113.22866512345679,32.3142857050354,39.801588205510946,3933.0243814199794,3045.3628393856097
vid_000440_frame0000067.jpg,96.37570987654321,113.64976080246913,32.466043506678744,39.35179605261037,4227.11319843369,3120.247908350242
vid_000440_frame0000068.jpg,96.56797067901235,114.29993827160494,33.020595804296825,39.656046547455624,4308.649810943395,3152.811860450901
vid_000440_frame0000069.jpg,97.39903549382716,114.19774691358025,33.813726174047005,40.39118193686507,3940.1770261044794,3140.792055886822
vid_000440_frame0000070.jpg,98.20811728395061,114.84408179012345,34.46765041093521,40.61700200099542,4127.02307591253,3264.0111530626045
vid_000440_frame0000071.jpg,98.2683950617284,115.52398148148148,34.78650051976812,41.06092164089424,4484.873428935186,3455.516359503065
vid_000440_frame0000072.jpg,99.67398148148148,118.24608796296296,34.57863456093116,40.89242139373602,4317.874948125047,3292.68239211671
vid_000440_frame0000073.jpg,101.84524691358024,119.16275462962963,37.43604260669315,41.45655542592011,4458.426870255999,3233.310847607489
vid_000440_frame0000074.jpg,102.66161265432099,120.3486574074074,38.6102323064414,41.99117977329287,4338.686918655455,3215.9643152405665
vid_000440_frame0000075.jpg,99.73962962962963,116.96893518518519,38.32834146867523,41.85655351333072,4387.205388811729,3155.3077258987173
vid_000440_frame0000076.jpg,98.73920524691358,116.39854166666667,38.03128082215094,41.560257265618255,4284.93610190609,3066.6873097945604
vid_000440_frame0000077.jpg,97.54806327160493,116.34319444444445,36.23962437867021,41.44580570052771,4437.8950128598435,3245.759634052009
vid_000440_frame0000078.jpg,98.99311728395061,117.41833333333334,39.84943304162972,44.92027399449764,4169.499561896946,3041.561014737654
vid_000440_frame0000079.jpg,99.16546296296296,117.54885802469136,40.77200948948134,45.54928807080985,4445.366067063841,3277.612880848956
vid_000440_frame0000080.jpg,100.61125,117.75743055555556,35.39849817181819,40.410245895517974,3575.7154604623315,2700.2776378257886
vid_000440_frame0000081.jpg,106.19899691358025,121.21246141975308,34.201106385702836,39.8623663057124,3556.472824573236,2745.7115719011963
vid_000440_frame0000082.jpg,103.3060262345679,119.32952932098766,27.473100718106302,31.977047346988552,3449.414966037713,2242.990512023641
vid_000440_frame0000083.jpg,102.43991512345679,120.08569444444444,26.070195206005184,31.387880303056168,3574.3858701602626,2261.4218633285227
vid_000440_frame0000084.jpg,101.65152777777777,119.74587191358025,25.273698739490765,30.481946854476824,3601.057993207733,2238.163439788559
vid_000440_frame0000085.jpg,100.73706790123457,118.83265432098766,24.53645221057456,29.705727329329218,3612.7291248740194,2263.7679750790658
vid_000440_frame0000086.jpg,100.93779320987655,119.23576388888888,24.004720871995637,28.860108959498543,3470.3268281604846,2116.965905323538
vid_000440_frame0000087.jpg,102.31764660493828,119.53556327160494,23.803709970305484,28.32899178186844,3478.9862454694407,2221.947610289435
vid_000440_frame0000088.jpg,103.16648919753086,120.27264660493827,24.154303776242582,28.08389232219455,3456.371518479879,2172.9076431755834
vid_000440_frame0000089.jpg,102.39396604938271,120.25324074074074,23.55666875013922,27.497774971558847,3346.179024451065,2166.1675257620786
vid_000440_frame0000090.jpg,103.35697530864198,119.87206018518519,23.465272293630118,27.335117606330748,3474.330144146282,2267.653909910301
vid_000440_frame0000091.jpg,104.10067901234568,120.69790895061729,23.700889500590254,27.46750603172449,3467.2034520745224,2304.9293654406124
vid_000440_frame0000093.jpg,99.93092592592592,118.84903549382716,26.843705386845304,30.12284664956869,3668.0072881939086,2310.8879119198077
vid_000440_frame0000095.jpg,93.55101080246914,112.48963734567901,29.059739018935613,31.27744647581535,4373.431920688955,2356.357113541131
vid_000440_frame0000097.jpg,95.64960648148148,114.5698225308642,29.418880579780144,31.636896602954526,4126.01401312151,2242.890786350213
vid_000440_frame0000098.jpg,105.98443672839507,122.91881944444444,26.24489803577133,28.608583342945156,3375.73174375,2034.7460358224143
vid_000440_frame0000099.jpg,104.04684413580247,120.64622685185185,26.878334218846735,29.944483206392473,3384.0142630979935,1952.631362282748
vid_000440_frame0000100.jpg,102.24781635802469,119.198125,27.244780885694155,30.62695644347554,3626.9406577798145,2051.659608389001
vid_000440_frame0000101.jpg,102.9192361111111,118.74063271604938,26.763810563855724,31.07341734745397,3608.146216210789,2049.0570233481344
vid_000440_frame0000102.jpg,103.10545524691358,119.78960648148148,27.53127987353383,33.31763197329766,3598.0152373282936,1968.1107771342377
vid_000440_frame0000103.jpg,100.43657407407407,118.03300925925926,27.526057048878126,33.844627834093686,3796.0153929392786,1910.8750910148513
vid_000440_frame0000104.jpg,99.81748456790123,117.83332561728395,27.57392599734701,33.68274078439745,3981.6435106580907,1936.5059637164686
vid_000440_frame0000105.jpg,99.38012345679013,117.6009336419753,27.80672153150093,34.46241194535396,3908.291754410473,2091.89660182893
vid_000440_frame0000106.jpg,99.87439043209876,117.77528549382716,28.387295318646625,35.21211853852253,3708.168105841097,2073.8395774176356
vid_000440_frame0000107.jpg,100.25014660493827,116.63178240740741,29.325934922580817,35.246877684179594,3849.7529256315133,2140.067312113245
vid_000440_frame0000110.jpg,97.90179783950617,115.14736882716049,30.419394497303653,36.9745391630196,3971.4508771932988,2216.5949611053356
vid_000440_frame0000114.jpg,97.3794212962963,114.9579475308642,30.762437477248863,38.429990942128285,3932.2556597391304,2289.1598223936903
vid_000440_frame0000116.jpg,94.64320987654321,113.01392746913581,30.371874937638555,37.60340576955827,4056.702933363281,2175.830124914028
vid_000440_frame0000117.jpg,89.55418981481482,108.89675925925926,29.691042241556566,33.01707711886242,3999.1227828312544,2273.295044367284
vid_000440_frame0000118.jpg,86.36881172839506,106.54119598765432,30.11591694133918,31.578334165897196,4261.745734447636,2182.6200012993445
vid_000440_frame0000119.jpg,89.42965277777778,109.57872685185185,33.003798958798214,35.295437481650076,4670.67747247728,2606.6623336226853
vid_000440_frame0000121.jpg,92.36571759259259,111.64525462962963,28.020591398275926,30.41019839666736,4183.892983421865,2294.5893195929903
vid_000440_frame0000122.jpg,93.0099537037037,112.12287037037036,26.776400258442617,28.106535833784086,3539.982498502277,1996.6148618393133
vid_000440_frame0000123.jpg,87.58447530864197,108.14571759259259,25.162021150270785,26.30845096163005,3249.2541810027415,1786.5657104852537
vid_000440_frame0000124.jpg,87.16665123456791,108.45680555555556,25.095995737515082,25.3279021038204,3576.397175923783,1843.7650512400453
vid_000440_frame0000125.jpg,94.86924382716049,115.53168209876543,26.571283726471464,26.752456318703224,3431.976360691015,1860.7543450288042
vid_000440_frame0000126.jpg,95.87521604938271,115.93091049382716,28.22482134711891,28.063490265813268,3545.3435072011107,1992.2115364149306
vid_000441_frame0000001.jpg,40.30726851851852,67.68229166666667,42.27137261243132,55.77043564443876,2143.9729770703393,1437.0781199885532
vid_000441_frame0000002.jpg,40.51529513888889,67.74657407407408,42.32485339765278,55.768120185315304,2157.5338430048855,1392.1535898596912
vid_000441_frame0000003.jpg,36.801197916666666,63.441875,42.00669503737641,56.144562508422425,2311.1650424687805,1394.184099782149
vid_000441_frame0000004.jpg,40.138125,66.27667824074074,40.36733753918995,55.470917472692044,2282.899999710346,1708.917269469327
vid_000441_frame0000005.jpg,47.75826967592592,74.75679976851852,36.42160321888311,53.45414520434348,1843.8049511851366,1395.1147224472402
vid_000441_frame0000006.jpg,46.60428240740741,73.73691550925926,35.87615987535075,53.252478365424366,1799.2886310908225,1382.1265329988373
vid_000441_frame0000007.jpg,44.86950810185185,74.20118634259259,35.87530459754132,55.48188845478548,1905.0411353402765,1477.5636194875458
vid_000441_frame0000008.jpg,44.7096875,74.42607638888889,35.95362642870071,55.81551517610309,1975.527956251574,1735.3198136140047
vid_000441_frame0000009.jpg,47.3241724537037,75.59791087962962,36.70168134265332,55.73815838394488,1852.2111712935837,1483.6906926649306
vid_000441_frame0000025.jpg,47.319971064814816,75.54442708333333,36.4989168947505,54.623625763144325,1951.289272134211,1685.1109674156326
vid_000441_frame0000056.jpg,45.658483796296295,74.12451967592592,35.947193440095496,54.18872092211055,1843.4365057784637,1575.373452878515
vid_000441_frame0000066.jpg,29.26142939814815,53.40513310185185,38.45341660268674,52.826970176694914,2281.2458296486184,1437.8334642488373
vid_000441_frame0000067.jpg,34.16215277777778,60.06445023148148,40.53991948952784,54.36543430215661,2385.9743708196356,1511.9211594995488
vid_000441_frame0000068.jpg,41.02601851851852,68.28598379629629,42.56678623797299,55.381413559947035,2001.2432503724067,1471.7052353633173
vid_000441_frame0000069.jpg,41.063414351851854,68.75197337962963,42.49453335658662,55.577045122974496,1972.1166548888407,1470.7737750047888
vid_000441_frame0000070.jpg,43.51666087962963,72.08057291666667,42.69236774977182,56.90675391468882,2074.1270684999986,1533.1993746848943
vid_000442_frame0000001.jpg,53.56390046296296,78.21500578703704,45.30181632742959,61.02659118400206,1864.0978095763405,1938.2187116864661
vid_000442_frame0000002.jpg,53.77931712962963,77.92955439814814,45.33644025807968,60.576858389742235,1867.1369019525891,1877.000683536951
vid_000442_frame0000003.jpg,53.49144675925926,78.75598958333333,45.295803843441774,60.99317851870573,1953.6742263398264,1867.1244199930077
vid_000442_frame0000004.jpg,50.031793981481485,74.76997106481481,44.98266264036418,60.72816668606166,2079.8319910831406,1968.9301195853693
vid_000442_frame0000005.jpg,55.52240740740741,80.46950231481482,41.45170307385341,57.95910152444418,1625.5118514392243,1455.3907658177673
vid_000442_frame0000013.jpg,59.375625,83.89243634259259,42.02479736250224,57.339787251526715,1672.0228206435131,1604.0036592083213
vid_000442_frame0000015.jpg,65.11405671296296,88.27613425925927,48.59596516364912,61.7841009256077,1661.839130086129,1506.1020944721743
vid_000442_frame0000019.jpg,64.23226273148148,86.78038773148148,48.15315032476578,60.60200379691678,1604.7618017502773,1460.028325701377
vid_000442_frame0000027.jpg,60.08373263888889,86.18285300925926,43.609963812256204,60.063405319104284,1711.9264049949365,1655.4298404269748
vid_000442_frame0000039.jpg,58.87449074074074,82.34875578703704,42.83165366053721,58.547313153575715,1483.7118762774348,1687.4870666229624
vid_000443_frame0000001.jpg,71.87316550925927,93.05631944444444,52.10873220526226,68.22452591932372,1184.0060551790966,1576.283250427464
vid_000443_frame0000003.jpg,72.23,93.8977025462963,52.19218419208704,68.43223824216784,1165.9403066920318,1387.0961894610286
vid_000443_frame0000005.jpg,72.02704861111111,94.00474537037037,51.927040918560174,67.52880284436095,1123.936401590598,1166.7546427383402
vid_000443_frame0000010.jpg,72.61686921296297,94.38333912037037,52.75150086871346,68.49984735018337,1247.3259193564331,1480.8031622700923
vid_000443_frame0000039.jpg,72.72383680555555,94.46458912037038,52.0342288640215,68.05810066049484,1186.52904217541,1628.9951369598764
vid_000443_frame0000069.jpg,71.91788194444445,93.53295138888889,52.07578149388663,68.36515707027235,1197.3375708364144,1801.8304684594425
vid_000443_frame0000084.jpg,67.88258101851852,91.4828761574074,48.759498692898674,66.93428461389585,1242.2036327425396,1648.9998117709608
vid_000443_frame0000089.jpg,63.86204861111111,85.91030671296296,51.65248503368492,68.3860826570661,1790.5102313355999,2651.2283180534123
vid_000444_frame0000001.jpg,84.33229166666666,105.76903549382716,30.515783567761073,38.176868030511756,4153.920412473743,4435.179248170058
vid_000444_frame0000007.jpg,89.01324845679012,110.71216820987654,30.324340884769065,36.14849005720916,3081.8874227344822,3152.4287810565634
vid_000444_frame0000009.jpg,91.83160493827161,113.95211419753086,19.414684159275424,27.179864838312465,2689.9805760959052,2632.995196038856
vid_000444_frame0000016.jpg,93.88549382716049,115.15677469135802,23.4648822725531,33.34706715358237,2707.3978574567045,3134.994923618196
vid_000444_frame0000031.jpg,92.10829475308643,114.64084104938271,19.151847951633894,27.088787944781274,2823.556003477878,2884.2554938137646
vid_000444_frame0000052.jpg,92.41652006172839,113.85157407407408,19.377789888850828,26.37453365085473,2836.4475617149988,2834.4013495912754
vid_000444_frame0000108.jpg,96.49049382716049,118.04920524691359,19.60142353744764,27.32029205855354,2820.187156616512,2897.3772108881435
vid_000444_frame0000112.jpg,99.14164351851852,116.4395061728395,32.472066919352336,37.0638009034483,2768.6501844678182,3032.6292436661715
vid_000445_frame0000001.jpg,114.41755208333333,129.47145833333335,26.041575707011283,42.74295407284414,191.9034055164395,1083.5084369566282
vid_000445_frame0000013.jpg,117.38678819444445,132.90594907407407,39.107060823273734,46.973862504482206,171.747887286603,913.0325885716736
vid_000445_frame0000017.jpg,115.75719328703704,130.3151851851852,47.47331838090302,56.4431391892742,224.10177438830888,1407.8648539303626
vid_000445_frame0000031.jpg,110.65566550925926,128.62690972222222,43.371033196870485,56.09813165698022,219.88801768633053,1392.724022337829
vid_000446_frame0000007.jpg,163.65822337962962,164.42993055555556,28.422865486994237,30.29185022097515,434.7651307098765,813.5361965823998
vid_000446_frame0000011.jpg,165.40235532407408,163.67170717592592,32.09355126262741,35.13566772206507,195.32639964795524,595.3077617621528
vid_000446_frame0000017.jpg,162.80517939814814,161.89958912037036,28.57655778582854,32.06658119383493,427.92498258661135,840.1271709463614
vid_000446_frame0000056.jpg,164.09825231481483,161.90802083333332,28.376618067770426,33.535719286659706,404.4884743666075,771.2457982488854
vid_000447_frame0000010.jpg,167.6239872685185,171.06423611111111,16.593556935957853,31.18545973983697,84.56445080536265,568.141935863521
vid_000447_frame0000013.jpg,171.56848958333333,173.78506944444445,16.78907228127462,31.599194335205233,88.97074536916475,601.7804806990259
vid_000447_frame0000028.jpg,169.24725694444444,168.92289930555555,18.817123324438505,36.81718205679634,153.4535143976324,1260.2230961932817
vid_000448_frame0000003.jpg,178.27673611111112,163.15868055555555,31.26149256073368,41.664053874966406,327.9647858205536,2131.7424329120317
vid_000448_frame0000011.jpg,178.0573784722222,163.21738425925926,31.332472662201305,42.365830851211406,363.0734317705319,2368.1346512409646
vid_000448_frame0000023.jpg,178.13193287037038,162.60647569444444,32.19837655090723,42.16675154757171,349.4976748392155,2287.722696215887
vid_000449_frame0000011.jpg,102.16222800925927,125.00508101851852,13.955295951081476,17.81284608807152,205.95702960628728,361.85923196771984
vid_000449_frame0000014.jpg,102.06259837962963,124.04018518518518,13.96178188604909,17.618230075243794,205.23614320987653,395.3564921290938
vid_000449_frame0000016.jpg,103.31407986111111,125.84946180555555,11.24948634210535,16.173807316557365,192.2247472908093,367.5747432418928
vid_000449_frame0000017.jpg,105.34648726851852,124.80252314814815,11.89244083941774,18.946088124143134,182.13384066358023,478.63804428677446
vid_000449_frame0000023.jpg,101.24762152777778,118.20388888888888,16.919138010923746,28.39653292391107,221.6973236025377,742.660223925346
vid_000449_frame0000025.jpg,99.35107060185184,115.9865162037037,20.310412471355413,29.58393510565127,238.20463116627548,877.877402734375
vid_000450_frame0000025.jpg,98.71114197530864,119.19742283950617,24.56014070926418,36.03358545017801,3071.523889298268,3705.873037751248
vid_000450_frame0000036.jpg,99.39989969135803,120.68723765432098,25.170329540700678,36.57403392425975,2997.998198693928,3535.834672106958
vid_000450_frame0000052.jpg,101.92335648148148,123.40335648148148,27.223691527797964,40.81344579377233,2945.11019552749,4025.290797410301
vid_000501_frame0000001.jpg,84.23476851851852,106.92644290123457,36.14191794174937,42.53854350455624,3958.0466593278456,3415.3274022175897
vid_000501_frame0000003.jpg,84.42278549382716,106.83961419753086,36.3372503956353,42.544384251421924,3997.4371203360774,3381.8916404128086
vid_000501_frame0000004.jpg,84.9576774691358,106.57659722222222,36.13135189798772,41.98484199017095,3928.132657143002,3452.1893614368405
vid_000501_frame0000006.jpg,85.05533179012346,107.3015586419753,36.00350915421569,42.37416287868589,3874.880658919122,3321.801329431489
vid_000501_frame0000007.jpg,85.14073302469136,107.43399691358024,35.699601893979164,42.268127221084306,3910.175317678267,3324.6510919636394
vid_000501_frame0000008.jpg,84.84125771604938,107.5733487654321,35.46671618223886,41.755617714259124,3866.288567286749,3328.3887982633532
vid_000501_frame0000009.jpg,85.35242283950618,107.70466820987654,35.50996832737717,41.830504660870695,3869.7761820982296,3378.856814067977
vid_000501_frame0000010.jpg,85.40576388888888,108.32131944444444,35.61308595390606,42.75109054763577,3850.520372302002,3537.79085127934
vid_000501_frame0000011.jpg,85.54517746913581,107.59639660493828,35.38600867900829,42.04138023589379,3900.1736112182193,3421.5235232762134
vid_000531_frame0000001.jpg,101.32966049382716,128.4595061728395,62.01881009371505,65.3934647157796,4200.193340034806,6276.89947016455
vid_000531_frame0000003.jpg,101.93675925925926,128.45697530864197,62.20919826982295,65.62045399270922,4210.837858448538,6152.172478599335
vid_000531_frame0000004.jpg,102.13510030864198,127.96844907407407,62.323153229455265,65.7037914414837,4291.280837934147,6344.234491373683
vid_000531_frame0000005.jpg,102.82869598765433,128.69728395061728,62.506157713921084,65.94462334081034,4295.112215911256,6367.462753896069
vid_000531_frame0000006.jpg,103.32185185185185,128.82293981481482,62.68688066146275,65.80707141445828,4182.506068921468,6089.253940431562
vid_000531_frame0000007.jpg,101.27136574074073,127.10530864197531,62.3266598315537,65.73414743103456,4329.159803336954,6256.532195768497
vid_000531_frame0000008.jpg,100.82416666666667,127.64234567901235,62.23310117631617,65.98619314097859,4278.596018800487,6314.625630191127
vid_000531_frame0000009.jpg,104.20704475308642,129.1482098765432,60.804169275612836,64.77089319146486,3193.151380550733,4687.067653444359
vid_000531_frame0000010.jpg,108.08803240740741,132.17371913580246,59.661818590430755,65.28930648121221,4306.826779034969,6385.150628978053
vid_000531_frame0000011.jpg,110.52394290123456,133.67985339506174,58.6114053247735,64.88005182626249,4197.906723272403,6327.661264655671
vid_000531_frame0000012.jpg,116.13430555555556,136.0883410493827,55.987355844751974,63.12983911187397,3987.796444615912,6810.065715982165
vid_000531_frame0000013.jpg,118.99906635802469,137.06091049382715,54.0163343270192,61.62047326251987,4163.288317055267,6702.9815641417445
vid_000531_frame0000014.jpg,112.95874228395061,133.87632716049382,49.86918925547514,61.1872330049868,4432.582460476442,7568.033070272967
vid_000531_frame0000015.jpg,114.66739197530865,134.8929861111111,50.86733551621507,61.82815284929657,4979.581785522167,8845.90330879052
vid_000531_frame0000016.jpg,117.62715277777778,136.57889660493828,51.07031997325945,61.691022422617955,4730.457755932547,8508.882771407216
vid_000531_frame0000017.jpg,120.53783179012346,137.78512345679013,52.548193085332954,62.32405259428242,5191.757601365966,9105.679768083895
vid_000531_frame0000018.jpg,118.78361111111111,136.5786651234568,49.152716758462645,61.137575078585755,5039.254104654814,9365.467484439241
vid_000531_frame0000019.jpg,116.95465277777778,135.52859567901234,50.101951960321614,61.12050874865612,4879.783916020745,8555.835761590983
vid_000531_frame0000020.jpg,117.01904320987654,135.3178549382716,51.675407937473565,62.292166310623,5284.9669019346675,9256.889702316721
vid_000531_frame0000021.jpg,118.57820987654321,136.13860339506172,52.62193946297344,62.708090086104725,5247.855795112633,9161.896433724793
vid_000531_frame0000022.jpg,120.086875,137.00965277777777,53.29361693028681,62.92879052457317,5282.308429398089,9156.042321169602
vid_000531_frame0000023.jpg,122.62873456790123,139.2508024691358,53.769290551609224,62.7762532949451,4941.686826611798,8463.619163294228
vid_000531_frame0000024.jpg,122.85318672839506,138.03577160493828,55.58455934456931,64.15986809599895,5131.310347161257,8779.818647311708
vid_000531_frame0000025.jpg,123.49684413580248,138.8515972222222,55.32532075445863,63.7050941313347,5028.184321552009,8625.598090534026
vid_000531_frame0000026.jpg,125.3588425925926,140.46122685185185,55.27033741568007,63.24392062991495,4341.39242376329,7823.486051687469
vid_000531_frame0000027.jpg,125.59844907407407,139.86481481481482,56.204895626161566,64.0721789620192,5130.523001577444,8429.668724201185
vid_000531_frame0000028.jpg,125.00476851851852,139.34853395061728,56.58427323259733,64.42305240744709,5022.425281774882,8570.151873559134
vid_000531_frame0000029.jpg,123.66898148148148,138.56885802469137,56.93754153997994,64.17784760156705,4783.484471734909,8035.724668791915
vid_000531_frame0000030.jpg,122.03817901234568,136.76997685185185,57.579575310871306,64.45862043436807,4937.96477929235,8128.197053973706
vid_000531_frame0000031.jpg,118.09138888888889,131.87146604938272,57.250736934579876,63.768849360613565,4360.209201407405,7355.277741349451
vid_000531_frame0000032.jpg,119.07559413580248,132.45630401234567,57.139819876027815,64.01067043991053,3484.3723047791277,5932.394896783491
vid_000531_frame0000033.jpg,121.13994598765431,134.45810956790123,62.787398033753036,65.19740765036215,3365.2230758399537,5380.694367072236
vid_000531_frame0000034.jpg,104.91075617283951,126.38006944444444,65.89035668017398,66.89574622930388,3790.8267835190304,5689.750208813443
vid_000531_frame0000035.jpg,99.8629475308642,122.88613425925926,66.90326290242557,67.13701686141466,3838.712546080473,5379.598305040914
vid_000531_frame0000036.jpg,111.14737654320987,129.61010802469136,65.93445545355614,65.23100882268622,3314.768925360023,4923.131693980946
vid_000531_frame0000037.jpg,99.17426697530864,123.07124228395061,64.72310151884602,65.64720789550192,4211.2607847364525,5907.321579164523
vid_000531_frame0000038.jpg,93.6998611111111,118.87412037037036,63.929131721749194,65.72520236033128,4224.209210009906,5614.878001335959
vid_000531_frame0000039.jpg,87.58335648148149,114.20101851851852,61.86882314223892,64.64847891577276,4271.581857138536,5274.409646096191
vid_000531_frame0000040.jpg,84.5403549382716,111.36216820987654,62.41186334579165,65.74933447479991,4387.22725216472,5108.220308916086
vid_000531_frame0000041.jpg,84.68326388888889,111.25985339506173,60.2184182441594,64.26588420630353,4216.793048932078,4886.531125565309
vid_000531_frame0000042.jpg,90.2086574074074,114.17699074074073,62.738466396542066,67.65111594861172,3598.1795422019677,4243.651501345486
vid_000531_frame0000043.jpg,92.50592592592592,114.76304783950617,63.31189948278262,68.52598556612988,4692.471216319921,5787.434301053038
vid_000531_frame0000044.jpg,93.32462191358024,114.9063811728395,63.7529738976811,68.99506127894642,4990.175836133735,6243.755714905312
vid_000531_frame0000045.jpg,94.4694675925926,116.41597222222222,65.29220592223739,69.77236736684901,4676.680742110339,6126.022713190635
vid_000531_frame0000046.jpg,97.25407407407407,118.74953703703704,68.00120357100765,70.70924195558749,4248.263510842419,5639.536811175352
vid_000531_frame0000047.jpg,101.04512345679012,121.92329475308642,71.17394154193225,72.61946035443457,4525.913749986604,6052.645033988662
vid_000531_frame0000048.jpg,99.38270061728394,121.4655787037037,70.94663328731978,72.69612385264467,4478.749534372082,6038.039223216735
vid_000531_frame0000049.jpg,95.94988425925926,117.24287808641975,64.46277394375487,69.69382577592164,4406.5472257620795,5965.442280787037
vid_000531_frame0000050.jpg,104.55543209876544,123.71146604938272,70.10971262118848,71.2778659262386,4447.171958314043,5541.344014269869
vid_000531_frame0000051.jpg,98.79926697530864,120.74641975308641,68.66511734870959,70.06742742052101,4249.911125810661,5724.166384773127
vid_000531_frame0000052.jpg,89.93472222222222,114.99610339506172,65.335370914348,67.16435968330467,3581.948884022955,4559.463928733651
vid_000532_frame0000001.jpg,110.38743827160494,130.59197530864196,30.81508268037004,42.456516758136885,3815.417065257714,6577.162053039742
vid_000532_frame0000003.jpg,110.79483024691358,131.23841820987656,31.018971760458502,42.46625549576126,3691.739506058468,6103.2850036217205
vid_000532_frame0000004.jpg,109.15504629629629,131.45138117283952,31.63255990982194,44.46945560593988,3936.6354835305206,7104.195947680363
vid_000532_frame0000005.jpg,109.28445216049383,130.78040895061727,31.458412517818342,43.59675981652107,3802.977418791914,6608.515130227624
vid_000532_frame0000006.jpg,108.96365740740741,130.49080246913582,31.40253597459474,43.23652693133941,3655.211519802384,6236.307019461353
vid_000532_frame0000007.jpg,108.36439814814815,129.9338888888889,31.275153448846343,43.36237181952591,3816.2583183296656,6404.101647757523
vid_000532_frame0000008.jpg,107.18492283950617,128.8323225308642,31.257109578821286,43.80886949355554,3925.572914737654,6712.60330804035
vid_000532_frame0000009.jpg,106.9504012345679,128.27668209876543,30.847483387149953,41.86759264992643,3545.5739475260416,5601.589838081502
vid_000532_frame0000010.jpg,106.44493055555556,128.85256172839507,31.279588581065653,44.5686546231657,3935.3204061642664,6830.5368611039075
vid_000532_frame0000011.jpg,106.51763888888888,127.76162037037037,30.920629135797828,43.56461919404952,3626.1709043493274,6144.182470944252
vid_000532_frame0000041.jpg,99.94648148148148,127.91699845679013,34.845559921774864,51.59313137307744,4863.4647315323855,9754.774413757372
vid_000532_frame0000042.jpg,100.00390432098766,126.8167824074074,34.31751388792078,50.27023397198103,3730.5798506510414,7152.172909779319
vid_000532_frame0000043.jpg,98.75793209876544,126.80729166666667,35.9224879107655,51.64012252048171,3374.32194454679,6107.52800017123
vid_000532_frame0000044.jpg,99.26925154320988,126.8541975308642,38.97065228755596,55.74020002697695,4800.925593516375,9981.51805868002
vid_000532_frame0000046.jpg,105.23028549382715,131.48045524691358,35.154138777972676,52.05267041787824,2869.48976570353,6309.178384676259
vid_000532_frame0000047.jpg,108.15289351851852,134.19832561728396,36.57274285826718,55.34326003081512,3355.8996793971955,7296.097446397034
vid_000532_frame0000048.jpg,102.625987654321,131.2030401234568,36.82754488553566,55.20576585240207,3637.718434827901,6787.602509121132
vid_000532_frame0000049.jpg,99.91336419753087,129.01731481481482,35.91753750482583,52.96977774654313,3317.04329266118,5254.17140541743
vid_000532_frame0000050.jpg,99.59385030864198,129.59346450617284,36.54377939526696,55.192587891973744,3872.961394070966,7309.519995056906
vid_000532_frame0000053.jpg,101.89558641975309,130.52967592592591,35.52220257222288,53.19334520668626,3149.5026508916317,5459.087028166201
vid_000532_frame0000054.jpg,102.91030092592592,132.17358796296296,33.30583498264118,50.308289221969545,2727.9676936325927,4337.731639531357
vid_000532_frame0000055.jpg,102.5039737654321,129.69408179012345,33.13884860218177,46.72377212556215,2503.7626785169946,3352.9841380979933
vid_000532_frame0000060.jpg,101.13292438271606,129.2033101851852,35.661449634852154,52.4346056551922,3687.1797558841427,7521.350308046065
vid_000532_frame0000072.jpg,100.9039737654321,128.7145524691358,35.66150316914953,52.3776456471106,3639.6478704203223,7579.7626764316965
vid_000532_frame0000073.jpg,100.60235339506173,129.34230709876545,35.02866840464068,50.92996001759028,2984.2383679688696,6022.937107288749
vid_000532_frame0000074.jpg,89.96692129629629,118.82533950617284,43.830173029961884,54.89144958496775,3671.4547985251397,4237.6609151689445
vid_000532_frame0000075.jpg,98.53566358024692,126.74248456790123,36.490893625879,51.53255441172398,3103.021585646005,5534.733027869169
vid_000532_frame0000076.jpg,98.79462191358024,127.72611111111111,34.59665031993902,49.99084561567618,3216.0616661520253,5881.259348613016
vid_000532_frame0000077.jpg,96.76098765432099,126.61342592592592,35.27064520563906,50.98935865734852,3572.5006091772766,6948.025639767601
vid_000532_frame0000116.jpg,91.4377237654321,123.77961419753086,23.645236020928674,41.525025488570925,2250.662138415864,3512.4856172839504
vid_000532_frame0000117.jpg,99.97911265432099,132.363387345679,24.911844023865594,47.90729532135341,3016.135834379049,6617.077542799723
vid_000532_frame0000118.jpg,108.81715277777778,135.46569444444444,28.77595152792988,47.904022605318154,2465.4791592056754,5067.949383818921
vid_000532_frame0000119.jpg,107.00051697530864,135.04369598765433,26.631577748505848,47.59630989541797,2627.7417874942253,5551.734849678438
vid_000532_frame0000120.jpg,107.9020061728395,135.44974537037038,27.608145307740166,48.31279230595275,2609.5258066486035,5637.023097114995
vid_000532_frame0000122.jpg,107.47488425925926,134.34423611111112,25.32349380190991,42.796438533961734,2291.9662973820205,3670.7641771831186
vid_000532_frame0000123.jpg,110.07802469135802,135.71485339506174,24.391113068399314,41.92775545536397,2298.8822236451665,3748.9685913060484
vid_000532_frame0000124.jpg,111.61013888888888,136.99577932098765,24.82083607326255,42.172633589242864,2321.1707368291327,3472.6596553259787
vid_000532_frame0000125.jpg,108.187137345679,135.2212962962963,24.950059742554966,43.42007888260301,2562.318832590247,4025.851828091897
vid_000532_frame0000134.jpg,107.11693672839506,135.13939043209876,25.265684656702312,45.524368128021145,2649.7472563669317,4912.019165254677
vid_000532_frame0000150.jpg,103.69496141975308,132.89632716049383,27.702506615121624,46.03769029684563,2479.649452989017,5416.327193772803
vid_000532_frame0000151.jpg,101.889375,129.9533487654321,30.434704312931114,47.77125665660474,2770.3284701131092,5215.303988746892
vid_000532_frame0000152.jpg,93.66653549382715,124.81128858024691,34.675257089182494,51.56147278698523,3686.0969277539625,6927.313219162892
vid_000532_frame0000154.jpg,99.3527237654321,126.60439814814815,35.793723471547985,52.56261297847957,3858.502643582284,8332.293387343536
vid_000532_frame0000155.jpg,101.05452932098765,128.12564043209878,33.1408022686528,49.83912074631507,3511.7813432746534,7330.378758887688
vid_000532_frame0000156.jpg,100.20927469135802,127.19114197530864,32.88496786543913,48.367636057923015,3319.4177688609184,6957.553300851564
vid_000532_frame0000157.jpg,99.68258487654322,128.44168981481482,33.911299226540905,50.725535926040564,4575.924806925154,9401.192019386335
vid_000532_frame0000160.jpg,101.09341049382716,129.43305555555557,33.0309456910497,49.739752588620306,3495.707342152254,7453.352896602796
vid_000532_frame0000161.jpg,101.12171296296296,129.063487654321,35.787258718319436,52.272245369645404,3745.394043228393,7803.8554398110045
vid_000532_frame0000162.jpg,99.60710648148148,127.76748456790123,37.96996023244529,53.21625759461393,4081.4367466034496,8316.367619135803
vid_000532_frame0000168.jpg,108.39582561728395,132.28118055555555,24.691083939208653,41.25788668521142,2524.4512748435354,4996.850047796103
vid_000532_frame0000169.jpg,109.67694444444444,132.2655787037037,22.82346980625237,38.659131414422276,2201.045569500648,3428.3089485677083
vid_000532_frame0000170.jpg,110.71846450617284,131.0814814814815,25.769946220312804,35.70997646891063,2377.5992196772945,2557.0265639526533
vid_000532_frame0000172.jpg,109.5187962962963,129.65032407407406,25.369087557288477,34.38142144134059,2377.8711921290937,2562.007457111566
vid_000532_frame0000173.jpg,108.28295524691357,132.22077932098765,27.037765761571844,43.416683180604714,2826.635828196386,4512.987148201493
vid_000532_frame0000174.jpg,107.91135030864197,132.4096913580247,27.11995593763719,43.41667937616704,2755.3321863806377,4344.74905561932
vid_000532_frame0000178.jpg,107.69590277777777,132.57805555555555,26.635012784909193,43.915817722309754,2857.05765221759,5005.078232590067
vid_000532_frame0000198.jpg,107.67699074074073,132.4685725308642,27.158763930420495,43.888099851901536,2819.0304356966712,4666.921977530518
vid_000532_frame0000200.jpg,107.42647376543209,132.14372685185185,27.212032583943824,44.15514715252563,2897.7039729757275,4975.9984705617835
vid_000532_frame0000201.jpg,107.15719135802469,131.86467592592592,27.025989391793917,43.968816170323116,2825.369176671275,4724.815213922945
vid_000532_frame0000203.jpg,107.38478395061729,131.99367283950616,24.833520008301388,39.99815512833991,2472.6789857438243,3782.1842735076953
vid_000532_frame0000204.jpg,108.90747685185185,132.21753086419753,24.25397472118124,41.19224720388337,2481.4947249942256,4378.5395605537815
vid_000532_frame0000205.jpg,109.41486882716049,133.44155092592592,24.194141589469798,41.22767140236392,2564.96264274096,4633.111787241846
vid_000532_frame0000206.jpg,110.79368055555555,133.90398919753088,24.090809140928037,40.97796177667033,2261.8148234736987,4452.839052937755
vid_000532_frame0000207.jpg,113.33333333333333,133.8358024691358,26.06947063871294,40.484565901191225,2341.262084857253,4700.283800775832
vid_000533_frame0000001.jpg,103.19475308641975,125.5454938271605,21.600491255290883,24.820041149389123,2170.5311592458634,2166.539976060957
vid_000533_frame0000003.jpg,108.88160493827161,129.9583487654321,23.5512213233037,26.031313522240428,2126.002415654769,2149.722106835789
vid_000533_frame0000004.jpg,108.46023919753087,128.80564043209876,24.648969050478087,26.628870969522005,2131.318717956902,2087.0297067815504
vid_000533_frame0000005.jpg,108.4612962962963,128.2910262345679,25.453693409722668,26.32356657305113,2117.9878809055763,2020.9869159364407
vid_000533_frame0000006.jpg,108.53554783950618,128.10746913580246,25.754077681316875,26.982531953687435,2182.893576593162,2137.707434340647
vid_000539_frame0000019.jpg,77.50015432098765,102.34266203703703,20.62949464623167,21.588010668932743,2872.213024971184,2063.6540329212744
vid_000539_frame0000020.jpg,76.85201388888889,101.31091049382717,19.63084637584192,21.094258655972602,2918.7543962191357,2081.9839753255505
vid_000539_frame0000021.jpg,79.33934413580246,103.64028549382716,20.191838243919438,21.542775325980024,2877.7711254343253,2093.316154294732
vid_000539_frame0000022.jpg,81.7779475308642,105.97849537037037,19.29268111364521,21.1200772382798,2778.4239437366036,2132.762549639382
vid_000539_frame0000046.jpg,80.90706018518519,103.26514660493827,20.224038673747682,24.098154763770413,2814.2734460061706,2284.194336569728
vid_000539_frame0000047.jpg,77.6625,99.28211419753086,22.258073467637328,25.613759404640522,2891.1925462427125,2140.7216265117145
vid_000539_frame0000048.jpg,79.66026234567902,101.53493827160494,23.21266838146715,27.910758606384096,2824.860427266173,2217.16748859019
vid_000539_frame0000049.jpg,79.90122685185185,101.18479938271605,23.87143299656829,28.728242982597457,2800.365156452666,2306.3813663108112
vid_000539_frame0000050.jpg,76.76288580246914,97.91542438271605,24.265611539801323,29.53950247605505,2920.9475840182517,2296.5642096648285
vid_000539_frame0000051.jpg,76.91346450617284,98.60981481481481,24.46562127277027,28.95468776887202,3032.562567565384,2292.765567271031
vid_000539_frame0000052.jpg,77.15341820987655,98.44083333333333,24.716469771719726,29.89291901655385,3109.5925932775112,2407.7604953872788
vid_000539_frame0000053.jpg,76.51153549382715,97.79485339506172,24.76430668221706,30.47031326533691,3028.32837216072,2356.5949446644354
vid_000539_frame0000054.jpg,76.58271604938271,97.97598765432099,24.88990221212708,30.64039273955893,3035.7478295524693,2390.715496844755
vid_000539_frame0000055.jpg,76.86881944444444,97.75858796296296,25.04426463989714,29.667976971375257,3001.1878628448408,2346.3313285521813
vid_000539_frame0000056.jpg,77.40442901234567,98.69542438271606,24.97430967943051,30.804658398750774,2913.94477087239,2136.044359357794
vid_000539_frame0000057.jpg,78.19896604938272,99.26533950617284,25.029074368537103,30.893688863797582,2974.300778856537,2390.6731317895874
vid_000539_frame0000058.jpg,78.4098225308642,99.18547067901234,25.034274976112567,31.012090787464533,2918.704923085039,2366.7475782435386
vid_000539_frame0000059.jpg,73.90380401234567,96.1682561728395,24.298151209426546,28.12554018766494,2977.6156531587585,2038.9677767227151
vid_000539_frame0000060.jpg,76.72959104938272,98.0180324074074,25.732234750094946,30.72527974265461,3035.9390458559574,2392.6946623156127
vid_000539_frame0000061.jpg,76.9820061728395,97.60659722222222,25.79864009096549,31.250892500758166,3021.2786065348264,2363.83607314791
vid_000539_frame0000062.jpg,76.6713811728395,97.57929783950617,25.772113759437712,30.627496000087334,3099.3609484965614,2371.2503640239192
vid_000539_frame0000063.jpg,76.46239969135803,98.11025462962964,25.573886356541195,30.794989367610004,2984.514375682061,2332.566257215876
vid_000539_frame0000064.jpg,76.09326388888888,98.03993055555556,25.515522345245707,30.88668936505577,3005.0496985853315,2367.9670392830267
vid_000539_frame0000065.jpg,75.96621913580248,97.41033950617285,25.507341915010734,30.238690895030977,3065.2683691486027,2253.9844943072703
vid_000539_frame0000066.jpg,75.83975308641975,97.37684413580247,25.475737669704024,29.826385274770388,2993.468634015394,2258.2296820844167
vid_000539_frame0000067.jpg,76.48052469135803,97.37228395061729,25.5689211492594,29.64725957553455,2954.10767710691,2222.033728392918
vid_000539_frame0000068.jpg,77.02447530864198,97.96800925925926,25.7329046039177,28.698012223930295,2880.9946477078092,2240.651276706045
vid_000539_frame0000069.jpg,77.49984567901235,98.87445216049383,25.92978440157163,29.031900054331384,2792.160889474677,2143.0167077117026
vid_000539_frame0000070.jpg,77.76118055555555,98.90820216049383,26.319020855485366,29.675422771633443,2931.124133794808,2237.8806714843745
vid_000539_frame0000071.jpg,77.00229938271605,98.61708333333333,26.198754110359168,29.584932843756782,3011.1774620482306,2240.8109214210863
vid_000539_frame0000072.jpg,76.38618827160494,97.12318672839505,25.83403363402742,28.884571034673648,3133.559857323043,2210.7688511440115
vid_000539_frame0000073.jpg,75.08345679012346,97.25007716049383,24.89028755546653,27.387641254999757,3005.316541704711,2161.05234462395
vid_000539_frame0000074.jpg,76.88889660493827,97.81068672839505,24.29628255207822,25.963582371453832,2874.383885874807,2145.6318254171783
vid_000539_frame0000075.jpg,78.26766975308642,100.27048611111111,24.513318145113068,27.0961535339939,2837.2553554488645,2208.4390774605026
vid_000539_frame0000076.jpg,77.04645061728395,98.74978395061729,21.041468896629063,22.614953262486168,2886.3976991640347,2078.466731172839
vid_000542_frame0000008.jpg,90.73885030864197,112.2342824074074,26.13181336352041,28.44282648980034,2412.840185599506,2272.7678008444195
vid_000547_frame0000009.jpg,92.68577160493827,113.90956018518519,32.22955320853688,30.904869836168437,2649.3134687928073,2076.104672027654
vid_000547_frame0000010.jpg,92.89070216049383,113.16619598765432,32.83913193721306,30.92943124043264,2703.861669439622,2089.6176515298143
vid_000547_frame0000011.jpg,94.39469907407407,115.44135030864197,33.17127980181512,31.92762796541037,2648.528536734051,2100.8806021088153
vid_000547_frame0000012.jpg,96.57029320987654,116.87167438271605,33.41233827477661,33.272789555730064,2647.0634620055416,2127.3663612991904
vid_000547_frame0000013.jpg,99.41770833333334,119.13814814814815,33.88869357404725,33.343209022658115,2584.7170652603927,2147.7710498390106
vid_000547_frame0000014.jpg,98.26028549382715,118.26137345679012,33.50271718175212,32.8400087493415,2625.0397601975096,2160.3495141888975
vid_000547_frame0000015.jpg,99.13332561728394,119.05770061728396,33.40868119081334,33.45880742189648,2576.6841182784633,2148.6060534827006
vid_000547_frame0000016.jpg,99.57746913580247,119.27159722222223,33.318620388341124,33.70569738003958,2524.6201172646606,2102.43337029321
vid_000547_frame0000017.jpg,99.77158179012346,119.80344907407408,33.15851206468136,32.94988668959234,2518.634413580247,2103.084906092583
vid_000547_frame0000018.jpg,98.58554783950618,118.48363425925926,32.886358706530025,33.310229874038626,2569.7556312290426,2104.2340390445797
vid_000547_frame0000019.jpg,97.39458333333333,117.98820987654321,32.6665731052019,33.041913382934325,2549.639387264708,2063.2893457775467
vid_000547_frame0000020.jpg,95.54369598765432,115.54340277777777,32.36382851604888,32.29334940172043,2600.0926060098855,2087.370562319006
vid_000547_frame0000021.jpg,94.69141975308642,115.65260030864198,32.03083863888405,32.43026397961906,2678.7438855271675,2124.176741164588
vid_000547_frame0000022.jpg,94.3840663580247,115.71005401234568,31.87146253634234,32.17817627750935,2726.8578751597984,2090.890048417674
vid_000547_frame0000023.jpg,98.08851851851851,119.76783179012345,31.147079470371015,31.58750354696822,2535.60597126105,2080.1597534957987
vid_000548_frame0000013.jpg,101.13371913580247,125.82033179012346,16.017817203294346,20.344837635342138,2462.385983530521,2506.3621414492363
vid_000548_frame0000014.jpg,100.60922839506173,125.54005401234568,16.15106438864347,20.64876877319649,2475.8743267698687,2513.80194169715
vid_000548_frame0000015.jpg,100.64425154320988,125.54746913580247,16.234419220231057,20.705024881007063,2469.349282599773,2526.698888674554
vid_000548_frame0000016.jpg,100.78162037037038,126.11402777777778,16.314788087418197,20.71864075721158,2451.6923902219914,2539.1475062183263
vid_000550_frame0000001.jpg,98.24434413580246,116.5138811728395,28.021246534782353,35.14331428301153,3839.8767183868217,3738.348047105946
vid_000550_frame0000003.jpg,98.68253086419753,116.4609799382716,27.990961400743924,34.944930957965916,3806.5056664065482,3527.9499478271223
vid_000550_frame0000004.jpg,97.66054783950618,116.07835648148148,28.07352635132675,35.394869685826286,3847.054142018116,3685.0111501795054
vid_000550_frame0000005.jpg,95.65654320987655,114.91615740740741,28.20653217228953,34.99494639071195,3972.3686074302095,3680.4084519887883
vid_000550_frame0000011.jpg,94.91622685185185,112.85983796296296,27.086049361666095,32.21573245907935,3397.836377464313,3049.8985956597226
vid_000550_frame0000020.jpg,94.47364969135802,112.4939274691358,26.412179197904557,31.3009159557285,3033.4571415171085,2649.368555783227
vid_000550_frame0000021.jpg,88.82507716049383,107.35936728395062,27.154654879593828,28.956731614125754,3097.287443209876,2403.820288129608
vid_000550_frame0000022.jpg,90.45206790123457,108.61249228395062,27.39208149155215,29.06736640857744,3020.2261033878576,2396.976012056089
vid_000550_frame0000023.jpg,91.62614969135802,109.08635030864197,27.811445371695044,29.187161933127673,3190.9635610137075,2490.8676868310376
vid_000550_frame0000025.jpg,97.05162037037037,113.4280787037037,26.757848834057114,29.829170465510305,3065.996697677981,2928.188708797665
vid_000550_frame0000026.jpg,100.34085648148148,113.0354475308642,30.764243121227526,36.67541111575428,2707.8569673353313,3331.976035748886
vid_000550_frame0000027.jpg,104.25888117283951,113.9316512345679,39.44317713904776,55.69446180150989,2847.6633012114667,3653.676048513708
vid_000550_frame0000028.jpg,101.16112654320987,114.6512037037037,39.67743408905614,59.86165293723736,2865.522993786913,4413.522147989481
vid_000550_frame0000029.jpg,85.72887345679013,103.5888811728395,38.01184443772837,53.52074855663961,2881.6034236867827,2953.124189795524
vid_000550_frame0000030.jpg,88.32084104938272,105.77617283950617,38.384093215119165,56.37401002536982,3198.3355910300925,3739.147182370197
vid_000550_frame0000031.jpg,92.29902777777778,108.84198302469136,38.242812957233475,56.916806231212945,3013.0318139045476,3621.74846141761
vid_000550_frame0000032.jpg,95.41810185185186,111.37381944444445,38.77995126162259,58.44312396647896,3090.3320191743232,4267.980294085731
vid_000550_frame0000033.jpg,96.52192901234568,111.88690586419753,38.823946536563916,58.22580309832439,2998.8329430912186,4107.342409617198
vid_000550_frame0000044.jpg,96.41439814814815,110.89128086419753,39.876689013055575,59.48377178756771,3481.6496325424387,5987.726425465761
vid_000551_frame0000001.jpg,82.62393518518519,100.30143518518518,27.898230141142374,30.92143920100148,2941.1982259828437,2865.463543821385
vid_000551_frame0000003.jpg,83.96733796296296,101.05866512345679,28.04015126354875,30.65846395040612,2970.4174104166664,3100.773657140144
vid_000551_frame0000004.jpg,83.79688271604938,101.39930555555556,27.99650319057408,31.197813207025632,2995.5463828294087,3197.609257558811
vid_000551_frame0000061.jpg,109.8482638888889,121.59990740740741,16.669440766671585,24.624919063426695,2328.8957376109183,2746.15005048005
vid_000551_frame0000062.jpg,107.63804783950617,119.61471450617285,16.88952853917152,25.166389276653273,2425.3666541994717,2902.6627728337317
vid_000551_frame0000063.jpg,105.52182098765432,118.17959104938272,16.7148087780409,24.14038114207419,2424.8686481766667,2784.098346159122
vid_000551_frame0000064.jpg,104.77030092592592,118.16233024691358,16.76124900696965,24.463929244422744,2485.0618224874615,2814.890641140594
vid_000551_frame0000065.jpg,104.99360339506173,118.11396604938271,16.67743348921377,24.384949808676804,2469.9858053811704,2776.729903495799
vid_000551_frame0000067.jpg,104.00283950617283,117.41320216049382,16.8028448123839,24.798405030585798,2538.707348731138,2922.822514431632
vid_000551_frame0000068.jpg,105.75266203703704,118.55886574074074,16.79548747578829,24.785205805074035,2492.4024979804312,2920.325932068699
vid_000551_frame0000069.jpg,105.99701388888889,118.4498611111111,16.780323078723793,24.612149808389077,2411.9732175866384,2841.4923535445605
vid_000551_frame0000070.jpg,106.20141975308643,118.44148919753087,16.814733522015743,24.51705036469028,2429.400744091447,2797.6505450673844
vid_000551_frame0000071.jpg,104.89850308641975,117.96992283950617,16.77245429470272,24.691391630952246,2488.138569554946,2879.7620574916527
vid_000551_frame0000072.jpg,105.05347993827161,118.28324074074074,16.661771579881687,24.434686941259397,2448.6254085352844,2841.8008369240947
vid_000551_frame0000075.jpg,107.51396604938272,118.59895061728395,17.45242092970168,26.226787658310432,2454.9800049323185,2958.9991514165145
vid_000551_frame0000076.jpg,107.10902777777778,118.09731481481481,17.43738123051282,26.399855128664473,2424.7956815155367,3062.576424794179
vid_000551_frame0000082.jpg,95.81186728395062,110.6372762345679,17.79460552276396,22.913780915700205,2496.3243945015406,2126.923907766954
vid_000551_frame0000084.jpg,99.52426697530865,115.13889660493827,16.61113008182739,21.02469350678207,2384.764484447636,2243.8711809408223
vid_000551_frame0000085.jpg,100.50198302469136,116.26168209876543,18.24887352568651,22.312510558371894,2387.3506835048015,2182.531805554603
vid_000551_frame0000086.jpg,89.34155864197531,106.72159722222223,23.580646124411206,23.65238907317048,2485.1957740731214,1898.6733860987274
vid_000551_frame0000087.jpg,83.56380401234568,103.52166666666666,24.37280354216147,24.257538150001235,2638.627662023641,2050.2741423381894
vid_000551_frame0000088.jpg,87.87902777777778,107.19972222222222,24.036804245033142,24.303339325943984,2607.3459838417825,2086.943308564815
vid_000551_frame0000089.jpg,97.06697530864197,114.65302469135803,21.794245236280688,22.98166526564397,2428.0677278118333,2056.860849121168
vid_000551_frame0000090.jpg,104.77101080246914,119.36645833333333,18.73784612005924,23.979944809006902,2293.9854964276956,2430.5717970521237
vid_000551_frame0000091.jpg,105.88061728395061,116.84949845679013,24.194371876185546,27.65820172089356,2279.3862075214815,2180.3805101508324
vid_000551_frame0000095.jpg,94.51929783950617,108.23658179012345,26.215550254081155,32.2702600689982,2722.750990840704,2737.5054265803014
vid_000551_frame0000098.jpg,93.92093364197531,108.42326388888888,26.083146196084886,32.262395796916664,2608.4697890936977,2597.259085159406
vid_000551_frame0000103.jpg,95.17800154320987,109.40236882716049,26.12345285784494,32.40685115997398,2678.939745940441,2730.2165593920868
vid_000551_frame0000109.jpg,91.1989274691358,107.05165895061728,22.95361070115218,28.33638860750932,2740.2572023488706,2533.0132500756717
vid_000551_frame0000110.jpg,91.69956018518519,107.84185956790124,20.483641239988025,25.307528266784686,2747.8062160231266,2526.819020515165
vid_000551_frame0000111.jpg,95.63278549382716,110.73079475308641,19.203605486773608,23.34522426809447,2603.366515153404,2520.678409121132
vid_000551_frame0000114.jpg,96.32860339506173,112.22304783950618,19.456933046453802,23.730540981582692,2602.1301895618403,2625.6993498618726
vid_000551_frame0000120.jpg,97.22485339506173,113.03307098765433,19.53361548336518,23.82490660691651,2692.245998611052,2632.9167197187326
vid_000551_frame0000121.jpg,97.08111111111111,112.28813271604939,19.575566103477186,23.82430134287706,2630.26760653572,2652.32902459842
vid_000551_frame0000122.jpg,99.0444675925926,113.531875,21.80514591498873,25.75466551350978,2644.2218809775572,2601.9261264226466
vid_000551_frame0000123.jpg,101.9065200617284,114.79405864197531,25.387069362613094,30.284129484779353,2569.2947209228178,2679.1586886809846
vid_000551_frame0000124.jpg,99.79012345679013,114.09346450617284,21.130688539016106,24.913410982711568,2475.8056798122907,2485.5994492453033
vid_000551_frame0000125.jpg,101.38081790123456,116.38526234567901,21.836076148274895,23.293039257754096,2397.5498811118728,2238.5069471445263
vid_000552_frame0000097.jpg,94.1984413580247,113.38925154320988,42.735809182224735,47.16046095376837,4600.540916279376,4776.351133525699
vid_000552_frame0000098.jpg,94.31435185185185,113.11933641975308,42.7614291726615,47.39747971034952,4439.288726840183,4428.508654454352
vid_000552_frame0000099.jpg,93.38871913580248,112.33715277777777,42.63269563304242,47.77736668987996,4386.049675205523,4547.085950205523
vid_000552_frame0000100.jpg,93.19122685185185,111.53647376543209,42.72736909332015,47.40012417195008,4460.010350165693,4334.511038965514
vid_000552_frame0000101.jpg,92.94372685185185,111.69127314814814,43.02422037155015,47.980007613923746,4636.125514013679,4717.4776909541215
vid_000552_frame0000102.jpg,95.50998456790123,114.166875,43.26751011061997,47.62280891515055,4271.630331056563,4348.397953467876
vid_000552_frame0000103.jpg,96.90451388888889,115.05646604938272,43.58389360869383,47.99740113057134,4237.345854740548,4609.410697453703
vid_000552_frame0000104.jpg,96.69597222222222,115.46165895061728,42.468531623090655,47.92736865055708,3842.2797990478184,4250.086554702444
vid_000552_frame0000105.jpg,99.06302469135802,118.18316358024691,41.23402339446985,46.546020972654816,3663.023405874676,4232.184970828511
vid_000552_frame0000106.jpg,102.05903549382717,118.47210648148148,40.37229975294116,45.26338107561198,3343.8040651934134,3982.5657550125143
vid_000552_frame0000107.jpg,103.55082561728395,119.73875,40.92216369611268,46.05893622807838,3682.3060221188057,4671.215651851316
vid_000552_frame0000108.jpg,101.2013425925926,118.76334104938272,40.852576736054516,45.90387672523193,3724.768491126007,4480.816625554353
vid_000552_frame0000109.jpg,97.78185956790124,116.10047067901235,40.596726814159396,45.627146725353974,3555.7899167523406,4236.411918378426
vid_000552_frame0000110.jpg,92.84076388888889,111.64306327160494,40.6825322766561,45.271340498759685,3588.2225709533604,3826.577860366596
vid_000552_frame0000111.jpg,87.12170524691358,107.63340277777777,41.144547902390826,45.05469923143072,3811.9288825064773,3925.414539809992
vid_000552_frame0000112.jpg,86.56760030864197,106.58743055555556,41.52409011438903,45.518957633563,3906.161568329844,3989.3948879967206
vid_000552_frame0000113.jpg,88.81512345679012,108.61996141975308,41.66585280297972,45.34339680647149,3922.8711918052104,4049.941073430118
vid_000552_frame0000114.jpg,89.64980709876544,109.56207561728395,41.82929221804726,45.801677839507526,4090.763791447509,4600.086351465513
vid_000552_frame0000115.jpg,89.69739197530865,109.73996913580247,41.80323067718641,45.85587702818188,4160.1647519280605,4698.913163419258
vid_000553_frame0000004.jpg,115.86417438271604,127.33997685185186,24.220549455118938,38.84648395198158,2688.6775717571163,5730.657640855945
vid_000553_frame0000005.jpg,115.32670524691358,126.61353395061728,21.878078967288765,37.840879637905516,2711.559931915628,5529.96358135425
vid_000553_frame0000006.jpg,114.62144290123457,126.88655092592593,21.55937083399101,35.72409479261911,2347.4664366702864,4548.403553143337
vid_000553_frame0000007.jpg,113.7443287037037,127.09810956790123,22.536840438298725,37.883963668238174,2515.9872175809237,5055.968364416092
vid_000553_frame0000008.jpg,114.43240740740741,127.20080246913581,23.36423018695632,38.59335326222263,2524.0846970269395,4905.4098530735
vid_000553_frame0000009.jpg,114.79040895061729,127.73320216049383,23.819586471608577,38.65926532882754,2238.5163627542843,4353.191020027435
vid_000553_frame0000010.jpg,113.79069444444444,126.00450617283951,25.167157276536905,42.26400503584244,2491.478612365624,5020.541956862461
vid_000553_frame0000011.jpg,112.10366512345679,125.01848765432099,25.502380102411184,41.91643101542443,2601.20325483676,5273.9223710369515
vid_000553_frame0000012.jpg,110.34560185185185,124.09426697530864,26.24720303927045,42.85912731604462,2782.4542668028885,5881.158907655082
vid_000553_frame0000013.jpg,107.1783487654321,122.48081790123457,27.023399446475914,43.9823218128271,3020.3843096686387,6483.448660741503
vid_000553_frame0000014.jpg,106.72763888888889,122.5826388888889,26.831174889824787,43.25930668952621,2830.5057233066964,5573.163074973743
vid_000553_frame0000015.jpg,105.71800154320988,121.81406635802469,27.74157346234464,44.61590974580944,3098.1065690557243,6454.042316740911
vid_000553_frame0000016.jpg,104.33219907407407,120.72944444444444,28.09549204225069,43.70996574291627,2685.95502854456,5275.95700544672
vid_000553_frame0000017.jpg,102.63505401234568,119.59133487654321,28.55452902251585,44.74930346973846,2872.1001120139363,5498.164634771519
vid_000553_frame0000018.jpg,102.29144290123457,119.92868055555556,29.006259290205428,44.81260602673331,2894.96466340872,5594.398025719926
vid_000553_frame0000019.jpg,100.968387345679,120.02125771604938,29.58713140498567,44.14223262236841,2844.043444844477,5295.755878770802
vid_000553_frame0000020.jpg,98.72728395061728,118.55552469135803,29.80685188285213,45.55526697438415,3351.3136013222065,6567.135097927146
vid_000553_frame0000021.jpg,99.81047067901234,118.92418209876543,29.45819249158125,44.42085372291952,3119.802720154547,5744.600261116588
vid_000553_frame0000022.jpg,100.46381172839506,119.22188271604938,29.496145421562897,44.95997787647266,3270.4930419121993,6219.844566338735
vid_000553_frame0000023.jpg,93.8387962962963,113.235362654321,28.488351276050366,42.721346593121254,3168.7051449845676,5328.82997214506
vid_000553_frame0000024.jpg,92.6277237654321,113.36194444444445,27.64143424746675,41.28663822859807,3020.388509683106,5066.6015069181885
vid_000553_frame0000025.jpg,91.80485339506173,112.36122685185185,26.814383340171972,39.2014217512834,2874.4324471686386,4587.6216932546495
vid_000553_frame0000026.jpg,96.39807098765432,116.09037808641975,25.736415798062545,38.879503669246176,2564.193831635267,4585.633435557591
vid_000553_frame0000027.jpg,102.2686574074074,119.81771604938271,27.323369328636065,41.64333381174482,2909.808284550516,5643.411903429117
vid_000553_frame0000028.jpg,103.4689274691358,119.85826388888889,27.10679509003935,41.8651274938025,2744.9032045795584,5299.4219353671315
vid_000553_frame0000029.jpg,102.60328703703703,119.83555555555556,26.750975723482508,41.67346512685275,2580.183984177276,5030.551800346686
vid_000553_frame0000030.jpg,99.63530864197531,117.24553240740741,26.039157838803522,40.84894428661211,2832.870387331331,5340.444156926345
vid_000553_frame0000033.jpg,106.57362654320988,122.39327160493828,24.12351054948057,39.21348204207964,2612.312710796694,4978.412889974792
vid_000553_frame0000034.jpg,107.61358796296297,122.55835648148148,24.702171312007295,40.15433849631475,2640.4998831723437,5107.749349922839
vid_000553_frame0000035.jpg,104.72958333333334,120.02720679012346,23.770661087359198,39.96239957961661,2531.944834407626,5225.480798731139
vid_000553_frame0000036.jpg,101.88433641975308,119.75802469135803,25.708790620059922,40.37057257519112,2305.8646611394506,4130.73851155258
vid_000553_frame0000037.jpg,99.93881944444445,118.72199845679012,27.218084705321232,44.34448088774635,3350.9307876699795,6308.129747222222
vid_000555_frame0000018.jpg,109.09403549382716,130.51678240740742,28.32790811205291,43.10941071767133,2795.733434636488,4119.505279010202
vid_000555_frame0000019.jpg,108.12694444444445,129.40000771604937,27.46891305623032,41.8978284190781,2442.07081028753,3650.722631159443
vid_000555_frame0000020.jpg,106.58411265432099,128.90445216049383,27.351149496229343,42.06360243644562,2726.492624806563,4037.4455412160282
vid_000555_frame0000021.jpg,108.3278549382716,129.89788580246915,27.289972585769366,42.366125078559456,2474.9984993596154,3635.277169718793
vid_000555_frame0000022.jpg,108.76225308641975,130.982399691358,27.334759524402898,42.49717609115885,2667.1219343230237,4039.6541224163143
vid_000555_frame0000023.jpg,108.27925154320988,130.37165895061727,26.976145813631923,41.824650060091564,2655.814721220505,3804.147753283548
vid_000555_frame0000024.jpg,108.73707561728395,130.1798225308642,26.36443279793115,41.02133348884544,2773.7751790349703,3844.9673066165124
vid_000555_frame0000025.jpg,109.95033950617284,131.09979938271604,26.241522203162237,40.03854076853118,2544.7528262152778,3602.778496219136
vid_000555_frame0000026.jpg,110.32183641975308,131.12259259259258,26.24109493321933,40.05230899241818,2502.8518649669923,3633.8027193641883
vid_000555_frame0000027.jpg,110.99590277777777,132.11635802469135,26.52931653832318,40.47588114713811,2721.612268397955,3762.541924725116
vid_000555_frame0000028.jpg,110.60786265432098,132.4676311728395,26.77695108624138,41.49541290028575,2749.88163278029,4089.84529192238
vid_000555_frame0000030.jpg,110.07110339506173,131.63506944444444,26.53422547911181,41.4454519919023,2832.9258080130217,4146.064607694556
vid_000555_frame0000032.jpg,111.28315586419752,132.47524691358024,27.301191019622276,42.505594819840084,2668.600475102643,3998.043507132523
vid_000555_frame0000033.jpg,113.3071913580247,132.85095679012346,27.32844328683763,43.71743171212492,2497.784704036577,4213.549073936899
vid_000555_frame0000034.jpg,114.41278549382716,133.00234567901234,27.341912922688646,45.631742127158795,2633.4825618426476,4712.860903862788
vid_000555_frame0000035.jpg,119.06242283950617,132.9635262345679,31.60544459551971,48.69155095260992,2418.382395118646,4848.956246752592
vid_000555_frame0000036.jpg,114.17622685185185,129.2795987654321,36.39596815732523,52.65444584385027,2737.8408455132003,5559.5845224665045
vid_000555_frame0000037.jpg,114.02454475308642,128.3391975308642,37.88111407310103,54.96467376144174,3578.0944695692347,7312.518425049297
vid_000555_frame0000038.jpg,115.04398919753086,128.95300154320987,38.4564039098678,55.4669606593604,3754.3655568806207,7365.401630065384
vid_000555_frame0000039.jpg,114.80327160493827,129.28257716049382,38.48681754963731,55.10789273331355,3538.1370977356737,7035.6275161388685
vid_000555_frame0000040.jpg,113.34835648148149,129.55132716049383,38.60039497074625,55.74014504684737,3825.7274357633532,7756.289698608194
vid_000555_frame0000041.jpg,112.5231712962963,129.02136574074075,38.40590417418534,55.64159627838114,3871.485976328816,7846.013240145367
