Image,PSNR,SSIM,UIQM_Raw,UIQM_Enhanced
vid_000002_frame0000013.jpg,18.66710464387571,0.7999373755393043,825.0851671354602,772.4650687277458
vid_000002_frame0000014.jpg,18.938910430889663,0.7938328151918949,811.373122367743,746.5876948788413
vid_000002_frame0000015.jpg,18.459783617515242,0.7881566720109623,848.351932218786,799.6525601187694
vid_000002_frame0000016.jpg,18.389661392255732,0.7913169393636194,871.3552214431514,808.9460156591401
vid_000002_frame0000017.jpg,18.457597032236674,0.7995653035816797,848.7703982821304,791.6128401949846
vid_000002_frame0000018.jpg,18.710320359847017,0.7776986256920777,863.6161567952599,832.6256145487214
vid_000002_frame0000019.jpg,18.372852899045405,0.8160150214262719,859.8270922222669,791.1827544893094
vid_000002_frame0000020.jpg,18.65109137753797,0.7872455143486597,889.0743841945879,812.7759747617228
vid_000002_frame0000021.jpg,18.50707178403963,0.7988042914136603,884.6363167300284,796.0352132562202
vid_000002_frame0000022.jpg,18.91107367872771,0.7766156194368957,900.6676652910926,847.7205558170955
vid_000002_frame0000023.jpg,18.64272145009504,0.782447539492337,887.5745764117169,840.9593405480001
vid_000003_frame0000001.jpg,18.883502937376996,0.7305634836568901,871.0305127820395,878.7509513422051
vid_000003_frame0000002.jpg,18.460437971266256,0.7852016983651756,836.3002316870194,797.1815273829975
vid_000003_frame0000003.jpg,18.56638752303037,0.7684006080945484,880.4504639646555,827.4519466433425
vid_000003_frame0000004.jpg,18.518860087250683,0.7855121075774142,845.3788082826618,822.1435793398897
vid_000003_frame0000005.jpg,18.64994287024883,0.784601229221328,881.4738574824263,827.7928857740386
vid_000003_frame0000006.jpg,18.35612550342679,0.8021380586847212,846.5268617480942,829.6398699809861
vid_000003_frame0000007.jpg,18.49351111425684,0.8009607542098215,857.724157258651,808.4701910980518
vid_000003_frame0000008.jpg,18.505665928170558,0.7917772464747452,828.57371366832,783.0070191657197
vid_000003_frame0000010.jpg,18.450711109261444,0.8086374561612866,826.8678499247428,758.5834705841228
vid_000003_frame0000011.jpg,18.51428236066217,0.8185645507835928,849.5096009136412,755.9816315286654
vid_000003_frame0000012.jpg,18.580275400611796,0.8169056266763602,855.4678820358183,758.3368009971134
vid_000003_frame0000013.jpg,18.368165489994645,0.8213867598901375,839.0137797326481,767.3985920894244
vid_000003_frame0000014.jpg,18.53468714166506,0.822827635582362,843.0899845423901,749.1474556759197
vid_000003_frame0000015.jpg,18.508379531806295,0.8232640064463473,854.3316638472301,748.9424348690287
vid_000003_frame0000016.jpg,18.40470352752576,0.8336372640300559,840.1095180288875,735.3009440883643
vid_000003_frame0000017.jpg,18.42269151403299,0.8335844892345312,852.494904029826,741.2410147418915
vid_000003_frame0000018.jpg,18.548298063744653,0.8292191668245413,827.0419343759029,736.1999596900282
vid_000003_frame0000019.jpg,18.56621825221793,0.8343422450391546,821.5208337135319,722.695676506088
vid_000003_frame0000020.jpg,18.592663303082656,0.8208929299263114,801.0210869197282,740.5874277487612
vid_000003_frame0000021.jpg,18.44799006595562,0.831985562278947,833.9998486105799,727.2027446393151
vid_000003_frame0000022.jpg,18.65907770618145,0.8183894394729867,863.488127479573,756.1445364740898
vid_000003_frame0000023.jpg,18.51211908525621,0.8121496205745472,855.073675358499,762.1109420767232
vid_000004_frame0000010.jpg,18.544599400921637,0.7897812400352765,854.7071283362494,785.057723947477
vid_000004_frame0000011.jpg,18.54261899218723,0.7952937962104093,875.8699327523489,766.2990801336662
vid_000004_frame0000012.jpg,18.60464294675628,0.7792628564365728,875.0203007443592,809.2393726683564
vid_000004_frame0000013.jpg,18.866865929300285,0.7826261856728923,859.8429055482866,792.0393754608012
vid_000004_frame0000014.jpg,18.719939472584983,0.7707171589140112,869.2378637810613,820.3945667042149
vid_000004_frame0000015.jpg,18.460745643064328,0.7856785762821542,871.2065746763938,814.3348878662408
vid_000004_frame0000016.jpg,18.63475650971384,0.7808034972964638,857.7703167569786,842.9107560590733
vid_000004_frame0000017.jpg,18.55642280596137,0.770313601733985,875.3266611484615,817.810953630969
vid_000004_frame0000018.jpg,18.863848303827684,0.7519152040020147,871.9366238868237,854.9007551287007
vid_000005_frame0000007.jpg,18.443746686790142,0.8145807825111024,881.4677154667694,735.3565617918858
vid_000005_frame0000008.jpg,18.705223354135676,0.7821643450067617,894.1503468313547,790.9077353722286
vid_000005_frame0000009.jpg,18.372915470761573,0.8092464415049241,857.2976826393815,752.1625613824192
vid_000005_frame0000010.jpg,18.7530908025296,0.7976425707575534,834.9380233202905,776.0046397255505
vid_000005_frame0000011.jpg,18.614711606613703,0.8065673711934473,873.4122733941523,770.0548775839804
vid_000005_frame0000012.jpg,18.700595460554666,0.796591025314508,881.6198477427416,778.461161796246
vid_000020_frame0000002.jpg,17.823082295005676,0.7992829055972911,980.1523484412398,701.2196428527402
vid_000020_frame0000003.jpg,17.83248039960595,0.8081331399116435,962.4068629286552,709.6932477063178
vid_000020_frame0000004.jpg,17.969838558118326,0.8095118713246673,948.3167776441279,685.4390127554032
vid_000021_frame0000001.jpg,18.66567523628949,0.7708931082430494,966.1234103884703,690.4145156385937
vid_000021_frame0000007.jpg,18.398837142499872,0.8125470045077746,953.7608751212613,669.5021404741435
vid_000021_frame0000010.jpg,18.537852610966976,0.8080644152859408,978.8866951193496,672.833357965995
vid_000021_frame0000013.jpg,18.457473821282314,0.8091220317940855,959.0308664791806,663.5279716800846
vid_000021_frame0000015.jpg,18.30094983192741,0.8156331083434285,950.7434932140608,674.1468840828618
vid_000021_frame0000016.jpg,18.27892687003061,0.824322359506669,926.6453956093862,688.4157620555924
vid_000021_frame0000017.jpg,18.354602138460148,0.816916411753451,946.2058076355206,673.9698922452209
vid_000021_frame0000018.jpg,18.513463779717764,0.8066057550050453,930.0954954404218,678.067872576871
vid_000021_frame0000019.jpg,18.424252483523176,0.8268395513135275,916.8136238990415,663.3020391714698
vid_000021_frame0000020.jpg,18.518087231588513,0.8086322274370535,938.2785831950924,674.9011333565534
vid_000021_frame0000021.jpg,18.371818317006937,0.8216968733903709,948.8354725145274,670.0985392272813
vid_000021_frame0000022.jpg,18.692281805892424,0.8053288548279308,937.4772292836115,679.5748363854984
vid_000021_frame0000023.jpg,18.636043088532087,0.8086001744586411,938.2316562100001,687.343921708745
vid_000021_frame0000024.jpg,18.435634113808497,0.8071985486662303,934.6169980117959,704.8954173008655
vid_000021_frame0000025.jpg,18.339777998779606,0.8168977914551543,938.5310164493176,674.331845426145
vid_000021_frame0000026.jpg,18.219796309312876,0.8248648802364755,933.2436293018466,688.1912797393454
vid_000021_frame0000027.jpg,18.491058031015257,0.8257517929981306,945.3017882081413,672.5726635651876
vid_000021_frame0000028.jpg,18.49035220931788,0.8135884946646098,949.53247716178,688.8477030301062
vid_000021_frame0000029.jpg,18.432798511785233,0.8236338453807305,926.9322189182477,676.3126715540859
vid_000021_frame0000030.jpg,18.509283549537017,0.8131382581542802,948.9295731532353,702.7397975984109
vid_000021_frame0000031.jpg,18.434356410750382,0.8232252238185739,927.3820460697731,680.0318694894686
vid_000021_frame0000032.jpg,18.243611101612952,0.8142778572523429,955.9419087719277,700.2881947947008
vid_000021_frame0000033.jpg,18.363971116002293,0.8209408201916686,940.1553212143597,684.6134996761762
vid_000021_frame0000034.jpg,18.482638126459914,0.8174957883376021,952.658520280147,663.4813132977918
vid_000021_frame0000035.jpg,18.492324885353614,0.8254284310500125,923.1148096413662,646.4782613236754
vid_000022_frame0000013.jpg,19.54417656762257,0.8281535635789631,921.632802605407,737.1069739760046
vid_000022_frame0000014.jpg,19.43739300882338,0.8168685489204573,936.418690107985,750.6666218480403
vid_000022_frame0000015.jpg,19.508814934632554,0.8365995797705342,919.5044145602039,731.6855737534044
vid_000022_frame0000016.jpg,19.470044089565125,0.8178962095964278,919.4427811698523,741.349942994527
vid_000022_frame0000017.jpg,19.522610931133734,0.8402410124613796,924.6741929121577,724.9809974552958
vid_000022_frame0000029.jpg,19.28595243987128,0.8478387751963745,917.3657129919612,732.4618229591109
vid_000022_frame0000030.jpg,19.409483047273877,0.8328363035053729,964.9859995230179,737.6070588454068
vid_000022_frame0000033.jpg,19.323085512758404,0.8360222204055597,938.6314861002709,744.9343792904589
vid_000022_frame0000040.jpg,19.145346604786134,0.8363044374756906,955.7849640212225,746.0709065768688
vid_000022_frame0000041.jpg,19.08848264142039,0.8388402393248221,943.0853264890251,738.1266780289378
vid_000022_frame0000042.jpg,19.083257747644662,0.8290403133166665,950.2100285201543,746.9029336382956
vid_000022_frame0000043.jpg,19.15026945530354,0.8251747607268068,942.947677929785,768.43896083463
vid_000022_frame0000044.jpg,19.12285607329672,0.8285499477271016,925.8988011540191,763.1712082715842
vid_000023_frame0000010.jpg,19.575418285024245,0.8313639396195246,907.0612928367999,732.163412497905
vid_000023_frame0000011.jpg,19.596163014265066,0.8414821116095529,896.3694768874735,734.5233486201639
vid_000023_frame0000012.jpg,19.80290472430965,0.8293108097442322,905.6995737966164,743.8448624412908
vid_000023_frame0000013.jpg,19.695828065206623,0.8309519414178125,918.441186185318,749.1475049246046
vid_000023_frame0000014.jpg,19.694852849908,0.8229919265631761,899.9171076060646,747.4109675133578
vid_000023_frame0000015.jpg,19.68667749731379,0.8407387720469126,896.8301062542789,728.5753069113887
vid_000023_frame0000016.jpg,19.625817413703537,0.838408492944079,930.9542772296915,729.7561235808554
vid_000023_frame0000017.jpg,19.540047335807866,0.848157007808554,905.1708809072406,711.9874074682406
vid_000023_frame0000018.jpg,19.387814018664443,0.839045204820096,934.6639962376388,733.5723239406171
vid_000023_frame0000019.jpg,18.961896580475347,0.8512585538913141,945.0847523607725,720.5808260204595
vid_000024_frame0000015.jpg,19.189433862320456,0.8406909748187278,927.8257909678841,731.979403479656
vid_000024_frame0000024.jpg,19.571068375516642,0.8222222817920403,887.9866030529347,733.9046648301336
vid_000024_frame0000030.jpg,19.58800982896943,0.8162712880368055,887.9406444286765,771.5819171213449
vid_000024_frame0000031.jpg,19.49787434655235,0.8364546917147648,875.7937243889486,731.0394727255263
vid_000024_frame0000032.jpg,19.530844288638065,0.8224307238432554,895.5661216371941,749.9961691625119
vid_000024_frame0000033.jpg,19.535903733198616,0.8373312946568157,888.0886260377359,739.33079758901
vid_000025_frame0000007.jpg,18.87931200687267,0.855164550642794,901.6062490082238,696.8516057694214
vid_000025_frame0000008.jpg,18.943383110592244,0.8460451850077964,934.7832197500786,718.1663262115891
vid_000025_frame0000009.jpg,18.96701586322006,0.8591804050044441,911.7194838289824,709.6436036192836
vid_000025_frame0000010.jpg,19.047641388369993,0.8434261111523128,943.6979797292394,713.6512479874821
vid_000025_frame0000011.jpg,18.94889344303739,0.8483525468125229,932.1851232231221,726.9736812510548
vid_000025_frame0000012.jpg,18.96892846687918,0.8432747961468108,932.4883255065595,705.9072341399769
vid_000025_frame0000013.jpg,18.817523878184147,0.8488179241911687,902.6215869208957,702.9179315805584
vid_000025_frame0000014.jpg,18.75141870993571,0.8390291149018552,923.0386706265201,712.7548331119007
vid_000025_frame0000015.jpg,18.709723869298614,0.8451835099599112,932.455027298856,707.4861239146575
vid_000025_frame0000016.jpg,18.941838277068623,0.8376719511105768,930.0317713583134,739.7325773099653
vid_000025_frame0000017.jpg,18.70469788146472,0.8470975980655947,949.3520674880162,722.311114261995
vid_000025_frame0000018.jpg,18.89832748617834,0.8405972414662268,949.2559672569431,716.0330243222088
vid_000025_frame0000019.jpg,18.673263006365193,0.8532416586334862,927.2504559757366,707.6072892135027
vid_000026_frame0000003.jpg,18.351262371572346,0.8347179808196318,973.1411918744698,723.8594190683287
vid_000026_frame0000004.jpg,18.402012920530264,0.8180288855315406,966.130179717992,734.4343749173004
vid_000026_frame0000005.jpg,18.546249077558112,0.8267250333726069,982.3658177940888,749.9436741612494
vid_000026_frame0000006.jpg,18.553531377539848,0.8091023992586278,981.2685096807035,764.2174642872014
vid_000026_frame0000007.jpg,18.5252109754873,0.8289307984261668,948.8163632785,750.1274388281445
vid_000026_frame0000008.jpg,18.54606673794223,0.8226254445824761,964.9034385958635,753.6970493326003
vid_000026_frame0000009.jpg,18.751743179724727,0.8546668015294282,896.7499202238753,733.7106671390538
vid_000026_frame0000010.jpg,19.351852209989946,0.844514054924436,894.2437557692982,725.5332400686744
vid_000026_frame0000011.jpg,19.48330701418725,0.8550540923301145,848.2512754502659,724.6092618514547
vid_000026_frame0000012.jpg,19.565134379866254,0.8056960004575319,863.47314108028,754.0306645781583
vid_000026_frame0000013.jpg,19.599709649399493,0.8104922184738879,857.2916628213019,751.6236900485092
vid_000026_frame0000014.jpg,19.720557176162426,0.7908680995194457,867.722520883155,770.3742095475106
vid_000026_frame0000015.jpg,19.620053494552696,0.8296769964833469,878.9100968816158,725.4690941405036
vid_000026_frame0000016.jpg,19.36449405837121,0.8243497731323961,878.0164359410985,689.7633479338305
vid_000026_frame0000017.jpg,19.176312091433743,0.8380607661408711,913.1090804081172,684.2255373268272
vid_000026_frame0000018.jpg,19.281624078948912,0.8278444312520805,906.3257425456018,707.1703657034934
vid_000026_frame0000019.jpg,19.34840092045948,0.8533622536240618,860.4473521406381,709.9847835790383
vid_000026_frame0000020.jpg,19.488456391072052,0.8299689191655149,853.1494521176182,731.2553353736588
vid_000026_frame0000021.jpg,19.50001477372368,0.836644456553191,854.036338583137,741.8524807059275
vid_000027_frame0000047.jpg,19.624182940140603,0.8176275022130651,809.6503142375226,786.7051197976103
vid_000027_frame0000048.jpg,19.381640324413457,0.818278667306343,821.2118852080497,788.6401487589301
vid_000027_frame0000049.jpg,19.418966293174165,0.8391090512568927,810.9973276857318,772.8481138113465
vid_000027_frame0000056.jpg,19.481776505524504,0.8241926873356298,856.5966875070544,785.2195086793782
vid_000027_frame0000068.jpg,19.230862606919708,0.833866134525208,840.6777403324703,783.5342055835235
vid_000027_frame0000069.jpg,18.989234528020233,0.8382029547533647,838.7722729758242,780.8853558462445
vid_000027_frame0000070.jpg,19.400264704843295,0.8292096240255745,840.0842310024589,766.3519934497677
vid_000027_frame0000071.jpg,19.31614026015277,0.8143446648431557,849.4618685538375,775.4126090721064
vid_000027_frame0000072.jpg,19.199645924399654,0.8144143005282335,851.9527345953038,784.4144582865588
vid_000028_frame0000001.jpg,19.225206447706107,0.8413134277181996,850.248432035767,640.9495546851431
vid_000028_frame0000002.jpg,19.14210678538175,0.8582169931803724,844.3977901316912,640.0687089059224
vid_000028_frame0000003.jpg,19.089316734895455,0.8595410699905571,837.1573551167695,630.8967836930268
vid_000028_frame0000004.jpg,19.103098592131133,0.8564209620786382,850.9305739998214,657.023169796074
vid_000028_frame0000005.jpg,18.812301931484278,0.8621976341000881,836.3272862757688,643.9918410478169
vid_000028_frame0000006.jpg,19.142655553209583,0.8602038103184665,829.9921114232023,644.3624208370069
vid_000028_frame0000007.jpg,18.988131522767112,0.8619851225902768,846.8126180227589,654.7130551814123
vid_000028_frame0000008.jpg,19.023882735854357,0.8516357679056844,859.2236073395311,655.4561234164835
vid_000028_frame0000009.jpg,18.836161314873532,0.8606440892278272,830.1663618017548,651.6857276555921
vid_000028_frame0000010.jpg,18.939752403206317,0.8531852035712078,817.6164879056635,656.6403816510626
vid_000028_frame0000011.jpg,18.966935154305833,0.858673267957465,833.4984634563817,669.998780271797
vid_000028_frame0000012.jpg,19.07072079435138,0.849360638204289,834.4325050935066,688.999176234213
vid_000028_frame0000013.jpg,18.964671812466435,0.8582184844791438,818.0646908977496,668.0386189511113
vid_000028_frame0000014.jpg,18.511084883103404,0.8467041976742484,847.5727078388552,682.8292974044949
vid_000028_frame0000015.jpg,18.692976788296715,0.8572247359748912,827.549966423251,682.0556892318534
vid_000028_frame0000016.jpg,18.56061010347126,0.8574378015496823,828.2499493610427,689.9836085992331
vid_000028_frame0000017.jpg,18.596753778388738,0.8529705972156263,838.0258069564144,696.5421999506007
vid_000028_frame0000018.jpg,18.802717807189232,0.8493268981065715,850.3941764521244,708.0484298787763
vid_000028_frame0000019.jpg,18.59048948594332,0.850617919682985,834.395669908508,711.036332443733
vid_000028_frame0000020.jpg,18.70584790493817,0.8425151767316152,839.2091565806373,713.3480050807143
vid_000028_frame0000021.jpg,18.67121864755647,0.8524831533891364,839.3860876652836,712.8165455761595
vid_000028_frame0000022.jpg,18.59343385216587,0.8404299218259513,850.3533300904026,720.9333580083186
vid_000028_frame0000023.jpg,18.551455850433655,0.8412164950477631,841.465505260119,713.8730930499437
vid_000028_frame0000024.jpg,18.632256470874193,0.8330457356507771,868.2665396146025,720.6886740026632
vid_000028_frame0000025.jpg,18.571176527533357,0.8375655974896551,867.1398586251169,725.8362848760285
vid_000028_frame0000026.jpg,18.727533303015452,0.8454298751322193,852.9990614772155,715.6922063343536
vid_000028_frame0000027.jpg,18.74195405236454,0.8421742847114445,858.7229850959609,729.8552018262035
vid_000028_frame0000028.jpg,18.726590348215474,0.836507642593206,845.5838749677,731.5399852406226
vid_000028_frame0000029.jpg,18.91079111638589,0.8491957445749022,817.9908394791744,707.2330093328501
vid_000028_frame0000030.jpg,18.940601039855313,0.842569913905939,840.0855025426797,718.1733105270232
vid_000028_frame0000031.jpg,19.136959415151814,0.8469703798771892,819.7594982905424,708.3649796841526
vid_000028_frame0000032.jpg,19.116593425658785,0.8390663919663157,839.1206895910454,718.6598251352682
vid_000028_frame0000033.jpg,19.210624521570903,0.8421234561542178,838.4453472416999,716.8029098936257
vid_000028_frame0000034.jpg,19.408404626674894,0.834947727438302,837.1427074906297,719.5359872487952
vid_000028_frame0000035.jpg,19.358578253774006,0.8422252673794596,832.5868688057697,702.1448307452904
vid_000028_frame0000036.jpg,19.11333884182284,0.8535157102111235,827.0002536065781,710.3923842031985
vid_000028_frame0000037.jpg,19.38780041195052,0.8421027619033842,834.4845694583812,710.7273345945342
vid_000028_frame0000038.jpg,19.39074030319112,0.8423945247636112,840.6714202782111,733.1002448026454
vid_000028_frame0000039.jpg,19.313179658971475,0.8536921805659254,836.6723436074138,688.8044696638005
vid_000028_frame0000040.jpg,19.379387768078267,0.8553139327961817,858.827916962187,670.3281829897388
vid_000028_frame0000041.jpg,19.24032242344125,0.8567640620751323,849.1945340316292,683.7178588148138
vid_000028_frame0000042.jpg,18.936236196577102,0.863288878927639,827.4825526456056,653.5241999150911
vid_000028_frame0000043.jpg,18.680084481679426,0.859394990576483,847.5698206292976,655.3236947048446
vid_000029_frame0000012.jpg,18.276380040115864,0.8407572070232884,863.4705035743413,614.7999976282274
vid_000029_frame0000013.jpg,18.201378287776834,0.8449744388623968,858.9526118808269,619.9733805969694
vid_000029_frame0000014.jpg,18.272574890119493,0.8430577549454458,859.2243521533112,636.0509508977175
vid_000029_frame0000015.jpg,18.266807707578717,0.8505064007487716,805.2377502624366,624.5582416574462
vid_000029_frame0000016.jpg,18.08878428740025,0.8471996753161887,836.4066227006851,653.7554225364871
vid_000029_frame0000017.jpg,18.101203492023025,0.8465272362103636,843.3873122189511,665.3450335748537
vid_000029_frame0000018.jpg,18.09173761533516,0.8419368671419326,835.5407994188469,673.7294738680972
vid_000030_frame0000001.jpg,17.98517067696206,0.8316468450204875,837.5124908628896,644.7981708067194
vid_000030_frame0000002.jpg,18.008259775591977,0.8562649260483478,831.3823577595779,641.1440357278359
vid_000030_frame0000003.jpg,17.957370624084813,0.8592929088435826,834.5999881432579,631.4822270291675
vid_000030_frame0000004.jpg,17.951409167544284,0.8484224497299321,868.3270620017202,635.9566444677033
vid_000030_frame0000005.jpg,17.68459487534112,0.8454582335374233,864.6351245085096,617.4585305044214
vid_000030_frame0000006.jpg,17.753732790730197,0.8470689936220966,862.4314702987687,617.8196270972824
vid_000030_frame0000007.jpg,17.686945526945326,0.8482326845494805,835.8031632748392,623.5415754088853
vid_000030_frame0000008.jpg,17.825484811122518,0.8480314262023816,833.4571989478212,622.0777844158755
vid_000030_frame0000009.jpg,17.91078892925156,0.8546423613016357,834.1771348534057,630.1779623836874
vid_000030_frame0000010.jpg,18.069364623315305,0.8506297613101306,839.3583753973135,638.8689347514711
vid_000030_frame0000011.jpg,18.169907979805433,0.8585554069521426,848.6695745124891,647.7437853593997
vid_000030_frame0000012.jpg,18.05095824293297,0.8531921123597254,846.9730090930046,654.9231743476488
vid_000030_frame0000013.jpg,18.018367865421077,0.8541583436814667,845.3599589807554,651.9996654085539
vid_000030_frame0000014.jpg,18.011440795708875,0.8474963588087044,846.2644403580548,637.261975416472
vid_000030_frame0000016.jpg,18.031392978603684,0.8541188301454302,858.6751675359363,638.0791805332992
vid_000030_frame0000017.jpg,17.994941390118207,0.8515572182014401,892.3394185458967,653.8477519762853
vid_000030_frame0000018.jpg,18.057150690936503,0.8407470409634642,895.5224847825878,663.2211670084637
vid_000030_frame0000019.jpg,18.027549394882193,0.8501281093266796,872.7204808373269,658.1459987786487
vid_000030_frame0000020.jpg,17.951424526637258,0.8436667866539178,861.5229652977413,648.9103400100016
vid_000030_frame0000021.jpg,18.032159924226214,0.8553911240170797,852.1204132134758,642.2999432184158
vid_000031_frame0000011.jpg,17.83898406383608,0.8288080137278091,901.746215917213,692.2317968516738
vid_000031_frame0000012.jpg,17.742501123918217,0.8175134498828814,905.6041055936569,707.06156292444
vid_000031_frame0000013.jpg,17.822228083907266,0.8303210313520623,893.9471512425542,691.0842171321938
vid_000031_frame0000014.jpg,17.785909486642602,0.8230543551806807,883.487247537874,701.8509347066313
vid_000031_frame0000015.jpg,17.736164757682516,0.8211083088904333,880.0859643534985,709.3176412564002
vid_000031_frame0000016.jpg,17.833704555264966,0.827087443614471,889.0200292768131,726.4551787883665
vid_000031_frame0000017.jpg,17.74796997881701,0.8236675237889696,904.2047724276367,716.0950083681842
vid_000031_frame0000018.jpg,17.788472900191564,0.8192468576553877,871.4448473214121,715.1020831170674
vid_000031_frame0000019.jpg,17.758618020586177,0.8347619932294771,868.691062499216,708.1720917237576
vid_000031_frame0000020.jpg,17.687005653625427,0.8129924715989397,856.3912057578684,707.948042816069
vid_000031_frame0000021.jpg,17.776507987286948,0.8394297229843323,840.5198823078775,697.644035378922
vid_000031_frame0000022.jpg,17.898145989300964,0.8299675915831299,823.1591000768243,691.278227668848
vid_000031_frame0000023.jpg,18.00839013313802,0.8415069884831287,810.5634227055014,664.7660368432537
vid_000031_frame0000024.jpg,18.110821868686394,0.8343603653193498,817.8043195535716,654.009324795298
vid_000031_frame0000025.jpg,18.145904676626376,0.8407375376320023,806.139049347841,660.5818694552249
vid_000031_frame0000026.jpg,18.224539420185156,0.8464631190572444,809.7169838108074,664.8248297060887
vid_000031_frame0000027.jpg,18.167148572861088,0.8557833213570727,798.168219623348,629.6525756480547
vid_000031_frame0000028.jpg,18.140018824255208,0.8483167373621129,840.7940979133152,575.8026012671302
vid_000031_frame0000029.jpg,17.962172403781945,0.8458047514262447,878.2664878519146,579.9604113956127
vid_000031_frame0000030.jpg,18.173814312772787,0.8350783220722923,873.9321633596119,580.5720352433194
vid_000031_frame0000031.jpg,18.09379076238101,0.842549542636867,866.4650007635216,562.4075349541642
vid_000031_frame0000032.jpg,18.1163698811775,0.8306827085711722,882.4830624601193,575.9259309911199
vid_000031_frame0000033.jpg,18.045235883072934,0.8408502158770372,881.8696869780518,567.4363334573927
vid_000031_frame0000034.jpg,17.74743357314185,0.8336418757311628,897.4899124605724,666.0552214695437
vid_000031_frame0000035.jpg,17.88286472261356,0.8360756379243934,998.5525964959788,701.584768350102
vid_000031_frame0000036.jpg,17.822799571819925,0.8404066952787627,1011.3630129183412,694.1876437051873
vid_000031_frame0000037.jpg,17.88104517977232,0.8409966420204755,969.727549787751,685.1626223960852
vid_000031_frame0000038.jpg,17.868974425971896,0.8411732687740363,952.3291152937738,708.5062785349056
vid_000031_frame0000039.jpg,18.07365000788839,0.8441084354639717,963.6253613579862,711.5363926260693
vid_000031_frame0000040.jpg,18.235731318640333,0.8410417249848671,967.5113677782826,721.7578501328047
vid_000031_frame0000041.jpg,18.449562392471485,0.8442889560835565,967.0268589598271,709.8209220007186
vid_000031_frame0000042.jpg,18.37848557837674,0.8330587234400385,979.5055116594835,706.3045025831291
vid_000031_frame0000043.jpg,18.15906146051349,0.8167577884117749,1070.0582817662178,907.5996590026082
vid_000031_frame0000044.jpg,17.9045478892545,0.8067872802542627,1216.6257752411177,968.47590791325
vid_000031_frame0000045.jpg,17.99227595755172,0.8056378850745279,1228.5285893410555,963.9903575751614
vid_000031_frame0000046.jpg,18.20622761029799,0.8107738804100618,1057.6749300114352,853.6164203764317
vid_000031_frame0000047.jpg,18.290099584087166,0.8187428871760436,1149.1899991163946,795.7471919628998
vid_000031_frame0000048.jpg,18.48869014737065,0.8277507433976319,1065.0552387899625,697.8019589666533
vid_000031_frame0000049.jpg,18.396017359025198,0.8271840510194796,998.9607126710731,710.2790333800285
vid_000031_frame0000050.jpg,18.403994114376477,0.816422058553122,1171.3857555316004,956.4475189326604
vid_000032_frame0000006.jpg,19.6295954326962,0.7651393771803526,1063.6522238391326,1055.18607507836
vid_000032_frame0000007.jpg,19.380369864283878,0.7348177352206372,1033.1542310075454,1116.000590550444
vid_000032_frame0000008.jpg,19.300684319535524,0.7178173228225398,1046.2687585728415,1186.7593126681725
vid_000032_frame0000009.jpg,19.395342020340365,0.7394887374937033,988.4734392786363,1034.7550914669284
vid_000032_frame0000010.jpg,18.961387994456224,0.7097244896466938,1026.9884870075255,1175.408840911999
vid_000034_frame0000005.jpg,19.13542567275189,0.7481290318563106,988.5474217716508,1044.8448143076723
vid_000034_frame0000006.jpg,19.18104269426708,0.7613858478647754,965.4700196905264,1018.815948621304
vid_000034_frame0000007.jpg,19.256708007526314,0.7692379048028877,988.5391134930908,995.0359219518616
vid_000034_frame0000008.jpg,19.001345585807016,0.7657891895026779,969.3077179868019,1000.5619862049948
vid_000034_frame0000009.jpg,19.17238995019516,0.7937573704279598,940.5221814539257,926.0212128159753
vid_000034_frame0000010.jpg,19.070706190163396,0.7785116117857168,1007.3839297542262,953.3599978201469
vid_000034_frame0000011.jpg,19.096231674673835,0.7795521306103357,1010.4182639084389,980.6370371115925
vid_000034_frame0000012.jpg,19.11891558566688,0.7702579409132227,1001.3226567738753,995.3513901100553
vid_000034_frame0000013.jpg,19.034454834759632,0.7814027711278791,1014.5946264468118,956.6730137693453
vid_000034_frame0000014.jpg,19.135358890416445,0.7632010249726197,1015.0900034932047,998.5071811492248
vid_000034_frame0000015.jpg,19.227081282100137,0.7792901375528155,1004.6846061293559,969.1345423548286
vid_000034_frame0000016.jpg,19.212587759689853,0.7709177882947492,991.2669977728375,958.5807717315278
vid_000034_frame0000017.jpg,19.381181445925076,0.7865768863232064,994.6261592111184,909.0476242130151
vid_000035_frame0000001.jpg,17.62615648346122,0.6677689479575237,1244.0183452984636,1580.604483844525
vid_000035_frame0000008.jpg,17.43396698370337,0.6673677424719444,1136.1700532718792,1705.7595826848462
vid_000035_frame0000021.jpg,16.856385147491004,0.6418344948974993,1300.0983495871967,1866.5391868734116
vid_000035_frame0000031.jpg,17.078322020182163,0.6559194301279162,1132.5569995661144,1751.743503733803
vid_000035_frame0000032.jpg,17.115503305574357,0.6359996521353192,1098.1395555419276,1950.6173049078063
vid_000035_frame0000033.jpg,17.194039796585773,0.6187548454035771,1072.493087538221,1909.3762873280339
vid_000035_frame0000034.jpg,17.20145895210657,0.6148830863680238,1061.4578280967075,1942.9579003205747
vid_000035_frame0000035.jpg,17.527728683717953,0.6497348509257237,979.4838851896735,1645.080174175423
vid_000035_frame0000036.jpg,18.01080154106099,0.6957919610424131,880.8832258583002,1344.802214141784
vid_000035_frame0000037.jpg,17.98081415578016,0.657820889196032,995.2941055522772,1481.1357876047207
vid_000035_frame0000048.jpg,18.203255308586343,0.6411034317259787,1034.3340494294137,1677.702181452131
vid_000035_frame0000049.jpg,18.28900964365109,0.6694736101244141,998.3306074342421,1519.456234010957
vid_000035_frame0000052.jpg,18.261336444149286,0.6653711186871547,902.4837874736676,1393.3343807386825
vid_000035_frame0000053.jpg,17.724833871269144,0.6143660857858358,1143.8226450011953,2015.7690161595328
vid_000035_frame0000054.jpg,17.649403714542522,0.6247322118595436,1128.3302075196675,1946.341719649291
vid_000035_frame0000068.jpg,17.448594798032573,0.6274001903964164,1090.533840934178,1798.9513726441255
vid_000035_frame0000069.jpg,17.15996963147908,0.6339884375672842,1073.5822435879609,1914.3247105072903
vid_000035_frame0000070.jpg,17.23313432240639,0.6453580227323935,1033.1937769355036,1751.5381866656462
vid_000035_frame0000071.jpg,16.802293811203302,0.6191018190671373,1166.612058142865,2003.7783668564084
vid_000035_frame0000072.jpg,16.950862751833874,0.6229175379416513,1086.76360074153,1795.6511194210798
vid_000035_frame0000073.jpg,17.109439890464277,0.6425574080957001,1080.0366121931681,1698.1235650700494
vid_000035_frame0000074.jpg,16.915630868234718,0.6319238313378625,1076.1171567441656,1709.6311797788587
vid_000035_frame0000075.jpg,16.61193811569974,0.5929698642194347,1204.3780521331382,2133.778501770494
vid_000035_frame0000080.jpg,16.843156337873182,0.6165139238060613,1159.1485996383685,2026.685129837937
vid_000035_frame0000083.jpg,16.923947952210913,0.6216583699336521,1157.8560353244043,1881.0680359381688
vid_000035_frame0000084.jpg,16.91179401232884,0.6484608218228728,1026.1233948047077,1617.6943769245556
vid_000035_frame0000087.jpg,17.51059183905559,0.6438883495206407,1083.1881022664647,1589.8088814483506
vid_000035_frame0000099.jpg,18.218266764661063,0.7102393669256095,874.5997064159416,1151.8974114059122
vid_000035_frame0000104.jpg,19.364698718428542,0.7557263440985516,850.6959893713217,1026.0154164425815
vid_000035_frame0000107.jpg,19.69984604290331,0.7615073246150059,845.8295610291414,952.6861793437295
vid_000035_frame0000110.jpg,19.710555979963853,0.7680558888269173,865.6895725414138,996.5479629661083
vid_000035_frame0000111.jpg,19.746294684827443,0.7771854169089109,852.4026792428742,1007.8094050485917
vid_000035_frame0000112.jpg,19.720400515541343,0.767408772351994,856.5294453319075,1012.2437426636945
vid_000035_frame0000113.jpg,19.584696268366503,0.7553180843332036,880.3948957595713,1072.141657348538
vid_000035_frame0000114.jpg,19.525752705782608,0.7557258827688139,879.184622798557,1060.4666988054087
vid_000035_frame0000115.jpg,19.257523589413193,0.7613388912673846,834.9435307792438,1005.0797016772461
vid_000035_frame0000116.jpg,19.108817033049643,0.7588027991250268,841.189891006092,970.0216865487166
vid_000035_frame0000117.jpg,18.965909306788785,0.7485623312106581,841.9217859194949,987.7650933875123
vid_000035_frame0000118.jpg,18.943128282472678,0.7563018804135287,852.8991934567977,968.8530409148922
vid_000035_frame0000119.jpg,19.024318585422225,0.7569892088256642,842.4988815327606,966.4474896184142
vid_000035_frame0000120.jpg,18.953134977069624,0.7488510563550048,852.3454137296487,1021.0523302560098
vid_000035_frame0000121.jpg,18.797771430949048,0.7335605200066856,867.0061054457785,1068.1487060666334
vid_000035_frame0000122.jpg,18.563689311119337,0.727651195739018,875.3813630721422,1070.8731166958528
vid_000036_frame0000001.jpg,18.080243932528354,0.684717891909341,1126.9529632431866,1424.4740237868114
vid_000036_frame0000002.jpg,18.13570052542272,0.7178830955057962,1105.4867465387922,1365.7137175252085
vid_000036_frame0000003.jpg,18.33270090575398,0.7220091563500212,1091.6820737914381,1358.0785070789407
vid_000036_frame0000004.jpg,18.10855886061828,0.7056895108619082,1103.6812609426156,1399.6892286628865
vid_000036_frame0000005.jpg,18.260648385306062,0.7244474461333957,1114.7973409223791,1373.691804467925
vid_000036_frame0000006.jpg,18.315886278934876,0.7274797571235809,1107.1449219780063,1381.6961811554083
vid_000036_frame0000007.jpg,18.197822366253607,0.7263293618078289,1099.8240746632264,1350.4305470231352
vid_000036_frame0000008.jpg,18.170286335206857,0.7091520128394051,1125.3512821061533,1373.801696650129
vid_000036_frame0000009.jpg,18.088051719273963,0.7297431615906643,1083.8381518551496,1329.7920354441633
vid_000036_frame0000010.jpg,18.01428885406568,0.7013673269752748,1129.1875057675772,1409.4382572763825
vid_000036_frame0000011.jpg,18.018260544095163,0.7113531229499722,1104.2910528293255,1373.8832282648043
vid_000036_frame0000012.jpg,18.132099044944468,0.7068969348049622,1111.5791222509083,1370.0132868370736
vid_000036_frame0000013.jpg,18.36238669967348,0.7244821362248922,1091.1761057903511,1315.6124708915208
vid_000036_frame0000016.jpg,18.394723005960575,0.7304317177609411,1084.0434619661658,1331.1568716888912
vid_000036_frame0000037.jpg,17.792777889667,0.7372433093423533,1070.4546424119299,1334.2930351280388
vid_000036_frame0000041.jpg,17.746329818821422,0.7231881905943753,1038.7079895982133,1342.6866352296556
vid_000036_frame0000043.jpg,18.003908140609315,0.7259146892628235,1037.3149173457634,1333.6390578424657
vid_000036_frame0000044.jpg,17.95491838978166,0.7257086052520636,1059.7757574995928,1334.043050752355
vid_000036_frame0000045.jpg,18.051106218304003,0.7210308724624409,1037.9666088467025,1368.411947232168
vid_000036_frame0000046.jpg,17.73633245680273,0.7166732284836607,1044.4147990484566,1372.2508527596528
vid_000036_frame0000047.jpg,17.6458111589819,0.6981350924982955,1055.9152818873495,1472.6375611342594
vid_000036_frame0000048.jpg,17.63078655546285,0.6892354924862224,1040.3670355139352,1481.9812123072322
vid_000036_frame0000049.jpg,17.89188903574802,0.7113081419573399,1007.6673350978681,1375.6483036589489
vid_000036_frame0000050.jpg,17.880434585469846,0.6971044512412045,1063.8440786151425,1483.558198303953
vid_000036_frame0000051.jpg,17.919586356762085,0.7034063791069252,1023.8557001373954,1457.2658149324538
vid_000036_frame0000052.jpg,17.794950306149392,0.700413002560448,1058.9087560640978,1462.5505687448126
vid_000036_frame0000053.jpg,18.01967276093106,0.7003012777820845,1065.8273021658588,1470.0365595902476
vid_000036_frame0000054.jpg,18.03489487265469,0.6941234399738617,1063.4524125515356,1481.3182802152376
vid_000036_frame0000076.jpg,18.318861137837317,0.7407022626301115,1024.9247265961656,1327.6462790518785
vid_000036_frame0000077.jpg,18.335294605987436,0.7190814374791324,1056.4308145389216,1372.6689449119926
vid_000036_frame0000078.jpg,18.410138277444013,0.7272094192192612,1049.5149738489995,1357.3311500747234
vid_000037_frame0000001.jpg,20.08349220457783,0.7365295099994936,890.744246499337,1214.538301643884
vid_000037_frame0000002.jpg,19.99260762647165,0.7773664033267411,847.7606410281119,1113.4749129928935
vid_000037_frame0000003.jpg,20.021330574926854,0.7438744794599748,897.3349187350831,1192.583194911909
vid_000037_frame0000004.jpg,19.911326395230333,0.7546406832425805,861.2247773782029,1153.7879903646788
vid_000037_frame0000005.jpg,19.825156681908894,0.732957532644159,914.6580507843579,1217.9870507137518
vid_000037_frame0000006.jpg,19.840953663442356,0.7670825187050093,881.9178589465823,1127.9872328092601
vid_000037_frame0000007.jpg,19.91965573286129,0.7612049081952884,813.0678328190063,1105.4038932817052
vid_000037_frame0000008.jpg,19.375745604514897,0.72638117983418,869.0344419181371,1247.7448950241067
vid_000037_frame0000009.jpg,18.888935865960203,0.73742981160796,799.0397362046328,1225.000104695057
vid_000037_frame0000010.jpg,18.141297585516092,0.6912917632659387,1085.4452870426471,1623.3674520453987
vid_000037_frame0000011.jpg,18.463294601432835,0.7035578489755422,1062.3769117960246,1576.2145828489743
vid_000037_frame0000012.jpg,18.386962406972565,0.6881041380919658,1132.1582504100404,1603.2229947688988
vid_000037_frame0000015.jpg,18.400591903161985,0.6970952417722981,1143.7045133454264,1598.6457251516902
vid_000037_frame0000016.jpg,18.318008586121135,0.7101210028840451,1110.1572332579592,1562.4361743437562
vid_000037_frame0000019.jpg,18.33952892821126,0.6987406269238807,1169.1818854076723,1661.904092676612
vid_000038_frame0000001.jpg,19.600812479458373,0.8201916416950222,828.8928552664019,793.8336416959891
vid_000038_frame0000003.jpg,19.083309406877365,0.8495674875309839,803.4265316983948,746.6157254659502
vid_000038_frame0000004.jpg,19.464779668161604,0.8216635692610623,829.5789112367162,777.9455246033584
vid_000038_frame0000005.jpg,19.403791091669806,0.8224963107784871,848.226854969838,789.1329972101969
vid_000038_frame0000007.jpg,19.47018838597649,0.811016841835755,840.2552215034981,795.890345947333
vid_000038_frame0000008.jpg,19.461929275804373,0.8050184421270563,847.8957794029814,815.9923643337943
vid_000038_frame0000009.jpg,19.108041590133308,0.834664932260267,857.8894552316975,794.8718542780854
vid_000038_frame0000010.jpg,19.413319486781923,0.7977784518862817,862.5579950396625,823.782902697309
vid_000038_frame0000011.jpg,19.45243936680518,0.7985885523895514,858.9407622548031,823.811121466516
vid_000038_frame0000012.jpg,19.48767237569647,0.7803910643260897,876.6733701671848,864.6646140259111
vid_000038_frame0000013.jpg,19.532307201259794,0.807577223173177,838.9038050739097,826.836414046453
vid_000038_frame0000014.jpg,19.665687004850557,0.8051999402251622,832.0336831789762,810.0726339474154
vid_000038_frame0000015.jpg,19.727840559742948,0.8074380167385081,823.5711154740962,809.4312391438035
vid_000038_frame0000016.jpg,19.704947926182392,0.8045994356925056,812.7766927168896,829.9854773429955
vid_000038_frame0000017.jpg,19.711445758052186,0.7985169711553516,813.1684446438452,828.3490172347402
vid_000038_frame0000018.jpg,19.666541466907347,0.8171758531854308,814.2868218645781,791.8261451243877
vid_000038_frame0000019.jpg,19.36921085687728,0.8392682648076604,792.8194439176553,777.1854616917998
vid_000038_frame0000020.jpg,19.534469083976553,0.8105970740433035,818.454460255758,791.7348954105032
vid_000038_frame0000021.jpg,19.64249241532294,0.8180040536572567,810.4978755466278,800.7102298329687
vid_000038_frame0000022.jpg,19.55928631580736,0.8071890822510616,806.9642378000453,838.1540188703343
vid_000038_frame0000023.jpg,19.48990999562571,0.8124551353828146,807.5108121232712,810.747033781321
vid_000038_frame0000024.jpg,19.549748308173093,0.7972346264878709,821.31118418069,838.9323840311416
vid_000038_frame0000025.jpg,19.45258900071085,0.8099322281258609,819.0816244030497,836.192587190269
vid_000038_frame0000026.jpg,19.403192521117887,0.778795939301904,814.2422802687734,878.2198937445881
vid_000038_frame0000027.jpg,19.37774777269297,0.7992692015342828,834.63678848897,859.2016520453546
vid_000038_frame0000028.jpg,19.48076363499872,0.7906609193976543,834.3752491403075,884.2674508759197
vid_000038_frame0000029.jpg,19.173812120998722,0.8100010424132771,798.1293497652086,841.4247625162243
vid_000038_frame0000030.jpg,19.68110515367049,0.7865818338328715,828.987531144568,881.9266989687038
vid_000038_frame0000031.jpg,19.466124953693697,0.7926053606433016,802.0015928206377,865.900414906902
vid_000038_frame0000032.jpg,19.513431850523585,0.7938707625628938,814.9534326504471,853.0848799523541
vid_000039_frame0000001.jpg,18.955762019977016,0.6954243824395432,876.7773277332833,1202.5489911281454
vid_000039_frame0000002.jpg,19.170213469483304,0.7392150256168554,842.1917975100182,1106.0394355503327
vid_000039_frame0000003.jpg,19.33199158804441,0.748896262620978,825.2268830549847,1010.4983318356498
vid_000039_frame0000004.jpg,19.077756720030322,0.7333968206487613,841.9801592191353,1027.8974530511223
vid_000039_frame0000008.jpg,19.123673546148765,0.6854685636035108,908.4501416852773,1159.8956133125796
vid_000039_frame0000009.jpg,19.403492477381395,0.7392625514221369,865.883954608939,961.0632276732339
vid_000039_frame0000010.jpg,18.818191027274942,0.7000029631316308,931.9588083384181,1075.7019972434287
vid_000039_frame0000011.jpg,19.262989572180192,0.7286221105364445,898.3886769802965,985.5370928721566
vid_000039_frame0000012.jpg,19.371841518016527,0.7231763825772032,898.278101629389,1010.9308730603726
vid_000039_frame0000013.jpg,19.404537208006094,0.7356614596601497,900.7368576308586,972.966790467469
vid_000039_frame0000014.jpg,19.51051889321713,0.7425076469913319,928.8251897222453,986.3964046436914
vid_000039_frame0000015.jpg,19.48364983239648,0.7667686294146128,908.033387756695,902.7571971213323
vid_000039_frame0000016.jpg,19.744413144199015,0.7729565216541915,919.1808084335651,903.9774687772971
vid_000039_frame0000017.jpg,20.12077808282975,0.786118987838635,940.0121935245301,875.8920450343126
vid_000039_frame0000018.jpg,19.708223743344686,0.7613076374673714,936.2499749991796,939.4746999062949
vid_000039_frame0000019.jpg,19.582190455907604,0.7606854938526807,908.9360443849955,894.8242703816734
vid_000039_frame0000020.jpg,19.458457332701073,0.7471464727639421,935.316689905082,934.8542595102384
vid_000040_frame0000001.jpg,18.271654356538242,0.7633979148960309,913.7833565940906,862.5215925440864
vid_000040_frame0000002.jpg,18.261543128256015,0.7847588149744985,900.0392276087765,826.7291212518855
vid_000040_frame0000003.jpg,18.239068547818835,0.7744926933430641,867.9326291990924,787.5557404104062
vid_000040_frame0000004.jpg,18.01079342438809,0.7541394596882608,890.7056057020083,840.5531434308747
vid_000040_frame0000005.jpg,17.962527670852484,0.7555787815124471,849.9087664499784,851.0649144067021
vid_000040_frame0000006.jpg,17.958451512890587,0.7410009199799837,846.0857496152355,954.9564521686369
vid_000040_frame0000007.jpg,17.932094634205683,0.7384261999587571,856.5676811797902,919.2747189862584
vid_000040_frame0000008.jpg,17.854507543100713,0.7253817581002755,874.4007265555233,928.4326277978902
vid_000040_frame0000009.jpg,18.105315559122054,0.7583820020556876,839.4574439398971,832.8960506747942
vid_000040_frame0000011.jpg,18.162809202545727,0.74123700747578,885.4737535036008,849.9096165814204
vid_000040_frame0000012.jpg,18.070746164636102,0.7318810409348568,859.099582709979,873.8133298666284
vid_000040_frame0000013.jpg,18.075345479830485,0.7470655117171607,875.3400759258935,826.2041442576974
vid_000040_frame0000014.jpg,18.14865405774183,0.7277904554904239,889.4096524531004,869.7146378203902
vid_000040_frame0000015.jpg,18.2261077018898,0.740452835889735,856.5416756949195,848.429083249566
vid_000040_frame0000016.jpg,18.419262859559904,0.7404779787981147,842.1821391625832,849.9653170468729
vid_000040_frame0000017.jpg,18.713031950664416,0.7337074169338548,888.7245787178814,873.8951455853116
vid_000040_frame0000018.jpg,18.81292696484501,0.7243780905568001,862.1436499646145,922.9380797489794
vid_000040_frame0000019.jpg,19.204050423005704,0.761582546569291,826.5956642419521,808.7560188259351
vid_000040_frame0000020.jpg,19.0683659384583,0.718784405591947,849.8311310568197,923.3765622214703
vid_000040_frame0000021.jpg,19.311427064999666,0.7356980798060477,851.9844274753679,852.7283657015668
vid_000040_frame0000022.jpg,19.329258325634644,0.7384705424241002,872.6289902885096,853.9519468848588
vid_000040_frame0000023.jpg,19.396809158895692,0.7353052332103532,857.9166465653316,829.9902451244816
vid_000040_frame0000024.jpg,19.416930797558265,0.7368420229095055,884.6460080881029,845.9136765442026
vid_000040_frame0000039.jpg,19.814248327514264,0.7791053094367838,896.3352317375632,790.7431716656301
vid_000040_frame0000040.jpg,19.893658056975475,0.7668037222593407,878.3547661568858,778.5138803727369
vid_000040_frame0000041.jpg,19.61354864523694,0.7677429173152236,914.2182850540586,881.6877409146556
vid_000040_frame0000042.jpg,19.74600792585506,0.7659704455562565,944.7435207452105,886.0839950851833
vid_000040_frame0000043.jpg,19.74848874692252,0.7551805853833073,950.8452709039342,886.9876688909558
vid_000040_frame0000044.jpg,19.71408393867385,0.7500125853700039,944.2671103571802,902.4518872061021
vid_000040_frame0000045.jpg,19.62205527559071,0.749778831690104,937.2512516810112,896.8091664037674
vid_000040_frame0000046.jpg,19.66545579324768,0.7613105112963013,946.2696225446732,889.966145906651
vid_000040_frame0000047.jpg,19.521115603206255,0.7508331417865245,951.0923113441409,895.8474142327125
vid_000040_frame0000048.jpg,19.444804223612945,0.7529556208194087,916.7637694936633,890.9613107418037
vid_000040_frame0000049.jpg,19.55991095309513,0.7660722300632469,904.6696041843746,869.4950262505008
vid_000040_frame0000050.jpg,19.470842417492783,0.7571824509322714,926.6154901415391,895.155725275092
vid_000040_frame0000051.jpg,19.634658660195477,0.7647632360571716,941.3042656198733,882.967616309831
vid_000040_frame0000052.jpg,19.62640956166386,0.7712068800822034,970.0346070225273,867.9311609257935
vid_000040_frame0000053.jpg,19.45444915592784,0.7736504889177983,969.5833304642947,888.5903134735258
vid_000041_frame0000002.jpg,18.849809328950432,0.8345704636981107,869.7549234622144,742.6378030860712
vid_000041_frame0000004.jpg,18.982982655538013,0.8132154201669596,875.215444256841,749.1795834197966
vid_000041_frame0000005.jpg,18.9975276415635,0.8263952090256202,865.6854159019794,736.46496385281
vid_000041_frame0000006.jpg,19.10378471730102,0.816301760970843,885.9660362239748,776.2689221386108
vid_000041_frame0000007.jpg,19.021972538965773,0.8218865873898383,872.3826801504521,782.8765095286482
vid_000041_frame0000008.jpg,19.2537086180117,0.8067459638720084,860.9310161832694,785.0790245682764
vid_000041_frame0000009.jpg,18.972720310302172,0.843782262276624,824.8182643385621,755.7247183666574
vid_000041_frame0000010.jpg,19.294250335526975,0.8156678099525857,843.1741148580263,781.5597457398532
vid_000041_frame0000011.jpg,19.117250158505158,0.8287287031210869,861.6350606464816,751.2030980922156
vid_000041_frame0000012.jpg,19.110944420007606,0.8165159116702917,860.8931501563425,755.2230875422918
vid_000041_frame0000013.jpg,18.897634839408507,0.8424548300354063,853.5290992914047,741.7348855895659
vid_000041_frame0000014.jpg,19.04021764015576,0.8212811578271042,878.5919486364115,761.7725606657015
vid_000041_frame0000015.jpg,18.9111992649212,0.8433345330677057,851.6757986805912,730.4273651207884
vid_000041_frame0000016.jpg,18.918151378037756,0.8328793408334251,842.2625934504217,740.8370879224886
vid_000041_frame0000017.jpg,18.8769878931633,0.8440799395208627,850.5650456626505,743.81832231934
vid_000041_frame0000018.jpg,19.085815464471448,0.8271032118691645,844.4335373964243,741.9204596522636
vid_000041_frame0000019.jpg,18.841564867424015,0.839145991791013,823.9205224171178,726.4027201719109
vid_000041_frame0000020.jpg,19.214495473267615,0.8196939084657483,843.1383725725923,742.9895331880415
vid_000041_frame0000021.jpg,19.120541808713448,0.8196034524404326,845.1866690438708,735.2016841308165
vid_000041_frame0000022.jpg,19.016289210021714,0.8115937266671841,882.124251291401,757.35863132649
vid_000041_frame0000023.jpg,19.134124052745843,0.8189630570487209,865.6585175395454,738.8563567099603
vid_000041_frame0000024.jpg,19.141138024118682,0.7954703199866199,877.4216460276443,785.3406479024851
vid_000041_frame0000025.jpg,19.075492570953273,0.7970893644208227,876.5209367108044,765.3287495449732
vid_000041_frame0000026.jpg,19.33594186391844,0.7906323753547064,872.5142409717887,778.137006972403
vid_000041_frame0000027.jpg,19.273450838557892,0.7931124965618518,881.9016095091213,795.9025600541886
vid_000041_frame0000028.jpg,19.19498298107776,0.7796970559142006,891.9560868520695,816.9134158188003
vid_000041_frame0000029.jpg,19.174203795689277,0.7981771756922657,880.3443027991997,762.8747279018398
vid_000041_frame0000030.jpg,19.10042608524229,0.7718000956575274,939.098837698531,856.6279811874047
vid_000041_frame0000031.jpg,18.99710919918343,0.7842959311410195,910.1829922731284,835.4456876612086
vid_000041_frame0000045.jpg,18.950379934308526,0.8401854269914599,844.9266747302323,709.1721656316347
vid_000042_frame0000001.jpg,18.97658826566204,0.8121294626504395,870.2933631694302,664.2737306042491
vid_000042_frame0000002.jpg,18.870441842341254,0.844778575583395,873.1534600106545,647.9291886334918
vid_000042_frame0000003.jpg,18.842238404443524,0.8397834832745996,876.9112591545735,648.6283981363804
vid_000042_frame0000004.jpg,18.881241504749465,0.8379400265045592,890.9092060836657,657.761943181362
vid_000042_frame0000005.jpg,19.084280642492658,0.8474062394517065,870.4559953125979,634.9617520635309
vid_000042_frame0000006.jpg,19.053770492304945,0.8347390151061095,891.0076436656464,644.6978747003627
vid_000042_frame0000007.jpg,19.006499282669928,0.8485291375247904,894.1709818948997,635.5585937978458
vid_000042_frame0000008.jpg,18.784937706918143,0.8400390134423192,883.1299683616595,645.3874077710086
vid_000042_frame0000009.jpg,18.886273064100333,0.8622615894243956,871.6113595784622,637.1781079827028
vid_000042_frame0000010.jpg,18.757630460020792,0.8376001223480037,889.450811971529,643.3743668166276
vid_000042_frame0000011.jpg,18.774563453458416,0.8564915195295385,879.7144907228039,638.6876266049418
vid_000042_frame0000012.jpg,18.759115258883387,0.8471640132344911,871.8922552973111,641.6199780775977
vid_000042_frame0000013.jpg,18.857746348864975,0.8568463700788772,871.6812717233288,628.8196774858119
vid_000042_frame0000014.jpg,18.774179370635153,0.8489010715650817,897.0819543473184,645.0342305506666
vid_000042_frame0000015.jpg,18.933366141295526,0.856071942642194,889.3269774135831,627.6365759571967
vid_000042_frame0000016.jpg,18.92011253363017,0.8453274533853573,918.4698703663294,636.4079232410021
vid_000042_frame0000017.jpg,18.82701238448651,0.8505346316357384,894.8235006375505,649.4421752664084
vid_000042_frame0000018.jpg,18.736725503265042,0.8352652549732914,893.650548911609,660.1095136509507
vid_000042_frame0000019.jpg,18.847712648926375,0.8558122125054911,855.2398738693181,629.919308170133
vid_000042_frame0000020.jpg,18.962561809938382,0.8313180474599604,883.5244682493919,653.6533960262454
vid_000042_frame0000021.jpg,18.860846583147833,0.8450541536213011,885.3379267241454,647.3515647575387
vid_000043_frame0000008.jpg,19.2973390165344,0.8002142507247035,933.5970800475751,760.6901645632779
vid_000043_frame0000009.jpg,19.13559454767421,0.8147503178810952,929.66369180622,741.2925941884761
vid_000043_frame0000010.jpg,19.26505721343957,0.7955311493845003,944.6122061471914,742.3869840812275
vid_000043_frame0000011.jpg,19.09110816297628,0.7974241808902841,940.2034585567002,759.2245990206129
vid_000043_frame0000012.jpg,19.191546956672354,0.7619757357797853,982.0900564416047,818.4040788427156
vid_000043_frame0000013.jpg,19.123900581391272,0.7756232112037699,964.6569100552528,809.1137238728087
vid_000043_frame0000014.jpg,19.108237200555905,0.8104774344572295,948.0462898512338,767.2809800029194
vid_000043_frame0000015.jpg,19.232936154729025,0.8338865877486671,932.8163865277352,724.4953348037175
vid_000043_frame0000016.jpg,19.173500419943405,0.8252006816458155,908.0411144355164,738.6128971688306
vid_000043_frame0000017.jpg,19.169479993830237,0.837603225027619,919.4638706751869,732.8042275747525
vid_000043_frame0000018.jpg,19.080222990913775,0.8298684157837823,944.0600446610041,733.9795283495038
vid_000043_frame0000019.jpg,18.701528099605312,0.8461432566118591,952.345499256166,724.3034299314797
vid_000044_frame0000011.jpg,18.528171978634255,0.7880776889849312,1104.0122198106978,624.5625862718874
vid_000044_frame0000012.jpg,18.46206824128544,0.7855971616767944,1120.0136621300408,625.9626645833721
vid_000044_frame0000013.jpg,18.47682710102209,0.7850859019657159,1090.5556430293145,629.9545539630485
vid_000044_frame0000014.jpg,18.62420598868249,0.7859534415075696,1103.3985185771194,623.2983220216028
vid_000044_frame0000015.jpg,18.579464438820274,0.7875579782302461,1106.0946792672871,627.3850827575609
vid_000044_frame0000016.jpg,18.48614774988762,0.7999033567281827,1097.0133256956594,620.3590124947299
vid_000044_frame0000017.jpg,18.481184129405737,0.8078241609478581,1085.813913942521,604.4374137082398
vid_000044_frame0000018.jpg,18.562720560260246,0.8009496873031944,1109.4606576643512,620.22565575049
vid_000044_frame0000019.jpg,18.390474800591825,0.8109012272349018,1100.0422443734521,617.9956671713725
vid_000044_frame0000020.jpg,18.316235683435814,0.8011390651291096,1080.9058478979837,607.0670577948779
vid_000044_frame0000021.jpg,18.430370102772823,0.8096966323546743,1091.0644386011986,607.7425345682266
vid_000044_frame0000022.jpg,18.427625913247148,0.8013692486308455,1088.011377941393,612.3711530588719
vid_000044_frame0000023.jpg,18.412003185297646,0.803615992573425,1092.9476725630595,617.7146956357303
vid_000044_frame0000024.jpg,18.388876514648675,0.8003183453722961,1101.5412954893,613.9910892285164
vid_000044_frame0000025.jpg,18.454414106165878,0.806141157295678,1113.189487335697,617.4701126284223
vid_000045_frame0000002.jpg,18.872587118828246,0.8472797972009717,878.5260384524273,614.4758408807795
vid_000045_frame0000003.jpg,18.787581982907426,0.847136324045456,906.7044359657366,618.0618479578259
vid_000045_frame0000004.jpg,18.76123251169363,0.8392961389785483,906.8573586663601,615.3996379496582
vid_000045_frame0000005.jpg,18.792553289142198,0.8524513055060418,913.5133265830339,617.2083922400619
vid_000045_frame0000006.jpg,18.83898206471986,0.8444610027241413,904.3054375738195,614.8279762137157
vid_000045_frame0000007.jpg,18.844232681704298,0.8466733106919703,907.4587191375679,617.6542240920674
vid_000045_frame0000008.jpg,18.679412686913373,0.8367738889901225,876.6561043578484,609.5098819138823
vid_000045_frame0000009.jpg,18.81073430720544,0.8523539962100904,880.1383013675288,612.8335859350547
vid_000045_frame0000010.jpg,18.734234627604685,0.8403228874254215,916.6471036402656,613.9235276674074
vid_000045_frame0000011.jpg,18.800757825491253,0.8494189275307892,893.4740220589822,607.1417173114114
vid_000045_frame0000012.jpg,18.792354417090838,0.8409736552265591,891.4960579554939,609.1405815014647
vid_000045_frame0000013.jpg,18.717668200079952,0.8507563702466022,881.4351712625186,601.7660666536717
vid_000045_frame0000014.jpg,18.654724653393927,0.8387295899448258,902.0859317400851,607.5869045848185
vid_000045_frame0000016.jpg,18.717748639368605,0.8463133480410564,909.59759143354,600.7966465835282
vid_000045_frame0000017.jpg,18.876850917373986,0.8552220601638328,883.5896996537393,596.7287315822415
vid_000045_frame0000018.jpg,18.77569886559586,0.8425114822023655,898.070201685668,601.554323284239
vid_000045_frame0000019.jpg,18.733912669646635,0.858370465234579,902.0786210122237,603.0272471462843
vid_000045_frame0000020.jpg,18.796194707289043,0.8437049106145326,870.2348512720833,591.5949370782021
vid_000045_frame0000033.jpg,18.909861558930167,0.8516230345036434,920.5046708804663,611.6952668308919
vid_000045_frame0000034.jpg,18.90661793373592,0.8477023823907731,912.5741512958194,617.4674270636355
vid_000045_frame0000035.jpg,18.97721339927685,0.8585984389146706,930.0205294255182,621.250336246478
vid_000045_frame0000036.jpg,19.02006969334064,0.8599467254213856,931.240045925869,617.9394057483848
vid_000045_frame0000037.jpg,19.089410378292744,0.8592744679026597,945.4876675486712,625.7803884239921
vid_000045_frame0000038.jpg,19.034557962088737,0.8600525768478603,902.1335528050713,617.4632902880886
vid_000045_frame0000039.jpg,18.936812595060854,0.8568562764378043,917.8114637005104,622.2356986350685
vid_000045_frame0000040.jpg,19.236034654204765,0.8556121674845141,944.1980364434088,657.9979835614085
vid_000045_frame0000041.jpg,19.223813165162603,0.8538925593089758,931.8627236656583,633.0064538904159
vid_000045_frame0000042.jpg,19.02784675531017,0.8537475946421171,914.1736856278278,634.5253851246042
vid_000045_frame0000043.jpg,19.09041032817329,0.8540320343479602,925.8483334584189,649.7923435064093
vid_000045_frame0000044.jpg,19.077745051072537,0.8606781956025381,935.4099109165954,639.3360179052929
vid_000045_frame0000045.jpg,19.08779956981733,0.8593755093754814,915.3248425828442,635.0772598125906
vid_000045_frame0000046.jpg,19.023705828947843,0.8613410143160225,924.3532232165927,632.594382803207
vid_000045_frame0000047.jpg,19.001553607018245,0.8639811682137809,924.935500224058,597.5424683185429
vid_000045_frame0000048.jpg,18.983938425107034,0.8583769415172595,925.1101511955212,595.4915691588268
vid_000045_frame0000049.jpg,18.901768606152633,0.8547704202007761,949.2583376194887,607.0385752680974
vid_000045_frame0000050.jpg,18.933120687775677,0.8531533814321076,933.6172541856099,620.2635632017326
vid_000045_frame0000051.jpg,18.900170466106662,0.8531718904255934,929.8379585322573,625.4129660244407
vid_000045_frame0000052.jpg,18.884086501669138,0.8455072885667793,920.9034983144843,627.1816159845223
vid_000045_frame0000053.jpg,18.94312320518678,0.8508527036918258,931.921227828479,626.2570137847936
vid_000045_frame0000054.jpg,18.986970625397078,0.8517616773832971,910.2325033162656,608.2212522530258
vid_000045_frame0000055.jpg,18.833397981607295,0.8467808836018014,950.3162658006273,625.7465761714993
vid_000045_frame0000056.jpg,19.000915857003918,0.8525385556555651,959.9151329706692,613.3488213425369
vid_000045_frame0000059.jpg,18.91986454607348,0.8519570133704771,945.6621005863451,619.9479064005793
vid_000045_frame0000060.jpg,18.87401502902304,0.8446985440933643,952.0398587056861,634.6790065191198
vid_000045_frame0000061.jpg,18.971941321804124,0.842184735842276,943.063103469813,630.3987085445924
vid_000045_frame0000062.jpg,18.93780573868973,0.8411404290710195,949.0930396050016,629.1469445601758
vid_000045_frame0000063.jpg,18.91490108949988,0.8383945592758058,939.4110681483928,632.9250539051114
vid_000045_frame0000064.jpg,18.895340782807295,0.8399020839142732,953.1307112762735,635.3311128042576
vid_000045_frame0000065.jpg,18.82824787014716,0.8381497808455034,955.6243772527657,635.9167134670884
vid_000045_frame0000066.jpg,18.918373864864513,0.8528929712069369,965.589212879248,634.2446379560889
vid_000045_frame0000067.jpg,18.7763882493216,0.8394643336734667,932.9635551878216,636.029525826862
vid_000046_frame0000001.jpg,18.585644419490063,0.8313962959868825,856.2034239823789,670.2067348794983
vid_000046_frame0000002.jpg,18.713276017249765,0.8659104980651401,852.3654822809887,659.7912851729466
vid_000046_frame0000003.jpg,18.907369757488,0.8672288686182932,859.1649520452745,656.2419120720706
vid_000046_frame0000004.jpg,18.719797140247923,0.8591693938950099,865.5603347086181,653.4015573402621
vid_000046_frame0000005.jpg,18.797698977298097,0.8672418710111951,880.7143611171568,660.1811805737088
vid_000046_frame0000006.jpg,18.64781554183635,0.8572531533760598,873.861783566499,662.0186943582532
vid_000046_frame0000007.jpg,18.699199933087154,0.8624949800836323,885.0528240160152,655.9920677627122
vid_000046_frame0000008.jpg,18.613595286250153,0.8493066993382303,898.1829603259719,654.5844820109437
vid_000046_frame0000012.jpg,18.57257848994028,0.8536018210541267,888.5056396445642,669.4269081700581
vid_000046_frame0000013.jpg,18.637032326901686,0.8634165575870177,877.1584291752522,677.4087141692388
vid_000046_frame0000014.jpg,18.670143154162826,0.8572315349029505,856.1977586367615,674.9803262494826
vid_000046_frame0000015.jpg,18.594995795759825,0.865137026779854,849.9356306427256,674.711130320577
vid_000046_frame0000016.jpg,18.67286859319789,0.8670388543933548,853.5994556564594,662.8867312527979
vid_000046_frame0000017.jpg,18.617061171515626,0.8650841432552742,841.1257670645128,649.0039022553817
vid_000047_frame0000001.jpg,18.205891206667864,0.7846330159144174,1005.174884701614,769.7203786318532
vid_000047_frame0000002.jpg,18.233219579697476,0.815615416974388,993.6920831029104,754.2429439161713
vid_000047_frame0000003.jpg,18.383520762015593,0.8172456782181321,998.2878207023766,757.7080095864065
vid_000047_frame0000004.jpg,18.281374330342107,0.8043369524281841,982.8745969984392,768.9779654203852
vid_000047_frame0000005.jpg,18.353129897050167,0.8141618661192697,988.870756988836,759.805270984815
vid_000047_frame0000006.jpg,18.444449404440853,0.8166944451941095,986.604228797042,750.9470493956081
vid_000047_frame0000007.jpg,18.455056397624407,0.8236817500693115,961.8935404522356,730.5085956830229
vid_000047_frame0000008.jpg,18.378614598500334,0.8120457131257321,996.6128356782506,750.1416413830848
vid_000047_frame0000009.jpg,18.199285842839068,0.8274355798131451,975.6515041924658,740.4709325620586
vid_000047_frame0000010.jpg,18.340798785301743,0.815850156606358,997.9520930900532,746.5541399562987
vid_000047_frame0000011.jpg,18.315385896344335,0.8236086607654193,994.0118245574713,756.1329238177506
vid_000047_frame0000012.jpg,18.232740249495187,0.8136887867892776,975.2837642676797,739.6058317338236
vid_000047_frame0000013.jpg,18.349766509143688,0.8271692104889609,992.4989608225267,747.4083644149064
vid_000047_frame0000014.jpg,18.382960699695577,0.8168423782020704,999.6319813921815,746.7923402996432
vid_000047_frame0000015.jpg,18.350192503106552,0.8237127338446896,1010.6766445356529,754.9491180790903
vid_000047_frame0000016.jpg,18.374999087471295,0.819412162910847,984.3103692642601,757.6052184703823
vid_000047_frame0000017.jpg,18.346275955122348,0.8232178889743905,1001.3578431998116,742.9382148010478
vid_000047_frame0000018.jpg,18.300541649762025,0.817227065761232,1007.2534450311256,755.2443347043993
vid_000047_frame0000019.jpg,18.259163546940105,0.8303840226762494,1002.8296935977327,745.455161291254
vid_000047_frame0000020.jpg,18.23441197064449,0.8131070468253379,1022.936128525158,752.1167198615589
vid_000047_frame0000021.jpg,18.25633757071229,0.8215943356823631,991.8781013534215,745.7139672995314
vid_000047_frame0000022.jpg,18.2641606310218,0.8164193421275009,975.5933694839789,738.984438154018
vid_000047_frame0000023.jpg,18.192830669920376,0.8252347594300375,950.3762529900013,737.489385325878
vid_000047_frame0000024.jpg,18.425843962303304,0.8171238303442908,969.0443629815275,749.6948427669388
vid_000047_frame0000025.jpg,18.226947528270134,0.827251356528509,966.7951338217174,746.3326897234905
vid_000048_frame0000001.jpg,18.310739614798155,0.8187971750496033,977.6844734874467,714.061385918572
vid_000048_frame0000002.jpg,18.347392211561598,0.8437646505081541,969.2588331364955,711.001389400662
vid_000048_frame0000003.jpg,18.406858994671186,0.8500850322868096,975.1964727078679,710.7311985127226
vid_000048_frame0000004.jpg,18.376818677971833,0.8477023500921304,957.3759003986844,699.053500666093
vid_000048_frame0000005.jpg,18.41153410979898,0.8548388178716374,964.3801090534938,710.3378394957687
vid_000048_frame0000006.jpg,18.281806713710232,0.8455173528809169,945.453124967047,701.0578392923194
vid_000048_frame0000007.jpg,18.4380184241442,0.8493870757050619,970.0064247806696,718.046833325362
vid_000048_frame0000008.jpg,18.35236519355942,0.8390194472529952,981.589448265094,716.8840579960748
vid_000048_frame0000009.jpg,18.40469524701983,0.8438608742757893,966.504814250842,709.182100354763
vid_000048_frame0000010.jpg,18.280413394852076,0.842682076356356,994.7407539760186,712.8789352359181
vid_000048_frame0000011.jpg,18.398427805887735,0.8498235162580912,1002.0385640754034,724.7626273670828
vid_000048_frame0000012.jpg,18.29647359921009,0.842579709273076,1011.7021612386993,729.3855465891587
vid_000048_frame0000013.jpg,18.320630141766472,0.848022480776515,963.4950636695869,714.6063423877401
vid_000048_frame0000014.jpg,18.26224179450701,0.8444855673313186,982.2082000769137,714.039779034237
vid_000048_frame0000015.jpg,18.22044207433509,0.8490370548504399,959.442052278758,700.1072379875234
vid_000048_frame0000016.jpg,18.341465810322298,0.8505704441973951,936.4641255203668,697.835101947548
vid_000048_frame0000017.jpg,18.374831797022456,0.8513245528923411,992.1337909186882,725.2824715441662
vid_000048_frame0000018.jpg,18.39465508646493,0.840407267715897,1001.2642756227988,725.9297127211222
vid_000048_frame0000019.jpg,18.39568427211319,0.846147558818411,1008.8142506111969,721.5190601525167
vid_000048_frame0000020.jpg,18.31475676424698,0.8408135809950631,1000.0364609795472,714.9885959090558
vid_000048_frame0000021.jpg,18.324553800031065,0.8479029085626711,980.1724016784733,728.4176922385612
vid_000048_frame0000022.jpg,18.212965862195773,0.8385723232927401,982.1523733009792,745.9343971574599
vid_000048_frame0000023.jpg,18.35330959234169,0.845461099268482,964.1300857505314,718.6843518771284
vid_000048_frame0000024.jpg,18.332413896716826,0.8412223719419437,980.3671940462696,706.8835501772044
vid_000048_frame0000025.jpg,18.423017813725277,0.8479757541653802,997.767525621866,720.1908651646592
vid_000048_frame0000026.jpg,18.42555735433474,0.854357131166953,971.2448944256155,722.5235991306378
vid_000048_frame0000027.jpg,18.495814538420262,0.8590053454140817,949.5763073032356,725.1868421471002
vid_000048_frame0000028.jpg,18.406158738481164,0.8559628367611204,937.2049645299256,713.6004738510242
vid_000048_frame0000029.jpg,18.388021734877086,0.8606124987769189,936.6969611709931,707.6579600474874
vid_000049_frame0000007.jpg,17.941027603193568,0.8176660459742503,1017.6235921426309,687.068938752747
vid_000049_frame0000008.jpg,18.070046075462198,0.8036113493675852,1011.0529628674215,683.4061465479374
vid_000049_frame0000009.jpg,18.433151235133536,0.8257830049636311,1016.9643660470662,795.1146160690947
vid_000049_frame0000010.jpg,18.05155470451224,0.8147094588659899,1033.6731405665078,703.1052583266263
vid_000049_frame0000011.jpg,17.81641832874272,0.8139159060596532,1089.951155705739,707.4308654438256
vid_000049_frame0000012.jpg,17.899667580324927,0.8129403834716514,1075.2995446773211,699.1394739044395
vid_000049_frame0000013.jpg,18.2177633039479,0.8279942120189855,983.3681818229752,723.4915262649738
vid_000049_frame0000015.jpg,17.650826509171353,0.8049364857844085,1110.439382205329,714.479315855553
vid_000049_frame0000016.jpg,17.738011334886192,0.8055283001836151,1086.2525485042274,705.5083580020583
vid_000049_frame0000017.jpg,17.5332059084325,0.7955621520204796,1091.2164300362433,718.0380874665365
vid_000049_frame0000018.jpg,17.793061362403936,0.7872581822074339,1110.0105647025694,715.6553850916722
vid_000050_frame0000004.jpg,18.085205637267784,0.807110484853062,1072.1811891389518,867.998108118605
vid_000050_frame0000005.jpg,18.137783136744623,0.8192887801670717,1041.838911963585,863.3281349107732
vid_000050_frame0000007.jpg,17.928810688530326,0.830489639975395,985.6970070520654,829.4720935899032
vid_000050_frame0000008.jpg,17.999705145190475,0.8361253172201603,997.9647791437069,774.3293693142455
vid_000050_frame0000009.jpg,17.875218334312972,0.790532326449311,1005.2043142758578,837.5891169989096
vid_000050_frame0000010.jpg,17.872486211129814,0.7737989373216201,1024.3763338086164,884.8690848651877
vid_000050_frame0000011.jpg,17.801015241775083,0.7834137133691592,996.3729445360882,854.8537561359052
vid_000050_frame0000012.jpg,17.493284658665296,0.7375634379259979,1017.3650596589924,918.7150862582073
vid_000050_frame0000013.jpg,17.23597202867485,0.7114433561642654,1016.9920957749538,1025.7491118749988
vid_000050_frame0000014.jpg,17.035538436540026,0.6912852888900796,1019.8682714548311,985.8572810343683
vid_000050_frame0000015.jpg,16.76474671223225,0.6859955400832503,1045.6663788937806,1003.9362531738427
vid_000050_frame0000016.jpg,16.823841754229974,0.6926256488004995,1022.1973837707724,1011.8623856908923
vid_000050_frame0000017.jpg,16.778346988918067,0.681458099826631,1040.5657649770849,1042.6074403867865
vid_000050_frame0000018.jpg,16.927844796101862,0.6972061071567452,1008.3731646474721,941.4275495596232
vid_000050_frame0000019.jpg,17.047593754965845,0.7174209987377634,1013.2672956900559,859.8483605508454
vid_000050_frame0000020.jpg,17.27353250192814,0.6977323079137806,1046.2830463310459,906.7422033943125
vid_000050_frame0000021.jpg,17.298045934540866,0.709012182555881,1073.3250977687644,879.6369659802015
vid_000050_frame0000022.jpg,17.22449248999683,0.6967268831868809,1072.472932895929,907.7369441082689
vid_000050_frame0000023.jpg,17.293397572386493,0.7140580723673873,1081.679896326267,836.0291449732299
vid_000050_frame0000024.jpg,17.381425617310196,0.7185414240399238,1090.353296141342,844.3803361840838
vid_000051_frame0000016.jpg,17.298350167416746,0.7677069718300892,955.9048520960852,674.3997604608292
vid_000052_frame0000021.jpg,17.70335617038191,0.7469516155574957,881.5355664677536,846.5146554031677
vid_000052_frame0000022.jpg,17.557663544592696,0.7290745166569296,877.1208768427546,898.0969454338415
vid_000052_frame0000023.jpg,17.634365044832244,0.7464393411090572,868.9659302805456,830.4177096024208
vid_000052_frame0000025.jpg,17.96774798677526,0.7403416807102273,889.4346292298764,910.1313434109845
vid_000052_frame0000027.jpg,17.824740732496387,0.7242759877945483,882.3655746205513,910.665438988079
vid_000052_frame0000029.jpg,17.799062942851524,0.7556570509918844,884.6363967312047,835.310094961941
vid_000052_frame0000031.jpg,17.76226436544915,0.754513925838508,882.2986932307896,861.93790885973
vid_000052_frame0000033.jpg,17.70324197324896,0.7214528610957188,922.829449894223,944.6869422759382
vid_000052_frame0000035.jpg,17.926559417564427,0.7527152827457194,898.2166245770088,861.3949931805819
vid_000052_frame0000037.jpg,17.669588559220802,0.7360146141852959,886.4284414727141,964.1385467452413
vid_000052_frame0000039.jpg,17.630753772632875,0.7565355715929454,922.525278983695,937.5099995161883
vid_000052_frame0000041.jpg,17.59183038919651,0.719991322619916,926.8144429162088,1041.0641412070545
vid_000052_frame0000043.jpg,17.651754317166677,0.7176568723934139,903.1766061425519,1021.1966969876086
vid_000052_frame0000045.jpg,17.47096839395448,0.7434759948876821,970.89806324372,952.2227991741239
vid_000052_frame0000047.jpg,17.310594438351117,0.7344767607639353,948.6783642354577,1011.2296306341802
vid_000052_frame0000049.jpg,17.32419883396683,0.7404689975257627,910.6916897568226,973.8742369285733
vid_000052_frame0000051.jpg,16.949385941752396,0.7058460600162769,930.7515566096109,1013.3077962986436
vid_000052_frame0000052.jpg,16.58242979173799,0.6940188488913498,961.8391705240297,1093.8371471918945
vid_000052_frame0000054.jpg,16.526901643273362,0.6906544428120472,983.5736072864032,1214.276149793439
vid_000052_frame0000056.jpg,16.599584785286027,0.699743344174531,1058.7383512090166,1276.7096240659446
vid_000052_frame0000058.jpg,16.519475734901818,0.6651894947848104,1031.853276825156,1367.8028665136217
vid_000052_frame0000060.jpg,15.979630377990484,0.6447493975222142,1193.651534261733,1487.5854109270742
vid_000052_frame0000062.jpg,16.056474916645907,0.6353339782080449,1185.8074793451058,1593.60257854009
vid_000052_frame0000064.jpg,16.152736384811337,0.6233471168571293,1149.8943142161702,1624.215994390894
vid_000052_frame0000066.jpg,16.35267648129458,0.6598078610688511,1045.044348908631,1386.9901968029071
vid_000052_frame0000068.jpg,16.20331572810021,0.6319582246794363,1153.8781034268297,1603.3527389198082
vid_000052_frame0000070.jpg,15.962143175347448,0.6507492783099209,1284.5408308732535,1550.955802415032
vid_000052_frame0000072.jpg,16.201039974740002,0.6460992841045009,1266.8267594779843,1551.814914857088
vid_000052_frame0000074.jpg,16.50336464322335,0.6220796147702505,1266.7070685958734,1688.878065499478
vid_000052_frame0000076.jpg,16.901721640438865,0.644662181479922,1129.5676978560891,1484.9512654153511
vid_000052_frame0000078.jpg,16.63054056500021,0.599354983075275,1303.8901299665747,1805.6616721470723
vid_000052_frame0000080.jpg,16.828255160672096,0.6065947909048877,1296.0558653410217,1845.1228455189384
vid_000052_frame0000082.jpg,16.28342586722977,0.6280103786873393,1393.5201985493682,1671.6090270644404
vid_000052_frame0000084.jpg,16.78980883580223,0.6235689738475856,1401.2371366539555,1797.4293026942555
vid_000052_frame0000086.jpg,16.939974256791867,0.6345822990724558,1389.0532888708708,1607.5728460000873
vid_000052_frame0000087.jpg,16.655492685647207,0.6023577787891069,1491.3509357966325,1927.4539206115005
vid_000052_frame0000089.jpg,16.551845971055233,0.5901350756857924,1540.3878606975115,1988.7183710952347
vid_000052_frame0000091.jpg,16.564271419849565,0.591154061756587,1560.1371312691765,2083.3916104610335
vid_000053_frame0000001.jpg,15.91538371010932,0.6367697451012879,1285.2692157465717,1978.8453854794716
vid_000053_frame0000002.jpg,15.901536131898178,0.6379044302975122,1281.4817119792795,1979.8511692216236
vid_000053_frame0000003.jpg,15.808056241419525,0.639208905502547,1293.326064232726,1979.5818376282054
vid_000053_frame0000004.jpg,15.853794518745508,0.6299804028605244,1325.391176808753,2039.7424711988388
vid_000053_frame0000005.jpg,15.899614480612223,0.6330876036157517,1306.7527448850765,2033.5902402479792
vid_000053_frame0000012.jpg,15.902548127624758,0.6303161019130713,1290.2383290007187,2038.4919637398211
vid_000053_frame0000013.jpg,15.929585284077113,0.6403886272947489,1269.3109830112066,1965.5219073621904
vid_000053_frame0000014.jpg,15.864367916140282,0.6308326455231582,1307.6374004195648,2028.7505705362814
vid_000053_frame0000015.jpg,15.868905470852297,0.6314605336936582,1267.806415796488,2013.6925098977206
vid_000053_frame0000016.jpg,15.854900895934108,0.6369744300562568,1261.9796876333685,1951.023166699258
vid_000053_frame0000017.jpg,15.854005577499224,0.6350743776030713,1280.6474787389043,1997.343350487778
vid_000053_frame0000018.jpg,15.845241012712478,0.6295940028842636,1306.2937500037613,2029.8722293800517
vid_000053_frame0000035.jpg,15.833216818610634,0.632768177123629,1274.4860452228609,2021.291516757863
vid_000053_frame0000040.jpg,15.800987215818553,0.6367117599461941,1278.5373015011755,1996.7404999579358
vid_000054_frame0000001.jpg,16.628118036878913,0.6576207122975796,1200.5609828195193,1766.3297754707119
vid_000054_frame0000002.jpg,16.628118021073004,0.6618710621058537,1194.569780694285,1751.3435864053183
vid_000054_frame0000003.jpg,16.652520437806572,0.6691885719359144,1184.94966372734,1738.8165684275918
vid_000054_frame0000004.jpg,16.619486895737793,0.6631315528518936,1172.8056520490732,1765.345138737901
vid_000054_frame0000005.jpg,16.66700047787065,0.6691561983107971,1167.8112215313236,1731.5432678177579
vid_000054_frame0000006.jpg,16.771158781049223,0.6757698794770239,1158.2761764566005,1703.2873043004638
vid_000054_frame0000008.jpg,17.64706761384862,0.7199436763410616,961.4306871192226,1281.4110139092068
vid_000054_frame0000015.jpg,17.174417624693138,0.708933105577627,1075.0128125215028,1350.458608975849
vid_000054_frame0000018.jpg,16.837302620437228,0.6953811531400428,1119.9553891867772,1413.6331610836662
vid_000054_frame0000020.jpg,16.910385606799498,0.6970238510533472,1071.5182953129518,1374.4212648226362
vid_000054_frame0000024.jpg,16.59171941709736,0.683774266331867,1078.1447005169193,1410.8174780558318
vid_000054_frame0000035.jpg,17.158004106076604,0.7018302968041309,1027.674877911665,1272.23250483007
vid_000054_frame0000036.jpg,17.266398271256943,0.7118646424903741,1012.8742505087322,1249.965163522841
vid_000054_frame0000041.jpg,16.516863029782115,0.6604089222608875,1204.3337268062212,1670.9893340116455
vid_000055_frame0000001.jpg,15.455552599079255,0.6689779899866739,1248.0950205630788,1488.5235430180073
vid_000055_frame0000005.jpg,16.23554649349628,0.6932320036984713,1101.7433626333643,1373.4528050989425
vid_000055_frame0000015.jpg,15.430958898535883,0.6370814174177538,1295.2943941419014,1664.9900237912875
vid_000055_frame0000020.jpg,15.56454822746312,0.6603280691885602,1180.1738598417664,1555.4024231510618
vid_000055_frame0000025.jpg,15.496337034257468,0.65735168219916,1476.673581187093,1574.5236195518316
vid_000055_frame0000030.jpg,15.653352850111272,0.6603221640237044,1468.892255294989,1587.24024543673
vid_000055_frame0000045.jpg,15.790972100995697,0.6728643422260568,1397.5484201168067,1555.0242291808818
vid_000055_frame0000049.jpg,15.782694882344837,0.6717379038824948,1390.0111291446847,1494.5344201738144
vid_000055_frame0000055.jpg,15.672264776143106,0.6590172612457427,1437.1617088418668,1493.1455376320287
vid_000055_frame0000060.jpg,15.641193431807123,0.6640025386562202,1445.7180419994577,1538.4000392480878
vid_000055_frame0000070.jpg,15.818495175090828,0.6671785809805543,1416.461991592703,1499.9952127327733
vid_000055_frame0000075.jpg,15.851767553238803,0.6647197762000011,1482.209356520535,1524.8156017245597
vid_000055_frame0000080.jpg,15.797232305653806,0.6620656555118388,1482.554821969586,1572.5140128205612
vid_000055_frame0000095.jpg,15.761702712101112,0.6600011065689618,1451.5723102752925,1563.5757223570713
vid_000055_frame0000175.jpg,15.53313716105377,0.6323439777869345,1514.9493909089038,1557.1136024243174
vid_000055_frame0000245.jpg,15.114086399917937,0.6420026736416314,1414.495862763459,1491.4963930575746
vid_000063_frame0000001.jpg,16.872090405795827,0.6648510877775325,1210.8260622261662,1755.0668502415358
vid_000063_frame0000002.jpg,16.902926276312446,0.6724855472423185,1184.1689241820245,1725.8968685798172
vid_000063_frame0000003.jpg,17.696169418090616,0.7069001877299822,1049.7470851152173,1514.27693490236
vid_000063_frame0000005.jpg,17.359896463298668,0.6858191292040702,1175.3279640450846,1744.0040487530805
vid_000063_frame0000010.jpg,16.866345411042985,0.6718745947841492,1138.777178837189,1820.4803381782929
vid_000063_frame0000015.jpg,16.978684280472823,0.6779068490883011,1038.9100887512134,1654.4747087013811
vid_000063_frame0000021.jpg,17.322830936719967,0.7014747744882873,1125.5197927995773,1591.610398638641
vid_000063_frame0000026.jpg,17.396254668947535,0.6935694830275199,1042.9826423587567,1569.1547607562202
vid_000063_frame0000030.jpg,17.131303706379622,0.679593322465343,1163.3395561695438,1668.845143667674
vid_000063_frame0000040.jpg,17.236470165513968,0.6800830225269444,1064.7786910657505,1648.167404334391
vid_000063_frame0000044.jpg,16.860743293132355,0.6570880566645158,1078.6868889465006,1747.4524256173956
vid_000067_frame0000013.jpg,18.22226685808581,0.852270458579735,920.0971716335868,842.5906247067181
vid_000067_frame0000015.jpg,18.76080551761488,0.857148701003986,862.4239810421683,866.7132189394288
vid_000068_frame0000001.jpg,17.723368179213676,0.7966051304001489,919.1366650622188,875.3030960363885
vid_000068_frame0000002.jpg,17.852843873031546,0.8293612910396072,910.1256064169693,862.9029021681332
vid_000068_frame0000015.jpg,17.906287961141615,0.8406657279164665,979.3534388689153,846.0980874701461
vid_000068_frame0000016.jpg,17.832072493904032,0.8342570624266693,964.5937506935996,856.8946897833872
vid_000069_frame0000001.jpg,17.471617914698683,0.6819159502662879,874.5783009286739,1029.9365892597625
vid_000069_frame0000002.jpg,17.564306278107086,0.7032156948843064,852.882716105456,967.5948038659138
vid_000069_frame0000003.jpg,17.438057599858364,0.6953362972452298,884.0888887847166,1036.0618664475644
vid_000069_frame0000004.jpg,17.375462687771016,0.6918938457774341,909.0548743797489,1064.7349062998057
vid_000069_frame0000005.jpg,17.542822114168093,0.6997411321551308,880.866811629892,1020.0720915716934
vid_000069_frame0000006.jpg,17.715479071278658,0.7141381635689271,871.0346230861712,946.2424123068096
vid_000069_frame0000007.jpg,17.533272451630104,0.7012367313845717,854.5013762948379,988.8167318964219
vid_000069_frame0000008.jpg,17.455536087170653,0.6943582050068651,877.673606739823,1012.637255535365
vid_000069_frame0000009.jpg,17.46694623362708,0.6969396192541085,869.5748655726392,1009.2561258495989
vid_000069_frame0000010.jpg,17.3080547347508,0.6804357515476599,906.0623371193361,1059.0062255524579
vid_000069_frame0000020.jpg,16.779035361414998,0.6520024148211424,928.0234173287034,1173.2777715037812
vid_000069_frame0000030.jpg,16.41008696513117,0.6352461646844566,961.7758588090123,1241.1864070925285
vid_000069_frame0000050.jpg,16.5694919278372,0.6417335495022917,940.2930891201099,1169.9652446462671
vid_000069_frame0000060.jpg,16.451289705923863,0.6379087932888144,946.4688938597184,1196.9470005829849
vid_000069_frame0000070.jpg,16.469946815632,0.6426954563475321,968.3840495931302,1211.8341734835008
vid_000070_frame0000004.jpg,18.57156194821097,0.7869735192817942,488.341075697168,529.1715935160121
vid_000070_frame0000005.jpg,18.704683527061054,0.8166325088846227,470.2215948729869,482.67519252098697
vid_000070_frame0000006.jpg,18.612302971853268,0.7872565226861928,488.08487517852706,547.1739981132774
vid_000070_frame0000007.jpg,18.734108857730604,0.8095979221407061,475.2490266781941,513.9969156738699
vid_000070_frame0000008.jpg,18.567571590625203,0.777733720749953,481.65079186593186,559.8007097215292
vid_000070_frame0000009.jpg,18.648058625652116,0.8076871252674094,455.45580683698745,488.23210285956657
vid_000070_frame0000010.jpg,18.404367204161108,0.7642555552770087,472.9702749439193,573.3121936683242
vid_000070_frame0000011.jpg,18.48589563329025,0.7884676653028294,446.1085090254504,524.9239410157624
vid_000072_frame0000001.jpg,20.119847202754997,0.7184132807345393,759.4252693874819,1039.7556860929185
vid_000072_frame0000004.jpg,19.888576256192884,0.7458070723017435,786.0553358916487,1069.4026811639726
vid_000072_frame0000008.jpg,19.932319210855454,0.7462602726344093,803.5664110912383,1107.050512397974
vid_000072_frame0000012.jpg,20.138664547755802,0.7995171430477166,766.0503820020338,933.9832152554422
vid_000072_frame0000020.jpg,20.65530475014703,0.8024680296951269,741.4784884317347,927.5155418198974
vid_000072_frame0000024.jpg,20.68576118537509,0.8023171069163103,732.6174296880804,910.8875998834512
vid_000072_frame0000028.jpg,20.4296612430452,0.8031988937744484,732.553560380228,900.0839713731419
vid_000072_frame0000032.jpg,20.54293356363415,0.8129481749952893,748.9937026959668,899.7372830776796
vid_000072_frame0000036.jpg,20.14622807945996,0.8219406825622148,748.2152540111292,904.5966902718915
vid_000072_frame0000040.jpg,20.062447122569118,0.7654299017865921,752.9135950629092,1058.670527533817
vid_000072_frame0000044.jpg,19.284087946990113,0.7287228655825316,942.1344032043768,1309.0476901603713
vid_000073_frame0000001.jpg,18.819683432396403,0.7841027889739629,903.9490856988879,816.1420861540449
vid_000073_frame0000007.jpg,18.240211971388838,0.8161091268605136,851.6845912810626,742.3679802152216
vid_000073_frame0000008.jpg,18.29238724669353,0.8147261397122808,821.6913457357957,772.8616098653936
vid_000073_frame0000010.jpg,18.61708812005951,0.8232072500880868,771.9577143684965,750.7822206752705
vid_000073_frame0000011.jpg,18.369658864756506,0.8017011388744906,856.0079825077851,742.0875535850624
vid_000073_frame0000012.jpg,18.36814754585832,0.8251154309054148,865.0429404401876,735.898912888206
vid_000073_frame0000014.jpg,18.336830128476265,0.8342467995364276,860.5963648672564,714.4990706041434
vid_000073_frame0000021.jpg,18.458743347058352,0.834619112318136,861.7665614866112,676.9045598177242
vid_000073_frame0000030.jpg,18.76823840145893,0.8288227932640991,791.6758463708169,727.4302522376765
vid_000073_frame0000035.jpg,18.79002662108113,0.839685949329357,812.0479126747832,728.6328244525077
vid_000073_frame0000042.jpg,18.837523405781734,0.7956214456757702,818.9040050270228,801.1001948298101
vid_000073_frame0000049.jpg,18.390184801859185,0.795029262547021,787.9563381418501,774.9674779397899
vid_000073_frame0000051.jpg,18.422912903406377,0.7876024351804635,813.1557558933198,832.8778976098507
vid_000073_frame0000052.jpg,18.443623880148156,0.7792710122302497,808.8622411669494,841.7818839346543
vid_000073_frame0000053.jpg,18.371992198362022,0.7864269005862967,808.435640450163,825.5438604859332
vid_000073_frame0000055.jpg,18.812143550663937,0.7772399662905977,790.7754576610616,853.6872023062863
vid_000073_frame0000056.jpg,18.85696809094839,0.7986222407412745,753.3570450801077,792.7963947844248
vid_000073_frame0000063.jpg,19.16624264257252,0.8136254764361426,804.2674758597226,705.1010076069311
vid_000074_frame0000001.jpg,18.04630403990213,0.767797983526636,1386.2139457168425,1106.065001836533
vid_000074_frame0000006.jpg,17.98848542653512,0.7859336899175363,1298.1815418821711,1105.0411607838398
vid_000074_frame0000012.jpg,17.85792602234453,0.7820905986940486,1320.8756666889803,1106.7416739661376
vid_000074_frame0000016.jpg,17.67374097960438,0.7833488279024111,1342.9736987967885,1143.8999721040766
vid_000074_frame0000020.jpg,17.661184418561596,0.7811438788718439,1339.4281305131708,1150.4900906780576
vid_000074_frame0000021.jpg,17.7409918604341,0.7848618177841425,1324.1179924594646,1140.916701580182
vid_000074_frame0000022.jpg,17.80339222526946,0.7846138888149112,1313.8622970853924,1125.509221976569
vid_000074_frame0000023.jpg,17.809111265336618,0.7873785676244814,1325.7509637488754,1134.4954012510843
vid_000074_frame0000024.jpg,17.658610210727673,0.7789657863861098,1338.8792581294465,1135.3653083508443
vid_000074_frame0000025.jpg,17.74113005083334,0.7858356748487424,1312.7301334810793,1127.0402449790115
vid_000074_frame0000026.jpg,17.778969273800993,0.7863216891156788,1300.8236760163784,1127.5199264175785
vid_000074_frame0000027.jpg,17.652753864506035,0.7810609028702746,1335.54795381843,1136.4905042820442
vid_000074_frame0000028.jpg,17.670783529468924,0.778128262597633,1303.7554002287986,1127.8128538972048
vid_000074_frame0000029.jpg,17.636077050743665,0.7826933445169998,1299.622804730608,1116.9367516715024
vid_000074_frame0000030.jpg,17.503011405758592,0.7708433690396168,1314.7695005646171,1151.148704333824
vid_000074_frame0000031.jpg,17.515969614140786,0.778645235310624,1270.121139771435,1141.5942351057656
vid_000074_frame0000032.jpg,17.54498959836686,0.7797405580578727,1281.5192280535462,1133.831205316468
vid_000074_frame0000033.jpg,17.499777315985288,0.7839412741098578,1272.1586357215804,1123.7135195442538
vid_000074_frame0000034.jpg,17.456433623634993,0.7773830081869987,1297.476898976076,1117.7012046887494
vid_000074_frame0000035.jpg,17.51659045803811,0.7809475705704707,1275.1499311678872,1105.740273128404
vid_000074_frame0000036.jpg,17.513739849779213,0.7811877169190026,1266.3825076464202,1086.226989307302
vid_000074_frame0000037.jpg,17.70425235920888,0.7865738065078203,1266.358444990917,1111.7978395749365
vid_000074_frame0000038.jpg,17.622006439418207,0.7829292787278112,1299.972218636331,1135.8122751584992
vid_000074_frame0000039.jpg,17.730130156274573,0.7829318691837757,1287.4592549134354,1102.9216460644768
vid_000074_frame0000040.jpg,17.56958010161345,0.7791660494686602,1324.7391075040673,1115.7138770506979
vid_000074_frame0000041.jpg,17.624985300438407,0.7816228906932293,1338.8997235523668,1111.3036685517754
vid_000074_frame0000042.jpg,17.678004445469995,0.7779497304566214,1317.2904093298819,1091.7540758700582
vid_000074_frame0000043.jpg,17.77808381742162,0.7798702196659093,1326.9849912833604,1079.835629497826
vid_000074_frame0000044.jpg,17.67776278118247,0.7778031914444145,1343.5547250117463,1098.9850479049749
vid_000074_frame0000045.jpg,17.792111820672357,0.7816658988075668,1338.6875367833982,1078.5751293576614
vid_000074_frame0000046.jpg,17.672422035780404,0.7740598587028824,1201.0467767507155,1044.2215236121988
vid_000074_frame0000047.jpg,17.236968259480577,0.7323047257188134,1364.2303396044974,1214.7231011807628
vid_000074_frame0000048.jpg,17.310609771185014,0.7364701006966903,1365.0941665891821,1304.6064688288227
vid_000074_frame0000049.jpg,17.582879948515014,0.7503690059801906,1322.641819409519,1329.9648424113325
vid_000074_frame0000050.jpg,17.24422397526523,0.7296514265178878,1467.50818758898,1289.6022591873855
vid_000074_frame0000051.jpg,17.148446216548837,0.702805378607701,1491.4205050873761,1404.8197124939454
vid_000074_frame0000052.jpg,17.03160030684112,0.697507666919937,1469.9642557436716,1435.1553741574492
vid_000074_frame0000053.jpg,17.01713215968053,0.7093621629353999,1375.06828799419,1422.196025155235
vid_000075_frame0000001.jpg,18.650576203174825,0.7803830602555464,942.3944849309149,751.1066661124132
vid_000075_frame0000002.jpg,18.733534282440175,0.8286365258153204,930.737909320522,715.251937572936
vid_000075_frame0000003.jpg,18.779436749425475,0.8388256068953357,915.3167986805859,691.9693953767846
vid_000075_frame0000037.jpg,18.355694386310383,0.848509171915805,902.151568432803,712.7473527859742
vid_000075_frame0000038.jpg,18.456177409807847,0.8512224424314393,923.2575226656305,732.9588265832215
vid_000075_frame0000040.jpg,18.457134000680472,0.8507794413351336,905.8087709169848,728.1638124880484
vid_000075_frame0000041.jpg,18.60827614429939,0.8615098847479165,881.7103688196889,724.4630992570341
vid_000075_frame0000042.jpg,18.573906635180563,0.8577249311594345,862.4682547225248,716.8847518121169
vid_000075_frame0000043.jpg,18.575372525097585,0.8444339775060187,862.9920172958014,737.6828543258583
vid_000075_frame0000044.jpg,18.433008669420964,0.8229438658529574,892.5347850264383,776.4181997129701
vid_000075_frame0000045.jpg,18.349546232847715,0.8192181029228219,881.278622171007,784.5270570564513
vid_000075_frame0000046.jpg,18.38797026334169,0.8316303699512418,866.621474538847,780.2010639077196
vid_000075_frame0000047.jpg,18.390684082233484,0.8231711839267031,892.4246031945031,797.0167849122829
vid_000075_frame0000048.jpg,18.82280543946923,0.8366771789342925,838.0227954358124,747.3058288045041
vid_000075_frame0000049.jpg,18.552868780541097,0.8098784786398728,823.0689758446215,776.5438222070203
vid_000075_frame0000050.jpg,18.418816907114362,0.7992159154537054,830.2441961165423,792.4124363499909
vid_000075_frame0000051.jpg,18.449335493484412,0.7955133483172876,836.4005418337827,802.0870889541549
vid_000075_frame0000052.jpg,18.158169742716755,0.7847782205223935,823.5255793694568,820.1524682556795
vid_000075_frame0000053.jpg,18.144298887185123,0.7847495684870157,808.8734547725559,840.1624632345092
vid_000075_frame0000054.jpg,17.899791244732622,0.7927228693746997,840.7593126435953,880.3270140115515
vid_000075_frame0000055.jpg,17.822455833522305,0.7955908410482534,846.9835935453206,884.4515683792904
vid_000075_frame0000056.jpg,17.83546572384504,0.7974495622904253,844.2096015600521,853.8098656299892
vid_000075_frame0000057.jpg,17.72309063255885,0.7820522486901873,864.5082970683079,899.4982291387352
vid_000075_frame0000058.jpg,17.793050025619436,0.7743641816694161,833.7547964282817,896.2846582157919
vid_000075_frame0000059.jpg,17.751839973525463,0.7875139937387461,815.87244320425,857.898286286447
vid_000075_frame0000060.jpg,17.720813674672307,0.7845494738737145,844.6605543679201,861.2672837867262
vid_000075_frame0000061.jpg,17.872667720307575,0.796777492002267,842.3325734482298,847.6708059667078
vid_000075_frame0000062.jpg,17.77665392208356,0.7692035871216113,872.2994387341075,907.5189993024031
vid_000075_frame0000063.jpg,17.69145605743326,0.7617687518429225,890.522996685314,925.0900624597422
vid_000075_frame0000070.jpg,17.82823933713503,0.7762690597683638,883.1020308067533,917.5761575697845
vid_000075_frame0000075.jpg,18.005632955926448,0.7923456637372355,902.5472982413667,841.613989877754
vid_000075_frame0000080.jpg,17.72012182439606,0.7988547561729913,885.3745843718289,756.5579545012597
vid_000075_frame0000085.jpg,17.743694881683975,0.7955099960192419,895.0267385019489,779.7363938810179
vid_000075_frame0000090.jpg,17.287326838567367,0.7501735753040756,860.8452820331557,868.0004820179288
vid_000075_frame0000095.jpg,17.54807351121726,0.7739354180077408,886.7720905820446,880.1169362836259
vid_000075_frame0000100.jpg,17.80762627295692,0.8119273708936715,885.2214227293729,781.9234188876258
vid_000075_frame0000105.jpg,17.958478630883793,0.8222229353399929,857.0700523520161,763.6278638977578
vid_000075_frame0000110.jpg,18.46491441172825,0.804248716423228,1038.52046319099,934.9996825408098
vid_000075_frame0000115.jpg,18.533523990510314,0.8034471884439345,1055.9165131119187,708.4018197135644
vid_000075_frame0000147.jpg,18.01394207140221,0.8509655027599458,843.1763496219335,683.6159579635975
vid_000075_frame0000150.jpg,17.90955554010992,0.842198422372999,883.7175283670549,691.6043805660346
vid_000075_frame0000157.jpg,17.96983966677948,0.8084247964164205,1096.7234305962586,1032.5393996461248
vid_000075_frame0000160.jpg,17.724770583743222,0.7774561017419704,1164.6794112314674,1025.8166665833098
vid_000075_frame0000165.jpg,17.64366052799592,0.7857614700184489,1164.9695352599842,1024.3980110363043
vid_000075_frame0000170.jpg,18.005584194660724,0.7864853530471624,1093.9929247582477,952.8340383258962
vid_000075_frame0000175.jpg,18.46661025133662,0.8135032140925526,1115.2601843728226,995.6662084066427
vid_000075_frame0000180.jpg,18.69953767607404,0.8303382136690384,1059.9707321481244,990.8889541807081
vid_000075_frame0000184.jpg,18.827956940061007,0.832478954593733,1110.4928783716343,1026.5225993331399
vid_000075_frame0000185.jpg,18.855464694623546,0.8338381925771126,1070.164775332581,956.4501508992553
vid_000075_frame0000190.jpg,18.566971711125387,0.8345722944421913,1026.3211840238196,752.532502804564
vid_000075_frame0000195.jpg,18.73886099438472,0.8369930047813399,1050.8449498405764,737.548728595301
vid_000075_frame0000200.jpg,18.728353922814755,0.8372022518104352,1004.7161655155559,713.8103982428357
vid_000076_frame0000001.jpg,17.801352721026873,0.7978036821168702,1009.5594940231092,792.7398684631585
vid_000076_frame0000002.jpg,17.852033809576767,0.8147571525345182,1011.1382610243614,784.8748065504196
vid_000076_frame0000003.jpg,17.969489914370524,0.8204151233468888,1012.8658965167025,782.0793205470583
vid_000076_frame0000004.jpg,17.89985815165307,0.8171448721198319,988.5962696029618,783.1264720217478
vid_000076_frame0000005.jpg,17.925005089313885,0.8389026037068033,927.0674993288361,720.5757608207866
vid_000076_frame0000006.jpg,17.888186454050064,0.8478722615766028,801.1891981765327,659.6151532279252
vid_000076_frame0000007.jpg,17.70873040348515,0.8447485907868466,776.3891071458198,696.5025586433676
vid_000076_frame0000008.jpg,17.827876249734498,0.83680093802902,770.6610719235374,703.1298579614017
vid_000076_frame0000009.jpg,17.88138487537237,0.8465911114058514,773.4953538849975,701.2260600095206
vid_000076_frame0000010.jpg,17.84969417916918,0.8188468739298301,786.717777685694,709.5645169908331
vid_000076_frame0000012.jpg,17.700684090578683,0.8254356867494567,785.2519019898793,709.6734893724367
vid_000076_frame0000013.jpg,17.784508831519798,0.8231737020547607,765.2163706051334,704.9586378909628
vid_000076_frame0000014.jpg,17.78748700878567,0.808502977547131,780.5618981216161,720.7544999174465
vid_000076_frame0000015.jpg,17.771191265252202,0.8211244124965026,792.3418998694544,721.268349402992
vid_000076_frame0000016.jpg,17.745807497850063,0.8199046853786259,789.3749665152521,722.4187405081045
vid_000076_frame0000017.jpg,17.724726178241607,0.8182556230631053,790.9894065908064,720.7646023415535
vid_000076_frame0000018.jpg,17.727453732066117,0.8088669945012636,804.9749583872018,743.7027569694719
vid_000076_frame0000019.jpg,17.762453865772297,0.8363361438983509,782.3213374334589,738.7403157593933
vid_000076_frame0000020.jpg,17.58705880604256,0.8297052443049996,797.6142585110642,716.7448424826423
vid_000076_frame0000021.jpg,17.619752112726403,0.8127547026159089,780.9436603480749,724.8392157234762
vid_000076_frame0000022.jpg,17.66097966724633,0.8311716373416971,762.943291803071,714.4027064857437
vid_000076_frame0000023.jpg,17.586223002496766,0.8243128140270769,766.8926988674624,715.9976259798818
vid_000076_frame0000024.jpg,17.680212804832067,0.8105918363238707,791.010568837236,726.2410521015688
vid_000076_frame0000025.jpg,17.702325306130035,0.8248892942260325,782.023562382168,718.6279646442608
vid_000076_frame0000026.jpg,17.80762674993473,0.8236966289698056,807.7617160500674,718.4836036144275
vid_000076_frame0000027.jpg,17.765155167308787,0.8220305204223263,798.7488937735726,718.054504301684
vid_000076_frame0000028.jpg,17.754750117358753,0.8141942909728038,822.646846058722,721.3470381154435
vid_000076_frame0000029.jpg,17.78619705134203,0.8348690439207855,819.2578625402549,708.0766926576754
vid_000076_frame0000030.jpg,17.7911544705484,0.8256607956549639,842.1316745567912,702.0411072091756
vid_000076_frame0000031.jpg,17.68398843669303,0.8311191868399072,806.9025287913565,723.4381632634028
vid_000076_frame0000032.jpg,17.70922161401324,0.8100496648440885,817.8342163923286,747.1773577449075
vid_000076_frame0000033.jpg,17.582719380749616,0.8182128924332567,804.0807055712316,726.5666554224267
vid_000076_frame0000034.jpg,17.435346216583877,0.8021302095473487,787.5747388283872,743.3246190879563
vid_000076_frame0000035.jpg,17.700443720436155,0.8280171043377494,781.0497249197144,785.3935346385953
vid_000076_frame0000036.jpg,17.59577921605374,0.8385353531477957,804.2173099931208,781.9044529356619
vid_000076_frame0000037.jpg,17.669813787106357,0.8446239173850053,791.658646862457,753.5399434601918
vid_000076_frame0000038.jpg,18.023731452761048,0.8451601682420934,811.8111336330711,752.6764011295045
vid_000076_frame0000039.jpg,17.93869183889844,0.8344618527393167,929.0389394224609,824.8082326822063
vid_000076_frame0000040.jpg,17.750398153025603,0.8198858317614085,1097.1544385470888,930.3482110494699
vid_000076_frame0000041.jpg,17.74483091636166,0.8144386438711463,1119.5714844184747,931.6873938344792
vid_000076_frame0000042.jpg,17.746694556576553,0.8248917132555101,1146.1861956791465,862.4322341545865
vid_000077_frame0000001.jpg,18.41296814124594,0.8117119463601096,910.4609765225123,713.3527804779674
vid_000077_frame0000002.jpg,18.260411810053228,0.8394528607826931,899.6716884462717,702.9043978663382
vid_000077_frame0000003.jpg,18.32300170017014,0.8379209941040872,900.2968456032237,695.5527510831998
vid_000077_frame0000004.jpg,18.2042541582272,0.8237774818228747,902.3591396476904,711.3995923957802
vid_000077_frame0000005.jpg,18.33240221923927,0.830591554764729,927.8817757759736,707.1491535941111
vid_000077_frame0000006.jpg,18.50480611437468,0.8473375070453407,842.6223036355348,703.0186743297946
vid_000077_frame0000007.jpg,18.443887972744648,0.8184434209712657,868.3982825290193,773.5271969469213
vid_000077_frame0000008.jpg,17.865299589990318,0.7791146276310955,898.5265769556886,931.7841619387052
vid_000077_frame0000009.jpg,18.20654200002773,0.7768629414489042,862.9569611754804,935.1047696134012
vid_000077_frame0000010.jpg,17.82071790363745,0.7569660583414218,901.577733231376,1028.6021145791767
vid_000077_frame0000011.jpg,17.936808125379077,0.7791445210607231,881.3383548539514,950.4317511666351
vid_000077_frame0000012.jpg,17.86135361937642,0.7822456693485131,895.0488652859028,966.6047002493547
vid_000077_frame0000013.jpg,18.099154955568707,0.7931362265536919,908.9928419442302,885.5785262155213
vid_000077_frame0000014.jpg,18.232398481425776,0.7932606980456368,884.0024072372617,894.747077599776
vid_000077_frame0000015.jpg,18.453722997957648,0.7912784266267177,863.8851602548489,898.4200586712153
vid_000077_frame0000016.jpg,18.19950023945338,0.7824807725547528,858.7510626490039,934.2702873529065
vid_000077_frame0000017.jpg,18.260895976789236,0.7930561186168935,833.9210546559284,905.7465284888574
vid_000077_frame0000018.jpg,18.280045195696513,0.8080385635983948,827.0319670343348,834.9295566703817
vid_000077_frame0000019.jpg,18.38673099445654,0.8051294784312302,883.5285689156391,805.6440757715479
vid_000077_frame0000020.jpg,18.51692945730684,0.7889537869069033,864.612857761894,863.366221611081
vid_000077_frame0000021.jpg,18.330317555554792,0.7779951891984599,869.5480580206738,896.2011042188524
vid_000077_frame0000022.jpg,18.396444755476676,0.7924770646891152,871.6556440963204,871.6665787016228
vid_000077_frame0000023.jpg,18.55345029104938,0.7882756777246759,873.2139007387572,857.426759819775
vid_000077_frame0000024.jpg,18.496226074336345,0.787298182030575,862.9653286941248,875.8825655245384
vid_000077_frame0000025.jpg,18.681460831381365,0.8006936157664563,838.9217393831589,845.7590235603953
vid_000077_frame0000026.jpg,18.518294400717224,0.8021488283797963,841.6492786934947,839.2837341641736
vid_000077_frame0000027.jpg,18.54657402609994,0.791079905657247,892.8305952024192,866.1249067071794
vid_000077_frame0000028.jpg,18.568292076754936,0.7879785634623743,889.0316245615156,882.9357723099672
vid_000077_frame0000029.jpg,18.84447550579049,0.810892381064237,820.4769615863064,839.4948397570433
vid_000077_frame0000030.jpg,18.704448917049486,0.8090864896469481,830.2547328978345,880.1103980838358
vid_000077_frame0000031.jpg,18.971809194788065,0.8121262508818551,841.6119225528579,849.1162667959644
vid_000077_frame0000032.jpg,19.246896439959187,0.8342780207724134,810.200641830332,768.478463070192
vid_000077_frame0000033.jpg,19.36318044790915,0.8160346170822659,747.8835741288875,804.1920740854251
vid_000077_frame0000034.jpg,19.229920804740285,0.7812537446635085,783.3092690395322,806.8787059411949
vid_000077_frame0000036.jpg,18.44721933824594,0.8308697208897682,834.5276729197783,778.4485489686348
vid_000077_frame0000037.jpg,18.808279502651306,0.8239333220567787,840.5439449948767,817.4999365757911
vid_000077_frame0000038.jpg,18.898928030279038,0.8634110414052908,809.8691212148012,716.2396686786219
vid_000077_frame0000039.jpg,18.74180131498164,0.8737886399576263,790.8101477895423,739.7223468628595
vid_000077_frame0000040.jpg,18.754568195374233,0.867901698478566,778.7500216896451,754.2016572084793
vid_000077_frame0000042.jpg,18.34223517595157,0.7673807659608127,798.3005159527163,889.7494277933775
vid_000077_frame0000050.jpg,19.16951991946072,0.855324441507178,737.8143354985986,739.6628925113172
vid_000077_frame0000051.jpg,19.31735997680904,0.8476007935143747,799.4688137442208,688.6716867755041
vid_000077_frame0000053.jpg,18.72970882052598,0.8511827269505073,840.6365115944203,624.4060958315623
vid_000078_frame0000003.jpg,18.88063029857543,0.8200876333830043,845.6256218371296,720.946677980555
vid_000078_frame0000004.jpg,18.887980668612045,0.8230211895745341,847.5773451114245,719.4193019456493
vid_000078_frame0000005.jpg,19.040951602410765,0.8513608455127649,797.0861063432009,697.3710469082386
vid_000078_frame0000006.jpg,18.852409369473918,0.8587499666754735,781.8435595065318,686.9582223796846
vid_000078_frame0000009.jpg,18.574368442776002,0.8234665847906371,772.7171448079965,750.1522517396095
vid_000078_frame0000011.jpg,18.683766361567876,0.8120670675685275,791.1484946207468,774.1526854915816
vid_000078_frame0000014.jpg,18.276875116661813,0.7678262022436915,797.67913550662,880.2444402688968
vid_000078_frame0000032.jpg,18.55901629326947,0.8405967737508934,982.3026675211609,889.8140332644176
vid_000078_frame0000033.jpg,18.64472762791825,0.8545574043389838,953.6163868861909,883.5747259310781
vid_000079_frame0000008.jpg,18.747089070963348,0.8060018173079175,1021.3251614453764,743.1760430912141
vid_000079_frame0000010.jpg,19.01405083549768,0.7916586643378265,972.1462476657348,782.3527721605257
vid_000079_frame0000011.jpg,18.85962834453619,0.7547834624253021,973.8554936527746,839.9825942913907
vid_000079_frame0000012.jpg,18.788756611571852,0.7592042074304522,1026.011913482224,867.0062953948094
vid_000079_frame0000013.jpg,18.711937294018824,0.7781959031825202,997.5620466549625,827.5731275529068
vid_000079_frame0000014.jpg,18.650873419443755,0.7530172099834754,1031.6685724919591,887.5494473166835
vid_000079_frame0000015.jpg,18.624779520972442,0.7953341115309591,987.7274154170827,765.3094276161761
vid_000079_frame0000016.jpg,18.883957140168096,0.7757170672013265,935.3422698040459,786.2547021577325
vid_000079_frame0000017.jpg,19.008734669860434,0.7939856027150851,924.885454298754,754.2079484369028
vid_000079_frame0000018.jpg,18.72676227087178,0.7978009702530477,949.5186919054253,751.1819950520205
vid_000079_frame0000019.jpg,18.69976686376971,0.8019554562830002,907.1530068944851,774.7176200342423
vid_000079_frame0000026.jpg,19.09830145645377,0.8002601655040906,892.8961716967104,819.0301767066076
vid_000079_frame0000027.jpg,19.05004500544897,0.8183784196392988,903.1497585812726,789.1719024861641
vid_000079_frame0000039.jpg,19.28097752003307,0.825634594401492,866.8769475042354,774.3371534759773
vid_000079_frame0000050.jpg,19.297151065609203,0.8376080825008313,849.8425252207692,723.4290332681225
vid_000079_frame0000055.jpg,19.175293674333165,0.8424062707156729,859.6195259930821,722.484882665055
vid_000079_frame0000058.jpg,18.865723248805022,0.8362572654051018,884.3290460076389,720.1016545545386
vid_000079_frame0000061.jpg,18.805142554293123,0.8376418934608664,888.6852255058095,723.754893832494
vid_000079_frame0000070.jpg,19.24484314165252,0.822862672676622,884.7005909419012,770.3684612441574
vid_000079_frame0000073.jpg,19.23016959160143,0.8177635860928237,898.7250789609894,763.352437613028
vid_000079_frame0000079.jpg,19.0425535581141,0.8286453481288379,889.2043522753826,761.5631109342632
vid_000079_frame0000090.jpg,19.126793508188904,0.8346339565046957,891.4661749766093,738.5963465114332
vid_000079_frame0000097.jpg,18.97725944159482,0.8448874522751489,884.8088522793917,702.6475919396049
vid_000079_frame0000101.jpg,19.293211346099653,0.8274681063850903,896.8243774943768,719.3897068313988
vid_000079_frame0000110.jpg,19.009499350079302,0.8319486266110371,885.2305593364297,721.1258525201087
vid_000079_frame0000111.jpg,19.049028582085732,0.808407661229854,931.5513295180102,743.3132057561368
vid_000079_frame0000115.jpg,18.881207728045865,0.8024052738370182,938.3075858940047,772.1780872491968
vid_000079_frame0000118.jpg,18.855690922590465,0.8309148820324112,890.764810649068,761.9241323855754
vid_000079_frame0000120.jpg,18.761565077765525,0.827336631699272,906.2568670540815,760.1908374821031
vid_000079_frame0000121.jpg,18.884591535988122,0.8214932672957526,914.3437775958827,772.064966421248
vid_000079_frame0000126.jpg,19.043525575440004,0.8458675347676744,872.0590366765095,731.6085064292463
vid_000079_frame0000127.jpg,18.956289791467793,0.8402926751754601,898.395054278191,712.7824807460325
vid_000080_frame0000009.jpg,18.992991986782883,0.8306859147347714,945.5675805240516,722.6117691105821
vid_000080_frame0000020.jpg,19.168459673753585,0.8045419436161282,953.2832947131535,757.2915593583159
vid_000080_frame0000023.jpg,19.024778302152583,0.816463362701243,973.1950468478487,757.4662138628842
vid_000080_frame0000029.jpg,19.196864970953268,0.8270599324068879,942.6925237481016,733.9005146208451
vid_000080_frame0000030.jpg,19.085253055537713,0.8020252770958921,954.8014902964486,791.5469024354105
vid_000080_frame0000031.jpg,19.16387873587437,0.8131942589805331,929.0473575689033,761.4587991160333
vid_000080_frame0000034.jpg,19.396681273349788,0.7977736402799818,920.3808599182872,807.4004393312099
vid_000080_frame0000037.jpg,19.289464907989,0.7874093256970173,916.0788552951813,805.972251169929
vid_000080_frame0000045.jpg,19.162875498123174,0.8340185783190862,903.9508244875274,735.256445535499
vid_000080_frame0000046.jpg,19.221300598845545,0.8290920533670106,915.8683804390369,757.306256445896
vid_000080_frame0000051.jpg,19.092632213569292,0.8324073478358561,907.7254364869106,716.0450885788518
vid_000080_frame0000052.jpg,19.02819421166855,0.8328348836971857,950.6280420375972,732.6452735749457
vid_000080_frame0000053.jpg,19.28818903078468,0.8293852893637422,921.8224992990569,722.2848651859114
vid_000080_frame0000054.jpg,19.28220114550085,0.8207936772951271,924.6248680881813,746.7518857543247
vid_000080_frame0000055.jpg,19.33453804220919,0.8127881986645472,927.6381827417235,746.6063315015073
vid_000080_frame0000056.jpg,19.227511538145436,0.8197558993052123,872.0649480720116,734.5968073814876
vid_000080_frame0000057.jpg,19.47765491219592,0.8158429084319677,912.9400293550674,765.1485162304772
vid_000080_frame0000058.jpg,19.40592808121633,0.806595581886921,900.5313199846304,752.1913879386404
vid_000080_frame0000059.jpg,19.27208371703651,0.8186421521419237,877.8817208909014,742.2518227758993
vid_000080_frame0000060.jpg,19.19015529114198,0.8042125955507261,909.0252120554469,754.6385544877264
vid_000080_frame0000061.jpg,19.50575685456294,0.8194165474881521,905.8399655504827,750.1601244183433
vid_000080_frame0000063.jpg,19.5127145449947,0.8239386189447432,901.1192254932716,746.0519287172526
vid_000080_frame0000064.jpg,19.351151246459082,0.8236520365135624,883.4465520005969,742.8120847155951
vid_000080_frame0000069.jpg,18.618280857421794,0.8392130771948718,944.2413928558728,724.8012116698303
vid_000080_frame0000071.jpg,18.669209200749705,0.8321820306836333,926.1878632403904,710.7633339081757
vid_000080_frame0000072.jpg,19.06306333327319,0.8486130810504612,927.6474679082174,724.9763360736935
vid_000080_frame0000074.jpg,19.08565367728861,0.8477312515604458,879.529840012556,736.961442597011
vid_000080_frame0000075.jpg,19.476510718993502,0.8234152808796726,882.2967437070902,745.7868283773901
vid_000080_frame0000077.jpg,19.45245628194725,0.8329944516254516,880.2413468007737,727.3339021927452
vid_000080_frame0000079.jpg,19.00819623516799,0.8450158872264124,881.6315166931934,724.0734781367795
vid_000080_frame0000080.jpg,19.29302547140243,0.8574881973811221,875.7806834447885,698.4234576434114
vid_000080_frame0000081.jpg,19.35890767560644,0.8388486539744323,881.8570144245236,711.7703387498954
vid_000080_frame0000082.jpg,19.40128948766815,0.8376145891118737,904.456242038602,705.1366091743656
vid_000080_frame0000083.jpg,19.39235794121585,0.8260736090542906,913.6338640470628,720.4317985807684
vid_000080_frame0000084.jpg,19.40318365735337,0.8442281627122958,916.7442388119858,702.0217047590978
vid_000080_frame0000085.jpg,19.481880987482,0.831022247120868,906.7069230551324,704.4269479100453
vid_000080_frame0000087.jpg,18.980305997355085,0.8366241880968528,925.3619820600275,725.9516617672068
vid_000080_frame0000088.jpg,18.99932484528544,0.8522325801588932,951.0096579999787,742.7027844799563
vid_000080_frame0000089.jpg,19.143854553230227,0.8437586554342104,912.2899167664317,718.821199456497
vid_000080_frame0000090.jpg,19.141184019144834,0.8421207275303045,952.5906300940119,756.6972152425201
vid_000080_frame0000091.jpg,19.156925797935777,0.8358778278511722,924.4264593055187,732.7770646159634
vid_000080_frame0000105.jpg,19.339564846530276,0.8002563647298917,965.144975105084,786.9040904714368
vid_000080_frame0000122.jpg,19.22626810474441,0.7891121230881971,956.3390254218192,788.0469573451411
vid_000080_frame0000124.jpg,19.142811891411927,0.7877919604166821,949.8320661455416,811.0575573414523
vid_000080_frame0000125.jpg,19.194266914282327,0.7721526810803625,960.2150777975562,819.9568385399361
vid_000080_frame0000126.jpg,19.00494593596939,0.805198885221858,978.6320180633107,787.4674011860177
vid_000080_frame0000132.jpg,18.765085776926423,0.8206596593845963,961.7023742704108,746.5705686921938
vid_000081_frame0000010.jpg,18.054544179649458,0.7712226792940816,897.0117603119613,780.2121649053587
vid_000081_frame0000014.jpg,18.0207060277956,0.8265067460641856,821.424471445499,684.185285462328
vid_000081_frame0000016.jpg,18.06710735758006,0.8358745998055164,834.3645275945206,686.7882591540936
vid_000081_frame0000017.jpg,18.00481390875926,0.8397658517339884,819.6475603460439,688.4310374441872
vid_000081_frame0000018.jpg,18.06539409303301,0.8313423972968904,819.5249283120297,682.3392343739856
vid_000081_frame0000020.jpg,18.03963385614984,0.8231366079124127,835.6377944244946,704.2598665666414
vid_000081_frame0000021.jpg,18.029289748546187,0.8388211443079348,824.3747783111551,679.3196049940484
vid_000081_frame0000022.jpg,18.052550188679568,0.8262256121532575,849.4648078973378,692.9627054092497
vid_000081_frame0000023.jpg,18.068121133937442,0.8227192074179749,851.9902411370525,712.6330376719322
vid_000081_frame0000024.jpg,18.292787242569375,0.8036451816910847,863.889627559513,728.2365725245317
vid_000081_frame0000025.jpg,18.135125424638275,0.8198521925471898,840.5835837028512,706.2413130425333
vid_000081_frame0000026.jpg,18.209243802683304,0.8195520590714992,826.7026283462287,719.4153611217858
vid_000081_frame0000029.jpg,18.045183466170126,0.8362111775375286,810.1907479238038,696.1183780145818
vid_000081_frame0000030.jpg,18.10655076195751,0.8039227887481593,858.8044020609965,733.2106262010038
vid_000081_frame0000031.jpg,18.133679393479817,0.7857044396503179,878.4548991535877,769.4566973235399
vid_000081_frame0000032.jpg,18.377943534697774,0.7810745007348391,860.6509378164137,775.8229370237453
vid_000081_frame0000033.jpg,18.250681575254994,0.7842478533651177,880.1591011285632,769.4214128501696
vid_000081_frame0000035.jpg,18.187259217242627,0.814359399247656,855.7717279857593,737.3413836645929
vid_000081_frame0000036.jpg,18.124793784401675,0.8273069820704139,800.8076055343049,717.6051380869807
vid_000081_frame0000037.jpg,18.243396637099135,0.8152168123816036,807.5508674042113,731.9049724181552
vid_000081_frame0000039.jpg,18.04801885185832,0.815239937903001,826.5593418985718,769.8653920305604
vid_000081_frame0000040.jpg,18.10529592594744,0.7981213115707182,853.2012393983814,766.2286119274031
vid_000081_frame0000041.jpg,18.310304038721704,0.7801326271751611,867.3939712615676,803.1710296530908
vid_000081_frame0000042.jpg,18.154750342765418,0.7840048397432803,893.7264277728912,813.9414439668759
vid_000081_frame0000043.jpg,18.34172410309694,0.7709717544341532,884.2405549262749,810.6384175784887
vid_000081_frame0000044.jpg,18.334419507031157,0.7824014279025181,874.7900370815174,787.989304740594
vid_000081_frame0000045.jpg,18.32308129321843,0.7651835589952255,897.3914456915816,817.6082753282385
vid_000081_frame0000046.jpg,18.129854374621832,0.8089951204971587,857.6060391060394,740.0069549824932
vid_000081_frame0000047.jpg,18.326757391029286,0.7799659206308469,889.4716502808216,811.4708787923078
vid_000081_frame0000048.jpg,18.364142361472283,0.7982674655852756,873.4871038415125,783.8753944503013
vid_000081_frame0000049.jpg,18.087257633153094,0.8140731825048272,857.1992414620044,761.1345860499704
vid_000082_frame0000001.jpg,18.710565665516405,0.8077828899798752,1008.1775661789967,946.0450561459745
vid_000082_frame0000002.jpg,18.47081066358894,0.8221334052245398,972.5345161710372,931.1546033088853
vid_000082_frame0000003.jpg,18.26565213377876,0.8230180490195377,988.5044317849774,863.061355962653
vid_000082_frame0000004.jpg,18.190816338731345,0.8123012618484732,1044.1199254493172,854.3892088856555
vid_000082_frame0000005.jpg,18.18505095441372,0.8174468629453431,1071.2007238824476,859.6363744438426
vid_000082_frame0000006.jpg,18.34392227695412,0.8286614428212218,959.7970147591003,777.2189893291663
vid_000082_frame0000007.jpg,18.978268110725057,0.8494748318383748,879.8955043453194,706.7863963139721
vid_000082_frame0000008.jpg,19.166058664076573,0.8243731735591204,924.0427848134248,771.6509169446994
vid_000082_frame0000009.jpg,19.341429858921177,0.8202481871424493,1018.6261840744061,705.3359470228082
vid_000082_frame0000010.jpg,19.00478832191467,0.8140876912201921,1087.07816702146,688.2165116274302
vid_000082_frame0000011.jpg,19.26176036127204,0.821429773710709,1121.208310362465,700.0590747801447
vid_000082_frame0000012.jpg,19.12974085897873,0.8225154455089174,1155.1212469434026,686.238855272997
vid_000082_frame0000013.jpg,18.657760829593315,0.8138559447564359,1103.3404978369433,617.7324374601662
vid_000082_frame0000014.jpg,18.507320260289468,0.7987194205286521,1079.5617534670216,644.4537009605292
vid_000082_frame0000015.jpg,18.979267358683472,0.8173613277297046,960.0789891194294,701.5443574532919
vid_000082_frame0000016.jpg,19.070407959253913,0.8226883012240123,920.9294771054588,742.0461036730242
vid_000082_frame0000017.jpg,19.13850136288095,0.8341803755453459,969.2657823290916,723.3814436498099
vid_000082_frame0000018.jpg,18.986321138820433,0.8323715504111782,1020.9596674270271,714.1589643622647
vid_000082_frame0000019.jpg,18.025187268941345,0.8329208031548232,1091.1565990142267,800.7976093391788
vid_000082_frame0000020.jpg,18.063048095608977,0.7953537354069886,1183.4282533936996,882.6770066121018
vid_000082_frame0000023.jpg,18.167485447040036,0.8166078690149533,1179.180308671165,873.275598066637
vid_000082_frame0000024.jpg,18.15617053257669,0.8019721487744698,1178.811208914047,890.8582918653128
vid_000082_frame0000025.jpg,18.17869509950709,0.810969926669655,1193.7094938463506,892.8982584707301
vid_000082_frame0000026.jpg,18.294257282999325,0.8279707483793658,1092.206890844363,811.4711925091011
vid_000083_frame0000001.jpg,18.41668755461733,0.6295597136524747,980.6728313371862,1166.8761642650152
vid_000083_frame0000002.jpg,18.56421687936154,0.7245129462727204,901.6794182411771,959.5809622601676
vid_000083_frame0000004.jpg,18.599391191451048,0.7508737889096825,876.4527966105571,879.2541019499465
vid_000083_frame0000008.jpg,18.803737941033276,0.7462163431808579,875.5978682641179,922.0007833422095
vid_000083_frame0000042.jpg,18.563123505642896,0.795878648058635,854.3715219732862,803.8268536146119
vid_000084_frame0000008.jpg,18.52812214833413,0.8172415374778259,872.6193676042898,727.2935342260346
vid_000084_frame0000012.jpg,18.378158255792304,0.8276719879835591,845.5132313181277,726.4341590851963
vid_000084_frame0000041.jpg,18.689340219271763,0.7634176445981232,886.7478085631781,861.5715289288173
vid_000084_frame0000047.jpg,18.39959454191224,0.830435834073776,854.8823410470193,759.3325250548708
vid_000084_frame0000056.jpg,18.348756861226356,0.828153932539715,830.4798854273411,740.7805738305665
vid_000084_frame0000064.jpg,18.714609620703747,0.8088863488681232,841.7017110194337,770.5305750915462
vid_000084_frame0000065.jpg,18.805209091635838,0.810008676578688,849.9940716082732,780.500362716609
vid_000084_frame0000071.jpg,18.545303047365536,0.8020188257017341,892.1875524804152,773.2082032518758
vid_000084_frame0000073.jpg,18.988636840400947,0.7993583397693182,848.3717527724358,796.1871232864929
vid_000084_frame0000074.jpg,18.60685509669195,0.8092763146266694,822.7127146967915,763.9546722463257
vid_000084_frame0000075.jpg,18.871141451127816,0.7898227603618517,833.8845075821314,779.5500535381394
vid_000084_frame0000081.jpg,18.74810242607549,0.8338519274378143,810.8918061822934,720.3344182480954
vid_000084_frame0000082.jpg,18.778541924020015,0.8307073867316938,837.7257872661439,708.5752323027895
vid_000084_frame0000092.jpg,18.323581792599196,0.8389349372313291,853.0436380395493,717.9277410110382
vid_000084_frame0000096.jpg,18.298185885143383,0.8354339304569173,880.7766692278833,745.4280598244422
vid_000084_frame0000097.jpg,18.355089652153094,0.8114893931046439,877.456408347364,753.7971829931289
vid_000084_frame0000098.jpg,18.531044974699327,0.8300417420915638,869.7433713317274,742.1660792054967
vid_000084_frame0000124.jpg,18.557223721536428,0.7691817617800399,903.2044003143124,824.1234278016723
vid_000084_frame0000127.jpg,18.56866355211905,0.7823906281677049,880.65707323723,774.3294417826905
vid_000084_frame0000128.jpg,18.395569228067412,0.7765522697156193,905.9625089000888,797.7569213307705
vid_000085_frame0000008.jpg,18.82617972825759,0.8085898007094935,811.5979323048587,741.0673314187487
vid_000085_frame0000009.jpg,18.931646686357027,0.8089889511386344,767.1912437452185,757.3973121043275
vid_000085_frame0000010.jpg,19.020220706968672,0.8048566555207332,803.5816981112243,746.5941867617651
vid_000085_frame0000011.jpg,19.02233540816266,0.7687188554401291,841.1028854106714,841.7917030630604
vid_000085_frame0000012.jpg,19.232957390321957,0.7875620830824116,825.3973757354445,818.8610205965094
vid_000085_frame0000013.jpg,19.303380117817802,0.786932578432849,820.7007457215196,776.3492067736927
vid_000085_frame0000015.jpg,18.209208862792863,0.8423153103421548,810.3432157163526,748.1039847048438
vid_000085_frame0000019.jpg,18.130202820352608,0.8104005681548162,779.8350401791233,783.9355668139085
vid_000085_frame0000021.jpg,18.247172005555463,0.8135292758734187,808.2486072842222,774.9992312642737
vid_000085_frame0000022.jpg,18.16068685644058,0.8101670961842693,795.9437573052426,790.4461883244711
vid_000085_frame0000024.jpg,18.22447942947636,0.8086802952993347,828.6469889687552,782.5370449494235
vid_000085_frame0000027.jpg,18.192468903719092,0.810464866491064,832.9317713646229,786.8819298249069
vid_000085_frame0000031.jpg,18.19528703313615,0.8202655572910965,836.6779990060292,785.2449571507105
vid_000085_frame0000033.jpg,18.303933316783365,0.806933464477433,946.3853784007922,709.2068962142852
vid_000085_frame0000034.jpg,18.190094961067572,0.7982636404584141,972.266941165604,721.7377584265193
vid_000085_frame0000035.jpg,18.31912545037411,0.8048320698006192,961.1515276618578,724.5231079926033
vid_000085_frame0000036.jpg,18.163274202261515,0.8042640260202999,947.1469331852289,722.6513256320683
vid_000085_frame0000037.jpg,18.23984243412445,0.8030873704115754,949.800442487901,743.5339176514451
vid_000085_frame0000038.jpg,18.373706068467676,0.8030651488188094,913.9095409868091,768.3711031919623
vid_000085_frame0000039.jpg,18.141555351532727,0.8112033561454121,900.6047026742076,738.0221911658881
vid_000085_frame0000040.jpg,18.430372101397637,0.8109040109636566,894.2683684917167,684.0648282005783
vid_000085_frame0000041.jpg,18.48398988568566,0.8144992385238742,892.9575899019359,687.3333164071147
vid_000085_frame0000042.jpg,18.510342617426094,0.8191417630946867,983.9001574193751,705.3948914664186
vid_000085_frame0000043.jpg,18.3834374015855,0.8195845659540851,960.1894269789998,711.227063164226
vid_000085_frame0000044.jpg,18.59226702388138,0.8211836846846277,953.1183477206102,708.0006920634554
vid_000085_frame0000045.jpg,18.914520702519905,0.8119451606251339,933.4814610711037,719.0938879424536
vid_000085_frame0000046.jpg,18.882601660191398,0.8227350493470897,907.2898926805946,727.8497426276158
vid_000085_frame0000047.jpg,18.78734363133763,0.8124299586067742,906.809517395349,705.7959177710292
vid_000086_frame0000009.jpg,18.383836246182288,0.8561051019744231,903.1916259115415,639.8175345009216
vid_000086_frame0000011.jpg,18.527513361501946,0.8426929935643521,916.541501739336,650.3549773159133
vid_000086_frame0000012.jpg,18.595630887449563,0.8358486528611965,928.4313667080247,649.1893656578562
vid_000086_frame0000013.jpg,18.392676771144213,0.831173229163146,970.8317407550003,666.8859249589415
vid_000086_frame0000014.jpg,18.493400443648728,0.8303216069736616,954.2362409843233,673.5794349149338
vid_000086_frame0000015.jpg,18.57371908586979,0.8326906704449354,952.4052224204523,680.0487878351144
vid_000086_frame0000016.jpg,18.436621653558532,0.8357966635151914,947.264039020278,677.9800442599775
vid_000086_frame0000019.jpg,18.40897575589796,0.8331637258746167,929.3688068881361,671.2365741337526
vid_000086_frame0000021.jpg,18.444984382639127,0.8254437050868121,951.9838165686874,702.169857860768
vid_000086_frame0000023.jpg,18.480453348463687,0.8347534835229912,944.3135544387854,682.8740986298626
vid_000086_frame0000024.jpg,18.483423670743633,0.8382950954723651,931.5057695204712,673.6223275269504
vid_000086_frame0000025.jpg,18.562292817956074,0.848080360779146,926.357881167624,672.0561017337202
vid_000086_frame0000026.jpg,18.49365619003979,0.8476835993396609,932.618334185418,685.686387408479
vid_000086_frame0000027.jpg,18.608505441368003,0.8486187534235065,947.1908678093391,685.1336669022088
vid_000086_frame0000028.jpg,18.460124633618896,0.835607081013015,954.3856814520028,674.621101459937
vid_000086_frame0000029.jpg,18.51808872145147,0.8440624126137201,941.323571548823,677.5953308800636
vid_000086_frame0000031.jpg,18.509353712155193,0.8360909418337309,940.1125093485753,679.2002643166242
vid_000086_frame0000034.jpg,18.39704084629516,0.8277756513388451,944.289017862701,675.8945716373548
vid_000086_frame0000036.jpg,18.501675094478006,0.8403848548482843,888.0491048507455,661.7979765893018
vid_000086_frame0000038.jpg,18.46624287786001,0.8403170156005374,934.3710888499071,674.1755487760519
vid_000086_frame0000040.jpg,18.56753420149133,0.8474902130590004,916.1387194285963,666.3058033601935
vid_000086_frame0000042.jpg,18.480078204624185,0.8436495384539038,940.8363547649152,676.8446748752433
vid_000086_frame0000043.jpg,18.533832863935434,0.8472479280057951,925.7707537469332,688.7303083062088
vid_000086_frame0000044.jpg,18.53896518800988,0.8398820859821491,921.2592576259702,710.7088878719169
vid_000086_frame0000045.jpg,18.411689568935905,0.8419200815472347,910.0102798851486,706.6906870109108
vid_000086_frame0000046.jpg,18.390934728296166,0.8333120305198508,905.0166541547464,723.4459975660826
vid_000086_frame0000047.jpg,18.420125315391385,0.8231091128087343,935.4166146983205,713.5937511750282
vid_000086_frame0000048.jpg,18.381965591687873,0.8151238833845622,933.0299581644042,721.3828713810492
vid_000086_frame0000049.jpg,18.103716823237693,0.8099299445461298,933.3994656805926,729.0543078715664
vid_000086_frame0000050.jpg,18.245395541023512,0.8016270643590176,923.1314656136904,766.0347424103147
vid_000086_frame0000051.jpg,18.36926818794113,0.8068955381578916,969.1811026952307,750.1010895221791
vid_000086_frame0000055.jpg,18.36458872285747,0.8159813183958038,977.6032750210982,732.7927500209482
vid_000086_frame0000056.jpg,18.43075481311289,0.8292858045006445,963.6461336992629,719.6525376118274
vid_000086_frame0000057.jpg,18.451183004577565,0.8319568211645804,947.7868936373704,720.1167185868084
vid_000086_frame0000058.jpg,18.639539776428315,0.8338620734338962,961.4078966766524,723.6985621322493
vid_000086_frame0000059.jpg,18.498443056352563,0.8356807764639513,928.6610424219444,716.2585056117481
vid_000086_frame0000060.jpg,18.538128385229097,0.8421100471772625,926.8775511310382,719.3059237553948
vid_000086_frame0000061.jpg,18.623512790015987,0.8485099126988933,927.5575954983198,719.1628632952928
vid_000086_frame0000062.jpg,18.58790130309619,0.8536997957810716,898.8851989621191,677.9775186231897
vid_000086_frame0000063.jpg,18.51088308059046,0.840119180363251,936.4935336217684,667.977750869637
vid_000086_frame0000067.jpg,18.545797685761617,0.8401735007746022,939.5109513184552,679.4223830348278
vid_000086_frame0000069.jpg,18.438446317270824,0.836789762630966,930.640414319804,674.7549636733177
vid_000086_frame0000074.jpg,18.623759647551434,0.8454975721953587,929.1752243172389,693.5240936134066
vid_000086_frame0000077.jpg,18.51778034292704,0.8351254385126504,923.6061160647785,681.4960322776643
vid_000086_frame0000079.jpg,18.590266079901088,0.8383317322840956,978.2996722555024,685.3686818147534
vid_000086_frame0000082.jpg,18.52415838947162,0.8451946664603233,942.5006606463928,681.2583374916434
vid_000087_frame0000001.jpg,18.50866138577124,0.8140380303432045,849.2974169395172,684.4446773932533
vid_000087_frame0000003.jpg,18.312110496450963,0.8411056417073848,844.4759821428592,668.692911598896
vid_000088_frame0000001.jpg,18.805260847956106,0.8107501603466392,1188.5901135607896,880.409641195891
vid_000088_frame0000006.jpg,18.64461704685238,0.8254656034308643,1167.8403043943583,878.3064910272794
vid_000088_frame0000030.jpg,19.09940429531448,0.8221335049965734,916.7426617444183,781.0637258800024
vid_000089_frame0000001.jpg,17.839143382922927,0.6841130559060117,1132.3466986948256,1260.7192931826849
vid_000089_frame0000010.jpg,17.80508859058399,0.6941114002311645,1147.2962496232822,1315.9015752657278
vid_000089_frame0000014.jpg,17.787336663782693,0.6910795028774109,1148.9893719403365,1335.4049672934648
vid_000089_frame0000015.jpg,17.787430573324386,0.6996840494004206,1146.3574900892918,1317.8207638554202
vid_000089_frame0000016.jpg,17.917248555420137,0.7064805471776406,1118.8950908531763,1274.5367713098758
vid_000089_frame0000024.jpg,17.72566534197926,0.6850087509711513,1169.430013393047,1351.4835694497865
vid_000089_frame0000028.jpg,18.350736792926515,0.726256006949607,1021.6276941122383,1161.8818603220302
vid_000089_frame0000029.jpg,18.154061658057085,0.7175994230833055,948.9118573888836,1171.84140751255
vid_000089_frame0000030.jpg,17.63269110213433,0.6948283259743689,1011.4062594967152,1459.346288482212
vid_000089_frame0000038.jpg,15.032890411707369,0.5459802686947438,1383.3553988845747,2472.5690876473977
vid_000089_frame0000039.jpg,15.044173704728465,0.5356951969782684,1375.530519445459,2569.770725197386
vid_000089_frame0000044.jpg,14.903339477188865,0.5262116958246637,1435.4022880356104,2797.438819523239
vid_000089_frame0000047.jpg,14.904529871681152,0.5268208612538556,1449.0153655579204,2844.818970157116
vid_000090_frame0000018.jpg,14.831902595119955,0.5171865228609865,1205.150822928584,3301.09338475036
vid_000090_frame0000030.jpg,14.724927249607072,0.5070740134702529,1292.0928591691375,3494.965723365356
vid_000090_frame0000048.jpg,16.228249245972847,0.5848845854238115,891.344888438318,2092.8132715016823
vid_000090_frame0000049.jpg,15.941388297784709,0.5672062459294315,1058.4880856646319,2668.7934149465063
vid_000090_frame0000050.jpg,16.066893230210226,0.5656874078698463,1117.519133011113,2609.682891364687
vid_000090_frame0000051.jpg,15.898637588549633,0.5546296932820106,1188.4880668320154,2821.555876027059
vid_000090_frame0000054.jpg,16.3949981911166,0.5901452564615728,938.0933925667985,1981.2190807880113
vid_000090_frame0000065.jpg,17.123927327665026,0.6209767580537564,923.2947027240523,1726.2290698123693
vid_000090_frame0000066.jpg,18.162983106003576,0.6950541582990524,856.5951093137023,1187.8803984908227
vid_000090_frame0000068.jpg,18.68392709443924,0.7669692103281273,821.7474719691076,937.286031803983
vid_000090_frame0000073.jpg,18.975510447940064,0.7017554949595883,873.0299237318711,1284.6877698625176
vid_000090_frame0000074.jpg,18.547652433074738,0.6910259045278329,872.6873259052675,1479.2099145176855
vid_000090_frame0000075.jpg,17.988702972695606,0.6799780797044237,903.5440120354225,1498.6167022496102
vid_000090_frame0000077.jpg,17.016663809583473,0.6280870815119227,995.9805863709706,1822.232473070694
vid_000090_frame0000079.jpg,16.765535766510776,0.6024530925618944,1059.3258527161304,2145.175579864569
vid_000090_frame0000084.jpg,17.116118375644827,0.6319529501072262,945.3428345896871,1742.3804937113919
vid_000090_frame0000085.jpg,16.86397714102363,0.6203419432823772,1096.4363692920083,1980.195948728642
vid_000090_frame0000086.jpg,17.06538378142049,0.6319649219758436,884.0972581172427,1489.99128400127
vid_000090_frame0000087.jpg,16.367682947844784,0.5902935926789031,927.7300520038965,1922.9703857833401
vid_000091_frame0000007.jpg,17.925588047715557,0.7380320949066407,1278.8734606339856,1122.3503494378713
vid_000091_frame0000009.jpg,18.053390051882246,0.7515026204083445,1388.637825922662,1122.5794551081153
vid_000091_frame0000011.jpg,17.99703758973608,0.7361660061013224,1434.8266290883535,1151.579061174891
vid_000091_frame0000012.jpg,18.003137078089246,0.7225816167823783,1436.6444848642063,1159.330503214821
vid_000091_frame0000017.jpg,17.360285739249928,0.6888147676189043,1403.8697625071852,1297.1191442327568
vid_000091_frame0000019.jpg,17.628067009336384,0.7097481711154393,1365.2567994976384,1203.3401742170377
vid_000091_frame0000021.jpg,17.752733548626157,0.7123851179298355,1412.8178938214744,1213.8044180069817
vid_000091_frame0000022.jpg,17.789370792739263,0.710005182800313,1400.2953664265433,1240.655614703783
vid_000091_frame0000030.jpg,17.711903893135588,0.7123338503254034,1361.325255271999,1255.0448283277706
vid_000091_frame0000035.jpg,17.58548634212595,0.7068294000499402,1402.7599400338286,1238.4085293207183
vid_000091_frame0000040.jpg,17.878872726623392,0.7186812125649699,1394.4645285235667,1197.9709058934316
vid_000091_frame0000041.jpg,18.208176920695784,0.7320848551584653,1312.1465964560732,1146.3666781741142
vid_000091_frame0000042.jpg,18.087718107999308,0.7313395678330266,1409.6375309503435,1130.1119712945024
vid_000091_frame0000054.jpg,17.81952658835418,0.7182538539358997,1408.1635516771016,1177.917645842901
vid_000092_frame0000002.jpg,17.798023306693658,0.7176712853626235,1017.0548151796306,951.8395795406695
vid_000092_frame0000024.jpg,17.782483596498174,0.7224523990194625,1111.151975015625,1132.573780051475
vid_000092_frame0000049.jpg,17.91890896905674,0.7298793210250899,1020.4889188564241,926.6746930940667
vid_000092_frame0000051.jpg,17.77530355101544,0.712886994393073,1069.2965751116371,1026.963419512679
vid_000092_frame0000056.jpg,17.276580547953728,0.7056668256701512,1020.2318445625889,1131.3090706193725
vid_000092_frame0000060.jpg,16.764360051144955,0.6619434235035814,1087.50300885131,1445.5372310399976
vid_000092_frame0000063.jpg,17.052711349125705,0.6686901104351014,1162.7025254885643,1450.7921997667686
vid_000092_frame0000093.jpg,16.687397846153498,0.6476828238360294,1664.2225065647415,1762.8605854809077
vid_000092_frame0000112.jpg,17.049025432368815,0.6740603232041966,1633.137862669174,1550.8190070199985
vid_000092_frame0000113.jpg,16.97056972558109,0.6725708891984494,1571.9390305819184,1647.532186499217
vid_000094_frame0000004.jpg,14.78799128299276,0.5937083896267713,1365.7116843738777,1809.5043715353265
vid_000094_frame0000007.jpg,14.971365320480196,0.597888229254739,1352.5109226563825,1775.8126924278617
vid_000094_frame0000010.jpg,14.930579872964802,0.5938885605660184,1350.880811967445,1799.086156442328
vid_000094_frame0000024.jpg,14.752671000677509,0.5871577668838537,1352.862104359845,1861.64032008114
vid_000094_frame0000027.jpg,14.858517354249337,0.5945936731541962,1340.7051354515831,1782.3480910710246
vid_000094_frame0000036.jpg,14.992923016084658,0.6171799916875192,1312.7972048145689,1612.8563526624705
vid_000094_frame0000039.jpg,15.20152057886935,0.615604890968075,1332.5150046039196,1599.248330681228
vid_000094_frame0000041.jpg,15.210366632899726,0.610575303203044,1336.5061989139556,1608.361709782966
vid_000094_frame0000065.jpg,16.102047883479223,0.66813074465713,1176.494996388853,1284.2255677279377
vid_000094_frame0000066.jpg,16.165217869732828,0.6711224698454213,1161.890973075955,1264.5259047075513
vid_000094_frame0000068.jpg,16.068409702126573,0.6673499840796632,1199.3968563220617,1299.7332430658798
vid_000095_frame0000001.jpg,14.187296620590896,0.5498119561802055,1405.6565929806904,2725.8971505981176
vid_000095_frame0000008.jpg,14.125042001931856,0.5428307149427227,1297.6329985460236,2596.868483186008
vid_000095_frame0000012.jpg,13.81750876694895,0.5229220721114122,1403.749333035916,3079.883514021849
vid_000095_frame0000019.jpg,13.999877472106705,0.5281401985502557,1348.5920411026004,2993.8754235287875
vid_000095_frame0000021.jpg,13.986683473775592,0.5340544221116463,1321.5365633055856,2823.924928670681
vid_000098_frame0000009.jpg,17.653911152798344,0.817871367547697,845.2724198784585,697.2019387706413
vid_000098_frame0000010.jpg,17.614240770497712,0.784098113425996,883.5330935841478,726.5396831106466
vid_000098_frame0000011.jpg,17.68643797274268,0.8107022977277806,900.2962849193325,709.0492802872143
vid_000098_frame0000012.jpg,17.5773629540149,0.8002160145202271,918.9020128288248,703.9304093040173
vid_000098_frame0000013.jpg,17.502727300683233,0.7936717687756035,927.0547877759784,712.085608476825
vid_000098_frame0000015.jpg,17.48735741063642,0.8021825212244492,920.2825571711764,699.6602458882139
vid_000098_frame0000016.jpg,17.437384103865533,0.7941225618549188,885.577507698905,703.10503209546
vid_000098_frame0000017.jpg,17.519937081030182,0.8146318925516601,898.0337104491623,697.108110124499
vid_000098_frame0000018.jpg,17.587012908702423,0.8042839464624588,908.8454089907539,699.9029146808946
vid_000098_frame0000019.jpg,17.712257321414395,0.8247857930045196,897.2986220986074,702.8272251216989
vid_000098_frame0000020.jpg,17.651033982952786,0.80659007306866,905.6957425978262,712.0546041213885
vid_000098_frame0000021.jpg,17.672337053327833,0.8176072680015021,907.697730967859,715.9438070420447
vid_000099_frame0000007.jpg,18.887410634635202,0.6350866237243368,486.0723080427988,999.9919786303825
vid_000099_frame0000009.jpg,18.867784806330697,0.6283719573565006,493.63418633285295,1060.3244274618226
vid_000099_frame0000012.jpg,19.036902465579814,0.6353051769112068,501.7244884537083,964.6137655811735
vid_000099_frame0000017.jpg,18.958659975137458,0.6572097411695158,473.2186099505237,854.2454986489287
vid_000099_frame0000019.jpg,18.69788134950702,0.6542388963577305,459.11800105221783,787.7873991753839
vid_000099_frame0000021.jpg,18.060740526431495,0.6063300117229024,516.6677046613254,1164.3863517444252
vid_000099_frame0000022.jpg,18.38412598706248,0.6298418698335859,472.307310820852,992.8207354315392
vid_000099_frame0000025.jpg,18.3765249915428,0.6325548976070774,472.64813649254813,927.490236129589
vid_000100_frame0000007.jpg,17.133302654229805,0.7972888752683275,524.6935024704878,427.3056776393838
vid_000100_frame0000008.jpg,17.102235867931572,0.7863183446304102,541.9455413619455,468.7181413542653
vid_000100_frame0000012.jpg,17.39960722281014,0.7811787452878822,521.7713603567405,455.922987943561
vid_000100_frame0000013.jpg,17.708065891494936,0.7807892850415202,541.2784444915437,471.30335031391496
vid_000100_frame0000014.jpg,17.610447648647632,0.7643978719837133,563.0464834098935,519.6467088220214
vid_000100_frame0000015.jpg,17.907098999833302,0.7977855738480099,604.8989875448968,581.7815407040447
vid_000100_frame0000016.jpg,18.00231879424804,0.7916995140599195,628.3249089764658,662.4118912831498
vid_000100_frame0000017.jpg,19.14653517026919,0.7401718636018716,647.5047333286386,805.5419802757285
vid_000100_frame0000018.jpg,18.619190809346755,0.7275611859130646,748.4494585796414,1035.9382309113034
vid_000101_frame0000001.jpg,17.65767181142104,0.6964043977758315,563.4556797343373,732.6905429652168
vid_000101_frame0000002.jpg,17.663778720945054,0.7204015471036335,551.3293889123048,697.965815243616
vid_000101_frame0000003.jpg,17.825105067418892,0.7288744565355515,540.4426229591181,721.0973350597033
vid_000101_frame0000005.jpg,18.393665531348148,0.7321701583766211,479.8243181619396,676.2781720329639
vid_000101_frame0000006.jpg,18.649550141206362,0.7126931729986113,491.1086847026198,719.8135664948652
vid_000101_frame0000007.jpg,18.99271714883682,0.72104071852563,464.5277340154838,690.9674820890242
vid_000101_frame0000008.jpg,19.11817419057406,0.700144433768175,487.41326663270615,735.0448970400374
vid_000101_frame0000009.jpg,19.468841689341403,0.7279265365003287,428.3121736710189,665.7001862130701
vid_000101_frame0000010.jpg,19.39256514335495,0.7087815928154679,437.3593306593948,715.1729367031572
vid_000101_frame0000011.jpg,19.714589285905028,0.7233828913472339,410.002714601188,673.3353963879425
vid_000101_frame0000012.jpg,19.731460119911247,0.7154029888919133,408.98287960434567,680.2959023918177
vid_000101_frame0000013.jpg,20.030175875973434,0.7323600410946031,382.1168854838361,640.8130411438087
vid_000102_frame0000001.jpg,15.530933277974837,0.666399024493527,1658.384411094452,2322.117162963167
vid_000102_frame0000002.jpg,15.495124847060284,0.6695934505834756,1639.7237815849667,2297.3513623550443
vid_000102_frame0000003.jpg,15.396960700204083,0.6698191282179669,1599.0342124039796,2273.5611319534505
vid_000102_frame0000004.jpg,15.314942330876256,0.6710980054054548,1523.4790586225936,2454.8217925160516
vid_000102_frame0000005.jpg,15.173420207304869,0.6594993764107948,1705.4435925539942,2735.586462586326
vid_000102_frame0000006.jpg,15.443734563684133,0.668360838638308,1235.8753203901745,1954.4827730854438
vid_000102_frame0000007.jpg,15.485552652470664,0.670858673058535,1476.8130830134123,2142.67414788874
vid_000102_frame0000008.jpg,15.369199005912911,0.6693531393370321,1590.939246976136,2492.400957932643
vid_000102_frame0000009.jpg,15.484103018663095,0.6712210142023131,1241.984222449682,2202.0789443979943
vid_000102_frame0000010.jpg,15.409710357928256,0.6622197779290441,1364.9073301140943,2358.8320473147055
vid_000102_frame0000011.jpg,15.689515741117717,0.6685076401907032,1122.6779125059118,1706.2221035109142
vid_000102_frame0000012.jpg,15.639217841610309,0.6605645946108044,1008.7018646643546,1451.7632233191764
vid_000102_frame0000014.jpg,16.258626367142153,0.6954848043409445,1045.7383441423215,957.215658872211
vid_000102_frame0000020.jpg,15.567825145642754,0.6371675332592965,1431.7345419494277,2077.714583079795
vid_000102_frame0000023.jpg,15.573284628462998,0.6406654271746711,1410.3991839513137,2024.1956250503345
vid_000102_frame0000027.jpg,15.705436249422446,0.6433359720708488,1324.7436380598695,1910.8499954855984
vid_000102_frame0000030.jpg,15.558491051910927,0.6677573017169033,1426.4270236257216,2332.50839653236
vid_000102_frame0000033.jpg,15.661001797615421,0.6925149094221675,1454.2067882586277,2075.080440563344
vid_000102_frame0000035.jpg,15.53233253256957,0.6667430471488847,2001.928142876356,3262.756804322793
vid_000103_frame0000001.jpg,16.75990948141511,0.6102331389028383,1345.1610021117879,1843.9356519670375
vid_000103_frame0000004.jpg,16.7082226982193,0.6178624924984378,1390.9291267069655,1867.3841198490911
vid_000103_frame0000005.jpg,17.07104799501597,0.6596738018207776,1255.9516229384387,1685.509429806876
vid_000103_frame0000006.jpg,16.947022026332824,0.6734283926225085,1212.7341789621255,1626.4768852636714
vid_000103_frame0000007.jpg,16.949863194190495,0.6615259708996848,1408.2796447127055,1755.6566860799392
vid_000103_frame0000008.jpg,16.467423421768782,0.6466061251972458,1482.7559891581996,1811.2993019202593
vid_000103_frame0000009.jpg,16.647207322107715,0.6854604669754529,1469.9765180796066,1651.3271373551097
vid_000103_frame0000010.jpg,16.735241074477816,0.6695177309585615,1540.7391371127733,1706.7475987842406
vid_000103_frame0000018.jpg,17.341595387259247,0.7683496881126445,1587.3437201858453,1557.5537447224615
vid_000103_frame0000020.jpg,17.40860189479687,0.7726363739310399,1537.5547758116222,1492.0959253407855
vid_000103_frame0000021.jpg,17.360216294285614,0.7766717988927936,1415.0296103014934,1416.0935119637581
vid_000103_frame0000022.jpg,17.648054218891144,0.7901245398729912,1361.1467034974105,1388.1218646013842
vid_000103_frame0000023.jpg,17.855627114027428,0.8106842851261055,1258.6520160499724,1235.9232994444762
vid_000104_frame0000001.jpg,18.64800843242912,0.7165260861835071,981.6577805794827,919.6891362846499
vid_000104_frame0000002.jpg,18.64201697165212,0.7218382132355892,974.6325257667178,899.517923350211
vid_000104_frame0000003.jpg,18.744276414810763,0.7266363401316518,974.8977771485171,915.894064061452
vid_000104_frame0000004.jpg,18.66019424736514,0.7099842887853548,982.7173730421473,943.064265877231
vid_000104_frame0000005.jpg,18.908432076805703,0.7324183816460857,928.5997319389015,858.9046407510675
vid_000104_frame0000006.jpg,18.81718124307218,0.7420540745048559,924.60392934908,829.4040208324521
vid_000104_frame0000007.jpg,18.749077393107275,0.7313908248029564,950.7909650517555,871.7504755129382
vid_000104_frame0000008.jpg,18.849770378349287,0.7222865535718469,927.8012508507987,870.7391280528595
vid_000104_frame0000009.jpg,18.77187176741383,0.7261513174849782,928.3480834817128,878.1962945627095
vid_000104_frame0000010.jpg,18.65156906006503,0.7188994505764662,950.1803875819162,905.3951166018663
vid_000104_frame0000011.jpg,18.77049612116779,0.7442668773702015,933.8500227298255,829.9466037883375
vid_000104_frame0000012.jpg,18.702745824900507,0.7286664599169145,937.0372448288604,859.3851672317489
vid_000104_frame0000013.jpg,18.921700809560406,0.747379000044707,935.6743419633508,803.6816509008863
vid_000104_frame0000014.jpg,18.825339839143158,0.7417605320763346,908.911044178681,819.9849628507598
vid_000104_frame0000015.jpg,18.818627430960554,0.7426167431468679,923.9901426100869,815.1306581894307
vid_000104_frame0000016.jpg,18.94934136003109,0.7618859577692065,889.4417063302375,770.1733124651455
vid_000104_frame0000017.jpg,18.850386669228506,0.7472921709206822,927.5555215048211,812.6302242193203
vid_000104_frame0000018.jpg,18.888039763888145,0.7388167238859279,929.2247665027862,820.6040304579411
vid_000104_frame0000019.jpg,19.381226747627608,0.8113492706729897,845.6710326831046,687.2493236932405
vid_000104_frame0000020.jpg,19.234595550538906,0.7747692831438796,903.2599256178981,737.2110347504052
vid_000104_frame0000021.jpg,19.247560493941222,0.7609290967878923,940.7963663916615,834.0410101310028
vid_000104_frame0000022.jpg,19.28272058989677,0.7777230055113158,921.3570616433611,832.0686635836778
vid_000104_frame0000023.jpg,19.067639968567885,0.7860693663202016,889.0166828801923,823.0573574305544
vid_000104_frame0000024.jpg,18.704153607413016,0.7574705235665262,904.1325190079097,910.9264446129602
vid_000104_frame0000025.jpg,18.992480114226133,0.7331754570582217,1017.305253843614,1145.9948793720598
vid_000104_frame0000026.jpg,18.111161996515218,0.7454887007949437,973.8964415715021,1251.0592752663842
vid_000104_frame0000027.jpg,17.628905392627225,0.6939723403721244,1246.03825266621,1678.7224591680115
vid_000104_frame0000028.jpg,17.45644213524054,0.6860757663609106,1302.4063882301302,1725.8696334800416
vid_000104_frame0000029.jpg,16.766495847270104,0.7192400077659773,1285.2490503463396,1537.0055676689685
vid_000104_frame0000030.jpg,16.476532068993833,0.6957824488117558,1313.3427509754868,1498.9096948771828
vid_000104_frame0000031.jpg,16.653458421841933,0.7374742445528025,1335.3041185319328,1426.9903273216344
vid_000104_frame0000032.jpg,17.06646029228913,0.75658500467914,1287.0051475733837,1362.7993882293358
vid_000104_frame0000033.jpg,17.49858190274317,0.7921963957914832,1172.8480483042601,1216.178694404913
vid_000105_frame0000001.jpg,16.197415782365407,0.4078930626411859,873.5286771949898,1630.6371486980966
vid_000105_frame0000002.jpg,16.181379144464593,0.40847026591216934,872.3638089476448,1626.4283436449955
vid_000105_frame0000003.jpg,16.15248970874958,0.406528300765259,923.6242199867575,1778.6867829665157
vid_000105_frame0000004.jpg,16.114634261760234,0.40190359530935676,944.5341404993438,1839.1671392949895
vid_000105_frame0000005.jpg,16.13775704964356,0.40443866019176467,940.6341533592317,1796.8386342071653
vid_000105_frame0000006.jpg,16.781149314557954,0.4638078717981568,640.228186434355,1228.6161487105817
vid_000105_frame0000007.jpg,16.211874478079963,0.4127042039195386,887.9209803984969,1698.632749357021
vid_000105_frame0000008.jpg,16.55202885136853,0.43541544922608216,760.75695913957,1584.7049089253705
vid_000105_frame0000009.jpg,17.38133715400881,0.47234547666317034,649.2310527685296,1290.4579890896448
vid_000105_frame0000010.jpg,16.34880625036961,0.4231892888716531,637.2283565111636,1467.6326744173036
vid_000105_frame0000011.jpg,15.93440557671604,0.41739664664526144,605.1737455579613,1542.227165201475
vid_000105_frame0000012.jpg,15.592862401919154,0.4081731578902968,650.4858404384995,1638.8055877939887
vid_000105_frame0000013.jpg,15.641434324058668,0.41484720270429926,604.3348036116074,1402.4584390800273
vid_000105_frame0000014.jpg,16.08348373463033,0.43883747014369456,551.0932096623835,936.476537322626
vid_000105_frame0000017.jpg,15.195367970383122,0.4233642346223831,642.8336192283341,1455.7440406003534
vid_000105_frame0000018.jpg,15.057701368819934,0.41940721857245444,653.1035123239442,1532.9772278003516
vid_000105_frame0000020.jpg,15.00605352792376,0.41602993386466985,658.7911816160168,1574.764806708728
vid_000105_frame0000023.jpg,15.51581308153769,0.4370987255490643,623.5055607038458,1487.344500409618
vid_000105_frame0000027.jpg,15.309496631324595,0.43898230576479486,651.6608734787454,1517.750358873119
vid_000105_frame0000030.jpg,15.249224058758344,0.4347772625115142,665.796246296705,1593.33211486313
vid_000105_frame0000033.jpg,15.515275744582047,0.44339806538629684,622.9328162233844,1373.661900519692
vid_000105_frame0000037.jpg,15.494550495178709,0.43584277318783865,594.2507800978731,1441.8851739504166
vid_000105_frame0000039.jpg,16.537040319025223,0.44426082603068834,618.5553456365734,1625.9122852003275
vid_000105_frame0000040.jpg,16.774929583723107,0.44925641859298726,689.082145548472,1463.969248466292
vid_000105_frame0000042.jpg,16.71617268204274,0.42900137591423243,928.2537022751824,1776.1420400930278
vid_000105_frame0000044.jpg,16.783365259137756,0.4279447846494216,944.754783511283,1815.4736264166017
vid_000106_frame0000001.jpg,21.1236561614531,0.6310886605905829,518.4269866773682,506.1866342925566
vid_000106_frame0000002.jpg,21.020432987854413,0.6495993122858574,514.0826256575341,498.94917191615264
vid_000106_frame0000003.jpg,21.13780222199594,0.6510681621214214,511.96165816205996,501.61710099730465
vid_000106_frame0000004.jpg,21.304358700324883,0.6452253879755546,515.913246249433,501.7638037425079
vid_000106_frame0000005.jpg,21.17300444799623,0.6522342968206162,520.0963659833828,499.74048951540794
vid_000106_frame0000006.jpg,21.19320019866312,0.6595529208512496,498.7350378182377,485.1080426586027
vid_000106_frame0000007.jpg,20.901242933726,0.6573994694692135,520.145403532623,502.13665104460216
vid_000106_frame0000008.jpg,20.884123061477325,0.6499928764262033,522.40230186293,506.69619685232647
vid_000106_frame0000009.jpg,20.61677565359934,0.6576733953463884,521.47809468739,497.69049898941233
vid_000106_frame0000010.jpg,20.792140263853653,0.6529250032158429,516.7976848568613,496.5381288343445
vid_000106_frame0000011.jpg,20.958154039521983,0.6532926641597604,520.4296007308217,497.2095363654693
vid_000106_frame0000012.jpg,20.806748632632836,0.64581150322847,519.0826150859068,506.4128938973994
vid_000106_frame0000013.jpg,21.07169152860876,0.65049063922194,519.1875065060431,508.6945341867115
vid_000106_frame0000014.jpg,21.091531179381057,0.6495119127993308,520.0970575010347,510.3506120587459
vid_000106_frame0000015.jpg,21.123406632795316,0.651631560096221,519.3232066599437,508.6937261532698
vid_000106_frame0000016.jpg,21.061606036884516,0.6579755654439134,515.3800721226932,499.6776746367402
vid_000106_frame0000017.jpg,20.7992184192706,0.6541089349428532,530.0148478208295,508.26300684172224
vid_000106_frame0000018.jpg,20.899579028060042,0.6461322918635805,522.5873523821274,506.4497524293349
vid_000106_frame0000019.jpg,20.637738317032102,0.6528541599950702,517.1614162906305,500.3013301436119
vid_000106_frame0000020.jpg,21.062817200555596,0.6470854194662127,516.9488816305446,507.947177256122
vid_000106_frame0000021.jpg,21.19389487973626,0.6530228595072606,514.655329305547,505.43495193787044
vid_000106_frame0000022.jpg,21.21333073970364,0.6455972243452252,518.656580914891,506.61017333954965
vid_000106_frame0000023.jpg,21.319053900816,0.6437083764721934,517.6279853616974,501.9501938452298
vid_000106_frame0000024.jpg,21.34688041640338,0.645280993102706,523.1942405627263,508.8602071006919
vid_000106_frame0000025.jpg,21.109470464587737,0.6502019807122231,512.7399279407903,497.0992737729235
vid_000106_frame0000026.jpg,21.293628594416436,0.6551595331249702,505.75260370604457,494.42614430075673
vid_000106_frame0000027.jpg,21.1211523133206,0.6507817591326691,513.0305561215575,496.4465508949207
vid_000106_frame0000028.jpg,21.101279164916704,0.6426217873713893,519.9973311061085,507.04344193167174
vid_000106_frame0000029.jpg,21.084340675802743,0.651650066254911,515.4144522922362,496.27507022474344
vid_000106_frame0000030.jpg,21.196281414570915,0.648609251574257,511.41371226860105,491.2625354907092
vid_000106_frame0000031.jpg,20.66373475118281,0.6505462542657927,527.0303265749783,497.95194260834626
vid_000106_frame0000032.jpg,20.73765698528505,0.6503603461137114,519.6191355761638,494.152902837295
vid_000106_frame0000033.jpg,20.40125604062372,0.6544131198124733,524.5357473161409,495.12874466039915
vid_000106_frame0000034.jpg,20.12244754478295,0.6537626298662648,532.8495547017193,505.15063939629454
vid_000106_frame0000035.jpg,20.192281574339255,0.6532311318662124,530.0913623659305,499.4272667538089
vid_000106_frame0000036.jpg,20.175122977393638,0.6563668335313756,522.6352635393804,497.07598757282557
vid_000106_frame0000037.jpg,20.340345694958934,0.6482762797455786,521.2950983154095,500.2360977774507
vid_000106_frame0000038.jpg,20.533379182880893,0.653300539168513,522.4253591308513,499.37868548430845
vid_000106_frame0000039.jpg,20.66746043685977,0.6617138243184688,512.2435787144119,497.2809664400954
vid_000106_frame0000040.jpg,20.618101143497235,0.6541024815643954,508.45779655654087,496.84609382132476
vid_000106_frame0000041.jpg,20.73986281688643,0.6499027979720686,524.9864461129562,507.37946916109354
vid_000106_frame0000042.jpg,20.747697812624676,0.648004528333916,528.3000459856905,509.66886413778354
vid_000106_frame0000043.jpg,20.653556868776143,0.64607689550628,525.8427680529109,504.5902099264782
vid_000107_frame0000001.jpg,17.14550724831375,0.49843145922028514,613.7762747621517,772.4916633274388
vid_000107_frame0000003.jpg,17.102829010203333,0.5077363253622592,602.0285273053383,741.7571727864253
vid_000107_frame0000005.jpg,16.95089512763041,0.503582436171293,615.7849375880945,761.4357428781852
vid_000107_frame0000007.jpg,16.835018838308354,0.49973652767913074,615.2497920870882,770.5202607245255
vid_000107_frame0000010.jpg,16.695363378782275,0.48950698065606363,609.0854804585119,798.1430024566885
vid_000107_frame0000012.jpg,16.648033089267557,0.4938791289067752,602.7752581691077,797.7501902171927
vid_000107_frame0000014.jpg,16.7905545631183,0.49883901288998295,605.2584525233422,812.5489579322366
vid_000107_frame0000017.jpg,17.104925586178837,0.5105369337775668,589.3043057314075,765.2419953277174
vid_000108_frame0000001.jpg,19.89703536554813,0.6124892191342572,514.2846851592658,534.1594770367677
vid_000108_frame0000002.jpg,19.91414006801327,0.6309767646693061,508.252527564894,516.6457886167475
vid_000108_frame0000003.jpg,20.115351679954756,0.6314423487912272,509.6160975243274,531.7856067323166
vid_000108_frame0000004.jpg,19.75914356325164,0.6254649253466735,515.0835685051558,530.4238487934568
vid_000108_frame0000005.jpg,19.802016264678144,0.6236005738942579,523.9845056421684,537.5862718997448
vid_000108_frame0000006.jpg,19.905887758088635,0.6164259044119188,517.2011102826941,556.7225190845925
vid_000108_frame0000007.jpg,19.78194799940296,0.6181672733608945,536.7270202306931,594.1447663361382
vid_000108_frame0000008.jpg,19.63894098723565,0.6089963844654885,551.4935340136918,614.6047514313337
vid_000108_frame0000009.jpg,19.77286205745109,0.6181354106785543,529.3580269973588,585.2574322464657
vid_000108_frame0000010.jpg,19.565485366288172,0.6047866243142487,543.6854198451806,608.4624836345889
vid_000108_frame0000011.jpg,19.636674465685896,0.6114519957953211,544.9106734022454,601.2919685879002
vid_000108_frame0000012.jpg,19.31789937484941,0.6028940989895949,546.6273082515306,623.414766715335
vid_000108_frame0000013.jpg,19.539667242955428,0.610939250229683,522.4845268602128,597.1377946313718
vid_000108_frame0000014.jpg,19.481743837323798,0.6081987848880545,576.3458335724799,659.8207182653844
vid_000108_frame0000015.jpg,19.42666529043573,0.6093414852769494,586.007052127379,659.2253399392177
vid_000108_frame0000016.jpg,19.37189881141601,0.6053744329494302,586.9891663769365,657.6909148464836
vid_000108_frame0000017.jpg,19.427099932287668,0.6085752726737991,590.2279686869521,654.4862422976362
vid_000108_frame0000018.jpg,19.363702369574142,0.6063622880786408,583.0471922644654,655.023351087018
vid_000108_frame0000019.jpg,20.00475962482629,0.6221281315902446,533.5647789358129,632.1980301508795
vid_000108_frame0000020.jpg,19.9297449378761,0.6025649726183117,619.4997541141408,728.4607849422528
vid_000108_frame0000021.jpg,19.77221170747302,0.6119944485215604,583.1259392175322,679.4802909382796
vid_000108_frame0000022.jpg,19.722178923849988,0.6041826520077255,602.8753427424224,719.5936505342044
vid_000108_frame0000023.jpg,19.48822087767687,0.5950427088537699,607.2541983142718,724.8309273222386
vid_000108_frame0000024.jpg,19.571214464899366,0.5910861322605202,601.8423780783003,713.1304018199223
vid_000108_frame0000025.jpg,19.79044494139022,0.6008557146433251,602.2973740341835,706.5778593588824
vid_000108_frame0000026.jpg,19.91727411220138,0.6025167386212119,602.5975459207756,694.604717508706
vid_000108_frame0000027.jpg,19.885722197899312,0.6066778693009834,602.8176211261648,702.0657793641282
vid_000108_frame0000028.jpg,19.69594094511154,0.5944697542238871,602.4533889498613,717.7909945702304
vid_000108_frame0000029.jpg,20.065076409580275,0.6169884632656649,574.2698683766541,683.8680470339215
vid_000108_frame0000030.jpg,19.99308531203496,0.6037096928212553,578.3938059113765,701.1048650047237
vid_000108_frame0000031.jpg,19.963483970675895,0.61132535669533,612.4217951007345,708.3772099349591
vid_000108_frame0000032.jpg,19.628859531380222,0.5963481573155499,623.9366830467179,728.4851259911198
vid_000108_frame0000033.jpg,19.77783460285971,0.600030980614331,601.6901492239463,715.7549302396276
vid_000108_frame0000034.jpg,19.808161674866334,0.6066835940300809,602.5594031161027,740.7584170577766
vid_000108_frame0000035.jpg,19.779192616377696,0.608290583901059,625.9753886970545,757.4423781807964
vid_000108_frame0000036.jpg,19.759309294613082,0.6056321597786317,629.0321310208648,753.0654852646489
vid_000108_frame0000037.jpg,19.719758746797243,0.6053166407095626,597.3391826390382,742.9996389070739
vid_000108_frame0000038.jpg,19.648901577614055,0.6058300100783238,619.4003075594915,806.2286460760588
vid_000108_frame0000039.jpg,18.885953947387712,0.5963072831952229,708.6082451811067,872.6375833617973
vid_000109_frame0000001.jpg,18.917423343963364,0.5712430731736532,743.2679718592133,669.0036988114884
vid_000109_frame0000002.jpg,18.99492966890363,0.5858486216714116,741.5805323940699,659.2127574128492
vid_000109_frame0000003.jpg,18.94664233246947,0.5817308398406013,732.2141091920431,663.8303733436438
vid_000109_frame0000004.jpg,18.9486312962097,0.5717496570656321,749.2470251544931,689.9966521613304
vid_000109_frame0000005.jpg,18.751939153616398,0.5637034062748366,745.5730584826952,688.0949036381344
vid_000109_frame0000006.jpg,18.853626478310023,0.5727821576381819,759.2400251091412,694.8561238485136
vid_000109_frame0000007.jpg,18.92065434568406,0.5736627820878736,754.224784285078,694.2861046647954
vid_000109_frame0000008.jpg,18.7750135494132,0.5653523261188982,771.1593626963829,711.0103568277763
vid_000109_frame0000009.jpg,18.76126019550092,0.5718341309126159,755.0857309727063,693.6171152300242
vid_000109_frame0000010.jpg,18.736267694774867,0.5575050395631627,777.7313701907141,719.0192648671762
vid_000109_frame0000011.jpg,18.892568615341226,0.5703550722490628,717.7390122071142,669.750925712762
vid_000109_frame0000012.jpg,18.916506377070647,0.5770092291821631,664.011235872639,608.6312932945111
vid_000109_frame0000013.jpg,19.07500172286003,0.601210069643037,592.318525626249,499.147195485309
vid_000109_frame0000014.jpg,19.346642810861706,0.6190477681059693,589.4772508554514,457.5625574313951
vid_000109_frame0000015.jpg,19.341380010747855,0.612813901762726,592.8113428872913,469.40451560849806
vid_000109_frame0000016.jpg,19.215669332522054,0.5966968885599407,585.3960856456059,485.14579107992597
vid_000109_frame0000017.jpg,19.16030039363565,0.6024597360141994,581.5202295829931,469.75266412047193
vid_000109_frame0000018.jpg,18.942550950951976,0.5961413567523374,592.1268201950483,488.49138873915695
vid_000109_frame0000019.jpg,19.154980008106882,0.6108485702068415,600.0639098346876,502.6660780685306
vid_000109_frame0000020.jpg,19.43699882808553,0.6048658659637484,575.3399242245295,491.86451274836753
vid_000109_frame0000021.jpg,19.355434324196754,0.6100971904273474,585.3317189217012,489.9614803101679
vid_000109_frame0000022.jpg,19.34231720638384,0.6102546341648764,585.5656719971714,496.5640358933614
vid_000109_frame0000023.jpg,19.653835133199976,0.6186795373569839,580.4655949315236,492.0710273600731
vid_000109_frame0000024.jpg,19.343949305873796,0.5816103495417583,648.1458522094354,573.2558479793026
vid_000109_frame0000025.jpg,19.301516104438065,0.5831457757190938,656.6843239559735,646.7479398589336
vid_000109_frame0000026.jpg,19.00985147533006,0.5719405178658801,745.8447149301353,701.1867241292264
vid_000109_frame0000027.jpg,19.10040440217306,0.5708589392208956,745.2303612679917,680.6922002720005
vid_000109_frame0000028.jpg,19.04100383182574,0.5588632309145404,755.6104474400935,701.0583764437038
vid_000109_frame0000029.jpg,19.220365249731334,0.5779589103672872,736.6232457630346,665.2561830071932
vid_000109_frame0000030.jpg,19.1852121830696,0.5618314638793861,757.4774781681664,685.4282193445401
vid_000109_frame0000031.jpg,19.24697852579093,0.5708002127025323,755.2877066947822,680.9726152632345
vid_000109_frame0000032.jpg,19.123451050210026,0.5608354509452037,774.7492669391295,704.9854303967863
vid_000109_frame0000033.jpg,19.207567193081736,0.565036569952595,759.9838555850379,689.0129849460698
vid_000109_frame0000034.jpg,19.27008630416109,0.5725498832511494,762.9773100788411,671.6519903640025
vid_000109_frame0000035.jpg,19.142905211234844,0.5746943762260148,754.4020574553854,670.9060375641963
vid_000109_frame0000036.jpg,19.21419662505874,0.5835929949056741,727.3843761207842,658.8447488041779
vid_000109_frame0000037.jpg,19.303703103581775,0.5778501410047182,745.2538865744898,655.2539140069377
vid_000109_frame0000038.jpg,19.174536765417876,0.5776286158557423,753.1979348602877,666.957515668009
vid_000109_frame0000039.jpg,19.148947913236366,0.5821303994432939,745.0593318984291,656.35330735199
vid_000109_frame0000040.jpg,19.146742903105093,0.5712556882130356,763.4812875318464,673.3471254884582
vid_000109_frame0000041.jpg,19.20113161641795,0.5751117012146818,752.3251073892851,662.6982177937122
vid_000109_frame0000042.jpg,19.162308694535323,0.5758096315046624,756.4241855596891,662.4580141785963
vid_000110_frame0000001.jpg,18.434340754486236,0.757605504507429,790.9054775003825,836.1395070104776
vid_000110_frame0000002.jpg,18.545622308749408,0.7903695067969804,764.2075532517546,793.5599179355864
vid_000110_frame0000003.jpg,18.463291514359366,0.7985510681548448,811.1016109119955,876.5432505254529
vid_000110_frame0000004.jpg,18.54901487958323,0.7886084905675138,850.1190845042089,895.835168405571
vid_000110_frame0000005.jpg,18.477196387151096,0.8064476505745398,830.218693180525,892.2855148417133
vid_000110_frame0000006.jpg,18.36153538565465,0.8023823034778337,862.9051338223921,908.3562373580777
vid_000110_frame0000007.jpg,18.510446906109376,0.8022660427692454,898.7708396212695,931.5817371783024
vid_000110_frame0000008.jpg,18.516721852743295,0.80198672626323,954.4500621489519,988.9487935752545
vid_000110_frame0000009.jpg,18.57070524468458,0.80454362351339,890.28418600026,930.4436630059326
vid_000110_frame0000010.jpg,18.33112298843116,0.8294836837910685,814.6758287923534,641.4293346881218
vid_000110_frame0000011.jpg,18.353595163725558,0.839550377510968,792.9863802007877,476.2668420643941
vid_000110_frame0000012.jpg,18.499400795570345,0.8630265557924023,695.5076142461086,370.7983791636389
vid_000110_frame0000013.jpg,18.46602510883245,0.8307782964983578,679.8417341761033,438.0847197375223
vid_000110_frame0000014.jpg,18.447695179916682,0.8241112055809743,668.5532594010926,437.44830782289546
vid_000110_frame0000015.jpg,18.412790799820236,0.8138159147184325,668.0099915982006,436.252405771082
vid_000110_frame0000016.jpg,18.35723488029249,0.8291879508853367,657.3798012933685,426.1036696107668
vid_000110_frame0000017.jpg,18.495687286203975,0.8166068553584847,669.5881498810111,433.78929504410706
vid_000110_frame0000018.jpg,18.47614400384821,0.803965842882298,675.2268522331025,447.5701646501641
vid_000111_frame0000006.jpg,18.798667791569905,0.8222262261775222,574.1399356667073,399.09919509581994
vid_000111_frame0000007.jpg,18.618518169443927,0.814709278352549,596.0224458554211,448.3131666274454
vid_000111_frame0000008.jpg,18.77633915581712,0.7858845307584112,617.7796749533752,540.2456400119214
vid_000111_frame0000009.jpg,18.700540517268152,0.7975893115919933,621.9924465993814,468.76054388038733
vid_000111_frame0000010.jpg,18.579168081458384,0.7718248263086446,643.7122920137373,570.7851470866507
vid_000111_frame0000011.jpg,18.457973105584568,0.7884885639628666,628.7750881708765,540.9596772817268
vid_000111_frame0000012.jpg,18.44131340976135,0.782334228665135,626.041584886982,543.4833934733745
vid_000111_frame0000013.jpg,18.782932656132537,0.8122494004590525,616.215691379275,463.95497581230507
vid_000112_frame0000001.jpg,15.872737269610745,0.628609140462754,459.56584635000314,1461.8475397977618
vid_000112_frame0000002.jpg,16.021628727680447,0.6361995654072462,422.5590283687676,1379.2087152692377
vid_000112_frame0000003.jpg,15.912173159601332,0.6358749735006959,403.93201873597116,1344.7587773491118
vid_000112_frame0000004.jpg,16.07300456977689,0.6301143151143336,406.710144998238,1428.4103523951858
vid_000112_frame0000005.jpg,15.950253246225447,0.6419617268183747,396.87220872172486,1271.8574782288913
vid_000112_frame0000006.jpg,15.91175211923315,0.6488060267937259,379.6073199730409,1146.762681427953
vid_000112_frame0000007.jpg,15.952180493234104,0.6485700012598773,364.5172768052415,1067.054962093729
vid_000112_frame0000008.jpg,15.96534289379641,0.6494133272033528,374.71392098067196,1052.0601767586966
vid_000112_frame0000009.jpg,16.832717225629207,0.6820692739493639,316.2206989960143,827.0802375669232
vid_000112_frame0000010.jpg,17.06731104778807,0.6678206094653509,359.8586526260243,1006.9422415126935
vid_000112_frame0000011.jpg,16.955498298382413,0.6520357898069711,362.4367580008486,1136.4186863801485
vid_000112_frame0000012.jpg,16.827409552194553,0.6410878725093244,381.8072214663873,1251.427322135721
vid_000112_frame0000013.jpg,16.914506178362824,0.6434100461154727,378.5958452404931,1223.382288172841
vid_000112_frame0000014.jpg,17.957019067958647,0.6766206165057294,286.96376243014663,880.7470752320968
vid_000112_frame0000015.jpg,18.76703035577788,0.7185039375574128,225.01599069850835,622.4410240042282
vid_000112_frame0000016.jpg,17.92775585891149,0.6852929138201019,237.74700902829915,656.9173851409275
vid_000112_frame0000017.jpg,17.900444783176624,0.6762356944163225,229.74129986280286,680.8013284922106
vid_000112_frame0000018.jpg,17.8846561663481,0.6661871723228557,247.84005249076216,777.1473015743384
vid_000112_frame0000019.jpg,18.16688585932593,0.671105741508133,236.497822542447,738.561039053126
vid_000112_frame0000020.jpg,18.120624772761694,0.6643893666727071,246.19926405378646,773.6501955961294
vid_000112_frame0000021.jpg,18.545104520870062,0.7105703727858276,234.4327847689107,641.0485337115081
vid_000112_frame0000022.jpg,17.516343730102683,0.6769186484887276,335.9355292126912,938.5929954379701
vid_000112_frame0000023.jpg,16.940032000262878,0.6488289547470223,406.67983233634055,1261.4048317378474
vid_000112_frame0000024.jpg,16.960217681301046,0.6670347121798491,372.067978506971,1075.2709457327237
vid_000112_frame0000025.jpg,16.96073692335589,0.6762392385424622,368.3327135987904,964.8940994006325
vid_000112_frame0000026.jpg,17.207550220866285,0.694723496405905,375.913235671414,897.1094868428619
vid_000112_frame0000027.jpg,17.094170776910463,0.7077460710882573,398.62428096713904,879.1623869128501
vid_000112_frame0000028.jpg,17.498607370368898,0.7096620866203205,405.72243093642084,898.3600488626256
vid_000112_frame0000029.jpg,17.76711568348285,0.7189447296613732,398.5086235129725,832.2320716941641
vid_000112_frame0000030.jpg,16.69919574535093,0.7006089350540203,404.7121753833212,949.8136602795228
vid_000112_frame0000031.jpg,16.20159788737797,0.6710475291877124,442.01693256908436,1195.088815022961
vid_000112_frame0000032.jpg,15.980371662180819,0.6518276852369177,459.33007976096343,1277.5651806325038
vid_000112_frame0000033.jpg,16.11103942556095,0.6600869458935276,451.2993780498482,1229.1508647001751
vid_000112_frame0000034.jpg,16.105669143801936,0.6627122304410845,458.01105953381074,1231.3129088373917
vid_000112_frame0000035.jpg,17.41126786406008,0.7222899405033373,319.08847148648624,762.2370871928256
vid_000112_frame0000036.jpg,17.921703241197005,0.7477308806830633,286.25093241385775,730.0107930495919
vid_000112_frame0000038.jpg,17.652498375676707,0.6932208079663461,261.48959611469473,753.5856086617134
vid_000112_frame0000039.jpg,18.657850255990414,0.7139372038757729,242.1011202793609,655.9116947589766
vid_000112_frame0000040.jpg,18.329447916712226,0.6911379344897348,258.9482830123045,735.3878679916324
vid_000112_frame0000041.jpg,18.245041175892133,0.6834297799140381,269.7535322227321,765.6532898060119
vid_000112_frame0000042.jpg,18.316786862242797,0.6852656660423433,266.3178177527688,731.9938499098087
vid_000112_frame0000043.jpg,18.426088916284368,0.6920765723812089,264.2517124702042,716.9765971427089
vid_000112_frame0000044.jpg,19.141103824179403,0.7136983426982288,260.89786790423386,605.054994255192
vid_000112_frame0000045.jpg,19.372944696502394,0.7267054000056881,255.88741709164609,553.4023766166853
vid_000112_frame0000046.jpg,19.191191872410506,0.7184825676443646,257.31716375448815,591.9929648483032
vid_000112_frame0000047.jpg,19.0787566647352,0.7089298840290649,266.55294440240374,630.6128226230314
vid_000112_frame0000048.jpg,19.196505254280257,0.7104888784218834,260.60547784161196,609.2081248359993
vid_000112_frame0000049.jpg,19.356325156350188,0.7213762390701951,254.71758501493946,560.4774989303281
vid_000112_frame0000050.jpg,19.311456446486012,0.7221561806728287,253.98322521705336,566.3505836249844
vid_000112_frame0000051.jpg,18.7246478568165,0.7365812778946669,281.53650686670755,647.8847811126296
vid_000112_frame0000052.jpg,17.246810574982025,0.7224356358129432,290.09380777253807,783.904922484496
vid_000112_frame0000053.jpg,16.211051510925085,0.680063620540448,389.1610331381096,1098.840520326812
vid_000112_frame0000054.jpg,15.906325539583337,0.6579873879421303,415.8375538910609,1264.015846172644
vid_000112_frame0000055.jpg,16.11505638889688,0.6709096879131317,401.59787905800874,1180.0023808196197
vid_000112_frame0000056.jpg,16.55075883850762,0.6955042293948545,390.6652867822904,1112.999792776274
vid_000112_frame0000057.jpg,16.450119629571148,0.6819729394406527,399.7209612627647,1201.0799908574518
vid_000112_frame0000058.jpg,16.62090639552064,0.6843534544813165,384.05108383918025,1157.2446265531723
vid_000113_frame0000001.jpg,18.998049626022613,0.7581901196273474,360.9345602696503,515.0616500351646
vid_000113_frame0000002.jpg,19.046453270404733,0.7631125903121642,358.06779998757503,510.6040091022794
vid_000113_frame0000003.jpg,19.04483935311466,0.7676664390675455,357.757449989921,513.3461342785911
vid_000113_frame0000004.jpg,19.567749154721948,0.7845359162397081,391.14823277554075,531.9645529572047
vid_000113_frame0000005.jpg,19.687183317806333,0.8038667316018082,384.7087570793884,510.8701904378057
vid_000113_frame0000006.jpg,20.19621216773252,0.8149661222549751,292.4531265973953,469.0316360375041
vid_000113_frame0000007.jpg,18.406469506822084,0.7101636611349496,205.07561971493232,643.3993382285348
vid_000113_frame0000008.jpg,19.09588119448098,0.742515419872023,186.0191426516633,439.8001960026389
vid_000113_frame0000009.jpg,19.309955518311742,0.7532293035995368,192.26101058216653,481.3550288363423
vid_000113_frame0000010.jpg,17.925648923108064,0.6704728082518634,229.06600355299196,721.9187674672572
vid_000113_frame0000011.jpg,17.94441936264926,0.6718079625221688,214.47884148497113,683.903993415343
vid_000113_frame0000012.jpg,17.842710497318162,0.6687272094814194,223.6514122510024,715.2511705878576
vid_000113_frame0000013.jpg,17.928913406872308,0.6722691655954337,216.76330163429083,683.1495934028869
vid_000113_frame0000014.jpg,17.076635059539278,0.6689674853271588,189.5913690534338,627.9706472984301
vid_000113_frame0000015.jpg,17.46546222748832,0.662551857965527,204.4781339703899,648.3256974075391
vid_000113_frame0000016.jpg,17.57498247346735,0.6692973829424272,197.63509626168616,620.1513677338319
vid_000113_frame0000017.jpg,17.76098869612997,0.6776575137837503,196.34390636800978,560.7317760540114
vid_000113_frame0000018.jpg,18.451469462732742,0.7450446754263306,186.44680211177706,413.2486532750932
vid_000113_frame0000019.jpg,18.56750303486185,0.7559486039603569,181.24376640018858,389.87463164092685
vid_000113_frame0000020.jpg,18.492753989484648,0.7529512877601742,186.43731472163535,393.5655004005389
vid_000113_frame0000021.jpg,17.93391488739492,0.7109532873442515,189.31344833990389,477.94845027541055
vid_000113_frame0000022.jpg,17.467300728509766,0.663156279417452,207.0863582454191,656.5474586941787
vid_000113_frame0000023.jpg,17.366845184195487,0.6527378423509037,210.17710615727472,700.8309048339391
vid_000113_frame0000024.jpg,17.243615990740153,0.6419088075510854,220.8511695726619,766.031844134166
vid_000114_frame0000009.jpg,17.343543982320956,0.6917176726170992,1039.02700256425,1256.778454416131
vid_000114_frame0000018.jpg,17.21295259313158,0.6826593734177134,1070.856127588306,1321.5496807107709
vid_000114_frame0000021.jpg,17.322309776756267,0.6993175263077221,1064.3773397650689,1279.1176761277816
vid_000114_frame0000025.jpg,17.236415690946366,0.7035949538844609,1053.4756453221844,1304.544537083732
vid_000114_frame0000030.jpg,16.52915879364542,0.6755743168326024,1081.606742182347,1491.4868790959329
vid_000114_frame0000031.jpg,16.480278550981605,0.683934683977415,1071.9565361727907,1467.4079740943166
vid_000114_frame0000034.jpg,16.430926445000875,0.6742087591324294,1076.1204547087536,1570.3111704639182
vid_000114_frame0000036.jpg,16.483270105132036,0.6985034657091199,774.7632230188592,1437.2817896208917
vid_000114_frame0000037.jpg,16.668835553737935,0.6720538972866473,1186.4578304619795,1998.2821523121338
vid_000114_frame0000038.jpg,16.729971900002493,0.6879725051003581,1239.1174374361656,2135.742143175455
vid_000114_frame0000039.jpg,16.67483881582376,0.6726263909273899,1377.7924299580661,2201.9998086576766
vid_000114_frame0000042.jpg,16.208327217078747,0.6518503394047088,1702.1599363767093,2463.937103925121
vid_000114_frame0000046.jpg,16.24154257904746,0.6552131458048319,1622.102223513266,2288.58059663471
vid_000114_frame0000049.jpg,16.183213344165154,0.6420860341158398,1694.6388984381958,2457.519515571723
vid_000114_frame0000052.jpg,16.63747210658444,0.6904730139586914,749.087400973694,987.2836928947227
vid_000114_frame0000053.jpg,16.931312923765265,0.6592046646313392,742.3464812968052,916.4610482937896
vid_000114_frame0000054.jpg,16.42544135088936,0.6138845806919222,774.21843826582,1234.4910504956183
vid_000114_frame0000056.jpg,16.441348159523532,0.7504451518652567,613.63998078504,958.7318073263278
vid_000114_frame0000057.jpg,17.064460523659772,0.8179881419817377,559.7605923036551,518.609723781776
vid_000114_frame0000058.jpg,16.8475778715285,0.7801984201084328,587.1915619914713,655.5258812739982
vid_000114_frame0000059.jpg,16.983259654378504,0.7946811748973569,567.5830088108221,618.8096948207219
vid_000114_frame0000060.jpg,17.176626443141323,0.8322159335189605,534.6194555638539,408.72212866195514
vid_000114_frame0000061.jpg,17.164932460711672,0.8248658208943297,537.30866418394,432.4798399448037
vid_000114_frame0000062.jpg,17.12643675026831,0.8198612882099812,527.8136579474951,447.87733325973784
vid_000115_frame0000007.jpg,16.567816436568364,0.6953540329317734,1065.759092110235,1191.6199753924873
vid_000115_frame0000010.jpg,16.93876761280645,0.7232559416371113,1011.387025068976,945.5014823531432
vid_000115_frame0000013.jpg,17.035870216516727,0.7389387760957896,984.4889111559468,946.9135754524192
vid_000115_frame0000018.jpg,17.34847141803886,0.7598681684008813,1104.711682102401,1154.7423637716383
vid_000115_frame0000033.jpg,17.2190967737179,0.7344445499941017,1223.7417179962085,1250.033279683703
vid_000115_frame0000038.jpg,18.654475815309056,0.8285319758036529,1071.291205210288,708.0942792883221
vid_000115_frame0000040.jpg,17.32512740971793,0.7486104181140091,1224.294170585866,954.7953312899085
vid_000115_frame0000041.jpg,17.28083705023891,0.7610179554685096,1265.7792689619598,1089.5869183028556
vid_000115_frame0000048.jpg,17.97773299086363,0.7785360664782578,1294.597424529762,1305.5527393849243
vid_000115_frame0000050.jpg,16.065609575759616,0.7162476789074801,1370.3030051371343,1589.0836512350972
vid_000116_frame0000001.jpg,18.170519257656785,0.7904287730315057,865.7068308475042,717.8538173518607
vid_000116_frame0000002.jpg,18.285411332727858,0.8189095002599034,859.4327111673808,699.1709060609543
vid_000116_frame0000003.jpg,18.300692256848382,0.8016048390480197,891.1302157310392,734.6939105512148
vid_000116_frame0000006.jpg,18.168956460279922,0.7921937453274822,883.9207985812719,768.1901966835792
vid_000116_frame0000010.jpg,18.033541934295613,0.7832114149140557,882.0188694040803,780.557814424002
vid_000116_frame0000013.jpg,18.106008407164516,0.791762543120435,874.588422165903,796.0412979063191
vid_000116_frame0000015.jpg,18.038941957413932,0.7849718638875322,886.8414672560336,803.3914251773978
vid_000116_frame0000020.jpg,17.94468762602902,0.7728197739484782,918.7278066042973,829.2337574283359
vid_000116_frame0000021.jpg,17.947979362662576,0.7820361727400119,917.2976872302323,824.9771497508468
vid_000116_frame0000022.jpg,17.864932781684164,0.7703178616524865,905.3306979965066,816.4936039545781
vid_000116_frame0000027.jpg,17.8789677089286,0.7738187967684462,917.5830839496034,827.5679798297635
vid_000116_frame0000028.jpg,17.699540084145998,0.7594604769889856,927.1183671233389,845.4835892069332
vid_000116_frame0000029.jpg,17.760439810272246,0.7719814119493228,924.2250706967576,851.7586495942031
vid_000116_frame0000030.jpg,17.732383052542936,0.7601457373406748,931.7016872968125,874.1837383894964
vid_000116_frame0000032.jpg,18.095158980793364,0.7734598961063991,1008.4989587209383,896.8871270745899
vid_000116_frame0000033.jpg,18.151631626480206,0.7852329289785954,1020.547721568198,864.4798219419756
vid_000116_frame0000034.jpg,18.000426331515527,0.780149590777731,1036.198292261659,808.8188809347603
vid_000116_frame0000036.jpg,18.07358704977474,0.7868922174780922,1034.2090059645702,828.6459256148878
vid_000116_frame0000041.jpg,18.06635882448629,0.790129632188307,1044.136595769248,848.9676823556124
vid_000116_frame0000042.jpg,18.118989980597263,0.7908103238938659,1045.9628390436446,846.9535543696463
vid_000116_frame0000046.jpg,18.138023564296915,0.7884435409982761,1042.912082373646,800.362906662225
vid_000116_frame0000048.jpg,18.19735332397351,0.786793933553433,1044.3793177967912,795.5041469623562
vid_000116_frame0000054.jpg,17.953087692213895,0.7669767488318809,1053.235840747766,863.5590301814569
vid_000116_frame0000064.jpg,17.624278517508827,0.7573972571823173,1085.477506074032,963.0219099691104
vid_000116_frame0000066.jpg,17.691757657724455,0.7600373261439556,1084.963325124499,965.627511987772
vid_000117_frame0000001.jpg,16.898109618617973,0.7915792537511414,834.0808049574157,689.7044613334816
vid_000117_frame0000002.jpg,16.897152505659154,0.8134754995501554,829.3856991908608,686.6674271352748
vid_000117_frame0000003.jpg,16.99458142922325,0.7738550455420506,857.5713378910682,716.1369659808099
vid_000117_frame0000004.jpg,16.958794589088008,0.7360016768522808,883.9802673209127,775.7832109985758
vid_000117_frame0000006.jpg,16.97350397491895,0.7690486537601204,853.2800160044419,743.055254919525
vid_000117_frame0000007.jpg,16.848266281958352,0.7884078992385147,816.9359995003078,727.8497045739222
vid_000117_frame0000008.jpg,16.818918049942614,0.7343999369006337,824.2406846481908,776.415387001822
vid_000117_frame0000009.jpg,16.84156629141073,0.7482215465446708,810.6288612390533,750.783247620554
vid_000117_frame0000011.jpg,16.823133580163244,0.7365052127337349,840.6309743837363,782.97044861421
vid_000117_frame0000013.jpg,16.75991040196458,0.7418151044517872,837.3473850403789,769.9672115292298
vid_000117_frame0000014.jpg,16.71172590978919,0.8128912688480664,795.5450108195951,682.2567155826454
vid_000117_frame0000015.jpg,16.582779347548737,0.7767092750607735,829.3355927112831,768.2314398413752
vid_000117_frame0000016.jpg,16.58648565604733,0.8233036993941857,806.1683726969529,737.6557743018909
vid_000117_frame0000018.jpg,16.791187474670544,0.7242316779542198,855.1962031001697,787.5940040271089
vid_000117_frame0000021.jpg,16.846215031198142,0.7333124675225169,851.6336660177033,775.7863763308055
vid_000117_frame0000022.jpg,16.74451353631615,0.7257106782536642,859.5926505393937,791.4202207352897
vid_000117_frame0000023.jpg,16.82034856165493,0.7415638959904912,848.9649690473012,776.9721424874581
vid_000117_frame0000024.jpg,16.776445173892995,0.7507208007634686,866.0055088710784,769.4822794605118
vid_000117_frame0000025.jpg,16.927502073595825,0.7912820667963487,886.9362923501162,749.627481648063
vid_000118_frame0000001.jpg,18.279660023514847,0.8017849041730963,952.4519387513278,724.9578596632973
vid_000118_frame0000005.jpg,18.31037277054794,0.8452257645250202,930.8620713526589,702.2438181285253
vid_000118_frame0000008.jpg,18.504125723633205,0.8209001978349583,950.0195537758145,718.8504686530063
vid_000118_frame0000010.jpg,18.401730234957693,0.8438661039624131,946.3450805082332,715.5947085348961
vid_000118_frame0000012.jpg,18.394554811598013,0.8232540289175413,943.6220105363395,722.5301380668061
vid_000118_frame0000014.jpg,18.3258991520536,0.8189229428076644,938.1900393240289,704.2672457497941
vid_000118_frame0000018.jpg,18.443533692105486,0.8267962807203911,930.0098974270395,727.4530693827126
vid_000118_frame0000019.jpg,18.314376529823008,0.8467747977176517,917.2991073553612,723.2323466739103
vid_000118_frame0000021.jpg,18.511863944379588,0.8570176055213269,927.2573108382832,724.0309667793429
vid_000118_frame0000024.jpg,18.19706926892077,0.8222401961071121,932.3574889128397,692.3112124774004
vid_000118_frame0000026.jpg,17.88197207039365,0.8327236310631423,918.3692695302421,647.8506369268853
vid_000118_frame0000028.jpg,17.838904625808958,0.8145222240886051,938.2008368982189,667.5158124870551
vid_000118_frame0000029.jpg,18.003418066914072,0.8291900492199944,924.1215626891495,649.4305625647422
vid_000118_frame0000031.jpg,17.853626840836853,0.8312488205361329,938.376582621273,644.883973445545
vid_000118_frame0000036.jpg,18.07983344248371,0.8314765439092824,926.0094694014857,613.1123228457768
vid_000118_frame0000037.jpg,18.00098923422769,0.830571848909763,919.0156422418542,607.8058129584193
vid_000118_frame0000038.jpg,18.09078241523229,0.8280042789671445,922.9207816841381,613.2267856686191
vid_000118_frame0000039.jpg,17.93127994944605,0.8214903466983915,903.4877909544261,610.0806224626807
vid_000119_frame0000001.jpg,17.302306923142318,0.7788523722320341,836.4211135204815,743.0837219579771
vid_000119_frame0000002.jpg,17.188105199556787,0.8270465022368375,823.1799069934951,729.415163931709
vid_000119_frame0000003.jpg,16.991229387269783,0.8569329924154229,815.6681493588248,711.0454136516191
vid_000119_frame0000004.jpg,17.43301672863097,0.7631986834028975,859.3773709945958,804.0863050449074
vid_000119_frame0000005.jpg,17.275610930065866,0.7996528056762212,819.4334055529074,780.2565622919733
vid_000119_frame0000006.jpg,17.368268764365755,0.800864888259217,800.5571355895612,773.1843551800044
vid_000119_frame0000007.jpg,17.249550995734243,0.7651118914254517,790.0883920483728,807.1788568682822
vid_000119_frame0000009.jpg,17.222251958363053,0.7654327236599395,780.0656451194478,803.7302278195732
vid_000119_frame0000011.jpg,17.24074449389032,0.7642100021693511,779.7895738700929,804.8367069599923
vid_000119_frame0000012.jpg,17.271293064774003,0.7501191699410942,796.921149913262,814.214770004014
vid_000119_frame0000013.jpg,17.104662924693258,0.8138692205838214,803.6595251571197,739.402908816823
vid_000119_frame0000014.jpg,17.17008879633044,0.7736806636361014,827.3478457136014,750.5332847086066
vid_000119_frame0000015.jpg,17.119830920308917,0.7599450847134589,806.0969121849286,762.6409028638083
vid_000119_frame0000017.jpg,17.145241482280287,0.802091045305893,808.5293907591653,738.2703902575855
vid_000119_frame0000018.jpg,17.26119066633299,0.799696562441719,823.0096301048396,764.9833551755444
vid_000120_frame0000001.jpg,18.133044154153126,0.7892967334381887,1061.442462292027,992.8164157494975
vid_000120_frame0000002.jpg,18.245866371460906,0.8039578319277049,1049.138064342918,967.9032694895966
vid_000120_frame0000003.jpg,18.18017679553379,0.8032842616518998,1070.1130910811016,979.5474326650167
vid_000120_frame0000004.jpg,18.138287211893207,0.7914296253904346,1098.1493550866762,1019.5225768516518
vid_000120_frame0000005.jpg,18.116322031534608,0.7928035020698895,1089.5764730479802,1014.3069505550234
vid_000120_frame0000007.jpg,17.72107957979102,0.7866718026782173,1131.550103389232,1043.3158175362846
vid_000120_frame0000008.jpg,17.581804440920205,0.7747133682480687,1088.016116755549,1086.0643108647118
vid_000120_frame0000012.jpg,17.74150787335156,0.7895925111590391,1099.7065053523856,1113.8442749781302
vid_000120_frame0000013.jpg,17.71410335936157,0.7929419662710927,1117.5362020044156,1179.2445196285237
vid_000120_frame0000015.jpg,17.68280169674402,0.8028733045858512,1166.4775956825415,1198.5214118919976
vid_000120_frame0000017.jpg,17.657523099119196,0.8069378227183766,1090.5927852097159,1158.7858988209364
vid_000120_frame0000018.jpg,18.240465778004467,0.8165707979433204,1007.7515591938073,1058.3030624630799
vid_000120_frame0000019.jpg,18.681574370768153,0.8329602200500408,916.3095196052544,964.744558871186
vid_000121_frame0000001.jpg,15.822741930397452,0.6964790588871098,1338.667888925581,1377.099017731381
vid_000121_frame0000002.jpg,15.866049385292316,0.7085578750339065,1322.0474107267423,1319.826284118545
vid_000121_frame0000003.jpg,15.812152331806681,0.716506091243338,1269.0479905990992,1276.0703096613545
vid_000121_frame0000004.jpg,15.543292858529371,0.6901753328663536,1215.867864120567,1293.9721741665082
vid_000121_frame0000007.jpg,16.246076396737124,0.7137152369518382,1109.2502668140503,1064.1397845783758
vid_000121_frame0000008.jpg,16.08013374280949,0.7067134306500048,1148.8714216023563,1179.976316026127
vid_000121_frame0000009.jpg,16.28051421188125,0.7117175468672868,1043.3568576220405,1010.0310465330094
vid_000121_frame0000011.jpg,16.82150521047534,0.7211678803037986,984.4453405026295,885.2932240160802
vid_000121_frame0000017.jpg,17.763032022661452,0.7712352602771647,822.9011394476751,753.9919145909591
vid_000121_frame0000020.jpg,17.861476166089997,0.7655856438517445,811.0445580023869,727.9097995406812
vid_000121_frame0000023.jpg,17.888538318610532,0.7608447935151649,833.1465765839752,750.5953859334427
vid_000121_frame0000029.jpg,17.521810824555743,0.7459684209257208,869.6647647465444,833.671123935892
vid_000121_frame0000031.jpg,17.158714898973663,0.7293509238284939,914.6146531304184,873.5856280033348
vid_000121_frame0000032.jpg,17.096783018966203,0.7246086449713629,901.3664029642011,858.3002550715007
vid_000122_frame0000004.jpg,18.859222675577797,0.8184760974191171,1353.524179738352,820.2905243104282
vid_000122_frame0000005.jpg,18.8068882967103,0.8010160655984798,1387.6830491761,848.3201500606247
vid_000122_frame0000007.jpg,18.79381062936743,0.7970551301221643,1375.1621833265422,851.758358999522
vid_000122_frame0000010.jpg,18.395860595790886,0.808310226198535,1264.1178287287996,772.5466534891669
vid_000122_frame0000014.jpg,18.34883377997613,0.802720573035942,1287.3764906900092,818.5535155890768
vid_000122_frame0000017.jpg,18.503672529819838,0.8090447336591771,1306.5738566484993,822.650237287334
vid_000122_frame0000018.jpg,18.4230860109733,0.801054272244638,1310.0140184771412,827.9592557394571
vid_000122_frame0000019.jpg,18.366961981435598,0.8053319410119179,1294.8429904239058,808.109820321881
vid_000122_frame0000020.jpg,18.37984654935244,0.794327502320202,1310.691923102689,812.315924444149
vid_000122_frame0000021.jpg,18.448075587974138,0.8085521205618108,1303.9572352814237,809.3618835868774
vid_000122_frame0000022.jpg,18.38314066280588,0.7981465537070106,1313.7205962829369,824.5837809217492
vid_000122_frame0000023.jpg,18.36041618339231,0.806154699634126,1303.4368200698586,813.4013651286909
vid_000122_frame0000033.jpg,18.448635674452245,0.808005585080081,1284.915921441665,807.926904727399
vid_000122_frame0000037.jpg,18.868632336020482,0.8301470606362402,1329.7225067710267,844.5016235329563
vid_000122_frame0000038.jpg,18.722767116459654,0.8039532208558301,1371.8569829262663,880.018979459543
vid_000122_frame0000039.jpg,18.775678819172768,0.7995684124782181,1358.672359318185,866.050831115842
vid_000122_frame0000041.jpg,18.75556173124502,0.8005172681471868,1376.8134872689116,856.419628245687
vid_000122_frame0000043.jpg,18.773363283117742,0.8010059178634045,1339.9166480087665,854.6507933867694
vid_000122_frame0000045.jpg,18.796345971470025,0.7992426919352432,1363.5317531670992,850.4654245572876
vid_000122_frame0000046.jpg,18.811590086420292,0.8020742181620912,1341.334687970511,839.0124883928496
vid_000122_frame0000049.jpg,18.69738592117858,0.7979387893129258,1348.451894757986,843.5457463989826
vid_000122_frame0000050.jpg,18.78511314973273,0.7965939997667554,1362.9921918605864,856.1006752331888
vid_000122_frame0000051.jpg,18.750939272524583,0.7965108185801961,1365.1526537170582,854.8771911707927
vid_000122_frame0000053.jpg,18.77387599136914,0.8026621219763742,1357.6115576484274,859.520173166515
vid_000122_frame0000054.jpg,18.82432653078893,0.7959332998749523,1368.288116875694,870.9715159796214
vid_000122_frame0000056.jpg,18.804896805496487,0.8004499697388313,1358.0410560562614,859.0350373404156
vid_000122_frame0000057.jpg,18.73967031519304,0.7960710461263601,1394.8565308887275,878.8247792852226
vid_000122_frame0000058.jpg,18.79037354349418,0.798730864070783,1399.3284355535425,875.2019530433464
vid_000122_frame0000060.jpg,18.740598466002993,0.7966417065790156,1399.130147021914,865.1281823976392
vid_000122_frame0000061.jpg,18.79449283411516,0.799459990356579,1385.1785891247268,852.6712310018572
vid_000122_frame0000062.jpg,18.732298478054332,0.7965078014658943,1382.7709837925072,856.0342410923105
vid_000122_frame0000064.jpg,18.769998448322998,0.7962759824045641,1386.0048888520157,867.3069495561799
vid_000122_frame0000065.jpg,18.715842497240484,0.7968106051109597,1398.677376669428,877.5890614182756
vid_000122_frame0000066.jpg,18.828724231220402,0.8016179113615549,1372.996409024079,858.1854267403185
vid_000122_frame0000067.jpg,18.69567054621774,0.7969868005685128,1394.4454239104316,861.6268125364098
vid_000122_frame0000068.jpg,18.77255035306616,0.8033632723060782,1380.5975173060717,854.705837482781
vid_000122_frame0000069.jpg,18.81788589267051,0.803884555597408,1357.123944790435,837.3738657061322
vid_000122_frame0000072.jpg,18.762756061496564,0.7913890797583051,1378.94275519396,869.5396446469767
vid_000122_frame0000075.jpg,18.71768468163767,0.7901756626938091,1390.349638916978,857.6470400901693
vid_000122_frame0000076.jpg,18.818055985001077,0.8136506819848662,1353.6120671702556,820.3964846533429
vid_000122_frame0000077.jpg,18.788327019855615,0.7934040507943559,1393.6174979265106,855.6193682155713
vid_000122_frame0000078.jpg,18.84327718326294,0.8002615035011207,1394.2923004493027,850.6440742285151
vid_000122_frame0000079.jpg,18.698426047341428,0.7943463693036347,1367.8073317474998,843.0264180005665
vid_000122_frame0000080.jpg,18.56854163432549,0.8112034410529558,1222.6471799498113,774.0083444182748
vid_000122_frame0000081.jpg,17.851627498982513,0.7603139667084197,1230.0065696023062,911.4449964245107
vid_000122_frame0000082.jpg,17.830931966989635,0.7483995284254196,1253.3391391862892,921.6154807927416
vid_000122_frame0000083.jpg,17.568809847458706,0.7339347255131514,1313.2417523454415,1007.3109899592695
vid_000122_frame0000084.jpg,17.160981331938967,0.7269095228715433,1325.1924120545439,1017.7232404118281
vid_000122_frame0000085.jpg,17.200484645550375,0.7387587409746831,1332.2250122414525,1015.4547039299312
vid_000122_frame0000087.jpg,17.081966550131995,0.7042544088959019,1437.7436204969908,1174.0471069960959
vid_000123_frame0000003.jpg,15.9293540557648,0.7743573452126781,1164.608572072677,765.4270543488758
vid_000123_frame0000004.jpg,16.396289249234417,0.7511753473686933,1225.5348217542044,829.10548843123
vid_000123_frame0000005.jpg,16.39940198284242,0.7426038189412619,1214.1619666671338,821.6054509144356
vid_000123_frame0000006.jpg,16.428795148468943,0.7509101429074868,1196.0052642668643,796.0823899947205
vid_000123_frame0000007.jpg,16.3488015779356,0.7406015989275492,1217.169862824165,815.5873578582032
vid_000123_frame0000008.jpg,16.352930011715323,0.7361233357260554,1227.2206549613768,828.3364986137555
vid_000123_frame0000009.jpg,16.325040984554963,0.7551971842710032,1206.6246591682914,810.0680908957017
vid_000123_frame0000010.jpg,16.36768483091539,0.7355943614419616,1235.015839874178,836.9988690607115
vid_000123_frame0000011.jpg,16.444698479589608,0.747194799972534,1233.0013045101,819.9029209041153
vid_000123_frame0000012.jpg,16.409120335576304,0.7364997052186304,1212.5768291999705,833.9068675395722
vid_000123_frame0000013.jpg,16.292926845547168,0.7690043964752196,1215.0202236370776,806.963722734492
vid_000123_frame0000014.jpg,16.6257384058817,0.7707590062437223,1133.068974909203,778.4803146161665
vid_000123_frame0000015.jpg,16.721867503283462,0.7638545040178566,1110.5101587826837,766.5903926611194
vid_000123_frame0000016.jpg,16.821979679170017,0.779336318863375,1087.8640493256132,753.3060516856572
vid_000123_frame0000017.jpg,16.82059866733337,0.7520898678007893,1092.6207746878101,747.574787794848
vid_000123_frame0000018.jpg,16.795333764077355,0.7330258701649086,1142.49815510186,796.498195565172
vid_000123_frame0000019.jpg,16.821900339906485,0.7456552028490773,1139.2511104875077,764.5760540400232
vid_000123_frame0000020.jpg,16.80507784963173,0.7276898224441327,1147.9051314515245,794.4006065541861
vid_000123_frame0000021.jpg,16.77186843866355,0.7423590267194721,1155.3800938233946,787.3306980451514
vid_000123_frame0000022.jpg,16.812287488651894,0.7306567777048874,1138.067176420278,805.2291510339858
vid_000123_frame0000023.jpg,16.8048756774417,0.7496820844717781,1136.4847707701545,776.570123304804
vid_000123_frame0000024.jpg,16.7138021495197,0.7303997628775502,1158.7979471740034,804.0713032599247
vid_000123_frame0000025.jpg,16.711686287749522,0.7440291800050072,1150.7514796071928,795.2542705707438
vid_000123_frame0000026.jpg,16.806329277789963,0.7504795949182043,1151.4166794097564,778.9740025400408
vid_000123_frame0000027.jpg,16.697750513127207,0.7393864465116119,1170.5370499384642,788.2679748097046
vid_000123_frame0000028.jpg,16.493284449687422,0.7276139608314799,1176.1029608598637,791.1350079651406
vid_000123_frame0000029.jpg,16.533628347931476,0.75691051238267,1134.8767464990062,759.0038679157334
vid_000123_frame0000030.jpg,16.534814870957362,0.7269010551397707,1155.8059261841354,810.6266570161648
vid_000123_frame0000031.jpg,16.61569080604949,0.7417136528551626,1140.603664078985,776.8316458320498
vid_000123_frame0000032.jpg,16.589031078127128,0.7257590509925693,1127.5959625449182,800.2882801655408
vid_000123_frame0000033.jpg,16.53137687337693,0.7413532165245007,1121.964423915938,774.3845186576167
vid_000123_frame0000034.jpg,16.560695757307645,0.7291952102296145,1119.6027851311383,775.3886453397658
vid_000123_frame0000035.jpg,16.37187747599945,0.7476085220202822,1079.5142064121496,760.3021231645139
vid_000123_frame0000036.jpg,16.395585036487873,0.7566855891096376,1078.151057796666,744.8016004627763
vid_000123_frame0000037.jpg,16.35897175783194,0.7456807261470262,1093.6477093882868,774.0934248018075
vid_000123_frame0000038.jpg,16.416910049667322,0.7557258529452747,1101.1539479327625,780.323757264176
vid_000123_frame0000039.jpg,16.60498306909887,0.7886523833108626,1075.3707150802304,759.1155086599013
vid_000123_frame0000040.jpg,16.65293997403344,0.7635945066072588,1067.9245847936581,773.8174838891664
vid_000123_frame0000041.jpg,16.828482590338222,0.7639649661822437,1064.2765423636695,753.6144374921939
vid_000123_frame0000042.jpg,16.555307639095417,0.7495401291429786,1104.9599183495027,760.247889994065
vid_000123_frame0000043.jpg,16.676225533520917,0.7456067119242452,1113.6218113207651,747.6551766580571
vid_000123_frame0000044.jpg,16.63749048893163,0.7439349986575454,1132.3856522346823,758.2741007793472
vid_000123_frame0000045.jpg,16.683695949223594,0.7424014690007134,1161.0655357748383,767.1823995295741
vid_000123_frame0000046.jpg,16.858913445882404,0.7655948175430566,1138.4524229981987,749.269824423832
vid_000124_frame0000001.jpg,18.190188959866425,0.7640906488317553,1086.941889168429,629.3160455378892
vid_000124_frame0000002.jpg,18.234346878601436,0.7910272372056578,1077.878001224258,613.3851047717492
vid_000124_frame0000003.jpg,18.15006764374209,0.7897308852627001,1086.5855443328865,608.8264413330071
vid_000124_frame0000004.jpg,18.165130387051583,0.7893247111704741,1072.0019008083723,602.3592048333325
vid_000124_frame0000005.jpg,18.151821986711024,0.7973377101733469,1092.4526594796864,605.6810843814543
vid_000124_frame0000006.jpg,18.054101420648276,0.7981441495044121,1078.3843390151058,606.4205294634536
vid_000124_frame0000007.jpg,18.142737049575377,0.7939341887655039,1071.5680577524051,603.7683501192803
vid_000124_frame0000008.jpg,18.18756261725894,0.7936160716861878,1082.6458650068153,607.1407133258313
vid_000124_frame0000009.jpg,18.073167234762323,0.799212325579985,1093.7581113103627,615.3854980963874
vid_000124_frame0000010.jpg,17.979392272717753,0.7835599904183143,1093.769199930712,634.5210087845103
vid_000124_frame0000011.jpg,18.159567325684872,0.8012966310645419,1098.8774634790182,604.8203166522535
vid_000125_frame0000002.jpg,17.86270372420751,0.8151088132146062,996.3314564722833,754.7511943330886
vid_000125_frame0000003.jpg,17.936751232642493,0.817136982008342,992.0434167644663,752.8773565953885
vid_000125_frame0000004.jpg,17.963825997230245,0.821887352294694,975.9215444246364,760.982742627824
vid_000125_frame0000005.jpg,17.939065635809385,0.8249447487199776,1008.1543766301952,769.6868475778015
vid_000125_frame0000006.jpg,17.919764950655477,0.8321051456153791,1030.2075298557245,782.1926478887398
vid_000125_frame0000007.jpg,17.96471246662653,0.823216338887554,1019.3895485926131,763.2639387730433
vid_000125_frame0000008.jpg,17.87478393289744,0.814688806797694,1065.3898010883463,770.9187738432238
vid_000125_frame0000009.jpg,17.884039328550845,0.8276809026735449,1062.230396806553,758.6115122296056
vid_000125_frame0000010.jpg,17.890081328121866,0.8083257514342806,1061.9186474352148,767.606475210487
vid_000125_frame0000011.jpg,18.00700729807081,0.8169702584030052,1030.28706154279,762.214258773015
vid_000125_frame0000012.jpg,17.994465858278943,0.8041464529997119,1066.9994481734445,785.4197093945244
vid_000125_frame0000013.jpg,17.96607406867586,0.8065962409581525,1042.8560949694113,782.201651244549
vid_000125_frame0000014.jpg,18.072633628691747,0.8031677494290016,1045.1424498774352,800.0632127253508
vid_000125_frame0000015.jpg,18.091918305229402,0.816947652188888,1054.6897662336648,774.0958562850872
vid_000125_frame0000016.jpg,18.05172259714578,0.8196384359116959,1069.617867677087,766.3840765247489
vid_000125_frame0000017.jpg,18.043710914905006,0.8131478240909078,1118.124634532467,780.0421365159516
vid_000125_frame0000018.jpg,18.03101325723063,0.8070896262086023,1142.005646251549,780.0940773022778
vid_000125_frame0000019.jpg,17.898316196843336,0.8235494704824516,1072.7649543826924,758.0634307034538
vid_000125_frame0000020.jpg,17.996228857758815,0.8125959469276487,1055.819178857321,766.7915289684374
vid_000125_frame0000021.jpg,17.93883308836961,0.8204974069414495,1055.7809827162948,762.6553702223295
vid_000125_frame0000022.jpg,17.89785858069677,0.8102384017593013,1067.590475822272,769.932201262591
vid_000125_frame0000023.jpg,17.933742086084553,0.8099741994084172,1052.2346069628493,769.4877718810566
vid_000125_frame0000024.jpg,17.903059565777873,0.8054915609918573,1025.777501500169,767.6718747747832
vid_000125_frame0000025.jpg,17.95785362885554,0.8184076390649181,1004.8422179297355,762.7008992444588
vid_000125_frame0000026.jpg,17.918547348775157,0.8192850185708913,941.0090927536421,756.1518398999514
vid_000126_frame0000001.jpg,18.364988645891724,0.7983596502391759,1090.1575182938604,775.5948059375103
vid_000126_frame0000002.jpg,18.422790314112735,0.832132513595122,1081.8589955222055,761.583025047491
vid_000126_frame0000003.jpg,18.545549837219557,0.8351226266619148,1066.7665729142548,768.4960801061827
vid_000126_frame0000004.jpg,18.62426610665115,0.8294102172222516,1084.3954944090146,788.463210235062
vid_000126_frame0000005.jpg,18.56326557017085,0.8342001934536668,1079.707822220168,791.161727969768
vid_000126_frame0000006.jpg,18.56725913506953,0.839060644291342,1074.3222850895634,781.6369114613807
vid_000126_frame0000007.jpg,18.62982914198735,0.8345676512229665,1058.497055663843,776.3861968175532
vid_000126_frame0000008.jpg,18.550052914057215,0.8238013324244623,1016.6531057172103,789.1026666891937
vid_000126_frame0000009.jpg,18.53040932511602,0.8276598624140871,1001.0722897089197,783.5504162077461
vid_000126_frame0000010.jpg,18.608357487888004,0.8215597646670965,1066.250298067523,798.9076756497493
vid_000126_frame0000011.jpg,18.696368603184517,0.8310487060365972,1029.3264161078878,794.9559984834448
vid_000126_frame0000012.jpg,18.830830883245333,0.8390930499490162,1074.7577626106709,780.4033871157493
vid_000126_frame0000013.jpg,18.638180525505977,0.8248239448335181,1078.6558876424447,786.446775225113
vid_000126_frame0000014.jpg,18.56197464794078,0.8114769582009608,1092.41260130897,788.1210516318929
vid_000126_frame0000015.jpg,18.453011523978912,0.8191476258953675,1092.6387098141083,776.6510337292689
vid_000126_frame0000016.jpg,18.29815151091395,0.8256453376314842,1128.1604701549168,791.2287419370423
vid_000126_frame0000017.jpg,18.164500820060606,0.8199274077045993,1150.3136617930384,808.153506639842
vid_000126_frame0000018.jpg,17.95786502841698,0.8053621330787019,1159.7899756238048,821.4864972160999
vid_000126_frame0000019.jpg,17.6730634933556,0.8277180333073941,1113.6076992444932,774.3873050785364
vid_000126_frame0000020.jpg,17.060779110389717,0.8074122605443811,1033.6142908290967,821.9701114296762
vid_000126_frame0000021.jpg,17.188031279551275,0.8170384317979801,1033.0711218536856,737.5846280285488
vid_000126_frame0000022.jpg,17.188697459121865,0.8059587845997674,1032.1423742865843,772.9416833055377
vid_000126_frame0000023.jpg,17.228415743351803,0.8223438074530006,938.8931225497489,759.9068052841371
vid_000126_frame0000024.jpg,17.43332295503696,0.8139048489539521,959.0987187487822,781.735478320683
vid_000126_frame0000025.jpg,17.82975744039268,0.8261155157432709,983.1811871980408,786.1490122700584
vid_000126_frame0000026.jpg,17.85513851962414,0.8304414742348644,916.6932139673182,790.7144699835276
vid_000127_frame0000002.jpg,18.357007211538672,0.8387047400605875,790.5356459006777,638.3872430502552
vid_000127_frame0000003.jpg,18.644348860171654,0.8494262255880901,828.8474762048288,635.9853673264487
vid_000127_frame0000004.jpg,18.48793031826071,0.837496950338909,787.7045281893727,641.0562099737033
vid_000127_frame0000005.jpg,18.542709750950582,0.8502980185260837,827.2228523844284,654.4255207458827
vid_000127_frame0000006.jpg,18.562059878357754,0.8414146903035493,829.8359733079473,661.6984629419522
vid_000127_frame0000007.jpg,18.663854320320393,0.8366834170700811,787.6705471705124,658.7961927480385
vid_000127_frame0000008.jpg,18.771483145583442,0.824546722421037,798.0090777558087,659.3173211152712
vid_000127_frame0000009.jpg,18.60571199649805,0.8431352538856088,763.3202375964224,639.1658711969192
vid_000127_frame0000010.jpg,18.6481540811985,0.8308640944782187,807.9322578788752,654.223948595761
vid_000127_frame0000035.jpg,18.717850779337507,0.866972491738535,858.0989192611202,726.2808400377269
vid_000127_frame0000036.jpg,18.94964107605267,0.8728572948456347,888.9678559850904,730.4797546938173
vid_000127_frame0000037.jpg,18.90304054422062,0.8648003443558848,915.1378981503173,745.8078635701077
vid_000127_frame0000038.jpg,18.591604328680457,0.8616476296926319,896.244753726084,735.679096210361
vid_000127_frame0000039.jpg,18.449044819016873,0.8615907178270743,850.2309795391334,680.4660662030599
vid_000127_frame0000040.jpg,18.324775253496007,0.8549903463218363,868.6100021678876,683.8106975303233
vid_000127_frame0000041.jpg,18.481647140833797,0.8537126811239718,816.8211138690001,669.0024270950003
vid_000127_frame0000042.jpg,18.475797857630255,0.8483127265726939,770.1235351019311,652.7247810567773
vid_000127_frame0000043.jpg,18.5155777457074,0.8340085855708715,795.9290863289442,659.8426804953734
vid_000127_frame0000044.jpg,18.474747288192216,0.8401659625033576,783.5528895535431,663.1579930375227
vid_000127_frame0000045.jpg,18.560901583554642,0.83727617665613,799.65080328403,687.69446903726
vid_000128_frame0000005.jpg,18.83162224388649,0.8866786698825395,755.4080076908135,742.0391606327562
vid_000128_frame0000006.jpg,18.88195260251392,0.8800303264542108,712.6436399883485,756.3793580788478
vid_000128_frame0000007.jpg,18.51173883058568,0.8927745050274275,709.2502459738,761.9734552794195
vid_000128_frame0000008.jpg,18.342857991702452,0.8908130462280681,701.2396478840109,751.2304330342045
vid_000128_frame0000009.jpg,18.52017404134495,0.898327994344414,697.9797784426717,742.0157525390155
vid_000128_frame0000010.jpg,18.590448596016905,0.8915828685842628,693.9901559677635,748.496562019908
vid_000128_frame0000011.jpg,18.50666537000479,0.8925406149343984,764.8289146120371,749.4621434932204
vid_000128_frame0000012.jpg,18.67293443802651,0.8813140045227384,792.8857965091487,739.2477375551134
vid_000128_frame0000013.jpg,18.46661496996432,0.890165477479626,752.009598191956,728.2592245959229
vid_000128_frame0000014.jpg,18.394927898522088,0.8844124600613147,740.7661298305907,735.535019123155
vid_000128_frame0000015.jpg,18.436768628716806,0.8913740277764587,720.4193364770449,728.8472111111791
vid_000128_frame0000016.jpg,18.230297326927122,0.8745279111228871,772.1939440727281,722.0418119875377
vid_000128_frame0000017.jpg,18.01733910482318,0.8511984216107797,803.082275645716,755.78898355346
vid_000128_frame0000018.jpg,17.779968028723566,0.8408539138505433,796.6143129741497,799.5616921706448
vid_000128_frame0000019.jpg,17.737972620335935,0.843117452193658,788.8923497767379,766.4550321574983
vid_000130_frame0000001.jpg,18.631476797243323,0.8231244582719331,792.0763066540599,716.4078359029484
vid_000130_frame0000002.jpg,18.59709702857846,0.8650059787587375,795.6309928174687,704.4934636107262
vid_000130_frame0000003.jpg,18.47568775841487,0.8630512246967917,821.4756859787929,702.2381677353301
vid_000130_frame0000004.jpg,18.4884296233688,0.8426844313340744,847.9114262072445,702.9941175357847
vid_000130_frame0000005.jpg,18.419448057873254,0.8762399036066295,886.6696725766616,682.1660917468471
vid_000130_frame0000006.jpg,18.009562592977975,0.8468191530973338,882.8054299320892,671.728724518748
vid_000130_frame0000007.jpg,18.111894347491685,0.8662237946798742,856.585527331834,675.3163968090339
vid_000130_frame0000008.jpg,18.178465081007328,0.8431771565404702,834.2496185545979,674.599508466107
vid_000130_frame0000009.jpg,18.204408472652716,0.8617348580410837,809.090036243063,678.6058201827716
vid_000130_frame0000010.jpg,18.292512284924353,0.8477934447238922,762.8917897652534,680.0207778946708
vid_000130_frame0000011.jpg,18.436340277663838,0.8656390474616423,750.3941077646995,666.2792373722748
vid_000130_frame0000012.jpg,18.4681699947581,0.8493966277574637,753.303764085045,666.6722586294919
vid_000130_frame0000013.jpg,18.401671146296238,0.8679463445748236,765.5194468630186,663.9053548021345
vid_000130_frame0000014.jpg,18.430062528966438,0.8442517792661614,776.4983879438486,682.993956409321
vid_000130_frame0000015.jpg,18.620655636710925,0.8632705757473316,736.0867967034903,683.5532208735078
vid_000130_frame0000016.jpg,18.6773952782269,0.8591689898630962,729.963173017615,682.4121700628367
vid_000130_frame0000017.jpg,18.80018211883698,0.8686102994592876,724.13707320822,670.1197426751773
vid_000130_frame0000018.jpg,18.493944461635547,0.8507401520866003,731.6325251026781,683.5498262572505
vid_000130_frame0000019.jpg,18.550938074145108,0.870851335626717,730.3302713449583,683.5561631995898
vid_000130_frame0000020.jpg,18.40498615684541,0.8572179623209243,783.3010732061962,659.4006807514884
vid_000130_frame0000021.jpg,18.378620665260446,0.8680495852620277,783.6605998199987,675.3045616616814
vid_000130_frame0000022.jpg,18.539509789662315,0.8518118528049152,795.8821548861417,686.2944509260384
vid_000130_frame0000023.jpg,18.70693894858832,0.8623860754679158,805.1475674672502,700.019699182733
vid_000130_frame0000024.jpg,18.631274235884245,0.8323296593869757,814.8761929238744,717.1196038829071
vid_000130_frame0000025.jpg,18.563389844967414,0.8475630299673423,829.6470103968408,718.9119502278803
vid_000130_frame0000026.jpg,18.83397548190861,0.8339464725255947,785.6196005615186,732.5664473239884
vid_000130_frame0000027.jpg,18.768728161883807,0.8472978792923782,798.2958059116877,741.5047320928466
vid_000131_frame0000001.jpg,18.327207651357277,0.8030880595573292,764.2996948844334,668.2101231131094
vid_000131_frame0000002.jpg,18.223304321989747,0.8458664003385401,755.3685427455156,644.9816605279055
vid_000131_frame0000003.jpg,18.380078861125966,0.8428946695576646,744.0239961131732,649.4115599357211
vid_000131_frame0000004.jpg,18.320431209972817,0.828005460480647,751.7009749677,662.5982574291329
vid_000131_frame0000005.jpg,18.46275489133516,0.8340011762833311,750.3129147645172,674.4513666444855
vid_000131_frame0000006.jpg,18.202597171652272,0.8397179404661957,771.8040137057853,692.6265639950184
vid_000131_frame0000007.jpg,18.54039157579752,0.8341997610985942,781.312416848855,703.3743948384397
vid_000131_frame0000008.jpg,18.506237693374153,0.8341654522918943,777.5470272112453,713.6596727074656
vid_000131_frame0000009.jpg,18.459481134385886,0.8421102618505224,767.6330496547347,704.0462800318812
vid_000131_frame0000010.jpg,18.418322103895676,0.8290458742034553,782.5504957313665,739.7807345126062
vid_000131_frame0000011.jpg,18.468738172548495,0.8410587129779638,777.6018263671413,726.7162730471343
vid_000131_frame0000012.jpg,18.52147492496037,0.830886604483151,800.867176556257,747.6040475711625
vid_000131_frame0000013.jpg,18.82738417348953,0.8305137968190573,812.5636738871352,792.888944860813
vid_000131_frame0000014.jpg,18.746316786102216,0.8061871472884464,792.1127022000921,866.2423535372
vid_000131_frame0000015.jpg,18.37556630180973,0.8256675824539937,789.1334903458094,790.4542181673093
vid_000131_frame0000016.jpg,18.244281388686204,0.838390318707102,808.0378239905599,738.0110078860563
vid_000131_frame0000017.jpg,18.344385537406616,0.8464084899165893,793.6096417527755,738.7582074941961
vid_000131_frame0000018.jpg,18.355761675690275,0.8393218014639398,761.8988747236126,714.1079120477773
vid_000131_frame0000019.jpg,18.283030799762496,0.8534034638756159,763.9357830463777,700.3698506706066
vid_000131_frame0000020.jpg,18.305919487960992,0.8469316079516442,784.9274110189222,715.4072730264193
vid_000131_frame0000021.jpg,18.145367472092666,0.8595295896803158,766.8742314398513,699.6184884890275
vid_000131_frame0000022.jpg,18.113853035314087,0.8558583042518491,763.2256462058015,679.7430169088597
vid_000131_frame0000023.jpg,18.305367983020872,0.8533148272656276,757.8068393652487,681.2538990951008
vid_000131_frame0000024.jpg,18.46460765071939,0.8382603417595642,761.2922146287722,690.4484859188232
vid_000131_frame0000025.jpg,18.45944855590227,0.8516158906030841,746.4243070085505,663.419734076346
vid_000131_frame0000026.jpg,18.324422942225993,0.8628602084026382,758.8709742239231,663.3947840536482
vid_000131_frame0000027.jpg,18.673730640879107,0.8703180315217481,775.9614492113972,664.302120073569
vid_000131_frame0000028.jpg,18.384889079657345,0.8537741981326713,785.8998008007746,673.6640591871321
vid_000132_frame0000001.jpg,18.86060814087726,0.8119271958628206,1013.4043368585728,795.9943371962383
vid_000132_frame0000002.jpg,18.93393600383636,0.855823592583508,996.5547074332644,765.953257017629
vid_000132_frame0000003.jpg,18.901843737461974,0.8687747095679316,1011.3862172775623,770.5285023275386
vid_000132_frame0000004.jpg,18.80767565866161,0.8586996026438083,1033.9079228129683,780.919364885518
vid_000132_frame0000005.jpg,18.738879381108283,0.8609318366803778,1018.2100539381086,785.7122182930195
vid_000132_frame0000006.jpg,18.824918094438836,0.8467803687518405,1039.9135184151817,807.1319454126469
vid_000132_frame0000007.jpg,19.04780602865094,0.8497750248188846,1031.4923037184788,855.8468449450495
vid_000132_frame0000008.jpg,19.03998043637071,0.838140899832991,1030.8695945233603,880.4501892525279
vid_000132_frame0000009.jpg,18.920191948369233,0.8465970422638498,994.5673025388976,878.3963610345857
vid_000132_frame0000010.jpg,18.89150899100292,0.8368687816107355,1035.7535331605632,940.7356203629328
vid_000132_frame0000011.jpg,18.86987627737995,0.8313832588925302,1010.068184582303,960.4922000607993
vid_000132_frame0000012.jpg,18.72461947691937,0.82390043413554,996.7116863317297,1023.8212355598105
vid_000132_frame0000013.jpg,18.74018453623306,0.8236303560135431,976.6061221369656,967.8277303789317
vid_000132_frame0000014.jpg,18.80365910153506,0.8123404555568469,960.1453004965776,955.6715089312946
vid_000132_frame0000015.jpg,18.871971670846786,0.8123148672318142,955.065604093798,934.1378451897164
vid_000132_frame0000016.jpg,18.899929121691454,0.821070354960448,980.5138143224788,993.1500109291392
vid_000132_frame0000017.jpg,18.985692843300598,0.8027628148529713,1005.1173608189766,1026.0638314465473
vid_000132_frame0000018.jpg,18.8423203028051,0.7936254453216645,1028.7286386351045,1062.6934763812499
vid_000132_frame0000019.jpg,18.594744962054328,0.8141180749907692,957.73133423128,979.2601393346433
vid_000132_frame0000020.jpg,18.563647599097614,0.7988851131610386,1003.877392951108,980.0913510027611
vid_000132_frame0000021.jpg,18.494906566008716,0.7983543802222354,940.612773378865,930.6226552902506
vid_000132_frame0000022.jpg,18.40995192718031,0.7932206476906377,954.5479446328474,995.0083841021905
vid_000132_frame0000023.jpg,18.366712939149988,0.7818255689276751,1022.2313721932205,1077.1943012678123
vid_000132_frame0000024.jpg,18.23374208403489,0.786950968325253,1037.453765135746,1140.7745351119195
vid_000132_frame0000025.jpg,18.146854981556928,0.8017871116962444,965.6925772447074,1003.9255711488058
vid_000132_frame0000026.jpg,17.98149924000019,0.8098505170219111,941.3680656301977,932.5806964194671
vid_000132_frame0000027.jpg,18.473935640978368,0.81614444690541,958.9438483187669,941.2079192548338
vid_000132_frame0000028.jpg,18.342462435179154,0.8012659916829996,952.1677680312033,969.3644240540893
vid_000132_frame0000029.jpg,18.185459815230228,0.8217624001772038,948.1582849830099,821.140640230754
vid_000132_frame0000030.jpg,18.56345191582808,0.8210196013315217,930.7930842117922,819.2248203130343
vid_000132_frame0000031.jpg,18.923676064696924,0.8246397079481814,921.759740556375,827.2847550930193
vid_000132_frame0000032.jpg,18.86714420556755,0.8009713216760108,966.5373832136928,939.822916300609
vid_000132_frame0000033.jpg,18.878029591673542,0.7937036461382059,978.0540556820604,981.2852502367781
vid_000132_frame0000034.jpg,18.72271137991471,0.8045493670736018,983.2501673591364,1011.7790131427539
vid_000132_frame0000035.jpg,18.479803719327236,0.8132298540763582,931.3541336236019,909.3875710324446
vid_000132_frame0000036.jpg,18.342979107744434,0.823604483921969,883.6635797937395,839.6770245473701
vid_000132_frame0000037.jpg,18.580640072480026,0.8087969954913315,898.5485020925802,870.4774115124601
vid_000132_frame0000038.jpg,18.54989373873427,0.8028119811333457,928.5616218762452,932.7386065974778
vid_000132_frame0000039.jpg,18.190480118797563,0.7767749893341936,1016.7657963068584,1228.080455675272
vid_000132_frame0000040.jpg,17.529160516173004,0.7511816651799595,1104.5172232434797,1359.1950593856432
vid_000132_frame0000041.jpg,17.485195031166487,0.7473010412918762,1144.1457027624654,1253.8011618200505
vid_000132_frame0000042.jpg,17.624060807480152,0.7667124013083061,1084.232268827754,1018.8065138841212
vid_000132_frame0000043.jpg,18.212581345944464,0.7934528667160635,1047.5047197013555,915.9801554997498
vid_000132_frame0000044.jpg,18.478029782467218,0.8081409346580598,982.1955721978809,898.4318409431987
vid_000132_frame0000045.jpg,18.590353990645053,0.7988703839439294,973.6000948853365,1004.0822345389764
vid_000132_frame0000046.jpg,18.782972219012702,0.8207619222154724,963.687971057633,937.8529104275922
vid_000132_frame0000047.jpg,18.68623567369418,0.8125463591315495,1036.7581552214822,1061.4485023379775
vid_000132_frame0000048.jpg,18.267202507283574,0.8117424116621036,1038.0919243376009,1030.6632913435542
vid_000132_frame0000049.jpg,18.36830588389005,0.8227358764249987,1045.1714206112333,931.3280703850335
vid_000132_frame0000050.jpg,18.401760385940598,0.8224647470002607,1057.2003535899607,911.0977340348263
vid_000132_frame0000051.jpg,18.405807224684676,0.838559294689324,1039.3856931834914,789.6393731098204
vid_000132_frame0000052.jpg,18.611752310166594,0.8338647422097184,1009.8498708557793,794.6500617926864
vid_000132_frame0000053.jpg,18.623986885502624,0.8192509962822753,985.7395695332951,850.2202635202034
vid_000132_frame0000054.jpg,18.891151060762002,0.8199452521357982,1001.497361035722,880.8645884888138
vid_000132_frame0000055.jpg,19.130470606049286,0.8330548904325729,1034.7295535842559,863.9027947354142
vid_000132_frame0000056.jpg,18.708421774343904,0.8367695236692848,1007.6730992475235,880.1236731677116
vid_000132_frame0000057.jpg,18.430199576788688,0.8196553213020857,1003.8579395699379,885.4669697669653
vid_000132_frame0000058.jpg,18.479710924826108,0.8163422245989227,980.6107709034316,870.5977635921478
vid_000132_frame0000059.jpg,18.518493396923056,0.8221921482855628,952.8547543800199,893.2140976336414
vid_000132_frame0000060.jpg,18.320074035449593,0.825683891067119,914.8246802344684,855.992882258215
vid_000132_frame0000061.jpg,18.157287670740473,0.8303957406436072,886.2394441884769,804.2111569983841
vid_000132_frame0000062.jpg,18.251797910765152,0.8406473058507172,856.1924715301367,748.4281722208472
vid_000132_frame0000063.jpg,18.31682999443866,0.8584703509764552,851.6391357509228,740.2238978130357
vid_000132_frame0000073.jpg,19.016968193931692,0.8092427634434923,878.997702146296,808.8537104225323
vid_000132_frame0000074.jpg,18.92754773524579,0.8419576394121538,862.4022209402273,794.6586153200226
vid_000132_frame0000075.jpg,18.846539999601426,0.8376545383835506,828.7627659374206,777.2108356323334
vid_000132_frame0000079.jpg,19.089465774125163,0.8416782379162654,816.0857307479808,770.7942205091083
vid_000132_frame0000080.jpg,19.274575376343755,0.8394423597975464,885.305552668564,827.3008010756707
vid_000132_frame0000081.jpg,19.018222764796295,0.8227456510167371,970.2984623608465,891.5069106821223
vid_000132_frame0000082.jpg,19.107700345670292,0.8503678993941168,951.0013101240952,820.5173719520247
vid_000132_frame0000083.jpg,18.99636313947081,0.8130585935507973,965.2434465020538,827.7132776847305
vid_000132_frame0000084.jpg,19.080389538228882,0.844018409313786,943.1388407418723,798.5556533040477
vid_000132_frame0000085.jpg,18.76995988345272,0.8091471972919594,925.7060335408185,823.3231576424425
vid_000132_frame0000086.jpg,18.615319415940636,0.8410935003093097,883.8720007059181,800.546435450224
vid_000132_frame0000087.jpg,18.790678272485575,0.7904907973945233,917.3344401892932,901.1815494558173
vid_000132_frame0000088.jpg,19.046635968197233,0.8303799193920555,894.3246987059262,845.0180929025378
vid_000132_frame0000089.jpg,19.270201803018033,0.8299026732732049,931.5026675703731,865.3505889026077
vid_000132_frame0000090.jpg,19.06688736223311,0.8445537880653068,969.2818924660306,868.2280089032071
vid_000132_frame0000091.jpg,18.70753890919427,0.826701076792114,998.0111649572361,893.6426844801964
vid_000132_frame0000092.jpg,18.7782872122133,0.8464314453984415,940.1654929653002,860.4744892434554
vid_000132_frame0000093.jpg,18.254134432022788,0.8146478567925927,967.4985844597867,882.5884206262391
vid_000132_frame0000094.jpg,18.09956049998585,0.8245936389945024,963.8598656319609,921.1159129043501
vid_000132_frame0000095.jpg,18.561053553131927,0.8157342277905126,940.2779889205266,977.7293819316884
vid_000132_frame0000096.jpg,18.433524095637008,0.8290794319117731,911.2379346604757,969.7412502009474
vid_000132_frame0000097.jpg,18.571201709383494,0.8060845307195722,951.7953177172596,1020.0791136894691
vid_000132_frame0000098.jpg,18.352443763166853,0.8170650208801602,969.5951281265034,1086.9905031039198
vid_000132_frame0000099.jpg,18.71707225925575,0.8194300272852962,979.4028287458872,1049.6173873672367
vid_000132_frame0000100.jpg,18.63770938466383,0.8282838707423855,990.9598100326627,1064.9853242046868
vid_000132_frame0000101.jpg,18.675529022735237,0.8233000827400021,1014.1397685571228,1030.8788625690163
vid_000132_frame0000102.jpg,18.725702501271666,0.8343099419676451,991.9934020552629,983.7078844535595
vid_000132_frame0000103.jpg,18.544864115104346,0.8332811212843959,1028.324748196174,986.128076590404
vid_000132_frame0000104.jpg,18.45212116363937,0.834892013681074,1007.5334188785503,935.4751484924263
vid_000132_frame0000105.jpg,18.319817470397528,0.8243045429776744,1001.7604907763957,999.5177532657663
vid_000132_frame0000106.jpg,18.53750676162474,0.8336553558360714,973.6184315678222,929.5736135670829
vid_000132_frame0000107.jpg,18.5873060912493,0.8213464257578962,958.0829124580399,964.0427773105246
vid_000132_frame0000108.jpg,18.589158470073944,0.8226928014933286,958.9173404515057,948.3402233218291
vid_000132_frame0000109.jpg,18.765297249279545,0.8210040060455315,992.3063067321809,955.8291141806043
vid_000132_frame0000110.jpg,18.77352971076415,0.8267292911295048,1020.5892675407597,991.1628625613481
vid_000132_frame0000111.jpg,18.390401884057045,0.8130634819752397,1083.5109315407437,1055.5440630377548
vid_000132_frame0000112.jpg,18.136291662268377,0.8039659837432339,1086.8692989966682,1105.641506861171
vid_000132_frame0000113.jpg,17.938103560805104,0.795997524352766,1122.3626711796296,1101.309138632489
vid_000132_frame0000114.jpg,18.289280301608734,0.8318971158529878,1035.5164706162063,949.9098223910723
vid_000132_frame0000115.jpg,18.778576260168958,0.857761010783514,995.9100742561186,789.7260544980085
vid_000132_frame0000116.jpg,18.5727020174632,0.8697354359001349,906.2131371619028,748.4164744758693
vid_000132_frame0000117.jpg,18.701891809236972,0.8608306012611191,878.0773211989294,750.1186432508574
vid_000132_frame0000118.jpg,18.77744319389307,0.855615670306852,876.0058276375469,753.3160667091678
vid_000132_frame0000119.jpg,18.920245374621437,0.8515619274420274,901.4656282639221,757.4842725704981
vid_000132_frame0000120.jpg,19.036872616840004,0.8581215699252334,900.8935250316963,768.8669732964765
vid_000132_frame0000121.jpg,18.957749642208,0.8646040500049935,924.2255532602078,773.4974888926135
vid_000132_frame0000122.jpg,18.56906590018005,0.8599770320947128,882.9497164377508,778.541961359455
vid_000132_frame0000123.jpg,18.22236389447109,0.8470510510560804,880.4301731710832,765.6620838209649
vid_000132_frame0000124.jpg,18.4960758581749,0.8494200445859881,868.701541610497,745.044360735423
vid_000132_frame0000129.jpg,19.004075755933407,0.828512527889481,979.0633525480365,856.4345978043889
vid_000132_frame0000130.jpg,18.95518551858995,0.8347083608065485,976.1548003679856,847.7173013938018
vid_000133_frame0000001.jpg,14.397040423266391,0.413837464981103,635.8805040471722,1121.348107159776
vid_000133_frame0000002.jpg,14.474612889415173,0.4184257983480533,627.791562564152,1083.44535245736
vid_000133_frame0000003.jpg,14.461289117704986,0.42106031501498614,638.8912488609385,1074.085741176521
vid_000133_frame0000004.jpg,14.413780041305845,0.4123868356032215,646.1453932091634,1111.7701208430535
vid_000133_frame0000005.jpg,14.34658807355618,0.4114369047228547,638.2726602470009,1107.9477671901207
vid_000133_frame0000006.jpg,14.535842066754906,0.419093600634669,626.556116370405,1000.4537890101892
vid_000133_frame0000007.jpg,14.422342430933044,0.41291161058982856,637.7364531468879,1092.3497911523837
vid_000133_frame0000008.jpg,14.35667642364036,0.4077821101480916,641.1726640857675,1098.9577150609366
vid_000133_frame0000009.jpg,14.379696174066115,0.41167373948019764,644.3806832621615,1068.4120371713943
vid_000133_frame0000010.jpg,14.380552571532668,0.4107834794770799,645.3657404385882,1100.3330972702786
vid_000133_frame0000011.jpg,14.490415210166018,0.41858587917812135,642.1414704729721,1062.1595236168594
vid_000133_frame0000012.jpg,14.355533179326319,0.41339495335907933,650.5927116720344,1124.2941307797942
vid_000133_frame0000013.jpg,14.574967867728946,0.4289480887723757,624.0182333017121,1015.6528807459978
vid_000133_frame0000014.jpg,14.385848347921781,0.41492061040505424,646.8474562560903,1156.212577705833
vid_000133_frame0000015.jpg,14.441000819188917,0.4150635496543818,647.2117303106337,1147.07009776456
vid_000133_frame0000016.jpg,14.457548645183415,0.4205286920711577,622.4952122431691,1032.9550651774698
vid_000133_frame0000017.jpg,14.37375103265724,0.414575132798877,640.9567707013091,1125.0022637069123
vid_000133_frame0000018.jpg,14.33533472836694,0.41135381680910826,649.0495150995589,1130.0678051714967
vid_000133_frame0000019.jpg,14.363292625623703,0.41291053135363165,640.1495991805724,1113.4383633338994
vid_000133_frame0000020.jpg,14.33313627133705,0.4099632829317854,650.1340517702581,1163.9458925448703
vid_000133_frame0000021.jpg,14.393874776683703,0.41342677004814377,644.686595832314,1145.788811681086
vid_000133_frame0000022.jpg,14.381878678099131,0.41429253811890493,647.3144259994867,1135.6043863593368
vid_000133_frame0000023.jpg,14.417593369765873,0.42126105682522597,631.5915971746624,1081.3204372907473
vid_000133_frame0000024.jpg,14.306729991319669,0.41099635185853806,654.4001117401546,1179.8167112171825
vid_000133_frame0000025.jpg,14.340615000429784,0.4147533125789373,645.0065370240807,1137.2480753444702
vid_000133_frame0000026.jpg,14.364134947812152,0.4178193617772263,624.1854420558028,1069.636323423485
vid_000133_frame0000027.jpg,14.323466130802423,0.41265651873771886,645.8503353135197,1128.1726797354213
vid_000133_frame0000028.jpg,14.348501889560325,0.4105802571937735,653.6903705554976,1126.8561902671229
vid_000133_frame0000029.jpg,14.42099232111303,0.4211528421432636,626.8201278646976,1040.0458481040764
vid_000133_frame0000030.jpg,14.297876089326282,0.4147475339585522,649.8269296570226,1162.6395349416016
vid_000133_frame0000031.jpg,14.411208101291733,0.42073612867285526,643.1121112141382,1137.426689975775
vid_000133_frame0000032.jpg,14.361264725574266,0.41868288570326434,664.9565595666238,1190.1593264143075
vid_000133_frame0000033.jpg,14.455430276761405,0.4254596104640563,639.1612028290134,1083.591769656044
vid_000133_frame0000034.jpg,14.311395896017256,0.4127914677878328,656.1541046161715,1185.040670886761
vid_000133_frame0000035.jpg,14.365555462011724,0.41633902956228575,642.2678761091531,1119.0401232136205
vid_000133_frame0000036.jpg,14.450140840834738,0.4238304079498749,622.2227643147469,1042.9372680865654
vid_000133_frame0000037.jpg,14.333553534945088,0.4136465315572178,647.5342298519718,1097.888871208985
vid_000133_frame0000038.jpg,14.3542020545064,0.4166284546265913,649.9394048866408,1127.7781369575496
vid_000133_frame0000039.jpg,14.269439434357123,0.4132273117443536,646.1969653882911,1139.710674017333
vid_000133_frame0000040.jpg,14.332439663342576,0.4137106719492097,647.9791657327634,1135.1704153410813
vid_000133_frame0000041.jpg,14.352751095406067,0.41455674556522504,642.6855436091629,1118.8296352777948
vid_000133_frame0000042.jpg,14.396791037795536,0.4162142536754594,637.5873831679181,1059.6317191085925
vid_000133_frame0000086.jpg,14.440992938551865,0.4087124338498511,644.1549776214011,995.3967694330426
vid_000133_frame0000087.jpg,14.357498885451552,0.4035099444835579,652.0940952209146,1045.5445149150162
vid_000133_frame0000088.jpg,14.399962083223395,0.4071555900651849,650.5169980556187,1026.7439744805463
vid_000133_frame0000470.jpg,14.524200569629912,0.4167917756528306,639.235941013156,930.6491105866724
vid_000133_frame0000471.jpg,14.517924076955318,0.40551290988898964,665.8447131643616,1065.362629336937
vid_000138_frame0000010.jpg,18.760385809519192,0.7478856531011555,767.2996156917134,1082.2103037978009
vid_000138_frame0000011.jpg,19.045998031672596,0.7501895360654295,743.9794328621697,1059.9149714235828
vid_000138_frame0000012.jpg,19.20770707748885,0.7486598447435476,758.9213339384481,998.9516193966313
vid_000138_frame0000013.jpg,19.07018403602951,0.7306543912950069,810.5366198111835,1018.1245434335076
vid_000138_frame0000014.jpg,19.05848183470913,0.7076686273544907,828.796078035043,1041.0988361101759
vid_000138_frame0000015.jpg,19.09542081500711,0.7299003435778988,818.4268993339283,1003.7407094026642
vid_000138_frame0000016.jpg,19.082678549787385,0.7455189966725156,786.4602659447571,980.3849048067815
vid_000138_frame0000017.jpg,19.041113785285823,0.717212610656807,832.9334822401377,1031.2615675314714
vid_000138_frame0000018.jpg,19.076612533435448,0.7068318617643573,840.6800808264871,1042.039962911611
vid_000138_frame0000019.jpg,19.078062846889804,0.7158718746026423,824.9001983952899,1024.0045482572116
vid_000138_frame0000020.jpg,19.033240858921143,0.7034925024739874,839.9341902280677,1039.7859731821325
vid_000138_frame0000021.jpg,19.047388852738106,0.717815044232266,841.4058308937822,1036.7320874534114
vid_000138_frame0000022.jpg,19.026416351937076,0.7304766191324505,811.9584421982689,1017.8459792070004
vid_000138_frame0000023.jpg,18.99276753789718,0.735940114259936,805.6816376857744,1004.0769042442805
vid_000138_frame0000024.jpg,18.95845071411528,0.7111350827982178,842.675893240458,1045.607669470164
vid_000138_frame0000027.jpg,19.01439959934192,0.7136366614309058,833.1197837058426,1042.9913102587686
vid_000138_frame0000028.jpg,19.086591709258734,0.7060464956715681,844.0930678096765,1042.9916099031395
vid_000138_frame0000029.jpg,19.035046577945522,0.712350363599271,826.820869373618,1023.6669251882779
vid_000138_frame0000030.jpg,19.00080275743132,0.703914255643348,846.3910259937522,1047.5088093045742
vid_000138_frame0000031.jpg,19.047677698644605,0.7148865242953514,840.5259298408827,1041.8562165994242
vid_000139_frame0000001.jpg,18.6667488401638,0.8079022928852284,1018.9202252110094,748.4016610484623
vid_000139_frame0000002.jpg,18.763139665099857,0.8620283469395712,998.9619509334099,730.1600443332961
vid_000139_frame0000003.jpg,18.11072450200624,0.8176522056007821,1070.41107575623,774.851193607838
vid_000139_frame0000004.jpg,18.5079977281214,0.8566329746723872,1040.2945895878104,739.1795367879155
vid_000139_frame0000005.jpg,18.917155301723835,0.8706332429396575,1013.091818087075,719.2154390379644
vid_000139_frame0000006.jpg,18.04629335889562,0.8502455685757466,889.2948706828671,734.8090941432772
vid_000139_frame0000007.jpg,17.694450313328613,0.8484355987225148,877.4388773561697,721.876633583148
vid_000139_frame0000008.jpg,17.78750217052232,0.8438575587922514,861.2413412359783,719.9223494495379
vid_000139_frame0000009.jpg,17.961831444353876,0.8310075267201137,863.5220973237605,715.3388014853904
vid_000139_frame0000010.jpg,17.844849152776472,0.8002183020138025,891.6201447569478,802.7766394277236
vid_000139_frame0000011.jpg,17.86712016781641,0.808162856770874,887.3192238958935,827.8951842339031
vid_000139_frame0000012.jpg,17.783690830290773,0.7972530338329941,911.2123795790808,841.4587352704833
vid_000139_frame0000013.jpg,17.780993972986877,0.8145691262693621,901.0992784050385,822.0597235091973
vid_000139_frame0000014.jpg,17.668173482880466,0.7947032691384065,912.6736397711907,853.9089615145124
vid_000139_frame0000015.jpg,17.788700548619637,0.8052772604082201,921.4299007358201,834.7008145070956
vid_000139_frame0000016.jpg,17.828689904837564,0.8073306519792469,897.773998868894,810.9360824800544
vid_000139_frame0000017.jpg,17.68880862042103,0.8465646373601414,897.4168397725987,720.1402553895464
vid_000139_frame0000018.jpg,17.992179665490788,0.8438072258988546,920.8299408181167,755.7003379860809
vid_000139_frame0000019.jpg,18.245360251728687,0.8542867614833686,922.1187311843049,758.9639620779632
vid_000139_frame0000020.jpg,18.429966997751773,0.8186115857642856,945.6285263029057,803.1724158692225
vid_000139_frame0000021.jpg,18.43409936527557,0.8358900594025748,929.7249154312851,796.0140925615563
vid_000139_frame0000022.jpg,18.426535514478758,0.8231035530390031,940.1353974256899,802.8315735181887
vid_000139_frame0000023.jpg,18.416928455189876,0.8398600073702961,932.9113889561481,796.985071224234
vid_000139_frame0000024.jpg,18.528969084108272,0.82745463532463,932.9197982608903,806.1154144168913
vid_000139_frame0000025.jpg,18.46171738070397,0.8382214629270787,932.3005452402442,796.3807869462901
vid_000139_frame0000026.jpg,18.318819064414328,0.8586406566670539,929.164840312653,767.9309126837021
vid_000140_frame0000001.jpg,17.69809186039159,0.8198699899534639,910.0771559917087,728.1180886743985
vid_000140_frame0000002.jpg,17.307317995818742,0.8659414055410671,894.2462765480673,715.998637400755
vid_000140_frame0000003.jpg,17.69939080106288,0.8631476773249341,900.8312011700928,708.6830736548442
vid_000140_frame0000004.jpg,17.75439456623647,0.8578064330737503,887.1667179644626,724.3473642254579
vid_000140_frame0000005.jpg,17.712870561298864,0.8546096307338221,921.5474009567386,735.0471568129212
vid_000140_frame0000006.jpg,17.646044458130724,0.8661663765784704,911.1610019646091,724.8392583551965
vid_000140_frame0000007.jpg,17.236965195371173,0.8652707611121611,860.9080559562168,736.3161550597902
vid_000140_frame0000008.jpg,17.193643831769645,0.8477459773111065,834.1436766943488,750.2587510033222
vid_000140_frame0000009.jpg,17.37189353242765,0.8641677878526209,797.6972097592317,745.748776751788
vid_000140_frame0000010.jpg,17.298219368275234,0.8408888307042588,805.8920304918245,742.3485604898169
vid_000140_frame0000011.jpg,17.216509677167895,0.8345506949184216,852.0208414072188,809.4997413705762
vid_000140_frame0000012.jpg,17.061635540971558,0.8204106080572692,854.4613633557642,810.242882414684
vid_000140_frame0000013.jpg,17.10653531132673,0.8253977734924264,892.3744705891555,860.1049456095737
vid_000140_frame0000014.jpg,17.095756386630462,0.8094614591080737,885.7478597354371,862.1312237575877
vid_000140_frame0000015.jpg,17.124493746148737,0.8223999106089694,887.3630974912031,857.9441738445632
vid_000140_frame0000016.jpg,17.161573638999897,0.8289879714395273,891.0197071732,852.759771403055
vid_000140_frame0000017.jpg,17.181562490142127,0.8233996075195398,891.8647310151053,863.4373050309539
vid_000140_frame0000018.jpg,17.086741904531845,0.8118409413801175,900.5257246083576,860.8548197659896
vid_000140_frame0000019.jpg,17.13841611968977,0.8245607860006275,892.8698644964161,857.1318828339153
vid_000140_frame0000020.jpg,17.084373164308353,0.8113398423482484,887.8229909291783,865.1151016626281
vid_000140_frame0000021.jpg,17.1499555690439,0.8298985942777838,902.9682996183489,850.2227904229275
vid_000140_frame0000022.jpg,17.010325974223647,0.8090725936646574,912.8723374050194,867.1641694394762
vid_000140_frame0000023.jpg,17.160349718482,0.8295695363652144,893.4248688723818,852.3760503448901
vid_000140_frame0000024.jpg,17.065588959959065,0.808021411313268,889.5064369192881,859.2282028915455
vid_000140_frame0000025.jpg,17.128966558954673,0.8276287927021811,881.1463295528225,852.282344040198
vid_000140_frame0000026.jpg,17.32606625368352,0.8378789533533562,868.5395529356279,837.7976496418746
vid_000140_frame0000027.jpg,17.184385910885123,0.8334014804502389,876.8364647168625,851.3942251226654
vid_000140_frame0000028.jpg,17.02322412577627,0.8174901234143563,890.7939432329575,853.2832757127859
vid_000140_frame0000029.jpg,17.1207426381669,0.8281555828213253,872.9145822896181,841.1726618155074
vid_000140_frame0000030.jpg,17.114321343393154,0.8142030636620357,888.3844036929917,863.4967102924543
vid_000140_frame0000031.jpg,17.158739108144335,0.8425401791082221,880.7866748277264,835.2400827642214
vid_000140_frame0000032.jpg,17.04439580887194,0.8409756946504992,879.8186259048225,801.6074239806068
vid_000140_frame0000033.jpg,17.099806378625825,0.8484058451614039,886.4046863029417,759.3526003176448
vid_000140_frame0000034.jpg,17.145449418095744,0.8490004042405652,876.4301526838802,753.3562808440394
vid_000140_frame0000035.jpg,18.15825888265169,0.8777973075635095,981.9635433864738,708.4062917489844
vid_000140_frame0000036.jpg,18.45238983915341,0.8733373199176855,1041.7836600630626,723.308118190603
vid_000140_frame0000037.jpg,18.12909324078762,0.8389736326918783,1084.9878796548994,760.4656305371011
vid_000140_frame0000038.jpg,17.900102168878146,0.8444761432769113,1100.9406741839693,740.6562865446751
vid_000140_frame0000039.jpg,17.843960400164022,0.8416048963707308,1116.5878990020483,744.9880687574
vid_000141_frame0000001.jpg,16.6166949919821,0.7353820736129304,920.4845665063384,1021.0243183867022
vid_000141_frame0000002.jpg,16.635183530188048,0.7526076690299469,906.5972949144456,1008.8549648884607
vid_000141_frame0000003.jpg,16.753216683154186,0.7664149051431609,912.6323215722316,1015.7470118191565
vid_000141_frame0000004.jpg,16.756069295440874,0.755337094224195,932.9378270612345,1033.4007847256028
vid_000141_frame0000005.jpg,16.738062519765553,0.7658543608146021,899.8251772448954,1009.8140934723423
vid_000141_frame0000006.jpg,16.6168407677492,0.7632387419452016,911.0535392488415,1014.8268773260884
vid_000141_frame0000007.jpg,16.694751235863983,0.7646065937099616,931.1451645200491,1024.9969700081379
vid_000141_frame0000008.jpg,16.80665050606555,0.7699146842695148,912.615892803509,1033.2998377967758
vid_000141_frame0000009.jpg,17.01510760060016,0.7751111192439933,904.5370923064653,1015.7665128827841
vid_000141_frame0000010.jpg,16.762150660473687,0.754332201272322,994.101001315577,1049.6835094453286
vid_000141_frame0000011.jpg,16.732499295643116,0.7629272842630376,1035.9400008064981,1039.1469118534953
vid_000141_frame0000012.jpg,16.63959050108433,0.7533517735243068,982.0630828311133,1097.1594329803622
vid_000141_frame0000013.jpg,16.428186205665927,0.7255870380231312,1121.4695626701669,1324.8591309821777
vid_000141_frame0000014.jpg,16.361752291240762,0.7104445047479498,1235.6868032319053,1379.721946944058
vid_000141_frame0000015.jpg,16.208971885744777,0.720732555172193,1133.795564180595,1334.5335691475002
vid_000141_frame0000016.jpg,16.565298370305403,0.7350994551597511,1070.4372522729784,1309.080843036421
vid_000141_frame0000017.jpg,16.785039458234625,0.7306154018734291,1125.7869933307097,1353.0180641325385
vid_000142_frame0000001.jpg,17.465535501112726,0.7414689524590375,909.345720837434,1118.8186841151505
vid_000142_frame0000002.jpg,17.532880030863097,0.7685921631255463,900.1660823363277,1105.630191665719
vid_000142_frame0000003.jpg,17.453187175257593,0.806033101437556,860.1706943985025,1028.6948241217533
vid_000142_frame0000004.jpg,17.299298754273725,0.7688074970624057,918.8987695081081,1124.9262250074783
vid_000142_frame0000005.jpg,17.3593055212282,0.7777680363274183,900.9674610288241,1130.5657677497074
vid_000142_frame0000006.jpg,17.374414434086074,0.7743716052855772,901.3729127990352,1113.6166274434897
vid_000142_frame0000007.jpg,17.682392890652626,0.7978880496675901,854.4116037087384,1094.1829387069383
vid_000142_frame0000008.jpg,17.29241949635582,0.7631772751642414,836.0049921945334,1278.3638621074556
vid_000142_frame0000009.jpg,16.947187156168287,0.7268755000397752,796.1434887864147,1359.0362607929114
vid_000142_frame0000010.jpg,17.212558173243277,0.7330061619485875,792.4918078163826,1358.4983893168617
vid_000142_frame0000011.jpg,17.15862747561151,0.7164339950900388,788.8534849126252,1366.0810590184863
vid_000142_frame0000012.jpg,17.10726452153296,0.7022350286191587,843.425059760151,1521.8254235532409
vid_000142_frame0000013.jpg,17.184791714123893,0.7162227707962625,824.251871446962,1467.8378291978681
vid_000142_frame0000014.jpg,17.171217945263397,0.7013322113137894,840.1011813143274,1516.6720012512178
vid_000142_frame0000015.jpg,17.12882903851453,0.7072248043432966,840.9947538427406,1510.5536193432317
vid_000142_frame0000016.jpg,17.155325206366886,0.7099673944803162,823.5671182358575,1465.2916883900828
vid_000142_frame0000017.jpg,17.222759045584986,0.7104442881436895,832.9568355954475,1501.9856010500225
vid_000142_frame0000018.jpg,17.140262730236657,0.7001469205684042,847.8606723532632,1531.309753482121
vid_000142_frame0000019.jpg,17.16686598206097,0.709882732763473,830.1806314297404,1446.1684282318263
vid_000142_frame0000020.jpg,17.10727541133163,0.6975221519825606,843.6697994455031,1504.8410136583782
vid_000142_frame0000021.jpg,17.126372160026683,0.7101178012872489,845.0727020532005,1500.3003498975133
vid_000142_frame0000022.jpg,17.10673786380861,0.7036993499030116,848.3351870390461,1527.618627876644
vid_000142_frame0000023.jpg,17.152806317712734,0.7185555360891923,820.0943927740203,1474.0961515107133
vid_000142_frame0000024.jpg,17.140721470834883,0.6969039187098719,833.854260567307,1543.4666102853519
vid_000142_frame0000025.jpg,17.07360427268162,0.708323571465311,827.7212186801462,1502.875615374362
vid_000142_frame0000026.jpg,17.135772909059078,0.7087825552304793,818.8480776251013,1475.8921879072407
vid_000142_frame0000027.jpg,17.179629011339102,0.7081679962958548,826.0534033496662,1482.336087073017
vid_000142_frame0000028.jpg,17.11546294412171,0.701553393896217,830.9602367213481,1516.020428017111
vid_000142_frame0000029.jpg,17.110050543669274,0.7081505547240344,815.8421215938708,1450.872059799041
vid_000142_frame0000030.jpg,17.18760347267751,0.6964072708106285,826.5321709455626,1497.764192240501
vid_000142_frame0000031.jpg,17.136228394980805,0.7082626474630483,827.3600483460523,1502.9933906123579
vid_000142_frame0000032.jpg,17.11890101551372,0.7025617098846745,839.4663103391046,1527.461374415948
vid_000142_frame0000033.jpg,17.166393548882265,0.7234770257373165,794.181055670599,1419.0905002876193
vid_000142_frame0000034.jpg,17.125373212159097,0.7013037189758057,834.0538781534175,1513.1440419366381
vid_000142_frame0000035.jpg,17.25042526587005,0.7328239605236506,770.6276725001464,1342.7946217070764
vid_000142_frame0000036.jpg,17.2145054937224,0.7227256828807631,726.2346064382018,1290.4246564986868
vid_000142_frame0000037.jpg,16.73383334674623,0.6809400324238828,728.202439337406,1371.21329243727
vid_000142_frame0000038.jpg,16.81611747783553,0.6534514238985513,720.1274103714499,1447.3225776100385
vid_000142_frame0000039.jpg,17.109027665539614,0.6643606575727888,658.063921783796,1159.8200779827548
vid_000142_frame0000093.jpg,18.053707385320465,0.8087880281298538,651.6120277243496,860.4739150367882
vid_000142_frame0000095.jpg,17.943043035174348,0.7637843432993776,669.7268995321655,956.7812512430573
vid_000142_frame0000096.jpg,17.96867104745321,0.7693430833692952,666.4903304292224,935.1279328147343
vid_000142_frame0000097.jpg,18.552120004242912,0.8098482100683775,665.8972385495726,833.3856131068155
vid_000142_frame0000099.jpg,17.147454381291652,0.6855233020557158,707.7221836637364,1221.3434266571803
vid_000142_frame0000100.jpg,16.657063187409932,0.6395631423662471,832.5316094768109,1601.9925444900423
vid_000142_frame0000101.jpg,16.999512960058645,0.7073469884946496,704.1549259447509,1224.6334469464045
vid_000142_frame0000102.jpg,16.683938507656645,0.6548722990617263,834.7577752961173,1716.77053343294
vid_000142_frame0000103.jpg,17.04740479602745,0.6865624758910788,765.7782335951863,1383.8900015149666
vid_000142_frame0000104.jpg,16.644379714272212,0.6613614738232263,846.0091791024033,1738.853182111845
vid_000142_frame0000105.jpg,16.61855545452672,0.6607400092914396,850.5123280354874,1758.585765799921
vid_000142_frame0000106.jpg,16.81373251165576,0.6690000447780126,803.8065983909835,1625.8682257869546
vid_000142_frame0000107.jpg,17.85771126845165,0.7871139487673194,690.2555939494857,1034.4034927856947
vid_000142_frame0000108.jpg,17.853791864588796,0.7425231295309488,731.4141187399161,1138.3637534884006
vid_000142_frame0000109.jpg,17.277447107206882,0.7049749979961488,779.7078947143235,1251.357262926851
vid_000142_frame0000110.jpg,17.156621097571836,0.7035432138296521,797.0843569337965,1295.2458122415499
vid_000142_frame0000111.jpg,17.971612207387892,0.8175737687235037,802.1482710888652,889.6152363483953
vid_000142_frame0000112.jpg,18.009954805010654,0.8467228661730709,705.3805764087459,836.5166926640748
vid_000142_frame0000113.jpg,17.908799890332876,0.8484827084216592,710.3896587622826,830.7186739497018
vid_000142_frame0000115.jpg,18.192091375168168,0.7867078399011079,759.9416711364786,950.8167827304137
vid_000142_frame0000116.jpg,17.986461658245783,0.8114136569412403,740.1360433777887,859.2017515787115
vid_000142_frame0000117.jpg,18.198119528198163,0.7802369107512147,761.8326365820193,953.1012197142393
vid_000142_frame0000118.jpg,18.246092267990864,0.7795153442817028,769.484817780967,964.5200207747748
vid_000142_frame0000119.jpg,18.109337766904943,0.7664850716730655,767.3116939613744,980.6265669149946
vid_000142_frame0000120.jpg,18.163862936469354,0.7654690810668096,762.1305098381251,984.8692778829962
vid_000142_frame0000121.jpg,18.130800347003664,0.7772316815864304,753.3610730688306,960.4961678423354
vid_000142_frame0000122.jpg,18.126954525786875,0.7815275260168265,759.3367695064879,957.4537150470558
vid_000142_frame0000123.jpg,18.121983079230255,0.7936608700725669,748.3013010254085,916.6335370590372
vid_000142_frame0000124.jpg,17.433647269223094,0.7490064343258059,764.21147352074,1125.8385715454908
vid_000142_frame0000125.jpg,18.419184551961642,0.8188473038934735,681.4457399836773,895.4508182904021
vid_000142_frame0000127.jpg,17.550941884646505,0.7387008711872181,766.6803478696049,1097.5253242804542
vid_000143_frame0000001.jpg,17.303919691460862,0.7260365014082656,997.6035723490102,1211.9014865088477
vid_000143_frame0000002.jpg,17.359375138675006,0.7350006042137814,965.1398972244924,1168.3991933421885
vid_000143_frame0000003.jpg,17.442766103720523,0.7444551047715754,972.4733033536425,1150.6666373617625
vid_000143_frame0000004.jpg,17.228127530927026,0.7281410021639875,1000.4633094578687,1212.6751286386118
vid_000143_frame0000005.jpg,17.264734321746815,0.7475990868857091,1040.6912999354408,1179.5093278334132
vid_000143_frame0000006.jpg,17.292301758942735,0.7493270137551776,1019.1860141561758,1139.0082694112189
vid_000143_frame0000007.jpg,17.324121141571982,0.7472756010715362,1015.8617421488441,1138.3442810915924
vid_000143_frame0000008.jpg,17.11409731242409,0.7311207925439408,1051.5912612446468,1164.1914929540508
vid_000143_frame0000009.jpg,17.341491350885974,0.7410285403337128,981.9364217217242,1127.207413370344
vid_000143_frame0000010.jpg,17.390098777215705,0.7262357575104462,1015.4405559918293,1159.5677384696555
vid_000143_frame0000011.jpg,17.419865869052302,0.7481180904996413,1015.2251748092044,1105.151298589458
vid_000143_frame0000012.jpg,17.456308399761955,0.7403578798742969,1034.23785869473,1164.9168328171136
vid_000143_frame0000013.jpg,17.213284634525202,0.7457794049184735,982.8215593275318,1174.725106187485
vid_000143_frame0000014.jpg,17.07342250589035,0.7261604504612666,1035.0544273295786,1223.8223045121456
vid_000143_frame0000015.jpg,17.017182292416923,0.7350891552733229,1010.915342121813,1176.9805720465952
vid_000143_frame0000016.jpg,17.202780718647933,0.7521039502941399,991.5000200181173,1089.188961042977
vid_000143_frame0000017.jpg,17.18537017931925,0.7506083167933492,1008.7810953669364,1086.7137934025195
vid_000143_frame0000018.jpg,17.149977510345984,0.7418335061726783,1045.6743764067146,1104.2645023025423
vid_000143_frame0000019.jpg,17.374596707027052,0.7641578590654968,984.8244258041423,1014.5869180544128
vid_000143_frame0000020.jpg,17.184379308462894,0.7433787258053851,1044.6807226822275,1066.6672452523392
vid_000143_frame0000021.jpg,17.34271965132716,0.7657900827559724,1036.2189039991642,1047.3893788027972
vid_000143_frame0000022.jpg,17.389641508139036,0.7610208554592587,1040.7559183496778,1061.077209332952
vid_000143_frame0000023.jpg,17.400461088730466,0.7633608013070465,1013.3218579619013,1047.377905489326
vid_000143_frame0000024.jpg,17.411818173576673,0.75058012533487,1044.442174893948,1083.3495103689806
vid_000143_frame0000025.jpg,17.676854212389188,0.7689512359934098,1027.8114170010917,1036.061006064787
vid_000143_frame0000026.jpg,17.554624740828952,0.7656986630166255,1008.1446199938437,1044.9406230137404
vid_000143_frame0000027.jpg,17.590528558816906,0.7646407127741353,1011.4720784648396,1043.848362749881
vid_000143_frame0000028.jpg,17.648989012591958,0.7509232245227397,1051.914027706017,1057.2945889629298
vid_000143_frame0000029.jpg,17.44217146112131,0.7526335501699789,1022.1020784951795,1044.1643557799375
vid_000143_frame0000030.jpg,17.517686074358004,0.731455582853501,1093.7355118741455,1101.0288633157033
vid_000143_frame0000031.jpg,17.30447431357731,0.7415169983877793,1063.829621565788,1085.8046565155933
vid_000143_frame0000032.jpg,17.450012480407057,0.731307581620181,1074.4871280892964,1088.165447661679
vid_000143_frame0000033.jpg,17.377173456253026,0.747303695536433,1036.2662379924009,1039.219451503034
vid_000143_frame0000034.jpg,17.147332038806724,0.7404303393227002,1030.5331013808714,1050.397854027072
vid_000143_frame0000035.jpg,16.940280422064102,0.7434690968468513,1054.4457139472859,1090.0957670106545
vid_000143_frame0000036.jpg,17.074485535284264,0.7486015963607938,1045.2207290183246,1095.5812831108644
vid_000143_frame0000037.jpg,17.131184080762225,0.7400115434681447,1095.9581020752114,1139.2144692952465
vid_000143_frame0000038.jpg,17.21498435697623,0.7451496791418561,1081.9657151153463,1126.9875523876199
vid_000143_frame0000039.jpg,17.3508370757888,0.748120189027578,1027.847388647138,1124.0998587684464
vid_000143_frame0000040.jpg,17.319766736506352,0.7507213050793782,1065.5902820244482,1136.9484522465118
vid_000143_frame0000041.jpg,17.17137472656003,0.7678902854135153,1133.3313490921737,1124.5880151497747
vid_000143_frame0000042.jpg,17.170177068510814,0.7593653459688877,1118.0661312982677,1142.6307800258137
vid_000143_frame0000043.jpg,16.877471844015087,0.7527036404910564,1164.701692922221,1086.3126599656807
vid_000143_frame0000044.jpg,16.700467261011536,0.7372987259243763,1207.859371550283,1077.4319398315895
vid_000143_frame0000045.jpg,16.926284482668777,0.7251491551541677,1274.8261362955516,1059.5668430877358
vid_000143_frame0000046.jpg,16.88534001043177,0.7265384075225109,1251.9928614958178,1037.8538705610736
vid_000143_frame0000047.jpg,16.874200619927866,0.7205295296061539,1290.4049164015416,1088.9674324363764
vid_000143_frame0000048.jpg,16.892045485897352,0.7193891687201331,1283.0514331880302,1084.9268776356464
vid_000143_frame0000049.jpg,16.922267081179395,0.7166752884414344,1238.9185911913098,1043.117332161949
vid_000143_frame0000050.jpg,16.938893981294257,0.7173312128724256,1276.3767351815998,1069.8758226072491
vid_000143_frame0000051.jpg,16.91610895185837,0.7204851451932734,1278.0588200172253,1100.1495425878884
vid_000143_frame0000052.jpg,17.029389901123082,0.724966478789141,1276.8996493348998,1073.7767685407098
vid_000143_frame0000053.jpg,16.965674810765318,0.7222957755298576,1289.999956136946,1112.1938413335579
vid_000143_frame0000054.jpg,16.875939209616988,0.7347361024418855,1243.6758641459191,1072.0743426092565
vid_000143_frame0000055.jpg,16.84039593947644,0.7254182581569779,1261.9758941216592,1103.508094948752
vid_000143_frame0000056.jpg,17.002630685196095,0.7424934292661431,1157.5062089225278,996.8702629671903
vid_000143_frame0000057.jpg,17.05008903809063,0.7495233225631451,1213.6171744822195,1032.7134771118704
vid_000143_frame0000058.jpg,17.119970563485676,0.7475842886592874,1210.563760822299,1029.681264661343
vid_000143_frame0000059.jpg,17.225757849194288,0.7438605007071653,1177.1855287263768,1019.9575180788952
vid_000143_frame0000060.jpg,16.988701159929665,0.7662319068839031,1122.517531874243,950.0063568758287
vid_000143_frame0000061.jpg,16.70961043095843,0.7521668465251574,1218.8359327714484,1006.080097378278
vid_000143_frame0000062.jpg,16.875841165800903,0.7449170247267088,1208.584790877452,1037.6935835809647
vid_000143_frame0000063.jpg,16.9551953062309,0.7460301522921323,1208.732733415143,1015.5100304498308
vid_000143_frame0000064.jpg,17.063848034017536,0.7438537936107302,1248.81498633556,1032.1460828660279
vid_000143_frame0000065.jpg,17.268353916678965,0.7509314086110562,1259.3646358985218,1036.6952502859576
vid_000143_frame0000066.jpg,17.41227467860673,0.7662780147090373,1153.2562008274735,987.2560058454508
vid_000143_frame0000067.jpg,17.478367520268637,0.7790280874366017,1121.7663075551404,987.7317274869996
vid_000143_frame0000068.jpg,17.1203062724425,0.7670772698806901,1163.370348062558,985.3353669934265
vid_000143_frame0000069.jpg,16.862498815384235,0.7514510144262018,1131.8938801639308,956.5878880349152
vid_000143_frame0000070.jpg,16.964265826888585,0.7619849748390554,1092.613265859958,953.2976351627224
vid_000143_frame0000071.jpg,16.68572202949197,0.7472290969511294,1156.4985838943176,1042.713108591787
vid_000143_frame0000072.jpg,16.92349001739264,0.7556042413267655,1124.2928033206226,975.1780820177805
vid_000143_frame0000073.jpg,16.89614477188015,0.7484508210824617,1138.3862539749343,1023.5076353914263
vid_000143_frame0000074.jpg,16.930447638085727,0.7485633493863019,1119.7509048257477,1026.1104720703086
vid_000144_frame0000001.jpg,16.072101337371006,0.748114545898248,718.853525759261,758.7568750823901
vid_000144_frame0000002.jpg,15.973013922532335,0.7660719678084345,707.2324401323067,741.1777562214679
vid_000144_frame0000003.jpg,15.758944047709434,0.7474059971569668,710.2054232015962,738.7707933371694
vid_000144_frame0000004.jpg,15.35313131299687,0.6651341930647972,727.5300749108774,930.1380250364855
vid_000144_frame0000005.jpg,15.3724517030452,0.650707265932254,745.0175415192679,972.6296542592556
vid_000144_frame0000006.jpg,15.41309996306165,0.6638117591567179,733.8971972469099,934.5586257249948
vid_000144_frame0000007.jpg,15.304165773213555,0.6767140296175581,706.2016884851577,867.275268052397
vid_000144_frame0000008.jpg,15.155157245234292,0.6478796266737431,722.3112561623047,953.067524103056
vid_000144_frame0000009.jpg,15.436829239008835,0.682211996478614,695.440473772577,822.6486451793228
vid_000144_frame0000010.jpg,15.233365238521216,0.6302237222492412,742.141492976944,994.3622814001968
vid_000144_frame0000011.jpg,15.245050549887855,0.6336823338953933,731.5534375413351,961.8522372706412
vid_000144_frame0000012.jpg,15.284421809036814,0.6359968551996158,745.7742955771078,946.4300484816341
vid_000144_frame0000013.jpg,16.153008713576998,0.7898827862347124,707.1777607787843,710.1795293108703
vid_000144_frame0000014.jpg,16.130827312353016,0.7397799981690896,730.2740296479072,758.5559589841611
vid_000144_frame0000015.jpg,16.011486660982882,0.7290375586282947,728.7252119751131,758.9162089376355
vid_000144_frame0000016.jpg,15.633734382680718,0.7042973044054645,729.4243627294297,817.2982667471884
vid_000144_frame0000017.jpg,15.577923636973289,0.6747507492644901,732.9630067280298,878.6991907062841
vid_000144_frame0000018.jpg,15.619368631634432,0.6685966102676785,750.2809401254403,905.9469240710685
vid_000144_frame0000019.jpg,16.39391209296146,0.7964299439495103,704.7803199066728,682.1487328525867
vid_000144_frame0000020.jpg,16.12696466087217,0.7297057719660139,740.8079668743444,789.4455802674588
vid_000144_frame0000021.jpg,16.28744213049387,0.7504429921902726,718.2759400993864,731.859088746668
vid_000144_frame0000022.jpg,15.996531808310719,0.6957181415599353,763.4560801294568,916.8582528487609
vid_000144_frame0000023.jpg,16.131359694861846,0.7189555454236928,744.6201680697328,847.5574172718152
vid_000144_frame0000024.jpg,16.1779665595779,0.7396781954776334,734.8506479765164,805.3874799657136
vid_000144_frame0000025.jpg,16.165566353440276,0.7049135610738307,758.5525081666694,882.5557095690637
vid_000144_frame0000026.jpg,15.909241859764462,0.7622842935549441,728.6727227147602,764.349313642471
vid_000144_frame0000027.jpg,15.6621974602329,0.7731938749490315,717.5250592692357,726.3556976799018
vid_000144_frame0000028.jpg,15.70049150267173,0.7038400045949577,776.8435546600364,958.1685093854126
vid_000144_frame0000029.jpg,15.60520531061526,0.695860075213027,734.7636393337076,953.9510762699169
vid_000144_frame0000030.jpg,15.600783640608977,0.6884069500406281,736.0290458038138,981.2876951045481
vid_000144_frame0000031.jpg,15.631136766933107,0.6956118005653043,717.9815676753051,963.7735843232828
vid_000144_frame0000032.jpg,15.539090983122515,0.6882579460495818,736.1526761140459,1003.3656877891281
vid_000144_frame0000033.jpg,15.555074694785642,0.7142033919719905,721.6085836553929,914.0980649127005
vid_000144_frame0000034.jpg,15.533431440200793,0.7309853405671501,711.5582405491355,872.3913484430387
vid_000144_frame0000035.jpg,15.433897723218212,0.7298058153044141,706.4040654693904,826.4763662153712
vid_000144_frame0000036.jpg,15.537160530917841,0.7355319137939609,684.1662758813468,779.0922740248884
vid_000144_frame0000037.jpg,15.393345203916777,0.7026433280858121,700.9842833687736,787.2884405146672
vid_000144_frame0000038.jpg,14.995240133043126,0.6476999251360117,744.7518065286116,1017.0979856474012
vid_000144_frame0000039.jpg,15.088203845012353,0.6277060347601188,750.4150424179954,1021.1391642416625
vid_000144_frame0000040.jpg,14.915571618811615,0.6132183986864718,768.9227686817419,1138.507374381495
vid_000144_frame0000041.jpg,14.928078818972544,0.6165555555914467,768.7348598673689,1116.0394016900364
vid_000144_frame0000042.jpg,14.930557098711754,0.616758031721319,780.3864546882032,1141.7626449013887
vid_000144_frame0000043.jpg,15.001983989970691,0.6336193145241796,765.7715505315219,1063.7985616397661
vid_000144_frame0000044.jpg,15.399563348572233,0.7022542463586868,742.6729014255543,888.1064929815964
vid_000144_frame0000045.jpg,15.136836565676282,0.6331012335364737,802.6851317091404,1125.8795382809703
vid_000144_frame0000046.jpg,15.234637138338911,0.6580747169888886,768.6875282225802,1000.6367995334438
vid_000144_frame0000047.jpg,15.256343516164787,0.6464330803482592,780.6644114481832,1065.4645984237663
vid_000144_frame0000048.jpg,15.227007337167093,0.6433023838128918,803.1522384422753,1121.2539613192127
vid_000144_frame0000049.jpg,15.124768673226313,0.652983099143707,756.5086590912974,965.0452484692402
vid_000144_frame0000050.jpg,14.9664249089114,0.6160846023222416,796.392225605721,1131.627118426164
vid_000144_frame0000051.jpg,15.00382455524541,0.6183327344781369,792.1220866221933,1127.7576342893863
vid_000145_frame0000001.jpg,17.759150979909553,0.7483887130449345,1118.5859826940837,1057.4756170398146
vid_000145_frame0000002.jpg,17.764910247465412,0.7524239196015042,1117.4847858008475,1055.1526545111637
vid_000145_frame0000003.jpg,17.898185639566275,0.7583418119328332,1103.1083331811278,1044.2024358249932
vid_000145_frame0000004.jpg,17.848172232008274,0.7516257241518872,1104.3736103327,1062.1650642092916
vid_000145_frame0000005.jpg,17.875051335953874,0.756162629813828,1087.5630546001871,1042.8968836055392
vid_000145_frame0000006.jpg,17.81251718760579,0.7590431271872671,1088.0100473838127,1033.1917031361234
vid_000145_frame0000007.jpg,17.770009519531314,0.7538542401502197,1100.1617140941746,1051.2102304852733
vid_000145_frame0000008.jpg,17.69244611457722,0.7469712190549544,1094.7422837183167,1063.7623515163002
vid_000145_frame0000009.jpg,17.685426056588057,0.755773449068475,1082.7674787701826,1024.7721641213384
vid_000145_frame0000010.jpg,17.611201062663604,0.7483798301960017,1102.437057272296,1058.0036024874644
vid_000145_frame0000011.jpg,17.591222609335258,0.751244357071644,1091.3834396707832,1048.7825815107838
vid_000145_frame0000012.jpg,17.542305578824703,0.7453560140322025,1102.0160339751324,1060.0415246563887
vid_000145_frame0000013.jpg,17.575816467780367,0.752269541969636,1096.9130291139904,1045.698160355949
vid_000145_frame0000014.jpg,17.46573738553154,0.7409060599275623,1121.96325471049,1060.7348076843307
vid_000145_frame0000015.jpg,17.478632262458692,0.7452209785653928,1125.935764177408,1056.2608107631545
vid_000145_frame0000016.jpg,17.49182325911803,0.7495349800945516,1109.0403172560616,1040.2958644150538
vid_000145_frame0000017.jpg,17.458402601506783,0.7429956573045554,1130.9779672776087,1060.4661380740672
vid_000145_frame0000018.jpg,17.36186533208526,0.7430539471243337,1146.1176537160961,1072.9625842668004
vid_000145_frame0000019.jpg,17.24569086141646,0.7444052548647297,1119.5564810787864,1052.3489379824757
vid_000145_frame0000020.jpg,17.33720789663776,0.7400198433859542,1116.6861220449637,1016.2247444542651
vid_000145_frame0000021.jpg,17.475900393944837,0.7510821272641213,1073.6550927304984,982.3278890551364
vid_000145_frame0000022.jpg,17.55655618289102,0.7520451144257745,1072.879424379454,952.9676531576732
vid_000145_frame0000023.jpg,17.536365479482065,0.75637275186246,1067.4982896526124,940.7339068893502
vid_000145_frame0000024.jpg,17.514324815151404,0.7521426383224635,1072.6439407012733,942.8844734853516
vid_000145_frame0000025.jpg,17.678569746659242,0.7616996930711082,1066.484979609334,936.5416620623307
vid_000145_frame0000026.jpg,17.661045791321982,0.7572925670401233,1077.2987335950074,945.3505177842708
vid_000145_frame0000027.jpg,17.724114578071173,0.7622148712294651,1095.0823209582234,962.6829595034067
vid_000145_frame0000028.jpg,17.63808825622593,0.756371813817521,1097.6895807080805,971.4622695387577
vid_000145_frame0000029.jpg,17.56263067645668,0.7632092409810722,1094.0001325836029,986.057676144351
vid_000145_frame0000030.jpg,17.57230180947126,0.7559992582103656,1112.2680502597045,1020.7893207930831
vid_000145_frame0000031.jpg,17.623306998013376,0.7602970871224847,1104.7905106738683,1005.8822998969358
vid_000145_frame0000032.jpg,17.52820653102261,0.7523569633901387,1119.294671368144,1024.0182926890943
vid_000145_frame0000033.jpg,17.556692268158077,0.7593830595647041,1081.8539857165404,994.144751520653
vid_000145_frame0000034.jpg,17.54068217511704,0.7525232109349623,1076.4622299515747,973.1517998349407
vid_000145_frame0000035.jpg,17.60001311430314,0.7574804655699071,1067.1471452868989,959.9063014151329
vid_000145_frame0000036.jpg,17.630197925802925,0.7623166669148859,1067.3256590392511,956.8837501931299
vid_000145_frame0000037.jpg,17.69915559959224,0.7608510586069538,1079.3208658293042,968.6612670461459
vid_000145_frame0000038.jpg,17.72654907937406,0.7608474315407944,1082.5250964317997,989.5984030165233
vid_000145_frame0000039.jpg,17.821829462391776,0.7637197479069845,1082.3099974264499,988.4120061392675
vid_000145_frame0000040.jpg,17.827391163082144,0.76310289739834,1091.5711450103126,988.2192164619382
vid_000145_frame0000041.jpg,17.806329615791213,0.7620775027715183,1082.2973078475563,978.1131687100508
vid_000145_frame0000042.jpg,17.709673991208223,0.7583177524371495,1089.1616312013405,991.3823255369498
vid_000145_frame0000043.jpg,17.694374223039834,0.7571651698325444,1082.010666767758,1001.139588433743
vid_000145_frame0000044.jpg,17.603242288491213,0.7560372128671792,1085.6506317915,997.0535423760814
vid_000145_frame0000045.jpg,17.609869754479885,0.7530657188891751,1093.3090014559193,996.7857770724485
vid_000145_frame0000046.jpg,17.61023397985365,0.7567806390605978,1083.7660186712933,979.3351792348042
vid_000145_frame0000047.jpg,17.5446459313684,0.746424717412744,1099.0868479962662,1003.2272091000506
vid_000145_frame0000048.jpg,17.54846987640251,0.7476004782379877,1092.9812752441303,1002.9913604670155
vid_000145_frame0000049.jpg,17.501781442352687,0.748288327744174,1090.9436829660988,996.569691510556
vid_000145_frame0000050.jpg,17.57606400738383,0.7492176422367797,1113.8195937840146,1015.8265506294268
vid_000145_frame0000051.jpg,17.561580061014393,0.7485958790942157,1111.0843126108823,1017.3631157036015
vid_000145_frame0000052.jpg,17.62878494697543,0.751201919800455,1120.6624444404456,1027.4211374948993
vid_000145_frame0000053.jpg,17.713035800888836,0.7558867362555571,1117.7590589281317,1031.8245564679523
vid_000145_frame0000054.jpg,17.67759671459869,0.7479991263240896,1129.9314670883928,1055.2006491274813
vid_000145_frame0000055.jpg,17.53151048136344,0.7447329586726975,1107.401790232125,1021.2146638025006
vid_000145_frame0000056.jpg,17.573236559212106,0.7528385341824028,1094.0180341323205,988.99998537798
vid_000145_frame0000057.jpg,17.62768823324781,0.7459694033631094,1116.714689607017,1017.6433879960898
vid_000145_frame0000058.jpg,17.582097044760005,0.7452238183566688,1104.653074672487,994.4855486776598
vid_000145_frame0000059.jpg,17.57547258406443,0.7429431482758444,1099.879634774573,1000.4152612304567
vid_000145_frame0000060.jpg,17.58376139484368,0.7434028907454441,1116.6211111173347,1025.97274409796
vid_000145_frame0000061.jpg,17.713910659905135,0.7444787224776137,1137.9355496943786,1052.989517654357
vid_000145_frame0000062.jpg,17.497548133507955,0.7443744613224288,1165.6688011336757,1090.0975635484087
vid_000145_frame0000063.jpg,17.215676932756185,0.7429422155541321,1133.781520477718,1056.4612367723953
vid_000145_frame0000064.jpg,17.003445920214773,0.7336815151398616,1156.196184828666,1103.9544204811
vid_000145_frame0000065.jpg,17.22765487383023,0.7443332085952675,1140.6286431577287,1035.2268038541263
vid_000145_frame0000066.jpg,17.355292957403172,0.7599831570961978,1107.0397392129285,977.8813493665175
vid_000145_frame0000067.jpg,17.489196131214747,0.778903005276851,1084.3663671938855,964.1179647509925
vid_000145_frame0000068.jpg,17.7839881587038,0.7897873906217058,1082.4578612120924,1022.5898629920138
vid_000145_frame0000069.jpg,17.477372829068482,0.7711716753302799,1182.7237238122052,1091.0608685787702
vid_000145_frame0000070.jpg,17.42573369542911,0.7521968945655934,1245.694441336249,1183.8973809292456
vid_000145_frame0000071.jpg,17.619296177010636,0.7459291847294051,1210.776376335963,1204.2631298746376
vid_000145_frame0000072.jpg,17.90634385157579,0.7680024682770034,1197.8477138001163,1141.807130195519
vid_000145_frame0000073.jpg,17.875912504214536,0.7422329252088676,1261.2662305314434,1278.6737255751354
vid_000145_frame0000074.jpg,18.244269636217297,0.743150639354926,1274.0717141888426,1173.3772659449398
vid_000145_frame0000075.jpg,18.502566729458103,0.7370972647531562,1248.9709228644074,1151.7497158650322
vid_000145_frame0000076.jpg,18.527433518107806,0.7433957107622041,1220.942548151484,1085.7939407745241
vid_000145_frame0000077.jpg,18.63440281940324,0.7484602192780231,1194.9663477503602,1012.8364016064346
vid_000145_frame0000078.jpg,18.765845943890266,0.7601433787932385,1147.9442235421925,958.3410777868949
vid_000145_frame0000079.jpg,18.23279652350965,0.7625263554858606,1007.4773943082514,870.530329221798
vid_000145_frame0000080.jpg,18.7014429156958,0.7907484958474931,955.6102311445246,858.6905782832948
vid_000145_frame0000081.jpg,18.712209814919344,0.7975780772070786,918.4692073134058,841.1874314616849
vid_000146_frame0000001.jpg,17.969558108228988,0.805180516204735,905.0065051896329,650.8725037045083
vid_000146_frame0000002.jpg,17.971204632547234,0.8335088181346698,896.4924679840361,645.057588151914
vid_000146_frame0000003.jpg,18.03759220759727,0.834750179263828,913.4215307157906,644.3473319616619
vid_000146_frame0000004.jpg,18.080724456435966,0.8240216032572153,915.0568426400057,654.5899455247207
vid_000146_frame0000005.jpg,18.073105132395067,0.8268363925650352,965.1022065330259,676.5436118024072
vid_000146_frame0000006.jpg,18.003300039631057,0.8263192322740064,970.028180915423,690.3718294035523
vid_000146_frame0000007.jpg,18.021163845486946,0.8209137686595973,973.2303816719646,676.707564995417
vid_000146_frame0000008.jpg,17.90670462683709,0.8025024857688617,1001.8948687565648,697.2333978974618
vid_000146_frame0000009.jpg,18.01487304609035,0.8265097656580781,977.6635189083481,675.4183184579003
vid_000146_frame0000010.jpg,17.994225140609544,0.8130115148000746,992.0347619358546,678.438716045321
vid_000146_frame0000011.jpg,17.958094711266643,0.8188029595003744,998.9043924262371,669.4005351675
vid_000146_frame0000012.jpg,17.94465310298407,0.8050896394188302,985.4993917335769,703.330352455678
vid_000146_frame0000013.jpg,17.977491872571456,0.8111552258977331,965.1203519891168,702.6610664529662
vid_000146_frame0000014.jpg,17.860802595584374,0.8153220735839395,933.9325208704836,690.5561246168642
vid_000146_frame0000015.jpg,17.94519404193199,0.8020886675296209,939.0402313350183,753.0723420424802
vid_000146_frame0000016.jpg,17.969865758071222,0.8155465674785255,925.4106374778339,725.9568773231308
vid_000146_frame0000017.jpg,17.85502695943993,0.8089394808878195,893.8264845175777,714.3926440577579
vid_000146_frame0000018.jpg,17.675960872469872,0.8008299996331051,953.0212668720774,710.1664340859426
vid_000146_frame0000019.jpg,17.808813726310106,0.8145344133596853,933.5312773306739,665.263871246035
vid_000146_frame0000020.jpg,17.698614773531006,0.8013000597570673,927.6728520717785,679.470239911312
vid_000146_frame0000021.jpg,17.743368146634538,0.8150064488935347,916.8324386647058,651.8778659777497
vid_000146_frame0000022.jpg,17.621297369590987,0.8084150779076292,867.014653522476,663.9802836777988
vid_000146_frame0000023.jpg,17.742099998936332,0.8148296522570027,861.1397251292952,657.9174514174944
vid_000146_frame0000024.jpg,17.541240432072975,0.8030008184957772,899.5211117678921,671.5291378873603
vid_000146_frame0000025.jpg,17.573572867640795,0.8138574410006657,858.8063997198076,654.3576990902864
vid_000146_frame0000026.jpg,17.54358486483916,0.8129661726843344,860.8570244221746,662.7201806454085
vid_000146_frame0000027.jpg,17.61108121602409,0.8143822494016888,876.8408529383694,647.3930197310985
vid_000146_frame0000028.jpg,17.678091461190526,0.8148660296604563,865.1120733554158,668.8154369650883
vid_000146_frame0000029.jpg,17.746487206245572,0.8250919558857993,846.7945101193466,667.2005290061961
vid_000146_frame0000030.jpg,17.798614579390666,0.8184602087436446,853.4846231361423,681.1559989528575
vid_000146_frame0000031.jpg,17.920953241891567,0.8179343191418219,873.0645297387208,710.5767156061522
vid_000147_frame0000001.jpg,18.228843541310095,0.7723593681727312,1231.0070839596372,1148.3589304884201
vid_000147_frame0000002.jpg,18.319583728211796,0.7923310310313726,1218.4202936578267,1131.0790911095676
vid_000147_frame0000003.jpg,18.387810554949578,0.8053790416568133,1221.2455962984657,1155.4808043338967
vid_000147_frame0000004.jpg,18.29604832806222,0.8005028144290609,1219.9233286229842,1152.4370827191071
vid_000147_frame0000005.jpg,18.312153564758354,0.8019247914221331,1224.7238672970539,1191.1329579070336
vid_000147_frame0000006.jpg,18.39696336589462,0.8033306140233877,1162.955322183643,1131.8646650953099
vid_000147_frame0000007.jpg,18.445664805753374,0.8008528691396375,1143.7201152409714,1121.3994688824678
vid_000147_frame0000008.jpg,18.40351165401707,0.7850424867582837,1173.6488124417822,1157.274303072689
vid_000147_frame0000009.jpg,18.29985828026108,0.7887192543324106,1110.5573741791782,1145.9603655137553
vid_000147_frame0000010.jpg,18.15822530602005,0.774550754575236,1240.523224009254,1246.4790804138581
vid_000147_frame0000011.jpg,18.356240248541905,0.7974803905967089,1212.9061029931725,1237.3439641371704
vid_000147_frame0000012.jpg,18.125184583849606,0.7837588168820147,1287.9311885502952,1273.3221495890537
vid_000147_frame0000013.jpg,18.216840527751238,0.7902982424315902,1244.4563682605233,1216.4685841178564
vid_000147_frame0000014.jpg,18.160288497087375,0.7791809159511723,1224.5409844575477,1211.0402118755842
vid_000147_frame0000015.jpg,18.212722376814998,0.7846454279068785,1214.5658151446694,1187.5186792568575
vid_000147_frame0000016.jpg,18.177569167409708,0.7851628334689208,1204.2580179079964,1189.401040638993
vid_000147_frame0000017.jpg,18.273246511610203,0.7903168193531142,1238.6730187769804,1224.5248767149624
vid_000147_frame0000018.jpg,18.066445263299507,0.7825176973522562,1289.4986071424826,1248.085622837755
vid_000147_frame0000019.jpg,18.06042945987612,0.7790381286949172,1259.4984943577251,1248.7500889790842
vid_000147_frame0000020.jpg,18.137127206102598,0.7644035095415803,1295.08206956466,1255.2086810936357
vid_000147_frame0000021.jpg,18.256656632461016,0.7913266349379854,1251.7686265603274,1233.985387426799
vid_000147_frame0000022.jpg,18.114531678231586,0.7780432990384757,1277.5075147943946,1276.6771532387977
vid_000148_frame0000012.jpg,16.12399951745363,0.6727500927510377,200.76076537796615,519.18867873646
vid_000148_frame0000013.jpg,16.251727088465366,0.6842981467736934,199.96963887287842,503.6824420982047
vid_000148_frame0000014.jpg,16.092909409071087,0.6782736939081024,203.61698934729486,503.5622382519487
vid_000148_frame0000015.jpg,16.91991579554877,0.7291627519016955,182.03210303923856,395.682781648684
vid_000148_frame0000016.jpg,16.75929147017072,0.7257667099493781,190.71109603892216,413.6387325695156
vid_000148_frame0000017.jpg,16.395233167679365,0.6884692924737846,201.60237452233383,535.9619362012959
vid_000148_frame0000018.jpg,16.389649885026007,0.6785286304067278,205.34391284802894,550.3529331467741
vid_000148_frame0000019.jpg,16.39193296113976,0.678547586998211,201.8407333914938,540.3815363001485
vid_000148_frame0000020.jpg,16.376936131275144,0.673073498168053,207.74341699225243,575.4183865774229
vid_000148_frame0000021.jpg,16.343723116077904,0.6771067251864462,206.49293369995758,575.8597952525536
vid_000148_frame0000022.jpg,16.242734695567467,0.6652344588327849,212.81564812285387,619.5033576810591
vid_000148_frame0000023.jpg,16.58896335604245,0.6852903236106124,221.93108008611216,604.7058369033755
vid_000148_frame0000024.jpg,17.036091893276936,0.7135515637587971,204.46578069105988,503.32905744282255
vid_000148_frame0000025.jpg,17.1089995406552,0.7207408755627339,210.04766113220214,437.28795087661774
vid_000148_frame0000026.jpg,17.342976934570963,0.7933846054115842,159.89289488063554,339.94962319366704
vid_000148_frame0000027.jpg,17.296234400385128,0.7599241372281696,156.2853602239853,345.3474629042921
vid_000148_frame0000028.jpg,17.339925469131195,0.7441034210639218,162.59348593905955,362.7711217129841
vid_000148_frame0000029.jpg,17.23767744983591,0.785180468238995,160.27339113799638,347.6405358467554
vid_000148_frame0000030.jpg,17.28152356102514,0.7233182080462012,169.08954880250604,398.28949293696286
vid_000148_frame0000031.jpg,17.173869973097332,0.7268241176067312,162.28932194395153,374.5349655334661
vid_000148_frame0000032.jpg,17.207068889674165,0.7276265396793263,161.0514364823347,374.17204000335846
vid_000148_frame0000033.jpg,17.211214083240556,0.7271564617171267,160.15862020135637,378.17429539251987
vid_000148_frame0000034.jpg,17.104690573915175,0.7289544011731978,170.1296203728466,387.9692411063349
vid_000148_frame0000035.jpg,17.354619641601744,0.7508163467014274,161.58808879887846,354.8873769602182
vid_000148_frame0000036.jpg,17.21734406117723,0.7465329302034241,161.084143058103,367.7773915603137
vid_000148_frame0000037.jpg,17.165551316060444,0.7377484536869424,159.94409389027228,367.7373021960477
vid_000148_frame0000038.jpg,17.14872437131782,0.7281144163530572,163.11689929280465,391.43883428807834
vid_000148_frame0000039.jpg,17.23277924554091,0.7392151216178081,157.63590979267738,369.834318849378
vid_000148_frame0000040.jpg,17.08801294888451,0.7124068163263613,163.61158606356943,398.68588960484345
vid_000148_frame0000041.jpg,17.10226510376512,0.7187407690139791,162.37844109545284,400.3270441967843
vid_000148_frame0000042.jpg,17.34486385216817,0.7633581533095845,159.9399146009623,362.27192296047383
vid_000148_frame0000043.jpg,17.37260923110691,0.7437609404069297,156.88514985584763,364.8491183238902
vid_000148_frame0000044.jpg,17.238179954598753,0.7373472856975859,164.0873081242337,389.121724860358
vid_000148_frame0000045.jpg,17.408302901695038,0.7817946060262794,158.79686924047854,343.41571337676567
vid_000148_frame0000046.jpg,17.02609552048639,0.7362163033117723,166.35904191397344,395.9952499138019
vid_000148_frame0000047.jpg,17.208549172960254,0.7749462211867254,170.081028503024,360.2367887079488
vid_000148_frame0000048.jpg,16.996201075514186,0.709716782566607,234.4874083969848,509.67837604462795
vid_000148_frame0000050.jpg,17.233467229077203,0.7828140137927159,211.50495336526882,415.7701018414933
vid_000148_frame0000051.jpg,17.094871994389322,0.7895504370141827,232.1632493107782,444.6088786901112
vid_000148_frame0000052.jpg,16.862630535065406,0.7676482873801812,227.69370765918026,452.24274015489675
vid_000148_frame0000053.jpg,16.91573329762903,0.7557120913931626,205.18580532540358,451.89888663363183
vid_000148_frame0000054.jpg,16.837202727034498,0.7232938210868531,198.52636651422353,498.5561763528183
vid_000148_frame0000055.jpg,16.72432268493699,0.7088873997893345,207.2312146379045,518.4794105973438
vid_000148_frame0000056.jpg,16.65239668927471,0.7047695266415355,207.76707188568685,528.7823811025005
vid_000148_frame0000057.jpg,16.632936469220745,0.697953340122948,210.95911786383874,554.0947122534467
vid_000148_frame0000058.jpg,16.674422263005976,0.7037403478391195,209.11499155667906,555.6074931576821
vid_000148_frame0000059.jpg,16.74580168816909,0.7056129225788613,201.9575401247027,527.904758527121
vid_000148_frame0000060.jpg,16.737273294690787,0.7210435904737117,201.82812558951605,483.34891127483127
vid_000148_frame0000061.jpg,16.735596020397765,0.709236762266041,206.91841034183324,531.7722550385172
vid_000148_frame0000062.jpg,16.638726317891496,0.7042470010228011,202.79197689042297,545.3364517359693
vid_000148_frame0000063.jpg,16.653696570566634,0.6991939781959481,211.67882954405695,562.2865565345733
vid_000148_frame0000064.jpg,16.655997998256737,0.7011966605978919,209.09385836978248,575.6374534300311
vid_000148_frame0000065.jpg,16.703121440237418,0.7028600864144771,209.55263967678073,558.3628013646088
vid_000148_frame0000066.jpg,16.785475290253316,0.7105728170045505,206.92440496317403,517.8010802226248
vid_000148_frame0000067.jpg,16.768287928209233,0.7095342799476861,204.15095614639006,524.7339035126591
vid_000148_frame0000068.jpg,16.77427376861111,0.7127635116557052,201.09106557652055,504.418832206359
vid_000148_frame0000069.jpg,16.649814891737197,0.701644650440099,206.0391074007465,523.9995509924529
vid_000148_frame0000070.jpg,16.744804792303714,0.7099644177632132,203.62491322640716,513.058287971086
vid_000148_frame0000071.jpg,16.62057878019572,0.6999463181520666,209.53604973933892,550.8875823766224
vid_000148_frame0000072.jpg,16.689563335720653,0.7071950569710553,205.34517306723396,530.6274981766211
vid_000148_frame0000073.jpg,16.652619776549383,0.7002036890530238,213.7665486552837,577.0560060797222
vid_000148_frame0000074.jpg,16.6670488984305,0.7106000098642528,206.42814507530397,528.7372584585333
vid_000148_frame0000075.jpg,16.645786297173014,0.7000898626466752,213.22458770988476,556.3959780056512
vid_000148_frame0000076.jpg,16.688686315295406,0.7103086963791624,203.82333465622662,508.9184166339678
vid_000148_frame0000077.jpg,16.61815802604839,0.6947508993513091,215.2731746775985,579.1319697060619
vid_000148_frame0000078.jpg,16.70084587209931,0.7048410156961049,206.60986233917936,544.4997473560526
vid_000148_frame0000079.jpg,16.561965980862137,0.6931409049801238,212.46072689118802,562.6049148801559
vid_000148_frame0000080.jpg,16.54142793905844,0.699315006801609,209.11301538290107,569.1804750594661
vid_000148_frame0000081.jpg,16.56979483190624,0.691854621002201,213.83601744724342,595.4085651707092
vid_000148_frame0000082.jpg,16.636701824709505,0.6987516311215399,212.51006411387323,562.8077343081602
vid_000148_frame0000083.jpg,16.550599087547457,0.6846050817366818,218.9750995042176,610.6789330887875
vid_000148_frame0000084.jpg,16.554248065020843,0.6916214352980264,210.87026044787007,571.4797153489003
vid_000148_frame0000085.jpg,16.464772890039455,0.6798384969439278,222.58724945306875,637.3713643313552
vid_000148_frame0000086.jpg,16.562814829891128,0.691541174600883,214.75344735731477,600.0365635840918
vid_000148_frame0000087.jpg,16.45794563492757,0.6780837403956156,231.6029962983581,673.1627569193041
vid_000148_frame0000088.jpg,16.471137552505013,0.6815983198037335,228.70398215550898,654.0722150668587
vid_000148_frame0000100.jpg,15.616253315630859,0.5859253132966428,286.7126924030151,988.7777660121046
vid_000149_frame0000001.jpg,17.410266290873892,0.6700287058205735,210.38511028338735,502.83573832530453
vid_000149_frame0000002.jpg,17.56022701174705,0.7064276671049367,199.55598455552482,462.39051541306685
vid_000149_frame0000003.jpg,17.750079222151008,0.709503655705709,198.31507775587062,452.66256709273205
vid_000149_frame0000004.jpg,17.682352062027437,0.6950646570034134,205.66992512281348,466.66269354485325
vid_000149_frame0000005.jpg,17.609482620786633,0.7175858540701395,201.55397911022783,455.2107947349498
vid_000149_frame0000006.jpg,17.561292309335922,0.7042079316912805,203.6185119954382,460.68819476955764
vid_000149_frame0000007.jpg,17.647534856893387,0.7266837553778132,200.8437911929347,452.8400366587046
vid_000149_frame0000008.jpg,17.580306454500572,0.7006739796522344,203.28877920269233,462.33108661914844
vid_000149_frame0000009.jpg,17.812343982784014,0.7458885619754433,195.204342628534,417.02258239540424
vid_000149_frame0000010.jpg,17.65373865229346,0.7075216303956312,205.45188785164316,461.60636018776034
vid_000149_frame0000011.jpg,17.770371923418388,0.7355141325318124,202.60634490267316,435.64702345882836
vid_000149_frame0000012.jpg,17.799111486085163,0.7106455743165099,209.78747270786266,463.7491888957857
vid_000149_frame0000013.jpg,17.89048141025585,0.7344690792649899,203.38618089397167,439.5864587012459
vid_000149_frame0000014.jpg,17.711554124530295,0.7142535757191383,208.65524662927066,456.2111901772065
vid_000149_frame0000015.jpg,17.893896153640526,0.7331501576472005,204.98966379687198,448.85130431526704
vid_000149_frame0000016.jpg,17.806028895965355,0.7209550096500301,208.31155974101867,467.73264695940736
vid_000149_frame0000017.jpg,17.79931811200639,0.730298754515515,206.25492466391384,452.7803182152895
vid_000149_frame0000018.jpg,17.787836327891014,0.7118470609092672,210.82541749326768,467.4175486851543
vid_000149_frame0000019.jpg,17.828297672833664,0.7316371107691593,200.51328778109206,435.0850076743607
vid_000149_frame0000020.jpg,17.790199848756032,0.7058492910842661,210.22415267115997,470.1062971597013
vid_000149_frame0000021.jpg,17.964311574891592,0.7274044695477281,207.0353053683845,456.06317852426264
vid_000149_frame0000022.jpg,17.70337232434075,0.7040444960283208,211.30699383729498,476.13280684857165
vid_000149_frame0000023.jpg,17.88223726604017,0.723049239681988,203.41445186129212,452.55117106583737
vid_000149_frame0000024.jpg,17.641131235619827,0.70320020153973,207.20535579292778,467.1782940630577
vid_000149_frame0000025.jpg,17.745634188514487,0.7153014888536072,201.05096250300025,458.4084737861516
vid_000150_frame0000001.jpg,14.916019407380096,0.5793964055711286,405.57822431546566,1218.3628146426793
vid_000150_frame0000002.jpg,15.042563409018268,0.5955919024865288,392.0984441672507,1174.7360244547585
vid_000150_frame0000003.jpg,15.040948009864882,0.5979269560157779,391.19965556170143,1170.7725340132874
vid_000150_frame0000004.jpg,15.061792703957941,0.5981902865184877,390.8296285021852,1172.1541131435977
vid_000150_frame0000005.jpg,15.204955681593448,0.6089778637273419,370.12626238513127,1118.3849224116536
vid_000150_frame0000006.jpg,15.123152399306562,0.613843968384402,359.66754862963603,1099.183753776522
vid_000150_frame0000007.jpg,15.146322048441798,0.6140298284709859,364.3127128633339,1105.4703818022663
vid_000150_frame0000008.jpg,15.071357616915758,0.5999541235045097,382.8762333445972,1167.222314787517
vid_000150_frame0000009.jpg,15.090381930213097,0.6095938162395874,365.71494538813226,1110.027760564756
vid_000150_frame0000010.jpg,15.01386311371093,0.596936286438657,380.38720904976117,1170.4682862034138
vid_000150_frame0000011.jpg,15.120239820291205,0.6085514841929726,364.1104507096527,1111.0924138047712
vid_000150_frame0000012.jpg,15.083390638821054,0.6018978241483552,380.29475983591925,1147.3679647872268
vid_000150_frame0000013.jpg,15.057760974689927,0.5975709074358784,371.5606009378912,1138.7601812190007
vid_000150_frame0000014.jpg,14.895284232695715,0.587532047177466,381.7244070486227,1177.516929852109
vid_000150_frame0000015.jpg,14.965317981132344,0.599255667179695,371.75173038624473,1132.753976090362
vid_000150_frame0000016.jpg,15.033804637819966,0.6086525734786031,355.6191791088573,1090.2360407204692
vid_000150_frame0000017.jpg,14.970610323162711,0.5989408971018745,373.6317519846476,1136.147525176636
vid_000150_frame0000018.jpg,14.879793982884742,0.5909329771712842,386.79797594090326,1165.8487953570764
vid_000150_frame0000019.jpg,14.962237295045968,0.6036768611669459,353.2120801818605,1096.0236526638566
vid_000150_frame0000020.jpg,14.948734319052093,0.5918824375318487,378.65582522119786,1160.7927510930313
vid_000150_frame0000021.jpg,15.03068691826371,0.6030243232424272,368.02188962460184,1119.6593421672558
vid_000150_frame0000022.jpg,14.900491574105583,0.5886826318920959,381.73170231538563,1160.8350280573818
vid_000150_frame0000023.jpg,15.200653181534703,0.6041362578980781,334.7886813743569,1027.4687595682415
vid_000150_frame0000024.jpg,15.384584746685023,0.6227509041083847,347.7203294409885,987.1883101942815
vid_000150_frame0000025.jpg,15.403015197213438,0.6181380623703681,339.7122423592841,1036.1480790161986
vid_000150_frame0000026.jpg,15.097588485491375,0.6353250041320524,343.52293167577795,980.2452199936306
vid_000150_frame0000027.jpg,14.786706777101962,0.5890525330994977,434.7821819767077,1277.5826482680968
vid_000150_frame0000028.jpg,15.071699172555089,0.6159347525232772,423.04498398383316,1111.341230611527
vid_000150_frame0000029.jpg,15.157177013592753,0.6130028890299657,489.7870087125648,1171.0273599100751
vid_000150_frame0000030.jpg,15.013913402839012,0.5924695099876882,536.329286958484,1298.5760978200115
vid_000150_frame0000031.jpg,15.293517575269766,0.6168343776007584,528.0819377315014,1183.4646957894781
vid_000150_frame0000032.jpg,15.105400449016033,0.5958600494659637,489.689183500883,1194.5600810825313
vid_000150_frame0000033.jpg,14.967939127214173,0.584941547811642,487.3772012670761,1191.1573283048026
vid_000150_frame0000034.jpg,15.088009781775868,0.5920492322826197,500.38076852469146,1213.0758405227311
vid_000150_frame0000035.jpg,15.291187670879555,0.6096219653743388,511.4739204808412,1169.236341691423
vid_000150_frame0000036.jpg,15.367095513320335,0.6162890226044654,501.020975893543,1095.6905586119715
vid_000150_frame0000037.jpg,15.22514268604832,0.5978568705496574,490.2429751876477,1147.6778042890724
vid_000150_frame0000038.jpg,14.967853758987165,0.5884638708652454,474.39402407356926,1181.8670863230004
vid_000150_frame0000039.jpg,14.930569317137126,0.5934958133781234,437.023496288199,1151.857009322605
vid_000150_frame0000040.jpg,14.772557487807545,0.5861227264552223,454.85279318907476,1240.0612055209483
vid_000150_frame0000041.jpg,14.799725582270272,0.5874680920228693,459.6869101740783,1249.1356650531156
vid_000150_frame0000042.jpg,14.819834746027764,0.589654979428934,462.60976003149415,1239.1640193892968
vid_000150_frame0000043.jpg,14.813293459003877,0.5862706156437267,457.05961704658637,1240.5106835310155
vid_000150_frame0000044.jpg,14.899571073065573,0.5957360306567995,445.8836868527318,1233.3405938200901
vid_000150_frame0000045.jpg,14.89673609987366,0.594242983263607,441.38091959561956,1206.7568482988474
vid_000150_frame0000046.jpg,15.162863930758267,0.606382049416068,448.06794004028325,1138.9187043462857
vid_000150_frame0000047.jpg,15.23489623144516,0.6007322292411118,481.70136560602555,1237.7851131993064
vid_000150_frame0000048.jpg,15.225296536413994,0.5981796229224793,478.20736984719684,1212.228960751018
vid_000150_frame0000049.jpg,15.32351572435456,0.6053228229068449,432.970494761896,1138.264538995385
vid_000150_frame0000050.jpg,15.285131824551137,0.601161067127331,462.1664672080897,1154.8025178761054
vid_000150_frame0000051.jpg,15.075591506655927,0.591829021959396,471.9466785650894,1235.6634964172738
vid_000150_frame0000052.jpg,15.073331957182688,0.5901287658953347,471.13177317871305,1233.081964435767
vid_000150_frame0000053.jpg,15.020262097802462,0.5887574176241598,490.334818634185,1255.015413452162
vid_000150_frame0000054.jpg,15.058660376568621,0.5939241588936996,479.37440060320296,1220.198568806513
vid_000150_frame0000055.jpg,15.046049931763637,0.5895233672111879,492.8864329630149,1269.9632976924381
vid_000151_frame0000001.jpg,14.501226613888555,0.5758379250670402,326.20539299906864,1257.06686033063
vid_000151_frame0000002.jpg,14.630125527963235,0.5930162357037992,285.7642026009588,1108.3240438406744
vid_000151_frame0000003.jpg,14.671445278496035,0.5980050032681001,296.99012873271255,1136.9540176270089
vid_000151_frame0000004.jpg,14.60403352974252,0.5771340811100739,354.4847700390397,1284.0608362012854
vid_000151_frame0000005.jpg,14.531393011162656,0.5639223066901264,390.5713607649884,1402.8943014463769
vid_000151_frame0000006.jpg,14.605091563738808,0.5671771527775887,360.4388083813333,1304.2016136894163
vid_000151_frame0000007.jpg,14.500264866463997,0.5582563188177124,388.0893507363852,1415.7585456190156
vid_000151_frame0000008.jpg,14.508087024918696,0.5574463842354608,384.73563837483744,1404.8573881164257
vid_000151_frame0000009.jpg,14.530074112297434,0.5591652140721733,377.5905189132708,1365.196147689688
vid_000151_frame0000010.jpg,14.443458237082245,0.5528438503446738,397.22505989157924,1447.0164581780266
vid_000151_frame0000011.jpg,14.507674796957126,0.5600003710551197,390.4788134454727,1416.233859234602
vid_000151_frame0000012.jpg,14.455457728067467,0.5662407555189987,348.02802294776995,1282.754771563839
vid_000151_frame0000013.jpg,15.05174449288727,0.599331550108125,259.47310448355967,913.9519346649647
vid_000151_frame0000014.jpg,15.125805816190145,0.5773642563258198,307.74467352813224,1121.8252710854583
vid_000151_frame0000015.jpg,15.18633806763587,0.5763924510828305,319.7184208895919,1168.4097587985427
vid_000151_frame0000016.jpg,15.295565188838951,0.6072710823670128,305.9539154417754,1085.8191588513719
vid_000151_frame0000017.jpg,15.369567348905605,0.5973006643302751,316.5117287515868,1084.4990333015267
vid_000151_frame0000018.jpg,15.225028861569005,0.5875566695043458,325.7310705193338,1118.2027611254748
vid_000151_frame0000019.jpg,15.355758295924302,0.5981116680257451,332.2362744279287,1115.5383044543337
vid_000151_frame0000020.jpg,15.335964930744861,0.5942066106972379,333.39738759949245,1120.2577391058655
vid_000151_frame0000021.jpg,15.68368475881655,0.6318647081414689,240.95361069166677,827.7122465539571
vid_000151_frame0000022.jpg,15.868577325368996,0.6247086363474802,254.65469968667463,855.4925782825351
vid_000151_frame0000023.jpg,15.786257483317526,0.6264899843400947,251.32314622609127,861.6766581480061
vid_000151_frame0000024.jpg,15.621041094618818,0.6243265053113918,279.6387968146813,928.5309077962509
vid_000151_frame0000025.jpg,15.505709340392876,0.6050970564370219,299.94532321367376,1035.5269300113919
vid_000151_frame0000026.jpg,15.525959160024218,0.6205114443776282,284.77186604101695,986.2998610845359
vid_000151_frame0000027.jpg,15.463608666697045,0.6247152621996143,271.5873066099225,896.2422095637635
vid_000151_frame0000028.jpg,15.204898334600877,0.6089960646761671,305.47948814664926,1026.3297785096836
vid_000151_frame0000029.jpg,15.090502929310713,0.6039638643150459,309.8568210341595,1058.8828488564116
vid_000151_frame0000030.jpg,14.804577112653636,0.5801861871503434,352.4777863564815,1253.1927128769653
vid_000151_frame0000031.jpg,14.780824784761865,0.5786343135648913,353.8880268907212,1251.0367497493671
vid_000152_frame0000001.jpg,18.81310253560292,0.7175680571378126,480.29914006170395,768.2579662925411
vid_000152_frame0000002.jpg,18.819612173244902,0.7245542609861272,478.1011087777209,764.7084007163544
vid_000152_frame0000003.jpg,18.9332087622985,0.7340643280430408,478.8140117784347,770.1943840580803
vid_000152_frame0000004.jpg,18.969964259552587,0.737336600640957,459.61473905260107,755.1347266421353
vid_000152_frame0000005.jpg,19.00274132051542,0.7413809503548024,471.958899420503,762.7952513804587
vid_000152_frame0000006.jpg,18.799891701021174,0.7334640306887267,472.3841111343971,766.8542484773183
vid_000152_frame0000007.jpg,18.928901871247522,0.7454936200149844,473.35876654471565,777.2408085017698
vid_000152_frame0000008.jpg,18.783917964142635,0.7456626933586441,475.4381710272776,777.5545061282768
vid_000152_frame0000009.jpg,18.67334126363886,0.7462607859739014,443.96052967476163,739.060814684484
vid_000152_frame0000010.jpg,18.595115235854735,0.7515957865914427,476.2085936364615,778.0391358948796
vid_000152_frame0000011.jpg,18.4510247574917,0.7589537476000414,472.68198686370795,795.6876257390518
vid_000152_frame0000012.jpg,18.272337194052408,0.7588491437239275,466.22143174508494,802.7373434112073
vid_000152_frame0000013.jpg,18.180780348247993,0.7661134420554995,449.1696071934322,778.5545222561555
vid_000152_frame0000014.jpg,18.020966365119303,0.7596067850118103,423.7931966596457,744.5570991695561
vid_000152_frame0000015.jpg,18.099196631080286,0.7693926919600589,406.1127287419989,741.235349605715
vid_000152_frame0000016.jpg,18.05250435076583,0.759908584205868,424.24103909851954,740.7403819744547
vid_000152_frame0000017.jpg,18.009282803033063,0.7603049390084521,432.44608538435955,740.5021058271493
vid_000152_frame0000018.jpg,17.99440366420591,0.7544437890757978,440.2466487753855,742.0405740316083
vid_000152_frame0000019.jpg,17.87080867338636,0.7454225101194064,432.33544408971335,749.4818849040663
vid_000152_frame0000020.jpg,18.026867259947906,0.7502732053663616,443.6715849728195,759.7891202403656
vid_000152_frame0000021.jpg,18.08344882681944,0.7536579534525382,441.56706548161696,751.733855334044
vid_000152_frame0000022.jpg,18.072038251771353,0.7452694163841224,447.98536737620395,764.6379510305808
vid_000152_frame0000023.jpg,18.131311957333466,0.7532972248178945,445.78336200126034,754.9396182665253
vid_000152_frame0000024.jpg,18.183090516572303,0.7479415816846444,446.8980269560084,750.68769578496
vid_000152_frame0000025.jpg,18.27568790201469,0.7493689684983357,412.88200673120775,730.4699873313525
vid_000152_frame0000026.jpg,18.396185942511604,0.7547913865444666,374.4559997123736,644.5213669907203
vid_000152_frame0000027.jpg,18.42324739229359,0.7847899603140461,311.3442628069206,510.66276208591626
vid_000152_frame0000028.jpg,18.26294542971451,0.7874394462725235,243.7250117617801,396.08438732270366
vid_000152_frame0000029.jpg,18.23369051304361,0.7995392799946575,181.25295937588484,316.82319807410823
vid_000153_frame0000001.jpg,18.113584461080066,0.7547793485930053,250.4362342828713,378.1623370450311
vid_000153_frame0000002.jpg,18.194881029585606,0.7874619259390387,240.18395026551144,357.7806367875619
vid_000153_frame0000003.jpg,18.09302709675322,0.8003175582486058,176.63373727156215,314.1174508961792
vid_000153_frame0000004.jpg,17.97360799406769,0.7995998864198349,176.5566327969238,315.2108524963039
vid_000153_frame0000005.jpg,18.090241633072964,0.7955891633503128,175.42665095352854,312.56952728952
vid_000153_frame0000006.jpg,18.229647398108057,0.786501653845222,180.44122544354678,332.0090129388026
vid_000153_frame0000007.jpg,18.088904995569962,0.7875177383502577,179.01159319079872,325.16384101860115
vid_000153_frame0000008.jpg,18.049008329922888,0.7784050911574378,185.39996138284246,345.6621020842538
vid_000153_frame0000009.jpg,18.05839322882883,0.7815155129615533,179.85121518460213,336.4921529981802
vid_000153_frame0000010.jpg,18.09139674995983,0.7761186002020395,186.17621901911775,341.61188228098433
vid_000153_frame0000011.jpg,18.126790593471693,0.787954135789431,192.38332012454697,334.695672197929
vid_000153_frame0000012.jpg,18.177079434122263,0.7798018726999031,185.00711778228754,319.54775346711114
vid_000153_frame0000013.jpg,17.823680275630505,0.7880484624154249,178.96084023786236,318.50810838297355
vid_000154_frame0000001.jpg,18.475783683892832,0.7687325112557777,181.08251450336206,314.3072962661907
vid_000154_frame0000002.jpg,18.17897233898066,0.7916753456076174,178.34321738577074,317.49978147366176
vid_000154_frame0000003.jpg,18.349324490595425,0.8007299821692175,185.85747061022636,325.60730776437214
vid_000154_frame0000004.jpg,18.133272315936047,0.7897266478110678,180.6535426030174,333.106482357754
vid_000154_frame0000005.jpg,18.13008069085067,0.7968146077484785,175.997603549181,313.25154496027096
vid_000154_frame0000006.jpg,18.038669593744107,0.7833119116684486,183.48438848610797,340.682690160632
vid_000154_frame0000007.jpg,18.063318239468046,0.7911652643127401,183.94587863402847,335.46200689054245
vid_000154_frame0000008.jpg,18.145080689084132,0.7840233775164341,190.5160431264219,342.67344093039736
vid_000154_frame0000009.jpg,17.905895178495953,0.7955013832629554,185.73162641039778,325.11982654755496
vid_000154_frame0000011.jpg,18.234309027855403,0.7893234529263458,191.52558337980327,348.5546238593905
vid_000155_frame0000001.jpg,18.66390609883314,0.7434551683814284,1246.3895902693037,828.2605141954378
vid_000155_frame0000002.jpg,18.82104372951448,0.7678458207224205,1242.7902585710287,823.9725709525821
vid_000155_frame0000003.jpg,18.81524124427878,0.7661231472198647,1251.0705242998283,829.8499513846689
vid_000155_frame0000004.jpg,18.818306196004556,0.7614208781864855,1248.6890424246878,834.6902295863314
vid_000155_frame0000005.jpg,18.787427606414873,0.7644057162652126,1239.7306435627029,835.1262221451931
vid_000155_frame0000006.jpg,18.76384774757675,0.7657862767017628,1250.955151803268,851.9319047559654
vid_000155_frame0000007.jpg,18.806772386258576,0.7653728365547382,1260.8280198662187,858.1307919090567
vid_000155_frame0000008.jpg,18.80906449218307,0.7609037192307512,1259.8362323200613,849.4010700757016
vid_000155_frame0000009.jpg,18.82347668896044,0.7694287424962583,1242.8419804502855,831.9023393295294
vid_000155_frame0000010.jpg,18.808386535949946,0.7607858776900218,1237.814637977913,841.3364162200253
vid_000155_frame0000011.jpg,18.879635304370655,0.7662460717070037,1226.8999930060882,827.5428837844747
vid_000155_frame0000012.jpg,18.817279233247724,0.7633657577463779,1252.3994537833535,833.3268208907338
vid_000155_frame0000013.jpg,18.82725468035573,0.7679136981978393,1245.5093728829938,850.2716416696097
vid_000155_frame0000014.jpg,18.719335749968764,0.7597019144210458,1246.894805374899,857.9891907168701
vid_000155_frame0000015.jpg,18.763780173871666,0.7663239030451457,1205.4751894647472,839.8430671866959
vid_000155_frame0000016.jpg,18.78015986911395,0.7674335755265043,1216.0625042465977,827.8633964404166
vid_000155_frame0000017.jpg,18.747162526078068,0.763974934705986,1223.5732095552912,800.4545075722075
vid_000155_frame0000018.jpg,18.72076888214234,0.756037397630601,1211.5407937638247,787.1485923901394
vid_000155_frame0000019.jpg,18.779253157852217,0.765442175416153,1215.8902185403151,791.3895760660622
vid_000155_frame0000020.jpg,18.677978475736296,0.755233478533258,1234.0459309614048,810.2856491063544
vid_000155_frame0000021.jpg,18.799107996269925,0.7636366370415058,1223.8716014513072,822.1499079217581
vid_000155_frame0000022.jpg,18.754396187160502,0.7586997576183202,1241.6441909242867,834.8485589463122
vid_000155_frame0000023.jpg,18.7804766861534,0.7657356335200053,1248.8891374323784,833.8545483419316
vid_000155_frame0000024.jpg,18.79782001190967,0.761254826099929,1247.0743796287836,830.1609926278195
vid_000155_frame0000025.jpg,18.88976227104977,0.7674725265248253,1232.7326809005897,816.5550205345422
vid_000155_frame0000026.jpg,18.73847033024174,0.7627465761020867,1236.8991254082794,816.0084833245816
vid_000155_frame0000027.jpg,18.744668733816106,0.7659542679397603,1234.7932818515137,815.8876836599484
vid_000155_frame0000028.jpg,18.633983774560374,0.7536668988767814,1250.1775841053236,827.7429410783243
vid_000155_frame0000029.jpg,18.72320216515798,0.7647199214117498,1228.754776784567,846.5526595124213
vid_000155_frame0000030.jpg,18.588031025581625,0.7532227795036812,1267.036818217701,881.7850433686618
vid_000155_frame0000031.jpg,18.78010437694668,0.761986344836437,1244.1884758303697,855.087731815402
vid_000155_frame0000032.jpg,18.803158474776613,0.7628549528647177,1264.2300060345576,848.1802735583782
vid_000155_frame0000033.jpg,18.885644735616655,0.7714862440258282,1270.385091097312,846.0817104625381
vid_000155_frame0000034.jpg,18.810027799794145,0.7658916159449181,1273.7230886042066,854.1943124482898
vid_000155_frame0000035.jpg,18.757403450220828,0.7732508100677346,1241.3721792982105,843.1264369732638
vid_000155_frame0000044.jpg,16.675582802332634,0.6965262080137505,1152.6580628627157,1203.589764211288
vid_000155_frame0000045.jpg,17.040239374635785,0.7102691976233526,1193.625783176591,1224.2982207867203
vid_000155_frame0000046.jpg,17.10943489313617,0.7098878536679605,1198.219852753086,1245.7231322725552
vid_000155_frame0000047.jpg,17.062078662067403,0.7088759265551369,1205.7605524826417,1269.4768773907115
vid_000155_frame0000048.jpg,16.9934588943817,0.706775663971857,1211.858731374164,1252.2717523532403
vid_000155_frame0000049.jpg,17.060322677775392,0.7086162539460769,1208.729147582029,1240.5132957791063
vid_000155_frame0000050.jpg,16.994679903341357,0.7065071471198324,1220.4476029452012,1252.2742438193484
vid_000155_frame0000051.jpg,17.060509301155182,0.7165219743963812,1171.939507980774,1219.1646624577781
vid_000155_frame0000052.jpg,17.074372815757023,0.715878323920006,1176.1801086778373,1223.5427407747973
vid_000155_frame0000053.jpg,17.13553447180344,0.7315166198567021,1038.874291341466,1064.9667499815391
vid_000155_frame0000054.jpg,17.376097140949437,0.7335907599326005,1116.1661679106296,1140.43247710704
vid_000155_frame0000055.jpg,17.611126000799057,0.7389440341245838,1189.4249480256035,1072.1978879909645
vid_000155_frame0000056.jpg,17.07736251107017,0.733501003950601,931.1020611675978,677.9395371869234
vid_000155_frame0000057.jpg,17.67675247160299,0.7368385897281002,955.270483531443,725.0774502118888
vid_000155_frame0000058.jpg,17.146714776628002,0.7392990029002364,1029.2876291121127,1186.3790163822232
vid_000155_frame0000059.jpg,17.32858248128949,0.7388840202939226,1020.7854696581745,1182.4169677496693
vid_000155_frame0000060.jpg,17.295361638022648,0.7408220232313241,1031.0846987929372,1173.8615004985322
vid_000156_frame0000001.jpg,19.1740418920048,0.8275699063949786,631.5639069191797,522.9032290010998
vid_000156_frame0000002.jpg,19.288515154067845,0.8596684254014947,620.0184253467507,512.9438002740794
vid_000156_frame0000003.jpg,19.312228150909828,0.8662924068198324,632.7870907761883,519.0349641043899
vid_000156_frame0000004.jpg,19.34497020267379,0.8605841116842622,645.2520199954864,521.5312776321964
vid_000156_frame0000005.jpg,19.382297858651327,0.865613845692634,647.7210297382439,522.4853246211295
vid_000156_frame0000006.jpg,19.191479590959393,0.8672509401912151,634.6466324247359,518.8492435117475
vid_000156_frame0000007.jpg,19.31604002791828,0.8647099021396075,632.9945301601451,518.8834815173203
vid_000156_frame0000008.jpg,19.28626683736083,0.8639251304097741,627.6272691604852,525.9311042053544
vid_000156_frame0000009.jpg,19.278018410913383,0.8630614187183198,619.3515463143194,517.8237605394685
vid_000156_frame0000010.jpg,19.2021586701313,0.8596110595289947,627.5625804164378,519.0313334906177
vid_000156_frame0000011.jpg,19.23783205707491,0.861384128209192,628.4449586883959,517.8637477513764
vid_000156_frame0000012.jpg,19.214760940634015,0.8624467570825364,632.588514145529,525.5231075636277
vid_000156_frame0000013.jpg,19.315729425410016,0.8659095778661315,637.2659106643672,519.0700603379032
vid_000156_frame0000014.jpg,19.218911004134377,0.8613272059354732,648.899241274855,526.1681028603264
vid_000156_frame0000015.jpg,19.15895921136097,0.8619279578872822,644.5393591733159,528.8576603919929
vid_000156_frame0000016.jpg,19.16680178541925,0.8621647147117457,650.4157704188905,527.9096910328489
vid_000156_frame0000017.jpg,19.167754873327766,0.8630518324282749,627.8240649370908,525.7504080544829
vid_000156_frame0000018.jpg,19.1839536918922,0.8571467378718914,639.1020449195889,528.3629304721851
vid_000156_frame0000019.jpg,19.150062846144216,0.860297287515952,634.3176553024105,525.8950843207966
vid_000156_frame0000020.jpg,19.08690905336095,0.858706791779582,641.0212272285256,533.3556909925426
vid_000156_frame0000021.jpg,19.074487457095394,0.8613029860370288,634.5754701262304,520.7506366106094
vid_000156_frame0000022.jpg,19.188173025238402,0.8597066970109807,641.7191243603161,523.923583535285
vid_000156_frame0000023.jpg,19.20995277233625,0.8676381100155618,627.3854063483528,519.854472838305
vid_000156_frame0000024.jpg,19.113670640687886,0.8665690300003047,639.5581690808672,530.6812847781355
vid_000156_frame0000025.jpg,19.236199591560307,0.8634548462257955,640.9911388599855,529.9479609050239
vid_000156_frame0000026.jpg,19.18563709681854,0.8657684865506177,631.2515401660518,523.7123974904913
vid_000156_frame0000027.jpg,19.202445943875826,0.8615924124831973,627.1708293969391,524.3544284549719
vid_000156_frame0000028.jpg,19.230080877279388,0.858831664229097,641.0702620437783,529.0494424987528
vid_000156_frame0000029.jpg,19.28420016227012,0.8634675911194276,632.0316051554606,524.7583602364298
vid_000156_frame0000030.jpg,19.32266282099028,0.8642379460475843,638.3758392218853,524.13798568688
vid_000156_frame0000031.jpg,19.33685525940289,0.8652050829969723,643.0893603838597,519.041733815021
vid_000156_frame0000032.jpg,19.324339308180377,0.8646864792473045,647.1028238649493,523.2508474524886
vid_000157_frame0000001.jpg,19.787006876662467,0.7921202823798589,475.68105481520774,490.2964368555963
vid_000157_frame0000002.jpg,19.842196954220913,0.8525412994598675,453.05160732064036,459.75970067761614
vid_000157_frame0000003.jpg,19.798335674351204,0.855407610976076,468.8239329453116,466.8128924512065
vid_000157_frame0000004.jpg,19.70597204696076,0.8246631442619511,481.65650069755907,488.3913227192022
vid_000157_frame0000005.jpg,19.8215793435532,0.8673753391074429,457.49349222459654,457.58041832790184
vid_000157_frame0000006.jpg,19.73235428849329,0.824729067527572,466.06387431075825,481.27928520902105
vid_000157_frame0000007.jpg,19.754194040493964,0.8537460099748798,462.19545979782646,466.56401314371556
vid_000157_frame0000008.jpg,19.774034285575684,0.8233935092403764,475.0814953650064,486.0260789388059
vid_000157_frame0000009.jpg,19.80078325711732,0.8774978455667778,452.00021220920235,459.7098945547521
vid_000157_frame0000010.jpg,19.666964719807403,0.8219529289964814,476.92920553722445,494.0643352051077
vid_000157_frame0000011.jpg,19.83294058547705,0.854075783938464,467.77793763346364,467.7700511949881
vid_000157_frame0000012.jpg,19.698910458679315,0.8223973887415874,481.05168246647736,480.8285472210781
vid_000157_frame0000013.jpg,19.752689296934864,0.8516993668450761,474.39551286441167,466.47732892385204
vid_000157_frame0000014.jpg,19.63013620913078,0.8184450636286585,489.02671175963997,491.11731388124184
vid_000157_frame0000015.jpg,19.81048319422739,0.8606807908575601,471.0173395593471,469.68151700943224
vid_000157_frame0000016.jpg,19.67858439491002,0.8168411732595736,480.9515988677792,494.49148677195876
vid_000157_frame0000017.jpg,19.848095793873473,0.8622286018270479,468.0907626660891,472.0803858354711
vid_000157_frame0000018.jpg,19.62420578377141,0.81274507752042,485.85954522047473,505.30213163238096
vid_000157_frame0000019.jpg,19.726978227812314,0.865208994653717,437.73749814848816,462.1372688584927
vid_000157_frame0000020.jpg,20.263504143672712,0.8516391976302803,404.0736407172924,469.9002443390917
vid_000157_frame0000021.jpg,20.485456348103085,0.850200358686645,362.68410816109156,475.74426194974626
vid_000157_frame0000022.jpg,21.05609222509989,0.8651121744478049,332.82668920463897,467.2884199007016
vid_000157_frame0000023.jpg,21.12337140657128,0.8723423171327028,337.5758228497827,475.4188307924427
vid_000157_frame0000024.jpg,21.12550006626984,0.8456180072322379,353.9360805456877,465.68576072007113
vid_000157_frame0000025.jpg,20.872848756147707,0.8580281805630182,380.7305365459278,452.0189982253391
vid_000157_frame0000026.jpg,20.606986196434246,0.8355890922007582,471.50141869757306,510.4942775649216
vid_000157_frame0000027.jpg,20.370381835419526,0.8490065205265663,516.5501315396751,506.48868275870416
vid_000157_frame0000028.jpg,20.492697203151454,0.8375108250703018,546.6015570924137,510.44115861408403
vid_000157_frame0000029.jpg,20.31201833196282,0.8705960247513062,532.9649186540423,476.82589722125124
vid_000157_frame0000030.jpg,20.285316571213855,0.8398280136577346,556.1963746682288,495.38607527849945
vid_000157_frame0000031.jpg,20.456204148774937,0.8575499206351734,548.5140245158241,488.07516211812515
vid_000157_frame0000032.jpg,20.43647599932879,0.8361795929748924,551.9930424689229,496.59403414457034
vid_000157_frame0000033.jpg,20.29018883466361,0.8527843283151856,553.1985543076169,492.8099259871579
vid_000158_frame0000001.jpg,20.526768961634545,0.8085501398750042,529.9138805957363,469.9952731846812
vid_000158_frame0000002.jpg,20.131805235833667,0.8507150667380093,515.9920965176458,453.03434470130264
vid_000158_frame0000003.jpg,20.204694427335895,0.850130566146824,517.8887829722471,460.96356501515686
vid_000158_frame0000004.jpg,20.469524320081916,0.8354678196496055,517.6373234995091,455.0427400576041
vid_000158_frame0000005.jpg,20.281624776392633,0.8575773762125397,519.5103170947831,449.480077114495
vid_000158_frame0000006.jpg,20.255229339223565,0.8581155894853604,519.9342120245776,450.6581443356225
vid_000158_frame0000007.jpg,20.312771124036118,0.8476627431920684,526.4185252322169,463.83170682554885
vid_000158_frame0000008.jpg,20.3723228173299,0.8275882325823156,522.6810299766202,483.1547957586321
vid_000158_frame0000009.jpg,20.270923865748305,0.8527286696988613,527.5778202194915,464.88250972715304
vid_000158_frame0000010.jpg,20.22246659358125,0.836061321412063,534.6702976137053,483.18600474706
vid_000158_frame0000011.jpg,20.4254718588778,0.8478567197330613,530.1379318070487,470.10626216441835
vid_000158_frame0000012.jpg,20.419825208051535,0.836764732281917,534.3895100165905,473.5050403412822
vid_000158_frame0000013.jpg,20.38181160249271,0.8355366620347743,541.3222065032229,470.940122208816
vid_000158_frame0000014.jpg,20.45752940269789,0.8284808270629199,540.0242607257213,481.52323870196585
vid_000158_frame0000015.jpg,20.404589812013437,0.8446884115451138,540.865955981423,465.9777717442198
vid_000158_frame0000016.jpg,20.238231007383067,0.8453293712192367,540.4605203953217,477.01850382998805
vid_000158_frame0000017.jpg,20.236532034198767,0.8429417998791879,543.3498829451516,472.35510200387824
vid_000158_frame0000018.jpg,20.275093895168258,0.8273321542950222,549.4637098101686,487.140253665733
vid_000158_frame0000019.jpg,20.233397785102753,0.8413386535516899,544.5060991730954,477.0461884950927
vid_000158_frame0000020.jpg,20.187593136921123,0.821277661219793,564.5542505143816,496.8652651838428
vid_000158_frame0000021.jpg,20.25009318986647,0.8369267205182416,556.3540949060385,486.8092450538283
vid_000158_frame0000022.jpg,20.189830032140918,0.8227126199201638,563.7691273782737,490.32159627447817
vid_000158_frame0000023.jpg,20.235290075420544,0.8284807502546686,566.2035449392316,485.09609782140274
vid_000158_frame0000024.jpg,20.142098705500807,0.8189598121067457,560.7943388258834,495.08487443085505
vid_000158_frame0000025.jpg,20.15713495665274,0.8354948841493087,563.7752989918724,484.5004486886032
vid_000158_frame0000026.jpg,20.042381528547885,0.8426122827325621,548.1785354817914,478.5140466406486
vid_000158_frame0000027.jpg,20.185762406417176,0.8360925059268997,542.573372182826,477.43500125804496
vid_000158_frame0000028.jpg,20.206459297263507,0.8210246524558694,545.333500305,484.1549891558432
vid_000158_frame0000029.jpg,20.275256433980072,0.8363379456391348,546.0105553467495,484.16985513174086
vid_000158_frame0000030.jpg,20.14706529720982,0.818661788869299,561.6007377560425,496.12438574507996
vid_000158_frame0000031.jpg,20.162027112375927,0.8350257360581516,550.4752041767363,486.68241156583383
vid_000158_frame0000032.jpg,20.181417411167324,0.8209385542733364,558.0753677534085,494.0632460601475
vid_000158_frame0000033.jpg,20.13705947750754,0.8262101930103244,551.6842601138216,490.2686525625223
vid_000158_frame0000034.jpg,20.180904058986762,0.8217336872378742,549.0004613978234,487.27645581136755
vid_000158_frame0000035.jpg,20.135071822833194,0.8355370019974923,550.199842068501,488.07582063999655
vid_000158_frame0000036.jpg,20.05956986891093,0.8500772528736981,545.5872958188975,475.6824537380934
vid_000158_frame0000037.jpg,20.100380481018835,0.8378228400343035,547.5001690035405,493.22273398069603
vid_000158_frame0000038.jpg,20.14890605927228,0.8423050483842323,540.5309116387161,488.5521523446231
vid_000158_frame0000039.jpg,20.20062637299184,0.8411585574740799,547.3993134267014,486.3433858437643
vid_000158_frame0000040.jpg,20.238334209637216,0.8394229805058804,548.5251994064502,486.01897549071293
vid_000158_frame0000041.jpg,20.187177873654175,0.8421371435146273,543.7690911705679,485.1097469892485
vid_000158_frame0000042.jpg,20.167935840539066,0.8449063571661329,546.2577979481841,486.2529756960152
vid_000158_frame0000043.jpg,20.23839690888085,0.8339466339241506,548.6192438544882,488.8460596761514
vid_000158_frame0000044.jpg,20.110592320008355,0.8452048361247256,537.4456318582975,478.02149766149626
vid_000158_frame0000045.jpg,20.119040656708542,0.8442877821094007,548.1977689759191,481.02622986984386
vid_000158_frame0000046.jpg,20.060345117160487,0.8537606404690257,543.4087108863719,480.3069507385177
vid_000158_frame0000047.jpg,20.181335540833153,0.8459137550271177,531.2360710365776,476.15881913934595
vid_000158_frame0000048.jpg,20.10412272074129,0.8469527578457302,528.0524083212101,478.28734665602406
vid_000158_frame0000049.jpg,20.16044600519178,0.8457460072962526,534.1604338684459,479.66746633945434
vid_000158_frame0000050.jpg,20.141389579771932,0.8452582090913724,535.3197764669508,486.8424842905525
vid_000158_frame0000051.jpg,20.06562944600701,0.8483902181978179,530.9056678416907,477.23251996816873
vid_000158_frame0000052.jpg,19.9937185770007,0.8456240391483397,535.1022598505499,486.9467643581529
vid_000158_frame0000053.jpg,20.164487533143884,0.8372235037313752,537.2966045227108,486.06010954320095
vid_000158_frame0000054.jpg,20.111289014727063,0.8441530166625659,527.354668582542,483.8384935028961
vid_000158_frame0000055.jpg,20.12581327969305,0.8485487832051909,538.6393510647553,484.38586435997837
vid_000158_frame0000056.jpg,20.000375892495036,0.854667828714058,532.6265866696572,473.0211860022109
vid_000158_frame0000057.jpg,20.27551847450726,0.8442110413762816,523.038904719938,482.2569218109475
vid_000158_frame0000058.jpg,20.19000211698403,0.845003502110289,520.7082096972457,479.65560591472433
vid_000158_frame0000059.jpg,20.22352924012702,0.8457418804105362,526.3335478012657,470.5773224488735
vid_000158_frame0000060.jpg,20.215959208916225,0.846341184855694,526.0367814910448,480.6327299919968
vid_000158_frame0000061.jpg,20.09795351940057,0.8454270826608833,521.2668278909748,477.7383342349058
vid_000158_frame0000062.jpg,20.078477769456583,0.8438207671421875,526.5630939515249,487.6414095425622
vid_000158_frame0000063.jpg,20.20418551854876,0.8392500350749769,526.7127213274763,483.95899352560457
vid_000158_frame0000064.jpg,20.22362999563905,0.8469909924536565,516.8597259783637,473.76489202112975
vid_000158_frame0000065.jpg,20.18580229842952,0.849196566870301,523.1926490200788,466.2080711074462
vid_000158_frame0000066.jpg,20.26613338895895,0.8575561050339764,519.9790587687035,460.41812117010204
vid_000158_frame0000067.jpg,20.324256567826016,0.8486878344831433,524.5617090032724,462.3879040533054
vid_000158_frame0000068.jpg,20.31013713463298,0.8487332723533241,513.9366923450306,459.3752377660376
vid_000158_frame0000069.jpg,20.311911628832206,0.8435751572052069,520.6528290699272,460.9609346032844
vid_000158_frame0000070.jpg,20.333316745598836,0.8473716093409002,516.8819730589618,456.01287301567015
vid_000158_frame0000071.jpg,20.393799870358365,0.8337311945860942,520.0924012125828,451.9121955670759
vid_000158_frame0000072.jpg,20.41271951037862,0.8528986034812543,508.3619481910032,433.42668410816304
vid_000158_frame0000073.jpg,20.442028529700593,0.8320927007393761,515.4229017927905,433.2013956815799
vid_000158_frame0000074.jpg,20.395754849044813,0.8542027087170604,495.849095140867,415.96643457440683
vid_000158_frame0000075.jpg,20.467858681805055,0.8380949540561814,510.8538237794532,423.42538424522036
vid_000158_frame0000076.jpg,20.28003472836118,0.8699224652844414,495.43435165373404,403.3293185757685
vid_000158_frame0000077.jpg,20.491753703282583,0.8413820757810683,507.1050818568593,421.3227135200439
vid_000158_frame0000078.jpg,20.57531207061075,0.8595703488470458,493.82192201208295,411.5594408686324
vid_000158_frame0000079.jpg,20.745409279567745,0.8549554141270752,498.4722676314693,412.57228704513415
vid_000158_frame0000080.jpg,21.001625745615375,0.862398626080175,499.2833536360971,404.6257389918334
vid_000158_frame0000081.jpg,20.94915061468307,0.8496979422565039,499.84973598895243,410.82876198001935
vid_000158_frame0000082.jpg,20.734925575647143,0.8664742673894628,495.07311918729283,396.13836273719835
vid_000158_frame0000083.jpg,20.813910575377548,0.8446435092041681,496.5445026787942,399.6552411380279
vid_000158_frame0000084.jpg,20.760536037011214,0.8687713614542685,483.6091183841876,387.16862806289737
vid_000158_frame0000085.jpg,20.764898778629032,0.8501462525014162,498.1194819456972,397.02573825453374
vid_000158_frame0000086.jpg,20.72934820088889,0.8785933738129136,483.47078833441844,385.3797165955132
vid_000158_frame0000087.jpg,21.133612908734506,0.8511229135694158,483.0820034779322,380.3690252930296
vid_000158_frame0000088.jpg,21.13178122841589,0.8679646946709566,467.82594859530354,364.9373142978159
vid_000158_frame0000089.jpg,21.209754633231878,0.8677057321377021,474.57389709198475,367.13105588167093
vid_000158_frame0000090.jpg,21.341295012299458,0.8717066141499915,480.96714945166667,367.1145537071726
vid_000158_frame0000091.jpg,21.26202792005256,0.8568268956189454,491.8951059573127,374.8807845052134
vid_000158_frame0000092.jpg,21.365627692967237,0.8716291406918489,497.2078356202735,371.56153859233314
vid_000158_frame0000093.jpg,21.395168654313295,0.8520078036483918,514.8688711503576,379.4665885298349
vid_000158_frame0000094.jpg,21.418404573251465,0.8737099072165623,504.89298251111904,377.98726692219014
vid_000158_frame0000095.jpg,21.42525067148994,0.8611988949369606,521.5544421311089,384.1151919135765
vid_000158_frame0000096.jpg,21.31331393780041,0.8837763185198781,509.7373931268521,383.72359534737507
vid_000158_frame0000097.jpg,21.31377149492486,0.8571782774998487,512.699845263638,388.5488288863153
vid_000158_frame0000098.jpg,21.323758397774416,0.8674096624413671,491.08006812188006,381.3601706718802
vid_000158_frame0000099.jpg,21.282978865060137,0.8628458215824105,494.29478301700897,383.13475520311215
vid_000158_frame0000100.jpg,21.149262690979896,0.8667252041009363,507.3693033619245,393.0917828398309
vid_000158_frame0000101.jpg,21.132020454192496,0.8506263585905612,516.6037648677503,397.6045670439622
vid_000158_frame0000102.jpg,21.104881979620586,0.8627328861431868,515.7307934598049,385.8531227326631
vid_000158_frame0000103.jpg,21.02693396042339,0.8616075451623185,520.0073138263192,394.86602774438506
vid_000158_frame0000104.jpg,20.9689220816712,0.8631409548620831,511.5197559786361,391.1599266020156
vid_000158_frame0000105.jpg,20.87407110292677,0.8598275696708256,516.6322196865443,398.50810701482794
vid_000158_frame0000106.jpg,21.042252517921007,0.8744413961787378,511.3896129451386,390.969032654912
vid_000158_frame0000107.jpg,20.872584830869187,0.859349327125253,506.5744501576139,405.8121692913645
vid_000158_frame0000108.jpg,21.0873663942264,0.8617237552226751,494.78852246594977,389.5208213281551
vid_000158_frame0000109.jpg,21.121295316211857,0.8578703890904303,493.854396827589,389.3523878340334
vid_000158_frame0000110.jpg,21.218943917268504,0.8646574565592812,496.25201359610537,391.2833251047779
vid_000158_frame0000111.jpg,21.081044589952107,0.8623254438971305,494.38517673010404,391.4680328403708
vid_000158_frame0000112.jpg,20.97298854575611,0.8643501755851695,494.60971254769026,394.4192648175935
vid_000158_frame0000113.jpg,21.098844922944554,0.8584673344578664,495.03934967711643,391.810183584897
vid_000158_frame0000114.jpg,20.96546468327402,0.8618637455876037,484.04258705868995,385.08887195488137
vid_000158_frame0000115.jpg,20.970661995308518,0.8610188371101506,491.11767349631634,384.7786186736173
vid_000158_frame0000116.jpg,21.100673075770434,0.8712237853933148,484.62506668234477,381.77704679444764
vid_000158_frame0000117.jpg,21.24141703585829,0.8614511717919934,472.72414904900364,383.75711366028594
vid_000158_frame0000118.jpg,21.169404410759434,0.8647858448396916,464.3959843448142,378.37698300368106
vid_000158_frame0000119.jpg,21.411244508907767,0.8619309718680301,467.57227573613085,383.12630744023676
vid_000158_frame0000120.jpg,21.22440210506589,0.8671790400519296,466.3534210511149,382.50311811089193
vid_000158_frame0000121.jpg,21.305174233143326,0.8658802050277697,463.8411838099788,379.67351646965614
vid_000158_frame0000122.jpg,21.133639336391216,0.8681632501074906,466.3906627074301,382.5612768832131
vid_000158_frame0000123.jpg,21.241964004446714,0.8672018751379801,468.5502241599163,390.48030631356613
vid_000158_frame0000124.jpg,21.3140675705792,0.8699166607093015,461.1677750067398,387.0425309857314
vid_000159_frame0000001.jpg,19.77683937221994,0.8030868315884926,649.7469482126762,433.5935900500109
vid_000159_frame0000002.jpg,19.74099215616038,0.851555843150071,625.7099980677326,412.1443535566982
vid_000159_frame0000003.jpg,19.868450397871122,0.852077618969001,623.3890963913313,416.3847013489236
vid_000159_frame0000004.jpg,19.7437419678642,0.8407949291480602,632.2973886661568,424.5561070358639
vid_000159_frame0000005.jpg,19.777633909670726,0.8526562507413799,622.5598190098096,416.8045902763848
vid_000159_frame0000006.jpg,19.8337377497434,0.8478605375160875,612.5661202404046,420.38093748280085
vid_000159_frame0000007.jpg,19.757199114746868,0.852524425395727,627.718188693131,415.85890094870933
vid_000159_frame0000008.jpg,19.7870785331008,0.840706455606917,636.8623673645682,423.60240469519744
vid_000159_frame0000009.jpg,20.083868318437506,0.8685999786725117,617.2066201551514,407.77149122104777
vid_000159_frame0000010.jpg,19.819983140369033,0.8409503997239375,623.3664817508803,420.7625296274998
vid_000159_frame0000011.jpg,19.89064602642452,0.8533842297129072,616.460568080364,413.3779964623738
vid_000159_frame0000012.jpg,19.74753554309683,0.8373804950564315,627.6756494560668,421.4525938629568
vid_000159_frame0000013.jpg,19.87406584052434,0.8509341279109631,620.7462967612231,421.1356153753832
vid_000159_frame0000014.jpg,19.77104716989611,0.8407960724596891,634.109239015952,430.2154955752515
vid_000159_frame0000015.jpg,19.846737818472644,0.8503531471274183,639.3823559018361,430.283637935973
vid_000159_frame0000016.jpg,19.808390846862483,0.8374267112305224,634.4763477830226,431.4824857368632
vid_000159_frame0000017.jpg,19.846213891050827,0.8529356806483062,646.1330634924219,430.4727345062604
vid_000159_frame0000018.jpg,19.878752273657838,0.8401903466390888,647.6969122993656,430.87198697894945
vid_000159_frame0000020.jpg,19.762329844882313,0.8379402788500142,640.7611966632505,434.7448276067373
vid_000159_frame0000025.jpg,19.726347563108572,0.8534595640065499,636.8911629306901,428.3879313662966
vid_000159_frame0000026.jpg,19.67949156421439,0.8428200630055857,633.01636371897,432.11006304710304
vid_000159_frame0000027.jpg,19.839169869376274,0.8508911499054551,646.9124543431452,429.91341299911596
vid_000159_frame0000028.jpg,19.720739245261335,0.8409415986528176,655.6172074050828,437.4950419035281
vid_000159_frame0000029.jpg,19.780667060661386,0.8628609233010319,629.6206389182732,423.65102945024626
vid_000159_frame0000030.jpg,19.73184769363572,0.8416747406334683,633.0284990406542,434.1106255341787
vid_000160_frame0000001.jpg,21.362899699500495,0.790079836753439,522.7329950998558,468.2756579185402
vid_000160_frame0000002.jpg,21.184269638247105,0.8354387405920104,493.41837802286796,432.58610701044546
vid_000160_frame0000003.jpg,21.271914594937243,0.84727609073779,495.08579892401724,426.19183392934474
vid_000160_frame0000004.jpg,21.067585193650523,0.8358703814719651,491.283633220864,448.71555314040154
vid_000160_frame0000005.jpg,21.247891883229467,0.8450930621078673,485.1960326414104,437.0879958448744
vid_000160_frame0000006.jpg,20.940062803548017,0.8487477591906871,500.07232363893905,443.9739344756134
vid_000160_frame0000007.jpg,21.088335686593197,0.8464904159034893,505.32288470462765,449.7338722488804
vid_000160_frame0000008.jpg,21.1954012205631,0.8319976538826722,512.1345727693298,465.4556867112618
vid_000160_frame0000009.jpg,20.91290441614515,0.8553189131842376,493.16770333535953,451.4745848742598
vid_000160_frame0000010.jpg,21.106746919614714,0.8261407108647679,518.9464804743385,484.1219472266371
vid_000160_frame0000011.jpg,21.033896275047475,0.8364709100043334,506.7989061063061,475.6392992732457
vid_000160_frame0000012.jpg,20.67433768245719,0.8314184865504352,556.4150164975089,488.7577633132301
vid_000160_frame0000013.jpg,20.5259376837094,0.8504993482134641,592.5200409409366,479.1542585556877
vid_000160_frame0000014.jpg,20.430576742087162,0.8267661293064089,556.5772119605364,471.83756966249246
vid_000160_frame0000015.jpg,20.81256721828888,0.8207242318886196,500.6160163968374,465.49040666356603
vid_000160_frame0000016.jpg,20.783448126002245,0.8514695795229064,488.22470866347004,454.1930316843268
vid_000160_frame0000017.jpg,20.64286153464389,0.8318200640164771,500.57256591205635,476.52646323022174
vid_000160_frame0000018.jpg,20.983730360683666,0.8297296636635639,509.57098584104017,465.56145033538843
vid_000160_frame0000019.jpg,20.93677151905389,0.8534677876064306,492.9511164826343,438.4451454562174
vid_000160_frame0000020.jpg,20.916339235814796,0.8243486586245755,518.8649331200369,471.53687130425806
vid_000161_frame0000007.jpg,19.924834832550733,0.8562179952863147,471.7626201562102,427.1583018098177
vid_000161_frame0000008.jpg,20.10667946773923,0.8411897144139594,399.2263283208221,426.6828225683362
vid_000161_frame0000009.jpg,19.91170374617199,0.8680041145604601,420.0125129233478,416.09030963352626
vid_000161_frame0000010.jpg,20.196294040421723,0.843180038227779,511.9185251076459,493.1610280854274
vid_000161_frame0000011.jpg,19.856430384907828,0.846155966666954,535.4808418047176,503.104885786531
vid_000161_frame0000012.jpg,20.607258685245572,0.8297528133131609,551.8333950611399,520.1446313218914
vid_000161_frame0000013.jpg,20.240390799465825,0.8393576536360855,562.6357815628012,511.199126170727
vid_000161_frame0000014.jpg,20.44733111364135,0.836837411317036,535.3982225810498,456.6730537718866
vid_000161_frame0000015.jpg,20.99298440081446,0.8377597729973537,607.1762619654548,605.4892571773473
vid_000161_frame0000016.jpg,20.62251483833569,0.842513493489438,516.3116326134888,409.10333944652484
vid_000161_frame0000017.jpg,19.83377372568412,0.8307985097327201,573.9667627565082,438.53067869429196
vid_000162_frame0000001.jpg,18.869188497288786,0.7521144410903081,1109.6943150343936,732.3604910338695
vid_000162_frame0000002.jpg,18.99126038268433,0.7799427078564248,1088.1367931135778,697.9460053460682
vid_000162_frame0000003.jpg,19.123049881572,0.7817234803790951,1092.7466405855089,700.3479677227716
vid_000162_frame0000004.jpg,19.60618541029076,0.7894376026200858,992.021536528491,552.276216767905
vid_000162_frame0000005.jpg,18.834830651707517,0.7548076024372388,815.2682132702657,497.50142755434933
vid_000162_frame0000006.jpg,20.558726949854922,0.7555657349229593,519.9071498414562,599.8262531706121
vid_000162_frame0000007.jpg,20.707219159332197,0.7845268647422659,468.9966157984977,586.3438218487348
vid_000162_frame0000008.jpg,20.378503824531194,0.7632840376908007,459.9242827561479,610.9259762350897
vid_000162_frame0000009.jpg,20.749719954224854,0.7927242024683235,448.13280915767297,550.5877283141465
vid_000162_frame0000010.jpg,21.155818207824083,0.8014414924266516,443.13141694611755,491.2613549566115
vid_000162_frame0000011.jpg,20.890140132680017,0.8023156025854029,452.2550629347376,511.61772972293534
vid_000162_frame0000012.jpg,21.257190779423834,0.8344581812001186,445.22684742713767,448.9190898264876
vid_000162_frame0000013.jpg,21.132920093162827,0.8352593095058362,436.4842600579051,431.01627640513135
vid_000162_frame0000014.jpg,21.4414573853184,0.835581193800104,457.1564107326158,446.7962872772863
vid_000162_frame0000015.jpg,20.886560572370296,0.8483994695498308,469.7925388382754,418.61344606517474
vid_000162_frame0000016.jpg,20.409854404811103,0.8536717361471826,470.4559539892866,402.5725066378335
vid_000162_frame0000017.jpg,20.608298322003687,0.8563299409589961,452.98632554051926,402.4581444235808
vid_000162_frame0000018.jpg,20.964871434631164,0.8547952502542279,466.1614298538291,407.0718416562902
vid_000162_frame0000019.jpg,19.9160295407416,0.8602194728707039,477.2693027501114,412.80837876303127
vid_000162_frame0000020.jpg,20.416544383647558,0.837921007877578,463.79794271244145,433.80262646378384
vid_000162_frame0000021.jpg,20.743982757576156,0.848229743851204,454.61295018804293,415.1524160789185
vid_000162_frame0000022.jpg,20.755710644180546,0.8488722405294561,423.9630223472077,410.3749041548883
vid_000162_frame0000023.jpg,20.872680343632265,0.8496372601198251,477.7577184902324,422.0390934023384
vid_000162_frame0000024.jpg,20.495139664678664,0.8373563645484107,490.05130695002106,441.43823891468253
vid_000162_frame0000025.jpg,20.31685554262925,0.8551876817034604,489.4950597119481,409.4290438591527
vid_000162_frame0000026.jpg,20.094381626640665,0.8567371575455263,465.8643692784236,405.4647636290398
vid_000162_frame0000027.jpg,20.61573277827254,0.8672856029947281,443.87877723123734,407.77645063429867
vid_000162_frame0000028.jpg,20.523963600031717,0.856884168336964,444.764120123456,425.25561062626775
vid_000162_frame0000029.jpg,21.469345361983837,0.8429545943687734,560.0800601528463,525.0766196090162
vid_000162_frame0000030.jpg,21.477613919400078,0.8433182812481711,593.0208538809212,529.5899336812348
vid_000162_frame0000031.jpg,20.403894309374515,0.8429137405074982,681.9646459690805,513.6127502321085
vid_000162_frame0000032.jpg,20.213753605487913,0.8240996935040547,683.1873189833071,542.1466788744008
vid_000162_frame0000033.jpg,20.604149302393555,0.8436955443575723,680.982034785801,517.4746665709583
vid_000162_frame0000034.jpg,20.441950686909458,0.8347171748701436,684.400908826336,522.0452266849492
vid_000162_frame0000035.jpg,20.60076383117973,0.8394451032614199,682.4165346749645,524.4520788090682
vid_000162_frame0000036.jpg,20.745761858114147,0.8356689601616901,662.538181160802,521.2351410355095
vid_000162_frame0000037.jpg,20.836681441983657,0.8270772045404136,674.7358212450961,520.930203325597
vid_000162_frame0000038.jpg,20.652426326036938,0.8336355391888031,685.8556202044725,533.4523872796028
vid_000162_frame0000039.jpg,20.09742989313954,0.8293150912352861,691.9153174793497,535.8165742269547
vid_000162_frame0000040.jpg,20.29942473832665,0.8216749549429089,694.3040778568634,548.2362303747711
vid_000162_frame0000041.jpg,20.043487900613478,0.8218955484748025,695.1830443705063,535.8415405187782
vid_000162_frame0000042.jpg,20.190754244921024,0.8302101836270954,708.7941639699335,533.4174686644899
vid_000162_frame0000043.jpg,20.26894524325558,0.8283532350632662,697.4873944537097,532.9861910024076
vid_000162_frame0000044.jpg,20.204921720658557,0.8206852175966479,693.5489585105129,534.8481232169652
vid_000162_frame0000045.jpg,20.23499605183517,0.8165952043441077,695.1385404075049,538.7888931718244
vid_000162_frame0000046.jpg,20.175848517942562,0.8250746882141112,703.3083163363241,525.9518303817417
vid_000162_frame0000047.jpg,20.249479393711418,0.8262747586706789,702.0816280020194,537.584564880371
vid_000163_frame0000009.jpg,20.67872841868892,0.81644301646326,392.91120161468393,463.14139825538086
vid_000163_frame0000010.jpg,20.77224587303877,0.799844949455062,418.2869737500965,513.6397511293552
vid_000163_frame0000011.jpg,21.0640177010345,0.794437672534603,422.3101013299735,526.3135122866812
vid_000163_frame0000012.jpg,20.710824598181805,0.7852364428854951,409.57930241342757,523.6039567033773
vid_000164_frame0000010.jpg,21.042200217420056,0.8385942813082664,553.8318255616405,613.4624700638685
vid_000164_frame0000011.jpg,20.899465414657506,0.8296847238307051,564.8109313180895,622.4956877408312
vid_000164_frame0000012.jpg,20.9096279016134,0.8327952457063742,564.3451264130157,623.1242605897537
vid_000164_frame0000013.jpg,21.050086664203867,0.8269490270744632,572.8117468668861,646.5154922047723
vid_000164_frame0000014.jpg,20.995731385257187,0.8196621522705211,593.7852331970952,688.6390903817485
vid_000164_frame0000015.jpg,20.910097948153048,0.8190431134393847,596.4483964659287,694.8826132613945
vid_000164_frame0000016.jpg,20.864351290189518,0.8186206766870424,604.9087388203436,707.175609465655
vid_000164_frame0000017.jpg,20.821399238490773,0.8215289661323436,614.3204435709749,709.4070835494247
vid_000164_frame0000018.jpg,20.52949022718558,0.811390672345492,626.8844980296545,766.1763479064927
vid_000164_frame0000019.jpg,20.712868388847497,0.8327672172229499,598.0991649672301,685.4775077696419
vid_000164_frame0000020.jpg,20.521309304845108,0.8159552021587393,637.1441594307054,748.9110526716593
vid_000164_frame0000021.jpg,20.73761800932562,0.8222259712681086,616.3783073721984,720.1903257624455
vid_000164_frame0000022.jpg,20.899062609202765,0.8167695199385084,618.7362244693146,711.6375619141335
vid_000164_frame0000023.jpg,20.98439460721078,0.8240885926974323,614.75913086171,688.5962753862336
vid_000165_frame0000013.jpg,21.212900626038355,0.8467570667925868,521.8988375945514,606.4962414696415
vid_000165_frame0000014.jpg,21.280027896304695,0.8368901864803425,518.8244633999005,620.3888033539401
vid_000165_frame0000015.jpg,21.06631231805858,0.8494661901917823,515.2322667453935,613.3493871767945
vid_000166_frame0000007.jpg,21.942123627319532,0.8133794316307573,526.1489920427902,646.6564309151978
vid_000166_frame0000008.jpg,21.79609642694365,0.7940008117038997,527.3880557374036,657.5142715203738
vid_000166_frame0000009.jpg,21.896011517535065,0.8386379426199504,511.30078442747094,615.6138652836884
vid_000166_frame0000010.jpg,21.77559115595286,0.7999691128049348,545.0156005434203,664.1901148854504
vid_000168_frame0000003.jpg,18.779575148571052,0.8871499677503413,702.1996876290411,405.7693606755923
vid_000168_frame0000004.jpg,18.34521037713014,0.8718241680777313,664.3790068568601,440.57878168699665
vid_000168_frame0000005.jpg,18.215337627482143,0.8673765241752124,645.3660009983255,441.89716146069014
vid_000168_frame0000006.jpg,17.859810842850244,0.8596506143662771,641.7075866576271,456.0288943612624
vid_000168_frame0000007.jpg,16.947370979468918,0.843255138915426,558.119852156329,443.7184251672237
vid_000168_frame0000008.jpg,16.863593775194193,0.8313981173721122,554.6035643207103,521.0733184401436
vid_000168_frame0000009.jpg,17.014673297527207,0.8507544465047682,534.3442915836948,455.7771564716005
vid_000168_frame0000010.jpg,17.46606426363566,0.800656416140975,651.2539368549525,818.920254320675
vid_000168_frame0000011.jpg,17.5689011997871,0.7981813370938081,755.5860348485753,962.5775982919475
vid_000168_frame0000012.jpg,17.480328246790236,0.7944057432368087,752.1667305778731,971.945794248251
vid_000168_frame0000013.jpg,17.582993416831684,0.7943623530189435,784.4788194353001,987.7887955411959
vid_000168_frame0000014.jpg,18.72233131773575,0.8192082595739976,963.1990037194951,1101.9738569760484
vid_000169_frame0000003.jpg,20.528296346311784,0.6589582765835696,502.7590395869785,477.5782897453722
vid_000169_frame0000004.jpg,20.378251894830242,0.6564444222537245,495.33371946490035,467.79635912631636
vid_000169_frame0000005.jpg,20.30942741540035,0.659850828431663,501.7257403638125,474.4708963108869
vid_000169_frame0000006.jpg,19.942947489981332,0.6455676732737129,501.56525316161446,487.57539403166254
vid_000169_frame0000007.jpg,19.830907987933266,0.647274666477486,492.9820864909027,482.57247302237386
vid_000169_frame0000008.jpg,19.778918423108564,0.6408595713623293,490.1687329476632,489.57130608527893
vid_000169_frame0000009.jpg,19.812843070360127,0.6507703227573417,489.899833230917,485.49157163024415
vid_000169_frame0000010.jpg,19.81507876993004,0.6440769271218733,500.95988787046133,501.1746133879078
vid_000169_frame0000011.jpg,19.903435038342046,0.6561490227200734,493.1613734829691,486.35636471422464
vid_000170_frame0000006.jpg,18.640601122130075,0.8495807070090479,252.1768497294804,374.4670506843945
vid_000170_frame0000007.jpg,18.59980131182585,0.8599089873743186,249.1145705257536,376.18429104788777
vid_000170_frame0000008.jpg,18.279120843889242,0.8396794751978301,241.566565919805,379.1325165359808
vid_000170_frame0000009.jpg,17.856341453994087,0.8472898097575065,214.69225037279162,353.08358281544787
vid_000170_frame0000010.jpg,17.76701657254134,0.8282772062147382,216.79713012099813,374.5627596460527
vid_000170_frame0000011.jpg,17.722840624906453,0.8282210185370569,215.6202982227066,370.1574805528451
vid_000170_frame0000012.jpg,17.75438251820246,0.8334575507688071,217.19928034793486,377.2764404196516
vid_000170_frame0000013.jpg,17.77130562051125,0.834170013084575,212.4800079002027,372.1770737141703
vid_000171_frame0000001.jpg,19.956605001913548,0.6068645879344919,523.3490000100212,493.0684328041772
vid_000171_frame0000002.jpg,20.015223962373298,0.6306128128431489,515.0838304144243,479.34846866300404
vid_000171_frame0000003.jpg,20.056869985748683,0.6282266177123742,520.7129268034946,483.76111802035297
vid_000171_frame0000004.jpg,19.967420272009008,0.6207324246379415,516.8902704439,488.10263671799083
vid_000171_frame0000005.jpg,20.13637092981677,0.6307861813400488,520.964879352211,481.298413876541
vid_000171_frame0000006.jpg,20.066305341828354,0.6269600353704395,517.8400311189732,479.81197691898467
vid_000171_frame0000007.jpg,20.0837241218467,0.6286996580325809,527.5305643758564,484.22709935565337
vid_000171_frame0000008.jpg,20.06832070359082,0.623947896247692,506.5802819249675,478.2722865635552
vid_000171_frame0000009.jpg,19.957065438181942,0.6312267842485837,509.05239667959074,476.6709408284599
vid_000171_frame0000010.jpg,19.981732453726003,0.6156258217534011,522.7933317636455,494.07044511611605
vid_000171_frame0000011.jpg,20.068561907786588,0.623088653885802,517.1454646854837,493.9067368978213
vid_000171_frame0000012.jpg,20.102563940260186,0.6238695208972279,525.7848777831633,499.5516142450824
vid_000171_frame0000013.jpg,20.105633864284155,0.6263996674118436,521.0533683540943,495.6368503584889
vid_000171_frame0000014.jpg,20.13037429071168,0.6218951085308823,523.007000263192,497.7101422772357
vid_000171_frame0000015.jpg,19.843795105176245,0.6233846993489193,523.1368370485396,497.8309534718103
vid_000171_frame0000016.jpg,20.00698128075073,0.6223319317283424,520.6642000097708,493.27649106879016
vid_000171_frame0000017.jpg,20.056504255988887,0.6297878669156419,518.6706580968533,483.2835729768698
vid_000171_frame0000018.jpg,19.966689586849323,0.6257936849357512,523.331202403743,479.71065959966205
vid_000172_frame0000001.jpg,19.6405554981839,0.618288855655636,683.8122454695022,661.1699213584264
vid_000172_frame0000002.jpg,19.664513518959502,0.6232862860505607,680.6728905680307,657.2624616967923
vid_000172_frame0000003.jpg,19.657059210864038,0.6281401949730694,681.3362167384436,653.4078269081623
vid_000172_frame0000004.jpg,19.514680776308843,0.6276370750578965,687.2789642656239,668.2196603300764
vid_000172_frame0000005.jpg,19.398107835048364,0.6326331696916476,696.9555173543814,661.1548203730237
vid_000172_frame0000006.jpg,19.57402085769271,0.6354655291469246,683.5980544482937,653.216337385182
vid_000172_frame0000007.jpg,19.62185734303141,0.6331970679028514,702.6792817148096,658.6917866654459
vid_000172_frame0000008.jpg,19.475548378748748,0.6236533392021586,705.6318850922137,668.5104031284637
vid_000172_frame0000009.jpg,19.498601957977385,0.6236979388604564,701.2500268324978,675.0278779357527
vid_000172_frame0000010.jpg,19.483542577734937,0.621802397429366,706.9223711839961,676.258684268934
vid_000172_frame0000011.jpg,19.966697053419253,0.6485497548773708,565.768173576255,567.371691255986
vid_000172_frame0000012.jpg,19.51208642601886,0.6365199837144614,544.3296817820384,589.4000326368493
vid_000172_frame0000013.jpg,19.40182236718824,0.6256370752829162,538.7742990561076,637.5640547174005
vid_000172_frame0000014.jpg,18.801168555913616,0.5897788928980625,638.1123247596089,786.8806858953908
vid_000172_frame0000015.jpg,18.545820508644816,0.5852742741748321,619.5385175865647,773.5194229152831
vid_000172_frame0000016.jpg,18.589527057446116,0.5827124743889377,613.5674243585007,753.7393811448918
vid_000172_frame0000017.jpg,18.49363535794256,0.5801469636949292,631.427724090696,782.2059264831896
vid_000172_frame0000018.jpg,18.4587280272614,0.5763479431989819,627.0829131005659,777.935015067978
vid_000172_frame0000019.jpg,18.94408068831327,0.618421785168597,553.5938401342871,587.5710325947434
vid_000172_frame0000020.jpg,19.320857951489053,0.653310296039321,516.5644921878716,476.4707217004085
vid_000172_frame0000021.jpg,19.28892961678226,0.6326886497777543,505.58770584955846,511.76420001542044
vid_000172_frame0000022.jpg,19.152430354340485,0.6386188931318542,492.45834530247384,503.5245557016651
vid_000172_frame0000023.jpg,19.284064551569365,0.639845058683103,505.2088444367364,546.1003622346981
vid_000172_frame0000024.jpg,20.057709874965926,0.6382002810545675,527.2721147738196,578.3587640316115
vid_000172_frame0000025.jpg,19.637613701308144,0.6429298800831762,700.7984265010265,662.2339890682532
vid_000172_frame0000026.jpg,19.54283515785251,0.6245926110526012,716.1367159691707,673.1521945598995
vid_000172_frame0000027.jpg,19.594807518957648,0.6218957241716229,727.7222694913125,679.8010866470496
vid_000172_frame0000028.jpg,19.477573051174442,0.6178994204447377,726.4373933607092,679.739038350125
vid_000173_frame0000001.jpg,16.689031804170344,0.7052170326019223,509.1851740262113,1065.7300395460115
vid_000173_frame0000002.jpg,16.80244081441603,0.713400386015883,489.4749647514224,1028.660482459588
vid_000182_frame0000046.jpg,20.245814025466803,0.6066053878214227,644.466998789349,796.1275431156073
vid_000201_frame0000001.jpg,18.520382128681582,0.5900109715014287,594.8180072890985,623.7160119282083
vid_000201_frame0000003.jpg,18.600477191556845,0.5930863226737219,547.7239590183991,633.3358443071581
vid_000201_frame0000004.jpg,19.04462762494814,0.5995608495716229,544.2211671220443,606.4198967656398
vid_000201_frame0000005.jpg,18.565574332023715,0.5711301854264121,581.9730836002066,726.8123741959367
vid_000201_frame0000006.jpg,18.53207892152241,0.5684040084946175,582.7087234708788,719.0681241618151
vid_000201_frame0000007.jpg,18.526178077681745,0.5634644854117314,583.3976985785511,726.3473258164515
vid_000201_frame0000009.jpg,19.26727443957603,0.5956408726280268,512.3886042758722,643.2745078683777
vid_000201_frame0000010.jpg,18.247221057797553,0.5624644925992021,522.0231422148929,666.8813063755717
vid_000201_frame0000011.jpg,18.25450085750178,0.5571973016331707,552.0624552682564,722.2249938071719
vid_000201_frame0000014.jpg,16.928649672898153,0.541751328876947,543.6939439886448,648.9082478843751
vid_000201_frame0000015.jpg,16.429276692041192,0.517632366851841,578.3708226270049,735.0570135314124
vid_000201_frame0000020.jpg,17.345205630638972,0.5461407615534444,563.2314078470724,655.3683323630714
vid_000201_frame0000022.jpg,18.00406921354835,0.5778067498095014,584.9889004723863,660.5711157128471
vid_000201_frame0000024.jpg,17.50545480857387,0.5599220390910861,575.5192016766649,689.3585835622323
vid_000201_frame0000026.jpg,17.420407888932232,0.5657985309002188,566.5072796556432,666.4161998839238
vid_000201_frame0000029.jpg,18.82292271200164,0.5946260910460942,540.4099537363434,618.056558877876
vid_000202_frame0000011.jpg,17.57194275489111,0.8820891044131435,353.12077287955856,326.30640742053936
vid_000202_frame0000012.jpg,17.562539573531506,0.8760775330775834,349.9113599729683,331.6347450761013
vid_000202_frame0000013.jpg,17.50058097524484,0.8783074699895476,356.92403838482494,338.10812490927435
vid_000202_frame0000014.jpg,17.523574321656344,0.8627592723453367,365.7984479131531,355.88487304984517
vid_000202_frame0000015.jpg,17.936075872599783,0.8625285475095361,348.50151649697034,340.5003148872355
vid_000202_frame0000016.jpg,18.33072490846423,0.8877684312256026,328.44988729353594,325.9567677896117
vid_000202_frame0000018.jpg,18.48983265183997,0.8521934255709773,361.31860854589945,367.7183208062366
vid_000202_frame0000019.jpg,18.51531351690404,0.8715345730245566,353.7439097695779,342.6757426491946
vid_000202_frame0000020.jpg,18.484108992375724,0.8475987016394476,362.96515450950034,360.95797415497276
vid_000202_frame0000021.jpg,18.47695150340301,0.8474425400282358,362.69444152220393,364.86502586984597
vid_000202_frame0000022.jpg,18.42759829711593,0.8324263776148125,366.38465531359793,389.41922505088576
vid_000203_frame0000001.jpg,18.29637607059457,0.5967378040374038,576.3331606143347,640.6910759808611
vid_000203_frame0000002.jpg,18.297343942821243,0.601026460831195,575.3970299951764,638.4386042195542
vid_000203_frame0000003.jpg,18.322913372508737,0.605055127994042,584.4635914005421,641.2360228399884
vid_000203_frame0000004.jpg,18.640001966169535,0.607669641989795,560.6028923059041,610.8820132441394
vid_000203_frame0000005.jpg,19.125368548666764,0.6276062611361423,546.7199650898075,561.3099967504381
vid_000203_frame0000006.jpg,19.551094178936214,0.6420620864497663,530.9259492975867,546.8576574395455
vid_000203_frame0000008.jpg,19.834720619227987,0.6026958475428749,536.5605875613909,572.0998700422286
vid_000203_frame0000009.jpg,19.780842365751404,0.593052735216926,538.8798649177318,604.6284835386223
vid_000203_frame0000010.jpg,19.54195300638581,0.5791939190605541,550.9544582619176,646.6323205617161
vid_000203_frame0000011.jpg,19.652844236564864,0.5870249866512144,534.2159567009475,630.0997972918931
vid_000203_frame0000012.jpg,19.396185640312215,0.6102193722468418,519.1655855767297,559.034338006416
vid_000203_frame0000013.jpg,19.54682649432201,0.5804445449994008,542.6766124406827,668.7114422849214
vid_000203_frame0000015.jpg,19.835458509665763,0.6071108788051977,511.1629582665832,586.8994070502298
vid_000203_frame0000016.jpg,19.274574863961206,0.5865599673506802,540.7609375519089,650.5946054078389
vid_000203_frame0000017.jpg,19.189235946492953,0.5696923773492165,551.8267579228421,683.8455340189007
vid_000203_frame0000018.jpg,19.24017008477245,0.5660201889897775,558.2345196868307,695.4358623408206
vid_000203_frame0000019.jpg,19.241502441354,0.5704828424323479,554.9533893565252,678.628419843615
vid_000203_frame0000020.jpg,19.33965944814635,0.5682104758918318,552.4789977815269,686.056040618466
vid_000203_frame0000022.jpg,19.606298568930775,0.6191871684251045,529.4527228257797,565.30178216019
vid_000204_frame0000001.jpg,18.86009737879653,0.5409471085932906,572.0752389715767,560.1260113546485
vid_000204_frame0000002.jpg,18.986922435992952,0.5546933205654124,570.4035270558197,550.1215790283446
vid_000204_frame0000003.jpg,18.875400607901437,0.5604221893578495,568.5446542366494,540.0516000557961
vid_000204_frame0000004.jpg,18.742293134024436,0.573917728551271,563.1551520485528,495.7270259354625
vid_000204_frame0000008.jpg,18.432204976165714,0.5497578504561523,567.367854024678,549.4322966921345
vid_000204_frame0000010.jpg,18.371496523207583,0.5438941509510952,576.7406362490251,568.2726081497801
vid_000204_frame0000012.jpg,18.390095435139763,0.5469228251340361,573.132291730833,571.2038625315636
vid_000204_frame0000016.jpg,18.518372772551505,0.5498837765964494,557.1571168051615,611.3695395276086
vid_000204_frame0000020.jpg,18.377062020113467,0.5476964670140717,562.6863049650499,627.9837554259243
vid_000204_frame0000024.jpg,18.436597761426565,0.5474904373218145,555.3731634418439,626.6332881334042
vid_000204_frame0000032.jpg,19.337367047573352,0.5833413853076969,539.0075147693777,529.674844495531
vid_000205_frame0000009.jpg,19.21226344458606,0.5391894482968079,511.4157490578936,687.0830296229417
vid_000205_frame0000011.jpg,18.97046844005451,0.513123905621972,524.5377319340121,791.8387037140175
vid_000205_frame0000013.jpg,19.04791537841052,0.5141877151954607,522.2636428225062,791.1282378938904
vid_000205_frame0000015.jpg,19.06420089828529,0.5174939801986757,519.0659713621761,770.4355300906362
vid_000205_frame0000017.jpg,19.073566555682596,0.5177211358517927,528.751534795812,773.4904079257255
vid_000205_frame0000019.jpg,19.075105605815356,0.5186876285600555,510.504854184017,755.2824115210224
vid_000205_frame0000021.jpg,19.32317442760339,0.5373968514651376,497.10690292356605,692.3983702772089
vid_000205_frame0000023.jpg,19.05099592410807,0.5172344015588881,531.5907238773658,808.9022621493014
vid_000205_frame0000025.jpg,18.91403026589554,0.5143832243787879,528.2035276057437,799.9367710412465
vid_000205_frame0000027.jpg,18.919992004309407,0.5154596339181667,528.1682568594673,796.473921082893
vid_000205_frame0000029.jpg,18.90026374246916,0.5097892163169506,522.2198398656923,811.8832255102178
vid_000205_frame0000031.jpg,18.97867141790295,0.513337580246313,524.9149234654915,794.5456730722364
vid_000205_frame0000033.jpg,18.88690239416707,0.5140352149336632,529.6657899621737,808.9155129485536
vid_000205_frame0000035.jpg,18.918242654507523,0.5141026819582807,535.6091936895267,804.7123929095557
vid_000205_frame0000037.jpg,18.900379291387026,0.5115156751806875,535.8174158376754,813.3287611596465
vid_000205_frame0000039.jpg,19.00180885610616,0.5177875041906269,523.1366303667462,760.6588618452483
vid_000205_frame0000041.jpg,18.947595320595536,0.5135062679346437,535.8320625856018,810.2247265316867
vid_000205_frame0000042.jpg,18.913029553669467,0.5108653343207717,532.9306910487272,812.0575457883375
vid_000205_frame0000043.jpg,18.95827515847766,0.5156549905355652,542.2111154552697,811.9875848138485
vid_000205_frame0000044.jpg,18.939852057873264,0.5139349920704399,537.740868938703,811.8692695939892
vid_000205_frame0000045.jpg,18.773788210800493,0.5114231661738559,535.9968184520264,804.0106834481132
vid_000205_frame0000046.jpg,18.910974528493412,0.5249903067529079,524.5749182727889,744.8071118980845
vid_000205_frame0000047.jpg,19.021358666729245,0.529773498487412,520.2980134646475,678.1387257563999
vid_000205_frame0000048.jpg,19.005716411965295,0.5320171817882606,519.6971227283541,680.5949104060131
vid_000205_frame0000049.jpg,18.77965201511256,0.5129423620389684,530.6526748185719,784.631321313215
vid_000205_frame0000050.jpg,19.53182341861323,0.569532583219443,527.0777123269681,645.0953832571192
vid_000205_frame0000051.jpg,18.838270060004522,0.5663115836455698,583.0721265335385,684.3985278110681
vid_000205_frame0000052.jpg,18.629501998222167,0.5486250498759407,591.1928482850229,711.7851128680179
vid_000206_frame0000003.jpg,18.731637193462753,0.5370010606465535,595.2949108505305,493.1014882502942
vid_000206_frame0000004.jpg,18.40302841773248,0.5101762012447442,585.5419757175944,529.6521297078582
vid_000206_frame0000005.jpg,18.627673933843777,0.5227145047048106,606.1376653661872,537.2545194546177
vid_000206_frame0000006.jpg,18.535693150413927,0.5251952565847539,588.0817452866379,502.60261924998963
vid_000206_frame0000007.jpg,17.99273282755953,0.5032212289981136,599.6514452337135,557.5116786378463
vid_000206_frame0000008.jpg,17.65707944913894,0.4952445076663281,582.711389968436,636.1631771012785
vid_000206_frame0000009.jpg,17.645552794275222,0.4850524126341859,568.4286979270886,718.9257895779523
vid_000206_frame0000010.jpg,17.711930526301177,0.48378634211406596,569.4089668231035,757.234368168912
vid_000206_frame0000011.jpg,17.723113531113665,0.48470592275433644,572.750156276404,742.8645513322072
vid_000206_frame0000013.jpg,17.683977368487977,0.4777904466059047,588.1828714649249,755.132105954361
vid_000206_frame0000014.jpg,17.842166262688682,0.5028685871307056,576.0269334973326,599.4646658755005
vid_000206_frame0000015.jpg,17.778830476717523,0.48105723933086014,573.8305948449397,742.368344468583
vid_000206_frame0000016.jpg,17.90574479587906,0.48840345128395013,572.7995374756644,717.493771659149
vid_000206_frame0000017.jpg,18.00555623830393,0.5014386177439025,565.6158336891305,685.4683240602543
vid_000206_frame0000018.jpg,17.656948549614974,0.4809024878984116,575.6642576572657,910.1433734700315
vid_000206_frame0000021.jpg,17.355688439015328,0.484174938109116,571.4082287893575,809.7238845439799
vid_000206_frame0000024.jpg,17.35363005166382,0.48162014803967845,568.9500668194212,836.3027326996616
vid_000206_frame0000027.jpg,17.415816818926498,0.48594744923810546,576.1901674229532,806.2481907096201
vid_000206_frame0000031.jpg,17.46425527017732,0.4885761526315365,560.0999450042835,811.1784345838141
vid_000206_frame0000034.jpg,17.46002785570196,0.48464399203225,576.01843570709,847.959957636885
vid_000206_frame0000037.jpg,17.573848063863053,0.49635546832207983,572.911437031044,788.3639952507533
vid_000206_frame0000038.jpg,19.72950818254925,0.6005630561657952,500.39239833048157,613.6037659577914
vid_000206_frame0000040.jpg,18.687810044095855,0.5687687865392884,570.6958393210059,740.8424025084238
vid_000207_frame0000001.jpg,18.500323329744212,0.5925687707566394,519.3380665911177,518.5363745619945
vid_000207_frame0000002.jpg,18.487697158471978,0.6113335504265968,516.1775949949064,510.7894862660157
vid_000207_frame0000003.jpg,18.55769282573637,0.6081358567607702,518.1135910280661,509.7500719655545
vid_000207_frame0000004.jpg,18.50503969838303,0.6022074592269308,518.7733725556789,518.9660835637825
vid_000207_frame0000005.jpg,18.4877162400862,0.6116748225689358,528.2918377356496,523.2919611841935
vid_000207_frame0000006.jpg,18.38960038091557,0.6168638208405967,518.0788227850755,519.5974746419295
vid_000207_frame0000007.jpg,18.320105792116745,0.6130559006862413,519.5755636524748,515.818938048093
vid_000207_frame0000008.jpg,18.349956647549092,0.6052026489438372,533.1572238249391,524.0626441342538
vid_000207_frame0000009.jpg,18.354213075346784,0.6138417842994662,507.29961703544905,510.3663711192013
vid_000207_frame0000010.jpg,18.41302097973481,0.6059530230676908,511.37927874541555,520.4385993325931
vid_000207_frame0000011.jpg,18.613177214408086,0.6141519064543113,494.55543094435984,529.395099761198
vid_000207_frame0000012.jpg,18.745135586732257,0.604329711148398,496.18626129939776,550.1780879034873
vid_000207_frame0000013.jpg,18.891754303238912,0.6106007910030091,490.73572085474814,555.6665294791226
vid_000207_frame0000014.jpg,18.92195284556246,0.6021272358445945,491.7845293714799,576.3443796506137
vid_000207_frame0000015.jpg,19.105587213551097,0.6085730682995021,485.61533561665385,581.7766457958218
vid_000207_frame0000016.jpg,19.159730018857633,0.6101257221858895,484.0917188305774,587.554912601237
vid_000207_frame0000017.jpg,19.22909969127894,0.6118659711356473,496.9437544986765,599.9135582298672
vid_000207_frame0000018.jpg,19.284786160184503,0.6100735053040482,497.0316862226752,598.0657523563667
vid_000207_frame0000019.jpg,19.259275686461137,0.6251598621286482,490.36214073465567,560.7670844722551
vid_000208_frame0000001.jpg,18.691542679624533,0.6076270703161631,465.67045025176463,500.7175627674965
vid_000208_frame0000002.jpg,18.666108008266296,0.6212854917589551,496.4091880340616,522.5054363909438
vid_000208_frame0000003.jpg,18.724952705874568,0.6183799113411452,506.2925933002325,526.4873649695921
vid_000208_frame0000004.jpg,18.767778918026355,0.6108656129298978,507.4836910623533,536.5188635921432
vid_000208_frame0000005.jpg,18.9679506115108,0.6218119383112843,505.10588682240984,537.2226554707087
vid_000208_frame0000006.jpg,18.974089149467922,0.6228731955562187,502.9955423858246,536.4590943246905
vid_000208_frame0000007.jpg,18.9216970203371,0.6178741097940709,505.50954821106245,549.2310011834948
vid_000208_frame0000008.jpg,18.942280659968027,0.6059966537520601,504.8649119957938,561.8713473481627
vid_000208_frame0000009.jpg,19.084326334922284,0.6135528294307309,495.44954782695794,561.7608106811616
vid_000208_frame0000010.jpg,19.219995779902977,0.5971997745320297,506.7621690760991,599.0220055273209
vid_000208_frame0000011.jpg,19.60547870421689,0.6022720906202556,501.86546940622327,606.027385729707
vid_000208_frame0000012.jpg,18.517040219408422,0.5881901386611798,521.1947062258574,596.970862090021
vid_000208_frame0000013.jpg,18.463288297655264,0.583356344079731,535.250443418825,611.2449902685557
vid_000208_frame0000014.jpg,18.399042264901095,0.5769725669887595,535.7455929188168,631.7835402131836
vid_000208_frame0000015.jpg,18.387947487707883,0.5839331361977833,534.1899023302033,637.4775112329495
vid_000208_frame0000016.jpg,18.339355837794763,0.5815633761090563,533.5944071712061,649.8410171535338
vid_000208_frame0000017.jpg,18.472599348604454,0.5879113137264503,531.2454289905677,621.8574173420163
vid_000208_frame0000018.jpg,18.423856264394683,0.5819778298576946,523.0179899140938,604.8206782999828
vid_000209_frame0000001.jpg,18.541211770969415,0.7692533543526224,335.47715040103117,583.869606629497
vid_000209_frame0000002.jpg,18.674574474120725,0.7909388334415581,328.750777190044,567.5550377634124
vid_000209_frame0000003.jpg,18.795558909813973,0.7978890967605995,328.0939750659536,548.7973353794407
vid_000209_frame0000004.jpg,18.485070380495095,0.7866314355987759,328.88431095752264,569.9243799757536
vid_000209_frame0000005.jpg,18.55391679299581,0.7964000943426767,319.83373404501424,548.4090169040666
vid_000209_frame0000006.jpg,18.785139200543266,0.8261188747896192,313.7840828156686,527.5543615627128
vid_000209_frame0000007.jpg,19.217971563939972,0.8205265861120637,334.6565962418282,544.5983295881285
vid_000209_frame0000008.jpg,18.924592498387362,0.8169725133087922,328.1264235804888,534.5663572331723
vid_000209_frame0000009.jpg,19.099995264940436,0.8256237823502693,320.06780457431256,511.0700292915859
vid_000209_frame0000010.jpg,18.950423285013,0.8089985174246533,346.86598295032456,552.811489457857
vid_000209_frame0000011.jpg,18.998474089159416,0.8175942343460495,335.29768971060474,535.7882121736224
vid_000209_frame0000012.jpg,18.704257681150224,0.8008372296144582,343.7354777850828,553.8673398380113
vid_000209_frame0000013.jpg,18.73359485182267,0.8041781595952561,349.304233548071,557.136597725416
vid_000209_frame0000014.jpg,18.786589084884746,0.7950006762200816,357.67173298645,571.9099662919044
vid_000209_frame0000015.jpg,18.990123913119696,0.8115865094129364,351.1880491218934,563.0917305738442
vid_000209_frame0000016.jpg,18.891868368216244,0.8089543183634187,347.966077795347,554.8655616937119
vid_000210_frame0000001.jpg,15.396703991622626,0.6018660771763296,237.2203138488794,1018.2916301405913
vid_000210_frame0000002.jpg,15.474912824264662,0.6080535806889439,222.6429776028387,943.5000778992759
vid_000210_frame0000003.jpg,15.64248376357945,0.6267122246961963,218.37336753174395,885.778255370546
vid_000210_frame0000004.jpg,15.483320851984864,0.6191171555625868,233.60731956587205,973.0183929409454
vid_000210_frame0000005.jpg,15.509191657900594,0.6143498342282064,229.87836992848565,927.1930369647102
vid_000210_frame0000006.jpg,15.232997168360768,0.5967244763143124,240.12022189580972,1030.09764601294
vid_000210_frame0000007.jpg,15.192919727614028,0.5941676680074415,251.20811948637657,1118.7040243665422
vid_000210_frame0000008.jpg,15.16364342739741,0.5943728982633667,266.0172890372832,1185.3119946046322
vid_000210_frame0000009.jpg,15.313871490443676,0.6124629833960887,231.414911152316,1030.277281315709
vid_000210_frame0000010.jpg,15.182923842018006,0.6126255118838809,268.0925036871611,1216.0759168307168
vid_000210_frame0000011.jpg,15.442804945037647,0.633481271743586,259.5252572047351,1146.3137177975864
vid_000210_frame0000012.jpg,15.485709742398923,0.639183819039527,291.540168458208,1258.1496795329072
vid_000210_frame0000013.jpg,15.660032439083022,0.6584495164209458,293.3464322595671,1200.565195633038
vid_000210_frame0000014.jpg,15.743478401775775,0.6595348112815576,318.66542384703155,1236.2994449245373
vid_000210_frame0000020.jpg,16.10950524124984,0.6753336992378213,419.6700410689402,1246.4510511620363
vid_000210_frame0000025.jpg,16.01106169253806,0.6700650038408362,438.85417143852845,1265.2244136621057
vid_000210_frame0000030.jpg,15.856908346770787,0.6676014675224401,506.7470688601411,1368.5068637228535
vid_000210_frame0000037.jpg,16.533109996475126,0.7223014188651393,473.9658640180912,1177.1325649138425
vid_000210_frame0000040.jpg,16.273078226314958,0.7041530180511195,477.75575627125875,1259.4430907758683
vid_000210_frame0000045.jpg,16.368308829089283,0.7433279731879961,444.86118161836623,1264.8281948289539
vid_000210_frame0000048.jpg,16.05599604328429,0.7176762704735694,582.3047345328225,1768.639265509591
vid_000210_frame0000050.jpg,16.071577523294728,0.7281535787476242,560.8598049784446,1712.0164289764211
vid_000210_frame0000052.jpg,16.133460984857138,0.7193810282972919,524.5519027120811,1599.202730761369
vid_000210_frame0000054.jpg,16.006816595093085,0.7164016771559205,556.4232544574338,1631.4955799192808
vid_000210_frame0000056.jpg,16.033145325726966,0.7151278944557556,427.6594894498746,1405.3505011555915
vid_000210_frame0000058.jpg,15.544776932115722,0.6911554300707059,463.240598770118,1536.8462006874756
vid_000210_frame0000060.jpg,15.233086062402435,0.6729696653108723,485.8506749970711,1701.916723258455
vid_000210_frame0000062.jpg,15.437557565230938,0.6704477451220002,486.81385805929926,1619.1156087198035
vid_000210_frame0000064.jpg,15.56146210522547,0.6891848752214048,435.1303778259263,1379.3040039370578
vid_000210_frame0000066.jpg,15.549750688758506,0.6839589777416396,451.13236174380097,1440.5867191810041
vid_000210_frame0000068.jpg,15.145968716858922,0.6512593336493745,529.458636535711,1614.6758436664584
vid_000210_frame0000070.jpg,16.254628346646783,0.6773659037565563,476.92476405319474,1213.9240424943023
vid_000210_frame0000072.jpg,16.866232800692465,0.6958888409961675,376.76910505625716,884.7531202227198
vid_000210_frame0000074.jpg,16.64081202678229,0.6651973191968542,338.29870311936065,914.5075736851118
vid_000210_frame0000076.jpg,16.57267755749844,0.6537234386178077,296.6545998724158,821.5274250320595
vid_000210_frame0000078.jpg,16.670668081339592,0.6710535530753798,246.0192685884474,673.301515985469
vid_000210_frame0000082.jpg,16.37170550369859,0.6489668369205691,242.2842080287615,738.2872084160269
vid_000210_frame0000083.jpg,16.47172223717823,0.6440936012815065,244.8824467435034,741.6314576943407
vid_000210_frame0000084.jpg,16.73523789510612,0.6615280810017711,222.32210485659436,633.8917620075522
vid_000211_frame0000008.jpg,18.416267233489883,0.8174986611964924,269.7815410489491,368.040621459254
vid_000211_frame0000009.jpg,18.48595316375308,0.8303041686739334,262.8784556760452,360.5582611234015
vid_000211_frame0000010.jpg,18.458824283583954,0.823565056254909,263.8060963558767,362.60918014613156
vid_000211_frame0000011.jpg,18.511420958987216,0.8338662253774944,253.40611241871176,354.47246488868984
vid_000211_frame0000012.jpg,18.25313027547263,0.8220940554626385,238.92615365131212,350.07355540779287
vid_000211_frame0000013.jpg,18.165057726408396,0.8212343280342488,228.98146763900635,340.26306770203865
vid_000211_frame0000014.jpg,18.167275322844322,0.8069111771700421,228.00069794189227,348.89052493965374
vid_000211_frame0000015.jpg,18.072870492888672,0.8116352284802036,225.61419007050492,342.6591837521583
vid_000211_frame0000016.jpg,18.147456743717505,0.8062062600452021,230.9175657003463,351.3023229743982
vid_000211_frame0000017.jpg,18.23999591352762,0.8194063567979425,241.20186285489115,349.14899292402623
vid_000211_frame0000018.jpg,18.284091668642713,0.8107312302928902,253.57517482709216,369.2269900636768
vid_000211_frame0000019.jpg,18.286344845062043,0.8274353644757454,246.65694382080068,352.96225034464703
vid_000211_frame0000020.jpg,18.373571541887884,0.8201094777041001,263.99805192809396,376.5304782890089
vid_000211_frame0000021.jpg,18.535999882008657,0.8334217398477901,266.39701908116416,372.08815361315527
vid_000211_frame0000022.jpg,18.497219089139033,0.8361821988846585,263.11377976941355,370.4390551618719
vid_000211_frame0000023.jpg,18.482113395971336,0.836135483958134,256.54940957414703,369.36603434248104
vid_000211_frame0000024.jpg,18.522615782490217,0.8251519334614238,248.37388154036188,350.84018630254866
vid_000212_frame0000006.jpg,18.34650890210956,0.8097081482180046,276.85793446587434,379.77024754779984
vid_000212_frame0000007.jpg,18.2798943116176,0.8124679175117867,276.37367064661953,376.43806460495784
vid_000212_frame0000008.jpg,18.188194036767186,0.7986902529705097,274.02945087162965,382.4874237915921
vid_000212_frame0000009.jpg,18.132626913970068,0.8030428827202613,256.11332577142787,372.69112600631365
vid_000212_frame0000010.jpg,17.876747544113435,0.7877508634769232,226.0133947693212,369.2979060911056
vid_000212_frame0000011.jpg,17.935000001165875,0.7834997386213755,190.76433427150877,324.7376052672781
vid_000212_frame0000013.jpg,17.76765329034378,0.7913094547191125,203.39405263148672,330.09963010373554
vid_000212_frame0000014.jpg,17.95831758673369,0.8024702727212842,266.4787626924041,388.3016934535063
vid_000212_frame0000015.jpg,18.285574551159772,0.8117307192500626,332.20248954207455,445.5601185166477
vid_000212_frame0000016.jpg,18.210570045878104,0.8125512984770897,351.9206289486653,464.80090683176826
vid_000212_frame0000017.jpg,18.1889933275612,0.8152942907182421,280.298965658968,393.9272858748002
vid_000213_frame0000002.jpg,17.94325464208328,0.7576942056293162,204.8805167760108,341.80668115360754
vid_000213_frame0000003.jpg,18.203580813689197,0.7793706485092716,204.97806976293558,340.11489139636774
vid_000213_frame0000004.jpg,18.27318236139093,0.7627334150461951,206.91587379569307,348.5020390719545
vid_000213_frame0000005.jpg,18.09580571364517,0.7766165998740983,202.9291699437493,340.575675221431
vid_000213_frame0000006.jpg,18.17588355341258,0.7683246938284952,202.1396122756108,348.99089238816384
vid_000213_frame0000007.jpg,18.10773428332225,0.7710542471592264,200.36322141724997,339.9382918579304
vid_000213_frame0000008.jpg,17.99445139351752,0.7605831135433995,203.20033875474243,351.084809108949
vid_000213_frame0000009.jpg,18.06991280769698,0.7744083120406152,199.61759462065206,335.0090891919628
vid_000213_frame0000010.jpg,18.146545084708183,0.7606839670641139,206.37124149709922,347.16508664249443
vid_000213_frame0000011.jpg,18.276516394815935,0.7769751681319063,206.07282147594088,340.7944260029399
vid_000213_frame0000012.jpg,17.97694831374421,0.7607410491712359,210.7002959520714,356.471998650615
vid_000213_frame0000013.jpg,18.286094449827207,0.7767825808986117,205.33989903550474,343.1370594246752
vid_000213_frame0000014.jpg,18.110592631841506,0.7576159285254729,205.97944151728507,353.1116972427633
vid_000213_frame0000015.jpg,18.13031472817819,0.7718842132834389,207.51904586751286,351.746119997601
vid_000213_frame0000016.jpg,18.14124121103666,0.7601370879000964,207.8658710665241,353.783797171899
vid_000213_frame0000017.jpg,18.19566185765124,0.7690191175715616,207.81542758224987,350.8082298140122
vid_000213_frame0000018.jpg,18.12126357851978,0.7598424239236808,210.8945399074923,356.5830133036787
vid_000214_frame0000001.jpg,16.859375673992616,0.5263282955903933,803.1446788175618,913.8521445995095
vid_000214_frame0000002.jpg,16.859225568233786,0.5291081879768861,793.4782937676638,904.5263126225951
vid_000214_frame0000003.jpg,16.91682831075974,0.5309026444826507,805.7486434120763,906.7657898318928
vid_000214_frame0000004.jpg,16.842746897897154,0.5265193121570196,787.395869512142,904.6729054190856
vid_000214_frame0000005.jpg,16.80255494184716,0.5265274516345375,796.1125955014968,904.67142184203
vid_000214_frame0000006.jpg,16.880961501271212,0.5307471544954768,783.4775466468309,875.382220556188
vid_000214_frame0000007.jpg,16.836846740583702,0.5272891424626898,800.9872462674986,891.4911902168049
vid_000214_frame0000008.jpg,16.799407741783796,0.5261707031186144,811.5452269892271,905.8976651847363
vid_000214_frame0000009.jpg,16.902327083890416,0.5321205467425414,736.4992051531518,849.9230916892348
vid_000214_frame0000011.jpg,16.909989748689274,0.5279453953218769,790.3183095346121,887.3376471688061
vid_000214_frame0000012.jpg,16.88927819095485,0.525245460179791,801.7117100473412,894.6978333783661
vid_000214_frame0000013.jpg,16.95971722038056,0.5316567801988593,802.4293397801443,888.9477525031512
vid_000214_frame0000014.jpg,16.86019221341044,0.5248129722645637,824.0052745601736,907.9282742814546
vid_000214_frame0000015.jpg,16.957009488710483,0.5316166571159995,809.4503069732639,895.9509930178126
vid_000214_frame0000016.jpg,17.019882739065885,0.5314282627671659,798.072479970081,889.7006467396676
vid_000214_frame0000017.jpg,16.94710292768557,0.5264125491939102,822.8081869020231,905.3641690669384
vid_000214_frame0000018.jpg,16.925029174333723,0.5265985288973055,806.2183556125199,897.3823213077183
vid_000214_frame0000019.jpg,16.96781667894757,0.5306702673287481,779.5481520016859,873.3341480889178
vid_000214_frame0000020.jpg,16.891088215855522,0.5264645601551629,785.1448155174387,880.811747338227
vid_000233_frame0000020.jpg,16.85610076863161,0.6357585898219393,220.25979067922663,763.3237667909611
vid_000233_frame0000021.jpg,16.939039877123545,0.6414417251360639,215.28966239914638,734.5592569578918
vid_000233_frame0000022.jpg,18.95665163471286,0.7570211985396922,241.95369547575945,478.9494999596222
vid_000234_frame0000001.jpg,19.769569984373227,0.6529758486718795,633.5269141257188,542.1977532501465
vid_000234_frame0000002.jpg,19.732890147885627,0.6581701851351721,634.2671524552362,542.5740387397523
vid_000234_frame0000009.jpg,20.004104479985262,0.6610603452383225,644.8369962672008,530.2340739991898
vid_000234_frame0000011.jpg,19.805117150952725,0.655886433937064,642.6519487975442,536.7885036613483
vid_000234_frame0000060.jpg,18.95629663689841,0.643833585527793,665.6889905053533,521.7828911943748
vid_000234_frame0000062.jpg,18.826231872752196,0.6484197876006796,668.0852150052103,544.8292813796654
vid_000235_frame0000006.jpg,18.442382521587334,0.8469368451065901,204.993670694947,316.2697881376771
vid_000235_frame0000007.jpg,18.724281493772573,0.8561582077523356,212.76014194164225,326.420117416772
vid_000235_frame0000011.jpg,19.236730799989065,0.867767958502474,249.7165244435725,370.38967407099176
vid_000235_frame0000012.jpg,19.853165963310914,0.8619450338517604,277.8048822119581,381.53356380648563
vid_000235_frame0000014.jpg,20.246951474113104,0.8646056699440235,297.48341797542923,381.79344603815537
vid_000235_frame0000017.jpg,20.16940715724663,0.8554911062034748,279.88342202855506,385.54011906455594
vid_000235_frame0000020.jpg,19.903692508838173,0.8668453524094369,266.2071095621556,371.80067426196
vid_000235_frame0000021.jpg,19.5116284697888,0.8396424989710748,240.73269360466708,395.9489658322211
vid_000235_frame0000023.jpg,19.44489177308967,0.8235868771437076,242.2841831809181,448.2135381957305
vid_000235_frame0000027.jpg,18.159104344498875,0.7458270371603094,247.03037063705506,634.7714811265315
vid_000235_frame0000032.jpg,18.03137176079759,0.7364899075054937,256.0999982331891,693.707220659005
vid_000235_frame0000037.jpg,18.527871319413414,0.7439245055787764,272.2439942614784,701.5733362917348
vid_000235_frame0000039.jpg,18.39510626001914,0.7561325844204908,246.36695838019108,610.1798981998948
vid_000235_frame0000048.jpg,17.39191531312672,0.7514569608007035,221.42044261813348,562.0020645925839
vid_000235_frame0000070.jpg,18.892760308508194,0.7780999030152193,227.60129758183888,497.6501630128139
vid_000235_frame0000089.jpg,18.78230599988214,0.7708636066630709,229.06833099434976,481.0570310064652
vid_000235_frame0000116.jpg,19.238688181997308,0.7330384229230056,191.82020718100625,434.8410721462693
vid_000235_frame0000126.jpg,18.47778953411144,0.7027312058838989,207.23218796272766,531.8652225174965
vid_000235_frame0000132.jpg,19.499483842856588,0.8050469193488655,236.8592609011379,388.92732040922306
vid_000235_frame0000135.jpg,18.90626987651005,0.7894649083661426,252.97574978417904,517.7867985181379
vid_000235_frame0000139.jpg,18.807468593735443,0.7601819720981476,263.23830870688903,591.9182401071301
vid_000235_frame0000143.jpg,18.738030386919682,0.7647075331398473,257.8229702340557,590.6596065022359
vid_000235_frame0000147.jpg,18.738094680311214,0.7607678341760685,257.80761114388525,601.5300276213884
vid_000235_frame0000149.jpg,18.694685983255724,0.7536472096482981,257.8278448694689,593.0005721811573
vid_000235_frame0000151.jpg,18.600426347346144,0.756431688368211,257.5978187105294,604.5792706769114
vid_000235_frame0000156.jpg,18.73037585472526,0.7697877758234535,243.443871753713,540.9018895819916
vid_000235_frame0000161.jpg,18.34275689711225,0.7860333087865196,232.64168943713906,504.985200599926
vid_000236_frame0000001.jpg,18.998964401702505,0.6501002245512667,648.3639424366934,616.9812693827935
vid_000236_frame0000003.jpg,19.00370324812204,0.6545379329746331,659.7355530013567,625.3598394399615
vid_000236_frame0000007.jpg,19.03791093407737,0.6551754237253112,645.7389467857686,614.2822907488378
vid_000236_frame0000009.jpg,19.61347777212829,0.6477066026208763,615.9401565113483,654.0693451036542
vid_000236_frame0000010.jpg,19.507529463726275,0.6425887198935053,610.66445335642,635.8010776380777
vid_000236_frame0000012.jpg,19.38442560023336,0.6372157609161092,610.6142288140094,604.706280131382
vid_000236_frame0000016.jpg,19.303508771484104,0.6349352110078622,588.1040042961849,595.9270355298369
vid_000236_frame0000020.jpg,19.52192781864985,0.6140021914265383,616.6257524899637,675.0332986321498
vid_000236_frame0000023.jpg,19.17559598110712,0.6078047002758477,646.4407384619362,785.542958359242
vid_000236_frame0000030.jpg,19.538719639471825,0.6099688740643031,610.4761687668412,818.6675462543562
vid_000236_frame0000031.jpg,19.27672688033966,0.6057927519346039,612.2096832823061,934.3192496169155
vid_000236_frame0000037.jpg,19.587370925085594,0.6253157646740392,622.4953513813574,754.8524297850968
vid_000236_frame0000044.jpg,19.356683933438358,0.617183737382131,631.5559844899944,822.3206148588037
vid_000236_frame0000045.jpg,19.372636613689895,0.6174562239421889,663.3288058694588,918.4466798692525
vid_000236_frame0000048.jpg,19.114757421279258,0.6105716967761438,661.3471776296432,974.1015079541116
vid_000236_frame0000050.jpg,20.187930893809988,0.6519951141052012,579.1331177068628,676.018592513337
vid_000236_frame0000052.jpg,19.738449204758524,0.6579745705034984,633.6308360245812,652.2012018591661
vid_000236_frame0000053.jpg,19.795221246510472,0.6522466211874788,651.6712108612928,684.8640319740156
vid_000236_frame0000057.jpg,18.671295397381023,0.6430806868118566,712.5692209513277,657.6506259940111
vid_000236_frame0000060.jpg,18.87014765818898,0.6446723675028069,716.4882100014636,680.0392271818544
vid_000236_frame0000064.jpg,18.998379276211256,0.643911567253591,716.1029539824818,676.9398280179539
vid_000239_frame0000013.jpg,20.930867452172844,0.8552649136051129,285.66006517643297,354.2871136857432
vid_000239_frame0000017.jpg,21.320168154498624,0.865515351988746,304.5064628524235,368.86085774809504
vid_000239_frame0000045.jpg,20.752849514072423,0.8500881718832493,286.970943266163,362.59424091562937
vid_000239_frame0000053.jpg,20.833889336864445,0.8461885079860124,298.54171395951107,374.9622317889063
vid_000239_frame0000063.jpg,20.65605232577365,0.824178745912754,288.04018632329786,387.18519568758126
vid_000239_frame0000065.jpg,20.410682075788124,0.8230221457464847,292.65128954312115,399.59825716697867
vid_000239_frame0000067.jpg,20.491776129684958,0.8236161432943806,292.1722102517116,404.11254802772703
vid_000239_frame0000073.jpg,20.350819935775526,0.807845258026764,282.7626191924712,401.9317498466253
vid_000240_frame0000016.jpg,19.457635912758583,0.7802244778029016,228.4732129380647,524.0254501653458
vid_000240_frame0000018.jpg,19.25288646268274,0.7691354845448491,237.51871488515246,560.2325559659336
vid_000240_frame0000021.jpg,19.293047645151262,0.7784701923304684,231.66062990821302,517.1579675215964
vid_000240_frame0000028.jpg,18.94692475353004,0.7730372616451238,237.43582532814264,515.3954465675095
vid_000240_frame0000030.jpg,18.342989230223957,0.752357913049798,242.06250376344855,590.9611929138384
vid_000240_frame0000032.jpg,18.06533102342501,0.7372433920869002,253.4594268305108,661.0619119174452
vid_000240_frame0000043.jpg,17.24085040587861,0.7113418219744346,252.2045822021356,739.7983737272242
vid_000240_frame0000052.jpg,17.082340388773716,0.7126760850708723,339.52830931522794,757.7825228605698
vid_000240_frame0000057.jpg,17.826318007523703,0.7574559167236075,326.93655298598986,582.9873816090776
vid_000240_frame0000058.jpg,18.17821538293392,0.778889971239852,311.81294533591563,514.7638908823676
vid_000240_frame0000060.jpg,18.322831710205868,0.7916225031328792,314.4360408161059,520.3695001987353
vid_000240_frame0000063.jpg,18.317284992621108,0.7887762056932951,290.16933794370175,480.9129236948377
vid_000240_frame0000064.jpg,18.445256078551054,0.8012752594676101,285.41493031333266,444.7490086367195
vid_000240_frame0000066.jpg,19.444579666480596,0.8185677099686085,341.2193412217001,483.20814565816835
vid_000240_frame0000068.jpg,18.526663491436008,0.7883288386732875,331.60891539405054,554.2589158734281
vid_000240_frame0000069.jpg,18.749448913006837,0.7995190104534968,343.25162430589876,540.2896851444984
vid_000240_frame0000072.jpg,18.611585064574218,0.7892194500359683,440.33856197582287,751.9004042796072
vid_000240_frame0000077.jpg,18.259718104063726,0.77986621423485,428.99549763027767,732.6243687913083
vid_000240_frame0000085.jpg,18.532052963954193,0.7818741880209695,405.2133230147821,693.2668249966007
vid_000240_frame0000108.jpg,19.087494496238897,0.8018113287382236,376.98616230036157,623.8212164111154
vid_000240_frame0000126.jpg,18.429581026011956,0.7739356277427879,271.0283083923057,497.74677924085614
vid_000240_frame0000127.jpg,18.463641585592548,0.768351116152394,275.10376774186386,508.06124485923453
vid_000240_frame0000131.jpg,20.223681061544774,0.8555481932258342,246.70649623570912,343.9044156718473
vid_000241_frame0000005.jpg,23.60315808240348,0.7026020897566903,549.3678014508725,522.1781757559517
vid_000241_frame0000006.jpg,23.91499146122821,0.6941564286302461,542.5944603682298,528.8843319522475
vid_000241_frame0000007.jpg,23.879472645085976,0.6976145231493627,541.7900180785057,523.791417187851
vid_000241_frame0000008.jpg,23.74090857466163,0.6858439969527481,544.070042207283,534.2119447514167
vid_000241_frame0000009.jpg,23.245974292899973,0.6935691734565465,533.7274789587505,541.3778675223807
vid_000241_frame0000010.jpg,23.226666311533045,0.678939145082324,526.1783984493557,544.1639087856364
vid_000241_frame0000011.jpg,22.784778425900303,0.6839306402813078,514.3106036642307,537.8989373741404
vid_000241_frame0000012.jpg,22.72382471698866,0.6760869445588585,516.003256339452,541.9881305093356
vid_000241_frame0000013.jpg,22.45845177192796,0.6877745638978005,514.4189656225076,537.0832022579281
vid_000241_frame0000014.jpg,22.683967795494148,0.6926293321109588,504.33066956661077,506.29990158011236
vid_000241_frame0000015.jpg,22.556929402656927,0.6961176709263289,508.37683117485165,506.7956143672691
vid_000242_frame0000007.jpg,21.83311509637822,0.7547554635504995,273.20488483409895,428.4350125150897
vid_000242_frame0000008.jpg,21.89918032619496,0.791960853347757,281.2784618546043,403.9969681430101
vid_000242_frame0000010.jpg,21.766351981515424,0.7761728129059723,282.9661827595522,419.8295100370595
vid_000242_frame0000011.jpg,21.208488267765205,0.7469494331826637,313.2027016231641,516.7608444776998
vid_000242_frame0000012.jpg,20.547476630834506,0.7798495734280376,291.3918709674821,483.0045536462501
vid_000242_frame0000014.jpg,21.393734262282194,0.7545074238268117,292.4770839009373,485.1473808508611
vid_000242_frame0000015.jpg,21.09284591242745,0.7589773419863377,307.82543218193194,475.2805295246192
vid_000242_frame0000055.jpg,20.708260085003435,0.7464765963025627,343.7337140192741,480.54890057891726
vid_000242_frame0000057.jpg,20.98849351514728,0.7619629544614623,331.66931344101096,416.11725144761215
vid_000242_frame0000060.jpg,21.40532257123519,0.7653072757928715,292.9549543785861,464.286002506929
vid_000243_frame0000012.jpg,19.36785435426683,0.7563365563494816,329.6774192357925,502.32081813161915
vid_000243_frame0000013.jpg,19.194807403354844,0.7505658902141028,322.90973504032064,518.3666628706227
vid_000243_frame0000014.jpg,19.039950256616127,0.7384335336756197,324.29787269929244,529.2630716776764
vid_000243_frame0000015.jpg,18.89448625747958,0.7333172772620807,321.40222556533837,548.0928809028741
vid_000244_frame0000005.jpg,13.754520853322356,0.8359438631926688,309.0376216174215,280.8987271941945
vid_000244_frame0000006.jpg,14.766311574354633,0.8175862406177309,338.86358460308634,373.4921023178776
vid_000244_frame0000007.jpg,13.240697619105175,0.7945215261456613,273.913896024997,299.16902748459796
vid_000244_frame0000008.jpg,13.257658105788721,0.7980111794932693,276.99897015513693,280.7551452606364
vid_000244_frame0000009.jpg,13.33164018558267,0.8234864928709689,273.992992954011,273.99351019127903
vid_000244_frame0000010.jpg,13.066014396774573,0.8469319707827306,285.8681383590686,298.36696000417436
vid_000244_frame0000011.jpg,13.356274066781268,0.8384120173794539,281.9710241693148,262.7942142471716
vid_000244_frame0000012.jpg,13.354193329201456,0.8458146617382507,282.39284154087005,256.6316119462499
vid_000244_frame0000013.jpg,13.496594587952277,0.8468811016737342,279.645150343444,248.54146010620786
vid_000245_frame0000004.jpg,17.125969556323927,0.6739115923711663,685.1741803563195,1227.2812600644888
vid_000245_frame0000005.jpg,17.852884950681865,0.7238754366499552,442.3270792747997,645.6671259100369
vid_000245_frame0000006.jpg,19.55851099137657,0.7415921494041188,327.4751707966997,511.6291747859163
vid_000245_frame0000011.jpg,19.487776331660225,0.7745440818373668,424.37380481790484,600.2048623155769
vid_000245_frame0000014.jpg,17.255498601368096,0.6948558769040055,588.5838462193716,1366.457723776597
vid_000245_frame0000015.jpg,17.26966237614066,0.6988980385911638,557.2772228798035,1276.4600403945296
vid_000246_frame0000001.jpg,16.066935802755925,0.6664186647583245,735.9367830155406,1706.5140418365977
vid_000246_frame0000005.jpg,16.353703747439265,0.6830196230237625,689.3488917608856,1632.046080375791
vid_000246_frame0000008.jpg,16.247627332619977,0.6803987184538774,701.3175810036009,1643.1265127269942
vid_000246_frame0000011.jpg,16.2140205394279,0.677933769008443,635.2016543857321,1497.7336362814153
vid_000246_frame0000014.jpg,16.526062352657295,0.6866786541118645,689.7680451138656,1580.4942747732134
vid_000246_frame0000020.jpg,17.387716805335472,0.7167409398773555,667.4217564633977,1307.7274549375431
vid_000246_frame0000021.jpg,17.46140475626577,0.7289113355681177,699.0870568822395,1371.220545575715
vid_000246_frame0000024.jpg,17.947738696526052,0.7501494302873248,770.8384470714683,1491.0318931488737
vid_000246_frame0000027.jpg,18.541787661399226,0.7713237806357677,403.31733999309404,861.2748914333686
vid_000246_frame0000029.jpg,18.634786014477335,0.7447755024142818,480.82179331989937,945.0492865754566
vid_000246_frame0000030.jpg,18.541228584609573,0.7327072017679729,481.51131291774243,913.7740469193443
vid_000246_frame0000031.jpg,18.0440376999496,0.735527080321401,492.1112288922539,948.8980818043049
vid_000246_frame0000032.jpg,17.418459264608433,0.7268754368638715,481.39609775796885,952.3121665033514
vid_000246_frame0000036.jpg,18.553915749455985,0.7273762695424878,402.20444818267646,897.5022099978526
vid_000246_frame0000044.jpg,17.491077712225383,0.7139369289895369,568.7944585564396,1189.3924537536254
vid_000246_frame0000046.jpg,17.236259948545,0.728743487394274,583.607840183988,1344.9144587485714
vid_000247_frame0000006.jpg,17.571796512278045,0.7134161974107647,538.342706940167,1452.7154893466166
vid_000247_frame0000007.jpg,17.207203792213058,0.7087436615717322,532.7374209514636,1492.7510961100998
vid_000247_frame0000008.jpg,17.125779119461477,0.7061961181904337,535.574717159689,1553.848891947596
vid_000247_frame0000012.jpg,16.78308450565073,0.6944981782603552,555.2637360886484,1680.9478968596302
vid_000247_frame0000014.jpg,17.005677457097576,0.6824413068958738,433.27591525027003,1406.3933562053312
vid_000247_frame0000016.jpg,17.346847679029555,0.714082578380339,426.4562708919715,1126.8492801212064
vid_000249_frame0000001.jpg,18.705924210797015,0.5391479564914876,739.2708593608452,682.7262953281918
vid_000249_frame0000005.jpg,19.24283954658347,0.5396806469632622,772.4317644494487,629.7750964511586
vid_000249_frame0000006.jpg,19.129002972776473,0.529084322348229,771.3212669376921,640.9306118261766
vid_000249_frame0000008.jpg,18.60087037452625,0.5157496465761279,784.0006961970271,665.8056332007027
vid_000249_frame0000009.jpg,18.6055828538043,0.5214364740410256,730.7116778845372,643.8775407416283
vid_000249_frame0000012.jpg,18.44424420626481,0.5253333522102669,762.0396459695689,660.5865725187193
vid_000249_frame0000017.jpg,17.33009971172026,0.5171504105823183,721.191855579944,701.5926154148308
vid_000249_frame0000020.jpg,17.016992115219004,0.5040534816464964,746.6836629479811,751.7479606238874
vid_000249_frame0000023.jpg,16.566319398789233,0.5095309204578743,749.0762228669744,749.03099382786
vid_000249_frame0000028.jpg,16.307777696339553,0.5123462681306373,738.3631813080916,780.8648077826467
vid_000249_frame0000033.jpg,16.355910285195442,0.5201864933488343,756.1395821622217,788.4638688845671
vid_000249_frame0000040.jpg,16.436754702558382,0.5185818450362204,801.4693486640463,810.4028327432495
vid_000249_frame0000048.jpg,16.572482156684323,0.5186215424556099,749.8885687890444,816.9742712465554
vid_000250_frame0000001.jpg,19.775526363054187,0.3980485638905118,757.7269630717078,539.2260585955532
vid_000250_frame0000002.jpg,19.76636394935967,0.4028126827688598,774.6839474732565,541.7247525612273
vid_000250_frame0000003.jpg,19.91974904286907,0.39891595922303386,803.7054062228399,544.3293435643135
vid_000250_frame0000004.jpg,20.911846268306782,0.2897701776390876,817.2951333516012,499.936675559244
vid_000250_frame0000006.jpg,20.137370641040405,0.3124150713898624,872.8175443661621,543.4878338405161
vid_000250_frame0000007.jpg,19.66772388706702,0.35563740947662775,880.5988037486388,572.7602336464483
vid_000250_frame0000008.jpg,18.960727799255967,0.3832742377454113,864.6799140777417,614.2697471462494
vid_000250_frame0000011.jpg,18.943329691879377,0.38420901717620254,902.5336828278141,621.8250749113862
vid_000250_frame0000015.jpg,17.721470724492008,0.4702566629790397,912.9984515179575,715.765993436041
vid_000250_frame0000055.jpg,16.09166710290226,0.3492802192004745,813.5898458797211,651.275482678447
vid_000250_frame0000063.jpg,17.095327465627676,0.34873035625773885,797.6984815808046,585.6593613824131
vid_000250_frame0000070.jpg,19.463800455119124,0.3264474057473978,858.6379979030794,562.5321817879103
vid_000250_frame0000071.jpg,19.838003698853417,0.31597908895683596,812.2836376065223,549.1268134858747
vid_000250_frame0000075.jpg,19.45771022354481,0.3610387120987944,789.9451279687518,572.3460390874518
vid_000250_frame0000076.jpg,19.240206782710278,0.38124026945840966,830.4184174764757,584.1989575134577
vid_000251_frame0000001.jpg,17.658507160628247,0.5399027689863527,747.8459519072793,576.8873460838582
vid_000251_frame0000002.jpg,17.684156267194247,0.5433195411361379,739.5363555868139,565.7564971165218
vid_000251_frame0000003.jpg,17.67389845037504,0.5423289494556006,762.3649569530634,587.1127616677015
vid_000251_frame0000004.jpg,17.877504430898583,0.535753720532893,745.8456111272241,545.7839993527243
vid_000251_frame0000005.jpg,17.64976715867843,0.5384445927293403,780.2077033610834,607.5870367854648
vid_000251_frame0000006.jpg,17.777739807791207,0.5819155364016461,702.7792858282289,554.6648298472493
vid_000251_frame0000007.jpg,17.95358907005577,0.6068017393009452,691.2568740336874,569.6028477014238
vid_000251_frame0000008.jpg,18.11764162184717,0.6120448373873023,682.5634676580187,578.9931455643807
vid_000251_frame0000009.jpg,18.065532019730657,0.6168442586413782,657.9867040094291,558.3492228911289
vid_000251_frame0000010.jpg,19.146893897952577,0.6472247029982449,591.9937847430708,515.2776915749276
vid_000251_frame0000011.jpg,18.436303102605674,0.6327050410877341,637.9370610822074,533.7752844064925
vid_000251_frame0000012.jpg,18.102127711075752,0.5982701747992748,667.444034546947,573.0337446192038
vid_000251_frame0000013.jpg,17.904767590854238,0.5946991427511173,668.4174148920715,575.3596134973111
vid_000251_frame0000014.jpg,17.79136761889242,0.5802052765783715,667.2839289802938,596.5487076190466
vid_000251_frame0000015.jpg,17.938561371301816,0.5864984516954529,652.7355545223097,587.2269099078703
vid_000251_frame0000016.jpg,17.683037485248686,0.5900421178397424,663.4804803776819,581.7050669978672
vid_000251_frame0000017.jpg,16.994716393160893,0.5620174508577409,699.6833919371932,593.770281760061
vid_000251_frame0000018.jpg,16.688831362097464,0.5475215430040562,702.8099615987798,587.1937647038914
vid_000251_frame0000019.jpg,16.747909579947667,0.5476861504345355,705.9227331825991,590.0607030806623
vid_000251_frame0000020.jpg,16.634380502683523,0.5353591635140312,723.8787312941841,613.5771171600917
vid_000251_frame0000021.jpg,16.49697068574539,0.5344474369851745,736.6134741547822,617.5609450389315
vid_000251_frame0000022.jpg,16.37907945248907,0.5268040424515514,711.8570133495139,627.5551433088003
vid_000251_frame0000023.jpg,16.330963048950345,0.5278812799168028,713.3369497052252,622.4033920253277
vid_000251_frame0000024.jpg,16.244338950321396,0.5205806955390672,717.4056275290827,619.8737752214549
vid_000251_frame0000025.jpg,16.422374195388137,0.5283297239980048,716.4550194606468,611.8439819740494
vid_000251_frame0000026.jpg,16.443403307551673,0.5316027746995219,730.0145694729486,614.2914213035231
vid_000251_frame0000027.jpg,16.349032689735058,0.5237212316760541,733.2688791307921,637.1864985592848
vid_000251_frame0000028.jpg,16.26657427646461,0.5194537759513627,728.2195642841725,640.6245160248723
vid_000251_frame0000029.jpg,16.34054582713327,0.5251002569601705,714.8087878642846,626.7419283558271
vid_000251_frame0000030.jpg,16.120056269460292,0.5167767040749255,748.7920199434288,647.3590332469008
vid_000251_frame0000031.jpg,16.28251460157785,0.5274911451863359,714.675900097317,624.6369496233826
vid_000251_frame0000032.jpg,16.461578597583568,0.5229020953736319,732.0618978581225,609.7021358590747
vid_000251_frame0000033.jpg,16.495244078912055,0.5223682674948061,738.198799757512,609.3966560868263
vid_000251_frame0000034.jpg,16.590001289862457,0.5206123879123074,718.0707622721021,602.1589583621586
vid_000251_frame0000035.jpg,16.58396798091317,0.5270097048072233,708.6921371224983,595.3012288656698
vid_000251_frame0000036.jpg,16.603672136203258,0.5309162659192935,708.7630878200542,595.3382002950678
vid_000251_frame0000037.jpg,16.60163570126531,0.5227247203471855,725.5007238473672,608.1991640741335
vid_000251_frame0000038.jpg,16.398881517137163,0.5186994365129097,712.677544454216,620.2375687416536
vid_000251_frame0000039.jpg,16.344580470706337,0.5153576994970928,702.9813800740403,629.2035104528774
vid_000251_frame0000040.jpg,16.352317043101188,0.5184646091754513,704.2082691560175,624.3727889080183
vid_000251_frame0000041.jpg,16.34728031581139,0.5178891344852026,725.9533173497849,628.1425426203247
vid_000252_frame0000001.jpg,19.002469663836848,0.8306902660168859,282.7661527168731,422.68068061964027
vid_000252_frame0000002.jpg,18.849162820557858,0.855886458093757,276.5691602408962,406.16657838937334
vid_000252_frame0000003.jpg,19.013529090478904,0.8677544632544886,282.4503954941159,416.0904738546086
vid_000252_frame0000004.jpg,19.070664378492204,0.8673382151825247,287.67920208997475,422.47971003377904
vid_000252_frame0000005.jpg,19.126940663849393,0.8739784737526609,285.68445557381256,434.26665642539905
vid_000252_frame0000006.jpg,18.889415049888022,0.8702629567171606,288.8722525156428,443.7663764966933
vid_000252_frame0000007.jpg,18.857947752747975,0.8690879056918134,299.006552664389,468.1708331502781
vid_000252_frame0000008.jpg,19.02830813327816,0.8595662745628764,314.4944723637382,519.1897620235394
vid_000252_frame0000009.jpg,19.718044281308067,0.857187520827016,338.23992524301366,525.7322478743847
vid_000252_frame0000010.jpg,19.757380159828354,0.852847792745425,356.9768181431203,564.9912619308994
vid_000252_frame0000011.jpg,19.59013617435901,0.8448812080668066,355.225215930343,568.8822953229821
vid_000252_frame0000012.jpg,19.629420989437527,0.8492785351735984,353.9802326725063,558.3977808784441
vid_000252_frame0000013.jpg,19.577886270327735,0.8458272228414234,351.12240551735454,551.0825904932984
vid_000252_frame0000014.jpg,19.498767348691622,0.838004968571758,351.35295964451143,559.6694848109717
vid_000252_frame0000015.jpg,19.549040370781384,0.8378725732496776,344.8003919199064,574.0289902527304
vid_000252_frame0000016.jpg,19.721113132614676,0.8390831055515126,332.6723463685703,550.9338556893483
vid_000252_frame0000017.jpg,19.706200886314306,0.8281438687324547,327.5688312165423,571.6506046829143
vid_000252_frame0000018.jpg,19.695778671411002,0.8248018410964267,321.3207424772694,563.8644026800525
vid_000252_frame0000019.jpg,19.883336172941352,0.8458148024140674,302.3544449004828,497.7741738208408
vid_000252_frame0000020.jpg,19.63201868938637,0.8418240708612438,288.38308233480325,511.79464406043616
vid_000252_frame0000021.jpg,19.7326452596122,0.8435870269874437,272.69613820673345,502.7144305021051
vid_000252_frame0000022.jpg,19.922696441331148,0.8575747829408659,248.05179865187534,442.93755383329034
vid_000252_frame0000023.jpg,20.367374625767948,0.8601676232111978,211.2803958629184,359.33454734333577
vid_000252_frame0000024.jpg,21.23353753289232,0.888728599104499,198.92616490930385,330.5608041853314
vid_000252_frame0000025.jpg,20.906026641344333,0.8855903735702091,214.3712150173285,353.9518599284147
vid_000252_frame0000026.jpg,20.330098869415835,0.8864607638235404,235.34116926026925,371.49594719332714
vid_000252_frame0000027.jpg,19.725341016937136,0.8862480523018759,259.8209536958543,394.02267402017594
vid_000252_frame0000028.jpg,19.14840140312004,0.8751481630461558,275.5301668975626,407.67256548530327
vid_000252_frame0000029.jpg,18.844282071510612,0.8685285962134764,279.4230352227582,401.1007819637733
vid_000252_frame0000030.jpg,18.94953312087314,0.870708031652455,285.4009557195736,411.44804305946195
vid_000253_frame0000001.jpg,14.063918408775358,0.7646098313583326,284.2849944389592,334.2682052188798
vid_000253_frame0000002.jpg,14.133383052896882,0.8017218560290642,281.9338948761798,307.0280006389623
vid_000253_frame0000003.jpg,14.247107448238248,0.7951626832638126,277.75889543630944,323.9379865116649
vid_000253_frame0000005.jpg,15.208184970420929,0.8398234657984499,306.4231086077448,253.0182427840095
vid_000253_frame0000006.jpg,15.75507629847802,0.8507577376453827,327.42196973055354,269.43092423852244
vid_000253_frame0000007.jpg,15.935425111744838,0.8552911233696093,333.40403326210054,294.44123987792085
vid_000253_frame0000008.jpg,16.18609002185376,0.8589542412499167,343.1180336370464,299.75954538090457
vid_000253_frame0000009.jpg,16.34205512940476,0.8488846667894315,358.8036157973009,313.75350284726113
vid_000253_frame0000010.jpg,16.916557836482507,0.8428067045872409,384.6734340457106,319.6880622979948
vid_000253_frame0000011.jpg,17.25870642357786,0.8527184774684834,378.7294926719329,309.42705478943174
vid_000253_frame0000012.jpg,17.317319124342948,0.8511281243660432,386.7361925733779,306.534401515014
vid_000253_frame0000013.jpg,17.61929893728496,0.8654517912670904,399.6471739975111,325.3495049456127
vid_000253_frame0000014.jpg,19.147342467450915,0.8710521099887609,416.2808430944628,369.26936662318286
vid_000253_frame0000015.jpg,19.691915167707528,0.8950293171946305,413.7279390424977,298.2062891718237
vid_000253_frame0000016.jpg,17.03992600939213,0.8913859223990718,298.3927613290854,248.05896729928236
vid_000254_frame0000001.jpg,21.961007962728083,0.8741972843294427,317.8578979076739,378.4775522512978
vid_000254_frame0000002.jpg,21.76495215985099,0.8869615115270929,313.8506968551414,380.81220565267347
vid_000254_frame0000003.jpg,21.916892970269977,0.8874630612674731,313.7073791945927,373.2128778583891
vid_000254_frame0000004.jpg,22.019532091583955,0.887139000301012,312.5978158705173,370.8864002771766
vid_000254_frame0000005.jpg,21.753881396131895,0.8851537762817342,310.3730387589184,373.24882160421544
vid_000254_frame0000006.jpg,20.138253457648396,0.7231734893841409,331.6325527884306,621.662660666336
vid_000254_frame0000007.jpg,22.62942254497551,0.8862985350422062,313.52695711060744,360.83155300210547
vid_000254_frame0000008.jpg,21.7688925656323,0.8160812310128626,310.97965015224906,402.61693662956645
vid_000254_frame0000009.jpg,20.15126346697043,0.7062388678685259,318.9386979757249,576.1392608161142
vid_000254_frame0000010.jpg,19.76752171178203,0.6919556015827902,317.5268813803131,570.9433223289305
vid_000254_frame0000011.jpg,21.035044587824665,0.8016979766402713,279.6264215250587,377.4124590953517
vid_000254_frame0000012.jpg,20.96590461446262,0.7318073782954168,292.4150047760141,486.51179139676276
vid_000254_frame0000013.jpg,20.247806355450265,0.771862030725239,270.3601376759603,424.8931799875033
vid_000254_frame0000014.jpg,21.29308773585462,0.8453039363007623,290.22454037222525,395.3753846800816
vid_000254_frame0000017.jpg,21.526558559190406,0.7532026145441361,288.89986059466366,514.8012584727828
vid_000254_frame0000018.jpg,21.065305299197817,0.7422656857233808,324.50249318712343,596.743747205033
vid_000254_frame0000019.jpg,20.977240978843568,0.7247681389086251,321.26548253456565,549.2238478259482
vid_000254_frame0000020.jpg,22.07832011665304,0.7658308117280278,314.6532305032394,466.07337178426144
vid_000255_frame0000006.jpg,20.1035530222995,0.7744335445701968,421.0274502713777,606.4547459200169
vid_000255_frame0000007.jpg,20.296137592405547,0.7995295774284967,415.98835114889346,576.4424955569627
vid_000255_frame0000008.jpg,20.064319367888764,0.7819847210090062,421.1328799731567,602.7116790307393
vid_000255_frame0000009.jpg,20.4854078291675,0.8195856237229986,405.48556366269395,545.6004588498997
vid_000255_frame0000010.jpg,20.246391705300834,0.792678630852557,414.68563655374476,585.0793370617334
vid_000255_frame0000011.jpg,20.096766174620576,0.7833947037112026,416.7889953218702,594.727351608486
vid_000255_frame0000012.jpg,20.038885641285262,0.7863628455332735,418.74570458624476,595.6893334755862
vid_000255_frame0000013.jpg,20.32433965942395,0.7948546812029621,416.9287537593607,575.838646452717
vid_000255_frame0000014.jpg,20.05925059886247,0.7714329221979912,426.11216629959733,618.3935622989752
vid_000255_frame0000015.jpg,20.0940125356821,0.7881810580458847,418.70997108986046,602.739833229563
vid_000255_frame0000016.jpg,20.220258975823093,0.7914774205865264,409.72280376619335,610.9904118050074
vid_000255_frame0000017.jpg,20.098534041967685,0.778751397719199,416.6348729788316,626.2087605625616
vid_000255_frame0000018.jpg,20.016059003510062,0.779308447690998,415.2720338437855,626.2052164070942
vid_000255_frame0000019.jpg,20.24762188978949,0.8038187539653628,413.9927884219953,579.6136478110847
vid_000255_frame0000020.jpg,20.195401840750556,0.7796192443107515,423.2496751410507,616.7012629096557
vid_000255_frame0000021.jpg,20.261695486545193,0.7940618521056925,415.8652131343259,593.6908335754199
vid_000255_frame0000022.jpg,20.12057566933025,0.7836037593769406,421.9380489252994,594.8186123350943
vid_000255_frame0000023.jpg,20.269422898390754,0.7876663073665912,417.34053357265503,596.3257483932239
vid_000255_frame0000024.jpg,20.34064627409701,0.7953063173140443,415.1464035850004,597.7138695603588
vid_000255_frame0000025.jpg,20.186934232339496,0.7877044852554985,415.1945448097189,602.1164742634567
vid_000255_frame0000026.jpg,20.132597016520947,0.7737911805173079,419.6248075058877,614.0242309267511
vid_000255_frame0000027.jpg,20.23280746752772,0.781981197039265,420.58313031918055,612.2700554787482
vid_000255_frame0000028.jpg,20.15754389246606,0.7743637765970329,421.00276675452585,626.4797751206584
vid_000255_frame0000029.jpg,20.561657216621366,0.8124690835096874,408.4038042692583,570.3554216428013
vid_000255_frame0000030.jpg,20.100388119480527,0.7791154822123086,417.2654898396869,612.581127428862
vid_000255_frame0000031.jpg,20.00698663607102,0.763169687148788,423.1218305287833,643.1382510922367
vid_000255_frame0000032.jpg,20.26762087365654,0.7888207074696733,418.3154388983772,603.4950352300899
vid_000255_frame0000033.jpg,20.217228103525958,0.7824933619802543,429.3668120245634,623.5172969420566
vid_000255_frame0000034.jpg,20.52673703532045,0.8017727044873277,424.56312453876853,597.3934718757937
vid_000255_frame0000035.jpg,20.27706683038428,0.7874788971812007,426.94873249658104,617.8753680861055
vid_000255_frame0000036.jpg,20.313692969483114,0.7878820643681114,427.13082084014076,629.4691642373867
vid_000255_frame0000037.jpg,20.241642458559355,0.7866994128815996,430.78226859551,625.556535726573
vid_000255_frame0000038.jpg,20.271155826733303,0.7872517326442531,435.9807057852694,634.1603814380866
vid_000255_frame0000039.jpg,20.33534338501754,0.8097411437312378,438.7857965397736,606.0488671348469
vid_000255_frame0000040.jpg,20.225961232119964,0.8163008996535694,484.3849271685309,643.8666991936408
vid_000255_frame0000041.jpg,20.12136896025387,0.8234889304742645,507.18772190594893,655.9729928915286
vid_000255_frame0000042.jpg,19.996826293289153,0.817687027271161,537.8904063185246,688.7634629364643
vid_000255_frame0000043.jpg,20.00050454020238,0.8161273569992903,542.4550770268797,676.4497696402275
vid_000255_frame0000044.jpg,19.75518594155616,0.8178058755146872,518.7692393999291,654.0357677322721
vid_000255_frame0000045.jpg,19.54845864681262,0.8122966396412533,513.1479388270579,661.1399323801495
vid_000255_frame0000046.jpg,19.537508439269587,0.8087026324924363,487.9179889723138,659.7426695144865
vid_000255_frame0000047.jpg,19.68632279959239,0.8083487424848096,488.2904274898707,645.4280026391332
vid_000255_frame0000048.jpg,19.66808887732974,0.8059954685069934,475.6329450889315,638.7948901685771
vid_000255_frame0000049.jpg,19.728553535421216,0.8190425796599753,472.4677231581686,611.3698763648555
vid_000255_frame0000050.jpg,19.659275351855058,0.8053803831172989,471.9435067699666,633.285142223009
vid_000255_frame0000051.jpg,19.62575448795251,0.8091226901685173,473.3772058054991,627.9054544038166
vid_000255_frame0000052.jpg,19.60779815420515,0.8071172420190001,482.97295076226766,631.7454656626956
vid_000255_frame0000053.jpg,19.512795804289148,0.7879257498000553,498.26839941167935,641.204176669358
vid_000255_frame0000054.jpg,19.4524905705204,0.7875909700688202,485.63369152767933,642.7659163750052
vid_000255_frame0000055.jpg,19.62214228752129,0.7948821152358581,470.7749564707533,615.5028963480542
vid_000255_frame0000056.jpg,19.77172387137366,0.8004214606359351,461.3318269100712,623.4330920970392
vid_000255_frame0000057.jpg,19.731555920073156,0.8054060488186651,458.12519973536604,616.7034348753095
vid_000255_frame0000058.jpg,19.780176208125035,0.8046404202059337,460.0958825955445,622.6803917576391
vid_000255_frame0000059.jpg,19.906432258156876,0.8190012907469163,453.23900333810593,593.9953020551833
vid_000255_frame0000060.jpg,19.89392195989233,0.8023411786555673,458.60782694579535,621.4319497970191
vid_000255_frame0000061.jpg,19.789048660876798,0.7919145536951753,465.6013929040886,645.3694893098639
vid_000255_frame0000062.jpg,19.721628619067406,0.7915792951620629,464.34460451583755,638.7738725440915
vid_000255_frame0000063.jpg,19.76967073420368,0.8046366999286098,455.55569878635947,627.1386989707112
vid_000255_frame0000064.jpg,19.727366232599465,0.8088144883706373,455.9901019230732,612.8716904862597
vid_000255_frame0000065.jpg,19.635056516368174,0.7951992782136116,466.28600430367135,632.042302128054
vid_000255_frame0000066.jpg,19.80769131680471,0.7999181490803803,454.0662215908816,618.1851290435372
vid_000255_frame0000067.jpg,19.688389879142655,0.7981772724641839,459.17311595371245,625.881762373128
vid_000255_frame0000068.jpg,19.73804945776464,0.8026255114342785,453.1744405372059,621.6071358259803
vid_000255_frame0000069.jpg,20.014378443342565,0.8296049501294807,454.4698887173829,586.1860944563875
vid_000255_frame0000070.jpg,19.82051927870872,0.8208411949819582,441.32354272010275,605.0357027162893
vid_000255_frame0000071.jpg,19.696626227662282,0.817262581329067,441.86112663543213,606.5161967479504
vid_000255_frame0000072.jpg,19.693991683364537,0.8251706978144977,449.53833751813397,600.258874883603
vid_000255_frame0000073.jpg,19.65576401051365,0.8208730908400459,429.37936337993,601.6572444649038
vid_000255_frame0000074.jpg,19.597431680791903,0.8057639246945633,437.0633130430733,616.9538850880111
vid_000255_frame0000075.jpg,19.714074521675013,0.8143734750419983,431.4573884660479,597.3272779505063
vid_000255_frame0000076.jpg,19.618629403947764,0.8035597549445042,449.71059429854495,622.9269909483455
vid_000255_frame0000077.jpg,19.46183399141479,0.7871438314335161,460.71801188425894,647.131001705016
vid_000255_frame0000078.jpg,19.599941045174933,0.8079820664614438,450.5881589757528,598.8033025154239
vid_000255_frame0000079.jpg,19.484075296642352,0.8025740863205081,459.2829705878936,617.6841350123486
vid_000255_frame0000080.jpg,19.536657522956407,0.8005528257392028,451.1276583866497,616.9171705899802
vid_000255_frame0000081.jpg,19.45029929241448,0.7823780245731928,456.28755302260697,655.9993048514934
vid_000255_frame0000082.jpg,19.616353451953213,0.8031334783289782,453.77053566848724,629.5390302305086
vid_000255_frame0000083.jpg,19.347724350549154,0.7836686275094857,464.6996604761895,675.2686866006729
vid_000255_frame0000084.jpg,19.519337775681223,0.8049857260740162,453.06092635754226,637.2746844491476
vid_000255_frame0000085.jpg,19.443378442774918,0.7912865764442483,456.3591214719737,640.4680640591055
vid_000255_frame0000086.jpg,19.436600820537667,0.8007518599348188,451.1745703588328,630.7404952774558
vid_000255_frame0000087.jpg,19.559195599303308,0.7974348364864304,453.28289885041886,638.0465444895827
vid_000255_frame0000088.jpg,19.593085052539237,0.8042360141001937,451.5315906889383,623.2623395770497
vid_000255_frame0000089.jpg,19.425372258096335,0.7946405235605702,451.94141545362794,623.7300958934908
vid_000255_frame0000090.jpg,19.520638661143778,0.7972599271259205,452.88028089142585,632.646956288747
vid_000255_frame0000091.jpg,19.486719792819905,0.7935786605173956,454.2094341645359,632.4870306510553
vid_000255_frame0000092.jpg,19.5096500054685,0.8026227920912413,454.64554886955864,616.4056481127993
vid_000255_frame0000093.jpg,19.437754475099723,0.7876602616157552,454.4027053161294,630.2953581392699
vid_000255_frame0000094.jpg,19.586772248170654,0.802509468129084,448.4728003386796,599.1741073264301
vid_000255_frame0000095.jpg,19.511071155664276,0.7987622508097995,452.4152448469023,615.6026610408859
vid_000255_frame0000096.jpg,19.52680496236024,0.8022261958989317,449.2556171063395,619.0465758101295
vid_000255_frame0000097.jpg,19.627543765383315,0.8050888639434156,450.9668942306653,609.8402195850239
vid_000256_frame0000006.jpg,13.519263433663827,0.7902269188320917,302.9199218359443,425.0423845763158
vid_000256_frame0000007.jpg,13.51962847354179,0.7450639307740197,273.99611711491883,441.285124936253
vid_000256_frame0000008.jpg,13.575042736824575,0.7580920228781284,271.68715070053423,438.8996395547552
vid_000256_frame0000009.jpg,13.47152037799087,0.7451887807901875,270.0087738433536,483.6125375962001
vid_000256_frame0000010.jpg,13.156376895152253,0.7078906086938467,271.673862808367,560.8951513302991
vid_000256_frame0000011.jpg,13.011620172380614,0.7117128522346334,271.71821051615666,573.3015606373616
vid_000256_frame0000012.jpg,13.068899095898308,0.7159848459003331,274.89663722537136,562.9995509066346
vid_000256_frame0000013.jpg,13.160368668748923,0.7056875311204657,270.7717150732106,582.3212287518807
vid_000256_frame0000014.jpg,12.94264928973309,0.7130959438523193,276.3834264281105,585.5517268636222
vid_000256_frame0000015.jpg,12.96703659280335,0.7212010694275582,282.2265816987296,568.3768047018671
vid_000256_frame0000016.jpg,13.01827122700982,0.7127801742598744,277.32205420832616,548.5013511207636
vid_000256_frame0000017.jpg,13.047449096647902,0.7242621966448987,273.2329084364775,497.5212078451831
vid_000256_frame0000018.jpg,13.049433888172015,0.7361737631584683,275.39899030964085,475.5166606075436
vid_000256_frame0000019.jpg,13.148384912284206,0.7784715049788092,282.8371881984031,369.3685441184695
vid_000256_frame0000020.jpg,13.009224655334354,0.7661745747058926,295.94142740376344,384.64252225324765
vid_000256_frame0000021.jpg,13.073733806446606,0.761398316242864,279.2212258961084,420.02128822577674
vid_000256_frame0000022.jpg,13.214079805261722,0.7811557579557245,271.6086344792482,408.52661311129594
vid_000256_frame0000023.jpg,13.662240824759506,0.7961638426405013,275.4529936522143,445.93438566708016
vid_000256_frame0000024.jpg,13.969473166056105,0.7772735210408532,287.36839505069827,421.7831519836259
vid_000256_frame0000025.jpg,14.03435978780897,0.7500296709446742,287.03461012360185,421.626243371641
vid_000256_frame0000026.jpg,14.177043479685466,0.7776210613020118,274.00340927586063,351.24488040067615
vid_000256_frame0000027.jpg,14.2883024648734,0.7875895687395104,275.24806207286304,324.89679916861644
vid_000256_frame0000028.jpg,14.269137131316379,0.7863632523389756,298.7188018926405,329.82736483531056
vid_000256_frame0000029.jpg,14.315731482669971,0.8122484691514762,287.6078058787324,302.0841366202348
vid_000256_frame0000030.jpg,14.351224384047981,0.7936919744773047,289.75331041457514,304.6876459517572
vid_000256_frame0000031.jpg,14.83313344268142,0.8087970124630188,278.2329863328509,315.2615440857798
vid_000256_frame0000032.jpg,15.208421743335347,0.8085360946139631,276.09522245220376,293.88043183605936
vid_000256_frame0000033.jpg,15.41038650753131,0.8107592015410526,285.6062502690286,301.7693870119555
vid_000256_frame0000034.jpg,15.218539687266507,0.8054231245706948,293.1009700723123,326.17507473309024
vid_000256_frame0000035.jpg,15.204384436500199,0.8054518762309658,285.47084784100565,319.41622421524994
vid_000256_frame0000036.jpg,15.155650009279274,0.8114712509394266,272.64978047885717,308.5234131666439
vid_000257_frame0000004.jpg,19.97368751790882,0.8244681765653081,395.59666816003414,525.4556554803995
vid_000257_frame0000005.jpg,20.084604375754044,0.8219536938902422,394.42147420146307,509.6938986968126
vid_000257_frame0000006.jpg,20.11745075906635,0.8209579085226002,394.7479400000771,537.7600809666479
vid_000257_frame0000007.jpg,19.967942296315673,0.8168251355440085,395.1659922552255,547.4516067213542
vid_000257_frame0000008.jpg,20.151835736456555,0.8303438310976441,390.3846019078014,520.0435520105691
vid_000257_frame0000009.jpg,20.46649043274563,0.8519043794281892,385.5494476948337,517.2565203516556
vid_000257_frame0000010.jpg,20.15683209805075,0.8345171038390603,395.2544712157113,526.8324119302795
vid_000257_frame0000011.jpg,20.182434287487574,0.8251467700360532,395.689327994377,546.8386083325545
vid_000257_frame0000012.jpg,20.217878218649787,0.8156694352395603,399.5872461883123,562.8467184863041
vid_000257_frame0000013.jpg,20.272001591616636,0.8300040178253774,390.3121266319919,542.4292626919755
vid_000257_frame0000014.jpg,20.37189221462647,0.8255513297715603,400.7008101593416,557.1614250295531
vid_000257_frame0000015.jpg,20.219414282924156,0.8213606347667303,397.4755915471628,572.2359907674482
vid_000257_frame0000016.jpg,20.428931143391008,0.8280287261007162,398.73344448281784,553.5887697892451
vid_000257_frame0000017.jpg,20.471117189117503,0.8336005194158725,392.017598327386,549.7620043463453
vid_000257_frame0000018.jpg,20.63482018760911,0.8359736352731243,388.8514197150213,537.7738502467271
vid_000257_frame0000019.jpg,20.586920933022128,0.8483831919276442,381.7796830079068,511.92797021992135
vid_000257_frame0000020.jpg,20.611583960680136,0.8396998577352127,381.6184248127446,531.2508981051195
vid_000257_frame0000021.jpg,20.446341260678224,0.8334574357241493,378.9389623391339,522.6980844056761
vid_000258_frame0000001.jpg,17.364586460537556,0.7796375857494583,391.5992359136759,555.5803944531642
vid_000258_frame0000002.jpg,17.43564497391376,0.8180117010568146,382.52464782617585,523.068579555732
vid_000258_frame0000003.jpg,17.326477785136348,0.8182215206451516,383.33155927191973,535.1940433758302
vid_000258_frame0000004.jpg,17.278945275862515,0.8109279916960914,381.8577260358705,538.3626011785977
vid_000258_frame0000005.jpg,17.28543738000196,0.816333806003333,383.2921602401545,522.5078160273075
vid_000258_frame0000006.jpg,17.188360863511704,0.8017570076476191,389.84488923954666,558.140677614506
vid_000258_frame0000007.jpg,17.245392631746807,0.8172246607181043,378.6793140659154,528.6309276595143
vid_000258_frame0000008.jpg,17.19175471629762,0.8137059702528778,383.9506726799485,541.1836476132751
vid_000258_frame0000009.jpg,17.36894787628139,0.8287283617874629,376.7465197228026,514.7351451508249
vid_000258_frame0000010.jpg,17.305813106103646,0.8132282831772731,393.8889502071594,545.6058782786092
vid_000258_frame0000011.jpg,17.438961918224965,0.8166791792328012,390.327212033596,524.5793232398064
vid_000258_frame0000012.jpg,17.34739930044799,0.8156816076127064,391.75706659579083,535.583951687885
vid_000258_frame0000013.jpg,17.465444416599535,0.8208552205882459,395.09891472634683,531.3946024854131
vid_000258_frame0000014.jpg,17.43556572365016,0.8188961599851501,393.6008448010666,531.7847631944277
vid_000258_frame0000015.jpg,17.443563409856957,0.8150599224431575,403.7084035473918,531.1540929164139
vid_000258_frame0000016.jpg,17.435837708994704,0.8161903502137914,395.405960846211,547.9180969918194
vid_000258_frame0000017.jpg,17.404875599444384,0.813251431365018,411.71242757110406,564.2971649413257
vid_000258_frame0000018.jpg,17.18495309866705,0.8135948437986377,388.6127704785094,506.5607866543347
vid_000258_frame0000019.jpg,17.217235412708526,0.8276441519524305,382.503974791343,514.2907225278072
vid_000258_frame0000020.jpg,17.036759231585823,0.8010438579176707,391.0430798666283,561.9087938857713
vid_000258_frame0000021.jpg,17.152124365957462,0.7983934148937859,393.71229751087003,545.0427261554628
vid_000259_frame0000001.jpg,19.743537496144697,0.723430812496432,448.7113618123344,698.347340620734
vid_000259_frame0000002.jpg,20.260502664405145,0.7970291971327734,423.90118824469016,576.4761489610737
vid_000259_frame0000003.jpg,19.824941770065802,0.77872771232785,445.5114007583762,639.7562433251514
vid_000259_frame0000004.jpg,19.98029150837181,0.8032361182532739,443.27065870345325,588.6803213663394
vid_000259_frame0000005.jpg,19.923746665967844,0.7978493139184922,446.27047446205376,608.7843557741552
vid_000259_frame0000006.jpg,19.812623173023432,0.7736875950377099,451.7558563146257,643.861775757016
vid_000259_frame0000007.jpg,19.896507742415558,0.7908150169627669,447.4960089995592,603.2530993006046
vid_000259_frame0000008.jpg,20.112479706954673,0.8103926387339385,441.6405612778061,570.082038407131
vid_000259_frame0000009.jpg,20.109473342443152,0.825726297570653,436.25870225347353,556.2766401258873
vid_000259_frame0000010.jpg,19.758488488368037,0.7768556883932239,451.145995815269,625.51234023769
vid_000259_frame0000011.jpg,19.996598167755298,0.8063345385021932,441.48367810059835,593.4445263045727
vid_000259_frame0000012.jpg,19.912092551748025,0.8030782147241343,447.2203447612395,593.0296811257376
vid_000259_frame0000013.jpg,19.93950705758879,0.806484332595725,441.60073588345335,575.4221308876978
vid_000259_frame0000014.jpg,19.665095946267535,0.7769924997082663,467.0759250302934,632.698748657989
vid_000259_frame0000015.jpg,19.8467164228823,0.8017372072013265,466.35062763202905,592.7260858762526
vid_000259_frame0000016.jpg,19.52623160378796,0.7707638898786398,487.644442268459,656.4980513763708
vid_000259_frame0000017.jpg,19.683342852905337,0.7936953742574326,479.62432629172883,621.6408619266691
vid_000260_frame0000001.jpg,19.058840142892528,0.6265465968808216,670.6748404686207,540.3265548835545
vid_000260_frame0000002.jpg,19.206631344472825,0.6437496864077973,667.7274936156832,538.5162469317697
vid_000260_frame0000003.jpg,19.18085327246176,0.6432565622113552,666.7155487910779,533.6812282418651
vid_000260_frame0000004.jpg,19.103504213856837,0.6426091282634941,674.5967445773127,545.5660926844964
vid_000260_frame0000005.jpg,19.173042548400076,0.6469060834019098,662.1044224908819,544.9247359554256
vid_000260_frame0000006.jpg,19.033888719934264,0.6469099332697302,662.7210939021293,551.8669276474648
vid_000260_frame0000007.jpg,19.11780098878608,0.6511899076832998,639.0308491091787,558.7285825625925
vid_000260_frame0000008.jpg,18.904274727155137,0.6453300254946409,656.7688911970299,584.0662934278381
vid_000260_frame0000009.jpg,18.67836595650153,0.6445412990942764,643.6876264288062,578.9758174159062
vid_000260_frame0000010.jpg,18.876266643516576,0.6435104794683048,636.321957639094,585.9912843380686
vid_000260_frame0000011.jpg,18.884314840033717,0.6452934872523232,644.059194872948,575.4486489675235
vid_000260_frame0000012.jpg,18.924862002529174,0.6406959318951689,665.5016607598138,582.4016770107796
vid_000260_frame0000013.jpg,19.05543875733199,0.6437635053767851,647.3546171343883,575.8758561977193
vid_000260_frame0000014.jpg,18.9353137806642,0.6393331097795021,661.3553525219784,583.7691777696247
vid_000260_frame0000015.jpg,18.8547274402019,0.6428381547447146,661.3979518172684,573.9746949353435
vid_000260_frame0000016.jpg,18.880646925781907,0.6438691729576439,665.8273817762163,575.2269211409846
vid_000260_frame0000017.jpg,18.91064012745708,0.6423744122200792,656.7607363152281,561.3483490047327
vid_000260_frame0000018.jpg,18.81662460205437,0.6388058313420873,670.7300425858424,572.4419943368222
vid_000260_frame0000019.jpg,18.995871740245146,0.6463367534526049,650.8813977027268,558.2686680053394
vid_000260_frame0000020.jpg,18.948681894415834,0.6420959280256078,659.8262829881318,558.3934472082501
vid_000260_frame0000021.jpg,18.94382591018128,0.643441771375829,669.8225636741142,564.5754762063295
vid_000260_frame0000022.jpg,18.910392987610734,0.6419690854146507,677.1574763369681,573.9654899177563
vid_000260_frame0000023.jpg,19.03379120200138,0.6456914240848964,664.9951129512872,564.2337318516117
vid_000260_frame0000024.jpg,19.112742825868754,0.6396680946465306,675.6710081105709,566.1634744838971
vid_000260_frame0000025.jpg,19.14540724441514,0.6441509498397805,663.3543680221823,542.680758758212
vid_000260_frame0000026.jpg,19.18993576723843,0.6444132401668928,664.1612941542755,539.7549105818466
vid_000260_frame0000027.jpg,19.27028487508133,0.643458757884229,667.3448013612924,537.8361531812905
vid_000260_frame0000028.jpg,19.070350756984226,0.6363571944764942,675.0911819673299,546.6635795602629
vid_000260_frame0000029.jpg,19.175155330831203,0.6435510237620847,651.3182434078806,539.277072067907
vid_000260_frame0000030.jpg,19.11863164574186,0.6375621459135777,674.7879861490969,551.5793715293022
vid_000260_frame0000031.jpg,19.18877883933977,0.6423670130172833,658.9722913869589,540.4717726645747
vid_000260_frame0000032.jpg,19.194879929855155,0.6417826436038742,670.5553458210318,546.5378630770854
vid_000260_frame0000033.jpg,19.269862292472865,0.6415603648039412,664.1338433993328,538.0052103554641
vid_000260_frame0000034.jpg,19.181806600142842,0.6390197055546035,667.0326071733543,543.3246455467179
vid_000260_frame0000035.jpg,19.291243971197662,0.6399590952037935,666.7744196342987,541.8491328011077
vid_000260_frame0000036.jpg,19.275478735361038,0.6402751522982452,685.1416588770459,548.1355241581643
vid_000260_frame0000037.jpg,19.39537904809786,0.6412333685021467,675.8971579702295,540.6528529530902
vid_000260_frame0000038.jpg,19.28979952539478,0.6397349128419526,692.8921740703154,546.2342103231944
vid_000260_frame0000039.jpg,19.26129541574932,0.6389293501161518,669.2547019230362,535.6595221349287
vid_000260_frame0000040.jpg,19.36081101751721,0.6398712868003825,681.8032844515463,540.3613527375321
vid_000260_frame0000041.jpg,19.375278385212408,0.6398690545918077,691.0616632286508,540.2052434596526
vid_000260_frame0000042.jpg,19.384326705216218,0.6394288789020209,694.8759122122827,544.9595735171652
vid_000260_frame0000043.jpg,19.37555199798362,0.6421460502717035,678.5016939929703,541.8660259163478
vid_000260_frame0000044.jpg,19.351580578188887,0.6412182032817998,693.2867823302674,550.6960079048572
vid_000260_frame0000045.jpg,19.244552093457173,0.6376443633694001,657.4046633650561,535.8735772275603
vid_000260_frame0000046.jpg,19.341913099972615,0.6406865467030679,668.7645113155511,545.0752855530178
vid_000260_frame0000047.jpg,19.236136511070676,0.6384833866064882,653.7296692978874,537.2094043630823
vid_000260_frame0000048.jpg,19.276330761296123,0.6399567177866997,653.3570718087301,543.9404017121335
vid_000260_frame0000049.jpg,19.21605654726015,0.6384226022734079,630.2620031687607,540.9711157350349
vid_000260_frame0000050.jpg,19.260228023852598,0.6410350836171879,639.0889907694136,542.4731334806178
vid_000260_frame0000051.jpg,19.28265960427567,0.639299191117647,639.1526871466556,537.4987964067382
vid_000260_frame0000052.jpg,19.193715242493543,0.641877148507129,656.5281419715086,548.4172536194001
vid_000260_frame0000053.jpg,19.23184834741923,0.6418998338140133,629.3779959472641,544.6296324401623
vid_000260_frame0000054.jpg,19.275759326791643,0.6413755233096975,639.5962367098481,565.2512246952296
vid_000260_frame0000055.jpg,19.327961096669775,0.6403372525184965,632.3453284987087,569.1921691931675
vid_000260_frame0000056.jpg,19.1886353592595,0.6385631818223662,645.7438490584767,576.777227343489
vid_000260_frame0000057.jpg,19.27307961855068,0.6368881898936904,620.2111683909951,564.6253538757235
vid_000260_frame0000058.jpg,19.160158552126305,0.6369815210633832,623.099128843053,572.0837539966702
vid_000260_frame0000059.jpg,19.277649385842178,0.6392865614554867,641.2731823742997,568.3878820344244
vid_000260_frame0000060.jpg,19.24724246177094,0.6331164426852433,645.3743234888561,594.4781631593861
vid_000260_frame0000061.jpg,19.334712691868752,0.6352102723595687,640.9664917249876,599.4998496431505
vid_000260_frame0000062.jpg,19.340000936327325,0.6357338948728414,647.9570808585887,606.3288899081127
vid_000260_frame0000063.jpg,19.167109198614515,0.6348048686816278,639.4064223026078,596.9800642471963
vid_000260_frame0000064.jpg,19.17588342843854,0.6376995308873491,651.4456488102492,590.1530862675155
vid_000260_frame0000065.jpg,19.217475776501033,0.641199803226318,660.2859409669794,578.5521816512094
vid_000260_frame0000066.jpg,19.167914269967596,0.6440262153657634,658.4564429742047,574.3205657090787
vid_000260_frame0000067.jpg,18.917388812757768,0.6339649932315147,647.8583537331241,575.985242318656
vid_000260_frame0000068.jpg,19.039046861520333,0.6357432483122942,653.4035228130065,585.0334077569426
vid_000260_frame0000069.jpg,19.065997282017044,0.6336967686491355,617.5372390017347,579.0703587228403
vid_000260_frame0000070.jpg,18.86234680739624,0.6353896794581768,652.8230928959431,575.0352017018384
vid_000260_frame0000071.jpg,19.171550058964865,0.6333382612301611,646.7023450395021,549.4141262830348
vid_000260_frame0000072.jpg,19.340760358775235,0.6428224400570097,665.7643941271667,551.5979029639318
vid_000260_frame0000073.jpg,19.160752580207816,0.6392355838485294,661.6922643733653,549.0214903981808
vid_000260_frame0000074.jpg,19.173763623940552,0.6429909214526724,658.7795583451128,550.5755636254294
vid_000260_frame0000075.jpg,19.141789946542374,0.6422480057626418,651.378186315279,547.6379977217342
vid_000260_frame0000076.jpg,19.2504858265884,0.6450417564500389,658.0194290245689,547.8845053232154
vid_000260_frame0000077.jpg,19.333151838105135,0.6414753294126629,640.6184585493736,533.9645603778246
vid_000260_frame0000078.jpg,19.323399563456533,0.6426722263538003,650.7797658351103,542.2834247799274
vid_000260_frame0000079.jpg,19.158442348213683,0.6383643618147318,641.7912539270098,533.7413676465786
vid_000260_frame0000080.jpg,19.228834730419567,0.6427436013804076,666.5839088168077,541.5423109967599
vid_000261_frame0000011.jpg,19.518228122870838,0.8278385964657852,267.6716275028339,384.56594362562043
vid_000261_frame0000012.jpg,19.575096574288857,0.8149350521679523,279.4933690765392,405.3777670840809
vid_000261_frame0000013.jpg,19.586277441080547,0.8280328679908314,273.06320295844364,386.9151799498919
vid_000261_frame0000014.jpg,19.564292982004737,0.8196929643322425,269.5881456634322,397.72102506327286
vid_000261_frame0000015.jpg,19.543394812062203,0.8285347742649791,259.7957143727129,380.7748993732133
vid_000261_frame0000016.jpg,19.429291722779602,0.8207295429737571,261.7765202722515,392.3093191796115
vid_000261_frame0000017.jpg,19.60617864047738,0.8265977095295699,261.23078900930875,380.5941669339553
vid_000261_frame0000018.jpg,19.532903067612143,0.81938741985805,268.4755600104308,400.41761380817024
vid_000261_frame0000019.jpg,19.61583370570184,0.8356685553165025,256.90538285329956,368.50742288381196
vid_000261_frame0000020.jpg,19.625969580298314,0.8212791811349381,262.8491516295927,388.74247024911097
vid_000261_frame0000021.jpg,19.589595959770843,0.8278966633041319,266.05650962015983,388.0820229460479
vid_000261_frame0000022.jpg,19.512922590712055,0.8220200761230504,263.8692222754548,397.3539051870044
vid_000261_frame0000023.jpg,19.58693975411508,0.8321371053242382,251.07231438337675,372.40373624444
vid_000261_frame0000024.jpg,19.579332174982632,0.8235677016889745,255.01194342733294,381.0316645068734
vid_000261_frame0000025.jpg,19.575278713661817,0.8429004282509904,249.96606236518926,359.02847280378603
vid_000261_frame0000026.jpg,19.626083803309836,0.8296386086346011,254.23631709120127,371.6245372321041
vid_000261_frame0000027.jpg,19.728145295012066,0.8363216459384617,259.7176522998766,363.02930069585017
vid_000262_frame0000001.jpg,19.21625009228213,0.6351339646136073,602.4499211683725,559.7334642108053
vid_000262_frame0000002.jpg,19.226621302945475,0.6497541134869441,596.7601823385612,552.4033861147666
vid_000262_frame0000003.jpg,19.525061160948788,0.6540270096050163,604.323577626925,562.5537299221659
vid_000262_frame0000004.jpg,19.869231529658773,0.6655352843714861,578.6776283340553,544.9464825381074
vid_000262_frame0000005.jpg,20.119664825982895,0.6300514726222638,567.3616990951152,583.4689683437575
vid_000262_frame0000006.jpg,20.06628072183792,0.6139373976580297,577.143069564818,613.7399657109896
vid_000262_frame0000007.jpg,20.656802368102372,0.6413728361067687,581.1957660279807,567.6866035645849
vid_000262_frame0000008.jpg,20.99771035229582,0.6403327987887186,562.0812072667723,564.9442411876362
vid_000262_frame0000009.jpg,20.721973233627075,0.6142916284256631,567.1732356714368,626.5905357748609
vid_000262_frame0000010.jpg,20.614972774198552,0.6056848766881976,566.3869400863747,637.9320154973053
vid_000262_frame0000011.jpg,20.67319608143599,0.6109191245876203,564.4278971636222,624.1204687703191
vid_000262_frame0000012.jpg,20.640078028231773,0.6095649585558841,581.2773491222633,654.3907161001654
vid_000262_frame0000013.jpg,20.951876003603928,0.6574226371377218,579.1218565755369,582.8212345720123
vid_000262_frame0000014.jpg,20.089783715482497,0.663040495024329,603.4647927889765,571.0381166798159
vid_000263_frame0000007.jpg,14.483021544003725,0.880457737876532,285.4923503692881,291.8658026478205
vid_000263_frame0000008.jpg,14.424758748025111,0.8759892276495719,272.3653138056704,275.89340861682535
vid_000263_frame0000009.jpg,14.339236420852167,0.8824666742645428,273.3957614828077,283.61209666654054
vid_000263_frame0000010.jpg,14.528468574588658,0.8682956448770377,279.86443361679886,284.65759499365834
vid_000263_frame0000011.jpg,14.615999407707669,0.8809760422603667,283.29730326724933,289.99257569595466
vid_000263_frame0000012.jpg,17.351803732830454,0.8978471189748142,315.0519559007321,305.4055556672502
vid_000263_frame0000013.jpg,18.047293510812448,0.8895826652992077,300.9552241170679,257.34102586219836
vid_000263_frame0000014.jpg,19.492389103450144,0.9020164366812664,358.55289187997545,249.18387905036286
vid_000263_frame0000015.jpg,19.510471762174927,0.8911668442190179,381.21800281481734,270.76437871360395
vid_000263_frame0000016.jpg,19.828684859884966,0.8972895627202407,416.1062936925979,255.78283591334088
vid_000264_frame0000007.jpg,16.277362028157643,0.8733728524154825,418.84004570696493,451.38899760705385
vid_000264_frame0000008.jpg,16.62349251683513,0.8760671380711336,425.6869409225067,461.95294259960895
vid_000264_frame0000009.jpg,17.278762904292005,0.8876988232522128,431.24388282541616,473.93876480656775
vid_000264_frame0000010.jpg,17.480149126626575,0.8554608896142626,437.114903928382,483.2779872698988
vid_000264_frame0000011.jpg,17.64508553967989,0.8668228509969517,424.0254338885685,474.46124314030806
vid_000264_frame0000012.jpg,17.91020107408106,0.864601598282723,426.15684746269574,477.9163704988415
vid_000264_frame0000013.jpg,17.999262371390515,0.870750908866896,435.28909228403467,480.1760396746208
vid_000264_frame0000014.jpg,18.19496708036097,0.87428515484259,422.21440908432277,477.8143844220972
vid_000264_frame0000015.jpg,18.05225971728672,0.8553258690785132,431.4261502445264,487.0126613906099
vid_000264_frame0000016.jpg,18.15065133888305,0.8697802250665889,355.4895087841295,431.5157003720815
vid_000264_frame0000017.jpg,18.039403711380444,0.8459098676440532,341.8275352875796,417.2900580762587
vid_000264_frame0000018.jpg,18.19766756535754,0.8035724094807007,352.44916714396004,452.7209316645801
vid_000264_frame0000019.jpg,19.02083484682597,0.8488483358564723,346.1195130742907,403.7831590831633
vid_000264_frame0000020.jpg,18.843259533726314,0.8336518308376718,351.83018851721937,426.0555045200632
vid_000264_frame0000021.jpg,18.661871153345903,0.8003260039812679,382.96940190581273,526.6717717372796
vid_000264_frame0000022.jpg,18.710783234785954,0.8057742956957972,400.94606936325545,552.5654343411647
vid_000264_frame0000023.jpg,18.8274844923436,0.7947472086094276,401.33638215981233,570.2849913879893
vid_000264_frame0000024.jpg,19.00614422820022,0.7951513896251172,402.1219738713894,566.2539317118626
vid_000264_frame0000025.jpg,19.405742626440578,0.7969092010518318,396.5903125877852,550.733740765716
vid_000264_frame0000026.jpg,19.390968775005874,0.7949427622608617,388.0481832886676,534.9703880251427
vid_000264_frame0000027.jpg,19.527899763085937,0.7838275856902618,395.3511985675914,584.4633256519696
vid_000264_frame0000028.jpg,20.303519194135742,0.7828263035352491,396.31949038647736,597.599873097667
vid_000264_frame0000029.jpg,20.589559091618234,0.7874698974461335,344.49724507818405,543.4462611551413
vid_000264_frame0000032.jpg,18.723764657864297,0.8368146303244824,412.80557984887446,463.0746184644669
vid_000264_frame0000033.jpg,21.420282115760074,0.8897747627715709,392.2876796974034,364.48822949004136
vid_000264_frame0000034.jpg,20.49966257723355,0.8321411206868108,332.35558332512477,484.22780123743166
vid_000264_frame0000035.jpg,19.728839624296704,0.7327622011710629,423.1686565509441,839.9320684152786
vid_000264_frame0000036.jpg,20.151996137531665,0.8202657358854021,427.5446298655077,560.4565872013965
vid_000264_frame0000062.jpg,14.49915480978185,0.8188314547594234,338.9210496487791,432.58659650494116
vid_000264_frame0000063.jpg,14.567260719356469,0.8095712883659617,341.83261168137403,437.4488151996712
vid_000264_frame0000064.jpg,14.680723124592262,0.8022381760469877,343.9036837530629,447.07447097861154
vid_000264_frame0000065.jpg,14.847464739674741,0.8075904952961984,348.1633783103157,446.97510497728047
vid_000264_frame0000066.jpg,14.73607677799494,0.8219396070064798,295.6562059094364,393.31701437299387
vid_000264_frame0000067.jpg,14.72635267495292,0.7697634613437354,280.5577398058154,409.29267576905244
vid_000264_frame0000068.jpg,14.733544677457612,0.8438441811685274,261.7546760102115,302.5615697361991
vid_000264_frame0000069.jpg,14.937812479586889,0.759490724146056,267.81945278698197,353.96929241242776
vid_000264_frame0000070.jpg,14.95963911137318,0.7715333018038991,264.01869219825693,329.82655250055313
vid_000264_frame0000071.jpg,14.964873228187258,0.7713273811261266,267.5921157445949,341.02269568380757
vid_000264_frame0000072.jpg,15.067004915180824,0.810512268098385,260.3009000027647,313.4904375498898
vid_000264_frame0000073.jpg,15.033244697024257,0.73209416284428,274.56303485815556,382.8794214453584
vid_000264_frame0000074.jpg,15.234370201578917,0.7652926992453611,267.5803131710669,346.919133267946
vid_000264_frame0000075.jpg,15.902134963109312,0.7791474045563026,268.5173662136473,353.77174742291055
vid_000264_frame0000076.jpg,16.160661323099006,0.7690029125186736,281.48226944729544,404.7040355789695
vid_000265_frame0000005.jpg,14.061380726013661,0.8660724334363813,329.11621979825253,278.2684567928227
vid_000265_frame0000006.jpg,13.669597809356073,0.8507699977452714,295.3552976886145,264.2551687396947
vid_000265_frame0000011.jpg,15.414154800167603,0.8509939389557123,303.0614693218905,334.649878580611
vid_000265_frame0000012.jpg,15.134764300348202,0.8454739159019985,307.76736560860587,346.1814098492151
vid_000265_frame0000013.jpg,15.043451154511908,0.8387876555602324,310.6549008353306,343.1450324091396
vid_000265_frame0000014.jpg,15.145026026194277,0.8399488416237175,312.86289798120004,346.73966805024827
vid_000265_frame0000015.jpg,15.620910474686378,0.8417142137408972,329.0430882921062,373.96981735961333
vid_000265_frame0000016.jpg,15.59895046736891,0.8342465024319345,320.5916216162103,372.417587169254
vid_000265_frame0000017.jpg,15.496171484532521,0.8386240140565854,316.2163211042876,372.1207829950614
vid_000265_frame0000018.jpg,15.834433372890702,0.8353432829464822,325.84126845181856,387.4159194132906
vid_000265_frame0000019.jpg,16.061518662287043,0.8396409630177532,321.6626170888453,381.92210862949116
vid_000265_frame0000020.jpg,16.035680075124212,0.8289914931876811,347.6053649635768,415.55718483481667
vid_000265_frame0000021.jpg,16.219181092621106,0.8393293003382635,323.89770904972795,403.586352852427
vid_000265_frame0000022.jpg,16.359693644240227,0.844277073104512,349.2815855884787,407.98475904854604
vid_000265_frame0000023.jpg,16.392842670478476,0.8428759211340281,337.5436904692157,398.26087870591954
vid_000265_frame0000024.jpg,16.579726757966956,0.8568028316965263,328.0197945916459,381.8060913237592
vid_000265_frame0000025.jpg,16.756612742692468,0.8655680812974801,352.98916697274035,372.014222413053
vid_000265_frame0000026.jpg,16.827247776655668,0.8722779874687117,353.0323791587753,372.6914883173754
vid_000265_frame0000027.jpg,17.037027208954928,0.8813732252727425,356.3538402075642,362.6400048048934
vid_000265_frame0000028.jpg,17.197937786677283,0.8855862865489607,326.1780256508018,328.8994868214401
vid_000266_frame0000006.jpg,15.212492867250514,0.8846184132750547,292.6649560536872,316.9083898042151
vid_000266_frame0000007.jpg,15.365633252657114,0.8813861123192192,284.02543715833605,296.2845947622398
vid_000266_frame0000008.jpg,15.019200695737887,0.8719835387298294,287.472817364494,321.3941745603529
vid_000266_frame0000009.jpg,15.114450419545912,0.875176410447322,288.21954436674713,325.53387208775086
vid_000266_frame0000010.jpg,15.251596966150874,0.8605702428917992,279.0518825116525,313.3001415008881
vid_000266_frame0000011.jpg,15.937172657355898,0.8911244138956601,274.18083506831965,266.8704508127637
vid_000266_frame0000012.jpg,16.54940295578051,0.8901376795632552,289.7353080229245,271.16265682884483
vid_000266_frame0000013.jpg,16.696992273590848,0.8542784577238166,302.6739456765564,341.05654825623816
vid_000266_frame0000014.jpg,17.118733291728894,0.8538125190797059,301.32050060742176,314.1877573242976
vid_000266_frame0000015.jpg,17.506673213785568,0.852342314379272,294.2916815715546,308.69874435435065
vid_000266_frame0000016.jpg,17.882228270594208,0.8385777159908305,294.87866217477426,320.48722864170674
vid_000266_frame0000017.jpg,18.306366150721193,0.8505142141735983,297.4547534070885,332.0229501183875
vid_000267_frame0000004.jpg,17.737285945952223,0.8581103663994534,397.67356092179455,456.06833785253406
vid_000267_frame0000005.jpg,17.335974314576944,0.8694906976305322,386.844507203363,454.30580159744864
vid_000267_frame0000006.jpg,17.17131869132893,0.8475399044648086,392.86729604603386,459.9790438537765
vid_000267_frame0000007.jpg,17.06693340327769,0.8552421192894227,386.5033470521234,457.2735361513072
vid_000267_frame0000008.jpg,17.38149730574773,0.8544810893430311,382.9394800043316,460.5898835862021
vid_000267_frame0000009.jpg,18.008410905025276,0.8692745035948595,397.26513246680213,465.3316308059897
vid_000267_frame0000010.jpg,17.987519026972386,0.8451150522492012,366.66679230840157,459.63482456326676
vid_000267_frame0000011.jpg,17.423466806686505,0.8620537133878776,366.99029968096954,443.28140881371917
vid_000267_frame0000012.jpg,17.266187426793955,0.8349985629494504,369.6438441217156,468.4805898923437
vid_000267_frame0000013.jpg,17.627952444315678,0.85326191167607,339.13149018424593,429.01265576235426
vid_000267_frame0000014.jpg,18.008290811713806,0.85613082747264,354.8976894317866,430.99506376320755
vid_000267_frame0000015.jpg,17.87533538285361,0.8702055268357634,363.90932772572427,432.3227920141899
vid_000267_frame0000016.jpg,17.5178047533795,0.8649522272767554,388.11260195033736,449.8923403070105
vid_000267_frame0000017.jpg,17.422010067369005,0.8736224145336235,388.89304686803683,447.90444478108117
vid_000267_frame0000018.jpg,17.345665523403706,0.8549859823744392,379.9804850943708,458.08424675484343
vid_000267_frame0000019.jpg,17.011875038079545,0.8645340687152042,371.84456923175765,444.61062407542573
vid_000268_frame0000001.jpg,16.369800976673538,0.7157709560991835,400.50745845777556,536.5826243343147
vid_000268_frame0000002.jpg,16.47583515402717,0.7494457131697582,387.4598931632713,495.41851069698896
vid_000268_frame0000003.jpg,16.538504410333005,0.7636631708703906,375.4460264683056,478.9686511973208
vid_000268_frame0000004.jpg,16.050679483841353,0.7563048650907643,337.1641656254866,469.12367927659614
vid_000268_frame0000005.jpg,16.7130517364504,0.7604113203635076,357.659324131769,478.8412336195354
vid_000268_frame0000006.jpg,16.85685612000402,0.7807042195837042,328.19987194723666,460.52832042525733
vid_000268_frame0000007.jpg,17.217712922810616,0.7528209961601036,341.3995777138865,517.5366242179807
vid_000268_frame0000008.jpg,17.171597096852864,0.7043673064336599,358.8983815906578,653.4908345073811
vid_000268_frame0000009.jpg,17.38976358594582,0.7594346900016978,339.26012983279713,546.8874028377469
vid_000268_frame0000010.jpg,16.963187698886692,0.7058636520272198,349.4993720220241,616.6250364015148
vid_000268_frame0000011.jpg,17.012828103938517,0.7464949035169979,305.9267732093015,492.0124979008779
vid_000268_frame0000012.jpg,16.96036295583659,0.6759930037859953,317.50913448012517,694.560913227054
vid_000268_frame0000013.jpg,17.388872428588755,0.7036206885073232,317.2265432822644,666.2214781549187
vid_000268_frame0000014.jpg,17.769246923277564,0.7295500456534465,311.0766097022831,572.8725036750062
vid_000268_frame0000015.jpg,18.229998620838334,0.744633288141515,338.3560915523333,577.4267410083387
vid_000268_frame0000016.jpg,19.751282328757927,0.8408990510616526,344.5099387288547,471.37386447125556
vid_000268_frame0000017.jpg,19.772384026734414,0.7790342983875584,477.76720257471993,731.7248078673837
vid_000268_frame0000018.jpg,19.78134146911133,0.7769095600219659,525.3074898312325,787.9263374645695
vid_000269_frame0000001.jpg,13.629300653319529,0.8197005110624113,280.9054404823824,237.6548124780963
vid_000269_frame0000002.jpg,13.56968710540576,0.8407322629743398,278.07096461065754,235.20584021513932
vid_000269_frame0000003.jpg,13.422903163776143,0.8425187951738331,276.2757051492456,239.15227424570276
vid_000269_frame0000004.jpg,13.524877805418045,0.8363339975842661,273.53217483170823,235.08948034319843
vid_000269_frame0000005.jpg,13.521259573803405,0.8299152669282068,279.00042559200955,239.65327050441113
vid_000269_frame0000006.jpg,13.411890297954956,0.8322693507359,277.4570367527548,244.80304046051717
vid_000269_frame0000007.jpg,13.453233254859496,0.8182438303910842,279.79878984765526,267.78160660457195
vid_000269_frame0000008.jpg,13.360936465739222,0.8171264369537722,288.6891123547738,278.15471192321985
vid_000269_frame0000009.jpg,13.305490464276788,0.8254237971071586,271.28169363731496,259.6743964405991
vid_000269_frame0000010.jpg,13.288765709584515,0.8255259793194368,276.0295050225225,264.0556311660784
vid_000269_frame0000011.jpg,13.81771063794837,0.8391332591584565,321.5086674960934,272.8173919632649
vid_000269_frame0000012.jpg,13.880039299693207,0.8320576125438718,376.6816064360027,326.28956060790046
vid_000269_frame0000013.jpg,13.926109021829134,0.8237451409860634,373.6348237415633,331.25673370836466
vid_000269_frame0000014.jpg,13.943813026066891,0.8235938649791169,383.84822434970937,336.5655997350425
vid_000269_frame0000015.jpg,13.955579184275287,0.8278854924914395,376.84716460012106,323.6076391048907
vid_000269_frame0000016.jpg,13.978821600998428,0.8234381127779261,386.898886634648,337.0237636468588
vid_000269_frame0000017.jpg,13.853983582441973,0.8415150652880611,353.0324744340439,307.04119246067864
vid_000269_frame0000018.jpg,13.808509319571838,0.8369862552709212,346.67770174155476,306.3413406349639
vid_000269_frame0000019.jpg,13.948005749171902,0.8479226952526494,353.9337039044761,306.54604045429187
vid_000269_frame0000020.jpg,13.987531322391934,0.8229516863420425,402.2720633916908,342.19507946310864
vid_000269_frame0000021.jpg,14.010697634756664,0.822921207808744,400.6802739948765,342.5745877381484
vid_000269_frame0000022.jpg,14.21001556844709,0.757988622328817,405.33148518227983,501.71995509617034
vid_000269_frame0000023.jpg,13.9765646702668,0.8247191167031223,402.3583857702607,357.2912224096918
vid_000269_frame0000024.jpg,14.014349013851744,0.8219262764742594,373.2614915205749,326.57009596840385
vid_000269_frame0000025.jpg,14.188980660663383,0.8216406984816533,407.7803056593678,375.7888385492759
vid_000269_frame0000026.jpg,14.230549722340637,0.8174379816792802,408.68379901192714,396.3142078581347
vid_000269_frame0000027.jpg,14.378962222204581,0.8253626747657353,417.17206497230904,394.6465517025032
vid_000269_frame0000028.jpg,14.351574304939296,0.8201976665071072,419.8698765959077,408.21561395420815
vid_000269_frame0000029.jpg,14.699611567935236,0.8285681902585661,429.8235336970187,425.43790881668633
vid_000269_frame0000030.jpg,14.761132347615968,0.8104585034006044,439.41444339289956,456.0517354611193
vid_000269_frame0000031.jpg,14.780044525531746,0.8068766954675469,452.6900230233945,475.76061347833434
vid_000269_frame0000032.jpg,14.914929053094541,0.8170981674451957,427.4244106662495,440.0514497684095
vid_000269_frame0000033.jpg,14.891874445882149,0.8179370552688514,432.73448381833725,457.7871487121362
vid_000269_frame0000034.jpg,14.795879340689538,0.8161010695058045,419.0366871155677,446.1470114398451
vid_000269_frame0000049.jpg,16.433810379053988,0.7362972705846694,403.7206639168588,678.3437648255414
vid_000269_frame0000051.jpg,17.291785642143385,0.7948739199204278,399.8599336480299,561.8016931070749
vid_000269_frame0000053.jpg,16.888025850773904,0.7852517527585188,343.3228735078286,470.2579056951286
vid_000269_frame0000054.jpg,16.676319936033455,0.7780025141203821,349.8101053418975,494.1394219081567
vid_000269_frame0000055.jpg,16.41026704079258,0.7678795963711993,337.83972505648467,495.85041754721476
vid_000269_frame0000056.jpg,15.799059540656163,0.757394181159775,345.22351450984064,535.702201642421
vid_000269_frame0000057.jpg,15.479728821755007,0.7539139609600797,284.21257163417863,407.2626223419175
vid_000269_frame0000058.jpg,14.953777590129905,0.8053922179508772,266.9369133036535,332.027889996271
vid_000269_frame0000059.jpg,14.410199469018545,0.7828675532044937,274.1419119661121,354.3357523405733
vid_000269_frame0000060.jpg,14.895877574214811,0.8013884113436855,324.86265977458794,453.3456843513976
vid_000269_frame0000061.jpg,15.461919464079743,0.8075539774884674,381.15841261724864,494.00328375867156
vid_000269_frame0000062.jpg,15.766347727630547,0.798506044375852,391.84697142134667,523.1575541232465
vid_000269_frame0000063.jpg,16.470338000669976,0.793275109613635,405.0635104570615,558.1696316926157
vid_000269_frame0000064.jpg,16.81305121277837,0.7911132429310402,417.7100287394369,566.1099284838516
vid_000269_frame0000065.jpg,16.98917514359863,0.7916457443632389,414.5674261078253,547.6767112645954
vid_000269_frame0000066.jpg,17.118503118400522,0.7981903509417348,409.1695844917514,534.3900785643684
vid_000270_frame0000011.jpg,21.132608704462648,0.8262846639938051,390.39724802975223,495.7279538194456
vid_000270_frame0000012.jpg,21.04760174043017,0.8151088880989915,388.69151189086324,511.0445367356695
vid_000270_frame0000013.jpg,21.10154157135983,0.8232865229938039,376.71567988767015,490.84463057348904
vid_000270_frame0000014.jpg,20.939472795853597,0.8065664540045487,391.9527865155944,515.9258374876547
vid_000270_frame0000015.jpg,20.966141344806086,0.8165733508879636,385.345220435127,505.7167608329072
vid_000270_frame0000016.jpg,20.95065054560277,0.8191842645043143,385.8272175595503,497.0726342841166
vid_000270_frame0000017.jpg,20.953656771306825,0.8176912748284068,384.31547099678653,507.07248088388474
vid_000270_frame0000018.jpg,20.786723551068,0.8044160650995881,386.2632061309509,520.2298866885814
vid_000270_frame0000019.jpg,21.03638588481288,0.8363407500758898,376.03404586869567,471.0118879178941
vid_000270_frame0000020.jpg,20.789986339534344,0.8075475240081867,382.1105382105532,517.7716871635278
vid_000270_frame0000021.jpg,20.92395972204807,0.8261753748684649,377.57557841410437,500.38980301608206
vid_000270_frame0000022.jpg,20.767381964530447,0.8111324451169851,388.50833340171783,516.262678324677
vid_000270_frame0000023.jpg,20.888408531286874,0.8332847281967188,375.9482088641194,491.8772800594011
vid_000270_frame0000024.jpg,20.737538943864507,0.829277958028737,415.6459289922618,512.0400778855275
vid_000270_frame0000025.jpg,20.618330810252843,0.8282680125270407,439.8126810642265,526.3205363344771
vid_000270_frame0000026.jpg,20.76203189295049,0.8405162576363613,445.4131175516169,511.5474061083656
vid_000270_frame0000027.jpg,21.112746154979067,0.8475831723199397,433.50321235911804,516.5783783477415
vid_000270_frame0000028.jpg,21.1704524778196,0.8469894743161278,431.1394726619476,516.5351303889713
vid_000270_frame0000029.jpg,21.457839350461096,0.8667466350528547,416.10905944937804,497.86623507846514
vid_000270_frame0000030.jpg,21.201915573388934,0.8519189537135352,420.99356900357054,506.773998953957
vid_000270_frame0000031.jpg,21.299166359860532,0.8558301117566479,422.7807730976009,508.72208020819915
vid_000270_frame0000032.jpg,21.15790858363895,0.8442356770473518,424.3580507899699,518.3906300912699
vid_000270_frame0000033.jpg,21.23786170491258,0.8521011516811644,420.5121993312277,510.8742692894668
vid_000270_frame0000041.jpg,21.31975897034836,0.8558130998482832,442.8171439078294,519.7547594055773
vid_000270_frame0000042.jpg,21.420508897755155,0.8569658692099859,439.0814729281682,520.5344621399205
vid_000270_frame0000043.jpg,21.204178285826487,0.8554024511546116,440.76630649366683,522.7463280991825
vid_000270_frame0000044.jpg,21.19388738337789,0.8514481359782016,446.2414581069394,530.0130282013179
vid_000270_frame0000045.jpg,21.135157484921784,0.8544661774447829,454.3652430075822,530.7759924583918
vid_000270_frame0000046.jpg,20.968449586631582,0.8493290817219062,458.4951873496233,539.3739532623615
vid_000270_frame0000047.jpg,20.716102353111285,0.8560774544475716,462.8174452059278,546.6452447146113
vid_000270_frame0000048.jpg,20.877852656063112,0.8527623750307125,471.5167013969549,542.4587651538911
vid_000270_frame0000049.jpg,21.105525588138917,0.8668602681444133,467.5555166505752,522.7139640426685
vid_000270_frame0000050.jpg,20.93011907211966,0.8536061724189584,471.5414689942418,533.9402569966302
vid_000270_frame0000051.jpg,20.87131001117859,0.8550257421990275,461.011081212094,511.98077068658506
vid_000271_frame0000003.jpg,15.562268541438995,0.8778301942872625,315.8026164680556,349.51697132273915
vid_000271_frame0000004.jpg,14.121289975899629,0.8668053945474328,315.94972295792684,327.5997642760044
vid_000271_frame0000005.jpg,13.758039715035508,0.8598340569092668,344.47484276824053,342.9716207631184
vid_000271_frame0000006.jpg,13.338340701438163,0.8437446112271413,300.6138743195822,256.27497974717966
vid_000271_frame0000007.jpg,13.388378841467869,0.84534811380815,288.2133960739219,236.73386936190013
vid_000271_frame0000008.jpg,13.22047672729691,0.8394185484761345,281.32094511622626,242.8956164287776
vid_000271_frame0000009.jpg,13.180239811906091,0.8399575281220426,281.06091700844155,252.0742259629906
vid_000271_frame0000010.jpg,13.114440524054835,0.8361642943272628,283.97900788500596,253.82816148547937
vid_000271_frame0000011.jpg,12.916764640337014,0.8206876932516937,285.505232723796,273.74416033447244
vid_000271_frame0000012.jpg,12.948156197821007,0.8200709358150311,279.01574769012564,271.21432250626526
vid_000271_frame0000013.jpg,12.86353368997923,0.8247419149936803,278.4180649934637,264.473915160788
vid_000271_frame0000014.jpg,12.856658685405428,0.8152963460822752,294.2692435548582,289.15152461026315
vid_000271_frame0000015.jpg,12.953580954134026,0.8235130077215475,274.2513681628366,273.82803271809246
vid_000271_frame0000016.jpg,12.949974027889834,0.8187309363749695,280.8390941666173,283.69202189061207
vid_000271_frame0000017.jpg,12.910962423128808,0.8149267301603534,282.6265632590777,319.0185701704348
vid_000271_frame0000018.jpg,12.949266319665881,0.8239114436522521,285.91623666386266,300.3480922861163
vid_000271_frame0000019.jpg,13.101724153770649,0.8440280031565807,285.20457468515104,261.0414351165885
vid_000271_frame0000020.jpg,13.31401989755862,0.839635506771963,320.9644566044933,288.9879585799318
vid_000271_frame0000021.jpg,13.337662335836109,0.8426764631745988,319.87506147427223,289.9052414812914
vid_000271_frame0000022.jpg,13.31355425946951,0.8344812463103998,310.1434345080542,284.0024146440022
vid_000271_frame0000023.jpg,13.02503286861829,0.828155386992108,271.4600380934745,260.8251275857887
vid_000271_frame0000024.jpg,13.541176759474265,0.748055078773746,413.5735477189211,566.699568459408
vid_000271_frame0000025.jpg,12.452858340300741,0.798660247255326,298.13384820298154,414.6305315636427
vid_000271_frame0000026.jpg,12.623761201697924,0.7977969720666135,308.08500273167544,384.31380040938757
vid_000271_frame0000027.jpg,12.488892185836146,0.7964222708576157,309.82098650872814,409.3353550998387
vid_000271_frame0000028.jpg,12.455733616585306,0.7996735848745592,275.4443219207552,383.1223686618629
vid_000271_frame0000029.jpg,12.519316040473461,0.7710958297325384,346.1240599090153,539.1787746644579
vid_000271_frame0000030.jpg,12.54839292000717,0.7989986115341027,314.801302974055,397.02404165832706
vid_000271_frame0000031.jpg,12.63815226769597,0.7951084614737374,340.7344336909388,445.63850091542963
vid_000271_frame0000032.jpg,12.574642740358735,0.7794861680345595,344.54541330569174,441.7445482899779
vid_000271_frame0000033.jpg,12.37822341434187,0.7908028183902927,325.1774851532954,412.9342760819446
vid_000271_frame0000034.jpg,12.435749336818677,0.7949091013240189,294.6446005758824,369.18662954129684
vid_000271_frame0000035.jpg,12.536891001385088,0.8079154200009367,299.80748538467606,367.43515783591124
vid_000271_frame0000036.jpg,12.46589934370151,0.8086085799220711,289.0167261538104,339.3555422698953
vid_000271_frame0000037.jpg,12.493269807748188,0.8177192896845508,286.6672649823063,308.41410233316856
vid_000271_frame0000038.jpg,12.848962955281992,0.8351997537563168,295.11289122905634,278.68692015172064
vid_000271_frame0000039.jpg,12.89806071561948,0.8344289079579467,304.642654516379,286.2589119106759
vid_000271_frame0000040.jpg,12.999318817091147,0.8305404268169071,293.456059103554,271.5245381601846
vid_000271_frame0000041.jpg,13.383763820713968,0.8257409641262492,301.2960075195754,254.1219640270241
vid_000271_frame0000042.jpg,13.874930855140315,0.8290567494337416,324.4403172427065,227.4549902635514
vid_000271_frame0000043.jpg,14.454222680870103,0.8076156590667661,305.17415929665486,255.55117484434098
vid_000271_frame0000044.jpg,15.672482905213558,0.8178440385875166,367.46221926821164,249.71597331337082
vid_000271_frame0000045.jpg,16.263707905868007,0.8332476947788487,387.80340164719644,251.4239004631004
vid_000271_frame0000046.jpg,16.570407854771464,0.837097275822306,394.98845914640526,241.56426769940055
vid_000271_frame0000047.jpg,16.412533239844226,0.830251555930318,396.3757468801424,272.0650980679792
vid_000271_frame0000048.jpg,16.53975073157713,0.8348785945805656,390.06064189213606,261.20115924786336
vid_000271_frame0000049.jpg,16.54409772211383,0.8454858708947836,377.88942913100004,267.123662503236
vid_000271_frame0000050.jpg,15.803632007573407,0.8237083226916164,379.3388396673437,254.9476083650229
vid_000271_frame0000051.jpg,15.726541607632916,0.8523950867224176,363.6211047631041,256.3220038613081
vid_000271_frame0000052.jpg,16.981739636087543,0.8239307427157896,407.78133297349905,313.697222708744
vid_000271_frame0000053.jpg,16.739869355163872,0.8224221448722697,441.2171162826003,376.3196814823666
vid_000271_frame0000054.jpg,16.043011445415416,0.7862998270399345,350.425758079733,275.83042255535213
vid_000272_frame0000006.jpg,15.070057611073022,0.8770176238082418,305.8532670084217,309.74044024379145
vid_000272_frame0000007.jpg,15.371468680206474,0.8614621685048828,311.26643462047133,331.74467182795513
vid_000272_frame0000008.jpg,14.984386819307682,0.8500723363697636,317.10051775804794,326.10768565223526
vid_000272_frame0000009.jpg,15.056632425223784,0.8542296894331667,306.59263041753667,317.20747840504976
vid_000272_frame0000010.jpg,15.085085900815486,0.8514198730185601,322.83170624721544,327.1785444055133
vid_000272_frame0000011.jpg,14.956531435149419,0.8619800952946125,283.6050274406843,278.56771249138257
vid_000272_frame0000012.jpg,15.274253844357249,0.8433881971232928,266.2103729549972,261.5807737154537
vid_000272_frame0000013.jpg,15.091695541683945,0.8758814199987063,262.82541279870685,244.16289437712777
vid_000272_frame0000014.jpg,15.476499296585441,0.8425745688796441,272.1368871185161,258.4884745290045
vid_000272_frame0000015.jpg,15.661049616788354,0.8354036045998616,268.76697126843175,256.9201384208174
vid_000272_frame0000016.jpg,15.619247621962753,0.8279397290302413,274.35350593101396,264.176508985796
vid_000272_frame0000017.jpg,15.301936556284847,0.8585334465594894,278.6694109833508,274.3301043296329
vid_000272_frame0000018.jpg,16.0180137699611,0.8450701634718975,277.77909674899024,268.8348192063186
vid_000272_frame0000019.jpg,16.035315714543334,0.8523966536098392,279.15135843038905,273.5297918072726
vid_000272_frame0000020.jpg,15.961983957001715,0.8221665349987818,285.3514516964242,289.0135339668288
vid_000273_frame0000003.jpg,17.376432957341486,0.81478891290578,460.2532994831173,673.2750995226106
vid_000273_frame0000004.jpg,15.660698845977015,0.821915326836443,287.66568294178074,387.4315687734111
vid_000273_frame0000005.jpg,14.835159845117573,0.7764734219940909,333.30215555159464,527.9232083911409
vid_000273_frame0000006.jpg,14.88420967477374,0.7802800020563857,345.4688566954971,521.920759255519
vid_000273_frame0000008.jpg,15.600861056784115,0.7769603567049881,302.50020973158877,410.69021794634943
vid_000273_frame0000009.jpg,15.872339219830272,0.7814663459793904,312.9682032106101,384.4178097657061
vid_000273_frame0000010.jpg,15.507697417007584,0.7558848296159101,275.22567526206467,390.0495255061565
vid_000273_frame0000011.jpg,17.117851292266263,0.7816898347596855,339.7164045318639,400.5198150173606
vid_000273_frame0000012.jpg,17.71739133941537,0.7566774472442369,436.41942169052265,595.6410624613653
vid_000273_frame0000013.jpg,17.817163741774245,0.7626426754976571,461.2139372448727,603.7183013093015
vid_000273_frame0000014.jpg,18.719526918651205,0.7884134424824826,415.17153411086406,510.0681379197001
vid_000273_frame0000015.jpg,18.95870528053723,0.8043932710368701,433.8637413738111,565.9420464420771
vid_000273_frame0000016.jpg,18.79758268018915,0.8152402509959797,530.8107444287238,786.5920907664852
vid_000274_frame0000005.jpg,15.063451545706224,0.8552260071189504,286.02573539278444,284.39452904677375
vid_000274_frame0000006.jpg,15.257714858194726,0.854443654792282,292.17163173167853,300.34059426717374
vid_000274_frame0000007.jpg,15.27146679467119,0.8302841438568374,313.0626970223604,333.3040318575023
vid_000274_frame0000008.jpg,15.130407160778798,0.8566028556779645,296.62163177874316,309.26443834597205
vid_000274_frame0000009.jpg,16.219772318712714,0.8453573149992323,318.7616069569126,345.97416592862993
vid_000274_frame0000010.jpg,16.48954220633691,0.8358148984075416,331.82177208289283,355.02215037416244
vid_000274_frame0000011.jpg,19.122642261863156,0.8463189441976788,427.87508498192693,458.4511659992578
vid_000274_frame0000012.jpg,19.719307165337895,0.8603254566149832,528.4818570616698,587.2020272745813
vid_000274_frame0000013.jpg,17.810392188581574,0.8551330480666772,370.10769907748784,419.9332978581855
vid_000275_frame0000001.jpg,19.152807116373076,0.6159890714040875,703.5318625755954,592.6180122240814
vid_000275_frame0000002.jpg,19.120544544401813,0.62445444036053,700.5710770978963,589.7980630903675
vid_000275_frame0000003.jpg,19.248025556847068,0.6267110977070266,703.50369930635,585.8657641614584
vid_000275_frame0000004.jpg,18.246320745824814,0.5976510533494869,701.2214020447526,585.8621362293519
vid_000275_frame0000005.jpg,18.382035461136233,0.60724028592975,683.4792599171707,572.8667531044105
vid_000275_frame0000006.jpg,18.529590769391348,0.6029338430263768,661.9761311233261,541.1750617850978
vid_000275_frame0000007.jpg,19.52964864724473,0.6313392367110048,507.8515407276217,496.91932225128187
vid_000275_frame0000008.jpg,19.22607683308758,0.5994499354973557,475.1433807888161,563.8708874617496
vid_000275_frame0000009.jpg,19.16442326460343,0.5951997748023505,470.9196132010177,563.9947134685879
vid_000275_frame0000010.jpg,19.058029876148886,0.5907792364005934,477.91480979130483,574.0360882963869
vid_000275_frame0000011.jpg,19.159658798942406,0.5948851203975272,473.8713004046447,570.3742699212274
vid_000275_frame0000019.jpg,19.331196829488213,0.6018880302503863,469.5418816202578,549.0545606326434
vid_000275_frame0000020.jpg,19.26790938265738,0.5937236038294708,483.81745121078086,567.9318133344944
vid_000275_frame0000021.jpg,19.30555830598896,0.598605913047027,488.8757014923165,570.9895579537392
vid_000275_frame0000022.jpg,19.250739101185584,0.5974611136704336,489.0650220487116,567.1999529464777
vid_000275_frame0000023.jpg,19.803177809468888,0.6289139274656557,525.85253457544,515.4689066412324
vid_000275_frame0000024.jpg,18.404465948117714,0.6008422992605914,711.603528788646,578.3102741781066
vid_000275_frame0000025.jpg,18.408874881890895,0.5986777519151134,705.3262102931756,583.6979453484676
vid_000275_frame0000026.jpg,18.556308700265593,0.6005802355309481,702.375850772634,577.381097173566
vid_000275_frame0000027.jpg,18.811587603915015,0.6149523745241338,709.6424128925676,583.2056069988789
vid_000275_frame0000028.jpg,18.893731544136518,0.614873707047591,711.8442934336485,593.2850052510145
vid_000276_frame0000001.jpg,19.71053704075069,0.582981340938222,692.7930461354728,681.2514242929489
vid_000276_frame0000002.jpg,19.49698666478934,0.5963380843051199,686.3514561040283,679.1649267103322
vid_000276_frame0000003.jpg,18.86661715591135,0.5779744764018995,688.9122648839016,649.3283786389284
vid_000276_frame0000007.jpg,18.16986577798157,0.5711107433154184,670.8510862991761,528.1096880396884
vid_000276_frame0000008.jpg,18.22392195556837,0.5514506955836178,648.5617311594037,491.459165862103
vid_000276_frame0000009.jpg,18.84372558254632,0.5803244270232559,574.7085789494824,455.83631721906943
vid_000276_frame0000010.jpg,18.597490126396718,0.5960587328575127,539.1101101702386,486.46503781120816
vid_000276_frame0000011.jpg,17.93843594881309,0.5654649124835168,516.958660516025,507.7564652503029
vid_000276_frame0000012.jpg,17.966618612857296,0.5607345039636825,520.7949856678429,505.8312722801543
vid_000276_frame0000013.jpg,17.764588044326523,0.5466621396391003,534.9974833217638,539.0782237012444
vid_000276_frame0000014.jpg,17.824898918307742,0.5477576275125055,529.3331937315435,529.3743446416913
vid_000276_frame0000015.jpg,17.864867109350648,0.5516759514388979,526.4444245146842,526.2896019899634
vid_000276_frame0000019.jpg,17.896240805140298,0.5525788113561144,508.7073709744685,509.7073112806007
vid_000276_frame0000020.jpg,18.876017175248514,0.5928997692809985,547.3853123097318,466.8993209026567
vid_000276_frame0000021.jpg,18.120780927747923,0.5503892678968676,653.189699649432,473.3430198567653
vid_000276_frame0000022.jpg,18.117826369038955,0.5484729352918333,673.7672774088664,486.60271137535176
vid_000276_frame0000023.jpg,17.990682003749622,0.5563812908696949,673.069191907982,486.5239252917477
vid_000276_frame0000024.jpg,17.717594090716428,0.549492144759149,695.4646216693362,510.0670700368263
vid_000276_frame0000025.jpg,17.741404267077755,0.5496383443689816,686.4729686529131,502.91442881406374
vid_000277_frame0000001.jpg,20.243706611973717,0.5816598832577732,676.0196339305787,624.401386357215
vid_000277_frame0000002.jpg,20.274695622097095,0.586329794187803,670.4766226542524,619.3104073773256
vid_000277_frame0000003.jpg,19.721112153947008,0.5867793917637822,671.380388539948,610.1980451737151
vid_000277_frame0000006.jpg,17.930346852326576,0.5604219686321664,637.0970522304722,506.3651489155489
vid_000277_frame0000007.jpg,18.06488614298193,0.5652825847884685,649.4456986524514,524.914547248538
vid_000277_frame0000008.jpg,18.71322053968995,0.6047800567302352,546.1212936432505,512.0954170625271
vid_000277_frame0000009.jpg,19.200409723188486,0.6246817934800921,500.93439973215595,521.3166781234074
vid_000277_frame0000010.jpg,19.246032424799385,0.60430455420979,520.6641570739321,532.3930455797724
vid_000277_frame0000011.jpg,19.19521755365938,0.6082948827134081,509.0903791488587,532.3865168920989
vid_000277_frame0000012.jpg,19.032459710827837,0.5847535776190811,519.9296837027958,557.6411491616639
vid_000277_frame0000013.jpg,19.227187709852988,0.5834818654598625,510.54324297092757,566.2132355780874
vid_000277_frame0000014.jpg,19.134079339185504,0.5624714614854115,526.1591513852048,601.9378827590285
vid_000277_frame0000015.jpg,19.080934340041612,0.5640389775046909,518.2719050333858,600.6819383647075
vid_000277_frame0000016.jpg,19.028951062341363,0.5645109719795015,526.4853901953472,609.6076170062486
vid_000277_frame0000017.jpg,19.164343294791916,0.5768790381637053,512.2789358775132,581.2843632163268
vid_000277_frame0000018.jpg,19.145998189141032,0.5661111679409127,537.1967193695953,617.8523057407243
vid_000277_frame0000019.jpg,19.1863849861828,0.5779649318899037,515.4477317573916,583.6626617997435
vid_000277_frame0000020.jpg,19.054562872228857,0.5616470598715816,534.6258465089663,606.9113692231456
vid_000277_frame0000021.jpg,19.16923477990643,0.5775018830151145,527.846881020932,580.8685231831348
vid_000277_frame0000022.jpg,19.228897891927236,0.566642630816555,524.883006683866,603.5245351265452
vid_000277_frame0000023.jpg,19.101983911779584,0.5679980742265401,512.9994472716015,595.4726705505524
vid_000277_frame0000024.jpg,19.108064622827417,0.5607321078282863,530.3265185868174,617.1516808275338
vid_000277_frame0000025.jpg,19.183276486696027,0.5755157359396038,528.7336370036246,589.4341520842338
vid_000277_frame0000026.jpg,19.215828776663034,0.5833396551583275,515.9724874320461,583.1683413072685
vid_000278_frame0000001.jpg,19.433171466271116,0.6278358684148381,611.4772227711421,505.17244343054745
vid_000278_frame0000002.jpg,19.538834498616808,0.6453839063724355,616.5927714293922,505.4663103657843
vid_000278_frame0000003.jpg,19.675699154252623,0.6442436455155082,625.573722598379,507.0664505256932
vid_000278_frame0000004.jpg,19.597815426464344,0.6427219505020316,598.348530497275,496.4165903653512
vid_000278_frame0000005.jpg,19.477227003781827,0.6489465766000668,607.6987372413477,507.064629971641
vid_000278_frame0000006.jpg,19.649207815448978,0.650394696820126,601.3466334679356,498.80866057970195
vid_000278_frame0000007.jpg,19.76986129290545,0.6432308550976753,616.4892217345563,506.796731851872
vid_000278_frame0000008.jpg,19.614510326002197,0.6364487379655553,614.584671080708,500.44535626724706
vid_000278_frame0000009.jpg,19.553243009234304,0.6429168012823434,622.2664982718114,498.4120926021658
vid_000278_frame0000010.jpg,19.518101112284537,0.6280357748161364,616.5692066625269,490.08429597010206
vid_000278_frame0000011.jpg,19.5801916934587,0.6322945591399565,614.2298561532426,485.0569091656324
vid_000278_frame0000012.jpg,19.310424141967534,0.6200558394661809,630.4333434725512,495.6396796367825
vid_000278_frame0000013.jpg,19.45489379595262,0.6317309123885281,632.5787542692344,497.4845913938014
vid_000278_frame0000014.jpg,19.514039781812105,0.6412833084120907,609.8084796942496,494.3516272639781
vid_000278_frame0000015.jpg,19.418649759469886,0.6565390241693082,602.337794580758,503.0343816960825
vid_000278_frame0000016.jpg,18.791899658978327,0.6516664513030538,648.9822932304965,498.03963137528206
vid_000279_frame0000001.jpg,18.61195306766218,0.6105667218311572,597.4362664998644,528.903170243086
vid_000279_frame0000002.jpg,18.501350060447212,0.6312532084529721,602.9006412359063,526.7832517169397
vid_000279_frame0000003.jpg,19.16428497642804,0.6371232911202348,596.7968508321952,509.1920081960308
vid_000279_frame0000004.jpg,19.102192545486332,0.6300102634297636,590.0549012107776,510.6495354575101
vid_000279_frame0000005.jpg,19.147942273407935,0.6324888495585965,611.0155770678406,538.0672781637452
vid_000279_frame0000006.jpg,18.94512839682845,0.6207726541750175,595.5790045080774,530.7532984493657
vid_000279_frame0000007.jpg,19.24585696596129,0.6328076389459109,593.4107800779076,504.07240209312715
vid_000279_frame0000008.jpg,19.025283602770426,0.6267034318685724,619.0004672932023,500.49184098466174
vid_000279_frame0000009.jpg,17.930743487511574,0.5947186164404564,653.1221094390786,580.747213117387
vid_000279_frame0000010.jpg,18.01940548157757,0.5791401844775236,648.9191984528363,572.9290306598331
vid_000280_frame0000001.jpg,17.890577775035688,0.4910836737696127,714.7159507176075,614.8549592938432
vid_000280_frame0000002.jpg,17.954556279379208,0.4942662927722193,720.0507397520576,611.8146809830919
vid_000280_frame0000003.jpg,17.92975096363649,0.49581304314730623,716.242208778983,610.8982833123995
vid_000280_frame0000004.jpg,17.9363686066909,0.49433182613624954,710.9525320057179,602.3289033356532
vid_000280_frame0000005.jpg,17.082249615357668,0.5259665441020317,616.4194501175556,565.5842514206731
vid_000280_frame0000006.jpg,16.251902201711683,0.4983915316146626,589.9487548697582,659.0775244604366
vid_000280_frame0000007.jpg,15.574768510114671,0.46043890060957016,623.7303620379934,712.9003848598821
vid_000280_frame0000008.jpg,15.458843870256224,0.4522890050273299,634.931170088811,736.2429815941459
vid_000280_frame0000009.jpg,16.3599375749699,0.5155435893425208,589.3600851945007,562.8562655436147
vid_000280_frame0000010.jpg,17.5697922016685,0.5459933105121312,548.8493383972173,526.6274374690344
vid_000280_frame0000011.jpg,17.550408736453967,0.5621853166798584,542.7262829618521,520.3373684701153
vid_000280_frame0000012.jpg,17.507890864928438,0.5493458032695665,540.7917405344297,517.9334744732339
vid_000280_frame0000013.jpg,17.573378859073564,0.5500434481653663,552.7371699659943,515.1986004697236
vid_000280_frame0000014.jpg,17.54256836033272,0.5454847387996452,552.3547374398415,523.419444263439
vid_000280_frame0000031.jpg,17.70062837481226,0.5489008358728206,558.0085388208776,518.2515923985663
vid_000281_frame0000001.jpg,16.768166819382095,0.5571285441173911,626.6545773047585,558.1995115758584
vid_000281_frame0000002.jpg,16.789346205793315,0.5711351258782371,654.6670537672322,560.4764080301829
vid_000281_frame0000003.jpg,16.835892570417478,0.5800315022793824,637.9067839686826,548.699945435518
vid_000281_frame0000004.jpg,16.79988382482656,0.5791818181350585,632.0519721895048,551.9821635388905
vid_000281_frame0000005.jpg,16.878346679654854,0.5860595563941462,627.9691018416055,552.8656747940897
vid_000281_frame0000006.jpg,16.909050073829608,0.5936675333482687,623.6059821864203,562.4950904592934
vid_000281_frame0000007.jpg,16.931354285392622,0.5988711010173322,628.6774061034488,566.6437629617105
vid_000281_frame0000008.jpg,16.969279041982777,0.5977313658664812,614.1006910133968,561.0654475860852
vid_000281_frame0000009.jpg,16.93060947414167,0.6025066073871299,605.0733985797741,567.3066961767023
vid_000281_frame0000010.jpg,16.928889667165613,0.6029439207802344,620.6397841895249,579.9403280687769
vid_000281_frame0000011.jpg,17.027197030806988,0.6061117655214874,621.438631955285,576.0669110036426
vid_000281_frame0000012.jpg,16.993278102206553,0.6028797056547579,616.7163597418142,583.4727764903843
vid_000281_frame0000013.jpg,16.986320360137704,0.604678576235473,616.5426753002955,579.0542232373336
vid_000281_frame0000014.jpg,16.944582933617987,0.6007852855563843,627.4420262864882,587.4349137117579
vid_000281_frame0000015.jpg,17.088999606567715,0.6140169115856705,623.5710748327306,587.6798579199312
vid_000281_frame0000016.jpg,17.10061011051495,0.6161520337005338,631.9683889773873,597.4756634857293
vid_000281_frame0000017.jpg,17.14921440225972,0.6177207183575596,618.0280773549345,590.5008593621476
vid_000281_frame0000018.jpg,17.046619958916423,0.6035350996355188,630.7815216786444,614.1578610311024
vid_000281_frame0000019.jpg,17.079993669179277,0.6140242311402911,620.9336994634573,599.4536819001285
vid_000281_frame0000020.jpg,17.06106759319075,0.6083564140721015,649.7896406379487,615.1199757158091
vid_000281_frame0000021.jpg,17.058500832284857,0.6129042502415022,639.0541008694026,608.7021236813858
vid_000281_frame0000022.jpg,17.036810188342123,0.6093736223506511,620.2552435990293,601.3673382211558
vid_000281_frame0000023.jpg,17.019831850801957,0.610133519335958,624.043875017585,604.7100783156152
vid_000281_frame0000024.jpg,16.99172163657904,0.600964151189548,625.3180000563033,618.3944070605672
vid_000281_frame0000025.jpg,16.98401947385029,0.6104857695009024,612.6242786263487,602.2004412413879
vid_000281_frame0000026.jpg,17.03871041977263,0.6113931643835534,633.8648083484635,610.028265016597
vid_000281_frame0000027.jpg,16.998602752913683,0.6080288434306093,630.6512602769864,612.3075959031665
vid_000281_frame0000028.jpg,16.98204284825217,0.6021687248408103,615.6455530127046,611.0295140700069
vid_000281_frame0000029.jpg,16.96573034082213,0.6057136491375624,609.7721891322603,600.7948239900915
vid_000281_frame0000030.jpg,16.97229256135209,0.6031023017692179,637.1844589511259,615.6621287736127
vid_000281_frame0000031.jpg,16.989044050946458,0.6049580478684604,632.4271489785164,615.2938828071657
vid_000281_frame0000032.jpg,16.984557822394688,0.6015107674096775,640.279380648417,616.7569298935073
vid_000281_frame0000033.jpg,17.060695644442916,0.6112889382665855,629.5818316786142,618.1110831927272
vid_000281_frame0000034.jpg,17.104204211423035,0.6070096815254432,620.4094602037069,623.3493961564806
vid_000281_frame0000035.jpg,17.227163344328172,0.6146066708154212,619.3680870915927,623.4370045668193
vid_000281_frame0000036.jpg,17.26169550376482,0.6187347785483083,626.9914608193794,609.7387727943255
vid_000281_frame0000037.jpg,17.087069079407833,0.6143039477678643,651.8876272981496,606.2326114260788
vid_000281_frame0000038.jpg,17.1021887873485,0.6212729105505066,633.7502775344958,578.1669139481114
vid_000281_frame0000039.jpg,17.151572363677708,0.6202485499900955,628.0066122528604,564.3787304411433
vid_000282_frame0000011.jpg,18.86204498879993,0.8091470567151161,165.1764338336331,304.56870996992626
vid_000282_frame0000012.jpg,18.953057181518638,0.804871568970094,172.3427090556068,306.1033128697636
vid_000282_frame0000013.jpg,19.02576861284921,0.8077073545149419,172.87867655880015,301.95295758412675
vid_000282_frame0000014.jpg,18.87760272918795,0.7877497481028932,177.0658459821263,321.1965846949437
vid_000282_frame0000015.jpg,19.008172868233665,0.8037074074349451,174.14325418632134,304.9292953358091
vid_000282_frame0000016.jpg,18.930136313300867,0.7872771374032292,176.63715758684708,307.6062689794502
vid_000282_frame0000017.jpg,19.052766528700666,0.8046052128241472,172.87399936211932,300.7845845448759
vid_000282_frame0000018.jpg,18.903213877857517,0.7914440623950787,176.8280039296347,309.0901395631795
vid_000282_frame0000019.jpg,18.901802266339274,0.8033683975225259,171.7959084004462,288.62774495576275
vid_000282_frame0000020.jpg,18.839728463480142,0.778675589388181,179.55545536517764,327.24458885610136
vid_000282_frame0000021.jpg,18.87834553931812,0.7929680564231066,176.12866281498026,309.5934591405073
vid_000282_frame0000022.jpg,18.970207504980845,0.790252276833979,175.90619193703668,307.17113963838926
vid_000282_frame0000023.jpg,18.918926807046105,0.7956464587136608,171.05823486324562,299.7400715296714
vid_000282_frame0000024.jpg,18.925136884813266,0.7811147714456048,171.41814886708642,306.9021665735962
vid_000282_frame0000025.jpg,18.94992599876292,0.7933041855875237,169.11616512817028,302.4697225297668
vid_000282_frame0000026.jpg,18.87408302430781,0.7740576783816332,170.53774109662913,295.87780171474316
vid_000282_frame0000033.jpg,18.879118175948687,0.7929673281721863,169.987422568662,285.6275439685776
vid_000282_frame0000034.jpg,18.787592936687442,0.8036072032586291,176.44118587108136,286.6689620021652
vid_000282_frame0000035.jpg,18.934125614001967,0.8144551604412339,171.46416119043977,280.89035257843574
vid_000282_frame0000036.jpg,18.837393439110972,0.8121362087052192,167.49295509245485,280.28717603643156
vid_000282_frame0000037.jpg,18.934446707527975,0.8097633064922382,174.4284939866233,303.4166812838557
vid_000282_frame0000038.jpg,18.802711610334853,0.8235919419580014,177.74106294768802,292.60876161400756
vid_000282_frame0000039.jpg,18.67063997768559,0.8298549229512883,171.51365768631476,283.2406850681848
vid_000282_frame0000040.jpg,18.87670252628429,0.821068657373834,174.09019249431617,299.63971276980635
vid_000282_frame0000041.jpg,18.882506298782733,0.8241519822627801,175.82083103949608,299.45205162351675
vid_000282_frame0000042.jpg,18.82455230228093,0.8263368824350721,174.74848028615364,300.3445192995732
vid_000282_frame0000043.jpg,18.66777337440133,0.8168564813694865,175.2378751113214,305.570777702928
vid_000282_frame0000044.jpg,18.602960153063837,0.8321000667606452,174.52870072193878,310.9006192014574
vid_000282_frame0000045.jpg,18.647820936491048,0.8310110611188378,174.12747643596333,306.24791794804645
vid_000282_frame0000046.jpg,18.6123653931941,0.82741049440605,171.66925511930685,311.58574566228367
vid_000282_frame0000047.jpg,18.595562738902544,0.8287378392689179,174.64032780261067,319.6142543653147
vid_000282_frame0000048.jpg,18.585142347974912,0.8217817397841554,177.17373239395488,326.71107452370757
vid_000282_frame0000049.jpg,18.547295309195782,0.8364445425728256,179.83388165663274,318.4863309606285
vid_000282_frame0000050.jpg,18.38070553672837,0.833540257714248,203.75324320337293,366.7556779048615
vid_000282_frame0000051.jpg,18.537629123857442,0.8224159647667859,216.75447559194768,385.28232914450183
vid_000282_frame0000052.jpg,18.368756021450427,0.830573492053003,218.23332524052165,394.8131733947072
vid_000282_frame0000053.jpg,18.669715955096635,0.8351182348919283,236.18248101538595,420.03334238464083
vid_000282_frame0000054.jpg,18.588754228402042,0.8288267035922591,249.8697622054853,442.29830275743166
vid_000282_frame0000055.jpg,18.69196198329145,0.829457940293239,252.81869315539146,454.6568830389695
vid_000282_frame0000056.jpg,18.64024164877949,0.8337957152127112,247.66826423112218,445.5920599160647
vid_000282_frame0000057.jpg,18.693771823188555,0.8324335115374558,253.669444787875,458.99895661559424
vid_000282_frame0000058.jpg,18.56825112350358,0.8311136855319509,251.12872138645116,462.308690486042
vid_000282_frame0000059.jpg,18.61108714675959,0.830007240949228,248.00834324805584,445.7112939920032
vid_000282_frame0000060.jpg,18.650857658513466,0.8299201976980765,253.31332702612053,465.2522537869212
vid_000282_frame0000061.jpg,18.591711543524813,0.8311941926938659,253.24979869431525,455.3553772127497
vid_000282_frame0000081.jpg,18.676590195781955,0.8233108880531382,284.2712668834643,514.3576001202848
vid_000282_frame0000082.jpg,18.53294138906289,0.8304499903462589,278.3063557398042,499.36302515036397
vid_000282_frame0000083.jpg,18.583182098433348,0.8268512931812051,281.75025853582196,498.18906704562085
vid_000282_frame0000101.jpg,18.641794574475533,0.8467612959621992,253.46459246685572,359.57844028820057
vid_000282_frame0000102.jpg,18.71396809494393,0.8569625327085543,251.80170708273252,354.7612402636438
vid_000282_frame0000103.jpg,18.75261894648294,0.855349429853216,253.04248643516564,354.92439901417947
vid_000282_frame0000104.jpg,18.863412624952826,0.856792336947783,234.06274167143607,335.82664556247784
vid_000282_frame0000105.jpg,18.841964887082344,0.857078531633304,227.07311062977868,318.26260574377676
vid_000283_frame0000007.jpg,19.128889643516565,0.8246291303759872,213.92602578210537,339.029878297639
vid_000283_frame0000008.jpg,19.038523609109234,0.8125369499342415,216.52703408896966,344.068784846253
vid_000283_frame0000009.jpg,18.950742803238157,0.8247176996146696,212.78464956964652,337.4734751808673
vid_000283_frame0000010.jpg,19.155091803616877,0.8118266918381382,219.98732063631888,353.6657324310132
vid_000283_frame0000011.jpg,19.103886806898306,0.8241095964807424,213.25240361341324,338.1481085682859
vid_000283_frame0000012.jpg,19.028815135962514,0.8095539415469636,213.1930433563729,350.9884978740638
vid_000283_frame0000013.jpg,19.03582233741348,0.8170138170841098,207.54601357028793,346.4346162603734
vid_000283_frame0000014.jpg,18.92980794567518,0.8101425638693477,205.1392839747463,336.8172120145225
vid_000283_frame0000015.jpg,18.867271594900103,0.807356793046765,205.08315032519923,340.9691477403758
vid_000283_frame0000016.jpg,18.691662844222154,0.8025172923572413,230.1078408390464,362.41871849610925
vid_000283_frame0000017.jpg,19.013043125474656,0.8164661606451995,254.4598814942157,376.0218202002943
vid_000283_frame0000018.jpg,19.07150059130706,0.828397387451521,259.7729283972574,377.38411731121744
vid_000283_frame0000030.jpg,19.305885362896568,0.8305199267890561,257.45835331358296,384.0200976110031
vid_000283_frame0000031.jpg,19.345856194112642,0.8470416444777676,254.6030629503685,378.4439818003865
vid_000283_frame0000032.jpg,19.31101605288215,0.8396768227845564,252.77398801231521,377.8395289430818
vid_000283_frame0000054.jpg,19.32865718628987,0.8505314656899543,218.78993132195745,345.9171436796613
vid_000283_frame0000055.jpg,19.13384442904116,0.8455526621630711,210.38188625150502,343.8102427362554
vid_000283_frame0000056.jpg,19.120823372693867,0.8382577833009228,203.38626017915644,337.4685813613507
vid_000283_frame0000071.jpg,19.03323970736123,0.8365792561376203,206.73300763846208,337.3541356404512
vid_000283_frame0000072.jpg,19.024308311272875,0.8436485187319153,203.78628429274482,333.1145350740568
vid_000283_frame0000073.jpg,19.081788707242147,0.8333707645227045,209.5202438180818,350.39840747907965
vid_000283_frame0000074.jpg,19.125777302232024,0.845044881767565,208.71324110364927,339.74248542221403
vid_000284_frame0000016.jpg,18.877506260357386,0.7817776282386938,185.15021364040882,322.43450651183514
vid_000284_frame0000017.jpg,18.96201025731701,0.7985966987034864,184.1881665014809,315.4081208603566
vid_000284_frame0000018.jpg,18.90601997077864,0.7928099644379305,184.34494115758935,314.49603281036934
vid_000284_frame0000019.jpg,18.939429500921626,0.804281286164596,183.15581643674173,306.8350320766996
vid_000284_frame0000020.jpg,18.75891442041428,0.7860688149347772,191.07368901652342,333.0432657697471
vid_000284_frame0000021.jpg,18.744651165287358,0.8068584857274481,186.8086299865791,318.38463191484976
vid_000284_frame0000022.jpg,18.768973402438085,0.7995264761229706,184.83791684689638,316.8225077824564
vid_000284_frame0000023.jpg,18.681546277291943,0.8187622497387413,191.15594336727554,317.7833595810562
vid_000284_frame0000024.jpg,18.606696620836257,0.8173864028150312,192.9232890845114,323.87932990814
vid_000284_frame0000025.jpg,18.75559123630116,0.8212036359648544,190.77723912916562,314.72846132503525
vid_000284_frame0000026.jpg,18.807005019481725,0.814367746740199,190.49752022459091,319.42184011585056
vid_000284_frame0000027.jpg,18.701555666581996,0.8184524091392923,189.35083852339284,323.5373149256595
vid_000284_frame0000028.jpg,18.834113827449787,0.8136095155155035,195.1112833896259,331.20269622127944
vid_000284_frame0000029.jpg,18.750292055415333,0.8193905987057661,194.45393428344903,325.8252851717835
vid_000284_frame0000030.jpg,18.87490861620031,0.8122264110602035,204.1725165430484,343.15995381693256
vid_000284_frame0000031.jpg,18.777995415435733,0.8234914899351814,205.26323261264818,352.2647046158531
vid_000284_frame0000032.jpg,18.821901251414005,0.8101299338033462,211.67946933857493,362.6106113732925
vid_000284_frame0000033.jpg,18.808448288887462,0.8230915349755343,209.94127083008607,354.85235221213225
vid_000284_frame0000034.jpg,18.94205276776968,0.8178051210077933,217.74788739541867,371.3124215087537
vid_000284_frame0000035.jpg,18.889729402459178,0.8268264722512823,215.09157844947254,366.4243560158367
vid_000284_frame0000036.jpg,18.859648058915216,0.8262921134984373,211.68251165941197,359.1094439599651
vid_000284_frame0000037.jpg,18.90675604860251,0.8271064107687568,214.46423667987568,358.19593140116103
vid_000284_frame0000038.jpg,19.017627448883992,0.8302733825877988,219.80694661892716,367.09331340915173
vid_000284_frame0000039.jpg,19.028186863983542,0.8316335935371238,219.4507901855815,354.29493539601003
vid_000284_frame0000040.jpg,19.19231480568993,0.8344248085691787,232.5444016152752,370.668344510077
vid_000284_frame0000041.jpg,19.505236978287964,0.8468654176723037,251.05955368211045,380.62134329532296
vid_000284_frame0000042.jpg,19.58579546776283,0.8501117995909867,256.202365658658,387.29584216179563
vid_000284_frame0000043.jpg,19.820326422475773,0.855074977174529,257.0398744238771,389.67909324631023
vid_000284_frame0000044.jpg,19.679403762652218,0.8541380069764851,258.43993546093867,403.4635180658137
vid_000284_frame0000045.jpg,20.08420609038427,0.8664779168783565,262.309571157833,381.0838703655713
vid_000284_frame0000046.jpg,20.204646906491273,0.866134242913693,257.32611955553364,381.78923108703816
vid_000284_frame0000047.jpg,20.035101204651315,0.8628597419025921,261.90596493449493,386.8928111432499
vid_000284_frame0000048.jpg,20.13585943599577,0.8606218345926008,260.09853876840225,384.10179534913027
vid_000284_frame0000049.jpg,20.046007899798116,0.8561194598579723,257.2485667381612,369.6351441902399
vid_000284_frame0000050.jpg,20.00927168910946,0.8611953498040282,259.13035385220417,382.7591151149676
vid_000284_frame0000051.jpg,20.082931570466368,0.8618110780666769,253.21183530852633,380.67208993241786
vid_000284_frame0000052.jpg,20.018646632058115,0.8616563839398778,254.53055344421475,386.11638256324403
vid_000284_frame0000053.jpg,20.03561050196439,0.8607452230665515,252.33193166057646,382.6548652754818
vid_000284_frame0000054.jpg,19.98864554900646,0.8648279441694666,250.4574980885655,373.8307543187618
vid_000284_frame0000055.jpg,19.948027036821713,0.8676315322631533,250.16232524609822,378.7004835023182
vid_000284_frame0000056.jpg,19.928688800701877,0.872365449148358,252.45731847615787,377.5998501328932
vid_000284_frame0000057.jpg,19.90251941734345,0.8662560674178765,257.10657766366774,378.14427833993943
vid_000284_frame0000058.jpg,19.7994169306165,0.8632429163775107,262.6240965872709,394.81654745947253
vid_000284_frame0000059.jpg,19.705889158531814,0.8669702674131967,259.7048610043221,379.9637426450781
vid_000284_frame0000060.jpg,19.683213771206763,0.8629307344891366,255.65557345037467,368.20155052351697
vid_000284_frame0000061.jpg,19.4801029223394,0.8637258144821164,251.14539700143465,366.6922065259229
vid_000285_frame0000001.jpg,19.24109204001423,0.753553638863802,378.55967613276266,515.5149404237418
vid_000285_frame0000002.jpg,19.342162041285167,0.7633155419138498,378.37230914370286,506.17591748942425
vid_000285_frame0000003.jpg,19.366962189988666,0.778933021779935,377.9454829082234,497.9062894166559
vid_000285_frame0000004.jpg,19.63206629797131,0.7855074639328419,385.5421845886917,509.08548210308436
vid_000285_frame0000005.jpg,19.819420047377402,0.7970495621557472,401.2879079950407,505.2435507970241
vid_000285_frame0000006.jpg,19.946465973443956,0.8072606211052263,406.6136148087555,503.5974722875278
vid_000285_frame0000007.jpg,20.080842424431108,0.8097472605842144,415.84429457796904,507.9042735505723
vid_000285_frame0000008.jpg,20.165615963417807,0.8074459570264109,436.243058578176,525.8174502614024
vid_000285_frame0000009.jpg,20.40157622647969,0.8296796606988952,423.9245055733684,480.43686404974727
vid_000285_frame0000010.jpg,20.562109310868873,0.8336997983731895,393.35002270023404,462.6188971952723
vid_000285_frame0000011.jpg,20.004194171431,0.8054413054743451,364.28887630504613,481.4734705063084
vid_000285_frame0000012.jpg,20.344741690283257,0.8182060117213809,393.5779539526833,489.0630004912214
vid_000285_frame0000013.jpg,20.259051147586472,0.814788337727128,396.40625753745474,519.6456365821662
vid_000285_frame0000014.jpg,19.71541346436603,0.7982339065240103,411.4558336389587,588.9290425939187
vid_000285_frame0000015.jpg,20.274473655303797,0.8230612030748178,394.2048542453963,550.4072059288169
vid_000285_frame0000016.jpg,19.386492221812297,0.834246953594245,331.78183539477163,488.43036037554987
vid_000285_frame0000017.jpg,18.454662798097136,0.7633993834386255,367.96825273511786,668.2836093430107
vid_000285_frame0000018.jpg,19.39867490106067,0.7898339482138604,395.3604079260574,647.0270592580584
vid_000285_frame0000019.jpg,19.374117100790816,0.7821438120364327,399.8970494199376,643.9736663081007
vid_000285_frame0000020.jpg,19.242271917207802,0.7744266378139333,413.09058045898394,687.4044538769888
vid_000285_frame0000021.jpg,18.977682356059674,0.7779481153234142,383.7486462567201,657.3837499252452
vid_000285_frame0000022.jpg,18.837758723962928,0.7708983494242642,384.64120328206735,666.2675852155014
vid_000285_frame0000023.jpg,18.88549515664564,0.7676801873466877,381.34008380049795,665.5762555657113
vid_000285_frame0000024.jpg,18.753217851687005,0.7680574386505619,383.09233727613946,670.452341717049
vid_000285_frame0000025.jpg,18.910418109979087,0.77130777894262,379.3805539760866,663.7850522734902
vid_000285_frame0000026.jpg,18.906632497240125,0.776148907067557,379.5506016405513,649.8281709582529
vid_000285_frame0000027.jpg,18.89552608450067,0.7721264469926904,377.86919529367606,656.0419929142583
vid_000285_frame0000028.jpg,18.856153611317698,0.7680761800645918,386.94715524543955,678.6894076803205
vid_000285_frame0000029.jpg,18.938900030545497,0.7723871829436924,377.73132053600807,643.9363477698064
vid_000285_frame0000030.jpg,18.88954423817894,0.7656563984755457,386.25745807711405,675.4837231543077
vid_000285_frame0000031.jpg,18.929379749617567,0.7723367788021228,379.45070843221583,661.1928554759992
vid_000285_frame0000032.jpg,18.898951493322127,0.7715004974521418,374.7739351360115,664.0129621155695
vid_000285_frame0000033.jpg,19.266464579970066,0.790868982667455,346.10454771544903,583.3496711589929
vid_000285_frame0000034.jpg,19.416130116069983,0.7724518210903368,349.66461082062057,588.5450521893065
vid_000285_frame0000035.jpg,19.310483730646624,0.7719876540135981,350.459652778511,596.6373880252515
vid_000285_frame0000036.jpg,19.519429101336875,0.7766397174533219,341.28184482064177,561.9888379557165
vid_000285_frame0000037.jpg,19.397396488061183,0.7704876467935128,346.168420349885,589.9950267629326
vid_000285_frame0000038.jpg,19.413191099135556,0.7706289033257958,348.0974052242732,590.0647105254482
vid_000285_frame0000039.jpg,19.327630265292083,0.7662471123731658,349.93995436994817,586.2989326541785
vid_000285_frame0000040.jpg,19.284776871888763,0.7659115270237894,347.0101928049273,594.4354584596283
vid_000285_frame0000041.jpg,19.36136759539091,0.767999880816309,350.05576894523244,599.0260332989669
vid_000285_frame0000042.jpg,19.362701072303235,0.7686680748679904,349.9600757286397,594.1400083165391
vid_000285_frame0000043.jpg,19.314664233119135,0.7678192271468695,346.88936966733274,591.1334583999275
vid_000285_frame0000044.jpg,19.194560173726938,0.7651512300675911,350.374760629505,595.6579289072791
vid_000285_frame0000045.jpg,19.24444520324001,0.7666543831551186,352.3773259917185,603.6726432082935
vid_000285_frame0000046.jpg,19.358067683010283,0.7709208151433814,347.674271904783,576.831975573241
vid_000285_frame0000047.jpg,19.37068323635699,0.7704237538587847,347.1355775847795,595.8109734347091
vid_000285_frame0000048.jpg,19.251880814531702,0.7670330549268171,346.54593750621143,594.5707717622008
vid_000285_frame0000049.jpg,19.403349537769518,0.7657000081468249,348.5705055834418,583.5868113522515
vid_000285_frame0000050.jpg,19.25568861163295,0.7665821720052786,349.526125255455,596.5803214646098
vid_000285_frame0000051.jpg,19.300083547168185,0.7670872449220975,349.0950619737995,599.3577775152069
vid_000285_frame0000052.jpg,19.284545818266444,0.7680717636414144,349.04069905407187,597.3732737117913
vid_000285_frame0000053.jpg,19.367811181885664,0.7684857298761782,350.27615553476323,597.4892854266257
vid_000285_frame0000054.jpg,19.261824970867966,0.7665912949495697,350.7153420852545,596.9182510845895
vid_000285_frame0000055.jpg,19.24880547694898,0.766748888436439,350.42860907406407,605.1457160899265
vid_000285_frame0000056.jpg,19.273402549280693,0.7689101396923248,344.2058200988782,581.44935211645
vid_000285_frame0000057.jpg,19.17310966423034,0.7631681783997754,347.33445917122316,601.2768674646129
vid_000285_frame0000058.jpg,19.249796700862255,0.7633687706847633,349.79733204591173,607.6971256954674
vid_000285_frame0000059.jpg,19.228219258559577,0.7621777536513248,347.92827962645924,575.9448615857898
vid_000285_frame0000060.jpg,19.26617428437378,0.7646950590517552,350.51422008825057,598.5812437595246
vid_000285_frame0000061.jpg,19.239490044713037,0.7656157366205915,348.3754196914966,591.1428040048411
vid_000285_frame0000062.jpg,19.240195393661907,0.7657584997290073,346.43079304691645,598.8585047841841
vid_000285_frame0000063.jpg,19.266845848879367,0.7665175971424585,348.1271092003552,595.0496386645978
vid_000285_frame0000064.jpg,19.259882320411393,0.767989833613051,345.38011923713776,600.7622596365329
vid_000285_frame0000065.jpg,19.246613186605867,0.7670103001706573,348.06366505451035,597.9638193724605
vid_000285_frame0000066.jpg,19.178599068167323,0.7683886307685265,344.02048299734366,571.5767814548581
vid_000285_frame0000067.jpg,19.560856255892965,0.7898458402897868,340.27880913627456,544.3505915571621
vid_000285_frame0000068.jpg,19.61855320852648,0.7911212878433486,338.428221544891,518.3558953628636
vid_000285_frame0000069.jpg,19.823852182177756,0.8027975757987545,363.2688455402696,518.5484552158991
vid_000285_frame0000070.jpg,19.937370528431856,0.7948564880451133,383.117590489397,555.5721291296061
vid_000285_frame0000071.jpg,19.987118066954046,0.7954412575814195,384.7311541594837,561.7251174603339
vid_000285_frame0000072.jpg,19.864698214933757,0.794893550186564,374.1244256408528,557.0071723840532
vid_000285_frame0000073.jpg,19.63836249537327,0.7810388567336592,369.08459783957255,556.3175907411678
vid_000285_frame0000074.jpg,19.84022534468922,0.7910858579635817,367.9321040540538,543.297961383839
vid_000285_frame0000075.jpg,19.72435275228898,0.7822020262360012,371.68978867981957,556.560827866879
vid_000285_frame0000076.jpg,19.705017884272593,0.7924767693907243,363.5871899729397,524.3121320892284
vid_000285_frame0000077.jpg,19.707265697536492,0.7860780155795551,366.5559365725112,543.501924665121
vid_000285_frame0000078.jpg,19.77881722588488,0.7914791486661062,365.589430869453,536.3370297942859
vid_000285_frame0000079.jpg,19.57361107424407,0.7763144620275927,368.58615434387195,542.1811760789385
vid_000285_frame0000080.jpg,19.672465348172608,0.7854617608623156,365.6403552221591,546.1852605995336
vid_000285_frame0000081.jpg,19.752634083851987,0.7842183900659876,369.7978765192064,549.8653514594677
vid_000285_frame0000082.jpg,19.799785481449778,0.788894120993104,363.3786255642233,538.9729813534573
vid_000285_frame0000083.jpg,19.72450730647553,0.7858336912717813,364.20169761611186,541.013146465091
vid_000285_frame0000084.jpg,19.838690170084732,0.7891616587106508,366.8920610252788,543.64374452009
vid_000285_frame0000085.jpg,19.796986130034313,0.7853705242756565,371.6025283947317,549.8689046258775
vid_000285_frame0000086.jpg,19.86884448797738,0.7965098445799192,364.29058415954694,515.9249371401378
vid_000285_frame0000087.jpg,19.614984295664883,0.780753398922164,375.8509827867958,560.7724211175761
vid_000285_frame0000088.jpg,19.55950206030297,0.7847575596264359,375.38241455288494,563.3135038036298
vid_000285_frame0000089.jpg,19.517131733965797,0.7753808432139574,375.8607467198729,561.0864715371637
vid_000285_frame0000090.jpg,19.63160113640035,0.7865316610775759,373.53872473548154,565.4540765229925
vid_000285_frame0000091.jpg,19.588592140691006,0.7861113582129207,376.50502303977146,574.6865455847557
vid_000285_frame0000092.jpg,19.62637056205249,0.7898369570841037,370.02795754194557,563.8390927792539
vid_000285_frame0000093.jpg,19.59652976476921,0.7768190380261412,377.02426581299574,581.8924157461859
vid_000285_frame0000094.jpg,19.716445403031404,0.7883219706512853,374.8322659623394,574.035495537355
vid_000285_frame0000095.jpg,19.839523271817548,0.7868886036075855,375.72295062152784,570.7986654105595
vid_000285_frame0000096.jpg,19.895737797912055,0.7936035196771177,369.25142801301234,536.9117319047431
vid_000285_frame0000097.jpg,19.57562081518376,0.7798456616876323,378.3878688828916,581.6838263762327
vid_000285_frame0000098.jpg,19.64164198719743,0.7856546032222114,372.33257302889496,563.2509606482442
vid_000285_frame0000099.jpg,19.455548373235374,0.7706089058625314,374.8044915800207,574.309455974347
vid_000285_frame0000100.jpg,19.635672288496515,0.7806401840498696,374.6820532802903,586.3845031396982
vid_000285_frame0000101.jpg,19.526023866778488,0.7781907011581546,381.32036073659816,586.9123430971893
vid_000285_frame0000102.jpg,19.590668072906002,0.7844972720609449,374.61297302707385,582.3937077239757
vid_000285_frame0000103.jpg,19.63150029621762,0.7872981179816287,372.05533121150097,570.1485581446902
vid_000285_frame0000104.jpg,19.61067958009724,0.785804967584661,373.3343797818282,571.899963222259
vid_000285_frame0000105.jpg,19.69843424041486,0.783890032379409,371.3179384440795,571.5501587518243
vid_000285_frame0000106.jpg,19.67252692722274,0.7942682824069651,368.74971450028005,549.9109351360485
vid_000285_frame0000107.jpg,19.66950496849167,0.784955356724263,372.5782968076397,577.4841505564863
vid_000285_frame0000108.jpg,19.70502604578881,0.7868543782097666,372.5066640416952,563.874002901504
vid_000285_frame0000109.jpg,19.516245048366493,0.7735934395472072,371.67238513110823,560.4171166264068
vid_000285_frame0000110.jpg,19.572025235896426,0.7789672544546513,374.185445664877,581.5527339398558
vid_000285_frame0000111.jpg,19.581992483036327,0.7861244898231448,371.38757827534323,572.7178036036007
vid_000285_frame0000112.jpg,19.691548685629872,0.7893275120895774,372.3891454535214,570.0600508211542
vid_000285_frame0000113.jpg,19.67058673464581,0.788246119097917,374.03482940187644,575.6667837983942
vid_000285_frame0000114.jpg,19.631668766914448,0.7867459744308998,373.6613914031883,580.3802653939447
vid_000285_frame0000115.jpg,19.625380049141768,0.785474291014034,372.79992282354476,579.7262709727003
vid_000285_frame0000116.jpg,19.721541991510104,0.7916104334585855,370.1252544495835,547.58374896618
vid_000285_frame0000117.jpg,19.671980858799763,0.7834924341590422,375.65417928137344,576.2390690549009
vid_000285_frame0000118.jpg,19.636810964226264,0.7851123231690001,371.9583522321528,575.3512172035125
vid_000285_frame0000119.jpg,19.527993753682413,0.7740004675552425,375.71786151091743,565.5684809540846
vid_000285_frame0000120.jpg,19.701212821839217,0.7841560916752806,374.62752618940226,576.2948949446977
vid_000285_frame0000121.jpg,19.454246270993522,0.7822331586628571,373.05231927841805,578.5597266373511
vid_000285_frame0000122.jpg,19.640351719837792,0.7832168618232265,373.08696950190046,583.3340703652544
vid_000285_frame0000123.jpg,19.62925458142889,0.7836715763163647,372.9723586626303,576.2166512915657
vid_000285_frame0000124.jpg,19.625693343955184,0.7823445200490845,376.04632624801445,583.4788033360669
vid_000285_frame0000125.jpg,19.598806473191654,0.7837099153723636,372.86502406248894,577.8724190931935
vid_000285_frame0000126.jpg,19.779145436710916,0.7919471977963305,370.611863798542,549.4716519652948
vid_000285_frame0000127.jpg,19.642140402188232,0.7856846838438895,374.2413971685014,579.1812585136888
vid_000285_frame0000128.jpg,19.75491918979378,0.788905290349792,372.33093487614644,563.0186609983652
vid_000285_frame0000129.jpg,19.503687812998322,0.7735943593328211,378.37050538024323,570.0414304961829
vid_000285_frame0000130.jpg,19.650315478665362,0.7842907452825512,377.1955576099009,579.4749043169139
vid_000285_frame0000131.jpg,19.601901941855363,0.7843546009788004,375.53717298022923,578.9997164430642
vid_000285_frame0000132.jpg,19.56657335886022,0.7824668430613517,373.6646246486938,585.1639431534715
vid_000285_frame0000133.jpg,19.70081785842882,0.7890158377845596,374.75907317417534,571.0602719310585
vid_000285_frame0000134.jpg,19.66304919665636,0.784004431047092,375.8691111984994,582.3842991355402
vid_000285_frame0000135.jpg,19.66940206237497,0.7835969362993066,378.33637278951915,587.9026662203561
vid_000285_frame0000136.jpg,19.624355944249235,0.7873972538167165,371.8259202790297,554.6218104042777
vid_000285_frame0000137.jpg,19.73655249536197,0.7899063532413851,372.50651141342985,569.9125811151355
vid_000285_frame0000138.jpg,19.637036606823045,0.7808357962952795,376.0644327293231,577.4763457004954
vid_000285_frame0000139.jpg,19.615422115994534,0.7751645146384574,376.1074267301394,564.3862113772874
vid_000285_frame0000140.jpg,19.616987114674394,0.7775810056106417,381.86392467406426,592.7249482142363
vid_000285_frame0000141.jpg,19.760283406521662,0.7880538520740882,374.1811853576677,571.9901929435764
vid_000285_frame0000142.jpg,19.68320118304192,0.7839508503700904,373.04315851516293,575.0559071860915
vid_000285_frame0000143.jpg,19.68903204202233,0.7921186520402559,371.0604861134723,567.3142176185046
vid_000285_frame0000144.jpg,19.620269599339146,0.7825781903534242,376.23639376157246,579.4303282671316
vid_000285_frame0000145.jpg,19.653413443373765,0.7888213569364275,371.8255592917552,569.3772978221144
vid_000285_frame0000146.jpg,19.69878614631591,0.7924866920408248,372.2411659650101,548.4465526646213
vid_000285_frame0000147.jpg,19.78309397924272,0.8056700410389181,366.25871174941165,561.3422723555555
vid_000285_frame0000148.jpg,18.92577845178932,0.7867992256518558,402.58396823680584,672.8466474431813
vid_000285_frame0000149.jpg,19.17345398197979,0.8020482987031837,424.1792714712567,689.81212125479
vid_000285_frame0000150.jpg,19.311181158145438,0.7952034006288268,445.6739197935134,742.0725070988616
vid_000285_frame0000151.jpg,18.00276202891044,0.7678272197438339,400.9906210131235,753.0109916545925
vid_000285_frame0000152.jpg,18.32342250495941,0.7798380800255332,408.65613718582523,735.9509320467065
vid_000285_frame0000153.jpg,19.035821419057303,0.7966918223822432,433.3442836102626,716.9253891864564
vid_000285_frame0000154.jpg,18.935227999185603,0.780975642034914,448.284684807876,761.6859934357389
vid_000285_frame0000155.jpg,18.724505434121504,0.7844018602136433,436.83783759437955,747.1343098164257
vid_000285_frame0000156.jpg,18.577648548998454,0.7755977170678964,423.1390357999038,726.3561875490531
vid_000285_frame0000157.jpg,18.43927436265436,0.7695500130106773,419.7237505339452,742.8547231360574
vid_000285_frame0000158.jpg,18.373468279898557,0.7636658937461686,428.0531264988051,764.0642491201406
vid_000285_frame0000159.jpg,18.388927896165637,0.7648778039496081,423.50074994113595,735.2821886418028
vid_000285_frame0000160.jpg,18.35825511749676,0.7593308375536818,433.7043510426081,763.2689142823486
vid_000285_frame0000161.jpg,18.493238213211608,0.771892308297244,416.58634180974764,732.4037329689229
vid_000285_frame0000162.jpg,18.35404822701364,0.7665839744753743,427.12766963837385,765.4751191245899
vid_000285_frame0000163.jpg,18.456689780647515,0.7756448722824465,413.28790070823175,734.2634023834
vid_000285_frame0000164.jpg,18.351045441930165,0.7646977451731486,422.5275340288132,759.6359367735881
vid_000285_frame0000165.jpg,18.532620776385407,0.7716303045925953,422.32717072283435,738.9095408867514
vid_000285_frame0000166.jpg,18.3830185399399,0.7695362076441525,418.9514502818178,727.7841860236955
vid_000285_frame0000167.jpg,18.54266982730015,0.7700841621409489,423.82274427483037,758.5967913065325
vid_000285_frame0000168.jpg,18.458743675318797,0.7650909061573795,437.3091597770945,790.0884727783439
vid_000285_frame0000169.jpg,18.38985207600328,0.7612798015035039,429.5000024189907,764.4864144540356
vid_000285_frame0000170.jpg,18.590681091979057,0.7638983685191674,428.16655122961333,776.5769161907087
vid_000285_frame0000171.jpg,18.530677692003284,0.7691186521515702,431.1424994564428,772.9897187964821
vid_000285_frame0000172.jpg,18.465420599688038,0.7679315092721642,424.3041042855343,770.7719768485482
vid_000285_frame0000173.jpg,18.48641552615435,0.7692263330349821,420.2671847851245,754.435421799783
vid_000285_frame0000174.jpg,18.402386821150657,0.7610670943286513,428.6022608102716,782.8261300296834
vid_000285_frame0000175.jpg,18.331946819179034,0.7617854695514122,428.9348085417703,786.186439666177
vid_000285_frame0000176.jpg,18.33492463105237,0.7646455703109042,423.2929403367042,771.2002019725724
vid_000285_frame0000177.jpg,18.391318119641614,0.7618981113464692,430.53946392915265,789.8331358642292
vid_000285_frame0000178.jpg,18.422780855132356,0.7675669303089648,424.9860027551449,769.6918399561067
vid_000285_frame0000179.jpg,18.399248451549866,0.7606362663020834,424.2556862281583,755.010606639697
vid_000285_frame0000180.jpg,18.373142342129192,0.7614837934370039,425.22233462019483,766.2097470658396
vid_000285_frame0000181.jpg,18.405004818999288,0.7642647972371163,427.17088429547505,769.6374603900277
vid_000285_frame0000182.jpg,18.404833551979994,0.7663555998811233,427.02303182359344,776.7815176089208
vid_000285_frame0000183.jpg,18.501742044089923,0.7720347164560876,422.05227963522964,754.3866918169961
vid_000285_frame0000184.jpg,18.446979658936907,0.7682627287295124,428.20880961035493,767.7438785374432
vid_000285_frame0000185.jpg,18.35714898974404,0.7672295593784977,426.88466583750477,766.9912221127465
vid_000285_frame0000186.jpg,18.408954176844837,0.7710378949113078,418.71742232799136,736.656543937135
vid_000285_frame0000187.jpg,18.43230194849889,0.7674911706429614,429.56383525147737,768.4519706937372
vid_000285_frame0000188.jpg,18.414632369159808,0.7679455918758015,428.411582538665,770.257650095426
vid_000285_frame0000189.jpg,18.32084074074316,0.7610089533850064,426.7148248588734,763.8535419723498
vid_000286_frame0000001.jpg,16.283751658264496,0.43292624498047894,614.7672529572799,548.5860885165336
vid_000286_frame0000002.jpg,16.327755215050264,0.44388560567578256,612.1726245295152,542.9254786698535
vid_000286_frame0000003.jpg,16.273125122769358,0.44342229623346957,631.036565903915,546.1836541050286
vid_000286_frame0000004.jpg,15.889157344391247,0.45245921876226775,628.1706531614877,607.5592469329043
vid_000286_frame0000005.jpg,15.833259347619116,0.4594622613252363,618.2341102801333,600.0729831433507
vid_000286_frame0000006.jpg,15.762493876479553,0.4735547130615174,614.2216746587045,611.7456051680334
vid_000286_frame0000007.jpg,15.869865756731187,0.47853349301562015,605.6370703624302,617.7672423129712
vid_000286_frame0000008.jpg,15.783625217872338,0.4629242601916035,612.3563642823234,623.01590971116
vid_000286_frame0000009.jpg,15.750926675415577,0.5098540184000906,565.185871788535,603.9691710986281
vid_000286_frame0000010.jpg,15.676966519406239,0.4948111310882424,584.7199445977793,614.7791912171378
vid_000286_frame0000011.jpg,15.642086301431297,0.4923531271232669,595.6516835263816,615.2299843249774
vid_000286_frame0000012.jpg,15.59447508704347,0.48043315887136134,597.747069605613,626.343615995511
vid_000286_frame0000013.jpg,15.59453410192424,0.4786918517435001,595.1155490382836,622.3113091975029
vid_000286_frame0000014.jpg,15.721562812348449,0.48919585182008457,582.0691695781903,602.5103500632291
vid_000286_frame0000015.jpg,15.6686723590363,0.4869149664740591,590.9201485294682,632.1894234047288
vid_000286_frame0000016.jpg,15.57197228643812,0.48353638812651384,576.9118844006766,613.9660202433768
vid_000286_frame0000017.jpg,15.624999167943116,0.47236699283919587,573.8800722904363,595.519284545753
vid_000286_frame0000018.jpg,15.635032621229838,0.46095579797966907,577.4013476485497,598.5690535101986
vid_000286_frame0000019.jpg,15.737125085721145,0.45909785538910497,581.0272487638076,591.3129612568915
vid_000286_frame0000020.jpg,15.75127915781067,0.44298573962396576,585.5602893267968,580.804112588099
vid_000286_frame0000021.jpg,15.842097598619453,0.4524260265586159,602.093101310935,580.9626431244378
vid_000286_frame0000022.jpg,15.798623082993611,0.45100621062447477,587.043659913069,573.1047893966177
vid_000286_frame0000023.jpg,15.826122650782628,0.4515620321091496,596.6586828769414,583.4250949527911
vid_000286_frame0000024.jpg,15.947665999052663,0.43678871861190177,609.7309544810432,545.6003579938038
vid_000286_frame0000025.jpg,16.490364446216006,0.4232655286381022,714.0437291936867,591.0266275989266
vid_000286_frame0000026.jpg,16.341026113237486,0.4279485495463762,713.6128398687429,595.2013502170553
vid_000287_frame0000001.jpg,18.053322462822305,0.5455267805599298,563.7307833169162,617.8698218206126
vid_000287_frame0000002.jpg,18.15784676347783,0.5636845751044853,560.5365730313788,604.8113600759842
vid_000287_frame0000003.jpg,18.317833645760775,0.5709222966946405,549.4150484062302,600.5599922955428
vid_000287_frame0000004.jpg,17.83688993305293,0.5499489853165699,566.3812641824636,648.8923628179061
vid_000287_frame0000005.jpg,17.724504594961736,0.5571445364245284,557.4078074904364,622.8670075071493
vid_000287_frame0000006.jpg,17.72354772398476,0.5650298372236177,557.5759161580158,586.2603946572701
vid_000287_frame0000007.jpg,18.301211900685495,0.5906649479037834,550.7434421171615,582.1872351112363
vid_000287_frame0000008.jpg,18.77460914886716,0.6066006968133727,513.3616265100777,566.4915161362259
vid_000287_frame0000009.jpg,18.324354913258897,0.6214780532605743,506.7647741844971,542.7995026698624
vid_000287_frame0000010.jpg,16.552024034696107,0.5176666741630146,593.5750815879082,537.5476452791393
vid_000288_frame0000007.jpg,19.643019966380397,0.7885066400861245,356.86711032244585,482.6477688639177
vid_000288_frame0000008.jpg,19.124718528235945,0.7709723020159958,344.94910681754845,473.1115282108533
vid_000288_frame0000009.jpg,19.215547158713214,0.7745277273050708,332.7467916596445,435.020293871838
vid_000288_frame0000010.jpg,18.975540200157976,0.7707927061876735,321.3435212313543,440.5168732112105
vid_000288_frame0000011.jpg,19.09609858554513,0.7762037915975976,305.18797121034487,421.515947854493
vid_000288_frame0000012.jpg,18.958094396869004,0.7682307595936954,305.6862633959913,429.9314754493121
vid_000288_frame0000013.jpg,19.008039682184513,0.7788793492977182,298.6429775887165,414.9976649762248
vid_000288_frame0000014.jpg,18.870062866211224,0.7716140610738488,297.72634071049055,422.66763252193675
vid_000288_frame0000015.jpg,19.015048301204935,0.7832509849985455,289.4621780163875,409.8592186798594
vid_000288_frame0000016.jpg,18.928655572587093,0.7735343013736906,286.23845957356286,405.7890432458074
vid_000288_frame0000017.jpg,18.892577960186934,0.7848532058576575,279.4272053610915,400.8492221586648
vid_000288_frame0000018.jpg,18.84125003841005,0.7779147022557681,277.1884992793315,398.40882425137147
vid_000288_frame0000019.jpg,18.84763507222288,0.7862668157996593,268.7959485892318,383.62713706929924
vid_000288_frame0000020.jpg,18.74049628129625,0.7760640728586793,269.12770702375843,387.54220569447045
vid_000288_frame0000021.jpg,18.75157802944654,0.7876491023305787,260.4891879657811,372.601787235247
vid_000288_frame0000022.jpg,18.714378099236896,0.7797015999715264,259.12093185417405,375.7827646039668
vid_000288_frame0000023.jpg,18.774801904641127,0.7876578182711688,256.8914410182758,370.0386394848522
vid_000288_frame0000024.jpg,18.711276379593937,0.781330999527904,255.5613648188057,372.4129960086908
vid_000288_frame0000025.jpg,18.744908080738785,0.7881215795030992,250.07494466010007,367.5098917261063
vid_000288_frame0000026.jpg,18.620385415346963,0.7782866596847794,248.3453892690685,366.2974928179343
vid_000288_frame0000027.jpg,18.82965743622667,0.7858917769627377,246.77243549269113,361.81240287341495
vid_000288_frame0000028.jpg,18.645552696175244,0.7734322787092124,250.04883559894427,375.09392929772685
vid_000288_frame0000029.jpg,18.61848171697948,0.777648744484935,249.51767127378383,371.0119436380621
vid_000288_frame0000030.jpg,18.66972643538796,0.7724264103932866,253.1590287060764,371.9652759281788
vid_000288_frame0000031.jpg,18.789757571491187,0.7824272496241581,254.83826505809176,375.1156580130661
vid_000288_frame0000032.jpg,18.710721699743548,0.7776768138174397,259.68080568131563,376.1546524937208
vid_000288_frame0000033.jpg,18.78416973454939,0.7872482606996994,257.60363584079306,373.7601000033597
vid_000288_frame0000034.jpg,18.698862474167477,0.782292862277513,257.1772502760719,382.08419040338356
vid_000288_frame0000035.jpg,18.737842580130156,0.7860871817659879,255.76544667711238,377.6947197169929
vid_000288_frame0000036.jpg,18.746607614131065,0.7934142536451053,258.3795100393563,372.47144095645103
vid_000288_frame0000037.jpg,18.66004814378178,0.7823457789245528,267.91388997187437,387.16420437416406
vid_000288_frame0000038.jpg,18.695625572102227,0.7860268711451214,268.56350595874153,387.17755399471105
vid_000288_frame0000039.jpg,18.77919959988391,0.7897048016222965,267.81426048790865,377.0945325203305
vid_000288_frame0000040.jpg,18.911910324522466,0.7904787892600119,270.46023845015236,381.7623538569538
vid_000288_frame0000041.jpg,18.864157306579447,0.7886086934443867,270.32187028053085,391.41786432552533
vid_000288_frame0000042.jpg,18.813598427685395,0.7855107096546491,272.4865236189873,397.4619663427309
vid_000288_frame0000043.jpg,18.838728424594237,0.7840110750198467,275.15611125477017,401.2023556285484
vid_000288_frame0000044.jpg,18.69330854532794,0.7830321718571257,277.12702610507836,396.3170359419995
vid_000288_frame0000045.jpg,18.77960616933884,0.7847267175351851,277.31402841379133,395.34146053086283
vid_000288_frame0000046.jpg,18.862821493107877,0.7862826238465338,275.08021118192033,393.66844816263006
vid_000288_frame0000047.jpg,18.86976629105841,0.7835762886680002,279.1170577443402,401.5872339133814
vid_000288_frame0000048.jpg,18.792696152747453,0.7879787090821994,274.7592568770659,394.5467248299947
vid_000288_frame0000049.jpg,18.674667383996727,0.7889714474486316,263.0941605155175,387.8376789605652
vid_000288_frame0000050.jpg,18.552460310888844,0.7799814887967641,246.27148545534118,378.1691915571621
vid_000288_frame0000051.jpg,18.560956360808728,0.7748560443965059,236.7099128420018,377.5156562409768
vid_000288_frame0000052.jpg,18.691372094692277,0.7877622172814794,249.87007375910736,380.41263819204914
vid_000288_frame0000053.jpg,18.738155371140042,0.7976621744719522,258.32624192763853,381.5165356168736
vid_000288_frame0000054.jpg,18.66920345702967,0.8029259766615214,263.147568944802,388.75605313552705
vid_000288_frame0000055.jpg,18.65908037109003,0.798484090764009,263.12040384253663,385.771442063421
vid_000288_frame0000056.jpg,18.601191080241573,0.7981780177800751,263.02877478820506,387.6101484565869
vid_000288_frame0000057.jpg,18.612172319562312,0.7980105897720109,263.73896993201254,391.136375601335
vid_000288_frame0000058.jpg,18.637941019385657,0.7992769235792127,262.8805156129129,381.98944369842025
vid_000288_frame0000059.jpg,18.611353227970817,0.798062061560238,261.9456259414962,383.7360950794035
vid_000288_frame0000060.jpg,18.603334197899354,0.7967008714971126,263.5322356622712,387.8224338572647
vid_000288_frame0000061.jpg,18.60542156478278,0.7968857173414996,263.68080143599065,390.9645128103564
vid_000288_frame0000062.jpg,18.56121039681252,0.7968298103257595,263.20107828125293,400.52708941172887
vid_000288_frame0000063.jpg,18.581428980239163,0.7945288588333849,262.8652919245395,393.0806974324365
vid_000288_frame0000064.jpg,18.518056027014797,0.7935672742567323,262.1961236285215,393.619613743954
vid_000288_frame0000065.jpg,18.468715853799374,0.7928956803927024,261.1440241510085,393.0274905215284
vid_000288_frame0000066.jpg,18.557412710209032,0.8001287959246072,257.93307585816626,386.25068800873873
vid_000288_frame0000067.jpg,18.55259854961696,0.8017006622084355,258.1979237894601,378.6216117221695
vid_000288_frame0000068.jpg,18.58624709792277,0.805100062710366,257.7818309864866,380.43992147199015
vid_000288_frame0000069.jpg,18.460173487956094,0.7854039774457439,257.2210069084515,379.37268608551204
vid_000288_frame0000070.jpg,18.63264297168252,0.8027708569605821,252.17351946144777,373.95049365317027
vid_000288_frame0000071.jpg,18.552513689312576,0.7913727039312873,252.56338468777108,378.4410582061926
vid_000288_frame0000072.jpg,18.577295799097836,0.7972828631886637,248.60891685059738,373.8347306375508
vid_000288_frame0000073.jpg,18.441391727444525,0.7928253785331192,250.81274678641242,372.76989966102235
vid_000288_frame0000074.jpg,18.571355909677607,0.8112788176454022,248.70633822707816,359.970160395593
vid_000288_frame0000075.jpg,18.57523347604404,0.7981842243205383,250.68238265622585,366.7987450532453
vid_000288_frame0000076.jpg,18.608151613259196,0.817041873116051,245.45364898816734,358.43893890476687
vid_000288_frame0000077.jpg,18.62291744110889,0.79648723723215,248.4305905238616,363.75643007990413
vid_000288_frame0000078.jpg,18.434571758987577,0.8041183549661904,242.84513147856205,361.43456400505784
vid_000288_frame0000079.jpg,18.45604488498578,0.7942191848991399,244.3265082520875,364.95977904659424
vid_000288_frame0000080.jpg,18.590489007877878,0.8044427265091096,241.40221701522117,354.7347367173726
vid_000288_frame0000081.jpg,18.373630199264063,0.7883016229876448,243.99526362336337,361.7123850548889
vid_000288_frame0000082.jpg,18.49613230557426,0.8007957477559359,239.5106841377122,353.2482590632516
vid_000288_frame0000083.jpg,18.377056576174365,0.7904621971578439,240.39428421983177,350.54859142846976
vid_000288_frame0000084.jpg,18.53955023960389,0.8046414594729385,235.93473791901994,346.40664075016235
vid_000288_frame0000085.jpg,18.40766740703639,0.7933628358956645,237.90048678138172,356.29534129084914
vid_000288_frame0000086.jpg,18.418072232208257,0.7999841419385314,234.3798742476833,345.52912023265435
vid_000288_frame0000087.jpg,18.533633828516137,0.7963058825440026,241.71561474301126,348.9603349997212
vid_000288_frame0000088.jpg,18.266496758777425,0.80808081118095,246.28250594924896,357.1460322311363
vid_000288_frame0000089.jpg,18.194304981369132,0.8000364569695129,246.21879514896358,353.7228058877355
vid_000288_frame0000090.jpg,18.18622598572893,0.8186465118741322,240.70259383503202,346.93550901393724
vid_000288_frame0000091.jpg,18.05010489202009,0.8128054197948295,241.78874833779565,349.3845601866325
vid_000288_frame0000092.jpg,18.420469321186182,0.8360621988803164,236.05254131117135,344.659376565004
vid_000288_frame0000093.jpg,18.77972926239635,0.8324954499394107,235.36116442776714,339.5317959598766
vid_000289_frame0000013.jpg,18.777771004371317,0.8227186491622858,239.78076209445877,345.408212371648
vid_000289_frame0000014.jpg,18.811831124841298,0.8089293836987336,254.79972401136223,367.6392880097243
vid_000289_frame0000015.jpg,19.2857425347949,0.8195828992705357,274.1851310334681,378.6500433493779
vid_000289_frame0000016.jpg,19.293405973447715,0.8128447514502773,279.9955362267626,388.73366632781233
vid_000289_frame0000017.jpg,19.312753699606542,0.8307605454884565,261.9808258947021,361.85789510087926
vid_000289_frame0000018.jpg,18.867696112919575,0.8046090724052588,257.4063301232339,375.74103726151293
vid_000289_frame0000019.jpg,19.083775084036887,0.8191021424636985,256.93349243765874,358.08808733665774
vid_000289_frame0000020.jpg,19.175006195000904,0.8062483851797424,280.21760502661476,391.70272142274683
vid_000289_frame0000021.jpg,19.460056107290562,0.8151570723847573,289.93807372782686,381.39847054933114
vid_000289_frame0000022.jpg,19.527464726261854,0.804540679356256,298.86510889377615,396.3573438183373
vid_000289_frame0000023.jpg,19.560620424207844,0.8140809449619996,289.02981267441766,385.063506203132
vid_000289_frame0000024.jpg,19.429920916827246,0.800394633616135,296.03126541484227,402.70876721934565
vid_000289_frame0000025.jpg,19.652492644055314,0.8092859495144037,306.73750670462647,401.8229229866946
vid_000289_frame0000026.jpg,19.72966815016676,0.8161730518063276,340.0707976463535,414.8988846771476
vid_000289_frame0000027.jpg,19.73487474408222,0.8044466187059749,372.6943180285222,453.0404809946838
vid_000289_frame0000028.jpg,19.73601564239192,0.7965437323574281,377.87438919361955,459.95183940471566
vid_000289_frame0000029.jpg,19.867774536787508,0.8111118040327073,365.20091328506254,436.8800638557932
vid_000289_frame0000030.jpg,19.77864954856146,0.7825103107497369,382.4368687795526,495.1382429337418
vid_000289_frame0000031.jpg,19.887085402820816,0.7978060401774069,390.6806535658134,474.6714163130185
vid_000289_frame0000032.jpg,19.726727413985685,0.7834321928535632,402.18344247327803,509.206921775571
vid_000289_frame0000035.jpg,19.050323001986996,0.7485113738419985,375.18221183171084,517.493163768972
vid_000289_frame0000038.jpg,19.620539623452437,0.7725156777408749,403.9126441990182,531.5939190713563
vid_000289_frame0000040.jpg,19.665351344893697,0.7671678615693808,407.6290440856568,561.152680661582
vid_000289_frame0000041.jpg,19.233479674618643,0.7557885124564971,385.75267902641,518.1905462263527
vid_000289_frame0000046.jpg,19.640738826217717,0.7876571938722474,387.49057267942305,492.69528712302593
vid_000289_frame0000047.jpg,19.474207769763673,0.7719229740895451,399.44022954342665,520.5625885787315
vid_000289_frame0000048.jpg,19.443206761268957,0.7693786026488608,399.0894742310145,524.3976166551355
vid_000289_frame0000049.jpg,19.720668006575654,0.7861616828607619,389.90743775824154,498.1899146243875
vid_000289_frame0000050.jpg,19.576216472630726,0.7753047308681533,390.3334738916032,522.4136938273217
vid_000289_frame0000051.jpg,19.77988028789066,0.7870976252238412,396.8987046357708,502.6038024105645
vid_000289_frame0000052.jpg,19.78620311261069,0.785379480230909,400.07452485447,519.6440783529101
vid_000289_frame0000054.jpg,19.33037865107638,0.7712323645896341,393.4895320693259,513.2551161427409
vid_000289_frame0000055.jpg,19.401231027002698,0.7666272727761276,390.77884943492705,520.0455709068591
vid_000289_frame0000056.jpg,19.71692344759426,0.7940514997870354,400.1777583731534,513.9082106576685
vid_000289_frame0000057.jpg,19.571233187479763,0.7750040739838814,417.7548160011844,552.1958246351724
vid_000289_frame0000064.jpg,19.03308642543095,0.7630028263426855,396.47560034725876,523.3675722110587
vid_000289_frame0000065.jpg,19.2612037846268,0.7669737689664945,399.3351123646954,531.9541541645649
vid_000289_frame0000066.jpg,19.48926104717425,0.7904600021115216,384.24004456331147,484.70633361753016
vid_000289_frame0000067.jpg,19.7956363698925,0.7940699625429993,379.6428494440433,478.4863365925661
vid_000289_frame0000068.jpg,19.782765714988997,0.802700841243165,370.35446575177093,453.0368398802396
vid_000289_frame0000069.jpg,19.614262002159567,0.7851757353153249,376.8900011346376,473.9037872568782
vid_000289_frame0000070.jpg,19.93652558115167,0.799110859124999,393.8282365191678,484.69739274891106
vid_000289_frame0000071.jpg,19.84193150457202,0.7806628018064998,407.8692394886433,536.0335029431365
vid_000290_frame0000001.jpg,16.468307134515694,0.4868173999475971,502.41148347873263,692.7176706964258
vid_000290_frame0000002.jpg,16.581804672206854,0.4987707087329942,491.83995823901773,655.0173552028715
vid_000290_frame0000003.jpg,16.68033138130626,0.4895926069826604,499.06043453649283,739.2375663326516
vid_000290_frame0000004.jpg,16.63328558626709,0.4799834673307175,511.26215157652473,791.9363867298657
vid_000290_frame0000005.jpg,16.812608669378402,0.49308766541788307,497.87274947654134,697.3872653622186
vid_000290_frame0000006.jpg,16.514041228889383,0.49177917787764097,510.11406734077934,776.9165651207226
vid_000290_frame0000007.jpg,16.48169447209633,0.4889453212742964,482.72088523346133,668.7606149624346
vid_000290_frame0000010.jpg,16.62147972707118,0.48653345549917687,500.2655605639652,650.3723360641634
vid_000290_frame0000011.jpg,16.61763533918385,0.4861496932570808,485.80598127538485,679.0045462179252
vid_000290_frame0000012.jpg,16.448696039133836,0.4752885740494594,520.682062790893,797.9184284065789
vid_000290_frame0000013.jpg,16.535181437448767,0.4804356705122232,513.3683361175993,811.6491923311644
vid_000290_frame0000014.jpg,16.707797232310025,0.4792226819161589,507.63999735076385,840.1533028375977
vid_000290_frame0000015.jpg,17.226112901146358,0.5022109156269735,496.24463625128084,767.6566593422119
vid_000290_frame0000016.jpg,17.82904666998696,0.5155094798142533,470.6341658769879,755.066255603652
vid_000290_frame0000017.jpg,18.279005795203325,0.5225376144801214,472.95405850191094,744.2755544317255
vid_000290_frame0000018.jpg,18.146531219913957,0.5056803953149563,489.72506722411947,805.6312048383528
vid_000290_frame0000019.jpg,18.59236946925436,0.5274192970962902,466.7208166559712,693.4515416660461
vid_000291_frame0000001.jpg,16.467692999885017,0.6639587869777251,305.79788647370196,622.3463042256428
vid_000291_frame0000002.jpg,16.59852253760516,0.6903549689359726,292.2037893269565,562.8924360345759
vid_000291_frame0000003.jpg,16.65717613741188,0.6957033098572912,277.197834444695,534.5967602517059
vid_000291_frame0000004.jpg,16.53177872500579,0.6904533067974272,259.40126467147326,550.6272232170757
vid_000291_frame0000005.jpg,16.717714137627237,0.7127837657588362,224.87609026815204,485.8180861613881
vid_000291_frame0000006.jpg,16.803333990875817,0.7219979783458329,185.2388014887681,451.84333027433905
vid_000291_frame0000009.jpg,17.226993223974787,0.7473041273842452,189.10842975354808,408.0494839255034
vid_000291_frame0000010.jpg,17.289062867639235,0.7397806031854556,206.31894392490113,453.9410237861657
vid_000291_frame0000011.jpg,17.450833374898746,0.7423814161483442,210.66596186575333,450.701846133378
vid_000291_frame0000012.jpg,17.551820066231045,0.7495362738769039,218.10208176256833,456.2727644595626
vid_000291_frame0000013.jpg,17.823937189352254,0.7661930699438934,217.21666630109848,429.58280676609434
vid_000291_frame0000014.jpg,17.927822984843647,0.7532069264015374,227.2764804145276,450.6863235746912
vid_000291_frame0000015.jpg,18.049502161359264,0.7675544550467537,225.15966823216453,422.49956439940786
vid_000291_frame0000016.jpg,18.208616437300872,0.763780240998222,224.508577708156,430.7858972016359
vid_000291_frame0000017.jpg,18.353798148577997,0.7794339739167074,217.30742332584845,418.43029191981293
vid_000291_frame0000018.jpg,18.19706783133913,0.7731038732788388,221.36438252773937,464.1938746833273
vid_000291_frame0000019.jpg,18.722104881592433,0.7935558824075141,212.65081441165597,437.44479196910686
vid_000291_frame0000020.jpg,18.699136623524442,0.7668689875084299,228.33076831985915,512.6726999201046
vid_000291_frame0000021.jpg,18.75122466657563,0.7585400717942473,230.71231769313812,550.9885201685723
vid_000291_frame0000022.jpg,18.657853443518672,0.7315566638378623,265.118605788222,676.0506188041052
vid_000291_frame0000023.jpg,18.77006988159095,0.7426956613191155,284.1662155161041,684.1700220773059
vid_000291_frame0000024.jpg,18.924040054604802,0.7432708904852504,316.98143219694884,751.9853876366615
vid_000291_frame0000025.jpg,19.15533658442491,0.7578138277236888,339.32077607883423,762.2757980469437
vid_000291_frame0000026.jpg,19.197714292496755,0.7546762311784355,355.7815386205069,780.7505087173863
vid_000291_frame0000027.jpg,19.250099660316746,0.7474843637513829,371.9367717362702,850.5455320279592
vid_000291_frame0000028.jpg,18.93785592172491,0.7377864659653041,398.7830005228714,935.4625172484579
vid_000291_frame0000029.jpg,18.971034324185805,0.7419799312724301,390.0280527656769,875.4532246624037
vid_000291_frame0000030.jpg,18.350042733739706,0.7255346524909756,430.2265474966093,1032.375084901096
vid_000291_frame0000031.jpg,17.8558677830955,0.7100154328934427,421.3123487716899,1121.0735237997617
vid_000291_frame0000032.jpg,17.62457280173757,0.6912765340682965,429.54931679335937,1172.4193637107476
vid_000291_frame0000033.jpg,17.626980256877467,0.7004324285293085,438.19721723230236,1167.1067911032596
vid_000291_frame0000034.jpg,17.337879758207748,0.6986811159829909,446.6150691749656,1227.327422498431
vid_000291_frame0000035.jpg,17.044169409117213,0.6862808806247046,421.39053218318645,1222.0529795870539
vid_000291_frame0000036.jpg,16.953972664144136,0.6831820815330839,406.8079656557014,1184.560993430421
vid_000291_frame0000037.jpg,16.663096458649957,0.6759967541099412,468.44954013306545,1396.063367548399
vid_000291_frame0000038.jpg,16.54441794964907,0.6733559642132682,466.6559870667876,1427.6790963731
vid_000291_frame0000039.jpg,16.52259856979252,0.6664542525779494,460.27309676821676,1421.6867738976794
vid_000291_frame0000040.jpg,16.57231526743933,0.6696739576157459,479.79069125190733,1452.1847375372245
vid_000291_frame0000041.jpg,16.625798031041867,0.6714077637594104,466.00274107046585,1419.923618069924
vid_000291_frame0000042.jpg,16.666990827314308,0.6726780772691788,469.9301167516662,1409.799856017781
vid_000291_frame0000043.jpg,16.743525790367325,0.6763447528704912,448.1732151389907,1358.3481351134756
vid_000291_frame0000044.jpg,16.68372317343335,0.6743683792473568,458.40019032718124,1390.3207264154682
vid_000291_frame0000045.jpg,16.692586383092753,0.6722417491884083,461.1184308549756,1392.1355267859358
vid_000291_frame0000046.jpg,16.85927328369901,0.678894552830345,424.2261651757715,1248.0797591519402
vid_000291_frame0000047.jpg,16.93974902192386,0.6833451961513056,455.48360522684,1300.7390334156473
vid_000291_frame0000048.jpg,17.020289672024052,0.6810635280940556,476.35825414671854,1356.920961733691
vid_000291_frame0000049.jpg,17.417395836479233,0.6895912316019529,434.1842412259827,1206.0958245634445
vid_000291_frame0000050.jpg,17.30784884513094,0.6829024877637341,453.72176504529364,1290.1295196769515
vid_000291_frame0000051.jpg,17.44093557511032,0.6856502174292801,434.74392200474335,1223.2725145375077
vid_000291_frame0000052.jpg,17.48030635040352,0.6913218741398559,438.02222746650614,1215.0277247050003
vid_000291_frame0000053.jpg,17.62060578412697,0.6995605413214352,423.351770485929,1146.0456374575838
vid_000291_frame0000054.jpg,17.74229999501081,0.6981310925010824,431.01548786507084,1150.323057951709
vid_000291_frame0000055.jpg,17.75653344900213,0.6979624578291735,433.3892548775412,1164.6784284724883
vid_000291_frame0000056.jpg,18.087429936400742,0.7179147138533383,382.59948118502336,950.9424240888233
vid_000291_frame0000057.jpg,17.92070087188228,0.712936616048589,397.9042661278403,1023.5394344808753
vid_000291_frame0000058.jpg,18.117011649500533,0.7172602434314413,405.10517186398977,1038.5682652704413
vid_000291_frame0000059.jpg,18.125727634599542,0.7211117871467402,369.837651467196,965.6946097059765
vid_000291_frame0000060.jpg,17.8971739219671,0.7149895892125855,413.4826541064522,1090.9754780429141
vid_000291_frame0000061.jpg,17.985019411666364,0.7182206028362484,407.61418329344485,1067.9196669280404
vid_000291_frame0000062.jpg,18.217206224243423,0.7258040895326108,401.2524027822451,1019.2562695824492
vid_000291_frame0000063.jpg,18.31827413843665,0.7301560359430669,397.82321287320065,1004.2756942931874
vid_000291_frame0000064.jpg,18.360278393663954,0.726100588057486,397.483507625449,1007.5524151013536
vid_000291_frame0000065.jpg,18.490742063844298,0.7293013331068742,400.6102368676781,1005.1390340423255
vid_000291_frame0000066.jpg,18.767535400457408,0.7394006924983937,388.8229633792048,924.5807499039827
vid_000291_frame0000067.jpg,18.46840398588047,0.7272499037125163,410.5409291513339,1025.5182989525729
vid_000291_frame0000068.jpg,18.23534611460031,0.7235361565710807,431.51382038362215,1103.041961692571
vid_000291_frame0000069.jpg,18.041214247707913,0.714768422536627,402.8590069341019,1031.9236805135927
vid_000291_frame0000070.jpg,17.61950675970356,0.7070294130068414,423.66517029017814,1136.4319200090433
vid_000291_frame0000071.jpg,17.48991195072483,0.6994188173660566,452.85712194029173,1223.0363404982868
vid_000291_frame0000072.jpg,17.620148229413417,0.7055749167831963,435.1722935740795,1183.1538515081459
vid_000291_frame0000073.jpg,17.740839519626142,0.7114121320820409,423.3846335713815,1135.9869029777421
vid_000291_frame0000074.jpg,17.468817785038627,0.7003474033139359,442.06652469510914,1202.0904036606464
vid_000291_frame0000075.jpg,17.39638884574128,0.6942402442742348,462.5082532542758,1274.5992876669693
vid_000291_frame0000076.jpg,17.7518186760392,0.7050223381125273,416.2612271776317,1069.4314676729664
vid_000291_frame0000077.jpg,17.317484977041747,0.6880835911001651,468.9680016488184,1278.4211916858742
vid_000291_frame0000078.jpg,17.406723512942303,0.6913364733881879,455.5329415246101,1239.6799184638442
vid_000291_frame0000079.jpg,17.572075794720007,0.6905402353206718,445.0251297104886,1210.5081485489764
vid_000291_frame0000080.jpg,17.415430110369687,0.694207904128673,435.8581404784877,1214.1472127898815
vid_000291_frame0000081.jpg,17.41958948638981,0.6929088453026465,456.85072848152424,1260.9243020614142
vid_000291_frame0000082.jpg,17.477566163607662,0.697341928208783,442.8127619544688,1197.9965326926417
vid_000291_frame0000083.jpg,17.415197354325894,0.6952438874713054,454.72154078106837,1229.060924171105
vid_000291_frame0000084.jpg,17.42130741981655,0.6940128776242266,447.89601087984516,1229.3055243558704
vid_000291_frame0000085.jpg,17.508615350300104,0.694745022642366,436.71728781672545,1207.7531211948112
vid_000291_frame0000086.jpg,17.764389755240405,0.7224194534815824,343.1366687139818,957.9724493623748
vid_000291_frame0000087.jpg,17.655346871101415,0.7459513149363858,350.4355648605881,878.6217402236832
vid_000291_frame0000088.jpg,18.168043682640622,0.7753231372562261,337.0292182023707,750.0054513396817
vid_000291_frame0000089.jpg,18.69600694930736,0.7903852663792602,330.0887865538849,631.9230168716279
vid_000291_frame0000090.jpg,18.869830647764868,0.8019335527153046,333.55125789361796,637.5880809443877
vid_000291_frame0000091.jpg,18.46706104824961,0.7856734285448866,338.6708206416447,715.7949546620235
vid_000291_frame0000092.jpg,18.58181605545085,0.7807143435188187,335.7925346783477,724.6484272258378
vid_000291_frame0000093.jpg,18.577423697918498,0.7643437642307048,355.1732346576158,774.0131906977666
vid_000291_frame0000094.jpg,18.61041763185216,0.756844602991409,326.0466265753612,707.450588546337
vid_000291_frame0000095.jpg,18.198901662139694,0.7349264627484238,344.75684711298516,779.2323403629741
vid_000291_frame0000096.jpg,18.435218074451114,0.7388420791733704,327.0176977027163,654.1460793918229
vid_000292_frame0000001.jpg,16.55023342395819,0.5077784646401812,555.790045889865,602.2770438927979
vid_000292_frame0000002.jpg,16.6728616415925,0.5238192602231929,560.6487150981528,586.2880569748041
vid_000292_frame0000003.jpg,16.83790681893997,0.5160679381968788,584.8003907749805,616.3404755506315
vid_000292_frame0000004.jpg,16.65421380083723,0.5019832924236485,589.2860833051872,652.8744047057888
vid_000292_frame0000005.jpg,16.707104298307428,0.5088705584634626,582.8887462966915,637.094530207672
vid_000292_frame0000006.jpg,16.74506633110354,0.5271576372539241,559.6681773880952,596.7514561036475
vid_000292_frame0000007.jpg,16.754926336406857,0.5182198365104568,590.719398087235,616.4332029154625
vid_000292_frame0000008.jpg,16.47677818656763,0.5022605708735909,586.9025320369483,649.8010700952678
vid_000292_frame0000009.jpg,16.473860658660445,0.5048838648774799,574.776681675417,623.9179002459533
vid_000292_frame0000010.jpg,16.49936595881821,0.518071760237066,592.0235538387387,618.9846375244093
vid_000292_frame0000011.jpg,17.470287319126065,0.5810596572134124,624.4945305777442,736.9755318304793
vid_000292_frame0000012.jpg,17.34852224619234,0.5706682812898262,671.3280253584527,782.11751921727
vid_000292_frame0000013.jpg,17.36114835154754,0.5705004831215902,667.684218889474,780.4478347471318
vid_000293_frame0000001.jpg,18.691693005047718,0.6296973008913495,523.0833429370555,515.2771001736826
vid_000293_frame0000002.jpg,18.752235107803916,0.6340145060061625,519.6469713025292,512.1194951919755
vid_000293_frame0000003.jpg,18.146483555291947,0.6082560949643274,532.3785725387648,516.8771518864662
vid_000293_frame0000004.jpg,18.201081422148718,0.5960260559067141,559.3667552584302,501.66049039003565
vid_000293_frame0000005.jpg,18.727387098166055,0.6187877159827232,550.0837227350326,487.21793319228914
vid_000293_frame0000006.jpg,17.606994575090795,0.6205020940704591,536.1350039084366,541.6131487411702
vid_000293_frame0000007.jpg,16.48915943132628,0.5145784790612856,706.0890214502282,773.0669294483973
vid_000293_frame0000008.jpg,16.74833624371102,0.5602539912662804,665.7171515724244,735.2236750717898
vid_000293_frame0000009.jpg,17.528548065732988,0.5570902436743023,620.5049328614817,609.6153080760434
vid_000293_frame0000010.jpg,17.544780582521042,0.5382615884400376,661.4624725906483,620.638607063806
vid_000294_frame0000001.jpg,18.694858491827524,0.6024549584961217,519.2212824478141,504.6746580239559
vid_000294_frame0000002.jpg,18.86418377966637,0.6223542101799598,517.2769630440691,499.66621481783085
vid_000294_frame0000003.jpg,18.84480072307775,0.6222170856416566,516.7094662933646,500.4827950793172
vid_000294_frame0000004.jpg,18.59897916580413,0.6010939352588786,524.284344591964,519.5580897173559
vid_000294_frame0000005.jpg,18.40463278384142,0.596071106296481,521.0186020876379,545.746798568782
vid_000294_frame0000006.jpg,18.374944470413237,0.5967692426789216,520.9627207539422,543.4976851595345
vid_000294_frame0000007.jpg,18.51844193719828,0.6034747774115972,515.166307410573,536.9419657933438
vid_000294_frame0000008.jpg,18.402664730348974,0.5898916286101269,512.9955632222777,559.9748707548166
vid_000294_frame0000009.jpg,18.43465350115576,0.6023760041097498,506.04895799357814,536.7601198239369
vid_000294_frame0000010.jpg,18.212437570881516,0.5834331327505885,522.6501038209607,561.3283289684425
vid_000294_frame0000011.jpg,18.36721362996025,0.5991103058683752,514.9184141037698,544.4477739357274
vid_000294_frame0000012.jpg,18.259860941533507,0.5866601001710637,517.8402872510999,570.0432338170524
vid_000294_frame0000013.jpg,18.375410859986584,0.5943252483724039,512.9074684340544,545.9586782862076
vid_000294_frame0000014.jpg,18.447585172040885,0.5975278994790951,514.2475361885605,543.9427849203149
vid_000294_frame0000015.jpg,19.30154308972401,0.6490648715573902,513.1501626548906,513.3356692560164
vid_000294_frame0000016.jpg,17.412906347554777,0.5974139059032807,569.7954035035257,675.4057573137908
vid_000294_frame0000017.jpg,17.36052709345759,0.5930604478784488,591.2087185983235,651.0554785917716
vid_000295_frame0000001.jpg,19.05832864811157,0.8018301581263376,262.857077400278,374.1603908971405
vid_000295_frame0000002.jpg,19.166185939730816,0.8321186763352957,258.33912306353596,363.05556318667317
vid_000295_frame0000003.jpg,19.39512896554477,0.8414755979641765,270.5514858560334,373.10523338379244
vid_000295_frame0000004.jpg,19.514280332308033,0.8343417039176103,277.9308994353754,380.8201853390545
vid_000295_frame0000005.jpg,19.35961085947333,0.8445679825356915,270.30864765831126,377.24860688164586
vid_000295_frame0000006.jpg,19.250187241520653,0.8213061166017669,267.64825639727246,381.2316316277412
vid_000295_frame0000007.jpg,19.41704794034502,0.8384475100161368,268.4535253542916,374.1599236384438
vid_000295_frame0000008.jpg,19.492220207372725,0.8300009607765406,273.90506919724385,385.12442797101437
vid_000295_frame0000009.jpg,19.31014011493286,0.8387825306544051,266.74032402308814,374.654648218359
vid_000295_frame0000010.jpg,19.34522437940459,0.8249395386654573,283.8550681203703,394.99288372016156
vid_000295_frame0000011.jpg,19.661968221515792,0.833109540990114,297.5494212982351,399.51497636822324
vid_000295_frame0000012.jpg,19.705809177292956,0.8272271453259855,310.32877224837165,422.11046064940683
vid_000295_frame0000013.jpg,19.756710074905122,0.8365115064100862,303.8993356156169,408.7846589595475
vid_000295_frame0000014.jpg,19.342376769196903,0.8270162624172038,295.3575866985239,413.28148503839355
vid_000295_frame0000015.jpg,19.236286842467997,0.832206904757752,276.84140681017004,404.8454943419064
vid_000295_frame0000016.jpg,19.357752508195055,0.8289758373869763,270.027739037812,387.86147871251865
vid_000295_frame0000017.jpg,19.26945009542073,0.8345704896167195,274.59930067998874,390.0111857833713
vid_000295_frame0000018.jpg,19.31700819854159,0.8296709558658996,289.91939482028573,399.7844183208598
vid_000295_frame0000019.jpg,19.743211236590067,0.8476170803773856,292.07306985326323,377.0355061777228
vid_000295_frame0000020.jpg,19.735948028211897,0.8351961667487928,299.2377000295169,396.32787133768306
vid_000295_frame0000021.jpg,19.789500286753405,0.8392166836016394,295.333533167262,393.3192068932239
vid_000295_frame0000022.jpg,19.727282382299048,0.8356578707477959,313.39403710696166,400.727525623534
vid_000295_frame0000023.jpg,19.923055630844708,0.8460484748398223,331.70040218620795,408.7008408921516
vid_000295_frame0000024.jpg,19.876143680833593,0.8358682678364308,340.10742388764874,428.1484136162145
vid_000295_frame0000025.jpg,19.724680463998286,0.8438586563385894,327.537629740636,417.0747296062183
vid_000296_frame0000003.jpg,19.15954703444431,0.8043233200937544,194.23182654765432,316.19056346720095
vid_000296_frame0000004.jpg,18.832521460567786,0.782951674721798,197.84794833810605,322.8455597836154
vid_000296_frame0000005.jpg,19.193134460316546,0.8049237022912772,195.01919839214315,310.886447611838
vid_000296_frame0000006.jpg,19.036663942860706,0.7901855193526942,195.54753204153593,323.776748428285
vid_000296_frame0000007.jpg,19.21116399554622,0.8022928107392704,189.46667146089098,302.8456653126674
vid_000296_frame0000008.jpg,19.089616214914038,0.7915189355907893,191.51890318530917,316.32467386181736
vid_000296_frame0000009.jpg,19.19470447046464,0.8093527433265706,190.2227634058321,307.2596088420525
vid_000296_frame0000010.jpg,19.21476292987262,0.7952440561116815,203.61263654885164,325.0436651131976
vid_000296_frame0000011.jpg,19.10942922892446,0.7972268131631712,204.39568224804998,331.8800486280291
vid_000296_frame0000012.jpg,19.124266391990002,0.7922401019899018,198.84940570664415,323.40040116047305
vid_000296_frame0000013.jpg,19.20949643655767,0.8002576345414409,185.62877430891743,309.82575031697246
vid_000296_frame0000014.jpg,18.866651722448623,0.774202041850898,186.57114737709765,316.3529368039936
vid_000296_frame0000015.jpg,19.157949138973784,0.7944377809503175,184.90380578913823,320.2640392878799
vid_000296_frame0000016.jpg,19.057766095201924,0.7833618878414311,193.58336066996173,332.5513376712321
vid_000296_frame0000017.jpg,19.222838819847976,0.8039136066186935,194.35706020408392,317.74822314330316
vid_000296_frame0000018.jpg,18.964173802208194,0.7819814689908392,194.58756163102555,335.388700623241
vid_000296_frame0000019.jpg,18.97205512290971,0.7967557289400821,190.7972934315876,315.3006566909793
vid_000296_frame0000020.jpg,19.062098688737873,0.7830893840752889,196.68093297527216,329.6758108961246
vid_000296_frame0000021.jpg,19.242640018885716,0.7989098391194759,198.3768218990204,325.094760629179
vid_000296_frame0000022.jpg,19.127731904184138,0.78872462373995,202.6760521279911,329.7848650032794
vid_000296_frame0000023.jpg,19.200578650433524,0.7975939198094805,199.46717003824062,330.13303600864845
vid_000296_frame0000024.jpg,19.15174811283597,0.7810800772238068,202.1044649082496,337.85370320098167
vid_000296_frame0000025.jpg,19.218094483907468,0.7940496394601227,201.4102020306069,333.82746500628105
vid_000296_frame0000026.jpg,19.12000060770745,0.7835980535093912,204.9021653179919,342.2066341466351
vid_000296_frame0000027.jpg,19.08878954270184,0.7936767276343154,207.676352738239,343.4683152137777
vid_000296_frame0000028.jpg,19.179765201354066,0.7826797314122445,211.659056396407,351.34004507243014
vid_000296_frame0000029.jpg,19.062532708139088,0.7974629563151007,205.64241310006622,336.71753089048957
vid_000296_frame0000030.jpg,19.07646483038174,0.7870498023394664,210.88667649141217,330.96787766148793
vid_000296_frame0000031.jpg,19.233236324075524,0.8064724780974929,207.15752064313475,331.83820075614983
vid_000296_frame0000032.jpg,19.14038252721278,0.7907438554312543,214.33436961489977,348.83334574727417
vid_000296_frame0000033.jpg,19.198198788282614,0.8008872552602576,213.59366988931333,345.05674647517327
vid_000296_frame0000034.jpg,19.208609521072503,0.7974960721650272,209.4279375708084,330.5669921802088
vid_000296_frame0000035.jpg,19.163014092058695,0.8011805700029452,199.21739669199562,325.96412139114284
vid_000297_frame0000001.jpg,20.180787178342086,0.789597686970355,318.4931545622207,462.41277262263225
vid_000297_frame0000002.jpg,20.33816164137052,0.8327058836930069,302.6872926503638,404.7170901860384
vid_000297_frame0000003.jpg,20.429575874711496,0.8499809865740074,291.4585053918639,378.55489862861026
vid_000297_frame0000004.jpg,20.849140221583966,0.8625136015356542,250.72836327400583,327.33656874325777
vid_000297_frame0000005.jpg,20.77698365655373,0.8667928510698825,241.9812539968658,318.4273470213467
vid_000297_frame0000006.jpg,21.214991624103735,0.8598563798255233,217.44343226796678,314.2576688572947
vid_000297_frame0000007.jpg,21.213035632112273,0.8678731649444508,217.58649656438806,308.49068775081673
vid_000297_frame0000008.jpg,21.109769812997833,0.8473067631080909,228.00945373939487,340.45791356293955
vid_000297_frame0000009.jpg,21.410223945897688,0.8967141351854289,190.54246706602663,253.3798559774781
vid_000297_frame0000010.jpg,21.541547182947596,0.8427666664616472,209.98186390109308,330.45023318742506
vid_000297_frame0000011.jpg,21.743112110758975,0.8669890168259275,203.11435305245072,298.0882575779395
vid_000297_frame0000012.jpg,21.46889359542945,0.8368747231998057,213.32738692525504,342.430831306861
vid_000297_frame0000013.jpg,21.642321334793916,0.8651165354260592,204.29541259575666,298.83559890197995
vid_000297_frame0000014.jpg,21.360247537482692,0.8312307071492473,215.16939631095332,344.21256784411327
vid_000297_frame0000015.jpg,21.91758505716725,0.8639933641577467,205.9888983102865,289.57032663988565
vid_000297_frame0000016.jpg,21.912508857178214,0.8561440983570434,227.75272934309618,285.87982750381957
vid_000297_frame0000017.jpg,21.690042203059377,0.8662335700149941,241.1059603407668,276.0584904851723
vid_000297_frame0000018.jpg,21.419322425838757,0.8669563561148381,277.2652152831982,332.5170186678737
vid_000297_frame0000019.jpg,21.640635276059136,0.9271931496405014,242.99750432678348,242.37805511386807
vid_000297_frame0000020.jpg,22.282021623902295,0.904496002391249,222.0534994896607,239.2021595434928
vid_000298_frame0000001.jpg,19.53502056139309,0.6430874409818185,522.0630412996866,470.23139122837733
vid_000298_frame0000002.jpg,19.704085935181535,0.6544998182337446,519.7712822097619,465.27608914757883
vid_000298_frame0000003.jpg,19.66374737282544,0.653300447769377,529.5943879819081,468.6491534894447
vid_000298_frame0000004.jpg,19.50742611507391,0.6487291024556548,527.4897916777863,466.36277673464275
vid_000298_frame0000005.jpg,19.663765175054824,0.6518178049410684,530.2253289478756,465.01246491903805
vid_000298_frame0000006.jpg,19.466337125846916,0.6453761591108607,518.3501318903811,473.33463224574444
vid_000298_frame0000007.jpg,19.474968560727746,0.6469546493184369,527.521120524666,475.9251915103408
vid_000298_frame0000008.jpg,19.45883458092381,0.6452381907285374,526.619212529892,475.0533085096114
vid_000298_frame0000009.jpg,19.51850322335541,0.6491468692891523,521.0719763418824,475.7449418364906
vid_000298_frame0000010.jpg,19.425121661416668,0.6469826612291477,517.7267796954246,471.95443573728596
vid_000298_frame0000011.jpg,19.325966624126853,0.6454732103442481,525.8359449536938,479.02517466095327
vid_000298_frame0000012.jpg,19.35949488515643,0.6448181346519438,518.6157613717937,481.54227974775165
vid_000298_frame0000013.jpg,19.310530931704346,0.645791901763588,520.7188986221813,488.75251011921233
vid_000298_frame0000014.jpg,19.16611087109925,0.6385231733537217,513.221691939855,495.10711179438067
vid_000298_frame0000015.jpg,19.50270002246505,0.6460203885333936,508.4909660437045,489.2294616937128
vid_000298_frame0000016.jpg,19.423228404336303,0.6395173715127358,496.6604458181793,497.03700716158517
vid_000298_frame0000017.jpg,19.270342270989236,0.6416522487336213,497.06607916445097,503.1755261897589
vid_000298_frame0000018.jpg,19.526334014639765,0.6369897643952616,491.95082292170343,502.36098902575156
vid_000298_frame0000019.jpg,19.907622298906293,0.6591755313787412,504.190000214354,470.9667407331979
vid_000298_frame0000020.jpg,19.56097871223533,0.6407615034789732,545.1688868480937,476.0217696438827
vid_000298_frame0000021.jpg,19.53371610209594,0.6427756963695214,552.3214630937313,485.1047466302889
vid_000298_frame0000022.jpg,19.503466338639992,0.6411808194521934,545.7416531647234,487.056105583667
vid_000298_frame0000023.jpg,19.62361995744623,0.6471274757132962,554.7107096255213,483.1366437576193
vid_000299_frame0000001.jpg,18.572825764920204,0.5814133549267694,570.9802801115765,586.6691994181896
vid_000299_frame0000002.jpg,18.64456415879106,0.5869156007793985,570.0784919575905,579.8029344632364
vid_000299_frame0000003.jpg,18.3315376729079,0.5637483086128907,634.2821932358639,679.140952241023
vid_000299_frame0000004.jpg,18.60294414477211,0.5880335916440879,585.0472289733027,573.730261559234
vid_000299_frame0000005.jpg,18.20866211912671,0.5665996193673354,606.2290740210033,672.21776297862
vid_000299_frame0000006.jpg,18.236672705476206,0.56880642421619,595.8363926961351,652.0367309573419
vid_000299_frame0000007.jpg,18.172609532769485,0.5644629460053127,607.0037892498027,666.3742677893954
vid_000299_frame0000008.jpg,18.159151194970985,0.5629511377154056,616.1383826986269,678.7025566253599
vid_000299_frame0000009.jpg,18.203734706615577,0.5629949662969492,583.8964987136833,666.8713710227594
vid_000299_frame0000010.jpg,18.21327953622201,0.563767282959259,611.8966708145867,674.1901575148702
vid_000299_frame0000011.jpg,18.139869856223743,0.56199699781947,604.3869360542172,672.2410655197314
vid_000299_frame0000012.jpg,18.21358197020541,0.5618711910436934,623.3474965800831,683.2578315639656
vid_000299_frame0000013.jpg,18.748324926187177,0.5862165116332106,576.8854517818428,625.6444986626732
vid_000300_frame0000001.jpg,20.68573887616243,0.6426912957415877,536.2746064905781,505.4087306202078
vid_000300_frame0000002.jpg,20.710940706770277,0.6518876068178953,535.7930710719761,502.7514955757099
vid_000300_frame0000003.jpg,20.53544520498708,0.6488687680323455,553.1073426493695,515.3815814996813
vid_000300_frame0000004.jpg,20.755469574501333,0.6410981518872341,562.7800683264214,525.8718541651691
vid_000300_frame0000005.jpg,20.74990692915863,0.6494363899951842,565.8997895585348,515.9531142960911
vid_000300_frame0000006.jpg,20.458495883692596,0.6472874984277556,572.6251999948666,510.6427009411383
vid_000300_frame0000007.jpg,20.148402916824462,0.6412489834229477,584.3872135541635,507.5332348121758
vid_000300_frame0000008.jpg,20.223840502806386,0.6402668255151898,578.6483442212043,500.7856694892787
vid_000300_frame0000009.jpg,20.501042702150023,0.6505847174508375,566.4379123985614,489.74320973301155
vid_000300_frame0000010.jpg,20.158718921060014,0.6435300145119786,564.1708473989855,489.0407635072837
vid_000300_frame0000011.jpg,20.02612283689242,0.6503730081005054,554.1937241087044,484.11109395835007
vid_000300_frame0000012.jpg,20.07921154471733,0.6452316227340983,563.7452581418856,483.2590570960381
vid_000300_frame0000013.jpg,19.97063409392186,0.6422681395041202,594.2252297232709,481.1909250270947
vid_000300_frame0000014.jpg,19.89569255496223,0.6364036650502068,605.5549195337812,482.73648605894186
vid_000300_frame0000015.jpg,19.70792797941261,0.6334068246562073,595.4655306641066,479.02220861780745
vid_000300_frame0000016.jpg,19.543107901699976,0.6283401316467109,601.8271241436041,468.26841923104325
vid_000300_frame0000017.jpg,19.36167499102806,0.6292798348595477,604.2050430375755,467.5350691590804
vid_000300_frame0000018.jpg,19.32802407193182,0.6244783910803314,599.2735382505895,471.760698711415
vid_000300_frame0000019.jpg,19.437538884308054,0.626693786127894,589.7427016001684,483.4937817494051
vid_000300_frame0000020.jpg,19.433860933923327,0.6244883785607699,590.9621908981568,485.51523670416293
vid_000300_frame0000021.jpg,19.341547525463948,0.6238924529656062,605.3110568252429,476.8956232379991
vid_000300_frame0000022.jpg,19.078152719141663,0.619626472119445,598.1502139763533,476.65110760442667
vid_000300_frame0000023.jpg,19.423023956901407,0.6279710459121607,614.2308761987026,470.14129809001975
vid_000300_frame0000024.jpg,19.180238375365356,0.6256953683695334,604.6777656219574,459.1889556570968
vid_000300_frame0000025.jpg,19.206060969449833,0.6242597771861208,616.43043362106,462.2161257958105
vid_000300_frame0000026.jpg,19.332387701651296,0.6223018712723776,615.505494212831,454.73436501511867
vid_000300_frame0000027.jpg,19.501160881288932,0.6270944116306283,613.9035543179884,445.8702703639219
vid_000300_frame0000028.jpg,19.53343548877727,0.6285410691164933,611.0098232455532,426.06315387842454
vid_000300_frame0000029.jpg,19.545560837828624,0.6159417561839647,621.6912264661387,405.7797690104354
vid_000300_frame0000030.jpg,19.31545348458973,0.6181673517980236,609.8000486418467,418.7528528179007
vid_000300_frame0000031.jpg,19.493129538378604,0.6354702268898215,602.707382582163,432.84980065658885
vid_000300_frame0000032.jpg,19.45347962673091,0.634798098712901,594.1926212525643,440.681433090915
vid_000301_frame0000001.jpg,20.394050643957,0.6532116365900782,542.6964234445271,509.90958252390817
vid_000301_frame0000002.jpg,20.45658055904324,0.6657018559351089,541.950153539851,508.1947791367296
vid_000301_frame0000003.jpg,20.515650031563656,0.6656996695818339,524.6600764900536,498.49250576592476
vid_000301_frame0000004.jpg,20.101101021133086,0.6597398058124277,522.968664615674,496.6740382644058
vid_000301_frame0000005.jpg,19.9709603613327,0.6588538677159649,521.7285694210148,490.2938763264515
vid_000301_frame0000006.jpg,20.04340588717575,0.6586978851839536,478.7437351027005,465.1656348667525
vid_000301_frame0000007.jpg,20.023818901805978,0.6588778386441047,535.2334251972532,494.46756604548943
vid_000301_frame0000008.jpg,19.797389224113246,0.6560334647314813,523.8025250371886,476.53990103384433
vid_000301_frame0000009.jpg,19.95141312495828,0.6605923541735056,531.8675960869351,471.76725118293723
vid_000301_frame0000010.jpg,20.03720970180193,0.6568017834776126,533.6926471352707,466.3605224623956
vid_000301_frame0000011.jpg,19.75655914554704,0.6561593661687727,550.9049894483394,454.10645717980265
vid_000302_frame0000001.jpg,19.19814641904456,0.64959719920888,487.6167132295684,486.5581702668994
vid_000302_frame0000004.jpg,19.304262651231802,0.6564190493417285,486.23306666842495,472.3372325829353
vid_000302_frame0000006.jpg,18.799013958857657,0.6497144498537284,507.4179367140388,467.72093721226076
vid_000302_frame0000009.jpg,19.54682605325438,0.6601358921637354,482.891273758161,491.1563996946109
vid_000302_frame0000010.jpg,19.582883472997633,0.6533606432061837,478.552634256754,495.6038735385997
vid_000302_frame0000011.jpg,19.466775437384868,0.6548797719568036,476.4882345354102,474.3174189637475
vid_000302_frame0000012.jpg,19.20645184662592,0.6560817152629722,495.4130554248055,470.67111438949803
vid_000302_frame0000013.jpg,19.208303032255753,0.6550788924205645,492.9460163441951,476.1762955949234
vid_000302_frame0000014.jpg,19.196899127382483,0.656201722734562,489.4771487151092,478.8305665722378
vid_000302_frame0000015.jpg,19.34431975763723,0.6551819073377292,484.77455904062384,490.7765313174565
vid_000302_frame0000016.jpg,19.63666954807395,0.6529685705527503,477.1896341525828,487.13326196527316
vid_000302_frame0000017.jpg,19.262802753999267,0.6614859266731898,476.15163495714853,487.57604145244255
vid_000303_frame0000003.jpg,19.57654832861913,0.6394352468848084,490.82132957764816,479.12835370195
vid_000303_frame0000004.jpg,19.79912334997831,0.6360047393631487,486.8938154947582,485.1531704342291
vid_000303_frame0000005.jpg,19.847447000365932,0.6382955734853649,485.2600100738305,483.96671440653995
vid_000303_frame0000006.jpg,19.939067738446713,0.6440058766958926,479.2995255889209,485.264097723586
vid_000303_frame0000007.jpg,19.85880948075967,0.6379796816431261,482.6735480020799,485.02413843760223
vid_000303_frame0000008.jpg,19.891333896175542,0.6394036059448059,490.17079107010477,486.10874546451845
vid_000304_frame0000020.jpg,20.430770003266126,0.8049169609150281,390.58848669332644,511.0228562862944
vid_000304_frame0000021.jpg,20.251026777928594,0.8078319418877276,384.4495711035347,504.063899972227
vid_000304_frame0000022.jpg,20.314970365317826,0.8038512921976609,386.3015071428468,514.0794243986498
vid_000304_frame0000023.jpg,20.5305330386583,0.8205816112849069,375.92747051443615,476.7325798273197
vid_000304_frame0000024.jpg,20.205227159166334,0.8097947581751734,381.20297982675794,491.6694349219692
vid_000304_frame0000025.jpg,20.252377546906892,0.8134922203980657,378.6776188460767,483.3861974749017
vid_000304_frame0000026.jpg,20.73909751397082,0.8196208687911667,385.9461735335532,478.9278447601572
vid_000304_frame0000027.jpg,20.78892650255252,0.8210129147804309,384.0600353308526,474.1915199068568
vid_000305_frame0000001.jpg,16.647595934933182,0.6174783575510068,489.8846534784693,518.4259257911623
vid_000305_frame0000002.jpg,16.64060488737199,0.6226089977444792,490.32698301650885,515.2735222528222
vid_000305_frame0000004.jpg,16.580334378260254,0.6205641650538487,452.7615661634618,502.0862024626823
vid_000305_frame0000005.jpg,16.57590423805605,0.6230747882538411,463.35269376193094,507.0709778670389
vid_000305_frame0000006.jpg,16.50491359830688,0.6146125160701502,450.0512034141576,514.8808792860941
vid_000305_frame0000007.jpg,16.576995055866334,0.6180068168464721,459.6590343761679,515.2361333606691
vid_000305_frame0000008.jpg,16.54583893311699,0.6130548468462053,475.412583447639,525.8315807542018
vid_000305_frame0000009.jpg,16.826886766514807,0.6226592706228801,464.3222913279912,508.320263667361
vid_000305_frame0000010.jpg,16.752433159383592,0.6067385954083414,516.6840866966858,596.7101743231383
vid_000306_frame0000003.jpg,16.929012673973553,0.7147863279187132,472.2854277090669,1310.9594469410424
vid_000306_frame0000004.jpg,16.859364215211677,0.713096501568368,477.55827581192307,1353.3839022345103
vid_000306_frame0000005.jpg,17.12476947166238,0.7198176859794169,445.6875245879295,1237.6268683600424
vid_000306_frame0000006.jpg,17.197367929866573,0.7170610522887824,430.6473608987841,1213.0261836423465
vid_000306_frame0000007.jpg,17.111907844941193,0.7172292791402776,425.85192948668345,1222.826947948174
vid_000306_frame0000008.jpg,17.25709415276882,0.7178470551113998,439.9349524433449,1244.9657086305003
vid_000306_frame0000009.jpg,17.553301135702426,0.7209977254153986,371.40234623912,1023.0006204575005
vid_000306_frame0000010.jpg,17.577595223258704,0.7193299962381262,412.19114459399225,1184.091426177371
vid_000307_frame0000001.jpg,17.343722904791452,0.6989251983509432,503.54239920911203,1203.5238335241083
vid_000307_frame0000015.jpg,17.410931273985376,0.7091794156533336,479.0421448560848,1148.4397195155639
vid_000307_frame0000020.jpg,17.35898577600733,0.7059881169863265,497.30743767153376,1196.5800397616263
vid_000308_frame0000007.jpg,16.90801583747176,0.45738777626386584,676.2551210066097,592.5163060163361
vid_000308_frame0000010.jpg,16.47060116148973,0.4365508822851562,698.359224067023,643.2782887679124
vid_000308_frame0000014.jpg,15.98949203506274,0.45427792521204596,650.8122761434979,582.5777792056217
vid_000308_frame0000019.jpg,16.394818232526287,0.481038130037816,616.7421773558725,553.9029934425535
vid_000308_frame0000021.jpg,15.968125669059308,0.4447086426329317,625.8479085494259,697.2545491327996
vid_000309_frame0000002.jpg,16.830755213413603,0.4880782784965307,705.1438889981774,740.506867743017
vid_000309_frame0000004.jpg,16.974668974658634,0.4948549490250866,710.8119629998228,743.0281101186164
vid_000309_frame0000006.jpg,16.75837157480809,0.4924855998979863,706.518689246233,738.9322663337501
vid_000309_frame0000008.jpg,16.132510831346213,0.4685897587682038,695.2102617533051,815.7615023633612
vid_000309_frame0000009.jpg,16.34837592027769,0.49474519647254595,676.3721867752142,761.2768430881838
vid_000309_frame0000012.jpg,16.683055931284837,0.4896619066718282,725.7478781250039,793.2194546981708
vid_000309_frame0000017.jpg,16.935386535238223,0.49507476784261795,672.6388872547849,693.9287816668812
vid_000309_frame0000019.jpg,17.029364731619584,0.5036997871084492,665.8463194054509,694.2259654640743
vid_000309_frame0000021.jpg,16.56810657719936,0.5048756800561541,721.0214660187233,676.022174449447
vid_000309_frame0000030.jpg,17.973246366066892,0.5554510577275437,740.5083553925172,631.9223528766166
vid_000309_frame0000031.jpg,17.76965665892275,0.5569001279238488,696.483263277663,733.215517421608
vid_000309_frame0000032.jpg,17.638467569000778,0.5469714676195917,735.289609181224,807.6179903819402
vid_000309_frame0000034.jpg,17.14032611131079,0.5252363118282147,714.7972687823762,767.4542814106433
vid_000309_frame0000035.jpg,16.97436616131815,0.5362999954861442,685.3116636087224,743.043046844892
vid_000309_frame0000036.jpg,17.306479836953617,0.5499707976868816,737.55888817312,618.9895412656621
vid_000309_frame0000037.jpg,16.60769325006918,0.530655357419154,639.0773263016195,719.8451108776791
vid_000309_frame0000038.jpg,16.700870746879826,0.5200233844146784,710.516751634278,889.5637101935132
vid_000309_frame0000041.jpg,16.581304794986966,0.5207929027168695,705.3799784915607,907.6244577686342
vid_000309_frame0000045.jpg,16.293801051673814,0.5117230373202688,676.8202034229406,933.6449859405491
vid_000309_frame0000049.jpg,16.362749598716402,0.5237291260710917,696.3139922237676,829.1484833175539
vid_000309_frame0000050.jpg,16.699802941165853,0.5428340240893359,660.0406701268705,681.6566429980376
vid_000309_frame0000051.jpg,17.480481690476473,0.5475802558965975,748.5277659174217,594.7405210527811
vid_000309_frame0000054.jpg,19.186331498673724,0.5511945972311475,760.2431448521877,500.53916400502
vid_000309_frame0000055.jpg,19.261104069642965,0.5619247554746548,749.8886179774491,497.50902405933846
vid_000309_frame0000056.jpg,18.732035023968773,0.5702471647043433,727.8522948994533,553.4490962393395
vid_000309_frame0000061.jpg,16.523426190013303,0.5068528716025653,834.331478689844,654.0327780162486
vid_000309_frame0000062.jpg,16.724010667750132,0.5099926007863017,784.6967249870122,643.4217386327821
vid_000310_frame0000018.jpg,16.743555895958096,0.4970188266199779,720.0436916807996,870.8018301081198
vid_000311_frame0000001.jpg,19.02610927949874,0.5762245951327514,657.1792402264036,470.3971076201535
vid_000311_frame0000002.jpg,19.029600711960683,0.5876825224730816,669.4406414356123,473.62620326174124
vid_000311_frame0000003.jpg,18.830766658949592,0.5751908170926047,671.6775283957143,476.5165591647342
vid_000311_frame0000004.jpg,18.75776533335962,0.5714840137829,676.8684268349235,481.11861097388487
vid_000311_frame0000005.jpg,18.546538725672715,0.5799324353008435,676.0490678278808,485.41810769937445
vid_000311_frame0000006.jpg,18.498419493350877,0.5870422065811091,657.1244791317274,483.65061035983524
vid_000311_frame0000007.jpg,18.37217097244396,0.5840001949945608,658.4235044925861,496.08966862242346
vid_000311_frame0000008.jpg,18.278491043404216,0.5749840570864507,667.0438671220165,509.7069932107744
vid_000311_frame0000009.jpg,18.477230287635646,0.583239251474276,656.5291952607491,503.852221929035
vid_000311_frame0000010.jpg,18.320872599293356,0.5720069077403842,672.4577494163102,512.4374350307246
vid_000311_frame0000011.jpg,18.683086313195275,0.6046868663972971,658.508698177559,493.792223135683
vid_000311_frame0000012.jpg,18.558488998905197,0.5974962105141018,673.7237815181732,501.9050903588345
vid_000311_frame0000013.jpg,18.60055969915334,0.5996893280886727,668.4321192377527,493.77247018444416
vid_000311_frame0000014.jpg,18.74584505734656,0.5969532282265821,656.8264586829481,487.4221256100775
vid_000311_frame0000015.jpg,18.73983293771316,0.5956928345434701,673.1866747848187,486.9644104904379
vid_000312_frame0000006.jpg,19.035261237340137,0.8041224746099894,236.2551270927361,363.5861370410397
vid_000312_frame0000007.jpg,19.072703054257587,0.8170496704779757,235.24438632988114,354.4918081592612
vid_000312_frame0000008.jpg,18.8916875346427,0.8068993700759789,234.2712195012724,363.7333527952454
vid_000312_frame0000009.jpg,19.13871512534304,0.8216973653515174,222.92596219893164,339.24781198538943
vid_000312_frame0000010.jpg,18.900936505764896,0.7946571992477095,218.9176736365171,363.35540943708423
vid_000312_frame0000011.jpg,18.797690176274077,0.7914196989729132,209.01993065768357,353.71020293394014
vid_000312_frame0000012.jpg,18.805847993338457,0.7716851590475864,202.589355862229,357.5990595967574
vid_000312_frame0000013.jpg,18.61822746744048,0.7739722685929514,199.6496185040068,362.1803223450007
vid_000312_frame0000014.jpg,18.6819037931745,0.7647463209700761,209.85890061945094,388.19427485505247
vid_000312_frame0000015.jpg,18.742706901523785,0.7811423063454143,213.96341230823265,374.64384144569055
vid_000312_frame0000016.jpg,18.53253222539989,0.7816950902539337,224.86527437459986,403.00924041571056
vid_000312_frame0000017.jpg,18.831597927618596,0.7985626084181453,224.61540777496845,372.2949181820263
vid_000312_frame0000018.jpg,18.93417189056811,0.7917658274309606,215.31634200139723,350.9510462996018
vid_000312_frame0000019.jpg,18.936679706936484,0.8111009692804712,191.49196866666784,303.97282167659415
vid_000313_frame0000001.jpg,18.741866184961072,0.7528625117842628,228.3995737994874,380.6241298744925
vid_000313_frame0000002.jpg,18.79221096312276,0.7905523051784903,221.18718138348368,355.0972182904952
vid_000313_frame0000003.jpg,18.987601238590802,0.8043489867898902,218.86626761742124,343.76135976878237
vid_000313_frame0000004.jpg,18.933416306650575,0.7840709195538765,220.67966401613052,364.77290212921787
vid_000313_frame0000005.jpg,18.95489653360691,0.785316845088276,219.94302595029504,365.72723272405847
vid_000313_frame0000006.jpg,18.972170981029933,0.7796992865477455,223.52784879378572,371.5313162252262
vid_000313_frame0000007.jpg,18.993879239458025,0.7883187887971742,231.25061832950527,381.98772759240626
vid_000313_frame0000008.jpg,18.900248000129714,0.7811011848593368,238.5051133267359,389.3935101507818
vid_000313_frame0000009.jpg,19.016849275046106,0.8008985424494298,234.53501401387695,360.1223116651417
vid_000313_frame0000010.jpg,18.82263261980399,0.7743951148293199,243.1340856722091,406.31475506096274
vid_000313_frame0000011.jpg,19.033847732225382,0.7893538102737332,237.86298097961037,391.39632801116784
vid_000313_frame0000012.jpg,18.88435637369612,0.7821727197688152,234.50483765858536,386.5676830642128
vid_000313_frame0000013.jpg,19.11576365590389,0.8002157102119769,228.04178138858038,360.0962054624897
vid_000313_frame0000014.jpg,18.93787585655263,0.7883959843281257,226.81659500018634,365.35282150212527
vid_000313_frame0000015.jpg,19.115823312805368,0.7960623050600889,222.85544289659788,353.32903215535555
vid_000313_frame0000016.jpg,19.004517865537306,0.7948348526651453,220.16408459622704,353.9168108479093
vid_000313_frame0000017.jpg,18.971267798669754,0.7948752341262834,216.43364732718834,357.6705588935595
vid_000313_frame0000018.jpg,18.894773937389722,0.7720868725316143,213.7368798481271,372.8759267184442
vid_000313_frame0000019.jpg,19.01551665079233,0.7977509802406191,206.30643495959654,330.15396806785145
vid_000313_frame0000020.jpg,18.84136413633582,0.7699023751836725,207.39610965311795,360.4220958225138
vid_000313_frame0000021.jpg,19.096426031887933,0.7835379473609619,202.07000284608395,335.8760461156194
vid_000314_frame0000001.jpg,16.889573102053713,0.5211168836690921,692.7683224964092,642.9491178636008
vid_000314_frame0000002.jpg,16.97622841378472,0.5301109277331952,676.3530562521527,633.0070584807704
vid_000314_frame0000003.jpg,17.00892426289565,0.5415362406604954,685.5349103490289,580.8072200550516
vid_000314_frame0000004.jpg,17.113560932670225,0.5486222324415901,690.4435208527989,569.28683459215
vid_000314_frame0000005.jpg,16.70394850134357,0.5137914956284142,690.8785993977239,694.8380550338354
vid_000314_frame0000006.jpg,16.67998279283865,0.5134751656625028,650.4747676805894,695.0913614638164
vid_000314_frame0000022.jpg,16.48366386431648,0.49984001247051557,706.9926434195953,720.8872051007272
vid_000314_frame0000023.jpg,16.99255363359881,0.5395713041765192,704.2408753519809,589.0257857097467
vid_000314_frame0000024.jpg,16.552900966794265,0.5063325083998033,717.961245103869,679.0686555636997
vid_000314_frame0000025.jpg,16.776995219252733,0.526793360563662,709.6634640413753,699.7588206904053
vid_000314_frame0000026.jpg,16.835130492989837,0.5295997939973759,699.5712405516088,691.4111836757529
vid_000315_frame0000008.jpg,13.155860033663094,0.6777957262022397,322.4231045319992,643.6497448158475
vid_000315_frame0000009.jpg,14.80176083471396,0.7060694222696783,341.81861833064454,677.0779837921451
vid_000315_frame0000014.jpg,16.524821909215643,0.725239030533395,410.1054544068483,868.8404281764438
vid_000315_frame0000015.jpg,16.70360304814727,0.6955794602472541,615.8735018355962,1173.7198940555768
vid_000315_frame0000016.jpg,16.912837612659725,0.7147823484851625,467.87715260586776,1143.8859391933488
vid_000315_frame0000017.jpg,16.896609170243835,0.7020328204499583,493.6983135436242,1265.3381341701597
vid_000315_frame0000018.jpg,16.085693436971916,0.7024607044648149,640.3485425757697,1639.5386708018502
vid_000315_frame0000019.jpg,15.817954427261828,0.6920192222072687,630.3465398990752,1640.3043931138086
vid_000315_frame0000020.jpg,15.461649447278244,0.6876641246576575,743.4682326739696,1965.5016603503639
vid_000315_frame0000021.jpg,15.33627240659943,0.6853004477958411,612.5816550068225,1793.2509203632687
vid_000315_frame0000022.jpg,15.53651669505912,0.6976859323994612,639.615137803018,1855.693746595533
vid_000315_frame0000023.jpg,16.193891914452955,0.6979358831908652,580.8667176352566,1473.4644940380458
vid_000315_frame0000024.jpg,17.103473281912432,0.6895666329499915,657.4141070571679,1338.488900181204
vid_000315_frame0000025.jpg,16.91667034043508,0.673842395389082,701.1746565716471,1459.8436478011217
vid_000315_frame0000026.jpg,17.431160179719253,0.741423937156125,425.81316736607516,910.6486233643833
vid_000315_frame0000027.jpg,16.322798710187012,0.7168061785073454,541.4444410593189,1539.2503228169242
vid_000315_frame0000028.jpg,16.023763305749153,0.7062547865413308,520.9925408236061,1549.5158233896905
vid_000316_frame0000011.jpg,16.617559394218002,0.6943476772167365,274.8440420951831,950.679276870465
vid_000316_frame0000012.jpg,15.706940694180744,0.6711665963810042,299.86952495092214,958.9122073538293
vid_000316_frame0000013.jpg,15.296192429268432,0.6465609633242043,326.64737697673763,1122.4211584535985
vid_000316_frame0000014.jpg,15.82292395602764,0.672325231681818,300.39105088970365,1034.8120614680565
vid_000316_frame0000015.jpg,14.827221227744168,0.6234485413227154,341.77111487033903,1182.4683317026265
vid_000316_frame0000016.jpg,15.119930385974333,0.6475247972422583,317.5898060873827,1054.7341714115496
vid_000316_frame0000017.jpg,15.714584903891804,0.6492491833800761,354.81322458989644,1244.3910684558152
vid_000316_frame0000018.jpg,14.86220952423733,0.6186920092835436,356.91843058803,1225.8959635349997
vid_000316_frame0000019.jpg,14.890907082606946,0.6162021525556128,352.9673778376671,1178.401285236011
vid_000316_frame0000020.jpg,15.559847545290477,0.6463272266798014,358.5363243960521,1235.6679714143008
vid_000316_frame0000031.jpg,15.001560676858233,0.6275667970344313,359.4573778183931,1245.3084735141426
vid_000316_frame0000032.jpg,15.277348565253888,0.6508426788556044,288.13393311585764,953.8766288803037
vid_000316_frame0000033.jpg,17.223254708361168,0.7292231847885636,274.8108262129226,793.8887971917426
vid_000316_frame0000034.jpg,16.361238913369473,0.6412170026458376,351.6126253200996,1157.112396919283
vid_000317_frame0000001.jpg,14.966862851662821,0.6014751064318572,267.9355491938922,1242.2389478485045
vid_000317_frame0000002.jpg,15.075654575682346,0.610677667112071,244.77645009218932,1161.9916190696483
vid_000317_frame0000003.jpg,15.755056005546173,0.6481935791451138,271.35355716789104,1203.975268556393
vid_000317_frame0000004.jpg,14.73081894449656,0.5938052923462913,337.2365769363734,1644.178493570612
vid_000317_frame0000021.jpg,15.761775615512645,0.612910263628469,285.75112371523335,1003.5063528721299
vid_000317_frame0000022.jpg,15.669000576553083,0.6135902163266509,326.1645247875699,1162.0647531251802
vid_000317_frame0000023.jpg,16.014401602602362,0.6212040079403797,328.24646779957163,1105.0280524681395
vid_000317_frame0000024.jpg,15.890584463535863,0.6000611607058798,362.2357030700306,1271.425232149885
vid_000317_frame0000025.jpg,15.783416684886822,0.5816694383181119,349.1947363715549,1195.2181649844226
vid_000317_frame0000026.jpg,16.20217828269231,0.6160969794478329,356.6562810960419,1106.551897677704
vid_000317_frame0000027.jpg,16.152862206526805,0.5984761938584476,379.5969451459615,1281.7176096556777
vid_000317_frame0000028.jpg,16.066419803707618,0.5909652443099009,396.863177420291,1350.7153008857154
vid_000317_frame0000029.jpg,16.12655413473628,0.5954481404988218,375.17185976949264,1240.6740411726073
vid_000317_frame0000030.jpg,15.912955044897688,0.5813872448326279,388.13036320851546,1316.724737529287
vid_000317_frame0000031.jpg,15.910543813800675,0.583372918409561,385.99395146694184,1326.2180532799428
vid_000317_frame0000032.jpg,16.046318918271872,0.5893719165536346,398.5301519338841,1338.225605697592
vid_000317_frame0000033.jpg,16.16149476384539,0.5981394813474022,389.7893142608572,1293.0023867882128
vid_000317_frame0000034.jpg,16.014182955012114,0.5892785521548388,406.23760721154815,1371.6699121370596
vid_000317_frame0000035.jpg,15.945860577427208,0.5866142700277023,393.8044285576231,1366.6546699460105
vid_000317_frame0000036.jpg,15.957071754629997,0.5836654284305234,382.52160425356897,1284.9787478394715
vid_000317_frame0000037.jpg,15.882374817731243,0.5812686343390242,385.15291872548994,1332.0882092706108
vid_000317_frame0000038.jpg,16.004873144873205,0.5888565878079285,393.736801740846,1327.8396625905186
vid_000317_frame0000039.jpg,16.061710145549853,0.591054786465471,395.9095287522641,1310.2121761129258
vid_000317_frame0000040.jpg,16.062803989128973,0.590648628214493,398.9774515163675,1346.2538338210888
vid_000317_frame0000041.jpg,15.940690638900993,0.5857723249943406,392.701794022969,1356.2934521814545
vid_000317_frame0000042.jpg,15.884077305886308,0.5837159808324633,389.5225470051288,1343.0679946495916
vid_000317_frame0000043.jpg,15.925227458324178,0.5863579607733468,380.5898960526764,1287.3137581307371
vid_000317_frame0000044.jpg,16.01312534372223,0.5913154301488484,402.9789250339926,1343.2723231321906
vid_000317_frame0000045.jpg,16.160802836587045,0.596521460021194,402.0882824722736,1349.6585987451626
vid_000317_frame0000046.jpg,16.11596918496725,0.5932422123766826,395.0954038596542,1314.883170408041
vid_000317_frame0000047.jpg,15.926270170325992,0.5852927703541764,394.9620559016664,1363.7606639090639
vid_000317_frame0000048.jpg,15.812981465089198,0.5787868366932277,389.22658007303664,1356.3941922064296
vid_000317_frame0000049.jpg,15.85456820188287,0.5805500293311109,381.3392508586834,1295.7263941219535
vid_000317_frame0000050.jpg,15.838924242229975,0.5834402038566848,384.23520285366567,1320.9897263514133
vid_000317_frame0000051.jpg,16.03802953340601,0.5938425465344644,397.93369885310426,1337.3685324774192
vid_000317_frame0000052.jpg,15.995886284819449,0.5929270999222144,402.40699270535254,1354.263711011558
vid_000317_frame0000053.jpg,16.18444348932235,0.6119595984694103,345.73775250205176,1150.473423658581
vid_000317_frame0000054.jpg,16.04843347594404,0.6073191371679896,357.65917249823667,1210.860445905952
vid_000317_frame0000055.jpg,16.089326078987877,0.6047277621560052,370.6288399776845,1237.981659527626
vid_000317_frame0000056.jpg,16.70180522447305,0.6451423751552244,348.5182566285844,1079.2046201533656
vid_000317_frame0000057.jpg,16.644039329743663,0.6361341243713091,351.9369380884817,1145.4953272798948
vid_000317_frame0000058.jpg,16.438443727490583,0.6208311940009923,381.1405462590374,1273.2427001170115
vid_000317_frame0000059.jpg,16.48919610797305,0.6157814289358484,385.8205337587631,1258.3424044230446
vid_000317_frame0000060.jpg,16.531289957431145,0.63364128569519,332.92070048536704,1075.2461456256162
vid_000319_frame0000001.jpg,17.392076328933193,0.6205324007728716,1046.445051771186,1642.2843292400314
vid_000319_frame0000002.jpg,17.489127504083438,0.662340579405476,998.2288776632926,1507.4949136895038
vid_000319_frame0000003.jpg,17.645444866741986,0.651576269333901,1014.5592526054452,1521.412694724946
vid_000319_frame0000004.jpg,17.69417253769281,0.6348750154566972,1049.9541329690023,1671.4394048842191
vid_000319_frame0000005.jpg,17.79774636898059,0.6531835705111632,964.0063284623695,1514.0713020356784
vid_000319_frame0000008.jpg,18.505792462380718,0.7541620210193841,831.4509979469271,1003.8088225570252
vid_000319_frame0000009.jpg,18.609347448239212,0.7910024789598445,867.5580293086786,963.4266828568768
vid_000319_frame0000010.jpg,19.535808178083776,0.7993118236744223,798.9879473243939,804.7929791555424
vid_000319_frame0000011.jpg,19.29837431705933,0.773362889642717,773.697270091419,786.129630172735
vid_000319_frame0000012.jpg,19.09702066725563,0.7680221390875586,844.9528980336113,842.1851118599716
vid_000319_frame0000013.jpg,18.9686486720423,0.7640503898687259,859.35023623477,841.1365311834232
vid_000319_frame0000015.jpg,18.57990065152055,0.7299311348957285,880.0727402297284,1004.0010111398107
vid_000319_frame0000016.jpg,18.068125923317528,0.6842737793883162,955.0641070377677,1374.4205144054904
vid_000319_frame0000017.jpg,18.011448294154377,0.6758386303656366,1006.3032345149566,1460.697109253186
vid_000319_frame0000021.jpg,18.80546329976507,0.7696648222883594,939.4798419011352,1016.8595404339931
vid_000319_frame0000022.jpg,18.62878595898312,0.7411606986350244,1003.3697938324697,1265.0272059525832
vid_000319_frame0000023.jpg,18.598095247137508,0.7274707871512115,982.0246936798351,1283.7822682602869
vid_000319_frame0000024.jpg,18.431631082688714,0.7219786004052303,1001.5415516021047,1293.3433814305222
vid_000319_frame0000025.jpg,18.781933890691715,0.7826347336675812,878.0742222364956,976.7837859661363
vid_000319_frame0000026.jpg,18.813894986128158,0.7759019532450688,930.3475990605314,1123.1049195954558
vid_000319_frame0000027.jpg,18.3430470801193,0.7179942173266101,1099.3086985011023,1427.315219182667
vid_000319_frame0000028.jpg,18.547660056234264,0.7327990907689866,1038.123301943503,1320.9482813854897
vid_000319_frame0000029.jpg,18.638602298290717,0.760385271989021,971.958514974027,1128.4934951850785
vid_000319_frame0000030.jpg,18.513729286772225,0.7115992483987245,1039.154138393075,1315.6787273736595
vid_000319_frame0000031.jpg,18.580529537841947,0.7247646812219398,1028.693933033992,1281.0422757477195
vid_000319_frame0000032.jpg,18.53795332990741,0.7129848574738742,1037.2513354294524,1313.2063978390363
vid_000319_frame0000036.jpg,18.60103751918656,0.7337546831206142,989.9979051431928,1223.9901811227376
vid_000319_frame0000039.jpg,18.616022749238155,0.7265521105146768,991.583484387233,1223.9199229039332
vid_000320_frame0000051.jpg,16.93577965284074,0.6957886001271943,833.1313128298605,1003.5723965641589
vid_000320_frame0000052.jpg,16.947014848026548,0.6761224889802838,1040.1251401240966,1357.0514564959908
vid_000320_frame0000053.jpg,16.824789418485146,0.692844139101993,876.3767364673498,1099.9020813313152
vid_000320_frame0000054.jpg,16.620687006239248,0.6589637819486324,922.0084101585006,1199.5155239741352
vid_000320_frame0000055.jpg,16.447865805977024,0.6304594650111244,960.728179744782,1390.1605808789336
vid_000320_frame0000056.jpg,16.398996775543303,0.6530521970789657,858.2633344601442,1141.216096464449
vid_000320_frame0000057.jpg,16.270607631554373,0.6289159358434122,982.9913702576963,1360.4508820857125
vid_000320_frame0000058.jpg,16.074279175284524,0.6181679348666781,957.6290826606038,1551.669155723029
vid_000320_frame0000059.jpg,16.332366746778444,0.6130192329718672,801.8254044343831,1381.4063129836547
vid_000320_frame0000060.jpg,15.971594114318034,0.5891796445480769,1096.0826799859208,2261.6239067814818
vid_000321_frame0000003.jpg,18.153599361654617,0.8195622576291867,961.8850188960819,685.1226543413934
vid_000321_frame0000007.jpg,18.171075140933468,0.8266559873657405,984.2353553567949,690.4926177388578
vid_000321_frame0000013.jpg,18.318583696384255,0.8141463196374842,1023.6787646848692,732.5286518948575
vid_000321_frame0000014.jpg,18.308917562200993,0.8177646560514363,1014.8148579127372,738.852083596205
vid_000321_frame0000015.jpg,18.302011587236777,0.8220232531959867,1000.1659890596713,725.1060149187207
vid_000321_frame0000020.jpg,18.273261136065237,0.8058599472564604,984.6334369115147,734.2538505569772
vid_000322_frame0000002.jpg,18.666448677936895,0.8169764394909022,899.7085839861861,730.4752751191659
vid_000324_frame0000025.jpg,17.379968624030916,0.7285089708429903,1074.6308742627896,1154.9983866603716
vid_000325_frame0000005.jpg,17.458110923411265,0.7497263160813384,995.7377175917618,626.0773884160562
vid_000325_frame0000012.jpg,17.532604856182772,0.746818926803288,1013.6699127015389,633.7380661202966
vid_000325_frame0000019.jpg,17.57400846363916,0.7650315136613891,988.1610668391323,628.455924281923
vid_000325_frame0000025.jpg,17.378716151688813,0.7469263291030749,1024.2967139389827,639.6129879759325
vid_000325_frame0000034.jpg,17.366300466322457,0.7433073804133731,1022.4486326887486,635.5770909741569
vid_000325_frame0000043.jpg,17.404565848711524,0.7704783816753199,967.188357188998,666.7150586492382
vid_000325_frame0000049.jpg,17.480611582720357,0.803923031067758,944.0979594475762,664.7112486178885
vid_000325_frame0000060.jpg,18.668800641105427,0.8413775790241943,951.5897463341832,691.1045659242224
vid_000326_frame0000004.jpg,17.675331116745554,0.7659259709065321,901.2072291812708,632.2104796236713
vid_000326_frame0000006.jpg,17.7502001628282,0.7928951977223146,814.4557817503674,618.3563114135134
vid_000326_frame0000008.jpg,17.661220730246203,0.7733239264243412,847.0162737154546,658.2176321114579
vid_000326_frame0000010.jpg,17.521648304821202,0.7820823791082491,882.5322332802999,670.6764600296359
vid_000326_frame0000013.jpg,17.74805085960928,0.773104886746986,876.1923056927212,704.4906689102171
vid_000326_frame0000022.jpg,17.80207188417905,0.7666554765570521,885.6895155728639,747.5236456197086
vid_000326_frame0000032.jpg,17.793409272429617,0.7852025327886446,896.6110900644011,623.7598251027249
vid_000329_frame0000001.jpg,17.78595102453819,0.7806252222175245,1392.8134448144149,1123.751253692304
vid_000329_frame0000016.jpg,17.214404059682323,0.7616130322059358,1432.0040157097314,1214.2624825907214
vid_000329_frame0000028.jpg,16.907458897587485,0.7135922460357832,1391.1138466894151,1226.190656823183
vid_000330_frame0000006.jpg,18.950553069909716,0.8274321666014357,861.0344024616946,698.9825174054228
vid_000330_frame0000016.jpg,19.044391083120225,0.8017809285542435,885.508994163435,753.9373945643101
vid_000330_frame0000020.jpg,19.309672760153074,0.7810277980023693,923.3573085480486,849.053044283747
vid_000331_frame0000158.jpg,17.717066125317643,0.7812681587942193,920.8481841491362,678.485829481209
vid_000331_frame0000159.jpg,17.737410165626834,0.7892607538025644,906.6651457874096,675.5145945096492
vid_000331_frame0000160.jpg,17.80896089594551,0.7821173199953911,919.6708082539019,674.7440616255284
vid_000331_frame0000161.jpg,17.876431653234533,0.7937129048647201,924.096102320278,673.7040677394556
vid_000331_frame0000162.jpg,17.72612853296645,0.784993849321988,929.8984843095485,697.9969653533317
vid_000331_frame0000163.jpg,17.75180142213208,0.7960320751906284,917.0704493160549,687.3446084588347
vid_000331_frame0000164.jpg,17.814902127874642,0.7922171062632911,926.1832831593509,663.4852205450157
vid_000331_frame0000165.jpg,17.932992996083872,0.8014230320196606,936.1377437179378,678.930182387191
vid_000331_frame0000166.jpg,17.74690877786038,0.7978029188866446,896.0702840985456,692.6351173684723
vid_000331_frame0000167.jpg,17.755344174236015,0.8044403188314311,914.1739007441262,677.2837739063376
vid_000331_frame0000168.jpg,17.910814222208742,0.7993081075202401,921.9032973121055,701.1312102406945
vid_000331_frame0000169.jpg,17.912329764272023,0.8059694335541526,904.6161020034292,695.3762125361922
vid_000331_frame0000170.jpg,17.876095747261967,0.8102022156660134,934.6858882503053,697.1957267300367
vid_000331_frame0000171.jpg,17.957813183195334,0.8127286067187551,913.5882129633472,669.2929151690066
vid_000331_frame0000172.jpg,17.904627095065514,0.8115194723997244,920.0391090041257,684.5072130994218
vid_000331_frame0000173.jpg,17.86515568942678,0.8131182684121425,902.6972725735158,671.3396731789854
vid_000331_frame0000174.jpg,17.78769783288993,0.8143001434440252,915.5789973865914,669.4096624297282
vid_000331_frame0000175.jpg,17.876560125412805,0.8128024559660307,923.0735887138283,673.3748553153263
vid_000331_frame0000176.jpg,17.803902041224145,0.8128125645330564,909.1884891704651,666.4675600332541
vid_000331_frame0000177.jpg,17.966147650720245,0.8167214803328332,903.7858388120081,682.7105793274873
vid_000331_frame0000178.jpg,17.856508012330647,0.8087216159215916,915.9422111109731,703.5224638920239
vid_000331_frame0000179.jpg,18.136939759612783,0.8182718574233805,965.4262040608677,670.6511634697081
vid_000331_frame0000180.jpg,18.023504690989867,0.7819587331248554,953.3734122619765,694.3393874142763
vid_000331_frame0000181.jpg,17.96507100583923,0.7806791638316893,944.7735854464818,681.7112910097344
vid_000331_frame0000182.jpg,17.942698503996738,0.7887525851969762,938.5719484621683,683.8278553555604
vid_000331_frame0000183.jpg,18.042044895197332,0.790213599223649,925.5331880893979,671.9636748681941
vid_000331_frame0000184.jpg,18.033475043906073,0.7886270980813528,925.8855763510129,668.3010688774434
vid_000331_frame0000185.jpg,18.041724615405272,0.7924897823832459,929.2332615750058,672.9672277336422
vid_000331_frame0000186.jpg,18.011589843326288,0.7966760475735005,922.4971432290026,674.22630949137
vid_000331_frame0000187.jpg,18.059359702568116,0.798983004427113,921.3715236888182,684.9016025805888
vid_000331_frame0000188.jpg,18.069047828698753,0.7871911517350942,924.1629042151687,701.6277191953909
vid_000331_frame0000189.jpg,18.069628618126075,0.7968513614948581,934.8879615557189,692.3137509230619
vid_000331_frame0000190.jpg,18.060805683749503,0.7955784805582337,951.2195239990015,692.9996261672164
vid_000331_frame0000191.jpg,18.03077098564151,0.8021213986475134,944.7122884320777,680.0112719083946
vid_000331_frame0000192.jpg,18.0269203178309,0.7965484451955613,934.0037035062782,661.9576145699205
vid_000331_frame0000193.jpg,18.011212153673753,0.791787888208502,945.1560871652991,677.5741362213784
vid_000331_frame0000194.jpg,18.01734752755526,0.7957218361939331,923.9258938062226,658.5543435728379
vid_000331_frame0000195.jpg,18.123432357317178,0.7947376468724189,924.9736292391937,661.4361684116434
vid_000331_frame0000196.jpg,18.14201073449191,0.8088866078526645,935.3953803875111,670.8997432942818
vid_000331_frame0000197.jpg,17.98060078105693,0.7856469488234984,941.3682914978672,698.3578933859089
vid_000331_frame0000198.jpg,18.007718188620444,0.7903489285504448,942.0495718124148,684.3339244713654
vid_000331_frame0000199.jpg,18.064336136823556,0.798225987014888,938.6485810846344,665.5667899137711
vid_000331_frame0000200.jpg,17.92921734306768,0.78400886955874,939.1629579589909,672.3993511249616
vid_000331_frame0000201.jpg,17.9671011789858,0.7789291974404721,940.5463485896116,679.2718828363462
vid_000331_frame0000202.jpg,17.919474724678672,0.7827507979300362,963.2956827412337,681.0050860011488
vid_000331_frame0000203.jpg,17.90618639704856,0.7719439950118158,953.482865247927,684.795391545943
vid_000331_frame0000204.jpg,17.953313380273606,0.7812069008302945,961.6425059677476,679.5710962583273
vid_000331_frame0000205.jpg,17.92144552933623,0.7695039874269142,933.9228437598932,691.4926039256271
vid_000331_frame0000206.jpg,18.11466640015285,0.8037426869316994,911.2842038305344,682.9104873094907
vid_000331_frame0000207.jpg,18.073628962954242,0.7878101373595164,918.245102145307,712.7661972430141
vid_000331_frame0000208.jpg,18.058725001453517,0.7878860590875937,961.5529679902796,741.914683000061
vid_000331_frame0000209.jpg,18.089590646775527,0.7863457257473652,947.9777681310585,718.1670513019614
vid_000331_frame0000210.jpg,17.9580680250532,0.8004523317617945,935.7591549839477,684.5811921850244
vid_000331_frame0000211.jpg,17.966157480394962,0.7837780838434422,949.6756035226849,672.2433421101742
vid_000331_frame0000212.jpg,17.98988163446866,0.8023595297077382,949.6526652826983,704.9388951451715
vid_000331_frame0000213.jpg,17.891739398984203,0.7865146486959868,929.9710506505323,694.6867925064014
vid_000331_frame0000244.jpg,18.126002506274858,0.8234836045854171,964.0477571262047,668.5780673999387
vid_000331_frame0000245.jpg,17.904024605231623,0.8022747422350113,1000.6932698844531,709.9094896684968
vid_000331_frame0000246.jpg,18.07972982419694,0.8098180149526,984.3647724671572,687.5654217413928
vid_000331_frame0000247.jpg,18.0000791581912,0.7925585801672507,1005.4109479236492,696.3615446669409
vid_000331_frame0000248.jpg,18.040039874767253,0.7989774442592639,1016.1976615691224,704.6566612808481
vid_000331_frame0000249.jpg,17.990602326821744,0.7869851580968487,1013.5811105001146,698.9933990316036
vid_000331_frame0000250.jpg,18.04365027240196,0.8038058130391209,984.665630826689,683.5487005938734
vid_000331_frame0000251.jpg,17.970843831736243,0.8045040448266348,986.9493155674667,687.1783913027067
vid_000331_frame0000252.jpg,17.940912905944902,0.8140435123292127,959.2456814059776,682.4581459355181
vid_000331_frame0000253.jpg,17.996997243250327,0.8138315767844144,956.9189633021464,695.997680542039
vid_000331_frame0000254.jpg,17.966225116473343,0.8174230381777855,960.0834118354386,701.9609878320038
vid_000331_frame0000255.jpg,18.035880282847447,0.8206441248553046,968.6879522561319,690.5208363121591
vid_000331_frame0000256.jpg,17.981807369958503,0.8292391865127167,969.7737921608876,693.9803659159027
vid_000331_frame0000257.jpg,18.018919055549738,0.8261826350567923,947.9997377684231,696.5313571888129
vid_000331_frame0000258.jpg,17.879173196567073,0.8272123730008495,941.9359071070511,691.1466004258903
vid_000331_frame0000259.jpg,17.818250946297344,0.8189334883237138,916.653538326172,691.534253294492
vid_000331_frame0000260.jpg,17.85889425128293,0.834244367390899,908.2835149313273,679.4860560045186
vid_000331_frame0000261.jpg,17.9078465120515,0.8320759092955056,930.561303169104,690.8776518322253
vid_000331_frame0000262.jpg,18.02459016635568,0.8296014586804636,941.7700672851373,677.5432623963591
vid_000331_frame0000263.jpg,18.179612787556614,0.830241496599268,951.4474147761621,689.5381567955991
vid_000331_frame0000264.jpg,18.151975863587875,0.8315024425625284,952.8380762395186,678.5782035168628
vid_000331_frame0000265.jpg,18.040812276885788,0.8254683304049397,959.9523925394687,677.6770049318168
vid_000331_frame0000266.jpg,17.98900150562223,0.8260816864714705,937.4779396474519,687.9653940287095
vid_000331_frame0000267.jpg,18.016906063466582,0.8177912557060104,916.9872315436013,697.6459129477187
vid_000331_frame0000268.jpg,18.010714594572267,0.8131586208641051,943.0137926358457,677.2247839005798
vid_000331_frame0000269.jpg,17.89670391855013,0.8117629072738112,940.1832151029815,678.3510464204485
vid_000331_frame0000270.jpg,17.867898953390377,0.7904621506452107,931.9440174162569,686.2858300782113
vid_000331_frame0000271.jpg,18.02039567018451,0.7954176840839361,928.2221706540114,669.8069652569757
vid_000331_frame0000272.jpg,17.989781189127488,0.7783840291579547,922.07672852061,672.3590307408363
vid_000331_frame0000273.jpg,17.94434390602573,0.7901582108434608,915.4817185249638,673.6914136916326
vid_000331_frame0000274.jpg,17.996318958509892,0.7811883429465944,939.9534829100756,694.5825114433693
vid_000331_frame0000275.jpg,17.87788823106185,0.7860458232654483,940.2642909899246,670.5611985586864
vid_000331_frame0000276.jpg,17.98337862331135,0.7933807183008544,950.890162405711,657.6604022320863
vid_000331_frame0000277.jpg,17.876595839141128,0.7829357888162501,960.8477388857989,678.9841024561941
vid_000331_frame0000278.jpg,17.87605905800564,0.7721146085925796,966.8588147555884,693.7836464162206
vid_000331_frame0000279.jpg,18.022529079131925,0.8120831825722896,936.547129738025,668.6528361595318
vid_000331_frame0000280.jpg,17.996467011531724,0.7969836552936748,984.6002898419347,723.5736177098524
vid_000331_frame0000281.jpg,18.238927643655284,0.8086379065538455,1007.5619903739519,693.0685791556315
vid_000331_frame0000282.jpg,18.07446047528424,0.7671093862262518,1024.34545525295,722.619292696664
vid_000331_frame0000283.jpg,18.239501652898714,0.7786108029501375,998.6480167095136,698.3633069946474
vid_000331_frame0000284.jpg,18.08426736616607,0.7602987091629574,1030.4128722657113,716.7647344278754
vid_000331_frame0000285.jpg,18.19697110615526,0.7729436313429384,1026.9975792411938,693.2528054091707
vid_000331_frame0000286.jpg,18.073178356845535,0.772896309851081,1003.2081536941745,687.7571279777407
vid_000331_frame0000287.jpg,18.2113284439258,0.775685776684047,1034.6738979093896,704.2435248867733
vid_000331_frame0000288.jpg,18.10597050073076,0.7616334535508659,1028.568113313497,733.158056368699
vid_000332_frame0000001.jpg,16.208749812434032,0.7582826298611532,1937.522794728069,2321.183810872305
vid_000332_frame0000002.jpg,16.164484946720275,0.7640055756383086,1683.1340996431968,2189.5404162792415
vid_000332_frame0000003.jpg,15.901824391766251,0.7538193724930434,2053.541316703745,2295.7587260809805
vid_000332_frame0000004.jpg,16.284253790424415,0.7843014542363527,1574.2081285654317,1716.9575292127035
vid_000332_frame0000005.jpg,16.862136339442067,0.8139813600198167,1403.5931042703621,1405.8700914901826
vid_000332_frame0000006.jpg,17.115999574325834,0.7772883993192545,1525.1857464703955,1448.050681037386
vid_000332_frame0000007.jpg,17.87571858848552,0.8289627002280261,1057.8235759040356,893.5217397800677
vid_000332_frame0000008.jpg,18.187880321634555,0.7949051287733854,1047.3471686653409,760.0853681783374
vid_000332_frame0000009.jpg,18.375765104333354,0.8453347858983135,910.6485524473791,621.5851903412971
vid_000332_frame0000010.jpg,18.45519700482643,0.808590602029254,890.2145432123161,663.759113314845
vid_000332_frame0000011.jpg,18.46975972973702,0.8239947753764404,861.6600489403936,633.3190617292679
vid_000332_frame0000012.jpg,18.53500692309367,0.815237627311848,863.1837811494931,651.728815080839
vid_000332_frame0000013.jpg,18.570595345787503,0.8189008031525818,853.5102058801438,645.6803096568764
vid_000332_frame0000014.jpg,18.51841166741597,0.8134835187452053,873.182354200577,644.8913751542932
vid_000332_frame0000015.jpg,18.50632825524229,0.820940643601967,877.9594252958069,647.5929833925761
vid_000332_frame0000016.jpg,18.469918784762235,0.8252734054658367,869.5340258044455,646.4579938747138
vid_000332_frame0000017.jpg,18.545761147275872,0.8206739426356616,884.858343538983,653.5786339672471
vid_000332_frame0000018.jpg,18.479009353137023,0.8087082965480265,879.8363831184633,650.548894426009
vid_000332_frame0000019.jpg,18.588593333524507,0.8178742543806995,867.3133245537608,652.6683646419058
vid_000332_frame0000020.jpg,18.50828440671853,0.8100144995501587,870.5112800423337,654.4461179971966
vid_000332_frame0000021.jpg,18.54296920374911,0.8266188439352579,878.520835396275,648.4029095061646
vid_000332_frame0000022.jpg,18.59770557405662,0.8168287772673964,864.4387840451641,648.8459611211966
vid_000332_frame0000023.jpg,18.583270467135442,0.8200652231891271,848.5306313550623,646.827749072904
vid_000332_frame0000024.jpg,18.483101401962262,0.8149839589484703,862.4723175308947,657.939232616797
vid_000332_frame0000025.jpg,18.555256566316185,0.8424876210174664,841.0003704925246,629.1450522236634
vid_000332_frame0000026.jpg,18.386222086698687,0.8441471405631756,872.8894760961646,638.7072549648162
vid_000332_frame0000027.jpg,18.310823559079918,0.8367364610831323,868.0491738298674,643.853673908102
vid_000332_frame0000029.jpg,18.216373289119,0.8362144158909843,842.1207557123639,708.0699229248911
vid_000332_frame0000030.jpg,17.295347013218677,0.7995655648869148,950.3630549178356,821.9336650966193
vid_000332_frame0000031.jpg,17.336047738004613,0.7979001993198397,992.8499840989216,837.7542370084398
vid_000332_frame0000051.jpg,17.868549145189167,0.8154703232503183,1590.6885336087435,1377.032364855859
vid_000332_frame0000052.jpg,18.243106367970775,0.80765666549721,1347.7974034066444,944.617825033398
vid_000332_frame0000053.jpg,18.16371335372749,0.8196860990091973,1297.54194935032,1004.6019431464565
vid_000332_frame0000054.jpg,18.222534221043787,0.8245401216127641,1264.071794704134,992.1295581928302
vid_000332_frame0000055.jpg,18.13845006533016,0.8261625764062926,1189.2291220430898,945.5200928960459
vid_000332_frame0000056.jpg,18.0566643236915,0.8291851673780465,1125.7731130273567,937.925262537598
vid_000332_frame0000057.jpg,17.942263076142584,0.8250980452144082,1104.7356477761969,942.3276281904839
vid_000332_frame0000058.jpg,17.90616646636851,0.822586602977907,1072.5981907733508,906.4181761253502
vid_000332_frame0000059.jpg,17.96885327476381,0.8232920425681006,995.5765588504842,837.2695473820982
vid_000332_frame0000060.jpg,17.97253103852164,0.8314221227322841,970.6618652413088,821.5768031499624
vid_000332_frame0000061.jpg,17.909355817384107,0.8317885351589297,1009.8512216367003,854.4515853345662
vid_000332_frame0000062.jpg,17.775681270450495,0.8283072019501477,991.9787047558825,882.5363320729327
vid_000332_frame0000063.jpg,17.95575653282865,0.8278212227566599,927.7839468932141,750.4696358828128
vid_000332_frame0000064.jpg,17.970202580151305,0.8303197968372698,883.2735956783638,671.5122230483613
vid_000332_frame0000065.jpg,18.088325568877874,0.8331023712100819,911.079016576252,671.3163880912887
vid_000332_frame0000066.jpg,18.09699193767861,0.8372081087384334,869.9332442287247,680.8433829276294
vid_000332_frame0000067.jpg,17.9051600170177,0.832359258724487,863.530320835431,683.4784489522985
vid_000332_frame0000068.jpg,17.8663685752638,0.8264322759215178,929.3924845126307,763.1621386962265
vid_000332_frame0000069.jpg,17.708133689012296,0.8127408367716021,1041.7310160495256,821.5263939839222
vid_000332_frame0000070.jpg,17.640261061575544,0.8200279360176491,1078.7760813559257,855.3981009723523
vid_000332_frame0000071.jpg,17.68789686049677,0.8180052337804922,1122.2322983976014,930.7697167010513
vid_000332_frame0000072.jpg,17.65153809632445,0.8194578315176404,1160.6113133075287,945.8915687233637
vid_000332_frame0000073.jpg,17.671570195827687,0.8199284727501531,1125.4435384267117,935.3494054728246
vid_000332_frame0000074.jpg,17.75363483472856,0.8267337890274779,1094.2341573242136,860.362825047261
vid_000332_frame0000075.jpg,17.90418256452155,0.827770286456849,1112.9663759241455,841.752112010777
vid_000332_frame0000076.jpg,17.86362996428666,0.8352545452181931,1081.3074204844927,804.7954333804057
vid_000332_frame0000077.jpg,17.857597229671576,0.8257161635303353,1091.1165686043935,824.8995873487418
vid_000332_frame0000078.jpg,17.79110480501353,0.8238117274573379,1121.208190136014,882.1369137816766
vid_000332_frame0000079.jpg,17.714266352289705,0.8226861977187848,1080.447699220641,853.5186650442314
vid_000332_frame0000080.jpg,17.9149049758251,0.8333986404962833,1092.5553328690164,937.5524727218699
vid_000332_frame0000081.jpg,17.983220262057966,0.8353919752704574,1061.5105380184195,916.3543186471791
vid_000332_frame0000082.jpg,18.226283016764786,0.8381061713186645,1002.8264112936328,863.144079104902
vid_000332_frame0000083.jpg,18.156652227773154,0.8326520876964553,1045.5062611928347,856.3086280894084
vid_000332_frame0000084.jpg,18.31133550296281,0.8406109027689702,1047.4252043722522,829.160849465205
vid_000332_frame0000085.jpg,18.299089777739262,0.8369270879727186,1077.3785608008902,837.7749735402583
vid_000332_frame0000086.jpg,18.450999754865393,0.8497587342605336,1037.7229246709694,864.5955646141069
vid_000332_frame0000087.jpg,18.674728881901085,0.8442753889179663,1011.03992932696,872.0886611752976
vid_000332_frame0000088.jpg,19.008785778346166,0.8490219038569421,981.0317152656621,909.0298885149443
vid_000332_frame0000089.jpg,18.961447826605472,0.8393962744480076,977.0371408615786,881.995119190882
vid_000332_frame0000090.jpg,18.47686790277162,0.8404650455396152,972.7705807979073,844.5674224213375
vid_000332_frame0000091.jpg,18.516003462497967,0.839033929121552,970.2202332111485,799.4402004628973
vid_000332_frame0000092.jpg,18.127570390946033,0.8352587278491933,1057.0470778694048,806.5700827842535
vid_000332_frame0000093.jpg,18.17070575792741,0.8343471259882037,1046.7825237617794,835.4104824414852
vid_000332_frame0000094.jpg,18.02448286555794,0.8359234640497419,1062.6010223504327,965.9063373024323
vid_000332_frame0000095.jpg,18.17480768837906,0.8367413869322187,1052.2275029165332,970.8698373852305
vid_000332_frame0000096.jpg,18.373974850607354,0.8492838100210481,969.0235475512908,892.5704534690286
vid_000332_frame0000097.jpg,18.482334616647606,0.845337907889129,956.8188846646782,884.8257957761089
vid_000332_frame0000098.jpg,18.073644804521688,0.8451391807676355,953.4889361662862,861.8642696481706
vid_000332_frame0000099.jpg,18.18719495257417,0.837018110892863,952.3448349157999,816.6195307113812
vid_000332_frame0000100.jpg,18.097269843141415,0.8453112000929823,933.2305069931695,810.8954518545214
vid_000332_frame0000101.jpg,17.945369935182864,0.824539337470616,990.4078259428841,822.1152644518737
vid_000332_frame0000102.jpg,17.975783950937622,0.833827727610393,973.7982517598912,821.9474265549892
vid_000332_frame0000103.jpg,18.05522834873582,0.8293608276702922,1000.2340154268951,940.8288835095797
vid_000332_frame0000104.jpg,18.128214140397155,0.8369520421730249,978.9851805637093,924.0566924324752
vid_000332_frame0000105.jpg,18.08038152564688,0.8344718638105633,988.1137216578637,955.3676965229517
vid_000332_frame0000106.jpg,18.089415862387707,0.8430755616825159,967.1977315205502,941.2250105109017
vid_000332_frame0000107.jpg,18.09702252824369,0.8435454866959841,970.2941428329782,966.3333805992968
vid_000332_frame0000108.jpg,18.07787614143421,0.8441297347693165,933.6386103248391,941.9007547762262
vid_000332_frame0000109.jpg,18.21594928488683,0.8384754765364355,909.8319376522248,903.9262483028878
vid_000332_frame0000110.jpg,18.124498162008823,0.8477703282075568,919.0822771517226,863.888629453699
vid_000332_frame0000111.jpg,18.015657845434074,0.8479139641493726,914.1414044907251,852.5849035617781
vid_000332_frame0000112.jpg,17.96433110232791,0.846621245884524,917.1213136947013,838.2433741277608
vid_000332_frame0000113.jpg,17.949721830930883,0.8445260965644369,916.7221048440264,836.9447009836185
vid_000332_frame0000114.jpg,18.067109768221762,0.8438564934071492,921.0410624342873,863.5903350042563
vid_000332_frame0000115.jpg,17.96981270378996,0.8425189848105008,931.8634623512144,869.3811393834333
vid_000332_frame0000116.jpg,18.086777480568642,0.8488299367588512,917.4464483644902,882.1136600189245
vid_000332_frame0000117.jpg,18.03087213244115,0.8467942861034851,927.5254327162877,895.0701992737687
vid_000332_frame0000118.jpg,18.007189501744293,0.8444986859990662,922.9769744295061,898.2362718109835
vid_000332_frame0000119.jpg,17.944027465828917,0.8381853190238653,919.8927586670545,890.1545448867257
vid_000332_frame0000120.jpg,18.0002946627465,0.8436152009206349,904.7406626378643,889.9361272067367
vid_000332_frame0000121.jpg,18.05714452987823,0.8470850012312683,914.2003774963197,885.9636117052466
vid_000332_frame0000122.jpg,18.061559548498522,0.8469789490834575,918.7923831115926,882.5180656172687
vid_000332_frame0000123.jpg,17.984337994649138,0.8467477263909527,913.499402229434,881.2150830307306
vid_000332_frame0000124.jpg,18.12554619920267,0.8468196615175764,898.6499849264748,876.8927832238824
vid_000332_frame0000125.jpg,18.063167548942765,0.8463745850331653,916.878431781909,874.8297919757322
vid_000332_frame0000126.jpg,18.056818094148067,0.8506960445346112,904.4887142013418,876.1719583138731
vid_000332_frame0000127.jpg,17.94392096015325,0.8451142981894851,928.0043070593447,887.0701602904885
vid_000332_frame0000128.jpg,17.919903989782483,0.8389578615210058,922.8105261560015,891.5458424858422
vid_000332_frame0000129.jpg,17.990853886797083,0.8319475677122151,931.1676572184455,899.3019032984005
vid_000332_frame0000130.jpg,18.066398984092718,0.8518227330399751,906.2275318969607,886.5969879134051
vid_000332_frame0000131.jpg,18.05446767971462,0.855385297555815,897.4152296212261,868.5414230186998
vid_000332_frame0000132.jpg,18.09677543800483,0.8530275314595815,883.3025476061327,840.21197030159
vid_000332_frame0000133.jpg,18.053236117469986,0.8498443293811647,925.225071827975,799.8804345780453
vid_000332_frame0000134.jpg,17.40794795982796,0.8285491545667519,908.4889366490191,812.1054961596528
vid_000333_frame0000001.jpg,17.746941958513638,0.7372075773733903,1388.0991719061826,1833.1287577878243
vid_000333_frame0000002.jpg,17.767392449511842,0.7472281554221185,1381.535530858887,1838.1910083478558
vid_000333_frame0000003.jpg,17.653686027529766,0.7545062168520515,1394.1846501729824,1836.4525566055463
vid_000333_frame0000004.jpg,17.599139837898395,0.7500962041883117,1403.8264088758372,1845.7900690786605
vid_000333_frame0000005.jpg,17.574724133465427,0.7524798525673329,1388.4704008045214,1837.393401670854
vid_000333_frame0000006.jpg,17.54984918254564,0.7535687407497397,1291.6515672884932,1739.0128613489787
vid_000333_frame0000007.jpg,17.56128011659863,0.7691340113227949,1288.5282026057516,1868.259372297606
vid_000333_frame0000008.jpg,17.478123900965983,0.7656337108124315,1301.7515473057645,1792.6126342961384
vid_000333_frame0000009.jpg,17.65658693758718,0.7859920506777516,1229.1054114763765,1549.3350291555112
vid_000333_frame0000010.jpg,17.67823994346339,0.7729948406768168,1329.8195954784119,1646.8922219363992
vid_000333_frame0000011.jpg,17.652197736110168,0.7742701422753847,1343.689157275691,1669.7868016742013
vid_000333_frame0000012.jpg,18.01841989436117,0.8015556359263961,1171.7466621550193,1466.606094064326
vid_000333_frame0000013.jpg,17.684204313903805,0.7734003686089014,1259.5388868630441,1639.082997532645
vid_000333_frame0000014.jpg,17.49215687002991,0.7638743501778736,1263.801230226999,1648.3826049479624
vid_000333_frame0000015.jpg,17.722913936146977,0.7706244991960239,1255.9515052485076,1633.9851801240923
vid_000333_frame0000016.jpg,17.662245231842245,0.7672414098324237,1201.5062005234179,1568.5788489881456
vid_000333_frame0000017.jpg,17.580699636565107,0.7623426154097848,1198.8129996094374,1575.6617448168156
vid_000333_frame0000018.jpg,17.552413559266718,0.7588888703788171,1194.972601622101,1617.5139296792063
vid_000333_frame0000019.jpg,17.65346907001651,0.758077017565829,1139.8102080560443,1521.4444677919873
vid_000333_frame0000020.jpg,17.488102340764698,0.7555214161090674,1182.0727935098953,1582.35600624655
vid_000333_frame0000021.jpg,17.55802148905343,0.761693469250163,1146.4462748358164,1540.337587004598
vid_000333_frame0000050.jpg,16.974892847910283,0.7404729891731979,1340.1269488531539,1720.3817946373133
vid_000334_frame0000001.jpg,18.37137385661243,0.700571638540039,891.4982932538377,873.6981296983533
vid_000334_frame0000002.jpg,18.535282504449416,0.7238006984737808,874.4062903839824,827.2509157401561
vid_000334_frame0000003.jpg,18.536873992292293,0.7290780766618581,877.9678240581885,815.768108587789
vid_000334_frame0000004.jpg,18.826630269489414,0.7335927096374691,893.7884624200368,815.7998475655601
vid_000334_frame0000005.jpg,18.9880281176286,0.7427927032312849,840.2317981197656,783.2986633043615
vid_000334_frame0000006.jpg,19.353393167998643,0.7499583679006857,813.4262556828071,776.3408218162036
vid_000334_frame0000007.jpg,19.295090933187215,0.7448032807915542,842.9797483771423,794.5753387630725
vid_000334_frame0000008.jpg,18.89325131456675,0.7383349393174444,889.9386696532079,828.4518486365623
vid_000334_frame0000009.jpg,19.176028530461128,0.7844627604420987,862.6035605726943,738.3003531185806
vid_000334_frame0000010.jpg,19.215936449134116,0.7693040821643816,879.8168379984658,783.6465289447467
vid_000334_frame0000011.jpg,19.204899945921866,0.7857262840413096,860.4027495106111,806.1830755591255
vid_000334_frame0000012.jpg,19.01648429231107,0.7712630799268502,869.7297276560266,875.4184257583482
vid_000334_frame0000013.jpg,18.853744731200322,0.7625445346383853,966.8420514769889,976.056728452253
vid_000334_frame0000014.jpg,18.564988754831976,0.7650792861977469,975.5099240849064,967.8854540695866
vid_000334_frame0000015.jpg,18.71316091798999,0.7890539674064821,948.9754694673788,906.8410184803531
vid_000334_frame0000016.jpg,18.88367684135078,0.8045304772082686,869.8812151161318,847.3092439829625
vid_000334_frame0000017.jpg,18.950519599726327,0.8157915824238954,879.5449446901464,777.4212780888555
vid_000334_frame0000018.jpg,18.93259890831058,0.8135175147184835,920.1805684112737,771.1058840858481
vid_000334_frame0000019.jpg,18.59504030844777,0.7985366762564553,1217.4050316626144,1038.856878328692
vid_000334_frame0000020.jpg,18.644903519851255,0.7816378798810097,1242.4947761355818,1051.2526961405104
vid_000334_frame0000021.jpg,18.80720462882467,0.7924717953994818,1226.3753611755187,1033.2925200282557
vid_000334_frame0000022.jpg,18.69379118353595,0.7935023583039239,1244.2760018082765,1028.688562602974
vid_000334_frame0000023.jpg,18.57938756082682,0.8111151854188897,1257.5221515785956,1011.0263847391855
vid_000337_frame0000160.jpg,18.74261470758811,0.7579322418545605,1135.8846933007571,564.490452290361
vid_000338_frame0000001.jpg,18.599141235987375,0.7206291692197179,1102.2228475046402,551.1319083296362
vid_000338_frame0000002.jpg,18.653812404976236,0.745699914203421,1093.6529510858074,534.5365070715297
vid_000338_frame0000003.jpg,18.64472682322494,0.7465144128888297,1112.1099072750362,533.2311097273285
vid_000338_frame0000004.jpg,18.508499589537777,0.7289641335141873,1122.5221812651982,558.0968094988128
vid_000338_frame0000005.jpg,18.56362940883253,0.7416399980516798,1090.5502474383547,547.1398766093845
vid_000338_frame0000006.jpg,18.548957995852092,0.7375397157640896,1102.1852606792634,557.2726701974979
vid_000338_frame0000007.jpg,18.66265415373774,0.7388283878878911,1107.2448194948693,545.328158317374
vid_000338_frame0000008.jpg,18.569683110597218,0.7171484511656585,1069.0520564466995,553.956682537003
vid_000338_frame0000009.jpg,18.67314226771048,0.7390885073164147,1077.4994538408537,544.4212395190756
vid_000338_frame0000010.jpg,18.415122396227016,0.7077843475199419,1112.096858420699,584.4637393560547
vid_000338_frame0000011.jpg,18.506725855880216,0.7245625146166375,1090.098737158148,562.4311122330471
vid_000338_frame0000012.jpg,18.518756768876873,0.7392562339488871,1057.8276081569725,540.3437047462402
vid_000338_frame0000013.jpg,18.671559193340904,0.7492576389882267,1058.05169013664,557.6317122644042
vid_000338_frame0000014.jpg,18.58178946740071,0.7307909936083371,1056.97900262305,568.1876070413056
vid_000338_frame0000015.jpg,18.664494333450577,0.746206105179071,1071.3144683217952,576.8772229176568
vid_000338_frame0000016.jpg,18.54024365387519,0.7374611189066619,1030.8081154002443,586.7649491883855
vid_000338_frame0000017.jpg,18.72640960485271,0.7222563461750554,988.9468059739061,598.9916293971116
vid_000338_frame0000018.jpg,18.565870000864663,0.6997435200708129,964.1278672874203,657.4110952146827
vid_000338_frame0000019.jpg,18.676540760980608,0.7125698248652652,998.9164760288216,627.9119818408752
vid_000338_frame0000020.jpg,18.05076960988482,0.674653923075433,1041.8011622592717,743.6633303375206
vid_000338_frame0000021.jpg,17.771814128501788,0.6920223663127869,1078.2401102743663,845.6239277972458
vid_000338_frame0000022.jpg,17.448481131177466,0.6786119669600081,1079.5748519648087,978.3346643897999
vid_000338_frame0000023.jpg,16.962453574635642,0.6836155781202807,1063.9884113406276,994.7868926575691
vid_000338_frame0000024.jpg,16.805231783712408,0.6560105492018814,1183.1593828186924,1252.4430641783124
vid_000338_frame0000025.jpg,16.83962339467143,0.6606031130427747,1169.6084866640786,1228.7860030680251
vid_000338_frame0000026.jpg,16.766428880203097,0.6477242075939084,1210.3204143001606,1277.8125054852649
vid_000338_frame0000027.jpg,17.025076597991408,0.670586102489153,1083.651878984358,1018.8132101414449
vid_000338_frame0000028.jpg,16.818637150120537,0.6566722448215013,1198.0928822033075,1189.345697493485
vid_000339_frame0000001.jpg,18.893095439107654,0.7523375243800471,1131.382417625218,564.9966048479904
vid_000339_frame0000002.jpg,19.010766223598193,0.7862370810669453,1124.283864207535,543.5083180938414
vid_000339_frame0000003.jpg,18.924687531179003,0.786519652831941,1126.6170974921488,546.9283137477199
vid_000339_frame0000004.jpg,18.989691593923872,0.7770166863737203,1137.7066895258358,559.4563915494455
vid_000339_frame0000005.jpg,18.82244723241262,0.7831262804549143,1143.3207995190435,551.2959844441461
vid_000339_frame0000006.jpg,18.966027878064985,0.7847952524468056,1105.8398902264648,543.9590562669363
vid_000339_frame0000007.jpg,18.882491361088032,0.7848532554971213,1116.5696528102362,545.160600006738
vid_000339_frame0000008.jpg,18.954729693002218,0.7718571088486993,1135.4806764697862,573.3822927707183
vid_000339_frame0000009.jpg,18.95918851798057,0.7961133868544891,1106.1507962660132,546.3424428180383
vid_000339_frame0000010.jpg,18.86721471705178,0.7745233711613619,1141.3183466579676,573.1473349757192
vid_000339_frame0000011.jpg,18.955718798290068,0.7901739732065768,1123.6187832700844,569.5510379667045
vid_000339_frame0000012.jpg,18.979869353943286,0.780075694340682,1131.2083319466742,557.8557198559889
vid_000339_frame0000013.jpg,18.89871949472235,0.7732762159099759,1184.2724769063805,582.943160067357
vid_000339_frame0000014.jpg,18.95921501237162,0.7594285564962941,1172.023833351243,596.2857357377518
vid_000339_frame0000015.jpg,18.89860915876133,0.7748868695387419,1190.6090568189238,590.2424002130567
vid_000339_frame0000016.jpg,18.695183867138823,0.7652330067632523,1157.6861549039031,603.4147253965247
vid_000339_frame0000017.jpg,18.818884663761693,0.7746496309046919,1176.7308575579027,604.9766915975579
vid_000339_frame0000018.jpg,18.644902174450223,0.7581613003307454,1181.4315507377385,609.651449618824
vid_000339_frame0000019.jpg,18.736488809232444,0.7813483077846298,1159.8888789615164,575.6452275656258
vid_000340_frame0000017.jpg,18.822712695248043,0.7817469304342293,1144.1208530695512,578.2692851834684
vid_000340_frame0000018.jpg,18.8065010574826,0.7676004331511478,1136.1385803565122,602.601152272666
vid_000340_frame0000019.jpg,18.738186829730036,0.787987044717999,1130.541418943756,577.4382165053961
vid_000340_frame0000020.jpg,18.695311707660636,0.7620249718559674,1138.0467596492072,608.1185392182074
vid_000340_frame0000021.jpg,18.8646550157124,0.7732512061591356,1150.6056548811764,605.7876269300243
vid_000340_frame0000023.jpg,18.777313444237002,0.7799989551695455,1137.404691606036,570.5463886000688
vid_000340_frame0000024.jpg,18.75197658255218,0.7602106741591035,1138.7010674136297,601.4502596324927
vid_000340_frame0000026.jpg,18.733927416172847,0.7663403256689665,1117.7851030275117,591.1824549767564
vid_000340_frame0000028.jpg,18.731824943754276,0.757513829641498,1161.4569229990439,612.1173089402106
vid_000340_frame0000029.jpg,18.74404386281765,0.7874986004832817,1130.0534849724108,585.7940350144803
vid_000340_frame0000030.jpg,18.70545624643436,0.7604330656906434,1140.2297898950667,616.599367726791
vid_000340_frame0000031.jpg,18.76582486979984,0.7707686857967664,1147.5259382238644,593.8557487784243
vid_000340_frame0000032.jpg,18.742867811572207,0.7579880647770812,1141.8740736061884,624.2545700891186
vid_000340_frame0000033.jpg,18.75861456444368,0.7756667403307774,1141.9726368643653,613.5241541416034
vid_000340_frame0000034.jpg,18.71003824418394,0.7564431733946853,1165.5366604100113,645.8164644466439
vid_000340_frame0000035.jpg,18.64105025284008,0.772604787415515,1135.9867243518047,616.5627915775127
vid_000340_frame0000036.jpg,18.69078524067116,0.7801118574534459,1151.506340624739,602.2292653491542
vid_000342_frame0000210.jpg,19.423735843626908,0.8058566578010863,952.4610905437033,594.4885468306674
vid_000342_frame0000211.jpg,19.417139130358642,0.7793683829700789,976.7662239323324,619.9203720365128
vid_000342_frame0000212.jpg,19.46495044291209,0.8025307834211978,954.0475673234004,583.2672722615159
vid_000342_frame0000213.jpg,19.396133638691722,0.7697702857362171,971.8882626047705,626.1365683835214
vid_000342_frame0000214.jpg,19.439874400486946,0.7885717734133156,988.3311340152112,620.8460108629578
vid_000342_frame0000215.jpg,18.983020386450477,0.7469797619525034,999.8636420215032,714.2488194643139
vid_000342_frame0000225.jpg,19.3852026091683,0.7716381865322312,978.6759805064031,622.0239619523925
vid_000342_frame0000227.jpg,19.425876787244768,0.7776730413000982,964.2608160424787,609.8283031624283
vid_000342_frame0000228.jpg,19.525585360182543,0.7865392699494386,959.9368914805935,601.9174221455845
vid_000342_frame0000246.jpg,19.456330357808802,0.8005901271244902,944.8747469552336,583.7683232041624
vid_000342_frame0000247.jpg,19.34745516078627,0.7835076243931974,955.6020199579127,605.744729506331
vid_000342_frame0000265.jpg,19.43771068524271,0.8016380162967236,963.0539643314687,581.0518919544974
vid_000342_frame0000266.jpg,19.430519702360186,0.8056521255240057,943.3116078751451,579.5782055543921
vid_000342_frame0000267.jpg,19.387113746010534,0.7963144750184062,978.7850590115721,597.3383916267585
vid_000342_frame0000268.jpg,19.315402249957547,0.8008082879400265,957.7101663467736,587.5198484558423
vid_000342_frame0000269.jpg,19.42687529509534,0.8053783487109345,951.3096129291928,583.6770360045215
vid_000342_frame0000270.jpg,19.394487831667156,0.7854362102044417,994.3789700514303,637.5159654674839
vid_000342_frame0000271.jpg,19.384553371382868,0.8038046524809648,977.1827595532907,593.4889457809244
vid_000342_frame0000272.jpg,19.38691403832109,0.7861005800486159,945.7317036632545,582.8121401465193
vid_000343_frame0000007.jpg,18.776830750958503,0.7575263169964336,924.7132065572697,708.5261195144166
vid_000343_frame0000008.jpg,19.037210364069225,0.7450105615453341,889.9880911035077,750.9042517431003
vid_000343_frame0000010.jpg,18.80173019040159,0.727362718415249,907.0708890779537,828.3471788253343
vid_000343_frame0000011.jpg,19.127850754087667,0.7476504745094653,856.2921238652011,786.7877335921678
vid_000343_frame0000012.jpg,18.968968053892006,0.7342989027857724,882.5713152741664,847.293913336411
vid_000343_frame0000015.jpg,18.829428053692464,0.7875766587154261,920.7146051828804,757.6432011796365
vid_000343_frame0000017.jpg,18.632975418041223,0.7858469287616353,921.9421757908893,805.1642377681986
vid_000343_frame0000018.jpg,18.835375104369668,0.7829066426535584,933.623183012834,795.1612869685159
vid_000343_frame0000020.jpg,18.879743102096697,0.7687625398307087,935.238339002807,843.9363045281013
vid_000343_frame0000021.jpg,18.662263947234933,0.7965797759517529,916.4140956056212,797.3144000313094
vid_000343_frame0000022.jpg,18.525701911581812,0.7869713460328341,943.2460036652021,805.7527852670505
vid_000343_frame0000026.jpg,19.106539839560696,0.8059297943535934,850.3726752089161,786.8434298561697
vid_000343_frame0000029.jpg,19.29034866624581,0.8088941435890872,877.743818728772,711.5979375886209
vid_000343_frame0000046.jpg,18.991678329978654,0.8203412721469906,885.3269482050331,780.2337418557288
vid_000343_frame0000047.jpg,19.011312816075602,0.8176898299644481,912.8732956894852,793.2930446880205
vid_000344_frame0000024.jpg,17.55937535447864,0.6442134085499217,921.3538299961403,876.6655832541898
vid_000344_frame0000026.jpg,18.001213338073637,0.6944978300493395,902.4008717410211,759.9926842185641
vid_000344_frame0000027.jpg,17.905621287957082,0.6941182720394679,917.0312900061833,857.8745482113185
vid_000344_frame0000029.jpg,17.867693388708823,0.7094670179447418,958.9451240745423,822.6944353281524
vid_000344_frame0000031.jpg,17.808891952018758,0.6858797969782979,964.0943410106967,787.6985340645285
vid_000344_frame0000032.jpg,18.255302543488746,0.7164183321905976,956.4277268045029,728.4550844883433
vid_000344_frame0000033.jpg,18.270997032746607,0.7023688375236636,942.5635856217299,714.7116808484285
vid_000344_frame0000034.jpg,17.933427762301466,0.6786602173510933,966.5427126807053,733.4550927520978
vid_000345_frame0000007.jpg,17.863139597053785,0.6758855986042458,938.0183227403749,754.3736631639813
vid_000345_frame0000011.jpg,17.75202287721834,0.6679343159548341,936.1668141421143,787.9292206282256
vid_000345_frame0000013.jpg,17.84779107502932,0.6641507373078751,964.1640392792247,818.934605182777
vid_000345_frame0000016.jpg,17.778640080231156,0.6816687458531718,909.6224908706571,782.0812332814052
vid_000345_frame0000017.jpg,17.496363873508347,0.6420620430456001,905.8921197752455,966.1138685768617
vid_000345_frame0000020.jpg,17.08449321048919,0.6175927215234737,933.8631883943418,1133.0561350999242
vid_000345_frame0000022.jpg,17.511552277623775,0.6574990401711901,954.0929383666721,953.0766879571395
vid_000346_frame0000010.jpg,17.81243815955117,0.6570000033472465,927.948695017202,855.451239568538
vid_000346_frame0000012.jpg,17.898940302355932,0.6536816861305167,909.9499326049812,884.2116404583298
vid_000346_frame0000013.jpg,17.93183099404468,0.6668775009142593,888.4218640883058,809.7867667548164
vid_000346_frame0000014.jpg,17.653864723634705,0.6396410762646983,893.3739812540286,943.9261086131274
vid_000346_frame0000018.jpg,17.59292096570117,0.6333144355731742,962.3586629260462,972.0981005065347
vid_000346_frame0000019.jpg,18.02151692389209,0.6721530429186994,898.0116190965755,811.6674497764543
vid_000346_frame0000020.jpg,17.61647442635754,0.6390928667559586,923.0317788019876,959.269152120353
vid_000346_frame0000021.jpg,17.88628322038696,0.6606304021333277,930.9008965825161,854.4962780819499
vid_000346_frame0000022.jpg,17.813055276816513,0.6434104123556109,948.8321364498111,943.4962618327467
vid_000346_frame0000026.jpg,18.02947632692307,0.6594922751082031,939.3451222750381,865.1460310697855
vid_000346_frame0000027.jpg,18.013007002104434,0.6507062484975642,965.4361516383182,874.1426370945005
vid_000346_frame0000032.jpg,18.335194357606827,0.6748061274954935,916.6173063314957,862.0306733181962
vid_000346_frame0000036.jpg,19.559550110611912,0.8388643611330894,931.4611238934153,764.9422138339096
vid_000346_frame0000037.jpg,19.482552686736945,0.8413207013315743,924.8935801644419,743.250914982856
vid_000346_frame0000041.jpg,19.573963050103625,0.8436636032278345,927.8217471230275,744.5156593264826
vid_000346_frame0000043.jpg,19.454285095907725,0.8506673569412803,911.2357435529965,745.0016266244119
vid_000346_frame0000044.jpg,19.392740809164614,0.8200188295612402,928.3552446770827,788.552843706888
vid_000346_frame0000045.jpg,18.957758344606386,0.8140179846824456,915.9299923692652,870.688276500295
vid_000347_frame0000012.jpg,18.55515056789598,0.7205176917590922,961.539065731847,793.8728337838047
vid_000347_frame0000021.jpg,18.45679692789911,0.7245900019695619,973.1059577542402,796.9074395780746
vid_000347_frame0000023.jpg,18.269630485069122,0.7190270087348524,990.6830653340219,819.5445824516004
vid_000347_frame0000027.jpg,18.38500349767131,0.7165378723137795,992.6470463178104,845.8391600499053
vid_000347_frame0000028.jpg,18.29030276308493,0.7023986720597253,984.6543726700298,840.5149108996219
vid_000347_frame0000030.jpg,18.273148804892877,0.7090269429056181,978.6419059596482,834.83243333304
vid_000347_frame0000031.jpg,18.069453346689567,0.6912360214648356,985.8692719851128,870.630179112254
vid_000347_frame0000033.jpg,18.057639122639944,0.6919320167835177,972.6849398194305,822.8000012467052
vid_000349_frame0000001.jpg,17.295339005076563,0.5959476714074615,918.6457540509606,1152.0429902606138
vid_000349_frame0000002.jpg,17.490221610618264,0.6263190491528331,880.3186858887124,997.925131654238
vid_000349_frame0000003.jpg,17.59893761531829,0.62143766522578,910.9900940164956,1063.30328956157
vid_000349_frame0000004.jpg,17.278018111113617,0.6126672040691202,896.0372382798479,1100.6020942832138
vid_000349_frame0000005.jpg,17.431756045642064,0.6219398223515881,914.7767401288036,1035.657121869677
vid_000349_frame0000006.jpg,17.47233332137886,0.6303280445577298,898.0316000741336,1022.7551899906535
vid_000349_frame0000007.jpg,17.57339379005924,0.6250430694358652,888.1417141443121,1025.5431929787815
vid_000349_frame0000010.jpg,17.390062280191643,0.6220958745557834,924.2032511291825,1032.8387562908497
vid_000349_frame0000012.jpg,17.680748564537517,0.6349829925719818,911.9929756087095,967.2036748547441
vid_000349_frame0000015.jpg,18.08746143842682,0.6696553592705364,970.5999547421185,788.9631087361278
vid_000349_frame0000020.jpg,18.440612530874912,0.7061515183727245,948.4511656086145,693.9118668766171
vid_000349_frame0000022.jpg,18.601948471533323,0.7136379742842159,989.8073832340814,682.2218696003375
vid_000349_frame0000027.jpg,18.85349148073852,0.7683662896498991,971.4447316791386,583.4552495472653
vid_000349_frame0000028.jpg,18.88443356611246,0.7597512233991558,986.605516457023,596.1284287108464
vid_000349_frame0000057.jpg,18.77241878133098,0.7644163415971622,985.1592926952609,607.2181336978888
vid_000349_frame0000074.jpg,18.370212740790997,0.7108613588762669,941.1634512462801,703.3924216485268
vid_000349_frame0000077.jpg,17.728142027424934,0.6484349715841454,932.6488038568383,907.1806300763088
vid_000349_frame0000081.jpg,17.130348834207023,0.6078390432862245,942.4869030717617,1096.6431878427936
vid_000349_frame0000084.jpg,17.36489700609554,0.6185617660848363,907.0612178010424,1008.0771184898115
vid_000349_frame0000093.jpg,17.655916727863826,0.6571076024531223,986.8470797717343,853.8450661579366
vid_000349_frame0000096.jpg,18.26640775777542,0.7180599044490076,968.5202091839546,679.1115226302506
vid_000350_frame0000005.jpg,18.240586386021924,0.8440318688631362,931.5425761999581,527.1157108670886
vid_000350_frame0000007.jpg,18.365770455900513,0.8501505431641153,919.7503281072693,521.4779925409168
vid_000350_frame0000008.jpg,18.46085298985826,0.8355802388189429,903.810048447354,529.5118840270312
vid_000350_frame0000009.jpg,18.323819218364036,0.8520291519414057,887.3696410739943,525.4064210517255
vid_000350_frame0000012.jpg,18.874471992115062,0.8345045657254954,924.6817138805441,541.0639400933089
vid_000350_frame0000014.jpg,18.68667529196514,0.8313155225538872,909.2456038452211,547.8882914561412
vid_000350_frame0000018.jpg,18.454777748350853,0.8298433107343676,914.5386063700519,543.0190180803505
vid_000350_frame0000019.jpg,18.290116130988885,0.855229515428373,882.9835763323091,522.9945903148432
vid_000350_frame0000020.jpg,18.54033566413096,0.8305854091796956,942.7684923218076,562.9320089481512
vid_000350_frame0000021.jpg,18.625227418909876,0.8429171686396382,965.7315618399005,693.809106179845
vid_000350_frame0000022.jpg,18.574547891859265,0.8500090724174948,937.3679338666884,605.7666437362077
vid_000350_frame0000028.jpg,18.87979644451217,0.8145597603608387,923.0735174674156,605.5094201131188
vid_000350_frame0000032.jpg,19.1122543029409,0.8256946015653602,907.3732273534918,591.9060423201714
vid_000350_frame0000033.jpg,19.3520934757997,0.8003536321855721,917.8863911225566,645.9269632753067
vid_000350_frame0000037.jpg,18.91297585500133,0.8300030638887721,882.974717685531,577.4153783672023
vid_000350_frame0000041.jpg,19.114727176231497,0.8168837429523662,900.1055010308062,610.4801711770192
vid_000350_frame0000053.jpg,18.689656641069877,0.7991484176688983,932.7295240071414,596.5272097202868
vid_000350_frame0000056.jpg,18.459728758126627,0.8478372624431366,950.4804459413546,570.1568768980767
vid_000350_frame0000059.jpg,18.406524730075173,0.8459971925176711,940.7696754933397,562.356406966662
vid_000350_frame0000063.jpg,18.578658036956735,0.8372836124745434,935.1065181967526,576.8834011663455
vid_000350_frame0000072.jpg,18.635007469680964,0.8274375442519389,917.5338815944529,593.1253975143387
vid_000350_frame0000076.jpg,18.61446179171472,0.8477479784828718,882.1364671996514,575.3544256378802
vid_000350_frame0000080.jpg,18.823098029028213,0.8283726227755777,881.9448077174161,604.5893484411573
vid_000350_frame0000083.jpg,18.869077651238882,0.7735886045137071,910.6845009904981,692.307165581383
vid_000350_frame0000084.jpg,18.977104227181915,0.8146733215766884,875.6116920114739,643.2954235985862
vid_000350_frame0000085.jpg,18.920659597741395,0.7918546545779434,897.2603551299713,681.0614629453039
vid_000350_frame0000094.jpg,18.79978864916217,0.7844392109138493,891.160521219957,996.4516779142366
vid_000350_frame0000098.jpg,18.706747708236712,0.7468825313385511,1023.4839486624915,1230.1586926125588
vid_000350_frame0000101.jpg,18.488965219166293,0.7277323425069123,997.2546244042056,1279.601164287157
vid_000350_frame0000105.jpg,18.57160703734628,0.763427511489876,950.6084351998389,1087.3731956181186
vid_000350_frame0000106.jpg,18.73997149423149,0.7678911408516712,930.1795842677436,1065.0855401937697
vid_000350_frame0000110.jpg,18.667506016452005,0.7602805189985661,993.7977353272472,1092.0779904112292
vid_000350_frame0000111.jpg,18.950753707549246,0.7807224257458193,1026.3106354644717,1079.9946457474646
vid_000350_frame0000115.jpg,19.132662130788876,0.7905380278878019,1023.1028686441841,1060.3525963369764
vid_000350_frame0000119.jpg,18.824220335690974,0.7914373631107153,1019.2769064191317,1006.2804062060723
vid_000350_frame0000120.jpg,18.99181746400978,0.8083061386289899,999.2431504625112,985.9906925170977
vid_000350_frame0000125.jpg,18.7718175462503,0.7915536674340995,1023.9535891748947,1056.3220148624755
vid_000350_frame0000131.jpg,18.811553450012845,0.80538789438208,1015.6845642183018,1027.9062551332086
vid_000350_frame0000136.jpg,18.882543648224658,0.8036100407540075,984.267604386267,989.590293965986
vid_000350_frame0000143.jpg,18.858401836312424,0.8112405923003569,1000.3438534488953,1018.5934719952132
vid_000350_frame0000151.jpg,18.827311945349443,0.7974764745733317,1015.4043981124262,1052.9699529899003
vid_000350_frame0000154.jpg,18.897376431341886,0.8049064929122657,1008.8330635234282,1032.3818564912424
vid_000350_frame0000162.jpg,18.724647536645143,0.7913097983662754,1018.9678856352939,1067.8633244033929
vid_000350_frame0000163.jpg,18.859231473388853,0.7985241497591712,988.550659870208,1019.1108393518987
vid_000350_frame0000167.jpg,18.903797327584027,0.779749841870498,970.2532498096402,1037.2442187539848
vid_000350_frame0000172.jpg,18.963702249047245,0.7932033537525718,990.9666094091859,1008.5558582784814
vid_000350_frame0000175.jpg,18.811761526440918,0.7972879492891133,980.5379865347253,1015.6244039916108
vid_000350_frame0000178.jpg,18.85289896718461,0.8042969745383791,997.5817360355294,1025.1787046790505
vid_000350_frame0000181.jpg,18.879551212853375,0.8029931489240599,1039.9673751761516,1041.0276881128673
vid_000350_frame0000182.jpg,18.83512897887856,0.8008361620580887,1065.862456969498,1050.4564191012557
vid_000350_frame0000183.jpg,18.894718652677017,0.8015046362069674,1058.5052911241214,1061.6731578375488
vid_000350_frame0000184.jpg,18.886637451996812,0.8051144424754093,1069.2122021642876,1046.0420319502775
vid_000350_frame0000185.jpg,18.811197476247287,0.8045885791268161,1036.0696979575926,1032.1278986759003
vid_000350_frame0000187.jpg,18.895891209651705,0.8097215443384886,1015.0071144193748,1027.2204919943192
vid_000350_frame0000194.jpg,18.916868314117828,0.8023353401323288,1045.5812076878965,1019.9467438016687
vid_000350_frame0000199.jpg,19.009190893849613,0.7854547105446312,991.1786890378106,1028.0119023003954
vid_000350_frame0000201.jpg,19.119781704837678,0.7946916865915771,1017.5231231137268,1039.3219972318475
vid_000350_frame0000211.jpg,18.83265670065718,0.807695424335256,1001.035058453842,994.1649021721901
vid_000350_frame0000213.jpg,18.78642835242943,0.80569979847176,1012.6169593005136,984.8893965348583
vid_000350_frame0000217.jpg,18.750223371842413,0.822307797989066,1033.070726222131,953.0763401651681
vid_000350_frame0000221.jpg,18.529007305756608,0.8281492739672752,1044.3048300357098,964.1293737628768
vid_000361_frame0000001.jpg,18.379744687669962,0.7693589726215623,1014.8861970083935,531.1575451217436
vid_000361_frame0000002.jpg,18.411671158070025,0.8155409521529854,1018.7701200308695,508.4882951757568
vid_000361_frame0000004.jpg,18.34197397974277,0.7958057375253311,1019.3088191656434,516.9220980677214
vid_000361_frame0000008.jpg,18.438216269569,0.7826068202809081,1018.1236052683993,527.5964339961431
vid_000361_frame0000010.jpg,18.35156787003418,0.7781116232482393,1028.0894895190936,530.3958063563709
vid_000361_frame0000011.jpg,18.44659314835204,0.8042061333542033,1033.0209333923594,515.6134454218632
vid_000361_frame0000016.jpg,18.323284514886677,0.8112973568208851,1004.3155711860285,513.7623158559622
vid_000361_frame0000017.jpg,18.441992969933303,0.8012027084675993,1040.8889767857263,537.5666816501252
vid_000361_frame0000023.jpg,18.235840866617433,0.7954372019580002,1035.3656844265556,514.5837525316704
vid_000361_frame0000029.jpg,18.39391903166254,0.8162620755840804,1019.6506587121348,508.7102373845604
vid_000361_frame0000030.jpg,18.18087242528318,0.7853182761043035,1020.5375669753145,526.7034024730921
vid_000361_frame0000034.jpg,18.27242669748475,0.8098224899145076,1027.7838493023462,520.1247368515483
vid_000361_frame0000035.jpg,18.265203543867198,0.8165840847959878,1014.0183710434586,518.2552743440143
vid_000361_frame0000036.jpg,18.45806158257724,0.8255869783411368,1009.4049169768372,502.2947686216992
vid_000361_frame0000037.jpg,18.429294126453733,0.828371624642242,999.1790381404811,493.61752260893843
vid_000362_frame0000001.jpg,18.874716698498442,0.7718661386945539,775.617233629212,785.7408691955502
vid_000362_frame0000002.jpg,18.384886071502635,0.8207950831636706,772.0063279470364,755.0017217222762
vid_000362_frame0000003.jpg,18.44086037672795,0.8170008831550648,780.7231632914626,756.3030072375171
vid_000362_frame0000004.jpg,18.279620027401034,0.818309285513663,781.1702524839608,752.3144853651615
vid_000362_frame0000005.jpg,18.34349249851066,0.8309981140377373,792.1342605409003,761.0360353962288
vid_000362_frame0000006.jpg,18.233020906382112,0.83656059615565,787.8214357989713,753.5185359656678
vid_000362_frame0000007.jpg,18.287358095504246,0.8350607611859595,804.1296832591489,757.5042213526224
vid_000362_frame0000008.jpg,18.24082301796159,0.8245832669466089,788.3812284838833,755.8315934912378
vid_000362_frame0000009.jpg,18.290626728910954,0.8487230405255765,727.0518464362801,783.393632988117
vid_000362_frame0000011.jpg,18.786158018870516,0.8377686502855078,752.9208019642716,798.0555754700092
vid_000362_frame0000012.jpg,18.747346594141383,0.8265879560839967,790.6466097672225,852.9744027322938
vid_000362_frame0000013.jpg,18.866035798500718,0.8190079040964996,807.3343394704095,880.9967372897836
vid_000362_frame0000014.jpg,18.925137907473296,0.8178747588077883,772.0649954398497,850.1574589958007
vid_000362_frame0000015.jpg,19.06485814532529,0.8318601896621427,746.7371637426598,821.7663179388098
vid_000362_frame0000016.jpg,19.042024940267307,0.8349635985256723,720.8457631644648,835.0576776181532
vid_000362_frame0000017.jpg,18.78436902743338,0.8424359798589328,714.8565642978375,836.9498874653883
vid_000362_frame0000019.jpg,19.156869450032172,0.8370270893065183,730.8086011162259,815.3714337769308
vid_000362_frame0000020.jpg,19.07140486071896,0.8140134747339296,773.0936913674534,844.7286451745987
vid_000362_frame0000021.jpg,18.886866439677995,0.8292324737726718,768.7308804744351,832.9521846649376
vid_000362_frame0000022.jpg,18.791007015253218,0.8171101001743093,799.0593404310077,858.8054101482558
vid_000362_frame0000024.jpg,19.01225687472253,0.8345777598282552,779.9692042622332,834.3937009892699
vid_000362_frame0000027.jpg,18.477039992874136,0.8520652705437248,756.4706319970626,746.9315019657973
vid_000362_frame0000028.jpg,18.346768310905162,0.8323019406023175,799.4010287856111,765.1641221133875
vid_000362_frame0000029.jpg,18.384495230446177,0.8456297338463702,764.9055207443968,767.1046138014249
vid_000363_frame0000001.jpg,18.193146448270895,0.6758048645421342,910.2611973940831,945.6129048885164
vid_000363_frame0000002.jpg,18.057332297820633,0.7480111325222022,866.4362051933535,829.5015498936211
vid_000363_frame0000003.jpg,18.199149343993493,0.716610395115025,884.9065822808091,890.1981477970826
vid_000363_frame0000007.jpg,18.363787160465346,0.7354855529886484,814.2994382770519,886.9815165960789
vid_000363_frame0000008.jpg,18.33705094378493,0.7237750473036609,812.2991516677831,949.2058215941181
vid_000363_frame0000009.jpg,18.392344082695683,0.786827787740015,759.1777522973873,837.6810281136967
vid_000363_frame0000010.jpg,18.181337566325645,0.7506355784571849,763.4831657434206,995.1515384478762
vid_000363_frame0000011.jpg,17.97643376729726,0.7426677903886238,727.6866231168511,998.9695357410055
vid_000363_frame0000012.jpg,17.403738594198856,0.6890077350919839,806.3173928128402,1225.9915045663488
vid_000363_frame0000014.jpg,16.888149606061916,0.6355724829825155,924.5301275761027,1491.7907999863346
vid_000363_frame0000016.jpg,17.427547122028876,0.6908464498115444,800.9653907705892,1101.4485876409292
vid_000363_frame0000017.jpg,17.48612464045218,0.6810967084172056,865.8534634994768,1072.571944837604
vid_000363_frame0000018.jpg,17.393519688363924,0.6772284027358152,869.2724785054606,1233.1020472154719
vid_000363_frame0000019.jpg,17.456897559152438,0.669427078962468,822.0014425876354,1172.1821130715414
vid_000363_frame0000020.jpg,16.998380535089254,0.6525908816212008,883.0046687039579,1436.6239052068988
vid_000363_frame0000021.jpg,17.808750250636958,0.7250124046537915,771.9035685424084,1024.390660729218
vid_000364_frame0000010.jpg,18.256826331486508,0.8299904793032903,865.0777120579778,697.2424448257702
vid_000364_frame0000011.jpg,18.450242222797467,0.8485695812878612,857.1851777354309,681.6685092571056
vid_000364_frame0000013.jpg,18.413834593627033,0.8485151730784781,887.4495559555077,698.6216504929362
vid_000364_frame0000014.jpg,18.425710100375397,0.8406874310823844,893.0613540757238,701.4932335745367
vid_000364_frame0000015.jpg,18.27998323106018,0.8442729122492517,893.8503064587719,714.8604906626517
vid_000364_frame0000016.jpg,18.50333705907062,0.8462550674744714,889.925659211997,706.9187331319507
vid_000364_frame0000018.jpg,18.146228338316,0.8265129626791206,888.4569630348316,712.3257739619115
vid_000364_frame0000020.jpg,18.39356879190541,0.8415104566796265,888.7891192250878,717.7050773612877
vid_000364_frame0000021.jpg,18.36146606315188,0.8356779350591026,882.1952368749036,715.5233872987685
vid_000364_frame0000022.jpg,18.379339937959017,0.8366913856536732,892.7683916565928,710.7568940637018
vid_000364_frame0000023.jpg,18.4657353543097,0.8337502756028713,896.9798524217294,717.4870421615261
vid_000364_frame0000024.jpg,18.455574025991204,0.8446847359303464,871.6604162272188,705.5203656090902
vid_000364_frame0000025.jpg,18.24974210098319,0.8343418142181869,917.6899236362701,726.7945006469824
vid_000364_frame0000026.jpg,18.266637007267924,0.8466349977792643,906.8610829007121,716.8553842548749
vid_000364_frame0000027.jpg,18.308309485186673,0.8257383480016468,881.2165281421951,713.496535725045
vid_000364_frame0000028.jpg,18.438753526149213,0.8315612788265487,874.9716882392971,702.5308604403308
vid_000364_frame0000031.jpg,18.27061183160741,0.8345102016873746,866.5394061908625,704.1887476762571
vid_000364_frame0000033.jpg,18.141660153133603,0.8197529567226746,836.2536111971034,704.4094966296404
vid_000364_frame0000038.jpg,18.279950330047313,0.8424678128996762,842.2251257719311,711.6852252354215
vid_000364_frame0000075.jpg,18.196098762914588,0.8470050448185518,882.0217497649445,710.2185624966693
vid_000364_frame0000076.jpg,18.129055400302533,0.8532351689222605,891.2184944596117,705.606939451877
vid_000364_frame0000078.jpg,18.126039851538046,0.844294541105184,864.158322973008,707.4117841865112
vid_000364_frame0000088.jpg,18.18999088646703,0.8311379493356627,879.0865251268965,704.7924727311557
vid_000364_frame0000089.jpg,18.141615495405393,0.834619842579117,860.9927405068149,688.7090907784468
vid_000364_frame0000090.jpg,18.276436293346883,0.844214938597135,889.7131137947282,704.9790830496194
vid_000364_frame0000103.jpg,17.90032656073809,0.8141942447818445,883.0110433910451,741.9971927169904
vid_000364_frame0000106.jpg,18.04049223020271,0.8331524115074699,875.6198674795677,721.1671957335892
vid_000364_frame0000111.jpg,18.111217028363516,0.8170114160570567,852.8305014841714,743.6719986881179
vid_000365_frame0000003.jpg,17.92905907841009,0.7920883169919701,900.6978361245049,750.8500952637273
vid_000365_frame0000005.jpg,18.033837382814873,0.8172234372417967,885.657466359242,742.1298159839271
vid_000365_frame0000008.jpg,18.011780575226638,0.8084074887440987,878.2022893478288,745.0233735675488
vid_000365_frame0000009.jpg,18.186619645661956,0.8296728098650458,858.8596147763081,712.2813765048578
vid_000365_frame0000010.jpg,18.287062279531213,0.7909739288750385,871.0911519541933,734.2974408689545
vid_000365_frame0000011.jpg,18.329087763809444,0.8138714925328473,886.4889373992055,716.5752653117709
vid_000365_frame0000012.jpg,18.476640443651956,0.8105062123276502,895.6610731540027,707.775546504223
vid_000365_frame0000013.jpg,18.528732061083353,0.8163298889231424,887.9023280869208,694.098627501617
vid_000365_frame0000014.jpg,18.34876355588705,0.8261884984689924,892.6603132705642,690.2882693475497
vid_000365_frame0000017.jpg,18.34870395027991,0.8018218734882936,889.7648246319569,719.6694633010075
vid_000365_frame0000018.jpg,18.17559037497531,0.7690171221999442,887.5602999866392,733.1588456181447
vid_000365_frame0000019.jpg,18.512088170486148,0.8013091746425763,885.3118419135038,725.7484540571819
vid_000365_frame0000020.jpg,18.0748608310488,0.7652959741117394,896.5265490072422,752.7924580843198
vid_000365_frame0000021.jpg,18.170057877506768,0.7845181609763046,884.3180217903753,730.0357364936242
vid_000365_frame0000023.jpg,18.15638362021145,0.7823950268860699,878.3479108630328,721.2683886421335
vid_000365_frame0000025.jpg,18.18057478014039,0.7655307939429746,870.2858144510934,752.4570825978088
vid_000365_frame0000027.jpg,18.205391246659012,0.7600440370836354,885.9258437436606,749.6498690815341
vid_000365_frame0000028.jpg,18.08650226906813,0.76662922823954,861.3284871708239,735.5840862933524
vid_000365_frame0000029.jpg,18.343015164053767,0.824225388474766,898.2338282849257,710.9155444310746
vid_000365_frame0000031.jpg,18.076631889776596,0.8223869284910871,898.6366310139158,732.4902617109733
vid_000365_frame0000032.jpg,17.885224924384207,0.7951054572036256,882.2135034839587,747.6556229520891
vid_000365_frame0000033.jpg,17.962853048906943,0.8010387085754499,907.0244294860352,739.1618920136881
vid_000365_frame0000036.jpg,18.238618114881156,0.8213950665696997,883.8163363037193,764.608765234334
vid_000365_frame0000038.jpg,18.085702397132067,0.8101587989283455,909.3491696815628,757.2287833889045
vid_000365_frame0000039.jpg,18.129081416298465,0.8271006207995915,870.5424860379269,740.4208025676147
vid_000365_frame0000040.jpg,17.999574592886713,0.8116693321211845,889.9966219427951,735.544256805436
vid_000367_frame0000002.jpg,15.459060234936759,0.5830918943360176,1438.6292619886851,1455.2646658122605
vid_000367_frame0000003.jpg,15.430887673858525,0.5873235437381196,1545.8729211098746,1486.0320827621545
vid_000367_frame0000004.jpg,15.2851825952486,0.5637242274976421,1612.0806990508886,1540.2647078499813
vid_000367_frame0000005.jpg,15.416487187481874,0.58050270791539,1562.350896890109,1448.6050249475381
vid_000367_frame0000008.jpg,15.49799733515978,0.5872609026134857,1471.144922463877,1400.4587184750656
vid_000367_frame0000010.jpg,15.554699297276217,0.5884117285575655,1455.6477200591105,1376.3224963371395
vid_000367_frame0000011.jpg,15.662764997064011,0.5901771784808348,1500.4999726422882,1496.4065570910623
vid_000367_frame0000012.jpg,15.157944606306305,0.5552127398282688,1589.5865865786793,1679.9451858708621
vid_000367_frame0000013.jpg,15.241469842964488,0.5648832961970366,1564.0653958696014,1609.7829575672504
vid_000367_frame0000016.jpg,15.234379349280324,0.5568467984828575,1567.592679711101,1646.0446197265433
vid_000367_frame0000021.jpg,15.137761683001132,0.5539902300086553,1550.4126369357382,1607.6314685068332
vid_000367_frame0000022.jpg,15.103386661106482,0.547573578417574,1586.4807150000609,1658.3175426609157
vid_000367_frame0000023.jpg,15.055630952826517,0.5603900215018284,1475.0242999763966,1438.948275720545
vid_000367_frame0000024.jpg,14.686541849005444,0.5406906339636741,1483.1429467845403,1542.8915200189365
vid_000367_frame0000025.jpg,14.90854677401071,0.5600234017661249,1448.9072878084953,1392.712569668275
vid_000367_frame0000026.jpg,15.114585380753827,0.577510825709024,1450.1174211984721,1285.8896061805376
vid_000367_frame0000027.jpg,14.607850297093275,0.5269409574899305,1561.2938412692108,1567.983995824926
vid_000367_frame0000028.jpg,14.594809662685247,0.527348265487272,1540.4988519945239,1545.8034182497734
vid_000367_frame0000029.jpg,14.729091730516352,0.5345287491359729,1528.9137363421034,1480.8867741764002
vid_000367_frame0000031.jpg,14.651681348606655,0.5290107213314331,1525.4333729427015,1530.2068223503068
vid_000367_frame0000032.jpg,14.639379064685746,0.52569992531562,1538.824235522581,1575.940329586342
vid_000367_frame0000033.jpg,14.808143541282782,0.541665908440318,1491.348118861144,1441.9608345900026
vid_000367_frame0000036.jpg,14.859280209586727,0.5463892625827009,1401.2679244643282,1378.9971143108098
vid_000367_frame0000038.jpg,14.669193466866501,0.5357434546902134,1445.424574487578,1574.2903400292498
vid_000367_frame0000040.jpg,14.619131056560224,0.5285230806820724,1483.284933269042,1591.8708173137438
vid_000367_frame0000042.jpg,14.865141803443176,0.5329622959596976,1561.4574049712198,1594.2655015651849
vid_000368_frame0000013.jpg,18.761535706463864,0.8182037018882751,989.0913537328846,535.5630209223599
vid_000368_frame0000030.jpg,18.85807628569467,0.8113146857449728,953.608721261472,550.7258020494144
vid_000368_frame0000031.jpg,18.697254876181113,0.8339697459292239,933.3934459653259,549.4828546489713
vid_000368_frame0000037.jpg,18.627937983465035,0.805492836334321,919.7423560986352,570.0227307868569
vid_000368_frame0000043.jpg,18.570836704278328,0.8284449750033277,883.0419922108129,541.2198333810023
vid_000368_frame0000047.jpg,18.39611060276627,0.8334521278868872,885.7578624023683,531.445477550148
vid_000368_frame0000048.jpg,18.267065309366316,0.8331763192649877,873.5671728257737,539.2013237002656
vid_000368_frame0000056.jpg,18.42272371042636,0.8427469250392035,899.9087457482152,514.694610811324
vid_000368_frame0000066.jpg,18.438871110849064,0.8469278483096278,850.7158250870593,518.0733383476506
vid_000368_frame0000067.jpg,18.494323428604147,0.8430691438146111,832.8272788368303,537.2061770906889
vid_000368_frame0000076.jpg,18.476270648421888,0.8451463899429759,924.1274999703602,640.1041110639167
vid_000368_frame0000078.jpg,18.52799890311322,0.8378459959380686,960.6859108896998,657.1706549142011
vid_000368_frame0000081.jpg,18.337695333733784,0.8299922738692889,930.6221363995805,672.4620877396945
vid_000368_frame0000082.jpg,18.40053809542977,0.8326874962957534,920.1645018707134,671.6852913770539
vid_000368_frame0000088.jpg,18.760746966275498,0.8289305001561568,894.0736096625168,639.5626790294167
vid_000369_frame0000008.jpg,19.57923260352902,0.8206128678605348,783.3186277181059,907.5159988159196
vid_000369_frame0000009.jpg,19.2051849691601,0.8358059093744289,763.6908269772196,841.5336680265843
vid_000369_frame0000011.jpg,19.135174526386557,0.8355206579695392,811.2382253782772,843.0431417489121
vid_000369_frame0000013.jpg,19.48564048804078,0.8228853036169652,782.4588763945403,886.0331599865386
vid_000369_frame0000014.jpg,19.644293806678217,0.8211804105246628,791.6242408482269,881.7342481568783
vid_000369_frame0000015.jpg,19.659210422748288,0.833536194157277,802.3799187514935,859.08424878356
vid_000369_frame0000016.jpg,19.6015153352292,0.8411908300887183,801.8281987671296,857.1726088162213
vid_000369_frame0000018.jpg,19.26180111535117,0.8446285689203394,794.8746453570396,798.6410142089534
vid_000369_frame0000019.jpg,19.095224623330253,0.8508215476948014,763.0347314694824,770.5461744174406
vid_000369_frame0000020.jpg,19.46682030755271,0.8318751810806759,769.5950370861613,782.8889447286366
vid_000370_frame0000017.jpg,18.86254260462771,0.838453826930516,869.1585783667499,814.1479768448298
vid_000370_frame0000019.jpg,18.672697246929587,0.8382499657902119,854.2395444148833,843.9278315692592
vid_000370_frame0000020.jpg,18.680516543170217,0.8024320392370411,891.2407936786758,867.4055203648304
vid_000370_frame0000021.jpg,18.768876467028864,0.8111026135080635,889.2568703865778,853.2376938313308
vid_000370_frame0000022.jpg,18.768846024148157,0.8425561772558682,874.3378290470584,828.8185829740546
vid_000370_frame0000023.jpg,18.731313686795723,0.8320256027539088,843.8898316953415,800.0294815621262
vid_000370_frame0000025.jpg,18.861878666897137,0.830627695189991,831.1413677941297,834.3693884040864
vid_000370_frame0000027.jpg,18.881429525234385,0.8168614921433736,825.7402977019688,824.8234905557073
vid_000370_frame0000029.jpg,18.875417699060925,0.8218996301134142,811.4038080681269,847.768174649285
vid_000370_frame0000038.jpg,18.94300300857386,0.8298011178926998,850.3966175052548,811.0540745976873
vid_000370_frame0000042.jpg,18.764200675412287,0.8285747873720961,869.3740008806577,811.6260502444259
vid_000370_frame0000043.jpg,18.649237307629353,0.8211882023329257,857.3460573984986,816.6491265956336
vid_000370_frame0000045.jpg,18.886955512168278,0.8185840807971531,864.3652659091433,830.983167617394
vid_000370_frame0000048.jpg,18.936203818117946,0.807642494979732,868.3562944521221,842.1206890061649
vid_000370_frame0000051.jpg,19.008837516387878,0.8242010141361099,850.288111367298,828.2018181187245
vid_000370_frame0000052.jpg,19.013089142051637,0.8252922393632399,839.7350240263851,809.4698868390514
vid_000370_frame0000055.jpg,18.868454545725335,0.8220479745985995,848.0454613282526,809.7495539845154
vid_000370_frame0000056.jpg,18.964886232621296,0.8406540713291534,828.2871643733009,813.4046075659373
vid_000370_frame0000058.jpg,18.88719015380563,0.829443897066675,841.3871577437006,802.4279641901427
vid_000370_frame0000063.jpg,19.242451541792335,0.8088576759640569,799.3146487091341,848.274655152447
vid_000370_frame0000064.jpg,19.27963692891723,0.8295805574405611,815.5095013706456,835.3554977167522
vid_000370_frame0000065.jpg,19.203077441076665,0.8304158456207552,795.0212941465356,813.7088240121469
vid_000370_frame0000066.jpg,19.19395927785423,0.8449086322136042,790.880538949385,818.2410656245886
vid_000370_frame0000067.jpg,19.22920827585376,0.8378748266946884,801.4103629207613,811.4020999655176
vid_000370_frame0000068.jpg,19.03848086025412,0.8347458591327973,797.2142137017574,799.4958081634693
vid_000370_frame0000070.jpg,18.883936029778425,0.8438038522511001,808.0727323242293,800.6332124252033
vid_000370_frame0000071.jpg,19.01231134985349,0.8484175466836223,806.4936449721305,786.3120725616855
vid_000386_frame0000021.jpg,15.479160034106169,0.6562190274581968,1480.9347472420748,1497.618625867814
vid_000421_frame0000001.jpg,15.91307644071236,0.5880663763780517,165.14037821371818,1000.7829515692147
vid_000421_frame0000003.jpg,16.524015312683858,0.6538996321792204,121.31299162810136,557.3666995211663
vid_000421_frame0000004.jpg,15.910005958704188,0.61056708776819,147.6896021744173,885.9590783116674
vid_000421_frame0000005.jpg,15.770523692608657,0.6104574878034321,149.95588354494217,852.238167136071
vid_000421_frame0000006.jpg,16.533848510162635,0.6989645631414435,119.94974204677811,441.5584990556715
vid_000421_frame0000010.jpg,15.80899465717171,0.601049483350023,163.68926001756546,979.9305822129276
vid_000421_frame0000015.jpg,16.035045675127567,0.6139873272471364,157.22634136436213,840.749856297306
vid_000421_frame0000018.jpg,15.865963678093877,0.6164071783144441,166.21850393205543,853.024093701682
vid_000421_frame0000025.jpg,16.56659195267516,0.6812259938255109,138.78308048080237,573.2055605702964
vid_000421_frame0000031.jpg,16.35172049950969,0.6280005450148103,152.42677293195536,857.2610604855477
vid_000421_frame0000034.jpg,16.22786757018757,0.603764851751175,165.2628410491376,985.0990717274334
vid_000422_frame0000003.jpg,18.606415626223644,0.5999693752385639,273.9672537815846,412.23175456059823
vid_000422_frame0000004.jpg,18.2590454304442,0.5872444094451589,274.7726132785975,425.5057047073002
vid_000422_frame0000015.jpg,17.986988249129798,0.5558551185276277,280.4727236823287,483.83464989862773
vid_000422_frame0000048.jpg,18.34786069787527,0.5854939731688203,263.78593473941567,422.16359210651535
vid_000423_frame0000006.jpg,21.612164602516422,0.8104382956326228,136.80610887997022,331.9760757308122
vid_000423_frame0000007.jpg,22.2236941294114,0.8229543812206149,127.21608474476457,308.36193018891316
vid_000423_frame0000008.jpg,22.290498937089257,0.8139227620295513,132.95655979651482,301.50059195427866
vid_000423_frame0000009.jpg,21.34153838841919,0.7466945178128457,160.2817116761758,474.0174410567363
vid_000423_frame0000011.jpg,20.66006799272622,0.6728173426056424,202.50281594365146,743.0123924521034
vid_000423_frame0000013.jpg,20.504411171836146,0.6987021776229806,189.10445676686146,675.2412128020264
vid_000423_frame0000018.jpg,21.034910070510385,0.7695681493268506,158.95190181443115,482.9127681522313
vid_000423_frame0000023.jpg,21.049152477609535,0.7765702094906883,149.90437626546066,434.1169973747146
vid_000423_frame0000028.jpg,20.524614527435485,0.8066682205207915,142.02709475003203,321.4971299539164
vid_000423_frame0000042.jpg,20.431164324856518,0.7997815853633332,147.33604094693942,302.73214280827
vid_000424_frame0000001.jpg,18.18654173960105,0.647251194240434,731.0164742575251,655.4419123456041
vid_000424_frame0000006.jpg,18.040027160814276,0.6420231273792051,705.4077321944803,601.9446860621965
vid_000424_frame0000008.jpg,20.0634421957541,0.6684955160498179,578.794389918581,586.2005668181082
vid_000424_frame0000009.jpg,19.755331050874407,0.6653015727181448,576.4025825638496,569.8340627698731
vid_000424_frame0000011.jpg,19.179580186938143,0.6401636519792133,614.9473498854613,573.9125201832121
vid_000424_frame0000014.jpg,18.904942315008913,0.6397645096386417,598.5330745747042,577.4805682197017
vid_000424_frame0000017.jpg,19.292987561706983,0.6604973566777773,610.3150394539806,566.9242740675611
vid_000424_frame0000020.jpg,19.12455376876844,0.6470153150437342,586.4802287530788,572.3640913155516
vid_000424_frame0000021.jpg,18.62437832950309,0.6433365773339159,590.9949566495922,561.3268892859521
vid_000425_frame0000013.jpg,18.5533054447472,0.8099638254010965,891.5495509562288,749.7742339356414
vid_000425_frame0000014.jpg,18.713128793949164,0.8042655009301694,911.4891874924197,777.9909123291969
vid_000425_frame0000015.jpg,18.822014897795334,0.8126754528454502,900.6467767590616,753.7990076200587
vid_000425_frame0000016.jpg,18.458908335691877,0.821590361475077,877.1286663601704,707.686676591351
vid_000425_frame0000017.jpg,18.614507503258416,0.8110559697863017,850.0784047025359,724.8081652451747
vid_000426_frame0000001.jpg,20.473350767113597,0.8572640052506569,202.76804806774976,241.9918058345702
vid_000426_frame0000006.jpg,20.329608188671244,0.868471372425124,175.5448824830218,218.11456203271817
vid_000426_frame0000012.jpg,20.122800859333,0.8810148701118257,163.31082190057046,205.50905424498004
vid_000426_frame0000017.jpg,20.161850636184717,0.8857495169754093,185.83728118426126,223.92554706458554
vid_000427_frame0000019.jpg,20.76176310138831,0.898564859448021,133.78490736778062,203.7119441977012
vid_000427_frame0000021.jpg,20.544453106575304,0.8922105438638129,130.24701677858215,192.33149634781142
vid_000427_frame0000024.jpg,20.427449348091145,0.8960411874320829,97.19167772082898,176.97604076692556
vid_000427_frame0000026.jpg,19.13739795663811,0.897594190703785,93.86705031460201,175.16913153914177
vid_000427_frame0000031.jpg,18.690497256379665,0.9096914718107536,87.10008169308595,158.2001159395909
vid_000427_frame0000033.jpg,18.800598806186073,0.8926488942895823,95.71166121493363,158.37007707327496
vid_000427_frame0000040.jpg,19.228086074930385,0.8952801511163636,104.3407808632088,189.38579460439604
vid_000427_frame0000051.jpg,19.41049512629173,0.8947265706952804,100.41254620207094,178.84658458555867
vid_000428_frame0000010.jpg,23.06331259348772,0.8156418398055664,127.92556714445223,272.8424173575357
vid_000428_frame0000017.jpg,23.149970243075956,0.8152447984525422,130.0014939113107,286.59396925435266
vid_000428_frame0000022.jpg,22.90061151077628,0.8231271750123103,124.73188010104114,278.8926278104395
vid_000429_frame0000010.jpg,14.053699564366426,0.5790546273214324,222.2191578839451,939.3103312294554
vid_000429_frame0000013.jpg,15.309606189746209,0.6407221525498219,207.97381610340955,589.0265711706355
vid_000429_frame0000014.jpg,14.87937328483058,0.6270088963335009,225.80503949323943,791.00988576428
vid_000429_frame0000017.jpg,15.379068994156444,0.6485528811610999,208.5058916072531,677.3319582014055
vid_000429_frame0000020.jpg,15.614956889849223,0.6567601751001799,223.2634684373872,730.8482162580051
vid_000430_frame0000001.jpg,18.518072659656653,0.8407179736548488,251.8935996898183,286.97156328193745
vid_000430_frame0000007.jpg,19.57029974804793,0.8909642150282503,197.8248986819478,236.06409215092714
vid_000430_frame0000009.jpg,14.119019116996032,0.8639639431145305,171.72445392666873,250.25791802182943
vid_000430_frame0000010.jpg,19.613533204630777,0.8855873519623864,215.218937502546,257.77395024042136
vid_000430_frame0000018.jpg,19.538551098386282,0.8791812024108495,252.467293125524,272.78150297311623
vid_000430_frame0000021.jpg,19.10662642940431,0.8736411598296905,242.04695941422273,235.13072338234304
vid_000431_frame0000001.jpg,19.689965972207894,0.8224145582442953,168.3635680070675,265.87491356473384
vid_000431_frame0000002.jpg,20.14771977081093,0.8442270533867514,166.45506501514348,256.77807592311586
vid_000431_frame0000003.jpg,20.18862974652548,0.7788351978749203,148.51411323990547,299.6906525907288
vid_000431_frame0000004.jpg,20.308457062071437,0.7397950972494929,145.80386277713143,320.29111284620535
vid_000431_frame0000005.jpg,20.791684141206325,0.773474453597757,142.4121228784835,300.4816447168125
vid_000431_frame0000006.jpg,19.637669383474595,0.7247609031541299,135.50755174810413,341.63616855068415
vid_000431_frame0000007.jpg,19.008487619811646,0.7015946277041699,142.61334859364695,367.51548492582043
vid_000431_frame0000008.jpg,19.53461556393818,0.6953538932016889,144.7741390113707,366.40632660099544
vid_000431_frame0000009.jpg,20.524602650022075,0.7712057350573954,140.21537286402943,274.4395706574315
vid_000431_frame0000010.jpg,19.19833067286772,0.7110635615222273,146.69055202061796,346.324115368217
vid_000431_frame0000011.jpg,19.296430551620762,0.7165156170203847,152.47200642100654,340.5915172207875
vid_000431_frame0000012.jpg,20.164826700541916,0.7710303679536753,153.77285488363384,294.92004402373937
vid_000431_frame0000013.jpg,19.55309073481907,0.7418695234243614,159.74336785775097,320.78885602741866
vid_000431_frame0000014.jpg,19.26071143765959,0.7400319380300825,166.1777945442809,323.7897117421864
vid_000431_frame0000015.jpg,19.661176212042772,0.7448093540113111,165.80238637208586,306.75683616121523
vid_000431_frame0000016.jpg,20.06634945408376,0.803695950725667,168.13624059021234,281.5032513873813
vid_000431_frame0000017.jpg,19.359083130199465,0.7597991390101863,179.5938404926077,311.2783704932049
vid_000431_frame0000018.jpg,19.538630177957405,0.7486993925934021,178.26120472323478,316.4368695183067
vid_000431_frame0000019.jpg,20.84648098059178,0.8746093903672186,175.48756369898166,245.40291355093228
vid_000431_frame0000020.jpg,19.727569791081507,0.7712134651422149,181.38777790702278,300.95084172259226
vid_000431_frame0000021.jpg,19.95136597329712,0.7880050637298197,188.44579948365802,295.38059123291055
vid_000431_frame0000022.jpg,19.639553966590377,0.7786637303612197,190.4239514031808,296.8333802647697
vid_000431_frame0000023.jpg,19.451339399359096,0.7603473967938715,183.74891653985935,325.64127994594503
vid_000431_frame0000024.jpg,19.24856954536338,0.7543826455175441,190.2092493249853,336.7205335128066
vid_000431_frame0000025.jpg,19.7291754339159,0.7656950170279794,188.66406187808843,328.13979743442474
vid_000431_frame0000026.jpg,19.983438788532915,0.7810473256576888,188.80571233760227,327.2816272810169
vid_000431_frame0000027.jpg,20.301191527483347,0.8221574010090557,190.16092933827701,274.7103548656021
vid_000431_frame0000028.jpg,19.78974214198037,0.8020664927350367,193.70275567621752,278.6189688279028
vid_000431_frame0000029.jpg,19.529844082575455,0.7755169325056578,190.841962449908,336.4444543287004
vid_000431_frame0000030.jpg,19.64405101067825,0.7636224511556783,202.18135572156885,355.7700418314717
vid_000431_frame0000031.jpg,19.925117314506394,0.8166914564750739,230.08693722348028,324.97115792483515
vid_000431_frame0000032.jpg,19.766183445016473,0.8096746608909869,225.41352020580837,328.07740639456154
vid_000431_frame0000033.jpg,19.161092202411474,0.7689575552322734,231.65466938994416,372.48382346302594
vid_000431_frame0000034.jpg,20.546830319479554,0.8470774216166137,230.1823145328226,314.1096972490184
vid_000431_frame0000035.jpg,19.853344775839325,0.8392652183182192,276.83375197141777,329.79111752296706
vid_000431_frame0000036.jpg,20.01550398537342,0.8545682704292106,276.5695862866387,312.6198409115749
vid_000431_frame0000037.jpg,20.116915190186354,0.877360583990331,261.15877767709475,308.5973161115493
vid_000431_frame0000038.jpg,19.415177093910486,0.8582446775495739,222.27052595781404,302.7344536214754
vid_000431_frame0000039.jpg,19.561648300663595,0.8513046672924997,238.5315135139884,273.9491723395647
vid_000431_frame0000040.jpg,20.01004090237874,0.8739806008531522,251.10463290646902,287.00240904708096
vid_000431_frame0000041.jpg,19.508280020109787,0.8405149428907044,263.67660893586583,311.5696300426788
vid_000431_frame0000042.jpg,18.057540906354966,0.8166978848265245,149.29032552241014,239.05963033494095
vid_000431_frame0000043.jpg,18.056448320700568,0.8186216697398421,167.74926386618392,258.96098114477076
vid_000431_frame0000044.jpg,18.485582247476845,0.8375081316176577,193.57104091330658,257.519041267176
vid_000431_frame0000045.jpg,19.205240212904663,0.8494106405423688,211.90984055902385,279.91433802926144
vid_000431_frame0000046.jpg,19.327371407341197,0.8627911499829692,204.90651663735747,285.87386326958824
vid_000431_frame0000047.jpg,19.803546322508087,0.8832138274986274,219.92623600909286,257.46984833749116
vid_000431_frame0000048.jpg,19.425141277029304,0.8778307293971487,217.8209935771447,255.09606030326682
vid_000431_frame0000049.jpg,19.562562886088365,0.8810800773606182,200.21761643486033,251.19405433478954
vid_000431_frame0000050.jpg,19.730852037998996,0.8994181347140024,168.04360956440965,240.2046454243242
vid_000431_frame0000051.jpg,24.181336336637376,0.929936459905679,175.9921152366007,258.1340313370898
vid_000431_frame0000052.jpg,24.57253939892091,0.9369710513795799,137.89045338599345,232.70023055070737
vid_000432_frame0000001.jpg,13.784505717001068,0.6046150232497869,236.45099724216874,892.7263964031633
vid_000432_frame0000002.jpg,13.839422549973632,0.6082020510055517,225.58738974790452,842.0548074930939
vid_000432_frame0000003.jpg,14.264437768639649,0.6500775362531885,214.69589792726487,662.9282105356752
vid_000432_frame0000004.jpg,15.179312332938899,0.7039999692193027,223.47125649379805,653.88622911506
vid_000432_frame0000005.jpg,15.448398265384174,0.6918194443317572,266.4864806319828,911.5547871443794
vid_000432_frame0000006.jpg,16.167501407373017,0.7326071965662991,293.40229083639076,744.813352106815
vid_000432_frame0000007.jpg,15.927307967740344,0.7205567660586425,310.1728718049658,863.2755626581533
vid_000432_frame0000008.jpg,16.05152872988132,0.7217722756369319,316.67536178716904,875.5273925489787
vid_000432_frame0000009.jpg,16.11839305445009,0.7271324035643927,308.04080134232777,838.0511635355219
vid_000432_frame0000010.jpg,16.037833989853375,0.7251214906585753,313.5844472344528,873.5959655497257
vid_000432_frame0000011.jpg,16.213118406195406,0.7317312787842921,308.9988361988991,839.295956402615
vid_000432_frame0000012.jpg,16.257276264152434,0.7340503605640106,309.4574016842229,833.682148064295
vid_000432_frame0000013.jpg,16.614582598602126,0.7585151313961078,282.25246977551575,661.5806649359781
vid_000432_frame0000014.jpg,18.54162585111829,0.8322693373474038,245.07629256390226,432.37121343704734
vid_000432_frame0000015.jpg,18.510899728455218,0.8313021415123133,210.97802775900107,429.1726905655045
vid_000432_frame0000016.jpg,18.68561575172407,0.8313368598619334,203.75117250626965,419.32142220381206
vid_000432_frame0000017.jpg,19.73703368007201,0.8368789860374842,213.05584800496456,454.3635734481272
vid_000432_frame0000018.jpg,19.604764659341605,0.8071937920630224,233.95200642538856,522.1638551161113
vid_000432_frame0000019.jpg,19.320668326249802,0.7896036955277519,241.38154332177993,529.7116330393915
vid_000432_frame0000020.jpg,19.156523201635398,0.78985354902513,253.33197585852548,560.1054010265228
vid_000432_frame0000021.jpg,19.007675589391543,0.7887754358954263,257.7144512077697,589.0659334877839
vid_000432_frame0000022.jpg,18.681829112902026,0.7764880578140153,251.32241178228173,597.5870662010113
vid_000432_frame0000023.jpg,18.648878902738797,0.7807547399382754,243.72819930488743,505.83590765706464
vid_000432_frame0000024.jpg,16.542782228884693,0.7099078018151969,303.07552409712116,617.2139703332848
vid_000432_frame0000025.jpg,15.79657929036908,0.670106625206247,297.38033092627404,645.4284272361492
vid_000432_frame0000027.jpg,13.951551736974173,0.6123650706454334,310.96346163231055,759.451323449214
vid_000432_frame0000029.jpg,14.69753427598896,0.7097522407784194,272.580248814061,412.0367287791339
vid_000433_frame0000001.jpg,18.660706670811248,0.692792713719785,183.27895903729302,539.7800350675835
vid_000433_frame0000003.jpg,18.461201038535858,0.6767136094244298,183.43063032782152,592.2277679914927
vid_000433_frame0000004.jpg,18.174841246768146,0.6509385444828649,184.79412595585995,668.7099490328517
vid_000433_frame0000005.jpg,18.041667765091624,0.6457521729831737,171.80587520520274,615.3407363171297
vid_000433_frame0000006.jpg,17.936896029647574,0.6618129122513693,166.0131051126824,560.6751963290891
vid_000433_frame0000007.jpg,17.712553276200197,0.654280194711914,141.58981444045244,397.8775721480623
vid_000433_frame0000008.jpg,17.49906387192745,0.6327358295994324,137.3304536942238,416.78205890764445
vid_000433_frame0000009.jpg,18.383798774874233,0.7329428114176642,127.27519293292772,264.37736757967104
vid_000433_frame0000010.jpg,18.301723009009507,0.7375279201263115,125.71216026887241,255.8278039408175
vid_000433_frame0000011.jpg,18.460831181624677,0.7163819961698789,124.86596432823495,273.01232994224284
vid_000433_frame0000012.jpg,17.20686232807047,0.6124161277368724,137.7461599418271,471.3195153676727
vid_000433_frame0000015.jpg,16.74394889471118,0.5802008246933092,158.54312515739971,702.8002627344681
vid_000433_frame0000016.jpg,17.15376861167104,0.613185559280326,183.48428276933876,630.0151697948821
vid_000433_frame0000018.jpg,16.198094241565528,0.5574987505898125,196.788431580593,900.736745438074
vid_000433_frame0000026.jpg,17.421271069869317,0.6645822360583917,165.37538633728337,458.93809249135506
vid_000433_frame0000027.jpg,16.889428117855754,0.5994426633524319,150.45973748673953,582.5232482915435
vid_000433_frame0000028.jpg,18.935536661125962,0.7234933779664016,113.14872764753608,286.042032930149
vid_000434_frame0000012.jpg,14.38625295016444,0.5894346139790106,275.6101138549348,966.4650796573133
vid_000434_frame0000013.jpg,15.124948115429612,0.6268568815411886,226.72919397597067,667.8195515189631
vid_000434_frame0000014.jpg,15.109170719620511,0.6443451026803686,199.7135111493518,608.3441655866789
vid_000434_frame0000017.jpg,14.714816683848364,0.6136793827952828,201.5405344648173,715.6282683748217
vid_000434_frame0000021.jpg,14.793931382892286,0.6125968929209772,198.52540925077375,678.0558304376125
vid_000434_frame0000024.jpg,14.849152752380641,0.621504923150649,203.7477021406712,700.0109229224735
vid_000434_frame0000033.jpg,16.354259682869575,0.7478017901898489,197.80749061364307,381.9577099511115
vid_000434_frame0000034.jpg,17.794121826217538,0.8576087978585734,242.58098679392725,330.74915223722303
vid_000434_frame0000035.jpg,17.078048403757954,0.7749711432957987,250.49845248517067,394.71853524934545
vid_000434_frame0000036.jpg,17.147220329483094,0.772009934665213,256.53707240492105,389.57467093286436
vid_000434_frame0000037.jpg,16.445424973995078,0.7258321155109453,244.41215759943555,466.5275607696485
vid_000434_frame0000041.jpg,16.602029191216076,0.731906897951378,252.86342214897314,473.41780542779105
vid_000434_frame0000044.jpg,16.743390603863723,0.7286452585230617,255.02943004514754,470.21576397160095
vid_000434_frame0000047.jpg,16.711385716239523,0.723429394183036,260.78547636604367,497.97198085658033
vid_000434_frame0000056.jpg,16.784175623907156,0.7237871582984022,266.6001241131337,502.8800395482605
vid_000434_frame0000057.jpg,16.808716262853387,0.7261627944791135,259.7689376183472,488.08032706134736
vid_000434_frame0000059.jpg,16.918554297712255,0.725937429759175,263.7351220250671,478.84958305612713
vid_000434_frame0000060.jpg,16.939115888451582,0.7240071388002763,251.6931761055045,481.26574429870846
vid_000434_frame0000064.jpg,16.979220599233162,0.7286389442543993,264.7541647574098,465.1531757741157
vid_000434_frame0000069.jpg,16.968318452338192,0.7321189201473497,257.93876327727236,420.3642666832917
vid_000434_frame0000071.jpg,16.885836941736578,0.7321591824461882,252.69241357747802,426.8699018853564
vid_000434_frame0000074.jpg,17.070799306387116,0.7704493319361196,244.03197383138328,414.36275749852837
vid_000434_frame0000075.jpg,14.877441718822437,0.6216238769521475,200.8197836773099,687.1895481118329
vid_000434_frame0000077.jpg,14.515433919903714,0.5958189059068765,250.23451359781083,879.6839220210177
vid_000435_frame0000001.jpg,20.822266168123512,0.605405492444014,202.4313799358709,293.45059069248225
vid_000435_frame0000003.jpg,20.532930098504586,0.6015339699834333,373.21699699714884,397.96410358819884
vid_000435_frame0000005.jpg,21.000391215658873,0.6273709073714042,203.43743897331981,288.04968287571796
vid_000435_frame0000006.jpg,20.924841934382012,0.6389624172171356,204.7494179764306,288.5588612359679
vid_000435_frame0000007.jpg,21.050154625416063,0.6333040129804034,208.0306230547189,295.3688112275127
vid_000435_frame0000008.jpg,21.002841539876677,0.6313260981695361,208.07547371457693,295.25683595404234
vid_000435_frame0000009.jpg,20.967788563098445,0.6441315376846208,207.0959657924571,286.95425279035214
vid_000435_frame0000011.jpg,21.049746234244413,0.6309728744557621,211.16401936056297,302.89900877394666
vid_000435_frame0000012.jpg,21.165545097832364,0.6266960886412507,211.54767328933804,299.8002628985596
vid_000435_frame0000013.jpg,21.247797007378452,0.6380590798867537,212.8560947895881,291.6640115319854
vid_000435_frame0000014.jpg,21.058585662703763,0.6348938570421988,217.93342246873294,299.69208086832293
vid_000435_frame0000015.jpg,21.28240304488575,0.6464852730251225,232.7355056180746,293.80942859710916
vid_000435_frame0000016.jpg,21.28227341754515,0.6452408262844384,233.5720467851202,292.97750525404444
vid_000435_frame0000017.jpg,20.97321731248006,0.6406768040295668,220.9184768131979,293.4195234203514
vid_000435_frame0000018.jpg,21.063740390336854,0.634093324198376,211.7355997104677,295.4618034348879
vid_000435_frame0000019.jpg,20.88099723734176,0.643427015609617,200.09763843433524,275.42265778396825
vid_000435_frame0000020.jpg,20.81045271356934,0.6349837843414542,199.48213487989588,278.50863250792247
vid_000435_frame0000021.jpg,20.84559752705029,0.6409424225997289,199.47842077535188,274.5058010183949
vid_000435_frame0000022.jpg,20.776805146811906,0.6418171811470437,200.36403163056383,273.47652061400777
vid_000435_frame0000023.jpg,20.882173439554098,0.6468901330419898,200.85305579725966,272.0704866312539
vid_000435_frame0000024.jpg,21.057089484235764,0.6325701553701407,204.8274745252876,282.54822177547817
vid_000435_frame0000025.jpg,20.66953394055147,0.6400917051494907,196.50523486074738,272.92894316492345
vid_000435_frame0000026.jpg,20.877865003778275,0.634330349965694,194.16387662868487,271.35050484124076
vid_000435_frame0000027.jpg,20.642323012639334,0.6430844154558417,196.06497795579372,270.6887755659876
vid_000435_frame0000028.jpg,21.172787899470556,0.6547312878051864,214.23651830591223,267.5953272705458
vid_000435_frame0000029.jpg,21.31426189282191,0.6557168048233003,226.78668441242303,274.08558196672806
vid_000435_frame0000030.jpg,21.061809033910492,0.6444624114105457,222.7953033451825,274.7047504536613
vid_000435_frame0000031.jpg,20.036068881643597,0.6215260348443349,193.2280337620539,276.0304648647475
vid_000436_frame0000004.jpg,16.14140657611365,0.5732352737724876,332.1210418925898,410.8390321434376
vid_000436_frame0000005.jpg,16.24142123961791,0.6098928470809616,323.4810475623141,402.584082360769
vid_000436_frame0000006.jpg,16.213854242239382,0.5982300561383939,322.27772983155705,410.68480680847415
vid_000436_frame0000007.jpg,16.218985883598602,0.5996409391390568,326.1273637270633,411.3742231818429
vid_000436_frame0000008.jpg,16.299224463772624,0.6018489156249914,326.45307537282326,416.01883980561513
vid_000436_frame0000009.jpg,16.298158266895403,0.6195377611000873,327.1351342158564,417.40017237934705
vid_000436_frame0000010.jpg,16.56723603226464,0.6068110380920494,326.8874138429745,410.29714407233047
vid_000436_frame0000011.jpg,16.5916854536479,0.5981057804127659,325.5466778743689,428.01640370248214
vid_000436_frame0000012.jpg,16.430797216500718,0.5615320676674137,331.901282127346,447.0364115188905
vid_000436_frame0000013.jpg,16.65198029472391,0.5957961135146429,329.5971941720013,430.04767233752216
vid_000436_frame0000014.jpg,16.776272083538718,0.5769428554921051,339.40036482516547,450.05696259045726
vid_000436_frame0000015.jpg,16.825544696195767,0.6000823985814353,338.78098795227027,421.4727105840283
vid_000436_frame0000016.jpg,16.68023760741167,0.5930686052767813,351.08626185648586,442.51714823700223
vid_000436_frame0000017.jpg,16.71708526047321,0.5991306927514498,353.96418453615155,433.726875902616
vid_000436_frame0000018.jpg,16.811286119704068,0.5942073403910518,350.1042237965621,426.0979328193248
vid_000436_frame0000019.jpg,16.932787666855383,0.6025791877331731,333.4618501274963,397.90296203491937
vid_000436_frame0000020.jpg,16.733552060401323,0.5541357350508646,353.523857760888,434.2657682327762
vid_000436_frame0000021.jpg,16.725384220243715,0.5883482462354431,350.7156382626516,422.58204447217423
vid_000436_frame0000022.jpg,17.031509345488274,0.5963203782773808,342.1741824327453,395.35114338059896
vid_000436_frame0000023.jpg,17.014767867831956,0.6051807652111568,339.7637767387347,391.86432951267545
vid_000436_frame0000024.jpg,16.91224524389865,0.6096789481764199,353.3359232235099,401.7949113763335
vid_000436_frame0000025.jpg,16.7474083635905,0.6094666680009654,355.40789916819483,408.81140064513795
vid_000436_frame0000026.jpg,16.787565244049954,0.6136282043462943,357.85706894752866,412.7178502585328
vid_000436_frame0000027.jpg,16.86474852669007,0.6115864881615222,341.76186686481833,400.9604499284023
vid_000436_frame0000028.jpg,16.964098842467134,0.5812695458800058,348.6583361925879,402.71873317800146
vid_000436_frame0000029.jpg,16.89239428235918,0.6143827194802604,342.9500508149456,388.55423159369946
vid_000437_frame0000006.jpg,18.691624628736115,0.6026121753314415,667.1637394545035,596.0038009483866
vid_000437_frame0000007.jpg,17.74606658285261,0.5213558523100463,728.8852174076089,574.274539362899
vid_000437_frame0000008.jpg,17.33201888915119,0.48338723026315633,765.3442068847352,525.7477615482198
vid_000437_frame0000009.jpg,17.531059831131365,0.5063476817031596,755.3920155361833,521.5369914620529
vid_000437_frame0000010.jpg,17.27172444599414,0.5391626202402318,745.7781763589016,533.514307438953
vid_000437_frame0000011.jpg,17.746305473559474,0.5970962387030401,732.7058336508284,530.3261562501259
vid_000437_frame0000012.jpg,17.50036020796074,0.5895100122603366,725.461664823065,552.3420706973596
vid_000437_frame0000013.jpg,17.359394944406574,0.5836540159181917,706.8517908399698,559.2218410723838
vid_000437_frame0000014.jpg,17.557323023514634,0.6021481256267421,671.8350526703989,547.072325701338
vid_000437_frame0000015.jpg,17.88452159680834,0.6085954920914171,648.299473561525,560.0989157623987
vid_000437_frame0000016.jpg,17.828457259367273,0.6053197683486875,621.0645244479272,577.1660266921078
vid_000437_frame0000017.jpg,17.76773071651512,0.6110994185357855,661.757900807844,583.6605242743827
vid_000437_frame0000018.jpg,17.736618249241726,0.6094150998344188,650.1400370813524,569.8219009158404
vid_000437_frame0000019.jpg,17.80483308476065,0.599684816889675,678.2179580770965,568.440677991073
vid_000437_frame0000020.jpg,17.719494188214544,0.5854509567603007,656.6782278458843,563.8170644440586
vid_000437_frame0000021.jpg,17.90582522467534,0.5955240781957983,664.4028574381623,562.6274723785768
vid_000437_frame0000022.jpg,18.099344681766055,0.599415474387158,652.670579383788,552.6870059446694
vid_000437_frame0000023.jpg,18.072566805797166,0.6069404937388481,655.240489226154,560.0505636752214
vid_000437_frame0000024.jpg,17.92839798702286,0.5959524535708661,667.4939997569779,559.8235234928687
vid_000437_frame0000025.jpg,18.033896091510996,0.6032791298548638,682.4355015891667,565.011833251593
vid_000437_frame0000026.jpg,18.030671156518622,0.601933480846528,640.1528405117712,552.5091816296753
vid_000437_frame0000027.jpg,18.13578216569304,0.6051479279829168,665.6046338815987,557.6303919806522
vid_000437_frame0000028.jpg,17.83675966960849,0.5971371800294774,666.6682746114083,572.3083140910618
vid_000437_frame0000029.jpg,17.909390007904445,0.6049922591322335,665.1583898996618,568.0872733388399
vid_000437_frame0000030.jpg,17.886069849678627,0.5972553453979991,670.9685682283762,577.6144557535476
vid_000437_frame0000031.jpg,17.473464011815008,0.589892945510461,683.9848415117551,588.3909303490133
vid_000437_frame0000032.jpg,17.280963682797385,0.5799424751742072,662.5457124272835,579.579449699291
vid_000437_frame0000033.jpg,17.29745312112113,0.5853072086198798,669.4275128619561,593.6502808635084
vid_000437_frame0000034.jpg,17.192549417764226,0.5731725348898475,686.9579394840296,602.1022643383752
vid_000437_frame0000035.jpg,17.27420644608557,0.5812342117910486,683.1935413664398,592.0949405933645
vid_000437_frame0000036.jpg,17.26882833142763,0.5774004288991038,667.5198397240822,594.578799131004
vid_000437_frame0000037.jpg,17.16458564353497,0.5741818708741961,682.9885133694079,606.307842858866
vid_000437_frame0000038.jpg,17.06948193395227,0.5742596982728753,693.3505832407639,604.8321431835847
vid_000437_frame0000039.jpg,17.432018332434037,0.5839362266036154,697.726995064861,598.1732227236325
vid_000437_frame0000040.jpg,17.689841959958322,0.5973439861145846,656.8457005195859,565.4032705687532
vid_000437_frame0000041.jpg,17.763545826603135,0.5974882966580083,676.5980841253291,576.2409605037251
vid_000437_frame0000042.jpg,17.734690289438657,0.6032017934847045,662.2384057709203,568.596475183788
vid_000437_frame0000043.jpg,17.964005895689304,0.6050282066244584,671.4942485995294,570.4060689501
vid_000437_frame0000044.jpg,18.116487294834545,0.6131129684435859,672.9353720709264,567.4358263643428
vid_000437_frame0000045.jpg,18.120416739212764,0.6166119003188951,681.1635187694105,565.8479077726186
vid_000437_frame0000046.jpg,18.214511441861486,0.6150952042717792,661.9704573783324,557.415857260803
vid_000437_frame0000047.jpg,17.980960742326236,0.6121143861682478,670.0184284362135,557.8917004985514
vid_000437_frame0000048.jpg,17.934916427616045,0.6079471646021658,684.2157901939793,548.3904010778808
vid_000437_frame0000049.jpg,18.045985034210194,0.6139255147251218,688.4781124496727,550.5648024936277
vid_000437_frame0000050.jpg,18.064681133568875,0.6131035892055944,665.8510521746034,535.7186205665565
vid_000437_frame0000051.jpg,18.173554498117706,0.5986890259523098,678.4595388268032,539.7129222409706
vid_000437_frame0000052.jpg,18.168802417234858,0.5850866458094071,669.1437324452681,522.4833388365946
vid_000437_frame0000053.jpg,18.288588644354746,0.6157060809258862,652.5096170763626,545.3082664984018
vid_000437_frame0000054.jpg,18.299171412846253,0.6135861286558085,650.6105224504054,547.9902212253073
vid_000438_frame0000001.jpg,19.003927791722933,0.43500072974865156,711.6054793995788,466.9906144598923
vid_000438_frame0000003.jpg,19.3875978194384,0.4653833697111632,645.8405426944252,421.5505334877687
vid_000438_frame0000004.jpg,19.271046243949232,0.45402084681958704,671.94316976234,431.61848228698113
vid_000438_frame0000005.jpg,19.279430886802597,0.4623751025359086,708.7192193765333,451.4724549887331
vid_000438_frame0000007.jpg,19.281810856776342,0.45915272023010606,717.7016772402453,448.79852874879015
vid_000438_frame0000008.jpg,19.167576538983187,0.4488656709027163,702.7440708999707,446.62687493128243
vid_000438_frame0000009.jpg,19.090385522017627,0.4603934697220464,687.2638747738259,438.79239135256176
vid_000438_frame0000010.jpg,19.152394517858262,0.45249451523472795,703.5739268950149,442.85431341860067
vid_000438_frame0000011.jpg,19.22422538519323,0.46367608391304005,701.6056602989157,447.69864906440904
vid_000438_frame0000012.jpg,18.635703961125913,0.4845927348415342,700.4928230659303,461.3440067171457
vid_000438_frame0000013.jpg,19.07893497385206,0.46532348401107987,719.5188543594812,453.0589187141102
vid_000438_frame0000014.jpg,19.35495368907237,0.43309722507952914,687.5655741908389,446.4893163494604
vid_000438_frame0000015.jpg,19.29864832704954,0.4474679276913251,709.807455110836,445.9779389931847
vid_000438_frame0000016.jpg,19.136168906699332,0.4580637742106238,698.1802842166427,462.3386271638193
vid_000438_frame0000017.jpg,19.080125841262724,0.4704553246144579,714.5155600157087,470.5090702585147
vid_000438_frame0000018.jpg,18.998490723582357,0.4913440874862294,723.5991290133317,485.66955463371403
vid_000438_frame0000019.jpg,18.810075776824217,0.48994651035558706,696.4847346781652,481.66797614520164
vid_000438_frame0000020.jpg,18.63346272162264,0.49598278098207665,757.124141732138,514.5964748290266
vid_000438_frame0000021.jpg,18.593500327096155,0.5021147757934581,757.4660392721867,507.72359816555917
vid_000438_frame0000022.jpg,18.6680310816091,0.47573630654500026,715.7480047723026,483.096318444557
vid_000438_frame0000023.jpg,18.644971029341015,0.4713945634931977,680.9237856400287,460.6830923226942
vid_000438_frame0000024.jpg,18.564527317076436,0.4811630295460822,730.0980544834708,496.04018902431386
vid_000438_frame0000025.jpg,18.57509391176184,0.4735192523161489,719.673986650123,478.88971071917905
vid_000438_frame0000026.jpg,18.725660145328824,0.4772166324415939,720.7049287741344,474.3637196384606
vid_000438_frame0000027.jpg,18.783405217925285,0.4792436461114806,704.6582634378583,452.21524085938177
vid_000438_frame0000028.jpg,18.343899874867898,0.4601075432881201,711.7610353021893,487.07538016125886
vid_000438_frame0000029.jpg,18.319692404804996,0.5014377242982467,738.2534146460255,504.1045303742811
vid_000438_frame0000030.jpg,18.1409993876863,0.49593921586076295,758.4666098685376,523.7711192800041
vid_000438_frame0000031.jpg,18.211256178271004,0.5069633393030103,759.864010475017,512.4394594232085
vid_000438_frame0000032.jpg,18.28535589489648,0.4856509367943082,722.351078809238,490.7382767823726
vid_000438_frame0000033.jpg,18.25302188460749,0.48623305455073335,720.2807477840394,490.6601013531449
vid_000438_frame0000034.jpg,18.33205250328322,0.4682921935219497,722.2740211587964,485.8669908527487
vid_000438_frame0000035.jpg,18.468721631187048,0.4777707444788714,701.1321338959553,472.9161656827559
vid_000438_frame0000036.jpg,18.506449614273013,0.5017038593758606,716.4281788001094,483.4868890690293
vid_000438_frame0000037.jpg,18.42511145138906,0.47845983509327894,738.0986774737455,494.230715532697
vid_000438_frame0000038.jpg,18.564042179383502,0.48469112692635424,730.2119218996035,486.1201509592888
vid_000438_frame0000039.jpg,18.569262364822922,0.4868930624839485,727.2661323410767,482.7842323763657
vid_000438_frame0000040.jpg,18.520407512573428,0.4746383905561899,736.2253731979555,487.12635279983886
vid_000438_frame0000041.jpg,18.57088864334848,0.48444763825015374,734.4201395908212,485.2186163473838
vid_000438_frame0000042.jpg,18.533107094633458,0.4849657807445001,714.8387173997198,479.8386424447401
vid_000438_frame0000043.jpg,18.32917584591086,0.4932772519473465,700.9655971672412,477.1040066894574
vid_000438_frame0000044.jpg,18.133418020521614,0.5075682842201588,683.3860922722783,470.8756256207864
vid_000438_frame0000045.jpg,18.067623218615523,0.5107334903165482,723.2284713886432,487.6779256609971
vid_000438_frame0000046.jpg,18.30959921901509,0.5127132375128371,715.2705853979652,480.7909500768212
vid_000438_frame0000047.jpg,18.377406837516034,0.49218051983762495,735.7518924804358,484.6886976500942
vid_000438_frame0000048.jpg,18.481636587023782,0.5043031739623569,703.4376313396535,467.30320534230134
vid_000438_frame0000049.jpg,18.493054834726795,0.49909116086644545,707.6859660117977,471.6595231455142
vid_000438_frame0000050.jpg,18.7546571744834,0.4844164885282738,696.507421184626,458.1561813542539
vid_000438_frame0000051.jpg,18.639331463951414,0.481520234312583,735.1553529005306,473.82635133185215
vid_000438_frame0000052.jpg,18.620407442664742,0.47871446228032877,710.9962536769981,462.40964092135255
vid_000438_frame0000053.jpg,18.44281051787012,0.4718758012008106,759.2064452148638,484.3677349477577
vid_000438_frame0000054.jpg,18.31801668257501,0.4698034622853639,739.8671560152666,475.2071931854255
vid_000438_frame0000055.jpg,18.3342928408606,0.47590884428310565,748.4580446943193,484.6727803677445
vid_000438_frame0000056.jpg,17.94860528557448,0.4835993728445702,725.6858918086804,485.5729485626048
vid_000438_frame0000057.jpg,17.940864606660497,0.4657005883286723,742.9992048667655,480.70439310243904
vid_000438_frame0000058.jpg,18.275636295364908,0.47769082877237024,715.3467312253272,464.6835770906284
vid_000439_frame0000008.jpg,16.29343642363256,0.7014749556093208,762.7904956514376,1141.2787446159007
vid_000439_frame0000009.jpg,16.6821700013813,0.711967911797573,746.3942748496826,1051.153938931715
vid_000439_frame0000010.jpg,16.327570384951233,0.6984626226562103,847.953023708804,1448.2716120690702
vid_000439_frame0000011.jpg,16.533458668950193,0.7169007731910476,818.6258987501393,1213.3532577342885
vid_000439_frame0000012.jpg,16.67685295097391,0.7194275391232644,885.8920508697731,1106.342847796193
vid_000439_frame0000013.jpg,17.28254099451513,0.735271973195713,942.5607073978063,729.5999244422047
vid_000439_frame0000014.jpg,18.225418203269715,0.7306520592618734,1062.2672820120754,636.261265991852
vid_000439_frame0000015.jpg,19.221503818833686,0.7407825557880136,1093.2622984176548,563.1393477017052
vid_000439_frame0000016.jpg,19.815062381927742,0.736300492106292,1143.0384136489295,565.9140718240569
vid_000439_frame0000017.jpg,20.504717617159184,0.7486010779313276,1146.1425674414454,539.7444077364764
vid_000439_frame0000018.jpg,20.688574230998114,0.744907775799588,1174.9365054830505,598.0453615885087
vid_000439_frame0000019.jpg,20.741229325598027,0.7522616370250605,1155.7298443975722,601.9021883940743
vid_000439_frame0000020.jpg,20.811626761395242,0.7436090223576208,1170.8882777438944,655.7391827360011
vid_000439_frame0000021.jpg,20.746143961000335,0.7432725091531295,1172.0180991430263,626.224977845884
vid_000439_frame0000022.jpg,20.98987519836158,0.7329619892157222,1136.72236804033,627.1663379716504
vid_000439_frame0000023.jpg,20.993466018517942,0.7285601982812282,1121.7694359455631,576.397325025192
vid_000439_frame0000024.jpg,21.133486838759424,0.7174237084227485,1063.0706905165516,538.5852457968616
vid_000439_frame0000025.jpg,20.94618066100057,0.6965702012254312,1054.8063324368504,553.1292442183438
vid_000439_frame0000026.jpg,20.893299229114426,0.6967703913073077,1046.8447854813821,526.4735935188062
vid_000439_frame0000027.jpg,21.085192248297375,0.6962260413866709,1035.267070849234,513.9645254387494
vid_000439_frame0000028.jpg,21.318027360056014,0.7024450743068393,991.8925745381468,495.31363341462054
vid_000439_frame0000029.jpg,20.89603208515673,0.7384892198196807,991.111104659552,533.3927858971019
vid_000439_frame0000030.jpg,18.584213943149685,0.7168373505625015,1045.985857490695,620.094562411839
vid_000439_frame0000031.jpg,17.040747183257537,0.7206654385066202,1018.9232359428471,735.2874356785054
vid_000439_frame0000032.jpg,16.42569421681124,0.7043878505396955,937.1106917507987,949.0128983811434
vid_000439_frame0000033.jpg,16.81887862691786,0.7281228350156672,830.8575212243221,719.9909133748658
vid_000439_frame0000034.jpg,18.589519369753134,0.7636066133350505,827.7597569420158,675.6077486231424
vid_000439_frame0000035.jpg,18.693975076169846,0.7596382684231525,871.6942221235337,571.7895999679314
vid_000439_frame0000036.jpg,18.786173866128173,0.762785313554445,867.5389614835752,553.0419448765374
vid_000439_frame0000037.jpg,18.9991836970038,0.7810746489938718,814.0641133199085,534.351151228634
vid_000439_frame0000038.jpg,18.935815537444796,0.7791189664023701,778.1882194650024,506.1727909520009
vid_000439_frame0000039.jpg,18.77058990550752,0.801315132674,724.6198635927275,516.1271850580947
vid_000439_frame0000040.jpg,18.746188928329268,0.8002565958797865,702.8442803785556,517.2697192156359
vid_000439_frame0000041.jpg,18.756798768056207,0.8119696901317369,682.0957770454594,485.0057004168457
vid_000440_frame0000001.jpg,18.99491379090382,0.8263845633716244,1312.196767021764,822.1955061472518
vid_000440_frame0000007.jpg,18.802316415327308,0.827961168640264,1365.2747005097547,843.7505542341621
vid_000440_frame0000012.jpg,18.619581965038712,0.8291074044881119,1332.2496183677101,799.4463309816517
vid_000440_frame0000017.jpg,19.079923744426797,0.8174388197056479,1366.553137798807,809.3797414040632
vid_000440_frame0000018.jpg,18.880443733071758,0.8067664601577618,1361.6667740408666,833.8774776294501
vid_000440_frame0000020.jpg,18.815804995998985,0.7947561888193917,1315.9934178492526,827.7163037731452
vid_000440_frame0000024.jpg,19.157839632965135,0.8175074757170466,1201.0206810091786,816.8958392098633
vid_000440_frame0000025.jpg,19.114081583138105,0.8408062727460802,1146.3304134046446,745.446155107307
vid_000440_frame0000026.jpg,19.199506156528056,0.8402798084259522,1186.4954363846175,774.3585541259474
vid_000440_frame0000027.jpg,19.095289019976622,0.8330806071929245,1184.4725440882792,768.0388942907875
vid_000440_frame0000028.jpg,18.981527914014567,0.8050917476322041,1264.9207320988899,845.4051974383466
vid_000440_frame0000033.jpg,18.83207365204794,0.7676073177192354,1262.2452336278898,890.1163715175365
vid_000440_frame0000034.jpg,18.883340929062705,0.7502581636350835,1281.560691937305,917.3713405135112
vid_000440_frame0000038.jpg,18.661856595820893,0.7435221212384885,1289.7176870313526,961.4228873948132
vid_000440_frame0000039.jpg,18.77759735847954,0.7495732402302074,1334.3861317967294,998.9891752793451
vid_000440_frame0000040.jpg,18.522053872458894,0.7426708018316885,1427.8426653917281,1074.3884405592344
vid_000440_frame0000041.jpg,18.180135276174678,0.7499402916596525,1402.2662196745164,1074.929473940562
vid_000440_frame0000042.jpg,17.838066614944708,0.7471120005582992,1460.1584947798167,1104.4837992275632
vid_000440_frame0000043.jpg,17.723105377922817,0.7581076929747228,1403.9906123983105,1092.1389870601427
vid_000440_frame0000044.jpg,17.83595519921434,0.7422949121500401,1365.2740772520615,1131.9227281506887
vid_000440_frame0000045.jpg,17.56719653143454,0.7448943743509897,1334.8067150980012,1082.3830003094001
vid_000440_frame0000046.jpg,17.420725235881104,0.7326148973347634,1299.674293730731,1064.4410801012757
vid_000440_frame0000047.jpg,17.29667611783956,0.712109831246292,1385.1670931074668,1162.9937056979638
vid_000440_frame0000048.jpg,17.393581429419466,0.7255722836430709,1348.34893641566,1134.9268517888436
vid_000440_frame0000049.jpg,17.416262456735577,0.7224728953156895,1276.124536646821,1063.5790338058162
vid_000440_frame0000050.jpg,17.35153723725432,0.7121795912092507,1314.9680914647824,1136.5543426268082
vid_000440_frame0000051.jpg,17.434111307704384,0.7236554141394137,1324.5855821454502,1078.9660875394384
vid_000440_frame0000052.jpg,17.449177908901884,0.7245640369001093,1243.0797109703758,1018.1844673381541
vid_000440_frame0000053.jpg,17.5108014262851,0.716082131862318,1311.0775039236062,1098.4833569697973
vid_000440_frame0000054.jpg,17.512536499327943,0.71102226371504,1313.753037665963,1102.6064396621343
vid_000440_frame0000055.jpg,17.467406547618786,0.7231427989807178,1335.36606009193,1059.7473909493558
vid_000440_frame0000056.jpg,17.630500298928702,0.7491743112585616,1259.0228859026802,982.1006150792505
vid_000440_frame0000057.jpg,17.65745682832319,0.7300524704724042,1275.5847689876418,1032.8580713553733
vid_000440_frame0000058.jpg,17.6963604021184,0.7288341254882607,1358.5200545741034,1068.535729192837
vid_000440_frame0000059.jpg,17.551976271875525,0.7401905723493671,1247.5910613698188,963.5457118337695
vid_000440_frame0000060.jpg,17.632815869245647,0.731814957086447,1321.6580019536273,1046.058829071285
vid_000440_frame0000061.jpg,17.627399604428575,0.7342958362628487,1340.112066504445,1060.64430294668
vid_000440_frame0000062.jpg,17.62274800938758,0.7369159307368592,1349.1097077810666,1115.2030750176386
vid_000440_frame0000063.jpg,17.53600879914529,0.7521143399803799,1357.2049318508048,1081.395656212664
vid_000440_frame0000064.jpg,17.53103284443994,0.739283065005023,1353.6625003605554,1085.2981674362807
vid_000440_frame0000065.jpg,17.713411136346107,0.7423913431967892,1280.3158079032657,1040.2897942659015
vid_000440_frame0000066.jpg,17.69036121866008,0.7524224368088791,1277.4117558953924,1041.9925909023489
vid_000440_frame0000067.jpg,17.615367107036384,0.7332989641190785,1364.8101643744067,1062.507998250897
vid_000440_frame0000068.jpg,17.570660656571523,0.7349931219160526,1390.8701658796522,1073.2169059991747
vid_000440_frame0000069.jpg,17.64668526859259,0.7450126748807361,1284.9294967078945,1072.323535734696
vid_000440_frame0000070.jpg,17.74599822380225,0.7400514570301692,1342.4707216767945,1109.537196543322
vid_000440_frame0000071.jpg,17.679267542075344,0.7336679462297354,1449.2918825349204,1167.68516934551
vid_000440_frame0000072.jpg,18.183722578002737,0.7499716114265921,1399.229535738633,1119.0107376347746
vid_000440_frame0000073.jpg,18.416516932749396,0.7553015011942835,1450.9448158776534,1103.484858309806
vid_000440_frame0000074.jpg,18.45324362000499,0.757402001116897,1419.815839050891,1100.3036338766283
vid_000440_frame0000075.jpg,18.582769472564312,0.7591154830764365,1433.1365805020528,1081.9181823779168
vid_000440_frame0000076.jpg,18.64876166856217,0.7691987277325122,1401.8714535745198,1054.6918324562614
vid_000440_frame0000077.jpg,18.372540868842474,0.7467788134046698,1440.6246471413554,1107.153160703746
vid_000440_frame0000078.jpg,18.368965347606448,0.7690548591789961,1374.284439952299,1059.294624556118
vid_000440_frame0000079.jpg,18.227521658002782,0.7554782569165271,1459.026575040085,1131.2206517707348
vid_000440_frame0000080.jpg,18.71155853101069,0.7948137977284504,1182.9781212397882,942.3177070662443
vid_000440_frame0000081.jpg,19.167128363473246,0.7998148002517734,1172.9743027808242,953.7403927584161
vid_000440_frame0000082.jpg,19.47703874961909,0.8094818111382804,1117.0679037655832,776.8770254152693
vid_000440_frame0000083.jpg,19.072127242688506,0.7697924977769305,1148.9445947505005,780.2135633483025
vid_000440_frame0000084.jpg,19.04774700906935,0.7683373186005654,1153.9735917782248,770.1086166763533
vid_000440_frame0000085.jpg,19.12036923936275,0.7703095858412831,1154.7811721096355,774.8917749921977
vid_000440_frame0000086.jpg,19.181183192243683,0.7961940948933744,1110.8230155680012,728.5156281632043
vid_000440_frame0000087.jpg,19.408449223850667,0.7742438653887554,1112.6625172179456,757.6160594678743
vid_000440_frame0000088.jpg,19.49908531801905,0.7855700102928586,1107.2386863384918,742.2631147785364
vid_000440_frame0000089.jpg,19.313250376390524,0.7761935100176939,1072.556562936743,738.1679836637117
vid_000440_frame0000090.jpg,19.7026309540053,0.7833499876648765,1110.0738498878297,767.557443437123
vid_000440_frame0000091.jpg,19.61810035107522,0.7795778052079547,1108.8090217982706,779.035086277218
vid_000440_frame0000093.jpg,18.815593508599765,0.7876693087392859,1179.5221394475075,790.4250014296716
vid_000440_frame0000095.jpg,18.44168616777632,0.7649643257200891,1395.9170359286916,808.1048739992171
vid_000440_frame0000097.jpg,18.645955562427872,0.7775985400486786,1324.1279984449707,775.8903973400277
vid_000440_frame0000098.jpg,19.24294955750325,0.8131969662297084,1091.0235367090659,703.4286526381554
vid_000440_frame0000099.jpg,19.656158496216086,0.786308652295944,1095.6522212140114,683.8797288348484
vid_000440_frame0000100.jpg,19.526207155696145,0.805250190609423,1168.6844592291873,715.5561788715235
vid_000440_frame0000101.jpg,19.675026406663118,0.8041044884268965,1161.4116898563257,716.3848546490997
vid_000440_frame0000102.jpg,19.42684988323877,0.8175724808829664,1161.1934804217203,700.536397638574
vid_000440_frame0000103.jpg,19.072689924604976,0.810393137288032,1219.656912847773,685.5295595011869
vid_000440_frame0000104.jpg,19.040110177964507,0.8175825898565096,1274.643824811285,692.5200784071809
vid_000440_frame0000105.jpg,18.859327246509093,0.7906198465406961,1253.8058243279488,741.1836699517241
vid_000440_frame0000106.jpg,18.920618438931623,0.7861228584353568,1196.7911104673267,738.5325008773286
vid_000440_frame0000107.jpg,19.34636631761465,0.7948364717432513,1241.9626008392156,758.2177334041537
vid_000440_frame0000110.jpg,19.130060936013727,0.7836580290971913,1281.81905771826,786.9990707295174
vid_000440_frame0000114.jpg,18.879975721770656,0.7734290548618964,1271.4701267928679,813.6259163252953
vid_000440_frame0000116.jpg,18.87215214905103,0.792838687645868,1306.7992923865452,777.186473288293
vid_000440_frame0000117.jpg,18.848111433431093,0.8110490770749075,1287.38654155531,789.5884603849566
vid_000440_frame0000118.jpg,18.287970484469387,0.8124027365473552,1366.5571576821858,757.7322172025524
vid_000440_frame0000119.jpg,17.934202869273026,0.7467374142100026,1497.8555428475493,896.4391793500605
vid_000440_frame0000121.jpg,18.23045836422393,0.7727391652367417,1336.1298663917769,786.6971000868502
vid_000440_frame0000122.jpg,18.614261408273205,0.8067846743507978,1141.4691972491844,690.4454432034933
vid_000440_frame0000123.jpg,18.573510987605673,0.8099282626154412,1049.7468398205065,621.9834144987813
vid_000440_frame0000124.jpg,18.724637483276638,0.8156136442741412,1146.139971113221,635.4285620423398
vid_000440_frame0000125.jpg,19.143607784809866,0.8173160122886384,1108.8671911911279,645.6032507311214
vid_000440_frame0000126.jpg,19.382323100557503,0.8158159504274819,1148.278969763637,689.0943920357437
vid_000441_frame0000001.jpg,17.0592819392131,0.5439368629258442,784.8614949713826,624.4557417454379
vid_000441_frame0000002.jpg,17.15008792926965,0.5581265056280633,789.0487731375579,611.1710834883772
vid_000441_frame0000003.jpg,17.16848118489655,0.5336759149932275,833.2224773330385,613.0624682557811
vid_000441_frame0000004.jpg,17.126620561164124,0.5503626851779688,819.0045253497298,703.5368327739395
vid_000441_frame0000005.jpg,17.03870141614361,0.5790992938470897,675.3827813627922,603.7807885275031
vid_000441_frame0000006.jpg,17.04357994752472,0.5800529680647347,660.2240072049082,599.1878570551137
vid_000441_frame0000007.jpg,16.312706351561012,0.5368885857765169,691.5881682805726,635.4930101927368
vid_000441_frame0000008.jpg,16.199671427649946,0.5178151830923972,712.6981023969528,712.7984610012339
vid_000441_frame0000009.jpg,16.561241657282118,0.5669067813266452,678.8681984805737,638.1117284802389
vid_000441_frame0000025.jpg,16.682549365398586,0.5328240529936069,707.4579488278441,693.6603897723211
vid_000441_frame0000056.jpg,16.687480490261084,0.5454126856166773,673.6554545197133,659.7255081469762
vid_000441_frame0000066.jpg,17.732104322865887,0.49495223404159566,811.637825075804,614.0223835297729
vid_000441_frame0000067.jpg,17.314785883908705,0.5217432901051887,850.0798571623885,641.4566473913119
vid_000441_frame0000068.jpg,17.0246756539016,0.5536711774261934,743.7884547038384,633.3046774549587
vid_000441_frame0000069.jpg,16.927259387448828,0.5484587360212109,734.9240873567635,633.7277123290564
vid_000441_frame0000070.jpg,16.9000141225787,0.5658516823750949,765.7754962406732,656.9039028591475
vid_000442_frame0000001.jpg,17.362088504754077,0.543297732505815,713.1414996243413,791.130056758248
vid_000442_frame0000002.jpg,17.533618493181063,0.5507507146523425,714.1570221523548,771.4416503127248
vid_000442_frame0000003.jpg,17.325880071374314,0.5432202452793433,739.5697291859481,770.0141798706676
vid_000442_frame0000004.jpg,17.31202012630295,0.5425910551567262,775.6775863958253,799.1266307009953
vid_000442_frame0000005.jpg,17.693967803561605,0.5790061600212809,628.7101211879799,637.4552622903727
vid_000442_frame0000013.jpg,17.89620850117522,0.5523421548014537,644.5441081451812,679.1564341652968
vid_000442_frame0000015.jpg,18.033730527815187,0.5748358481281212,665.1014585858685,666.1708736123901
vid_000442_frame0000019.jpg,18.397021517632357,0.5801965475697863,646.6331967716422,648.2930825762302
vid_000442_frame0000027.jpg,17.26694439577855,0.5399418885414713,662.0531234269048,704.1451202524886
vid_000442_frame0000039.jpg,17.87549983539286,0.5524862385826802,591.83025465991,708.1273379210861
vid_000443_frame0000001.jpg,17.41940390719535,0.5101494014617486,536.7681082362624,710.0707570753154
vid_000443_frame0000003.jpg,17.360257665072684,0.5218170109987038,531.7367233224027,654.9544600218404
vid_000443_frame0000005.jpg,17.579975928940815,0.5550322264542112,518.3347029211734,586.6304676841257
vid_000443_frame0000010.jpg,17.362735565615836,0.5184141290458861,557.6993501906964,682.7779762381552
vid_000443_frame0000039.jpg,17.49763924696461,0.5100682832897239,537.1855209526673,725.0153750637865
vid_000443_frame0000069.jpg,17.40460183939039,0.5039284589658414,540.502954877062,777.1295211053027
vid_000443_frame0000084.jpg,16.891179098058014,0.5225489772462505,541.8236460346548,726.8359435074242
vid_000443_frame0000089.jpg,17.21326939505983,0.5055191973198722,713.9761057508963,1027.7880067732522
vid_000444_frame0000001.jpg,17.975639123393922,0.7215993846566517,1336.27924526117,1446.657880128134
vid_000444_frame0000007.jpg,18.019392852384573,0.7909446820478211,1019.051414521946,1060.6326312653357
vid_000444_frame0000009.jpg,18.21740883314532,0.7953084778594478,864.1050291692138,875.0053242856221
vid_000444_frame0000016.jpg,17.439728197290233,0.714574516958503,883.8199099079411,1045.3946053926102
vid_000444_frame0000031.jpg,17.825637929878795,0.7383931207994187,902.5767801803413,948.8696498556161
vid_000444_frame0000052.jpg,18.10377216045368,0.7596570697603641,907.1762427810843,931.5703820826639
vid_000444_frame0000108.jpg,17.94081775668073,0.7439510907855124,903.2029518430517,953.581063654176
vid_000444_frame0000112.jpg,18.144959521697302,0.7792445284100769,934.3805364031052,1028.6089344146424
vid_000445_frame0000001.jpg,18.52175660038727,0.6924824565120353,150.17119350619464,473.0808185131965
vid_000445_frame0000013.jpg,17.294331969883398,0.6936259453533765,191.24562423808993,438.0702039809838
vid_000445_frame0000017.jpg,16.63400016711761,0.6561225956724915,236.75919261821508,618.1317390573522
vid_000445_frame0000031.jpg,16.598970281784073,0.6441446773189812,220.76307616337476,612.3562058613521
vid_000446_frame0000007.jpg,22.064584678250636,0.7937632448450666,230.38109819946203,348.76215663978576
vid_000446_frame0000011.jpg,21.593242079617475,0.8144878872172182,172.84088287023894,301.7000625246358
vid_000446_frame0000017.jpg,21.233988570093413,0.789713404346827,228.83614653511518,362.9415581123675
vid_000446_frame0000056.jpg,21.215379584162307,0.7796218577247077,221.22622169068137,347.87064610655557
vid_000447_frame0000010.jpg,22.334178395670197,0.8227628761404516,84.57407243028315,279.5077340227167
vid_000447_frame0000013.jpg,22.350517539455645,0.8174940794234232,86.57170180179118,290.9159767142866
vid_000447_frame0000028.jpg,20.945487347466262,0.7095974668022148,112.90318708481358,504.0252023297039
vid_000448_frame0000003.jpg,18.458473429001966,0.6399693275214394,208.94791165155297,778.6484732711881
vid_000448_frame0000011.jpg,18.32682412837507,0.6300345150510961,219.5766675494265,850.9694268575297
vid_000448_frame0000023.jpg,18.367338293423636,0.6360639892321318,218.66581092019837,826.5099563697213
vid_000449_frame0000011.jpg,20.253188824568102,0.9181079495840229,110.8995792557477,170.67548922669445
vid_000449_frame0000014.jpg,20.423146200351532,0.9075701622163352,110.72230650739911,179.87858020019112
vid_000449_frame0000016.jpg,20.26887079356974,0.9156684605577589,97.19599959969099,166.53506420392554
vid_000449_frame0000017.jpg,20.576610265647318,0.8955979219676399,96.55599568776421,209.29502906921613
vid_000449_frame0000023.jpg,20.539351946997797,0.8661015499879295,126.34902574025338,321.18422377018214
vid_000449_frame0000025.jpg,20.134774525654674,0.8642609798663127,143.31502976532357,365.3340697396476
vid_000450_frame0000025.jpg,17.23975899671375,0.6951955935294815,995.3481903196855,1223.616337786527
vid_000450_frame0000036.jpg,17.218823575532372,0.7091454400517571,975.813704205241,1175.3240047614674
vid_000450_frame0000052.jpg,16.716224571438495,0.6597076415555057,967.5274042088801,1335.0044097078485
vid_000501_frame0000001.jpg,16.740077222938893,0.7406125638803681,1298.6387741743215,1161.1176800845149
vid_000501_frame0000003.jpg,16.79992517854282,0.7589199756432065,1310.9829841473202,1151.2781704079534
vid_000501_frame0000004.jpg,16.902360568833203,0.7518611533058094,1289.7661269078487,1170.0146445076175
vid_000501_frame0000006.jpg,16.8270366315138,0.7572240085586959,1273.5813198346716,1132.9122614128378
vid_000501_frame0000007.jpg,16.818322242204353,0.7562385061189367,1282.9161042704534,1133.372683421627
vid_000501_frame0000008.jpg,16.785326182693538,0.750888128542079,1269.116256676196,1132.641529966381
vid_000501_frame0000009.jpg,16.77688378157309,0.7540684013240843,1270.2967989088274,1147.8120324909642
vid_000501_frame0000010.jpg,16.620524029164287,0.7428338917080141,1264.9878906914582,1198.0362026677665
vid_000501_frame0000011.jpg,16.846470844386268,0.7595321648323768,1278.8312061565257,1161.1599764536002
vid_000531_frame0000001.jpg,15.129734846869113,0.6226217730866023,1462.7869497762845,2087.955676069422
vid_000531_frame0000003.jpg,15.303210327019269,0.6326783984614229,1466.6057339862034,2051.9397431439456
vid_000531_frame0000004.jpg,15.372712303228093,0.6249574226884395,1490.7737936209692,2108.951156900705
vid_000531_frame0000005.jpg,15.416984032478364,0.6304346220009985,1492.5543458084253,2116.679740157044
vid_000531_frame0000006.jpg,15.555856691431881,0.6342493047120455,1459.9353191543362,2034.0372734312184
vid_000531_frame0000007.jpg,15.509495628586414,0.6296747677541225,1501.9537870732697,2083.1711040300597
vid_000531_frame0000008.jpg,15.28139258477857,0.6248254925402611,1486.6910266853279,2101.2255677555618
vid_000531_frame0000009.jpg,15.906397590244516,0.678731857426806,1161.0509396723896,1616.265679739186
vid_000531_frame0000010.jpg,15.501552665158924,0.6455070753052792,1485.8580815361186,2119.552166382194
vid_000531_frame0000011.jpg,15.64087745502868,0.6491168120674994,1449.94242966072,2101.1052358308552
vid_000531_frame0000012.jpg,15.88587904265876,0.6542138993602306,1378.5172324448904,2237.296663626638
vid_000531_frame0000013.jpg,16.001682554983255,0.6583699758957929,1423.2531191201545,2200.2156845260924
vid_000531_frame0000014.jpg,15.537730349198304,0.6293537680850596,1487.941103084545,2454.039937071035
vid_000531_frame0000015.jpg,15.421746405868104,0.6035808266029409,1653.0209696427708,2833.6853028103974
vid_000531_frame0000016.jpg,15.635930765407958,0.6105541501566715,1580.1570152719626,2733.6612643019266
vid_000531_frame0000017.jpg,15.666137642828314,0.6020005455338598,1721.65369089885,2912.155850806839
vid_000531_frame0000018.jpg,15.52382003392701,0.5996517479097939,1664.460582020761,2984.6010895610234
vid_000531_frame0000019.jpg,15.64313931904162,0.607565767730654,1620.7665722514844,2745.452062368962
vid_000531_frame0000020.jpg,15.511636287944272,0.5953555999323922,1746.0536806542175,2956.6707173562772
vid_000531_frame0000021.jpg,15.661114331642436,0.6039664777993154,1738.4641299946297,2930.106495804337
vid_000531_frame0000022.jpg,15.769023940632135,0.6084322657873854,1751.0436273226082,2929.1737547035655
vid_000531_frame0000023.jpg,15.91605218245322,0.6264586068799569,1652.15155148525,2724.1714072911745
vid_000531_frame0000024.jpg,15.920164970684867,0.6218280592337145,1714.6543734684703,2822.5044484672767
vid_000531_frame0000025.jpg,15.992079916466604,0.6273060136815031,1683.275173360917,2775.339500422178
vid_000531_frame0000026.jpg,16.139790051684294,0.6436441320730261,1480.2717715379122,2536.8456448395127
vid_000531_frame0000027.jpg,16.052850876115127,0.6308043262466705,1716.6679994250512,2718.8311860056465
vid_000531_frame0000028.jpg,16.04407072678468,0.6340805115489494,1686.1003822594041,2761.571696170737
vid_000531_frame0000029.jpg,16.080223390757183,0.6309235611183741,1616.7868872171662,2602.8744361296185
vid_000531_frame0000030.jpg,16.147438532087968,0.6356260433210067,1664.685128736651,2631.185136737068
vid_000531_frame0000031.jpg,16.08147430816523,0.6643611066381832,1492.8864506844532,2400.5090507486866
vid_000531_frame0000032.jpg,16.159104060325358,0.698171775037002,1233.8819332241483,1981.1735223828805
vid_000531_frame0000033.jpg,16.28112013111061,0.7093710328066684,1218.9014286691788,1822.5592865726064
vid_000531_frame0000034.jpg,15.189690213072504,0.6666472812189495,1355.7146311400556,1919.924908463743
vid_000531_frame0000035.jpg,15.042968002827838,0.6514838666037884,1373.484651109716,1829.1996982379994
vid_000531_frame0000036.jpg,15.716075087843164,0.6901953929479205,1215.299530314481,1687.6368386696538
vid_000531_frame0000037.jpg,15.01131003960542,0.6434664441904472,1475.6697222725625,1979.703801603012
vid_000531_frame0000038.jpg,14.99108593659061,0.641544486356194,1476.6973324011044,1893.6552333530478
vid_000531_frame0000039.jpg,15.004207201696488,0.64328009581736,1483.28825728569,1789.2434502520832
vid_000531_frame0000040.jpg,15.104859244628555,0.6504649648916881,1519.375557746728,1744.0836756253818
vid_000531_frame0000041.jpg,15.14394111168324,0.6578274246612452,1461.2365412864624,1673.3174355528993
vid_000531_frame0000042.jpg,15.752450174706606,0.6945575232935818,1287.5751681111287,1495.5985512934483
vid_000531_frame0000043.jpg,15.753977184434662,0.6664622107888166,1612.7889333825901,1954.5712780052022
vid_000531_frame0000044.jpg,15.79576967862252,0.6607207644948738,1702.2829995444831,2090.9744942869715
vid_000531_frame0000045.jpg,15.682536829548665,0.6585644789536748,1615.1960725298009,2058.9869370285774
vid_000531_frame0000046.jpg,15.80925472907537,0.6683517767965449,1498.3622974654097,1918.7143989652523
vid_000531_frame0000047.jpg,15.744038184605213,0.66366041214935,1591.7078765331767,2047.539689694903
vid_000531_frame0000048.jpg,15.559365834342103,0.6589558958078249,1576.969032382012,2043.5033752200482
vid_000531_frame0000049.jpg,15.719402767130468,0.6670719541126994,1532.4494459580596,2011.3027914853099
vid_000531_frame0000050.jpg,15.938870487391716,0.6755425172178078,1564.6462825650362,1891.8014443922357
vid_000531_frame0000051.jpg,15.638466815150391,0.6698502991481248,1501.2411740238817,1941.444696741567
vid_000531_frame0000052.jpg,15.451625887646614,0.6572637398268774,1292.0718242982525,1587.1063429806154
vid_000532_frame0000001.jpg,17.170739773084552,0.6181455203419883,1237.4150508809664,2094.48890719423
vid_000532_frame0000003.jpg,17.219018729568784,0.6525888272142724,1201.6263174938008,1954.5895387880103
vid_000532_frame0000004.jpg,16.564824064632976,0.610650618531548,1276.1510339186077,2257.3231017684116
vid_000532_frame0000005.jpg,16.779643798937048,0.6276018189309797,1236.0687882875438,2107.836594531924
vid_000532_frame0000006.jpg,16.868807652174375,0.6288935702929539,1192.2256103340058,1996.6310927069117
vid_000532_frame0000007.jpg,16.851610285284966,0.6379059407911658,1239.3252033762844,2046.6307723699351
vid_000532_frame0000008.jpg,16.748576831042698,0.6249392250441014,1271.5497211531595,2139.3308027046814
vid_000532_frame0000009.jpg,17.122649257212498,0.6543743988206095,1157.8491577786483,1804.295130132417
vid_000532_frame0000010.jpg,16.5231115873072,0.6075820207496898,1274.49763424312,2176.864429257587
vid_000532_frame0000011.jpg,16.8850591918967,0.6295406706073777,1181.9252692121947,1970.6002241174647
vid_000532_frame0000041.jpg,14.722251866926165,0.5279794592598374,1561.4421648180946,3065.467139250623
vid_000532_frame0000042.jpg,15.117230904926197,0.5509091852258869,1225.0060403044283,2292.19674163937
vid_000532_frame0000043.jpg,15.082352992084449,0.5700482179888771,1125.538710505281,1988.6057833583673
vid_000532_frame0000044.jpg,14.576548038061958,0.5435488372618645,1557.7499675368047,3147.2385335166723
vid_000532_frame0000046.jpg,15.015435912363703,0.5799495062310468,973.7137108493341,2049.596716567165
vid_000532_frame0000047.jpg,14.636740182265447,0.562329139900534,1122.3834874173444,2352.763394269477
vid_000532_frame0000048.jpg,14.366792304231877,0.5584949277898416,1206.5359248223147,2202.1534508374343
vid_000532_frame0000049.jpg,14.57609392248936,0.5654261212261426,1108.5771816762594,1741.3328075409684
vid_000532_frame0000050.jpg,14.194958966475063,0.5394200974832876,1274.9900323275854,2356.2149472566343
vid_000532_frame0000053.jpg,14.624973495478141,0.578522464379456,1057.6491779832336,1802.6352931189022
vid_000532_frame0000054.jpg,14.676662719737516,0.6011376482174,925.2013434298292,1461.2200700560095
vid_000532_frame0000055.jpg,15.113044753266063,0.6357167241058966,858.3889838589035,1157.7030155161042
vid_000532_frame0000060.jpg,14.308451148902698,0.5591012902605819,1216.951754395258,2409.020091033672
vid_000532_frame0000072.jpg,14.341809016150425,0.5590928045700321,1202.9167040101684,2426.061787444442
vid_000532_frame0000073.jpg,14.454424579294137,0.5840090183868237,1007.0626946583999,1961.1521155676103
vid_000532_frame0000074.jpg,14.870820088874225,0.6148522714904384,1241.6440039983331,1448.2044030603306
vid_000532_frame0000075.jpg,14.598441419215204,0.5905577885407134,1047.4012231795923,1819.1478550211423
vid_000532_frame0000076.jpg,14.472343208011143,0.5802650616808376,1073.9697058609495,1915.9507100234505
vid_000532_frame0000077.jpg,14.262637826538905,0.5572294126862324,1181.6621343918455,2234.5413834910646
vid_000532_frame0000116.jpg,14.78051178369919,0.6280855287784562,749.5403057115756,1186.003421869457
vid_000532_frame0000117.jpg,14.089934173264595,0.5507809500814944,980.1347897932644,2125.6107743623534
vid_000532_frame0000118.jpg,14.757550749537423,0.5988630767866662,831.4601907270289,1668.2528364993461
vid_000532_frame0000119.jpg,14.607543978523731,0.5867207181166849,871.6386610917542,1809.933474761245
vid_000532_frame0000120.jpg,14.539117878207533,0.5778590396371132,869.7867020285959,1837.7166900551874
vid_000532_frame0000122.jpg,15.199264420148001,0.6385190073018303,767.8038656273587,1237.3447438147982
vid_000532_frame0000123.jpg,15.457663960592416,0.6585846245189815,766.5309426656934,1257.3773086084113
vid_000532_frame0000124.jpg,15.417687422387878,0.6650457850202215,774.6945830252538,1176.6602930928814
vid_000532_frame0000125.jpg,15.124696645173186,0.6151569632277311,846.3852795733708,1344.48287319899
vid_000532_frame0000134.jpg,14.807720316275216,0.5851819145056711,873.3337992436815,1613.7011640042376
vid_000532_frame0000150.jpg,14.533881129107357,0.5894259880208726,831.7895466051017,1764.4695203485874
vid_000532_frame0000151.jpg,14.91848006133742,0.5980193635364193,927.3691608497386,1711.2278039802618
vid_000532_frame0000152.jpg,14.521558024244033,0.5627453713862778,1213.0444378838124,2230.306728725221
vid_000532_frame0000154.jpg,14.893480527496672,0.5779657877362373,1268.04188400763,2648.8418327173617
vid_000532_frame0000155.jpg,15.149988652909759,0.6014869408100321,1156.1364039206626,2343.229956051129
vid_000532_frame0000156.jpg,15.235567802694234,0.6208295010566807,1098.4014428040016,2227.872614566934
vid_000532_frame0000157.jpg,14.615795779814654,0.5501203775991974,1473.1363971430321,2957.898959618797
vid_000532_frame0000160.jpg,14.952095685095886,0.5932465542611772,1151.007841610429,2379.193328051121
vid_000532_frame0000161.jpg,14.916678848824972,0.5732959818717597,1234.6295529002998,2491.7732620057736
vid_000532_frame0000162.jpg,14.806156311701269,0.5623554919908197,1341.6775158529317,2646.500877886463
vid_000532_frame0000168.jpg,16.021279701043774,0.6014049521895624,834.2821676920286,1623.468202353947
vid_000532_frame0000169.jpg,16.67548494434983,0.6708487232138709,732.0775004798395,1151.0249083152744
vid_000532_frame0000170.jpg,17.832411143869535,0.7662254071294554,794.8693170214375,883.3462026648494
vid_000532_frame0000172.jpg,18.10569063865075,0.7889087857075392,793.5078691818103,880.0622664568882
vid_000532_frame0000173.jpg,16.076013293465927,0.6080553096997631,932.022208158894,1488.4665436161267
vid_000532_frame0000174.jpg,16.044999993962048,0.6054928210972778,911.2681698222552,1438.8078575886154
vid_000532_frame0000178.jpg,15.804716934602308,0.5876262770386935,939.5510375405233,1635.5474247161642
vid_000532_frame0000198.jpg,15.898815500535065,0.5949149396068071,930.2438984521598,1535.6389496468703
vid_000532_frame0000200.jpg,15.88736626193796,0.5876635192675633,953.6846879919991,1627.8714588996147
vid_000532_frame0000201.jpg,15.931253850398848,0.5929331794087714,931.6572280258531,1553.0302059125897
vid_000532_frame0000203.jpg,16.437082980616598,0.6461833158383924,819.52333715705,1260.3630212740507
vid_000532_frame0000204.jpg,16.412999035794883,0.6310609195302894,820.1302154637101,1440.7654732155452
vid_000532_frame0000205.jpg,16.195857987447802,0.6259638861215758,844.6149820917168,1516.0921959255047
vid_000532_frame0000206.jpg,16.32510371314408,0.6285718720327697,754.642680961518,1461.8936392955602
vid_000532_frame0000207.jpg,16.820884105770183,0.6301098546959651,785.1324841120806,1533.1306510797003
vid_000533_frame0000001.jpg,19.193023974370686,0.8324094106910939,718.6207402772548,728.958308531948
vid_000533_frame0000003.jpg,19.56664446175276,0.8710479070335948,712.520378644914,728.3987723336493
vid_000533_frame0000004.jpg,19.676315578333487,0.8476240063257969,718.0601442825437,712.0647118725007
vid_000533_frame0000005.jpg,19.749217926000824,0.8568044935815863,717.0542449030843,691.5032331747998
vid_000533_frame0000006.jpg,19.72838560904872,0.8381676228934195,737.3126999192032,728.3223495524512
vid_000539_frame0000019.jpg,18.524111307796247,0.8465079983052847,922.4156072014299,686.9891089375858
vid_000539_frame0000020.jpg,18.623830995984438,0.8451186932813005,932.5342792996806,690.5853524950109
vid_000539_frame0000021.jpg,18.61718198525485,0.8539088748710376,922.4829278284748,695.5798287339791
vid_000539_frame0000022.jpg,18.543414688117903,0.8517368188588739,889.9353084862196,705.7095262687135
vid_000539_frame0000046.jpg,18.70914744470088,0.8550746553400007,903.6968576439017,760.9212507621207
vid_000539_frame0000047.jpg,18.90249839000329,0.8551769055889906,933.7568302576,723.9953969400096
vid_000539_frame0000048.jpg,18.501314851991097,0.8469731233487549,917.6297053424831,754.8044330908727
vid_000539_frame0000049.jpg,18.60234763980867,0.8369955454557725,912.7677966037896,784.0791203189523
vid_000539_frame0000050.jpg,18.59117303675926,0.8273301572993413,949.7719901965953,784.0606937025449
vid_000539_frame0000051.jpg,18.52413777130369,0.8296805621483992,983.4609152483202,780.8624930210656
vid_000539_frame0000052.jpg,18.576794150206773,0.829313169514409,1007.1081000952081,818.168604863706
vid_000539_frame0000053.jpg,18.508410042458927,0.8247212004295359,983.2821050479539,805.12188342229
vid_000539_frame0000054.jpg,18.481096814731718,0.8274493463634475,985.92498259668,815.8077055213377
vid_000539_frame0000055.jpg,18.67991325610455,0.831280810019669,976.2786551484046,799.2329957871538
vid_000539_frame0000056.jpg,18.56285721966673,0.8364471804829484,950.2710979995381,741.2049237607716
vid_000539_frame0000057.jpg,18.52577859133514,0.8294800142664966,968.300557702812,816.7200215294313
vid_000539_frame0000058.jpg,18.597297541920977,0.8321603194608732,951.9048349004166,810.0943103876075
vid_000539_frame0000059.jpg,18.74376131031368,0.8471408362307198,966.5841192363293,702.9117953832025
vid_000539_frame0000060.jpg,18.536003784539016,0.8265939126015024,989.0050631469942,816.6930475760846
vid_000539_frame0000061.jpg,18.654568954644514,0.8294657598027145,984.9218502549204,810.0600004319314
vid_000539_frame0000062.jpg,18.630601877617366,0.8288994822485977,1007.8822922576377,810.0205549606001
vid_000539_frame0000063.jpg,18.475770598623413,0.8279104093585931,973.2596207145416,799.199571268157
vid_000539_frame0000064.jpg,18.38888528662607,0.8304714232955562,979.1107067621865,809.9739571074249
vid_000539_frame0000065.jpg,18.568851488652772,0.8328944662364002,996.8605853632637,773.9951650637307
vid_000539_frame0000066.jpg,18.60674604907783,0.8357409280975278,975.529280939206,773.7620191681164
vid_000539_frame0000067.jpg,18.769376029862556,0.837086958671307,964.2447884242249,762.4397852926643
vid_000539_frame0000068.jpg,18.728325826314205,0.8356763599005755,943.2434502251635,764.5431660068743
vid_000539_frame0000069.jpg,18.656241845832014,0.8342609968278708,917.7144612665022,736.9034537311128
vid_000539_frame0000070.jpg,18.669089952943885,0.8317102986168973,960.1471084649311,767.2203595448095
vid_000539_frame0000071.jpg,18.50097382191009,0.8197067527493322,983.3469527723679,767.7423989717258
vid_000539_frame0000072.jpg,18.831984792289052,0.8434389691527523,1018.1645813287125,756.3619140523398
vid_000539_frame0000073.jpg,18.596088197551886,0.8173665339010693,976.8903979980942,736.3164678434688
vid_000539_frame0000074.jpg,18.891329436645908,0.8469269768475183,936.0829745111248,726.6641881201059
vid_000539_frame0000075.jpg,18.523130302949987,0.8250008967747542,925.9022181438243,749.258846143043
vid_000539_frame0000076.jpg,18.796954023824426,0.8637487908316356,927.8968761731471,694.8263755367719
vid_000542_frame0000008.jpg,17.992601559545115,0.7999122714997405,806.477929568729,773.3838106791537
vid_000547_frame0000009.jpg,18.083413964633962,0.8438301822349473,897.9711523656123,723.8406890748087
vid_000547_frame0000010.jpg,18.25777984179647,0.8382966901922201,916.2663572684513,727.9191856449885
vid_000547_frame0000011.jpg,18.143158782459707,0.848877508910642,901.1125725250786,734.8285424705812
vid_000547_frame0000012.jpg,18.20854763969484,0.839148686275629,901.5462134906551,747.4670916429474
vid_000547_frame0000013.jpg,18.148168549755933,0.8473050319318721,884.8252042068175,753.7525081680847
vid_000547_frame0000014.jpg,18.081452089825493,0.8362207295736811,895.3501769024049,755.6779713609709
vid_000547_frame0000015.jpg,18.143885569679988,0.8430100942005571,880.7330801876506,754.419977451817
vid_000547_frame0000016.jpg,18.13274412540433,0.8475958801474149,865.0319634543539,741.6687138373258
vid_000547_frame0000017.jpg,18.116668881020612,0.8438904190130838,862.68922504043,739.1562483760233
vid_000547_frame0000018.jpg,18.160087194429217,0.8360022360056747,876.8109808986519,740.7893294190542
vid_000547_frame0000019.jpg,18.073254371370076,0.8489533979012055,870.0894622730151,727.7360690759969
vid_000547_frame0000020.jpg,18.21629290512592,0.8348262294559188,883.9153650248292,732.1683217266425
vid_000547_frame0000021.jpg,18.074934956268173,0.8427459210035808,905.9517592817556,743.5187694633371
vid_000547_frame0000022.jpg,18.040009234449947,0.8370469627674724,919.5891808245818,732.7856000614413
vid_000547_frame0000023.jpg,17.81216747367064,0.8472417532197731,860.5220230894255,727.5326657628923
vid_000548_frame0000013.jpg,19.01205466178733,0.8743423279748544,784.6692656667639,813.1225015701701
vid_000548_frame0000014.jpg,18.974638087238404,0.8639152660467383,789.1335876059779,816.406237925572
vid_000548_frame0000015.jpg,18.95425464763086,0.8752224410143237,787.503038971364,820.4188863561371
vid_000548_frame0000016.jpg,18.854060180343186,0.865585719411178,782.5766749755659,824.1444002823447
vid_000550_frame0000001.jpg,17.491275424914072,0.7052409704637471,1234.788396806219,1230.1206716821375
vid_000550_frame0000003.jpg,17.67235865308631,0.740378215959503,1224.827171343925,1167.2855576252334
vid_000550_frame0000004.jpg,17.53556208658164,0.7300433016788492,1237.0995620064473,1215.2653132233754
vid_000550_frame0000005.jpg,17.44898830669818,0.7320769452818953,1274.5814930180763,1212.476484226916
vid_000550_frame0000011.jpg,17.93737595060081,0.7393837695409756,1100.9120154456891,1016.3792819906398
vid_000550_frame0000020.jpg,18.000367948871784,0.7571077924278492,990.8981584773453,894.8530088576404
vid_000550_frame0000021.jpg,18.09105823015804,0.7607147595591545,1012.1250414124144,813.9005015660366
vid_000550_frame0000022.jpg,18.066349920968044,0.7611532961477764,990.2233295622663,812.2796981973638
vid_000550_frame0000023.jpg,18.172567885505867,0.757652923222018,1042.1442546432172,840.4404966096574
vid_000550_frame0000025.jpg,18.017163058226643,0.7858746743116708,1001.4138449126725,971.7512888471302
vid_000550_frame0000026.jpg,17.802727488722464,0.7982491596606986,909.9687270064542,1115.3851009519947
vid_000550_frame0000027.jpg,16.64356795178751,0.7211919762262592,982.4283951439788,1278.417227846725
vid_000550_frame0000028.jpg,15.711856631466407,0.6927480374668681,988.5992350361428,1517.662836691311
vid_000550_frame0000029.jpg,16.188832607575982,0.7100631012570252,987.3940356312128,1063.7884615973105
vid_000550_frame0000030.jpg,15.758141687785564,0.6884695825901669,1082.2633820365843,1306.0714851305431
vid_000550_frame0000031.jpg,15.746794213115415,0.6875457274154062,1027.0307204308529,1273.3165729245598
vid_000550_frame0000032.jpg,15.646305034449707,0.6884667962136947,1051.780354775065,1469.5953796085355
vid_000550_frame0000033.jpg,15.781482422363238,0.6954896990959741,1024.91168192871,1421.3800360180687
vid_000550_frame0000044.jpg,15.694733220731909,0.6759779403715331,1171.2462884373256,1981.1511061213632
vid_000551_frame0000001.jpg,17.77668641447717,0.7590236947500902,968.8006732014643,957.2681294038274
vid_000551_frame0000003.jpg,17.785686059611734,0.7724689214693908,977.9382946492644,1025.8252236768417
vid_000551_frame0000004.jpg,17.652519364220648,0.7634760436092624,985.1793227187735,1056.3311887609818
vid_000551_frame0000061.jpg,18.377365109332708,0.7816062498531874,747.487486700401,899.1269348207226
vid_000551_frame0000062.jpg,18.309839964380792,0.7318064949886592,776.7706596464534,947.2846642544658
vid_000551_frame0000063.jpg,18.353018772800738,0.7541475454794991,776.0063097095758,908.6109220296544
vid_000551_frame0000064.jpg,18.17313226512664,0.7316554067191211,793.9525044075469,918.8599671534747
vid_000551_frame0000065.jpg,18.224061971420372,0.7440432624792538,789.1987584898527,907.307255927275
vid_000551_frame0000067.jpg,18.13578288699259,0.7201620276629472,809.9441476022404,951.9288713324462
vid_000551_frame0000068.jpg,18.242945743606526,0.7202065331251486,796.2419657093047,951.1503603013967
vid_000551_frame0000069.jpg,18.306312741835363,0.7296386436438554,772.4304384528825,927.2492733726588
vid_000551_frame0000070.jpg,18.357970251757965,0.7225584086293422,777.7061600193231,913.9641158612245
vid_000551_frame0000071.jpg,18.174795625927977,0.7205459643352751,794.9032642410145,938.8337520087343
vid_000551_frame0000072.jpg,18.171336506985597,0.7256410337193119,782.8368775255316,926.7030104063386
vid_000551_frame0000075.jpg,18.488807854666383,0.7262843500129751,787.5341642069594,967.7287764661766
vid_000551_frame0000076.jpg,18.54213446582127,0.7162414270318598,778.5658554009353,998.9355421629796
vid_000551_frame0000082.jpg,18.3210825681556,0.8174589576997137,800.9714531260593,710.2191627224328
vid_000551_frame0000084.jpg,18.142105960528305,0.8411839384419983,763.806690660793,737.971007618587
vid_000551_frame0000085.jpg,18.153237390343488,0.8334897645029682,770.4619734834629,724.5220870036914
vid_000551_frame0000086.jpg,18.436193892226697,0.8450731588164818,818.5574413480001,645.7103858526006
vid_000551_frame0000087.jpg,17.98761355674731,0.8182434726261096,866.7626948662095,692.6860738132608
vid_000551_frame0000088.jpg,17.979453664264668,0.8162324857992752,856.3196915494086,703.6633736561097
vid_000551_frame0000089.jpg,17.955081236141737,0.8308566434424342,795.3019037913143,689.9923279916948
vid_000551_frame0000090.jpg,18.00517794441335,0.8311324552770843,744.6867611775631,803.7807143681981
vid_000551_frame0000091.jpg,18.571772425879036,0.8393211380841237,759.9375160207694,743.1776412426009
vid_000551_frame0000095.jpg,18.04818790109126,0.7581504486655325,898.1449952868346,924.2286130996365
vid_000551_frame0000098.jpg,17.988282019274344,0.7643173429674679,863.9236546914782,882.7887775334929
vid_000551_frame0000103.jpg,18.08652781026109,0.7655675927142341,884.85764717343,922.5484291135307
vid_000551_frame0000109.jpg,18.071467092524646,0.7941096000582121,891.5791057742061,849.6949530835459
vid_000551_frame0000110.jpg,18.13049898769829,0.8035102327632887,884.9388653429297,836.9668897510828
vid_000551_frame0000111.jpg,18.216723858645206,0.8105416661991338,837.6978786602419,828.1077959291401
vid_000551_frame0000114.jpg,17.92894526194068,0.7616600449241101,838.2556854479072,860.5132305026801
vid_000551_frame0000120.jpg,17.954592479407445,0.7736217195644904,865.1385281017731,862.9796900350439
vid_000551_frame0000121.jpg,18.063197814201562,0.766313873668088,846.9894955348221,868.7102081897033
vid_000551_frame0000122.jpg,18.120475958654684,0.7677736392886053,859.1445921858096,860.7950409117641
vid_000551_frame0000123.jpg,18.360344476367892,0.7820925773183643,849.8697290278,899.8513637677227
vid_000551_frame0000124.jpg,18.256314943272706,0.8192290340344516,806.9460976179246,823.3904334957069
vid_000551_frame0000125.jpg,18.451329835997996,0.8343116204047977,786.4082444241833,744.7231356026784
vid_000552_frame0000097.jpg,17.708810384475417,0.7200478501931457,1512.0042884688573,1579.566356925112
vid_000552_frame0000098.jpg,17.83138460741085,0.7440211234479094,1464.46441773981,1477.6964568196286
vid_000552_frame0000099.jpg,17.859008145753933,0.7347820118119937,1448.2789151589013,1514.0732264382395
vid_000552_frame0000100.jpg,17.979908286453558,0.7432017583925798,1470.4599027003374,1449.9468875654525
vid_000552_frame0000101.jpg,17.766734976984303,0.718300000398378,1523.5369373436108,1565.1129327229485
vid_000552_frame0000102.jpg,17.879941094229025,0.7392535931852827,1416.767516823462,1454.8486552515828
vid_000552_frame0000103.jpg,17.934076481028356,0.7371916946295508,1407.774817051714,1533.2575161359493
vid_000552_frame0000104.jpg,17.81538285062653,0.7307215451218281,1287.126091107027,1426.9084999272281
vid_000552_frame0000105.jpg,17.79029549591381,0.7171274758611226,1229.7619984192675,1416.6595562590683
vid_000552_frame0000106.jpg,18.288645278928307,0.7236363596650989,1132.4009419305696,1338.3557429544642
vid_000552_frame0000107.jpg,18.101153268632665,0.7009681894534019,1234.334244765108,1544.5542842855984
vid_000552_frame0000108.jpg,17.914192877772813,0.6880265892097984,1246.623565999891,1487.7777400432337
vid_000552_frame0000109.jpg,17.909586600658585,0.699404788929583,1195.8084925307683,1414.6253778366681
vid_000552_frame0000110.jpg,18.06014803319423,0.7183769703408096,1205.7046556378732,1292.340944752476
vid_000552_frame0000111.jpg,17.783259311305258,0.7311661889236584,1273.4332134300855,1320.777629048096
vid_000552_frame0000112.jpg,17.922755353145053,0.7313597678028404,1302.6241685376888,1341.3311318217081
vid_000552_frame0000113.jpg,17.932391830103512,0.73155664303288,1308.0684196457598,1358.5841889493763
vid_000552_frame0000114.jpg,17.7742652234464,0.6974542519254833,1358.2455775285866,1522.6803300202273
vid_000552_frame0000115.jpg,17.72712090829787,0.6898473854590937,1378.6456297061752,1552.060566073032
vid_000553_frame0000004.jpg,18.145157838116294,0.6271163927501999,880.9917848630087,1831.5514519414985
vid_000553_frame0000005.jpg,18.16391047987352,0.6407801505317622,879.3182205557157,1768.6323892146088
vid_000553_frame0000006.jpg,18.448826432317777,0.668698329740031,770.6240169048268,1471.1903864537112
vid_000553_frame0000007.jpg,17.912076360059096,0.6323120706748825,823.8865788379561,1628.7825735050674
vid_000553_frame0000008.jpg,17.86986312707905,0.6339815522849869,829.2517451526734,1586.8645020037122
vid_000553_frame0000009.jpg,17.896634223749423,0.6440530127399194,746.5808220916304,1424.0455463243968
vid_000553_frame0000010.jpg,17.531014689629853,0.615390923489727,826.1614574503145,1634.0422571376864
vid_000553_frame0000011.jpg,17.515034283454234,0.6208733448098213,859.7618012478865,1707.6232398307486
vid_000553_frame0000012.jpg,17.243751958200928,0.6195830690849237,915.9731419260098,1890.3319400739738
vid_000553_frame0000013.jpg,16.93036389460509,0.6009184639653596,989.0169360329247,2072.1995931859306
vid_000553_frame0000014.jpg,16.973362810252006,0.6126089095190593,932.2635997985956,1800.8254883353507
vid_000553_frame0000015.jpg,16.76192813686398,0.6006127904306017,1014.5683305069375,2065.803007937553
vid_000553_frame0000016.jpg,16.957989354759555,0.6300028984773557,894.1195112920749,1714.6935066676963
vid_000553_frame0000017.jpg,16.83461449512949,0.6127611615076497,950.7434322647541,1784.0387517560403
vid_000553_frame0000018.jpg,16.637265756018284,0.6061389697307692,959.1276597510646,1812.7022790066342
vid_000553_frame0000019.jpg,16.563184162579017,0.6128161275052347,946.1498686716188,1722.1015661465635
vid_000553_frame0000020.jpg,16.046968351071705,0.5810167297655743,1096.7381869589835,2102.575584342811
vid_000553_frame0000021.jpg,16.399885637589286,0.6077471271518234,1027.1188363083334,1855.628778412155
vid_000553_frame0000022.jpg,16.259548164424046,0.5934438470306583,1071.744727852789,1997.8826137050225
vid_000553_frame0000023.jpg,16.443611751222257,0.6152738864008837,1038.0513615877373,1726.7390722774082
vid_000553_frame0000024.jpg,16.374192268090066,0.6102156359739771,991.2214726995009,1644.1715507774297
vid_000553_frame0000025.jpg,16.54016060186424,0.6246160691929576,945.1286822307165,1495.2440764540636
vid_000553_frame0000026.jpg,16.686981496953464,0.6355407706679387,849.605730314639,1493.4516296986933
vid_000553_frame0000027.jpg,16.558396364242977,0.6138220692615045,957.4077482878849,1815.7517286143095
vid_000553_frame0000028.jpg,16.805908450438764,0.6212355309872616,907.9595674448999,1714.9899951497493
vid_000553_frame0000029.jpg,16.764741933092363,0.622285256965232,858.0267231420529,1634.8855373904637
vid_000553_frame0000030.jpg,16.63883741942209,0.6059008864898978,930.0497542863593,1723.392540884265
vid_000553_frame0000033.jpg,17.028723542474985,0.6359785618645578,858.0153617346307,1610.609617483518
vid_000553_frame0000034.jpg,17.111522643414958,0.6374668813063293,868.4097927863955,1652.1635840887593
vid_000553_frame0000035.jpg,17.23417401698446,0.6377072302883439,832.9812546325746,1686.2229244829452
vid_000553_frame0000036.jpg,17.319635272231533,0.6714668025065559,773.2795472540669,1364.510101629673
vid_000553_frame0000037.jpg,16.45766246471275,0.5910660745256154,1087.3042001600966,2021.696085547742
vid_000555_frame0000018.jpg,17.20510025494255,0.6795757200090354,927.3910500263138,1371.0679320728295
vid_000555_frame0000019.jpg,17.46904258962107,0.7139308716862071,819.8538359864219,1228.2938817291217
vid_000555_frame0000020.jpg,17.13745815416736,0.685039970195878,903.4162243470809,1343.0807489609047
vid_000555_frame0000021.jpg,17.297978906950767,0.6983304478451783,828.9386698598381,1225.4087415560998
vid_000555_frame0000022.jpg,17.05195532513624,0.6823907422437033,885.8424801297083,1345.29839375672
vid_000555_frame0000023.jpg,17.181468671941325,0.6887818876802075,881.207788408643,1273.3415653250836
vid_000555_frame0000024.jpg,17.29932636104816,0.6820356900101429,913.8376945116087,1282.5164165995752
vid_000555_frame0000025.jpg,17.53807727472743,0.6957901583244248,845.7523728468898,1207.4774304329662
vid_000555_frame0000026.jpg,17.57783226983278,0.6969409586583794,833.369872795756,1216.6799600009367
vid_000555_frame0000027.jpg,17.52569559371198,0.7004176630147431,899.020865961385,1256.226536831222
vid_000555_frame0000028.jpg,17.18193598764765,0.6828515113616106,908.2760063697398,1356.534739180757
vid_000555_frame0000030.jpg,17.171584517493667,0.6639331011537033,931.9210810863724,1372.9528508401825
vid_000555_frame0000032.jpg,17.133141124694742,0.6861450674795998,886.1615895130766,1333.0415165819904
vid_000555_frame0000033.jpg,17.248048959266615,0.6929894300318419,835.8118256342988,1401.007409461767
vid_000555_frame0000034.jpg,17.158245762430724,0.6722003273780052,875.9030768380188,1555.272484450754
vid_000555_frame0000035.jpg,17.440648829259015,0.6724472396888662,827.6643191568844,1606.4172706195234
vid_000555_frame0000036.jpg,17.188230871848234,0.6592229607798328,939.2936359963744,1830.5152495529974
vid_000555_frame0000037.jpg,16.594428053495044,0.6174655617711393,1192.7685283324734,2356.4223077198963
vid_000555_frame0000038.jpg,16.55777591314556,0.6145393502253723,1246.8830528739807,2373.8398880636796
vid_000555_frame0000039.jpg,16.633129076595033,0.6148667200607115,1183.1516459487493,2275.1853326997875
vid_000555_frame0000040.jpg,16.340029258800296,0.6046109711485547,1268.5001076965682,2490.264750464533
vid_000555_frame0000041.jpg,16.273676083880332,0.6040212016999784,1281.3088586853407,2516.398874160074
